Case,Seed,Method,TrajectoryRelativeL2,FinalFrameRelativeL2,LocalCalls
803,42,CoarseOnly,0.1127519607543945,0.1735717803239822,0
835,42,CoarseOnly,0.0450989678502082,0.0498077534139156,0
871,42,CoarseOnly,0.0451874285936355,0.0570251569151878,0
979,42,CoarseOnly,0.0890691727399826,0.1483985185623169,0
980,42,CoarseOnly,0.0899778008460998,0.15061716735363,0
834,42,CoarseOnly,0.0438562519848346,0.1083526313304901,0
829,42,CoarseOnly,0.1010394394397735,0.1668081283569336,0
981,42,CoarseOnly,0.0462502315640449,0.06028813123703,0
808,42,CoarseOnly,0.0639886036515235,0.0583104118704795,0
965,42,CoarseOnly,0.04787103459239,0.0618509761989116,0
934,42,CoarseOnly,0.0664504244923591,0.0615600980818271,0
971,42,CoarseOnly,0.0702369064092636,0.0718138366937637,0
861,42,CoarseOnly,0.5049211978912354,0.4907531440258026,0
977,42,CoarseOnly,0.0742009133100509,0.0884079784154892,0
990,42,CoarseOnly,0.0580607615411281,0.0582800172269344,0
828,42,CoarseOnly,0.0443336442112922,0.1643525063991546,0
858,42,CoarseOnly,0.1247931793332099,0.1755669713020324,0
938,42,CoarseOnly,0.4743615388870239,0.1709764897823333,0
976,42,CoarseOnly,0.0438575744628906,0.1132705435156822,0
955,42,CoarseOnly,0.0438669212162494,0.1192457601428031,0
872,42,CoarseOnly,0.1013491302728653,0.1670658886432647,0
867,42,CoarseOnly,0.0728981643915176,0.0824491083621978,0
841,42,CoarseOnly,0.0439637079834938,0.0881914943456649,0
830,42,CoarseOnly,0.0444373898208141,0.0546298660337924,0
946,42,CoarseOnly,0.4275102019309997,0.1509050726890564,0
952,42,CoarseOnly,0.0441376790404319,0.1512346267700195,0
923,42,CoarseOnly,0.0450645685195922,0.0513173639774322,0
925,42,CoarseOnly,0.0448961220681667,0.1932251304388046,0
953,42,CoarseOnly,0.0440359450876712,0.1429847627878189,0
846,42,CoarseOnly,0.1230190694332122,0.163366287946701,0
930,42,CoarseOnly,0.0647900700569152,0.0589415840804576,0
863,42,CoarseOnly,0.0451322570443153,0.0459165759384632,0
899,42,CoarseOnly,0.0584716312587261,0.0580541528761386,0
821,42,CoarseOnly,0.0638343691825866,0.0581470802426338,0
910,42,CoarseOnly,0.1204762756824493,0.1754593104124069,0
921,42,CoarseOnly,0.1359737664461136,0.1705840528011322,0
909,42,CoarseOnly,0.1322706639766693,0.1732737720012664,0
843,42,CoarseOnly,0.085072673857212,0.1365880966186523,0
902,42,CoarseOnly,0.0594527423381805,0.0576557666063308,0
957,42,CoarseOnly,0.0450848825275898,0.042886096984148,0
852,42,CoarseOnly,0.0634806603193283,0.0578387007117271,0
856,42,CoarseOnly,0.1365016251802444,0.1726606041193008,0
906,42,CoarseOnly,0.1026196405291557,0.1680749952793121,0
869,42,CoarseOnly,0.0846870169043541,0.1352310478687286,0
839,42,CoarseOnly,0.0560482256114482,0.0593462623655796,0
908,42,CoarseOnly,0.096331775188446,0.1618287563323974,0
832,42,CoarseOnly,0.0458662435412406,0.232314258813858,0
907,42,CoarseOnly,0.0556733980774879,0.0596172735095024,0
920,42,CoarseOnly,0.4541939496994018,0.1541792899370193,0
837,42,CoarseOnly,0.0659017488360405,0.0606127679347991,0
864,42,CoarseOnly,0.1221530213952064,0.1642296463251114,0
875,42,CoarseOnly,0.0493442676961422,0.0622104555368423,0
935,42,CoarseOnly,0.1751206517219543,0.1553149074316024,0
967,42,CoarseOnly,0.0618176348507404,0.0572086758911609,0
900,42,CoarseOnly,0.229580283164978,0.1589222997426986,0
891,42,CoarseOnly,0.0451430566608905,0.0568703301250934,0
927,42,CoarseOnly,0.046504758298397,0.0608030036091804,0
956,42,CoarseOnly,0.1636018306016922,0.157632902264595,0
964,42,CoarseOnly,0.0788579583168029,0.1108196452260017,0
806,42,CoarseOnly,0.0451123341917991,0.2027093917131424,0
983,42,CoarseOnly,0.1282828599214553,0.1749317646026611,0
888,42,CoarseOnly,0.4356209337711334,0.1470640748739242,0
845,42,CoarseOnly,0.1049134731292724,0.169672429561615,0
929,42,CoarseOnly,0.0843033567070961,0.1338844448328018,0
865,42,CoarseOnly,0.0525455698370933,0.0612718202173709,0
939,42,CoarseOnly,0.0769551992416381,0.1016766503453254,0
995,42,CoarseOnly,0.046120747923851,0.0602284558117389,0
932,42,CoarseOnly,0.0450910590589046,0.043190773576498,0
993,42,CoarseOnly,0.0497029237449169,0.0620881579816341,0
918,42,CoarseOnly,0.1275029778480529,0.1751163750886917,0
949,42,CoarseOnly,0.0450209826231002,0.0420993790030479,0
951,42,CoarseOnly,0.0557791441679,0.0596384145319461,0
842,42,CoarseOnly,0.1372341811656952,0.1757014691829681,0
985,42,CoarseOnly,0.1336314231157302,0.1630894839763641,0
827,42,CoarseOnly,0.0759962201118469,0.0970064252614975,0
866,42,CoarseOnly,0.0463696159422397,0.0605478957295417,0
820,42,CoarseOnly,0.0497960001230239,0.0620399676263332,0
836,42,CoarseOnly,0.0533606000244617,0.0609332248568534,0
853,42,CoarseOnly,0.0498915314674377,0.0621549412608146,0
897,42,CoarseOnly,0.0566776245832443,0.0589636489748954,0
800,42,CoarseOnly,0.0438915602862834,0.0982576832175254,0
824,42,CoarseOnly,0.0635541155934333,0.0579117164015769,0
913,42,CoarseOnly,0.0732421278953552,0.0839887261390686,0
978,42,CoarseOnly,0.1150317713618278,0.1743091940879821,0
849,42,CoarseOnly,0.0599133744835853,0.0574575141072273,0
813,42,CoarseOnly,0.0587161183357238,0.0579274632036685,0
962,42,CoarseOnly,0.1083760410547256,0.1716067045927047,0
879,42,CoarseOnly,0.0450308099389076,0.0542060025036335,0
823,42,CoarseOnly,0.0941688790917396,0.1587296724319458,0
968,42,CoarseOnly,0.0860654860734939,0.139874592423439,0
997,42,CoarseOnly,0.1221003904938697,0.1642501503229141,0
892,42,CoarseOnly,0.3569349944591522,0.1830396503210067,0
840,42,CoarseOnly,0.0773863866925239,0.1037409082055091,0
826,42,CoarseOnly,0.0446355529129505,0.1807942390441894,0
895,42,CoarseOnly,0.5099113583564758,1.9790400266647337,0
915,42,CoarseOnly,0.0451004728674888,0.0436473153531551,0
903,42,CoarseOnly,0.0439444817602634,0.133520245552063,0
991,42,CoarseOnly,0.0520563460886478,0.0614683851599693,0
804,42,CoarseOnly,0.0453447736799716,0.212362602353096,0
970,42,CoarseOnly,0.0939055532217025,0.1583121567964553,0
803,42,RandomMacro,0.1127389073371887,0.1574861109256744,76
835,42,RandomMacro,0.0468475930392742,0.1059920117259025,76
871,42,RandomMacro,0.0463271252810955,0.0814272463321685,76
979,42,RandomMacro,0.08953158557415,0.1362857818603515,76
980,42,RandomMacro,0.0926313772797584,0.1357406973838806,76
834,42,RandomMacro,0.0444430001080036,0.1167587041854858,76
829,42,RandomMacro,0.1028642132878303,0.1507397890090942,76
981,42,RandomMacro,0.0472204759716987,0.0827629417181015,76
808,42,RandomMacro,0.0685700178146362,0.068809688091278,76
965,42,RandomMacro,0.0503745749592781,0.0735267102718353,76
934,42,RandomMacro,0.0683267638087272,0.0765090137720108,76
971,42,RandomMacro,0.0722347423434257,0.0919010788202285,76
861,42,RandomMacro,0.6072388291358948,1.5605106353759766,76
977,42,RandomMacro,0.0747585073113441,0.0938315242528915,76
990,42,RandomMacro,0.0581510365009307,0.0698272362351417,76
828,42,RandomMacro,0.0452944599092006,0.152171179652214,76
858,42,RandomMacro,0.1280416548252105,0.151777982711792,76
938,42,RandomMacro,0.600620448589325,0.3195509910583496,76
976,42,RandomMacro,0.045171957463026,0.1385758221149444,76
955,42,RandomMacro,0.0450109504163265,0.1177562028169632,76
872,42,RandomMacro,0.1012847945094108,0.1480036973953247,76
867,42,RandomMacro,0.0761958733201026,0.0894133821129798,76
841,42,RandomMacro,0.0453475043177604,0.0770463943481445,76
830,42,RandomMacro,0.0453916378319263,0.1018901392817497,76
946,42,RandomMacro,0.3990124464035034,0.179185077548027,76
952,42,RandomMacro,0.0451398901641368,0.1360981464385986,76
923,42,RandomMacro,0.0450685396790504,0.0765706002712249,76
925,42,RandomMacro,0.0450529158115386,0.1823710948228836,76
953,42,RandomMacro,0.0450612939894199,0.134902149438858,76
846,42,RandomMacro,0.1275030374526977,0.1479640901088714,76
930,42,RandomMacro,0.0660918429493904,0.0587422288954257,76
863,42,RandomMacro,0.0463023073971271,0.0853407680988311,76
899,42,RandomMacro,0.0643377676606178,0.0661801993846893,76
821,42,RandomMacro,0.0690061673521995,0.0791544392704963,76
910,42,RandomMacro,0.1153874769806861,0.1559989154338836,76
921,42,RandomMacro,0.1427286267280578,0.1459028124809265,76
909,42,RandomMacro,0.1317278742790222,0.1541987508535385,76
843,42,RandomMacro,0.0874867811799049,0.1424669325351715,76
902,42,RandomMacro,0.0640588626265525,0.0791897550225257,76
957,42,RandomMacro,0.0466137640178203,0.0835070312023162,76
852,42,RandomMacro,0.0636343285441398,0.0818222239613533,76
856,42,RandomMacro,0.1565459221601486,0.1567602604627609,76
906,42,RandomMacro,0.1023165732622146,0.1517496407032013,76
869,42,RandomMacro,0.0887690335512161,0.125011533498764,76
839,42,RandomMacro,0.0586015656590461,0.0599519722163677,76
908,42,RandomMacro,0.0946354046463966,0.1469663083553314,76
832,42,RandomMacro,0.0466844923794269,0.2163226902484893,76
907,42,RandomMacro,0.0581281445920467,0.0765660181641578,76
920,42,RandomMacro,0.521755576133728,0.927647352218628,76
837,42,RandomMacro,0.0665507018566131,0.0531427599489688,76
864,42,RandomMacro,0.1305387765169143,0.1468227952718734,76
875,42,RandomMacro,0.0516858994960784,0.0912323668599128,76
935,42,RandomMacro,0.2473020553588867,0.1582687944173813,76
967,42,RandomMacro,0.0620083734393119,0.0801693424582481,76
900,42,RandomMacro,0.1444954723119735,0.1600732952356338,76
891,42,RandomMacro,0.0457852520048618,0.1060077846050262,76
927,42,RandomMacro,0.0490353219211101,0.0996332764625549,76
956,42,RandomMacro,0.2383741736412048,0.1579976975917816,76
964,42,RandomMacro,0.0794541016221046,0.1111056804656982,76
806,42,RandomMacro,0.0453326031565666,0.186132475733757,76
983,42,RandomMacro,0.1298638880252838,0.1552620679140091,76
888,42,RandomMacro,0.3917486667633056,0.4633667469024658,76
845,42,RandomMacro,0.1032134741544723,0.1518175601959228,76
929,42,RandomMacro,0.0848548635840416,0.1202478632330894,76
865,42,RandomMacro,0.0539330951869487,0.0804231837391853,76
939,42,RandomMacro,0.0784993395209312,0.1007064804434776,76
995,42,RandomMacro,0.0495129898190498,0.1291478872299194,76
932,42,RandomMacro,0.0477494187653064,0.0608115009963512,76
993,42,RandomMacro,0.0536952950060367,0.0641669332981109,76
918,42,RandomMacro,0.1274416744709015,0.1683939099311828,76
949,42,RandomMacro,0.0453376695513725,0.0590292438864707,76
951,42,RandomMacro,0.0540165118873119,0.0851282849907875,76
842,42,RandomMacro,0.1450953632593155,0.1744041591882705,76
985,42,RandomMacro,0.1497910618782043,0.1536828279495239,76
827,42,RandomMacro,0.0752931758761406,0.1016978248953819,76
866,42,RandomMacro,0.0498657785356044,0.0914527028799057,76
820,42,RandomMacro,0.0526016615331172,0.089928351342678,76
836,42,RandomMacro,0.0548567175865173,0.0793085917830467,76
853,42,RandomMacro,0.0526529066264629,0.0578877963125705,76
897,42,RandomMacro,0.0587475150823593,0.0793493762612342,76
800,42,RandomMacro,0.0440143160521984,0.0984984189271926,76
824,42,RandomMacro,0.0665738880634307,0.0709771513938903,76
913,42,RandomMacro,0.07331383228302,0.0912348106503486,76
978,42,RandomMacro,0.1192940399050712,0.1639676690101623,76
849,42,RandomMacro,0.0631022751331329,0.0702437087893486,76
813,42,RandomMacro,0.0619830451905727,0.0674194321036338,76
962,42,RandomMacro,0.1089842244982719,0.152798518538475,76
879,42,RandomMacro,0.0471656285226345,0.0777115449309349,76
823,42,RandomMacro,0.0959435179829597,0.1465891897678375,76
968,42,RandomMacro,0.086992047727108,0.1251544803380966,76
997,42,RandomMacro,0.1497781723737716,0.1537511050701141,76
892,42,RandomMacro,0.2557412087917328,0.146717369556427,76
840,42,RandomMacro,0.0765856504440307,0.1007070019841194,76
826,42,RandomMacro,0.0449444502592086,0.1741180568933487,76
895,42,RandomMacro,0.531733512878418,2.0523641109466557,76
915,42,RandomMacro,0.0468009822070598,0.0538981072604656,76
903,42,RandomMacro,0.0450769588351249,0.1256401687860489,76
991,42,RandomMacro,0.0534063093364238,0.0807970464229583,76
804,42,RandomMacro,0.0458423718810081,0.2060475796461105,76
970,42,RandomMacro,0.0968070328235626,0.1436922550201416,76
803,42,UniformMacro,0.1108283028006553,0.1636883318424224,76
835,42,UniformMacro,0.0472746491432189,0.0732110291719436,76
871,42,UniformMacro,0.0480933561921119,0.0867062732577323,76
979,42,UniformMacro,0.0906042456626892,0.1404474079608917,76
980,42,UniformMacro,0.0915099158883094,0.1423423439264297,76
834,42,UniformMacro,0.0445749014616012,0.1071139425039291,76
829,42,UniformMacro,0.0998570993542671,0.1571573466062545,76
981,42,UniformMacro,0.0491693392395973,0.0901700854301452,76
808,42,UniformMacro,0.0671879276633262,0.0744537562131881,76
965,42,UniformMacro,0.0502291768789291,0.0959120616316795,76
934,42,UniformMacro,0.0689428821206092,0.0650197938084602,76
971,42,UniformMacro,0.0729611441493034,0.077326625585556,76
861,42,UniformMacro,0.4968991279602051,0.1657706946134567,76
977,42,UniformMacro,0.0744103640317916,0.095741756260395,76
990,42,UniformMacro,0.0622889958322048,0.0785536989569664,76
828,42,UniformMacro,0.0450858362019062,0.1561105996370315,76
858,42,UniformMacro,0.1238445043563842,0.1669230312108993,76
938,42,UniformMacro,0.586208701133728,0.3957884609699249,76
976,42,UniformMacro,0.0445734299719333,0.1116214022040367,76
955,42,UniformMacro,0.0446333065629005,0.1220865100622177,76
872,42,UniformMacro,0.100323848426342,0.1573675870895385,76
867,42,UniformMacro,0.0758184120059013,0.0920550227165222,76
841,42,UniformMacro,0.044732604175806,0.0938596129417419,76
830,42,UniformMacro,0.0447680130600929,0.0624091364443302,76
946,42,UniformMacro,0.4713573753833771,1.9359103441238403,76
952,42,UniformMacro,0.0449081808328628,0.1547655314207077,76
923,42,UniformMacro,0.0473194345831871,0.0741831138730049,76
925,42,UniformMacro,0.0456823222339153,0.1845678389072418,76
953,42,UniformMacro,0.0447906777262687,0.1470937430858612,76
846,42,UniformMacro,0.1545253545045852,0.1668329983949661,76
930,42,UniformMacro,0.0679062455892562,0.0737045779824256,76
863,42,UniformMacro,0.0471585728228092,0.0798356086015701,76
899,42,UniformMacro,0.0626887902617454,0.0781713277101516,76
821,42,UniformMacro,0.0670714974403381,0.0727698132395744,76
910,42,UniformMacro,0.123355858027935,0.1653079986572265,76
921,42,UniformMacro,0.1458193510770797,0.1655782461166381,76
909,42,UniformMacro,0.1349195837974548,0.1653990298509597,76
843,42,UniformMacro,0.0841379538178443,0.1307332813739776,76
902,42,UniformMacro,0.0630629807710647,0.079119898378849,76
957,42,UniformMacro,0.0465870276093483,0.0828082710504531,76
852,42,UniformMacro,0.0667659193277359,0.073024146258831,76
856,42,UniformMacro,0.1533493548631668,0.1608307659626007,76
906,42,UniformMacro,0.0998915359377861,0.1578344404697418,76
869,42,UniformMacro,0.0837370157241821,0.1296282261610031,76
839,42,UniformMacro,0.0581580623984336,0.0823679417371749,76
908,42,UniformMacro,0.0962134599685669,0.1521497219800949,76
832,42,UniformMacro,0.0466991551220417,0.2273762971162796,76
907,42,UniformMacro,0.0586948804557323,0.0783530846238136,76
920,42,UniformMacro,0.5355444550514221,1.7918277978897097,76
837,42,UniformMacro,0.0695639103651046,0.0688223838806152,76
864,42,UniformMacro,0.1336956024169922,0.1595013737678527,76
875,42,UniformMacro,0.0529942698776721,0.0841950476169586,76
935,42,UniformMacro,0.1913988590240478,0.2181790769100189,76
967,42,UniformMacro,0.0656544268131256,0.0773234218358993,76
900,42,UniformMacro,0.1494822651147842,0.1620772033929824,76
891,42,UniformMacro,0.0480641424655914,0.085750937461853,76
927,42,UniformMacro,0.0491114407777786,0.0892690271139144,76
956,42,UniformMacro,0.2162322252988815,0.1447627693414688,76
964,42,UniformMacro,0.0781683921813964,0.1099232360720634,76
806,42,UniformMacro,0.0458973795175552,0.1932596415281295,76
983,42,UniformMacro,0.1287831217050552,0.1668790727853775,76
888,42,UniformMacro,0.4503368735313415,0.1427892297506332,76
845,42,UniformMacro,0.1022551208734512,0.1603144705295562,76
929,42,UniformMacro,0.0833923146128654,0.128560721874237,76
865,42,UniformMacro,0.0562159791588783,0.0825798287987709,76
939,42,UniformMacro,0.0762061849236488,0.101534366607666,76
995,42,UniformMacro,0.0490019619464874,0.089911863207817,76
932,42,UniformMacro,0.0466403439640998,0.0801394283771514,76
993,42,UniformMacro,0.053225003182888,0.0818172916769981,76
918,42,UniformMacro,0.1262257844209671,0.1652341187000274,76
949,42,UniformMacro,0.0468482300639152,0.0827198848128318,76
951,42,UniformMacro,0.0569159984588623,0.0815174952149391,76
842,42,UniformMacro,0.1426416039466858,0.1614585220813751,76
985,42,UniformMacro,0.1437703967094421,0.1581779420375824,76
827,42,UniformMacro,0.0762393623590469,0.0975381731986999,76
866,42,UniformMacro,0.0496592633426189,0.0881986021995544,76
820,42,UniformMacro,0.05338941141963,0.0819885805249214,76
836,42,UniformMacro,0.0570408031344413,0.08062494546175,76
853,42,UniformMacro,0.0534713789820671,0.0818056762218475,76
897,42,UniformMacro,0.0609377734363079,0.0835501253604888,76
800,42,UniformMacro,0.0447206124663353,0.0999949797987937,76
824,42,UniformMacro,0.0668285861611366,0.0730358362197876,76
913,42,UniformMacro,0.0734387263655662,0.0929310619831085,76
978,42,UniformMacro,0.1133659929037094,0.1625612080097198,76
849,42,UniformMacro,0.0604277364909648,0.0788818076252937,76
813,42,UniformMacro,0.0622844845056533,0.0787452086806297,76
962,42,UniformMacro,0.1058650687336921,0.1619332730770111,76
879,42,UniformMacro,0.0475162006914615,0.0696261450648307,76
823,42,UniformMacro,0.0927026867866516,0.1508548557758331,76
968,42,UniformMacro,0.0867568999528884,0.1329908370971679,76
997,42,UniformMacro,0.1393135786056518,0.1614926010370254,76
892,42,UniformMacro,0.4378473162651062,2.024346351623535,76
840,42,UniformMacro,0.0766248553991317,0.1067751795053482,76
826,42,UniformMacro,0.0454145781695842,0.1755213290452957,76
895,42,UniformMacro,0.5564531683921814,2.852791547775269,76
915,42,UniformMacro,0.0468613654375076,0.07415521889925,76
903,42,UniformMacro,0.0446954518556594,0.1352866888046264,76
991,42,UniformMacro,0.0564544945955276,0.0836541429162025,76
804,42,UniformMacro,0.046139545738697,0.2053937762975692,76
970,42,UniformMacro,0.0924520939588546,0.1505248993635177,76
803,42,GradientMacro,0.1140909418463707,0.1734610348939895,76
835,42,GradientMacro,0.0454992763698101,0.0498542040586471,76
871,42,GradientMacro,0.0457727499306201,0.0571993999183177,76
979,42,GradientMacro,0.0907825976610183,0.1483916491270065,76
980,42,GradientMacro,0.0916963741183281,0.1506150811910629,76
834,42,GradientMacro,0.0449965074658393,0.108523242175579,76
829,42,GradientMacro,0.1009822115302085,0.1668281704187393,76
981,42,GradientMacro,0.0469074770808219,0.0603201575577259,76
808,42,GradientMacro,0.0667454078793525,0.0582179091870784,76
965,42,GradientMacro,0.0488827526569366,0.0617653094232082,76
934,42,GradientMacro,0.0691995248198509,0.0615288466215133,76
971,42,GradientMacro,0.0724973231554031,0.0717789977788925,76
861,42,GradientMacro,0.4516461789608001,3.5667059421539307,76
977,42,GradientMacro,0.0754444077610969,0.0883889868855476,76
990,42,GradientMacro,0.0598557628691196,0.0581198707222938,76
828,42,GradientMacro,0.0456700176000595,0.1641308963298797,76
858,42,GradientMacro,0.1239561662077903,0.174904003739357,76
938,42,GradientMacro,0.6466109156608582,2.2573435306549072,76
976,42,GradientMacro,0.0450080633163452,0.1132251620292663,76
955,42,GradientMacro,0.0450497418642044,0.1192323938012123,76
872,42,GradientMacro,0.1012888103723526,0.1670700460672378,76
867,42,GradientMacro,0.0745132863521575,0.0824596807360649,76
841,42,GradientMacro,0.0450140610337257,0.0883932933211326,76
830,42,GradientMacro,0.0453137345612049,0.0548333898186683,76
946,42,GradientMacro,0.4210574030876159,2.41713547706604,76
952,42,GradientMacro,0.0454338230192661,0.1512770801782608,76
923,42,GradientMacro,0.0454905331134796,0.0512878596782684,76
925,42,GradientMacro,0.0462271310389041,0.1931940615177154,76
953,42,GradientMacro,0.0453021451830863,0.1429316401481628,76
846,42,GradientMacro,0.1438560634851455,0.1641990691423416,76
930,42,GradientMacro,0.0676599517464637,0.0590616799890995,76
863,42,GradientMacro,0.0455752238631248,0.0458782948553562,76
899,42,GradientMacro,0.062457151710987,0.0580429285764694,76
821,42,GradientMacro,0.0666270554065704,0.058118961751461,76
910,42,GradientMacro,0.1196050345897674,0.1752471625804901,76
921,42,GradientMacro,0.1435583382844925,0.1739484965801239,76
909,42,GradientMacro,0.1365619897842407,0.1733127236366272,76
843,42,GradientMacro,0.0874279588460922,0.1365897357463836,76
902,42,GradientMacro,0.0619259215891361,0.0576479621231555,76
957,42,GradientMacro,0.0456165187060833,0.0430160462856292,76
852,42,GradientMacro,0.0672158449888229,0.0578333176672458,76
856,42,GradientMacro,0.1355423480272293,0.1678325533866882,76
906,42,GradientMacro,0.1028585582971572,0.1680822521448135,76
869,42,GradientMacro,0.0870546922087669,0.1352328956127166,76
839,42,GradientMacro,0.05609667673707,0.0592029616236686,76
908,42,GradientMacro,0.0979116410017013,0.1618267595767974,76
832,42,GradientMacro,0.0472669787704944,0.2324211150407791,76
907,42,GradientMacro,0.0552469678223133,0.0594806335866451,76
920,42,GradientMacro,0.6570981740951538,1.446020245552063,76
837,42,GradientMacro,0.0687057301402092,0.0606756135821342,76
864,42,GradientMacro,0.1440272033214569,0.1651661843061447,76
875,42,GradientMacro,0.0498734563589096,0.0620719268918037,76
935,42,GradientMacro,0.3219720125198364,0.1488124579191208,76
967,42,GradientMacro,0.0637160316109657,0.0572379045188427,76
900,42,GradientMacro,0.2480428963899612,0.1532390117645263,76
891,42,GradientMacro,0.0456786826252937,0.0567467026412487,76
927,42,GradientMacro,0.04688086733222,0.0607986263930797,76
956,42,GradientMacro,0.3408694267272949,0.184085264801979,76
964,42,GradientMacro,0.0805750116705894,0.1108215153217315,76
806,42,GradientMacro,0.0464653372764587,0.2026796638965606,76
983,42,GradientMacro,0.1280029714107513,0.1745626181364059,76
888,42,GradientMacro,0.4046729803085327,0.1561308205127716,76
845,42,GradientMacro,0.1061544418334961,0.1695956587791443,76
929,42,GradientMacro,0.0864171236753463,0.133872389793396,76
865,42,GradientMacro,0.0526316165924072,0.0612039975821971,76
939,42,GradientMacro,0.0785966739058494,0.101676732301712,76
995,42,GradientMacro,0.0467145033180713,0.0602615438401699,76
932,42,GradientMacro,0.045606680214405,0.0428653582930564,76
993,42,GradientMacro,0.0530005991458892,0.0620805546641349,76
918,42,GradientMacro,0.1272200047969818,0.174743965268135,76
949,42,GradientMacro,0.0456059649586677,0.0419329851865768,76
951,42,GradientMacro,0.055375799536705,0.0595424957573413,76
842,42,GradientMacro,0.1364444196224212,0.170671284198761,76
985,42,GradientMacro,0.133144810795784,0.1574510931968689,76
827,42,GradientMacro,0.0773863568902015,0.0969959795475006,76
866,42,GradientMacro,0.0467618741095066,0.060553852468729,76
820,42,GradientMacro,0.0503072850406169,0.0619766153395175,76
836,42,GradientMacro,0.0558082461357116,0.0610226243734359,76
853,42,GradientMacro,0.0504082441329956,0.0620953850448131,76
897,42,GradientMacro,0.0565623305737972,0.0589254908263683,76
800,42,GradientMacro,0.0449857674539089,0.0981948748230934,76
824,42,GradientMacro,0.066907912492752,0.0579421371221542,76
913,42,GradientMacro,0.0747468471527099,0.0839920565485954,76
978,42,GradientMacro,0.1149488314986229,0.174325630068779,76
849,42,GradientMacro,0.061279322952032,0.0574055761098861,76
813,42,GradientMacro,0.0677495747804641,0.0578400865197181,76
962,42,GradientMacro,0.1087182238698005,0.1715550422668457,76
879,42,GradientMacro,0.0455072112381458,0.0540429316461086,76
823,42,GradientMacro,0.0958107784390449,0.1587279140949249,76
968,42,GradientMacro,0.088750921189785,0.1398778259754181,76
997,42,GradientMacro,0.1426095366477966,0.1720934212207794,76
892,42,GradientMacro,0.3457894325256347,0.1519619673490524,76
840,42,GradientMacro,0.0792230293154716,0.1037336736917495,76
826,42,GradientMacro,0.0461000427603721,0.1806796640157699,76
895,42,GradientMacro,0.5254111886024475,3.795253753662109,76
915,42,GradientMacro,0.0455568060278892,0.0434583351016044,76
903,42,GradientMacro,0.0451806373894214,0.133476048707962,76
991,42,GradientMacro,0.0541196875274181,0.0614321045577526,76
804,42,GradientMacro,0.0467129871249198,0.2124222666025161,76
970,42,GradientMacro,0.0955372303724289,0.1583051979541778,76
803,42,SetAwareMyopicMacro,0.1135700196027755,0.1733896732330322,76
835,42,SetAwareMyopicMacro,0.0454992763698101,0.0498542040586471,76
871,42,SetAwareMyopicMacro,0.0457733683288097,0.0570087730884552,76
979,42,SetAwareMyopicMacro,0.0908499211072921,0.1483896672725677,76
980,42,SetAwareMyopicMacro,0.0917430818080902,0.1506089121103286,76
834,42,SetAwareMyopicMacro,0.0447653494775295,0.1076924726366996,76
829,42,SetAwareMyopicMacro,0.1006213203072547,0.166789025068283,76
981,42,SetAwareMyopicMacro,0.0469074770808219,0.0603201575577259,76
808,42,SetAwareMyopicMacro,0.0667454078793525,0.0582179091870784,76
965,42,SetAwareMyopicMacro,0.0488827526569366,0.0617653094232082,76
934,42,SetAwareMyopicMacro,0.0691995248198509,0.0615288466215133,76
971,42,SetAwareMyopicMacro,0.0724973231554031,0.0717789977788925,76
861,42,SetAwareMyopicMacro,0.4516461789608001,3.5667059421539307,76
977,42,SetAwareMyopicMacro,0.0754444077610969,0.0883889868855476,76
990,42,SetAwareMyopicMacro,0.0598557628691196,0.0581198707222938,76
828,42,SetAwareMyopicMacro,0.0453749485313892,0.1639668494462967,76
858,42,SetAwareMyopicMacro,0.1231695041060447,0.1759172976016998,76
938,42,SetAwareMyopicMacro,0.6285679340362549,1.540915608406067,76
976,42,SetAwareMyopicMacro,0.044779110699892,0.1125792041420936,76
955,42,SetAwareMyopicMacro,0.0448076054453849,0.1187999173998832,76
872,42,SetAwareMyopicMacro,0.1009125337004661,0.1670431792736053,76
867,42,SetAwareMyopicMacro,0.0745132863521575,0.0824596807360649,76
841,42,SetAwareMyopicMacro,0.0446657463908195,0.0888571664690971,76
830,42,SetAwareMyopicMacro,0.0451588556170463,0.0546589754521846,76
946,42,SetAwareMyopicMacro,0.4210574030876159,2.41713547706604,76
952,42,SetAwareMyopicMacro,0.0451569892466068,0.1509162187576294,76
923,42,SetAwareMyopicMacro,0.0454905331134796,0.0512878596782684,76
925,42,SetAwareMyopicMacro,0.0459666773676872,0.1931351870298385,76
953,42,SetAwareMyopicMacro,0.0450332835316658,0.1425248235464096,76
846,42,SetAwareMyopicMacro,0.1426018923521042,0.1659075915813446,76
930,42,SetAwareMyopicMacro,0.0676599517464637,0.0590616799890995,76
863,42,SetAwareMyopicMacro,0.0455752238631248,0.0458782948553562,76
899,42,SetAwareMyopicMacro,0.062457151710987,0.0580429285764694,76
821,42,SetAwareMyopicMacro,0.0666270554065704,0.058118961751461,76
910,42,SetAwareMyopicMacro,0.1198564544320106,0.1755392700433731,76
921,42,SetAwareMyopicMacro,0.1442898958921432,0.1748964786529541,76
909,42,SetAwareMyopicMacro,0.1331629753112793,0.1751177459955215,76
843,42,SetAwareMyopicMacro,0.0874279588460922,0.1365897357463836,76
902,42,SetAwareMyopicMacro,0.0596533827483654,0.0575229227542877,76
957,42,SetAwareMyopicMacro,0.0456165187060833,0.0430160462856292,76
852,42,SetAwareMyopicMacro,0.0672158449888229,0.0578333176672458,76
856,42,SetAwareMyopicMacro,0.1452844142913818,0.1760897189378738,76
906,42,SetAwareMyopicMacro,0.1024224832653999,0.1680334955453872,76
869,42,SetAwareMyopicMacro,0.0870546922087669,0.1352328956127166,76
839,42,SetAwareMyopicMacro,0.05609667673707,0.0592029616236686,76
908,42,SetAwareMyopicMacro,0.096377395093441,0.1618520766496658,76
832,42,SetAwareMyopicMacro,0.0469763725996017,0.2327593564987182,76
907,42,SetAwareMyopicMacro,0.0552469678223133,0.0594806335866451,76
920,42,SetAwareMyopicMacro,0.6570981740951538,1.446020245552063,76
837,42,SetAwareMyopicMacro,0.0687057301402092,0.0606756135821342,76
864,42,SetAwareMyopicMacro,0.1379405260086059,0.1634156107902526,76
875,42,SetAwareMyopicMacro,0.0498734563589096,0.0620719268918037,76
935,42,SetAwareMyopicMacro,0.3219720125198364,0.1488124579191208,76
967,42,SetAwareMyopicMacro,0.0637160316109657,0.0572379045188427,76
900,42,SetAwareMyopicMacro,0.2480428963899612,0.1532390117645263,76
891,42,SetAwareMyopicMacro,0.0456786826252937,0.0567467026412487,76
927,42,SetAwareMyopicMacro,0.04688086733222,0.0607986263930797,76
956,42,SetAwareMyopicMacro,0.3408694267272949,0.184085264801979,76
964,42,SetAwareMyopicMacro,0.0805750116705894,0.1108215153217315,76
806,42,SetAwareMyopicMacro,0.0461867116391658,0.2027589231729507,76
983,42,SetAwareMyopicMacro,0.1269978880882263,0.1756357699632644,76
888,42,SetAwareMyopicMacro,0.4046729803085327,0.1561308205127716,76
845,42,SetAwareMyopicMacro,0.1058279499411583,0.1696027666330337,76
929,42,SetAwareMyopicMacro,0.0864171236753463,0.133872389793396,76
865,42,SetAwareMyopicMacro,0.0526316165924072,0.0612039975821971,76
939,42,SetAwareMyopicMacro,0.0785966739058494,0.101676732301712,76
995,42,SetAwareMyopicMacro,0.0467145033180713,0.0602615438401699,76
932,42,SetAwareMyopicMacro,0.045606680214405,0.0428653582930564,76
993,42,SetAwareMyopicMacro,0.0530005991458892,0.0620805546641349,76
918,42,SetAwareMyopicMacro,0.1262054294347763,0.1755884736776352,76
949,42,SetAwareMyopicMacro,0.0456059649586677,0.0419329851865768,76
951,42,SetAwareMyopicMacro,0.055375799536705,0.0595424957573413,76
842,42,SetAwareMyopicMacro,0.1474616825580597,0.1753939539194107,76
985,42,SetAwareMyopicMacro,0.1429548859596252,0.1707743555307388,76
827,42,SetAwareMyopicMacro,0.0773863568902015,0.0969959795475006,76
866,42,SetAwareMyopicMacro,0.0467618741095066,0.060553852468729,76
820,42,SetAwareMyopicMacro,0.0503072850406169,0.0619766153395175,76
836,42,SetAwareMyopicMacro,0.0558082461357116,0.0610226243734359,76
853,42,SetAwareMyopicMacro,0.0504082441329956,0.0620953850448131,76
897,42,SetAwareMyopicMacro,0.0565623305737972,0.0589254908263683,76
800,42,SetAwareMyopicMacro,0.0447682328522205,0.097356878221035,76
824,42,SetAwareMyopicMacro,0.066907912492752,0.0579421371221542,76
913,42,SetAwareMyopicMacro,0.0747468471527099,0.0839920565485954,76
978,42,SetAwareMyopicMacro,0.1142767071723938,0.1742092669010162,76
849,42,SetAwareMyopicMacro,0.061279322952032,0.0574055761098861,76
813,42,SetAwareMyopicMacro,0.0677495747804641,0.0578400865197181,76
962,42,SetAwareMyopicMacro,0.1083039566874504,0.1715519279241562,76
879,42,SetAwareMyopicMacro,0.0455072112381458,0.0540429316461086,76
823,42,SetAwareMyopicMacro,0.0958649665117263,0.1587293893098831,76
968,42,SetAwareMyopicMacro,0.088750921189785,0.1398778259754181,76
997,42,SetAwareMyopicMacro,0.1399392038583755,0.1649544686079025,76
892,42,SetAwareMyopicMacro,0.3457894325256347,0.1519619673490524,76
840,42,SetAwareMyopicMacro,0.0792230293154716,0.1037336736917495,76
826,42,SetAwareMyopicMacro,0.045693501830101,0.1806763261556625,76
895,42,SetAwareMyopicMacro,0.5254111886024475,3.795253753662109,76
915,42,SetAwareMyopicMacro,0.0455568060278892,0.0434583351016044,76
903,42,SetAwareMyopicMacro,0.0449166446924209,0.1329725682735443,76
991,42,SetAwareMyopicMacro,0.0541196875274181,0.0614321045577526,76
804,42,SetAwareMyopicMacro,0.0464397519826889,0.2126017212867736,76
970,42,SetAwareMyopicMacro,0.0956004634499549,0.1583018600940704,76
803,42,BeamBC,0.1133384108543396,0.1730837374925613,76
835,42,BeamBC,0.0456848330795764,0.0496042259037494,76
871,42,BeamBC,0.0471420809626579,0.0582183822989463,76
979,42,BeamBC,0.090929239988327,0.1483924984931945,76
980,42,BeamBC,0.0918306484818458,0.150590494275093,76
834,42,BeamBC,0.0446766503155231,0.1121332049369812,76
829,42,BeamBC,0.0996851027011871,0.1493143588304519,76
981,42,BeamBC,0.046855304390192,0.0606976710259914,76
808,42,BeamBC,0.0657557174563407,0.0699852034449577,76
965,42,BeamBC,0.0491434670984745,0.0614912770688533,76
934,42,BeamBC,0.0671491548418998,0.0621858350932598,76
971,42,BeamBC,0.0717502236366272,0.0714685395359993,76
861,42,BeamBC,0.5213996767997742,0.3376952409744262,76
977,42,BeamBC,0.0764982253313064,0.0873713195323944,76
990,42,BeamBC,0.0577369593083858,0.0582892410457134,76
828,42,BeamBC,0.0452682077884674,0.1559673398733139,76
858,42,BeamBC,0.1221783608198165,0.1649610102176666,76
938,42,BeamBC,0.5539729595184326,1.8266335725784304,76
976,42,BeamBC,0.044688656926155,0.1168104782700538,76
955,42,BeamBC,0.0447203330695629,0.123147465288639,76
872,42,BeamBC,0.1013894826173782,0.1590039581060409,76
867,42,BeamBC,0.0749397873878479,0.0821555629372596,76
841,42,BeamBC,0.0447424426674842,0.079622708261013,76
830,42,BeamBC,0.0457692369818687,0.0571670047938823,76
946,42,BeamBC,0.3331569731235504,0.2081673890352249,76
952,42,BeamBC,0.0450348816812038,0.1444345861673355,76
923,42,BeamBC,0.0455023534595966,0.0514769032597541,76
925,42,BeamBC,0.045894056558609,0.1840011924505233,76
953,42,BeamBC,0.0449019931256771,0.136454775929451,76
846,42,BeamBC,0.1348937302827835,0.1793071031570434,76
930,42,BeamBC,0.067234992980957,0.0581713542342186,76
863,42,BeamBC,0.045585460960865,0.0456179194152355,76
899,42,BeamBC,0.0583519041538238,0.0580462031066417,76
821,42,BeamBC,0.0651732385158538,0.0577347166836261,76
910,42,BeamBC,0.1179067492485046,0.1657212525606155,76
921,42,BeamBC,0.1455010771751403,0.1480108946561813,76
909,42,BeamBC,0.1299179792404174,0.1740712523460388,76
843,42,BeamBC,0.0852537676692009,0.1221581995487213,76
902,42,BeamBC,0.0591539293527603,0.0578020513057708,76
957,42,BeamBC,0.045659452676773,0.0429447926580905,76
852,42,BeamBC,0.0647397860884666,0.0574649460613727,76
856,42,BeamBC,0.1363720446825027,0.1472919285297393,76
906,42,BeamBC,0.1006288900971412,0.1600943803787231,76
869,42,BeamBC,0.0867164954543113,0.1207958161830902,76
839,42,BeamBC,0.055601879954338,0.0594804808497428,76
908,42,BeamBC,0.0965095087885856,0.156519815325737,76
832,42,BeamBC,0.0469144098460674,0.2145454585552215,76
907,42,BeamBC,0.054708331823349,0.0598456412553787,76
920,42,BeamBC,0.5089693665504456,0.451282650232315,76
837,42,BeamBC,0.0672776326537132,0.059454258531332,76
864,42,BeamBC,0.1418509781360626,0.1760726869106292,76
875,42,BeamBC,0.0492089577019214,0.0624538585543632,76
935,42,BeamBC,0.1646234989166259,0.1648768484592437,76
967,42,BeamBC,0.0627600103616714,0.0573280975222587,76
900,42,BeamBC,0.1464220285415649,0.1620700806379318,76
891,42,BeamBC,0.0470852367579937,0.0578554831445217,76
927,42,BeamBC,0.0472057163715362,0.0609668456017971,76
956,42,BeamBC,0.1463982462882995,0.1628385037183761,76
964,42,BeamBC,0.080510102212429,0.1102685928344726,76
806,42,BeamBC,0.0461181811988353,0.1929713934659958,76
983,42,BeamBC,0.1242536902427673,0.1634498834609985,76
888,42,BeamBC,0.3468217849731445,0.2221242487430572,76
845,42,BeamBC,0.1050257012248039,0.1513354927301406,76
929,42,BeamBC,0.0862084329128265,0.1195013672113418,76
865,42,BeamBC,0.0522551462054252,0.0611912086606025,76
939,42,BeamBC,0.0802855268120765,0.1007420048117637,76
995,42,BeamBC,0.0463052541017532,0.0609225369989872,76
932,42,BeamBC,0.0456552766263484,0.043337132781744,76
993,42,BeamBC,0.0503131374716758,0.0620051212608814,76
918,42,BeamBC,0.1279049664735794,0.1690519154071808,76
949,42,BeamBC,0.0455834008753299,0.0418159998953342,76
951,42,BeamBC,0.0548030808568,0.0596705041825771,76
842,42,BeamBC,0.1463782340288162,0.1563573032617569,76
985,42,BeamBC,0.1395295709371566,0.1698018759489059,76
827,42,BeamBC,0.079382337629795,0.096046894788742,76
866,42,BeamBC,0.0470163226127624,0.0607957392930984,76
820,42,BeamBC,0.0496511571109294,0.062402356415987,76
836,42,BeamBC,0.054493773728609,0.0614366978406906,76
853,42,BeamBC,0.0499976612627506,0.06189426779747,76
897,42,BeamBC,0.0558414347469806,0.0589041449129581,76
800,42,BeamBC,0.0446742363274097,0.1025951579213142,76
824,42,BeamBC,0.0650015547871589,0.0575726553797721,76
913,42,BeamBC,0.0746195912361145,0.0838230326771736,76
978,42,BeamBC,0.1159426644444465,0.1743929088115692,76
849,42,BeamBC,0.0594867691397666,0.0574273169040679,76
813,42,BeamBC,0.0586247593164444,0.0580509565770626,76
962,42,BeamBC,0.1064934656023979,0.1716525703668594,76
879,42,BeamBC,0.0454976856708526,0.0538717843592166,76
823,42,BeamBC,0.0963496565818786,0.1587338894605636,76
968,42,BeamBC,0.0888794437050819,0.1398419290781021,76
997,42,BeamBC,0.1461239904165268,0.1840800195932388,76
892,42,BeamBC,0.3318798542022705,0.1607268452644348,76
840,42,BeamBC,0.0804979726672172,0.1029564440250396,76
826,42,BeamBC,0.0456110388040542,0.1720741838216781,76
895,42,BeamBC,0.5067839622497559,2.981552839279175,76
915,42,BeamBC,0.0455637946724891,0.0438331551849842,76
903,42,BeamBC,0.0447706319391727,0.1276407241821289,76
991,42,BeamBC,0.0544774234294891,0.0611143335700035,76
804,42,BeamBC,0.0463729798793792,0.2027593553066253,76
970,42,BeamBC,0.0959861278533935,0.1583049595355987,76
803,42,ImmediateOnlyPI,0.1146031841635704,0.1736582517623901,76
835,42,ImmediateOnlyPI,0.0457533933222293,0.0501469373703002,76
871,42,ImmediateOnlyPI,0.0473580285906791,0.0585061013698577,76
979,42,ImmediateOnlyPI,0.0919498801231384,0.1485291421413421,76
980,42,ImmediateOnlyPI,0.092896781861782,0.1507393419742584,76
834,42,ImmediateOnlyPI,0.0437716320157051,0.108246125280857,76
829,42,ImmediateOnlyPI,0.1018013954162597,0.1668620854616165,76
981,42,ImmediateOnlyPI,0.0464791767299175,0.0606047660112381,76
808,42,ImmediateOnlyPI,0.0658580958843231,0.058749683201313,76
965,42,ImmediateOnlyPI,0.0506329946219921,0.0611443556845188,76
934,42,ImmediateOnlyPI,0.0700077712535858,0.0612227171659469,76
971,42,ImmediateOnlyPI,0.072963960468769,0.0710890442132949,76
861,42,ImmediateOnlyPI,0.440381109714508,0.8284660577774048,76
977,42,ImmediateOnlyPI,0.0761661380529403,0.0882027149200439,76
990,42,ImmediateOnlyPI,0.0566249266266822,0.0580694451928138,76
828,42,ImmediateOnlyPI,0.0443040393292903,0.1666279286146164,76
858,42,ImmediateOnlyPI,0.1244173049926757,0.1761382520198822,76
938,42,ImmediateOnlyPI,0.5875089764595032,0.6692166328430176,76
976,42,ImmediateOnlyPI,0.0437738671898841,0.112579122185707,76
955,42,ImmediateOnlyPI,0.0437951758503913,0.1184891983866691,76
872,42,ImmediateOnlyPI,0.1013665273785591,0.1674809008836746,76
867,42,ImmediateOnlyPI,0.0766699686646461,0.0820711851119995,76
841,42,ImmediateOnlyPI,0.043925829231739,0.0884020552039146,76
830,42,ImmediateOnlyPI,0.0444770045578479,0.0545101761817932,76
946,42,ImmediateOnlyPI,0.4011164009571075,0.1271423399448394,76
952,42,ImmediateOnlyPI,0.0441093444824218,0.1529291570186615,76
923,42,ImmediateOnlyPI,0.0458221621811389,0.0515965111553669,76
925,42,ImmediateOnlyPI,0.0448862127959728,0.1881888955831527,76
953,42,ImmediateOnlyPI,0.0439930260181427,0.1447760909795761,76
846,42,ImmediateOnlyPI,0.1379080414772033,0.1611299216747284,76
930,42,ImmediateOnlyPI,0.0664360374212265,0.059466827660799,76
863,42,ImmediateOnlyPI,0.0456442311406135,0.0457627288997173,76
899,42,ImmediateOnlyPI,0.0569862350821495,0.0579606629908084,76
821,42,ImmediateOnlyPI,0.0658142045140266,0.0584835149347782,76
910,42,ImmediateOnlyPI,0.1206968873739242,0.1754930019378662,76
921,42,ImmediateOnlyPI,0.1454329788684845,0.1696598827838897,76
909,42,ImmediateOnlyPI,0.1364113837480545,0.1744247525930404,76
843,42,ImmediateOnlyPI,0.0868188962340354,0.1366663873195648,76
902,42,ImmediateOnlyPI,0.0592268593609333,0.0562575235962867,76
957,42,ImmediateOnlyPI,0.0451973900198936,0.0464622341096401,76
852,42,ImmediateOnlyPI,0.0635629519820213,0.0566865913569927,76
856,42,ImmediateOnlyPI,0.1450925171375274,0.1654095202684402,76
906,42,ImmediateOnlyPI,0.1028659716248512,0.1684413999319076,76
869,42,ImmediateOnlyPI,0.0860467553138732,0.1353381723165512,76
839,42,ImmediateOnlyPI,0.0552109479904174,0.0597321279346942,76
908,42,ImmediateOnlyPI,0.0980516150593757,0.1619188040494918,76
832,42,ImmediateOnlyPI,0.045868307352066,0.2263794690370559,76
907,42,ImmediateOnlyPI,0.05514657497406,0.0592209286987781,76
920,42,ImmediateOnlyPI,0.3772724866867065,0.195172518491745,76
837,42,ImmediateOnlyPI,0.0680633634328842,0.0597615092992782,76
864,42,ImmediateOnlyPI,0.1443170309066772,0.1652039587497711,76
875,42,ImmediateOnlyPI,0.0516708046197891,0.0614304691553115,76
935,42,ImmediateOnlyPI,0.3332073092460632,0.1618099212646484,76
967,42,ImmediateOnlyPI,0.0624713711440563,0.0569212585687637,76
900,42,ImmediateOnlyPI,0.171282947063446,0.1600946635007858,76
891,42,ImmediateOnlyPI,0.0464523658156394,0.0579112693667411,76
927,42,ImmediateOnlyPI,0.046746514737606,0.0608929060399532,76
956,42,ImmediateOnlyPI,0.240682378411293,0.1514776796102523,76
964,42,ImmediateOnlyPI,0.0811589211225509,0.1107610464096069,76
806,42,ImmediateOnlyPI,0.0451030135154724,0.1976274698972702,76
983,42,ImmediateOnlyPI,0.1297532767057418,0.1762426048517227,76
888,42,ImmediateOnlyPI,0.392247200012207,0.1704035848379135,76
845,42,ImmediateOnlyPI,0.1048173159360885,0.1700481474399566,76
929,42,ImmediateOnlyPI,0.085868202149868,0.1338638067245483,76
865,42,ImmediateOnlyPI,0.0526578798890113,0.0608307719230651,76
939,42,ImmediateOnlyPI,0.0778957083821296,0.1015970110893249,76
995,42,ImmediateOnlyPI,0.0473824366927146,0.0596178993582725,76
932,42,ImmediateOnlyPI,0.0451960824429988,0.0466330684721469,76
993,42,ImmediateOnlyPI,0.0514416843652725,0.0613157413899898,76
918,42,ImmediateOnlyPI,0.128990352153778,0.1764033585786819,76
949,42,ImmediateOnlyPI,0.045628122985363,0.0464498475193977,76
951,42,ImmediateOnlyPI,0.0552402921020984,0.0591557137668132,76
842,42,ImmediateOnlyPI,0.1467647850513458,0.1718538701534271,76
985,42,ImmediateOnlyPI,0.1421039700508117,0.1694603413343429,76
827,42,ImmediateOnlyPI,0.0769354104995727,0.0967949107289314,76
866,42,ImmediateOnlyPI,0.046581320464611,0.0606164634227752,76
820,42,ImmediateOnlyPI,0.0511463619768619,0.0612144693732261,76
836,42,ImmediateOnlyPI,0.0560065992176532,0.0606306754052639,76
853,42,ImmediateOnlyPI,0.0516316182911396,0.0613084062933921,76
897,42,ImmediateOnlyPI,0.0583498626947402,0.0585706569254398,76
800,42,ImmediateOnlyPI,0.0437932573258876,0.0985290333628654,76
824,42,ImmediateOnlyPI,0.0645022988319397,0.056515909731388,76
913,42,ImmediateOnlyPI,0.0759487152099609,0.0836599469184875,76
978,42,ImmediateOnlyPI,0.1159190014004707,0.1743843257427215,76
849,42,ImmediateOnlyPI,0.0601402558386325,0.0561320297420024,76
813,42,ImmediateOnlyPI,0.0572133995592594,0.0578486286103725,76
962,42,ImmediateOnlyPI,0.1084142848849296,0.1719274520874023,76
879,42,ImmediateOnlyPI,0.045786827802658,0.0539833232760429,76
823,42,ImmediateOnlyPI,0.0949067920446395,0.158885657787323,76
968,42,ImmediateOnlyPI,0.0897676348686218,0.1398557275533676,76
997,42,ImmediateOnlyPI,0.1331144124269485,0.1621583104133606,76
892,42,ImmediateOnlyPI,0.3493722975254059,0.1844484955072403,76
840,42,ImmediateOnlyPI,0.0793606266379356,0.1036473661661148,76
826,42,ImmediateOnlyPI,0.0446246862411499,0.1772675067186355,76
895,42,ImmediateOnlyPI,0.4978025555610657,0.2874765694141388,76
915,42,ImmediateOnlyPI,0.0451982989907264,0.0470027662813663,76
903,42,ImmediateOnlyPI,0.0439162589609622,0.1281747817993164,76
991,42,ImmediateOnlyPI,0.0533770434558391,0.0608287826180458,76
804,42,ImmediateOnlyPI,0.0453408136963844,0.2077122181653976,76
970,42,ImmediateOnlyPI,0.0946640893816948,0.1584630310535431,76
803,42,RVPI,0.1101799681782722,0.1548829823732376,76
835,42,RVPI,0.0466873906552791,0.0509478822350502,76
871,42,RVPI,0.0465570501983165,0.0765902698040008,76
979,42,RVPI,0.0900156125426292,0.1338683813810348,76
980,42,RVPI,0.0917730927467346,0.1359957307577133,76
834,42,RVPI,0.0449013113975524,0.1207386031746864,76
829,42,RVPI,0.0992193222045898,0.1486655622720718,76
981,42,RVPI,0.0489983856678009,0.0949845612049102,76
808,42,RVPI,0.0637675896286964,0.086491659283638,76
965,42,RVPI,0.0498162470757961,0.1044749543070793,76
934,42,RVPI,0.0681702271103859,0.0750998854637146,76
971,42,RVPI,0.0714777037501335,0.0955043360590934,76
861,42,RVPI,0.4016206860542297,0.3144929707050323,76
977,42,RVPI,0.0754859000444412,0.1081864237785339,76
990,42,RVPI,0.058229386806488,0.0817703232169151,76
828,42,RVPI,0.045328564941883,0.1828750818967819,76
858,42,RVPI,0.1172835975885391,0.1547258049249649,76
938,42,RVPI,0.4424282014369964,0.221412718296051,76
976,42,RVPI,0.044809304177761,0.1185770183801651,76
955,42,RVPI,0.0447610728442668,0.1238500922918319,76
872,42,RVPI,0.0995094254612922,0.1488586366176605,76
867,42,RVPI,0.0738793015480041,0.1017574816942215,76
841,42,RVPI,0.0450323447585105,0.0893361866474151,76
830,42,RVPI,0.0458164736628532,0.0568560063838958,76
946,42,RVPI,0.3665023446083069,0.4419519305229187,76
952,42,RVPI,0.0451065152883529,0.1671292036771774,76
923,42,RVPI,0.0465724393725395,0.0576551258563995,76
925,42,RVPI,0.0459552444517612,0.1953995525836944,76
953,42,RVPI,0.0450337529182434,0.1488562971353531,76
846,42,RVPI,0.1574393659830093,0.1560024917125702,76
930,42,RVPI,0.0647913962602615,0.0737872421741485,76
863,42,RVPI,0.0469698421657085,0.0605707205832004,76
899,42,RVPI,0.0580156557261943,0.0864228829741478,76
821,42,RVPI,0.0635990723967552,0.0864776745438575,76
910,42,RVPI,0.1167297065258026,0.1571244001388549,76
921,42,RVPI,0.1447440534830093,0.1666049063205719,76
909,42,RVPI,0.1253493726253509,0.1524339765310287,76
843,42,RVPI,0.0861856043338775,0.1199645549058914,76
902,42,RVPI,0.0607820972800254,0.0812759846448898,76
957,42,RVPI,0.0464480444788932,0.0546344742178916,76
852,42,RVPI,0.0630065947771072,0.0890579745173454,76
856,42,RVPI,0.15072663128376,0.1494446396827697,76
906,42,RVPI,0.0994282886385917,0.149565503001213,76
869,42,RVPI,0.087345965206623,0.1184150353074073,76
839,42,RVPI,0.0562115907669067,0.0819404572248458,76
908,42,RVPI,0.0960500687360763,0.1492222547531128,76
832,42,RVPI,0.0469699241220951,0.2348082661628723,76
907,42,RVPI,0.0567158609628677,0.0794135853648185,76
920,42,RVPI,0.3670604526996612,0.1409713923931121,76
837,42,RVPI,0.0677863210439682,0.0665816143155098,76
864,42,RVPI,0.1446611285209655,0.1440380215644836,76
875,42,RVPI,0.0522265285253524,0.0943570658564567,76
935,42,RVPI,0.137781023979187,0.1586500257253646,76
967,42,RVPI,0.0613410957157611,0.0820612609386444,76
900,42,RVPI,0.1345008611679077,0.1643154770135879,76
891,42,RVPI,0.0467316433787345,0.0763493925333023,76
927,42,RVPI,0.0480240806937217,0.0981527343392372,76
956,42,RVPI,0.145760491490364,0.1658420264720916,76
964,42,RVPI,0.0805346667766571,0.1085428074002265,76
806,42,RVPI,0.0461670830845832,0.2098426818847656,76
983,42,RVPI,0.1226110905408859,0.1543055027723312,76
888,42,RVPI,0.3547701239585876,0.1226816996932029,76
845,42,RVPI,0.1035768911242485,0.1528521329164505,76
929,42,RVPI,0.0869904980063438,0.1170619651675224,76
865,42,RVPI,0.0532704852521419,0.0909782275557518,76
939,42,RVPI,0.079365037381649,0.1218159422278404,76
995,42,RVPI,0.0476443916559219,0.0866489708423614,76
932,42,RVPI,0.0464566349983215,0.0519209168851375,76
993,42,RVPI,0.0524316132068634,0.0830140113830566,76
918,42,RVPI,0.1230584159493446,0.1533436775207519,76
949,42,RVPI,0.0452292114496231,0.0512228459119796,76
951,42,RVPI,0.0568169951438903,0.0794088616967201,76
842,42,RVPI,0.142595499753952,0.1693363040685653,76
985,42,RVPI,0.1394084393978119,0.1507429629564285,76
827,42,RVPI,0.0781183093786239,0.1200578510761261,76
866,42,RVPI,0.0484823212027549,0.100273959338665,76
820,42,RVPI,0.0525220930576324,0.0830518305301666,76
836,42,RVPI,0.0526869893074035,0.0908406525850296,76
853,42,RVPI,0.0526690259575843,0.0832276046276092,76
897,42,RVPI,0.0562017895281314,0.0814779698848724,76
800,42,RVPI,0.0449462234973907,0.1049297600984573,76
824,42,RVPI,0.0633038282394409,0.0822555869817733,76
913,42,RVPI,0.0752822309732437,0.1050292328000068,76
978,42,RVPI,0.1117079704999923,0.1548138856887817,76
849,42,RVPI,0.0600137263536453,0.0817832797765731,76
813,42,RVPI,0.058510448783636,0.0814431607723236,76
962,42,RVPI,0.1062158942222595,0.1533794701099395,76
879,42,RVPI,0.0463673695921897,0.0535540208220481,76
823,42,RVPI,0.0939883589744567,0.1444017738103866,76
968,42,RVPI,0.0883643254637718,0.1247375905513763,76
997,42,RVPI,0.1446613371372223,0.1450075209140777,76
892,42,RVPI,0.3208094239234924,0.1667650789022445,76
840,42,RVPI,0.0798357427120208,0.1275660544633865,76
826,42,RVPI,0.045667003840208,0.1831220537424087,76
895,42,RVPI,0.5216460824012756,3.0420196056365967,76
915,42,RVPI,0.0467970333993434,0.057670708745718,76
903,42,RVPI,0.0449324958026409,0.1400908231735229,76
991,42,RVPI,0.052715428173542,0.0927148163318634,76
804,42,RVPI,0.0464094281196594,0.2181583493947982,76
970,42,RVPI,0.0937255546450614,0.1440223902463913,76
803,123,CoarseOnly,0.1127519607543945,0.1735717803239822,0
835,123,CoarseOnly,0.0450989678502082,0.0498077534139156,0
871,123,CoarseOnly,0.0451874285936355,0.0570251569151878,0
979,123,CoarseOnly,0.0890691727399826,0.1483985185623169,0
980,123,CoarseOnly,0.0899778008460998,0.15061716735363,0
834,123,CoarseOnly,0.0438562519848346,0.1083526313304901,0
829,123,CoarseOnly,0.1010394394397735,0.1668081283569336,0
981,123,CoarseOnly,0.0462502315640449,0.06028813123703,0
808,123,CoarseOnly,0.0639886036515235,0.0583104118704795,0
965,123,CoarseOnly,0.04787103459239,0.0618509761989116,0
934,123,CoarseOnly,0.0664504244923591,0.0615600980818271,0
971,123,CoarseOnly,0.0702369064092636,0.0718138366937637,0
861,123,CoarseOnly,0.5049211978912354,0.4907531440258026,0
977,123,CoarseOnly,0.0742009133100509,0.0884079784154892,0
990,123,CoarseOnly,0.0580607615411281,0.0582800172269344,0
828,123,CoarseOnly,0.0443336442112922,0.1643525063991546,0
858,123,CoarseOnly,0.1247931793332099,0.1755669713020324,0
938,123,CoarseOnly,0.4743615388870239,0.1709764897823333,0
976,123,CoarseOnly,0.0438575744628906,0.1132705435156822,0
955,123,CoarseOnly,0.0438669212162494,0.1192457601428031,0
872,123,CoarseOnly,0.1013491302728653,0.1670658886432647,0
867,123,CoarseOnly,0.0728981643915176,0.0824491083621978,0
841,123,CoarseOnly,0.0439637079834938,0.0881914943456649,0
830,123,CoarseOnly,0.0444373898208141,0.0546298660337924,0
946,123,CoarseOnly,0.4275102019309997,0.1509050726890564,0
952,123,CoarseOnly,0.0441376790404319,0.1512346267700195,0
923,123,CoarseOnly,0.0450645685195922,0.0513173639774322,0
925,123,CoarseOnly,0.0448961220681667,0.1932251304388046,0
953,123,CoarseOnly,0.0440359450876712,0.1429847627878189,0
846,123,CoarseOnly,0.1230190694332122,0.163366287946701,0
930,123,CoarseOnly,0.0647900700569152,0.0589415840804576,0
863,123,CoarseOnly,0.0451322570443153,0.0459165759384632,0
899,123,CoarseOnly,0.0584716312587261,0.0580541528761386,0
821,123,CoarseOnly,0.0638343691825866,0.0581470802426338,0
910,123,CoarseOnly,0.1204762756824493,0.1754593104124069,0
921,123,CoarseOnly,0.1359737664461136,0.1705840528011322,0
909,123,CoarseOnly,0.1322706639766693,0.1732737720012664,0
843,123,CoarseOnly,0.085072673857212,0.1365880966186523,0
902,123,CoarseOnly,0.0594527423381805,0.0576557666063308,0
957,123,CoarseOnly,0.0450848825275898,0.042886096984148,0
852,123,CoarseOnly,0.0634806603193283,0.0578387007117271,0
856,123,CoarseOnly,0.1365016251802444,0.1726606041193008,0
906,123,CoarseOnly,0.1026196405291557,0.1680749952793121,0
869,123,CoarseOnly,0.0846870169043541,0.1352310478687286,0
839,123,CoarseOnly,0.0560482256114482,0.0593462623655796,0
908,123,CoarseOnly,0.096331775188446,0.1618287563323974,0
832,123,CoarseOnly,0.0458662435412406,0.232314258813858,0
907,123,CoarseOnly,0.0556733980774879,0.0596172735095024,0
920,123,CoarseOnly,0.4541939496994018,0.1541792899370193,0
837,123,CoarseOnly,0.0659017488360405,0.0606127679347991,0
864,123,CoarseOnly,0.1221530213952064,0.1642296463251114,0
875,123,CoarseOnly,0.0493442676961422,0.0622104555368423,0
935,123,CoarseOnly,0.1751206517219543,0.1553149074316024,0
967,123,CoarseOnly,0.0618176348507404,0.0572086758911609,0
900,123,CoarseOnly,0.229580283164978,0.1589222997426986,0
891,123,CoarseOnly,0.0451430566608905,0.0568703301250934,0
927,123,CoarseOnly,0.046504758298397,0.0608030036091804,0
956,123,CoarseOnly,0.1636018306016922,0.157632902264595,0
964,123,CoarseOnly,0.0788579583168029,0.1108196452260017,0
806,123,CoarseOnly,0.0451123341917991,0.2027093917131424,0
983,123,CoarseOnly,0.1282828599214553,0.1749317646026611,0
888,123,CoarseOnly,0.4356209337711334,0.1470640748739242,0
845,123,CoarseOnly,0.1049134731292724,0.169672429561615,0
929,123,CoarseOnly,0.0843033567070961,0.1338844448328018,0
865,123,CoarseOnly,0.0525455698370933,0.0612718202173709,0
939,123,CoarseOnly,0.0769551992416381,0.1016766503453254,0
995,123,CoarseOnly,0.046120747923851,0.0602284558117389,0
932,123,CoarseOnly,0.0450910590589046,0.043190773576498,0
993,123,CoarseOnly,0.0497029237449169,0.0620881579816341,0
918,123,CoarseOnly,0.1275029778480529,0.1751163750886917,0
949,123,CoarseOnly,0.0450209826231002,0.0420993790030479,0
951,123,CoarseOnly,0.0557791441679,0.0596384145319461,0
842,123,CoarseOnly,0.1372341811656952,0.1757014691829681,0
985,123,CoarseOnly,0.1336314231157302,0.1630894839763641,0
827,123,CoarseOnly,0.0759962201118469,0.0970064252614975,0
866,123,CoarseOnly,0.0463696159422397,0.0605478957295417,0
820,123,CoarseOnly,0.0497960001230239,0.0620399676263332,0
836,123,CoarseOnly,0.0533606000244617,0.0609332248568534,0
853,123,CoarseOnly,0.0498915314674377,0.0621549412608146,0
897,123,CoarseOnly,0.0566776245832443,0.0589636489748954,0
800,123,CoarseOnly,0.0438915602862834,0.0982576832175254,0
824,123,CoarseOnly,0.0635541155934333,0.0579117164015769,0
913,123,CoarseOnly,0.0732421278953552,0.0839887261390686,0
978,123,CoarseOnly,0.1150317713618278,0.1743091940879821,0
849,123,CoarseOnly,0.0599133744835853,0.0574575141072273,0
813,123,CoarseOnly,0.0587161183357238,0.0579274632036685,0
962,123,CoarseOnly,0.1083760410547256,0.1716067045927047,0
879,123,CoarseOnly,0.0450308099389076,0.0542060025036335,0
823,123,CoarseOnly,0.0941688790917396,0.1587296724319458,0
968,123,CoarseOnly,0.0860654860734939,0.139874592423439,0
997,123,CoarseOnly,0.1221003904938697,0.1642501503229141,0
892,123,CoarseOnly,0.3569349944591522,0.1830396503210067,0
840,123,CoarseOnly,0.0773863866925239,0.1037409082055091,0
826,123,CoarseOnly,0.0446355529129505,0.1807942390441894,0
895,123,CoarseOnly,0.5099113583564758,1.9790400266647337,0
915,123,CoarseOnly,0.0451004728674888,0.0436473153531551,0
903,123,CoarseOnly,0.0439444817602634,0.133520245552063,0
991,123,CoarseOnly,0.0520563460886478,0.0614683851599693,0
804,123,CoarseOnly,0.0453447736799716,0.212362602353096,0
970,123,CoarseOnly,0.0939055532217025,0.1583121567964553,0
803,123,RandomMacro,0.1119093000888824,0.1549228727817535,76
835,123,RandomMacro,0.0462677888572216,0.0661716237664222,76
871,123,RandomMacro,0.0471131354570388,0.0785111263394355,76
979,123,RandomMacro,0.0879117175936698,0.1356737166643142,76
980,123,RandomMacro,0.0905976891517639,0.1425091177225113,76
834,123,RandomMacro,0.0444924421608448,0.1004351824522018,76
829,123,RandomMacro,0.1009950265288353,0.1479953229427337,76
981,123,RandomMacro,0.0482410006225109,0.0607355423271656,76
808,123,RandomMacro,0.0703304782509803,0.0831695944070816,76
965,123,RandomMacro,0.0515184849500656,0.1075605154037475,76
934,123,RandomMacro,0.068778857588768,0.0749934688210487,76
971,123,RandomMacro,0.0731533542275428,0.0961434096097946,76
861,123,RandomMacro,0.5743399262428284,0.3796224594116211,76
977,123,RandomMacro,0.072338156402111,0.0879747197031974,76
990,123,RandomMacro,0.0602566711604595,0.0685912445187568,76
828,123,RandomMacro,0.0456320010125637,0.1487182378768921,76
858,123,RandomMacro,0.1259027272462844,0.1556227803230285,76
938,123,RandomMacro,0.4253172278404236,0.1448665708303451,76
976,123,RandomMacro,0.044236920773983,0.1061604544520378,76
955,123,RandomMacro,0.0450018905103206,0.1145492643117904,76
872,123,RandomMacro,0.100797913968563,0.157700315117836,76
867,123,RandomMacro,0.0726219043135643,0.0940408408641815,76
841,123,RandomMacro,0.044418878853321,0.0897065550088882,76
830,123,RandomMacro,0.0451530665159225,0.0638163834810257,76
946,123,RandomMacro,0.4733913838863373,0.738309383392334,76
952,123,RandomMacro,0.0454126372933387,0.1454925239086151,76
923,123,RandomMacro,0.0461079142987728,0.0735228210687637,76
925,123,RandomMacro,0.0457492358982563,0.1941670477390289,76
953,123,RandomMacro,0.044520616531372,0.1556282937526703,76
846,123,RandomMacro,0.1275424212217331,0.1482586115598678,76
930,123,RandomMacro,0.0696428194642067,0.0572007894515991,76
863,123,RandomMacro,0.0473988018929958,0.0770331993699073,76
899,123,RandomMacro,0.0625632926821708,0.0507363639771938,76
821,123,RandomMacro,0.0693881586194038,0.0781510099768638,76
910,123,RandomMacro,0.1199197322130203,0.1570509970188141,76
921,123,RandomMacro,0.1493696123361587,0.1498500257730484,76
909,123,RandomMacro,0.1349617540836334,0.1518721282482147,76
843,123,RandomMacro,0.0882020890712738,0.1332820057868957,76
902,123,RandomMacro,0.060144118964672,0.0715671703219413,76
957,123,RandomMacro,0.0455761440098285,0.0428962931036949,76
852,123,RandomMacro,0.0704426914453506,0.079805202782154,76
856,123,RandomMacro,0.1563090831041336,0.1532493531703949,76
906,123,RandomMacro,0.1042624041438102,0.1568874269723892,76
869,123,RandomMacro,0.0873656347393989,0.1348959058523178,76
839,123,RandomMacro,0.0569120086729526,0.0781041607260704,76
908,123,RandomMacro,0.0968569815158844,0.1478699296712875,76
832,123,RandomMacro,0.0459186285734176,0.2137178927659988,76
907,123,RandomMacro,0.0547963008284568,0.0692255795001983,76
920,123,RandomMacro,0.5040386319160461,0.2882611155509949,76
837,123,RandomMacro,0.070128746330738,0.0748323276638984,76
864,123,RandomMacro,0.1350591033697128,0.156389981508255,76
875,123,RandomMacro,0.0536774396896362,0.1076657846570015,76
935,123,RandomMacro,0.2001379132270813,0.1309228539466858,76
967,123,RandomMacro,0.0650293231010437,0.0621892027556896,76
900,123,RandomMacro,0.2047378420829773,0.1473928540945053,76
891,123,RandomMacro,0.0479087606072425,0.0861832648515701,76
927,123,RandomMacro,0.0496896728873252,0.1155074387788772,76
956,123,RandomMacro,0.212504968047142,0.1693906933069229,76
964,123,RandomMacro,0.0800995007157325,0.1059099957346916,76
806,123,RandomMacro,0.0453821793198585,0.194084033370018,76
983,123,RandomMacro,0.1287649720907211,0.1748725771903991,76
888,123,RandomMacro,0.3863812983036041,0.2333097457885742,76
845,123,RandomMacro,0.1046387329697609,0.1539909839630127,76
929,123,RandomMacro,0.0846775695681572,0.1223675534129142,76
865,123,RandomMacro,0.0555952079594135,0.0638586208224296,76
939,123,RandomMacro,0.0793862640857696,0.1016747578978538,76
995,123,RandomMacro,0.0482149086892604,0.1124321892857551,76
932,123,RandomMacro,0.0451430268585681,0.0606111772358417,76
993,123,RandomMacro,0.0536973886191844,0.0698952004313469,76
918,123,RandomMacro,0.130586177110672,0.1516933590173721,76
949,123,RandomMacro,0.0475164912641048,0.0635240674018859,76
951,123,RandomMacro,0.0597157776355743,0.073040634393692,76
842,123,RandomMacro,0.1404536664485931,0.1501833945512771,76
985,123,RandomMacro,0.1440027803182602,0.1535575985908508,76
827,123,RandomMacro,0.0753582343459129,0.1021807417273521,76
866,123,RandomMacro,0.0488497763872146,0.0903306677937507,76
820,123,RandomMacro,0.052422646433115,0.0873721688985824,76
836,123,RandomMacro,0.0557940267026424,0.0941542536020279,76
853,123,RandomMacro,0.0519276298582553,0.1005131974816322,76
897,123,RandomMacro,0.0601936392486095,0.0873535647988319,76
800,123,RandomMacro,0.0451619252562522,0.1092033460736274,76
824,123,RandomMacro,0.0630487129092216,0.0806159749627113,76
913,123,RandomMacro,0.0759542509913444,0.0767256021499633,76
978,123,RandomMacro,0.1156008690595626,0.1547007709741592,76
849,123,RandomMacro,0.0592397078871727,0.0610261783003807,76
813,123,RandomMacro,0.0630036070942878,0.0807562470436096,76
962,123,RandomMacro,0.1091204732656478,0.1530918627977371,76
879,123,RandomMacro,0.0473617538809776,0.0700329542160034,76
823,123,RandomMacro,0.0968852192163467,0.1444085389375686,76
968,123,RandomMacro,0.0857929214835167,0.1265463829040527,76
997,123,RandomMacro,0.1242334023118019,0.1491476595401764,76
892,123,RandomMacro,0.3890736699104309,0.1227277293801307,76
840,123,RandomMacro,0.0802812203764915,0.1029286459088325,76
826,123,RandomMacro,0.0450613759458065,0.1645658612251281,76
895,123,RandomMacro,0.4176368415355682,0.6842501163482666,76
915,123,RandomMacro,0.0460776798427104,0.0859075114130973,76
903,123,RandomMacro,0.0446636117994785,0.1343207955360412,76
991,123,RandomMacro,0.0535283833742141,0.0711638405919075,76
804,123,RandomMacro,0.0462868139147758,0.1966359764337539,76
970,123,RandomMacro,0.0900012105703353,0.1437836289405822,76
803,123,UniformMacro,0.1108283028006553,0.1636883318424224,76
835,123,UniformMacro,0.0472746491432189,0.0732110291719436,76
871,123,UniformMacro,0.0480933561921119,0.0867062732577323,76
979,123,UniformMacro,0.0906042456626892,0.1404474079608917,76
980,123,UniformMacro,0.0915099158883094,0.1423423439264297,76
834,123,UniformMacro,0.0445749014616012,0.1071139425039291,76
829,123,UniformMacro,0.0998570993542671,0.1571573466062545,76
981,123,UniformMacro,0.0491693392395973,0.0901700854301452,76
808,123,UniformMacro,0.0671879276633262,0.0744537562131881,76
965,123,UniformMacro,0.0502291768789291,0.0959120616316795,76
934,123,UniformMacro,0.0689428821206092,0.0650197938084602,76
971,123,UniformMacro,0.0729611441493034,0.077326625585556,76
861,123,UniformMacro,0.4968991279602051,0.1657706946134567,76
977,123,UniformMacro,0.0744103640317916,0.095741756260395,76
990,123,UniformMacro,0.0622889958322048,0.0785536989569664,76
828,123,UniformMacro,0.0450858362019062,0.1561105996370315,76
858,123,UniformMacro,0.1238445043563842,0.1669230312108993,76
938,123,UniformMacro,0.586208701133728,0.3957884609699249,76
976,123,UniformMacro,0.0445734299719333,0.1116214022040367,76
955,123,UniformMacro,0.0446333065629005,0.1220865100622177,76
872,123,UniformMacro,0.100323848426342,0.1573675870895385,76
867,123,UniformMacro,0.0758184120059013,0.0920550227165222,76
841,123,UniformMacro,0.044732604175806,0.0938596129417419,76
830,123,UniformMacro,0.0447680130600929,0.0624091364443302,76
946,123,UniformMacro,0.4713573753833771,1.9359103441238403,76
952,123,UniformMacro,0.0449081808328628,0.1547655314207077,76
923,123,UniformMacro,0.0473194345831871,0.0741831138730049,76
925,123,UniformMacro,0.0456823222339153,0.1845678389072418,76
953,123,UniformMacro,0.0447906777262687,0.1470937430858612,76
846,123,UniformMacro,0.1545253545045852,0.1668329983949661,76
930,123,UniformMacro,0.0679062455892562,0.0737045779824256,76
863,123,UniformMacro,0.0471585728228092,0.0798356086015701,76
899,123,UniformMacro,0.0626887902617454,0.0781713277101516,76
821,123,UniformMacro,0.0670714974403381,0.0727698132395744,76
910,123,UniformMacro,0.123355858027935,0.1653079986572265,76
921,123,UniformMacro,0.1458193510770797,0.1655782461166381,76
909,123,UniformMacro,0.1349195837974548,0.1653990298509597,76
843,123,UniformMacro,0.0841379538178443,0.1307332813739776,76
902,123,UniformMacro,0.0630629807710647,0.079119898378849,76
957,123,UniformMacro,0.0465870276093483,0.0828082710504531,76
852,123,UniformMacro,0.0667659193277359,0.073024146258831,76
856,123,UniformMacro,0.1533493548631668,0.1608307659626007,76
906,123,UniformMacro,0.0998915359377861,0.1578344404697418,76
869,123,UniformMacro,0.0837370157241821,0.1296282261610031,76
839,123,UniformMacro,0.0581580623984336,0.0823679417371749,76
908,123,UniformMacro,0.0962134599685669,0.1521497219800949,76
832,123,UniformMacro,0.0466991551220417,0.2273762971162796,76
907,123,UniformMacro,0.0586948804557323,0.0783530846238136,76
920,123,UniformMacro,0.5355444550514221,1.7918277978897097,76
837,123,UniformMacro,0.0695639103651046,0.0688223838806152,76
864,123,UniformMacro,0.1336956024169922,0.1595013737678527,76
875,123,UniformMacro,0.0529942698776721,0.0841950476169586,76
935,123,UniformMacro,0.1913988590240478,0.2181790769100189,76
967,123,UniformMacro,0.0656544268131256,0.0773234218358993,76
900,123,UniformMacro,0.1494822651147842,0.1620772033929824,76
891,123,UniformMacro,0.0480641424655914,0.085750937461853,76
927,123,UniformMacro,0.0491114407777786,0.0892690271139144,76
956,123,UniformMacro,0.2162322252988815,0.1447627693414688,76
964,123,UniformMacro,0.0781683921813964,0.1099232360720634,76
806,123,UniformMacro,0.0458973795175552,0.1932596415281295,76
983,123,UniformMacro,0.1287831217050552,0.1668790727853775,76
888,123,UniformMacro,0.4503368735313415,0.1427892297506332,76
845,123,UniformMacro,0.1022551208734512,0.1603144705295562,76
929,123,UniformMacro,0.0833923146128654,0.128560721874237,76
865,123,UniformMacro,0.0562159791588783,0.0825798287987709,76
939,123,UniformMacro,0.0762061849236488,0.101534366607666,76
995,123,UniformMacro,0.0490019619464874,0.089911863207817,76
932,123,UniformMacro,0.0466403439640998,0.0801394283771514,76
993,123,UniformMacro,0.053225003182888,0.0818172916769981,76
918,123,UniformMacro,0.1262257844209671,0.1652341187000274,76
949,123,UniformMacro,0.0468482300639152,0.0827198848128318,76
951,123,UniformMacro,0.0569159984588623,0.0815174952149391,76
842,123,UniformMacro,0.1426416039466858,0.1614585220813751,76
985,123,UniformMacro,0.1437703967094421,0.1581779420375824,76
827,123,UniformMacro,0.0762393623590469,0.0975381731986999,76
866,123,UniformMacro,0.0496592633426189,0.0881986021995544,76
820,123,UniformMacro,0.05338941141963,0.0819885805249214,76
836,123,UniformMacro,0.0570408031344413,0.08062494546175,76
853,123,UniformMacro,0.0534713789820671,0.0818056762218475,76
897,123,UniformMacro,0.0609377734363079,0.0835501253604888,76
800,123,UniformMacro,0.0447206124663353,0.0999949797987937,76
824,123,UniformMacro,0.0668285861611366,0.0730358362197876,76
913,123,UniformMacro,0.0734387263655662,0.0929310619831085,76
978,123,UniformMacro,0.1133659929037094,0.1625612080097198,76
849,123,UniformMacro,0.0604277364909648,0.0788818076252937,76
813,123,UniformMacro,0.0622844845056533,0.0787452086806297,76
962,123,UniformMacro,0.1058650687336921,0.1619332730770111,76
879,123,UniformMacro,0.0475162006914615,0.0696261450648307,76
823,123,UniformMacro,0.0927026867866516,0.1508548557758331,76
968,123,UniformMacro,0.0867568999528884,0.1329908370971679,76
997,123,UniformMacro,0.1393135786056518,0.1614926010370254,76
892,123,UniformMacro,0.4378473162651062,2.024346351623535,76
840,123,UniformMacro,0.0766248553991317,0.1067751795053482,76
826,123,UniformMacro,0.0454145781695842,0.1755213290452957,76
895,123,UniformMacro,0.5564531683921814,2.852791547775269,76
915,123,UniformMacro,0.0468613654375076,0.07415521889925,76
903,123,UniformMacro,0.0446954518556594,0.1352866888046264,76
991,123,UniformMacro,0.0564544945955276,0.0836541429162025,76
804,123,UniformMacro,0.046139545738697,0.2053937762975692,76
970,123,UniformMacro,0.0924520939588546,0.1505248993635177,76
803,123,GradientMacro,0.1140909418463707,0.1734610348939895,76
835,123,GradientMacro,0.0454992763698101,0.0498542040586471,76
871,123,GradientMacro,0.0457727499306201,0.0571993999183177,76
979,123,GradientMacro,0.0907825976610183,0.1483916491270065,76
980,123,GradientMacro,0.0916963741183281,0.1506150811910629,76
834,123,GradientMacro,0.0449965074658393,0.108523242175579,76
829,123,GradientMacro,0.1009822115302085,0.1668281704187393,76
981,123,GradientMacro,0.0469074770808219,0.0603201575577259,76
808,123,GradientMacro,0.0667454078793525,0.0582179091870784,76
965,123,GradientMacro,0.0488827526569366,0.0617653094232082,76
934,123,GradientMacro,0.0691995248198509,0.0615288466215133,76
971,123,GradientMacro,0.0724973231554031,0.0717789977788925,76
861,123,GradientMacro,0.4516461789608001,3.5667059421539307,76
977,123,GradientMacro,0.0754444077610969,0.0883889868855476,76
990,123,GradientMacro,0.0598557628691196,0.0581198707222938,76
828,123,GradientMacro,0.0456700176000595,0.1641308963298797,76
858,123,GradientMacro,0.1239561662077903,0.174904003739357,76
938,123,GradientMacro,0.6466109156608582,2.2573435306549072,76
976,123,GradientMacro,0.0450080633163452,0.1132251620292663,76
955,123,GradientMacro,0.0450497418642044,0.1192323938012123,76
872,123,GradientMacro,0.1012888103723526,0.1670700460672378,76
867,123,GradientMacro,0.0745132863521575,0.0824596807360649,76
841,123,GradientMacro,0.0450140610337257,0.0883932933211326,76
830,123,GradientMacro,0.0453137345612049,0.0548333898186683,76
946,123,GradientMacro,0.4210574030876159,2.41713547706604,76
952,123,GradientMacro,0.0454338230192661,0.1512770801782608,76
923,123,GradientMacro,0.0454905331134796,0.0512878596782684,76
925,123,GradientMacro,0.0462271310389041,0.1931940615177154,76
953,123,GradientMacro,0.0453021451830863,0.1429316401481628,76
846,123,GradientMacro,0.1438560634851455,0.1641990691423416,76
930,123,GradientMacro,0.0676599517464637,0.0590616799890995,76
863,123,GradientMacro,0.0455752238631248,0.0458782948553562,76
899,123,GradientMacro,0.062457151710987,0.0580429285764694,76
821,123,GradientMacro,0.0666270554065704,0.058118961751461,76
910,123,GradientMacro,0.1196050345897674,0.1752471625804901,76
921,123,GradientMacro,0.1435583382844925,0.1739484965801239,76
909,123,GradientMacro,0.1365619897842407,0.1733127236366272,76
843,123,GradientMacro,0.0874279588460922,0.1365897357463836,76
902,123,GradientMacro,0.0619259215891361,0.0576479621231555,76
957,123,GradientMacro,0.0456165187060833,0.0430160462856292,76
852,123,GradientMacro,0.0672158449888229,0.0578333176672458,76
856,123,GradientMacro,0.1355423480272293,0.1678325533866882,76
906,123,GradientMacro,0.1028585582971572,0.1680822521448135,76
869,123,GradientMacro,0.0870546922087669,0.1352328956127166,76
839,123,GradientMacro,0.05609667673707,0.0592029616236686,76
908,123,GradientMacro,0.0979116410017013,0.1618267595767974,76
832,123,GradientMacro,0.0472669787704944,0.2324211150407791,76
907,123,GradientMacro,0.0552469678223133,0.0594806335866451,76
920,123,GradientMacro,0.6570981740951538,1.446020245552063,76
837,123,GradientMacro,0.0687057301402092,0.0606756135821342,76
864,123,GradientMacro,0.1440272033214569,0.1651661843061447,76
875,123,GradientMacro,0.0498734563589096,0.0620719268918037,76
935,123,GradientMacro,0.3219720125198364,0.1488124579191208,76
967,123,GradientMacro,0.0637160316109657,0.0572379045188427,76
900,123,GradientMacro,0.2480428963899612,0.1532390117645263,76
891,123,GradientMacro,0.0456786826252937,0.0567467026412487,76
927,123,GradientMacro,0.04688086733222,0.0607986263930797,76
956,123,GradientMacro,0.3408694267272949,0.184085264801979,76
964,123,GradientMacro,0.0805750116705894,0.1108215153217315,76
806,123,GradientMacro,0.0464653372764587,0.2026796638965606,76
983,123,GradientMacro,0.1280029714107513,0.1745626181364059,76
888,123,GradientMacro,0.4046729803085327,0.1561308205127716,76
845,123,GradientMacro,0.1061544418334961,0.1695956587791443,76
929,123,GradientMacro,0.0864171236753463,0.133872389793396,76
865,123,GradientMacro,0.0526316165924072,0.0612039975821971,76
939,123,GradientMacro,0.0785966739058494,0.101676732301712,76
995,123,GradientMacro,0.0467145033180713,0.0602615438401699,76
932,123,GradientMacro,0.045606680214405,0.0428653582930564,76
993,123,GradientMacro,0.0530005991458892,0.0620805546641349,76
918,123,GradientMacro,0.1272200047969818,0.174743965268135,76
949,123,GradientMacro,0.0456059649586677,0.0419329851865768,76
951,123,GradientMacro,0.055375799536705,0.0595424957573413,76
842,123,GradientMacro,0.1364444196224212,0.170671284198761,76
985,123,GradientMacro,0.133144810795784,0.1574510931968689,76
827,123,GradientMacro,0.0773863568902015,0.0969959795475006,76
866,123,GradientMacro,0.0467618741095066,0.060553852468729,76
820,123,GradientMacro,0.0503072850406169,0.0619766153395175,76
836,123,GradientMacro,0.0558082461357116,0.0610226243734359,76
853,123,GradientMacro,0.0504082441329956,0.0620953850448131,76
897,123,GradientMacro,0.0565623305737972,0.0589254908263683,76
800,123,GradientMacro,0.0449857674539089,0.0981948748230934,76
824,123,GradientMacro,0.066907912492752,0.0579421371221542,76
913,123,GradientMacro,0.0747468471527099,0.0839920565485954,76
978,123,GradientMacro,0.1149488314986229,0.174325630068779,76
849,123,GradientMacro,0.061279322952032,0.0574055761098861,76
813,123,GradientMacro,0.0677495747804641,0.0578400865197181,76
962,123,GradientMacro,0.1087182238698005,0.1715550422668457,76
879,123,GradientMacro,0.0455072112381458,0.0540429316461086,76
823,123,GradientMacro,0.0958107784390449,0.1587279140949249,76
968,123,GradientMacro,0.088750921189785,0.1398778259754181,76
997,123,GradientMacro,0.1426095366477966,0.1720934212207794,76
892,123,GradientMacro,0.3457894325256347,0.1519619673490524,76
840,123,GradientMacro,0.0792230293154716,0.1037336736917495,76
826,123,GradientMacro,0.0461000427603721,0.1806796640157699,76
895,123,GradientMacro,0.5254111886024475,3.795253753662109,76
915,123,GradientMacro,0.0455568060278892,0.0434583351016044,76
903,123,GradientMacro,0.0451806373894214,0.133476048707962,76
991,123,GradientMacro,0.0541196875274181,0.0614321045577526,76
804,123,GradientMacro,0.0467129871249198,0.2124222666025161,76
970,123,GradientMacro,0.0955372303724289,0.1583051979541778,76
803,123,SetAwareMyopicMacro,0.1135700196027755,0.1733896732330322,76
835,123,SetAwareMyopicMacro,0.0454992763698101,0.0498542040586471,76
871,123,SetAwareMyopicMacro,0.0457733683288097,0.0570087730884552,76
979,123,SetAwareMyopicMacro,0.0908499211072921,0.1483896672725677,76
980,123,SetAwareMyopicMacro,0.0917430818080902,0.1506089121103286,76
834,123,SetAwareMyopicMacro,0.0447653494775295,0.1076924726366996,76
829,123,SetAwareMyopicMacro,0.1006213203072547,0.166789025068283,76
981,123,SetAwareMyopicMacro,0.0469074770808219,0.0603201575577259,76
808,123,SetAwareMyopicMacro,0.0667454078793525,0.0582179091870784,76
965,123,SetAwareMyopicMacro,0.0488827526569366,0.0617653094232082,76
934,123,SetAwareMyopicMacro,0.0691995248198509,0.0615288466215133,76
971,123,SetAwareMyopicMacro,0.0724973231554031,0.0717789977788925,76
861,123,SetAwareMyopicMacro,0.4516461789608001,3.5667059421539307,76
977,123,SetAwareMyopicMacro,0.0754444077610969,0.0883889868855476,76
990,123,SetAwareMyopicMacro,0.0598557628691196,0.0581198707222938,76
828,123,SetAwareMyopicMacro,0.0453749485313892,0.1639668494462967,76
858,123,SetAwareMyopicMacro,0.1231695041060447,0.1759172976016998,76
938,123,SetAwareMyopicMacro,0.6285679340362549,1.540915608406067,76
976,123,SetAwareMyopicMacro,0.044779110699892,0.1125792041420936,76
955,123,SetAwareMyopicMacro,0.0448076054453849,0.1187999173998832,76
872,123,SetAwareMyopicMacro,0.1009125337004661,0.1670431792736053,76
867,123,SetAwareMyopicMacro,0.0745132863521575,0.0824596807360649,76
841,123,SetAwareMyopicMacro,0.0446657463908195,0.0888571664690971,76
830,123,SetAwareMyopicMacro,0.0451588556170463,0.0546589754521846,76
946,123,SetAwareMyopicMacro,0.4210574030876159,2.41713547706604,76
952,123,SetAwareMyopicMacro,0.0451569892466068,0.1509162187576294,76
923,123,SetAwareMyopicMacro,0.0454905331134796,0.0512878596782684,76
925,123,SetAwareMyopicMacro,0.0459666773676872,0.1931351870298385,76
953,123,SetAwareMyopicMacro,0.0450332835316658,0.1425248235464096,76
846,123,SetAwareMyopicMacro,0.1426018923521042,0.1659075915813446,76
930,123,SetAwareMyopicMacro,0.0676599517464637,0.0590616799890995,76
863,123,SetAwareMyopicMacro,0.0455752238631248,0.0458782948553562,76
899,123,SetAwareMyopicMacro,0.062457151710987,0.0580429285764694,76
821,123,SetAwareMyopicMacro,0.0666270554065704,0.058118961751461,76
910,123,SetAwareMyopicMacro,0.1198564544320106,0.1755392700433731,76
921,123,SetAwareMyopicMacro,0.1442898958921432,0.1748964786529541,76
909,123,SetAwareMyopicMacro,0.1331629753112793,0.1751177459955215,76
843,123,SetAwareMyopicMacro,0.0874279588460922,0.1365897357463836,76
902,123,SetAwareMyopicMacro,0.0596533827483654,0.0575229227542877,76
957,123,SetAwareMyopicMacro,0.0456165187060833,0.0430160462856292,76
852,123,SetAwareMyopicMacro,0.0672158449888229,0.0578333176672458,76
856,123,SetAwareMyopicMacro,0.1452844142913818,0.1760897189378738,76
906,123,SetAwareMyopicMacro,0.1024224832653999,0.1680334955453872,76
869,123,SetAwareMyopicMacro,0.0870546922087669,0.1352328956127166,76
839,123,SetAwareMyopicMacro,0.05609667673707,0.0592029616236686,76
908,123,SetAwareMyopicMacro,0.096377395093441,0.1618520766496658,76
832,123,SetAwareMyopicMacro,0.0469763725996017,0.2327593564987182,76
907,123,SetAwareMyopicMacro,0.0552469678223133,0.0594806335866451,76
920,123,SetAwareMyopicMacro,0.6570981740951538,1.446020245552063,76
837,123,SetAwareMyopicMacro,0.0687057301402092,0.0606756135821342,76
864,123,SetAwareMyopicMacro,0.1379405260086059,0.1634156107902526,76
875,123,SetAwareMyopicMacro,0.0498734563589096,0.0620719268918037,76
935,123,SetAwareMyopicMacro,0.3219720125198364,0.1488124579191208,76
967,123,SetAwareMyopicMacro,0.0637160316109657,0.0572379045188427,76
900,123,SetAwareMyopicMacro,0.2480428963899612,0.1532390117645263,76
891,123,SetAwareMyopicMacro,0.0456786826252937,0.0567467026412487,76
927,123,SetAwareMyopicMacro,0.04688086733222,0.0607986263930797,76
956,123,SetAwareMyopicMacro,0.3408694267272949,0.184085264801979,76
964,123,SetAwareMyopicMacro,0.0805750116705894,0.1108215153217315,76
806,123,SetAwareMyopicMacro,0.0461867116391658,0.2027589231729507,76
983,123,SetAwareMyopicMacro,0.1269978880882263,0.1756357699632644,76
888,123,SetAwareMyopicMacro,0.4046729803085327,0.1561308205127716,76
845,123,SetAwareMyopicMacro,0.1058279499411583,0.1696027666330337,76
929,123,SetAwareMyopicMacro,0.0864171236753463,0.133872389793396,76
865,123,SetAwareMyopicMacro,0.0526316165924072,0.0612039975821971,76
939,123,SetAwareMyopicMacro,0.0785966739058494,0.101676732301712,76
995,123,SetAwareMyopicMacro,0.0467145033180713,0.0602615438401699,76
932,123,SetAwareMyopicMacro,0.045606680214405,0.0428653582930564,76
993,123,SetAwareMyopicMacro,0.0530005991458892,0.0620805546641349,76
918,123,SetAwareMyopicMacro,0.1262054294347763,0.1755884736776352,76
949,123,SetAwareMyopicMacro,0.0456059649586677,0.0419329851865768,76
951,123,SetAwareMyopicMacro,0.055375799536705,0.0595424957573413,76
842,123,SetAwareMyopicMacro,0.1474616825580597,0.1753939539194107,76
985,123,SetAwareMyopicMacro,0.1429548859596252,0.1707743555307388,76
827,123,SetAwareMyopicMacro,0.0773863568902015,0.0969959795475006,76
866,123,SetAwareMyopicMacro,0.0467618741095066,0.060553852468729,76
820,123,SetAwareMyopicMacro,0.0503072850406169,0.0619766153395175,76
836,123,SetAwareMyopicMacro,0.0558082461357116,0.0610226243734359,76
853,123,SetAwareMyopicMacro,0.0504082441329956,0.0620953850448131,76
897,123,SetAwareMyopicMacro,0.0565623305737972,0.0589254908263683,76
800,123,SetAwareMyopicMacro,0.0447682328522205,0.097356878221035,76
824,123,SetAwareMyopicMacro,0.066907912492752,0.0579421371221542,76
913,123,SetAwareMyopicMacro,0.0747468471527099,0.0839920565485954,76
978,123,SetAwareMyopicMacro,0.1142767071723938,0.1742092669010162,76
849,123,SetAwareMyopicMacro,0.061279322952032,0.0574055761098861,76
813,123,SetAwareMyopicMacro,0.0677495747804641,0.0578400865197181,76
962,123,SetAwareMyopicMacro,0.1083039566874504,0.1715519279241562,76
879,123,SetAwareMyopicMacro,0.0455072112381458,0.0540429316461086,76
823,123,SetAwareMyopicMacro,0.0958649665117263,0.1587293893098831,76
968,123,SetAwareMyopicMacro,0.088750921189785,0.1398778259754181,76
997,123,SetAwareMyopicMacro,0.1399392038583755,0.1649544686079025,76
892,123,SetAwareMyopicMacro,0.3457894325256347,0.1519619673490524,76
840,123,SetAwareMyopicMacro,0.0792230293154716,0.1037336736917495,76
826,123,SetAwareMyopicMacro,0.045693501830101,0.1806763261556625,76
895,123,SetAwareMyopicMacro,0.5254111886024475,3.795253753662109,76
915,123,SetAwareMyopicMacro,0.0455568060278892,0.0434583351016044,76
903,123,SetAwareMyopicMacro,0.0449166446924209,0.1329725682735443,76
991,123,SetAwareMyopicMacro,0.0541196875274181,0.0614321045577526,76
804,123,SetAwareMyopicMacro,0.0464397519826889,0.2126017212867736,76
970,123,SetAwareMyopicMacro,0.0956004634499549,0.1583018600940704,76
803,123,BeamBC,0.1133384108543396,0.1730837374925613,76
835,123,BeamBC,0.0456848330795764,0.0496042259037494,76
871,123,BeamBC,0.0471420809626579,0.0582183822989463,76
979,123,BeamBC,0.090929239988327,0.1483924984931945,76
980,123,BeamBC,0.0918306484818458,0.150590494275093,76
834,123,BeamBC,0.0446766503155231,0.1121332049369812,76
829,123,BeamBC,0.0996851027011871,0.1493143588304519,76
981,123,BeamBC,0.046855304390192,0.0606976710259914,76
808,123,BeamBC,0.0657557174563407,0.0699852034449577,76
965,123,BeamBC,0.0491434670984745,0.0614912770688533,76
934,123,BeamBC,0.0671491548418998,0.0621858350932598,76
971,123,BeamBC,0.0717502236366272,0.0714685395359993,76
861,123,BeamBC,0.5213996767997742,0.3376952409744262,76
977,123,BeamBC,0.0764982253313064,0.0873713195323944,76
990,123,BeamBC,0.0577369593083858,0.0582892410457134,76
828,123,BeamBC,0.0452682077884674,0.1559673398733139,76
858,123,BeamBC,0.1221783608198165,0.1649610102176666,76
938,123,BeamBC,0.5539729595184326,1.8266335725784304,76
976,123,BeamBC,0.044688656926155,0.1168104782700538,76
955,123,BeamBC,0.0447203330695629,0.123147465288639,76
872,123,BeamBC,0.1013894826173782,0.1590039581060409,76
867,123,BeamBC,0.0749397873878479,0.0821555629372596,76
841,123,BeamBC,0.0447424426674842,0.079622708261013,76
830,123,BeamBC,0.0457692369818687,0.0571670047938823,76
946,123,BeamBC,0.3331569731235504,0.2081673890352249,76
952,123,BeamBC,0.0450348816812038,0.1444345861673355,76
923,123,BeamBC,0.0455023534595966,0.0514769032597541,76
925,123,BeamBC,0.045894056558609,0.1840011924505233,76
953,123,BeamBC,0.0449019931256771,0.136454775929451,76
846,123,BeamBC,0.1348937302827835,0.1793071031570434,76
930,123,BeamBC,0.067234992980957,0.0581713542342186,76
863,123,BeamBC,0.045585460960865,0.0456179194152355,76
899,123,BeamBC,0.0583519041538238,0.0580462031066417,76
821,123,BeamBC,0.0651732385158538,0.0577347166836261,76
910,123,BeamBC,0.1179067492485046,0.1657212525606155,76
921,123,BeamBC,0.1455010771751403,0.1480108946561813,76
909,123,BeamBC,0.1299179792404174,0.1740712523460388,76
843,123,BeamBC,0.0852537676692009,0.1221581995487213,76
902,123,BeamBC,0.0591539293527603,0.0578020513057708,76
957,123,BeamBC,0.045659452676773,0.0429447926580905,76
852,123,BeamBC,0.0647397860884666,0.0574649460613727,76
856,123,BeamBC,0.1363720446825027,0.1472919285297393,76
906,123,BeamBC,0.1006288900971412,0.1600943803787231,76
869,123,BeamBC,0.0867164954543113,0.1207958161830902,76
839,123,BeamBC,0.055601879954338,0.0594804808497428,76
908,123,BeamBC,0.0965095087885856,0.156519815325737,76
832,123,BeamBC,0.0469144098460674,0.2145454585552215,76
907,123,BeamBC,0.054708331823349,0.0598456412553787,76
920,123,BeamBC,0.5089693665504456,0.451282650232315,76
837,123,BeamBC,0.0672776326537132,0.059454258531332,76
864,123,BeamBC,0.1418509781360626,0.1760726869106292,76
875,123,BeamBC,0.0492089577019214,0.0624538585543632,76
935,123,BeamBC,0.1646234989166259,0.1648768484592437,76
967,123,BeamBC,0.0627600103616714,0.0573280975222587,76
900,123,BeamBC,0.1464220285415649,0.1620700806379318,76
891,123,BeamBC,0.0470852367579937,0.0578554831445217,76
927,123,BeamBC,0.0472057163715362,0.0609668456017971,76
956,123,BeamBC,0.1463982462882995,0.1628385037183761,76
964,123,BeamBC,0.080510102212429,0.1102685928344726,76
806,123,BeamBC,0.0461181811988353,0.1929713934659958,76
983,123,BeamBC,0.1242536902427673,0.1634498834609985,76
888,123,BeamBC,0.3468217849731445,0.2221242487430572,76
845,123,BeamBC,0.1050257012248039,0.1513354927301406,76
929,123,BeamBC,0.0862084329128265,0.1195013672113418,76
865,123,BeamBC,0.0522551462054252,0.0611912086606025,76
939,123,BeamBC,0.0802855268120765,0.1007420048117637,76
995,123,BeamBC,0.0463052541017532,0.0609225369989872,76
932,123,BeamBC,0.0456552766263484,0.043337132781744,76
993,123,BeamBC,0.0503131374716758,0.0620051212608814,76
918,123,BeamBC,0.1279049664735794,0.1690519154071808,76
949,123,BeamBC,0.0455834008753299,0.0418159998953342,76
951,123,BeamBC,0.0548030808568,0.0596705041825771,76
842,123,BeamBC,0.1463782340288162,0.1563573032617569,76
985,123,BeamBC,0.1395295709371566,0.1698018759489059,76
827,123,BeamBC,0.079382337629795,0.096046894788742,76
866,123,BeamBC,0.0470163226127624,0.0607957392930984,76
820,123,BeamBC,0.0496511571109294,0.062402356415987,76
836,123,BeamBC,0.054493773728609,0.0614366978406906,76
853,123,BeamBC,0.0499976612627506,0.06189426779747,76
897,123,BeamBC,0.0558414347469806,0.0589041449129581,76
800,123,BeamBC,0.0446742363274097,0.1025951579213142,76
824,123,BeamBC,0.0650015547871589,0.0575726553797721,76
913,123,BeamBC,0.0746195912361145,0.0838230326771736,76
978,123,BeamBC,0.1159426644444465,0.1743929088115692,76
849,123,BeamBC,0.0594867691397666,0.0574273169040679,76
813,123,BeamBC,0.0586247593164444,0.0580509565770626,76
962,123,BeamBC,0.1064934656023979,0.1716525703668594,76
879,123,BeamBC,0.0454976856708526,0.0538717843592166,76
823,123,BeamBC,0.0963496565818786,0.1587338894605636,76
968,123,BeamBC,0.0888794437050819,0.1398419290781021,76
997,123,BeamBC,0.1461239904165268,0.1840800195932388,76
892,123,BeamBC,0.3318798542022705,0.1607268452644348,76
840,123,BeamBC,0.0804979726672172,0.1029564440250396,76
826,123,BeamBC,0.0456110388040542,0.1720741838216781,76
895,123,BeamBC,0.5067839622497559,2.981552839279175,76
915,123,BeamBC,0.0455637946724891,0.0438331551849842,76
903,123,BeamBC,0.0447706319391727,0.1276407241821289,76
991,123,BeamBC,0.0544774234294891,0.0611143335700035,76
804,123,BeamBC,0.0463729798793792,0.2027593553066253,76
970,123,BeamBC,0.0959861278533935,0.1583049595355987,76
803,123,ImmediateOnlyPI,0.1133384108543396,0.1730837374925613,76
835,123,ImmediateOnlyPI,0.0456848330795764,0.0496042259037494,76
871,123,ImmediateOnlyPI,0.0471420809626579,0.0582183822989463,76
979,123,ImmediateOnlyPI,0.090929239988327,0.1483924984931945,76
980,123,ImmediateOnlyPI,0.0918306484818458,0.150590494275093,76
834,123,ImmediateOnlyPI,0.0446766503155231,0.1121332049369812,76
829,123,ImmediateOnlyPI,0.0996851027011871,0.1493143588304519,76
981,123,ImmediateOnlyPI,0.046855304390192,0.0606976710259914,76
808,123,ImmediateOnlyPI,0.0657557174563407,0.0699852034449577,76
965,123,ImmediateOnlyPI,0.0491434670984745,0.0614912770688533,76
934,123,ImmediateOnlyPI,0.0671491548418998,0.0621858350932598,76
971,123,ImmediateOnlyPI,0.0717502236366272,0.0714685395359993,76
861,123,ImmediateOnlyPI,0.5213996767997742,0.3376952409744262,76
977,123,ImmediateOnlyPI,0.0764982253313064,0.0873713195323944,76
990,123,ImmediateOnlyPI,0.0577369593083858,0.0582892410457134,76
828,123,ImmediateOnlyPI,0.0452682077884674,0.1559673398733139,76
858,123,ImmediateOnlyPI,0.1221783608198165,0.1649610102176666,76
938,123,ImmediateOnlyPI,0.5539729595184326,1.8266335725784304,76
976,123,ImmediateOnlyPI,0.044688656926155,0.1168104782700538,76
955,123,ImmediateOnlyPI,0.0447203330695629,0.123147465288639,76
872,123,ImmediateOnlyPI,0.1013894826173782,0.1590039581060409,76
867,123,ImmediateOnlyPI,0.0749397873878479,0.0821555629372596,76
841,123,ImmediateOnlyPI,0.0447424426674842,0.079622708261013,76
830,123,ImmediateOnlyPI,0.0457692369818687,0.0571670047938823,76
946,123,ImmediateOnlyPI,0.3331569731235504,0.2081673890352249,76
952,123,ImmediateOnlyPI,0.0450348816812038,0.1444345861673355,76
923,123,ImmediateOnlyPI,0.0455023534595966,0.0514769032597541,76
925,123,ImmediateOnlyPI,0.045894056558609,0.1840011924505233,76
953,123,ImmediateOnlyPI,0.0449019931256771,0.136454775929451,76
846,123,ImmediateOnlyPI,0.1348937302827835,0.1793071031570434,76
930,123,ImmediateOnlyPI,0.067234992980957,0.0581713542342186,76
863,123,ImmediateOnlyPI,0.045585460960865,0.0456179194152355,76
899,123,ImmediateOnlyPI,0.0583519041538238,0.0580462031066417,76
821,123,ImmediateOnlyPI,0.0651732385158538,0.0577347166836261,76
910,123,ImmediateOnlyPI,0.1179067492485046,0.1657212525606155,76
921,123,ImmediateOnlyPI,0.1455010771751403,0.1480108946561813,76
909,123,ImmediateOnlyPI,0.1299179792404174,0.1740712523460388,76
843,123,ImmediateOnlyPI,0.0852537676692009,0.1221581995487213,76
902,123,ImmediateOnlyPI,0.0591539293527603,0.0578020513057708,76
957,123,ImmediateOnlyPI,0.045659452676773,0.0429447926580905,76
852,123,ImmediateOnlyPI,0.0647397860884666,0.0574649460613727,76
856,123,ImmediateOnlyPI,0.1363720446825027,0.1472919285297393,76
906,123,ImmediateOnlyPI,0.1006288900971412,0.1600943803787231,76
869,123,ImmediateOnlyPI,0.0867164954543113,0.1207958161830902,76
839,123,ImmediateOnlyPI,0.055601879954338,0.0594804808497428,76
908,123,ImmediateOnlyPI,0.0965095087885856,0.156519815325737,76
832,123,ImmediateOnlyPI,0.0469144098460674,0.2145454585552215,76
907,123,ImmediateOnlyPI,0.054708331823349,0.0598456412553787,76
920,123,ImmediateOnlyPI,0.5089693665504456,0.451282650232315,76
837,123,ImmediateOnlyPI,0.0672776326537132,0.059454258531332,76
864,123,ImmediateOnlyPI,0.1418509781360626,0.1760726869106292,76
875,123,ImmediateOnlyPI,0.0492089577019214,0.0624538585543632,76
935,123,ImmediateOnlyPI,0.1646234989166259,0.1648768484592437,76
967,123,ImmediateOnlyPI,0.0627600103616714,0.0573280975222587,76
900,123,ImmediateOnlyPI,0.1464220285415649,0.1620700806379318,76
891,123,ImmediateOnlyPI,0.0470852367579937,0.0578554831445217,76
927,123,ImmediateOnlyPI,0.0472057163715362,0.0609668456017971,76
956,123,ImmediateOnlyPI,0.1463982462882995,0.1628385037183761,76
964,123,ImmediateOnlyPI,0.080510102212429,0.1102685928344726,76
806,123,ImmediateOnlyPI,0.0461181811988353,0.1929713934659958,76
983,123,ImmediateOnlyPI,0.1242536902427673,0.1634498834609985,76
888,123,ImmediateOnlyPI,0.3468217849731445,0.2221242487430572,76
845,123,ImmediateOnlyPI,0.1050257012248039,0.1513354927301406,76
929,123,ImmediateOnlyPI,0.0862084329128265,0.1195013672113418,76
865,123,ImmediateOnlyPI,0.0522551462054252,0.0611912086606025,76
939,123,ImmediateOnlyPI,0.0802855268120765,0.1007420048117637,76
995,123,ImmediateOnlyPI,0.0463052541017532,0.0609225369989872,76
932,123,ImmediateOnlyPI,0.0456552766263484,0.043337132781744,76
993,123,ImmediateOnlyPI,0.0503131374716758,0.0620051212608814,76
918,123,ImmediateOnlyPI,0.1279049664735794,0.1690519154071808,76
949,123,ImmediateOnlyPI,0.0455834008753299,0.0418159998953342,76
951,123,ImmediateOnlyPI,0.0548030808568,0.0596705041825771,76
842,123,ImmediateOnlyPI,0.1463782340288162,0.1563573032617569,76
985,123,ImmediateOnlyPI,0.1395295709371566,0.1698018759489059,76
827,123,ImmediateOnlyPI,0.079382337629795,0.096046894788742,76
866,123,ImmediateOnlyPI,0.0470163226127624,0.0607957392930984,76
820,123,ImmediateOnlyPI,0.0496511571109294,0.062402356415987,76
836,123,ImmediateOnlyPI,0.054493773728609,0.0614366978406906,76
853,123,ImmediateOnlyPI,0.0499976612627506,0.06189426779747,76
897,123,ImmediateOnlyPI,0.0558414347469806,0.0589041449129581,76
800,123,ImmediateOnlyPI,0.0446742363274097,0.1025951579213142,76
824,123,ImmediateOnlyPI,0.0650015547871589,0.0575726553797721,76
913,123,ImmediateOnlyPI,0.0746195912361145,0.0838230326771736,76
978,123,ImmediateOnlyPI,0.1159426644444465,0.1743929088115692,76
849,123,ImmediateOnlyPI,0.0594867691397666,0.0574273169040679,76
813,123,ImmediateOnlyPI,0.0586247593164444,0.0580509565770626,76
962,123,ImmediateOnlyPI,0.1064934656023979,0.1716525703668594,76
879,123,ImmediateOnlyPI,0.0454976856708526,0.0538717843592166,76
823,123,ImmediateOnlyPI,0.0963496565818786,0.1587338894605636,76
968,123,ImmediateOnlyPI,0.0888794437050819,0.1398419290781021,76
997,123,ImmediateOnlyPI,0.1461239904165268,0.1840800195932388,76
892,123,ImmediateOnlyPI,0.3318798542022705,0.1607268452644348,76
840,123,ImmediateOnlyPI,0.0804979726672172,0.1029564440250396,76
826,123,ImmediateOnlyPI,0.0456110388040542,0.1720741838216781,76
895,123,ImmediateOnlyPI,0.5067839622497559,2.981552839279175,76
915,123,ImmediateOnlyPI,0.0455637946724891,0.0438331551849842,76
903,123,ImmediateOnlyPI,0.0447706319391727,0.1276407241821289,76
991,123,ImmediateOnlyPI,0.0544774234294891,0.0611143335700035,76
804,123,ImmediateOnlyPI,0.0463729798793792,0.2027593553066253,76
970,123,ImmediateOnlyPI,0.0959861278533935,0.1583049595355987,76
803,123,RVPI,0.1083161085844039,0.1556729227304458,76
835,123,RVPI,0.0454483292996883,0.0495678037405014,76
871,123,RVPI,0.0455186516046524,0.0574980713427066,76
979,123,RVPI,0.0898770093917846,0.133319079875946,76
980,123,RVPI,0.0915924608707428,0.1352899670600891,76
834,123,RVPI,0.0446505285799503,0.1084844246506691,76
829,123,RVPI,0.1005325019359588,0.1508993357419967,76
981,123,RVPI,0.0464170612394809,0.060034941881895,76
808,123,RVPI,0.0638458803296089,0.0574071779847145,76
965,123,RVPI,0.047891728579998,0.0617307499051094,76
934,123,RVPI,0.0640453249216079,0.0593477264046669,76
971,123,RVPI,0.0677417293190956,0.0692394897341728,76
861,123,RVPI,0.5697802901268005,0.463095098733902,76
977,123,RVPI,0.0737569406628608,0.1140517964959144,76
990,123,RVPI,0.0564268343150615,0.0582443438470363,76
828,123,RVPI,0.0453300140798091,0.1639568954706192,76
858,123,RVPI,0.1176135092973709,0.1532975733280182,76
938,123,RVPI,0.5896006226539612,2.112671136856079,76
976,123,RVPI,0.0446723252534866,0.113244853913784,76
955,123,RVPI,0.0447088778018951,0.1193403154611587,76
872,123,RVPI,0.0983703061938285,0.1512676030397415,76
867,123,RVPI,0.0700296238064765,0.1016981750726699,76
841,123,RVPI,0.044804148375988,0.0875816643238067,76
830,123,RVPI,0.0451588556170463,0.0546589754521846,76
946,123,RVPI,0.3686512112617492,0.5199613571166992,76
952,123,RVPI,0.0451032407581806,0.150883287191391,76
923,123,RVPI,0.0455431342124938,0.0516077615320682,76
925,123,RVPI,0.0459344759583473,0.1931785643100738,76
953,123,RVPI,0.0449570268392562,0.1426416486501693,76
846,123,RVPI,0.1437228322029113,0.1528588086366653,76
930,123,RVPI,0.0649629533290863,0.0878592431545257,76
863,123,RVPI,0.0455496795475482,0.0459145531058311,76
899,123,RVPI,0.0570584870874881,0.0580320246517658,76
821,123,RVPI,0.0637022852897644,0.0574702396988868,76
910,123,RVPI,0.1169728934764862,0.1568703800439834,76
921,123,RVPI,0.1407361477613449,0.151149570941925,76
909,123,RVPI,0.1271387934684753,0.1531475186347961,76
843,123,RVPI,0.0863178297877311,0.1219354122877121,76
902,123,RVPI,0.057843342423439,0.0575693771243095,76
957,123,RVPI,0.0455139949917793,0.0432268120348453,76
852,123,RVPI,0.0632107332348823,0.0571774393320083,76
856,123,RVPI,0.1478809416294098,0.1573736667633056,76
906,123,RVPI,0.1027678176760673,0.1519231647253036,76
869,123,RVPI,0.0858017206192016,0.125754177570343,76
839,123,RVPI,0.0560810938477516,0.0580939650535583,76
908,123,RVPI,0.0979681834578514,0.147970050573349,76
832,123,RVPI,0.046948604285717,0.2327500879764557,76
907,123,RVPI,0.0555629134178161,0.058998879045248,76
920,123,RVPI,0.5614858269691467,0.4148551225662231,76
837,123,RVPI,0.0661227479577064,0.1033864766359329,76
864,123,RVPI,0.1394138038158416,0.1480357348918914,76
875,123,RVPI,0.0493791848421096,0.0626633018255233,76
935,123,RVPI,0.1413219720125198,0.1482043117284774,76
967,123,RVPI,0.0625199675559997,0.0573079325258731,76
900,123,RVPI,0.133606806397438,0.143965482711792,76
891,123,RVPI,0.0454797148704528,0.0567915551364421,76
927,123,RVPI,0.0466897413134574,0.060425154864788,76
956,123,RVPI,0.1400003731250763,0.1606558263301849,76
964,123,RVPI,0.0823210775852203,0.0958175361156463,76
806,123,RVPI,0.0461567044258117,0.2027902454137802,76
983,123,RVPI,0.1200412660837173,0.1541664600372314,76
888,123,RVPI,0.2284346520900726,0.2312599271535873,76
845,123,RVPI,0.1035269126296043,0.1532942503690719,76
929,123,RVPI,0.0827868729829788,0.1254776120185852,76
865,123,RVPI,0.0542312823235988,0.0604909397661685,76
939,123,RVPI,0.0779794454574585,0.1042459234595298,76
995,123,RVPI,0.0463930405676364,0.0600825101137161,76
932,123,RVPI,0.0455180183053016,0.0430805385112762,76
993,123,RVPI,0.0523113496601581,0.0618073157966136,76
918,123,RVPI,0.1223228797316551,0.1539752185344696,76
949,123,RVPI,0.0455045625567436,0.0420172289013862,76
951,123,RVPI,0.0551894716918468,0.0596334487199783,76
842,123,RVPI,0.1478111296892166,0.1504542380571365,76
985,123,RVPI,0.1398274153470993,0.1515506356954574,76
827,123,RVPI,0.0752378925681114,0.1042674258351326,76
866,123,RVPI,0.0465557351708412,0.0601857788860797,76
820,123,RVPI,0.0523854345083236,0.0618130080401897,76
836,123,RVPI,0.0538125559687614,0.0717266649007797,76
853,123,RVPI,0.0524743013083934,0.0618053562939167,76
897,123,RVPI,0.0561645552515983,0.0576660744845867,76
800,123,RVPI,0.0447682328522205,0.097356878221035,76
824,123,RVPI,0.0633067488670349,0.057222306728363,76
913,123,RVPI,0.0703223124146461,0.1027063876390457,76
978,123,RVPI,0.1122679933905601,0.1540097445249557,76
849,123,RVPI,0.0589515231549739,0.0571751408278942,76
813,123,RVPI,0.0583066642284393,0.0579599328339099,76
962,123,RVPI,0.1067562401294708,0.1514370292425155,76
879,123,RVPI,0.0452158600091934,0.0542614571750164,76
823,123,RVPI,0.0954021885991096,0.1459275782108307,76
968,123,RVPI,0.0872536748647689,0.1252360939979553,76
997,123,RVPI,0.1444526463747024,0.1559376716613769,76
892,123,RVPI,0.3652249276638031,0.1467803418636322,76
840,123,RVPI,0.0784040987491607,0.1055381968617439,76
826,123,RVPI,0.0456549748778343,0.1805508732795715,76
895,123,RVPI,0.5624457597732544,4.168769836425781,76
915,123,RVPI,0.0455887541174888,0.043549858033657,76
903,123,RVPI,0.0448319800198078,0.133212924003601,76
991,123,RVPI,0.0535991005599498,0.0604535825550556,76
804,123,RVPI,0.0464089997112751,0.2126306444406509,76
970,123,RVPI,0.0956879705190658,0.1454707533121109,76
803,2026,CoarseOnly,0.1127519607543945,0.1735717803239822,0
835,2026,CoarseOnly,0.0450989678502082,0.0498077534139156,0
871,2026,CoarseOnly,0.0451874285936355,0.0570251569151878,0
979,2026,CoarseOnly,0.0890691727399826,0.1483985185623169,0
980,2026,CoarseOnly,0.0899778008460998,0.15061716735363,0
834,2026,CoarseOnly,0.0438562519848346,0.1083526313304901,0
829,2026,CoarseOnly,0.1010394394397735,0.1668081283569336,0
981,2026,CoarseOnly,0.0462502315640449,0.06028813123703,0
808,2026,CoarseOnly,0.0639886036515235,0.0583104118704795,0
965,2026,CoarseOnly,0.04787103459239,0.0618509761989116,0
934,2026,CoarseOnly,0.0664504244923591,0.0615600980818271,0
971,2026,CoarseOnly,0.0702369064092636,0.0718138366937637,0
861,2026,CoarseOnly,0.5049211978912354,0.4907531440258026,0
977,2026,CoarseOnly,0.0742009133100509,0.0884079784154892,0
990,2026,CoarseOnly,0.0580607615411281,0.0582800172269344,0
828,2026,CoarseOnly,0.0443336442112922,0.1643525063991546,0
858,2026,CoarseOnly,0.1247931793332099,0.1755669713020324,0
938,2026,CoarseOnly,0.4743615388870239,0.1709764897823333,0
976,2026,CoarseOnly,0.0438575744628906,0.1132705435156822,0
955,2026,CoarseOnly,0.0438669212162494,0.1192457601428031,0
872,2026,CoarseOnly,0.1013491302728653,0.1670658886432647,0
867,2026,CoarseOnly,0.0728981643915176,0.0824491083621978,0
841,2026,CoarseOnly,0.0439637079834938,0.0881914943456649,0
830,2026,CoarseOnly,0.0444373898208141,0.0546298660337924,0
946,2026,CoarseOnly,0.4275102019309997,0.1509050726890564,0
952,2026,CoarseOnly,0.0441376790404319,0.1512346267700195,0
923,2026,CoarseOnly,0.0450645685195922,0.0513173639774322,0
925,2026,CoarseOnly,0.0448961220681667,0.1932251304388046,0
953,2026,CoarseOnly,0.0440359450876712,0.1429847627878189,0
846,2026,CoarseOnly,0.1230190694332122,0.163366287946701,0
930,2026,CoarseOnly,0.0647900700569152,0.0589415840804576,0
863,2026,CoarseOnly,0.0451322570443153,0.0459165759384632,0
899,2026,CoarseOnly,0.0584716312587261,0.0580541528761386,0
821,2026,CoarseOnly,0.0638343691825866,0.0581470802426338,0
910,2026,CoarseOnly,0.1204762756824493,0.1754593104124069,0
921,2026,CoarseOnly,0.1359737664461136,0.1705840528011322,0
909,2026,CoarseOnly,0.1322706639766693,0.1732737720012664,0
843,2026,CoarseOnly,0.085072673857212,0.1365880966186523,0
902,2026,CoarseOnly,0.0594527423381805,0.0576557666063308,0
957,2026,CoarseOnly,0.0450848825275898,0.042886096984148,0
852,2026,CoarseOnly,0.0634806603193283,0.0578387007117271,0
856,2026,CoarseOnly,0.1365016251802444,0.1726606041193008,0
906,2026,CoarseOnly,0.1026196405291557,0.1680749952793121,0
869,2026,CoarseOnly,0.0846870169043541,0.1352310478687286,0
839,2026,CoarseOnly,0.0560482256114482,0.0593462623655796,0
908,2026,CoarseOnly,0.096331775188446,0.1618287563323974,0
832,2026,CoarseOnly,0.0458662435412406,0.232314258813858,0
907,2026,CoarseOnly,0.0556733980774879,0.0596172735095024,0
920,2026,CoarseOnly,0.4541939496994018,0.1541792899370193,0
837,2026,CoarseOnly,0.0659017488360405,0.0606127679347991,0
864,2026,CoarseOnly,0.1221530213952064,0.1642296463251114,0
875,2026,CoarseOnly,0.0493442676961422,0.0622104555368423,0
935,2026,CoarseOnly,0.1751206517219543,0.1553149074316024,0
967,2026,CoarseOnly,0.0618176348507404,0.0572086758911609,0
900,2026,CoarseOnly,0.229580283164978,0.1589222997426986,0
891,2026,CoarseOnly,0.0451430566608905,0.0568703301250934,0
927,2026,CoarseOnly,0.046504758298397,0.0608030036091804,0
956,2026,CoarseOnly,0.1636018306016922,0.157632902264595,0
964,2026,CoarseOnly,0.0788579583168029,0.1108196452260017,0
806,2026,CoarseOnly,0.0451123341917991,0.2027093917131424,0
983,2026,CoarseOnly,0.1282828599214553,0.1749317646026611,0
888,2026,CoarseOnly,0.4356209337711334,0.1470640748739242,0
845,2026,CoarseOnly,0.1049134731292724,0.169672429561615,0
929,2026,CoarseOnly,0.0843033567070961,0.1338844448328018,0
865,2026,CoarseOnly,0.0525455698370933,0.0612718202173709,0
939,2026,CoarseOnly,0.0769551992416381,0.1016766503453254,0
995,2026,CoarseOnly,0.046120747923851,0.0602284558117389,0
932,2026,CoarseOnly,0.0450910590589046,0.043190773576498,0
993,2026,CoarseOnly,0.0497029237449169,0.0620881579816341,0
918,2026,CoarseOnly,0.1275029778480529,0.1751163750886917,0
949,2026,CoarseOnly,0.0450209826231002,0.0420993790030479,0
951,2026,CoarseOnly,0.0557791441679,0.0596384145319461,0
842,2026,CoarseOnly,0.1372341811656952,0.1757014691829681,0
985,2026,CoarseOnly,0.1336314231157302,0.1630894839763641,0
827,2026,CoarseOnly,0.0759962201118469,0.0970064252614975,0
866,2026,CoarseOnly,0.0463696159422397,0.0605478957295417,0
820,2026,CoarseOnly,0.0497960001230239,0.0620399676263332,0
836,2026,CoarseOnly,0.0533606000244617,0.0609332248568534,0
853,2026,CoarseOnly,0.0498915314674377,0.0621549412608146,0
897,2026,CoarseOnly,0.0566776245832443,0.0589636489748954,0
800,2026,CoarseOnly,0.0438915602862834,0.0982576832175254,0
824,2026,CoarseOnly,0.0635541155934333,0.0579117164015769,0
913,2026,CoarseOnly,0.0732421278953552,0.0839887261390686,0
978,2026,CoarseOnly,0.1150317713618278,0.1743091940879821,0
849,2026,CoarseOnly,0.0599133744835853,0.0574575141072273,0
813,2026,CoarseOnly,0.0587161183357238,0.0579274632036685,0
962,2026,CoarseOnly,0.1083760410547256,0.1716067045927047,0
879,2026,CoarseOnly,0.0450308099389076,0.0542060025036335,0
823,2026,CoarseOnly,0.0941688790917396,0.1587296724319458,0
968,2026,CoarseOnly,0.0860654860734939,0.139874592423439,0
997,2026,CoarseOnly,0.1221003904938697,0.1642501503229141,0
892,2026,CoarseOnly,0.3569349944591522,0.1830396503210067,0
840,2026,CoarseOnly,0.0773863866925239,0.1037409082055091,0
826,2026,CoarseOnly,0.0446355529129505,0.1807942390441894,0
895,2026,CoarseOnly,0.5099113583564758,1.9790400266647337,0
915,2026,CoarseOnly,0.0451004728674888,0.0436473153531551,0
903,2026,CoarseOnly,0.0439444817602634,0.133520245552063,0
991,2026,CoarseOnly,0.0520563460886478,0.0614683851599693,0
804,2026,CoarseOnly,0.0453447736799716,0.212362602353096,0
970,2026,CoarseOnly,0.0939055532217025,0.1583121567964553,0
803,2026,RandomMacro,0.1126300320029258,0.1712870895862579,76
835,2026,RandomMacro,0.0470582768321037,0.08868920058012,76
871,2026,RandomMacro,0.0474730357527732,0.0572308786213398,76
979,2026,RandomMacro,0.0876286402344703,0.1518693566322326,76
980,2026,RandomMacro,0.0910542234778404,0.1399806290864944,76
834,2026,RandomMacro,0.044317789375782,0.0939690172672271,76
829,2026,RandomMacro,0.1013247892260551,0.151825338602066,76
981,2026,RandomMacro,0.0482872948050498,0.0997472330927848,76
808,2026,RandomMacro,0.064128965139389,0.0813005194067955,76
965,2026,RandomMacro,0.049628272652626,0.1082773506641388,76
934,2026,RandomMacro,0.0693348422646522,0.0710521265864372,76
971,2026,RandomMacro,0.0714335441589355,0.0781079977750778,76
861,2026,RandomMacro,0.50173020362854,0.4688238203525543,76
977,2026,RandomMacro,0.0751354768872261,0.0906798020005226,76
990,2026,RandomMacro,0.0607857666909694,0.0803246721625328,76
828,2026,RandomMacro,0.0447579026222229,0.1528007835149765,76
858,2026,RandomMacro,0.1249967291951179,0.1778216361999511,76
938,2026,RandomMacro,0.6171032190322876,1.8768913745880127,76
976,2026,RandomMacro,0.0441316105425357,0.1034469082951545,76
955,2026,RandomMacro,0.044356781989336,0.1134674772620201,76
872,2026,RandomMacro,0.1009524166584014,0.1472562700510025,76
867,2026,RandomMacro,0.0720093548297882,0.0830773711204528,76
841,2026,RandomMacro,0.04458799213171,0.0873212739825248,76
830,2026,RandomMacro,0.0449788905680179,0.0546293556690216,76
946,2026,RandomMacro,0.4335545301437378,1.6737388372421265,76
952,2026,RandomMacro,0.0450639761984348,0.1576665341854095,76
923,2026,RandomMacro,0.0470821559429168,0.0702230483293533,76
925,2026,RandomMacro,0.045020006597042,0.1900920271873474,76
953,2026,RandomMacro,0.0442081466317176,0.1355896443128585,76
846,2026,RandomMacro,0.1274405717849731,0.1515521258115768,76
930,2026,RandomMacro,0.0685033351182937,0.0801230892539024,76
863,2026,RandomMacro,0.0456381738185882,0.0741244852542877,76
899,2026,RandomMacro,0.0600626841187477,0.0726160705089569,76
821,2026,RandomMacro,0.0692347288131713,0.0711463242769241,76
910,2026,RandomMacro,0.1227627620100975,0.1681129038333892,76
921,2026,RandomMacro,0.1518912315368652,0.1531537026166916,76
909,2026,RandomMacro,0.1340002864599228,0.1546720564365387,76
843,2026,RandomMacro,0.0880183055996894,0.1239140555262565,76
902,2026,RandomMacro,0.0622290559113025,0.0807134583592414,76
957,2026,RandomMacro,0.0464604273438453,0.0515366867184639,76
852,2026,RandomMacro,0.0648401230573654,0.0804312527179718,76
856,2026,RandomMacro,0.1518651992082595,0.1536069214344024,76
906,2026,RandomMacro,0.1020417064428329,0.1485238373279571,76
869,2026,RandomMacro,0.0907673984766006,0.1259175837039947,76
839,2026,RandomMacro,0.057034645229578,0.0765334069728851,76
908,2026,RandomMacro,0.0963124856352806,0.1459786295890808,76
832,2026,RandomMacro,0.0468916743993759,0.2158259451389312,76
907,2026,RandomMacro,0.0584359876811504,0.0765732005238533,76
920,2026,RandomMacro,0.4710365533828735,0.7773420810699463,76
837,2026,RandomMacro,0.070429541170597,0.0657773464918136,76
864,2026,RandomMacro,0.1346917152404785,0.1708013117313385,76
875,2026,RandomMacro,0.0510761551558971,0.0814086571335792,76
935,2026,RandomMacro,0.2934637069702148,0.1450045108795166,76
967,2026,RandomMacro,0.0629885494709014,0.0662255510687828,76
900,2026,RandomMacro,0.141912579536438,0.1663644164800644,76
891,2026,RandomMacro,0.0478274412453174,0.0927574411034584,76
927,2026,RandomMacro,0.0499964505434036,0.0778658986091613,76
956,2026,RandomMacro,0.1680375039577484,0.1443317681550979,76
964,2026,RandomMacro,0.0769081860780716,0.104998879134655,76
806,2026,RandomMacro,0.0458597913384437,0.204315036535263,76
983,2026,RandomMacro,0.1275632679462433,0.1690108478069305,76
888,2026,RandomMacro,0.4520330131053924,1.418386459350586,76
845,2026,RandomMacro,0.1034364104270935,0.1501239091157913,76
929,2026,RandomMacro,0.0857822224497795,0.1327493488788604,76
865,2026,RandomMacro,0.055418137460947,0.0825433880090713,76
939,2026,RandomMacro,0.0760616213083267,0.10098247975111,76
995,2026,RandomMacro,0.0486245155334472,0.0777487531304359,76
932,2026,RandomMacro,0.047363743185997,0.0637618750333786,76
993,2026,RandomMacro,0.0528980754315853,0.0953708067536354,76
918,2026,RandomMacro,0.1322041004896164,0.1553932279348373,76
949,2026,RandomMacro,0.046074129641056,0.0620710290968418,76
951,2026,RandomMacro,0.0585970468819141,0.0624999403953552,76
842,2026,RandomMacro,0.1419693976640701,0.1735709309577942,76
985,2026,RandomMacro,0.1376462578773498,0.1505858749151229,76
827,2026,RandomMacro,0.0775529891252517,0.0997180417180061,76
866,2026,RandomMacro,0.0491336733102798,0.1103660613298416,76
820,2026,RandomMacro,0.0538986399769783,0.0640206113457679,76
836,2026,RandomMacro,0.0544925369322299,0.0819762423634529,76
853,2026,RandomMacro,0.0509187765419483,0.0830743238329887,76
897,2026,RandomMacro,0.0574842505156993,0.0776629000902175,76
800,2026,RandomMacro,0.0450433790683746,0.0878824144601821,76
824,2026,RandomMacro,0.0661883801221847,0.0785493999719619,76
913,2026,RandomMacro,0.0736965537071228,0.0849171504378318,76
978,2026,RandomMacro,0.113801009953022,0.1675303131341934,76
849,2026,RandomMacro,0.0612465292215347,0.0754236280918121,76
813,2026,RandomMacro,0.0597254745662212,0.0713313966989517,76
962,2026,RandomMacro,0.1070978865027427,0.1654518991708755,76
879,2026,RandomMacro,0.0468705594539642,0.0836955904960632,76
823,2026,RandomMacro,0.097160093486309,0.1452783644199371,76
968,2026,RandomMacro,0.0866008475422859,0.1268734782934188,76
997,2026,RandomMacro,0.1291152387857437,0.136539801955223,76
892,2026,RandomMacro,0.3689835965633392,0.3477046191692352,76
840,2026,RandomMacro,0.0785028561949729,0.0950612351298332,76
826,2026,RandomMacro,0.0450346879661083,0.1839903444051742,76
895,2026,RandomMacro,0.4807698428630829,0.5029687881469727,76
915,2026,RandomMacro,0.0454265139997005,0.0597472973167896,76
903,2026,RandomMacro,0.0441340990364551,0.1408691704273224,76
991,2026,RandomMacro,0.0563148483633995,0.0767280533909797,76
804,2026,RandomMacro,0.0465502776205539,0.1962695717811584,76
970,2026,RandomMacro,0.0948999673128128,0.1429227143526077,76
803,2026,UniformMacro,0.1108283028006553,0.1636883318424224,76
835,2026,UniformMacro,0.0472746491432189,0.0732110291719436,76
871,2026,UniformMacro,0.0480933561921119,0.0867062732577323,76
979,2026,UniformMacro,0.0906042456626892,0.1404474079608917,76
980,2026,UniformMacro,0.0915099158883094,0.1423423439264297,76
834,2026,UniformMacro,0.0445749014616012,0.1071139425039291,76
829,2026,UniformMacro,0.0998570993542671,0.1571573466062545,76
981,2026,UniformMacro,0.0491693392395973,0.0901700854301452,76
808,2026,UniformMacro,0.0671879276633262,0.0744537562131881,76
965,2026,UniformMacro,0.0502291768789291,0.0959120616316795,76
934,2026,UniformMacro,0.0689428821206092,0.0650197938084602,76
971,2026,UniformMacro,0.0729611441493034,0.077326625585556,76
861,2026,UniformMacro,0.4968991279602051,0.1657706946134567,76
977,2026,UniformMacro,0.0744103640317916,0.095741756260395,76
990,2026,UniformMacro,0.0622889958322048,0.0785536989569664,76
828,2026,UniformMacro,0.0450858362019062,0.1561105996370315,76
858,2026,UniformMacro,0.1238445043563842,0.1669230312108993,76
938,2026,UniformMacro,0.586208701133728,0.3957884609699249,76
976,2026,UniformMacro,0.0445734299719333,0.1116214022040367,76
955,2026,UniformMacro,0.0446333065629005,0.1220865100622177,76
872,2026,UniformMacro,0.100323848426342,0.1573675870895385,76
867,2026,UniformMacro,0.0758184120059013,0.0920550227165222,76
841,2026,UniformMacro,0.044732604175806,0.0938596129417419,76
830,2026,UniformMacro,0.0447680130600929,0.0624091364443302,76
946,2026,UniformMacro,0.4713573753833771,1.9359103441238403,76
952,2026,UniformMacro,0.0449081808328628,0.1547655314207077,76
923,2026,UniformMacro,0.0473194345831871,0.0741831138730049,76
925,2026,UniformMacro,0.0456823222339153,0.1845678389072418,76
953,2026,UniformMacro,0.0447906777262687,0.1470937430858612,76
846,2026,UniformMacro,0.1545253545045852,0.1668329983949661,76
930,2026,UniformMacro,0.0679062455892562,0.0737045779824256,76
863,2026,UniformMacro,0.0471585728228092,0.0798356086015701,76
899,2026,UniformMacro,0.0626887902617454,0.0781713277101516,76
821,2026,UniformMacro,0.0670714974403381,0.0727698132395744,76
910,2026,UniformMacro,0.123355858027935,0.1653079986572265,76
921,2026,UniformMacro,0.1458193510770797,0.1655782461166381,76
909,2026,UniformMacro,0.1349195837974548,0.1653990298509597,76
843,2026,UniformMacro,0.0841379538178443,0.1307332813739776,76
902,2026,UniformMacro,0.0630629807710647,0.079119898378849,76
957,2026,UniformMacro,0.0465870276093483,0.0828082710504531,76
852,2026,UniformMacro,0.0667659193277359,0.073024146258831,76
856,2026,UniformMacro,0.1533493548631668,0.1608307659626007,76
906,2026,UniformMacro,0.0998915359377861,0.1578344404697418,76
869,2026,UniformMacro,0.0837370157241821,0.1296282261610031,76
839,2026,UniformMacro,0.0581580623984336,0.0823679417371749,76
908,2026,UniformMacro,0.0962134599685669,0.1521497219800949,76
832,2026,UniformMacro,0.0466991551220417,0.2273762971162796,76
907,2026,UniformMacro,0.0586948804557323,0.0783530846238136,76
920,2026,UniformMacro,0.5355444550514221,1.7918277978897097,76
837,2026,UniformMacro,0.0695639103651046,0.0688223838806152,76
864,2026,UniformMacro,0.1336956024169922,0.1595013737678527,76
875,2026,UniformMacro,0.0529942698776721,0.0841950476169586,76
935,2026,UniformMacro,0.1913988590240478,0.2181790769100189,76
967,2026,UniformMacro,0.0656544268131256,0.0773234218358993,76
900,2026,UniformMacro,0.1494822651147842,0.1620772033929824,76
891,2026,UniformMacro,0.0480641424655914,0.085750937461853,76
927,2026,UniformMacro,0.0491114407777786,0.0892690271139144,76
956,2026,UniformMacro,0.2162322252988815,0.1447627693414688,76
964,2026,UniformMacro,0.0781683921813964,0.1099232360720634,76
806,2026,UniformMacro,0.0458973795175552,0.1932596415281295,76
983,2026,UniformMacro,0.1287831217050552,0.1668790727853775,76
888,2026,UniformMacro,0.4503368735313415,0.1427892297506332,76
845,2026,UniformMacro,0.1022551208734512,0.1603144705295562,76
929,2026,UniformMacro,0.0833923146128654,0.128560721874237,76
865,2026,UniformMacro,0.0562159791588783,0.0825798287987709,76
939,2026,UniformMacro,0.0762061849236488,0.101534366607666,76
995,2026,UniformMacro,0.0490019619464874,0.089911863207817,76
932,2026,UniformMacro,0.0466403439640998,0.0801394283771514,76
993,2026,UniformMacro,0.053225003182888,0.0818172916769981,76
918,2026,UniformMacro,0.1262257844209671,0.1652341187000274,76
949,2026,UniformMacro,0.0468482300639152,0.0827198848128318,76
951,2026,UniformMacro,0.0569159984588623,0.0815174952149391,76
842,2026,UniformMacro,0.1426416039466858,0.1614585220813751,76
985,2026,UniformMacro,0.1437703967094421,0.1581779420375824,76
827,2026,UniformMacro,0.0762393623590469,0.0975381731986999,76
866,2026,UniformMacro,0.0496592633426189,0.0881986021995544,76
820,2026,UniformMacro,0.05338941141963,0.0819885805249214,76
836,2026,UniformMacro,0.0570408031344413,0.08062494546175,76
853,2026,UniformMacro,0.0534713789820671,0.0818056762218475,76
897,2026,UniformMacro,0.0609377734363079,0.0835501253604888,76
800,2026,UniformMacro,0.0447206124663353,0.0999949797987937,76
824,2026,UniformMacro,0.0668285861611366,0.0730358362197876,76
913,2026,UniformMacro,0.0734387263655662,0.0929310619831085,76
978,2026,UniformMacro,0.1133659929037094,0.1625612080097198,76
849,2026,UniformMacro,0.0604277364909648,0.0788818076252937,76
813,2026,UniformMacro,0.0622844845056533,0.0787452086806297,76
962,2026,UniformMacro,0.1058650687336921,0.1619332730770111,76
879,2026,UniformMacro,0.0475162006914615,0.0696261450648307,76
823,2026,UniformMacro,0.0927026867866516,0.1508548557758331,76
968,2026,UniformMacro,0.0867568999528884,0.1329908370971679,76
997,2026,UniformMacro,0.1393135786056518,0.1614926010370254,76
892,2026,UniformMacro,0.4378473162651062,2.024346351623535,76
840,2026,UniformMacro,0.0766248553991317,0.1067751795053482,76
826,2026,UniformMacro,0.0454145781695842,0.1755213290452957,76
895,2026,UniformMacro,0.5564531683921814,2.852791547775269,76
915,2026,UniformMacro,0.0468613654375076,0.07415521889925,76
903,2026,UniformMacro,0.0446954518556594,0.1352866888046264,76
991,2026,UniformMacro,0.0564544945955276,0.0836541429162025,76
804,2026,UniformMacro,0.046139545738697,0.2053937762975692,76
970,2026,UniformMacro,0.0924520939588546,0.1505248993635177,76
803,2026,GradientMacro,0.1140909418463707,0.1734610348939895,76
835,2026,GradientMacro,0.0454992763698101,0.0498542040586471,76
871,2026,GradientMacro,0.0457727499306201,0.0571993999183177,76
979,2026,GradientMacro,0.0907825976610183,0.1483916491270065,76
980,2026,GradientMacro,0.0916963741183281,0.1506150811910629,76
834,2026,GradientMacro,0.0449965074658393,0.108523242175579,76
829,2026,GradientMacro,0.1009822115302085,0.1668281704187393,76
981,2026,GradientMacro,0.0469074770808219,0.0603201575577259,76
808,2026,GradientMacro,0.0667454078793525,0.0582179091870784,76
965,2026,GradientMacro,0.0488827526569366,0.0617653094232082,76
934,2026,GradientMacro,0.0691995248198509,0.0615288466215133,76
971,2026,GradientMacro,0.0724973231554031,0.0717789977788925,76
861,2026,GradientMacro,0.4516461789608001,3.5667059421539307,76
977,2026,GradientMacro,0.0754444077610969,0.0883889868855476,76
990,2026,GradientMacro,0.0598557628691196,0.0581198707222938,76
828,2026,GradientMacro,0.0456700176000595,0.1641308963298797,76
858,2026,GradientMacro,0.1239561662077903,0.174904003739357,76
938,2026,GradientMacro,0.6466109156608582,2.2573435306549072,76
976,2026,GradientMacro,0.0450080633163452,0.1132251620292663,76
955,2026,GradientMacro,0.0450497418642044,0.1192323938012123,76
872,2026,GradientMacro,0.1012888103723526,0.1670700460672378,76
867,2026,GradientMacro,0.0745132863521575,0.0824596807360649,76
841,2026,GradientMacro,0.0450140610337257,0.0883932933211326,76
830,2026,GradientMacro,0.0453137345612049,0.0548333898186683,76
946,2026,GradientMacro,0.4210574030876159,2.41713547706604,76
952,2026,GradientMacro,0.0454338230192661,0.1512770801782608,76
923,2026,GradientMacro,0.0454905331134796,0.0512878596782684,76
925,2026,GradientMacro,0.0462271310389041,0.1931940615177154,76
953,2026,GradientMacro,0.0453021451830863,0.1429316401481628,76
846,2026,GradientMacro,0.1438560634851455,0.1641990691423416,76
930,2026,GradientMacro,0.0676599517464637,0.0590616799890995,76
863,2026,GradientMacro,0.0455752238631248,0.0458782948553562,76
899,2026,GradientMacro,0.062457151710987,0.0580429285764694,76
821,2026,GradientMacro,0.0666270554065704,0.058118961751461,76
910,2026,GradientMacro,0.1196050345897674,0.1752471625804901,76
921,2026,GradientMacro,0.1435583382844925,0.1739484965801239,76
909,2026,GradientMacro,0.1365619897842407,0.1733127236366272,76
843,2026,GradientMacro,0.0874279588460922,0.1365897357463836,76
902,2026,GradientMacro,0.0619259215891361,0.0576479621231555,76
957,2026,GradientMacro,0.0456165187060833,0.0430160462856292,76
852,2026,GradientMacro,0.0672158449888229,0.0578333176672458,76
856,2026,GradientMacro,0.1355423480272293,0.1678325533866882,76
906,2026,GradientMacro,0.1028585582971572,0.1680822521448135,76
869,2026,GradientMacro,0.0870546922087669,0.1352328956127166,76
839,2026,GradientMacro,0.05609667673707,0.0592029616236686,76
908,2026,GradientMacro,0.0979116410017013,0.1618267595767974,76
832,2026,GradientMacro,0.0472669787704944,0.2324211150407791,76
907,2026,GradientMacro,0.0552469678223133,0.0594806335866451,76
920,2026,GradientMacro,0.6570981740951538,1.446020245552063,76
837,2026,GradientMacro,0.0687057301402092,0.0606756135821342,76
864,2026,GradientMacro,0.1440272033214569,0.1651661843061447,76
875,2026,GradientMacro,0.0498734563589096,0.0620719268918037,76
935,2026,GradientMacro,0.3219720125198364,0.1488124579191208,76
967,2026,GradientMacro,0.0637160316109657,0.0572379045188427,76
900,2026,GradientMacro,0.2480428963899612,0.1532390117645263,76
891,2026,GradientMacro,0.0456786826252937,0.0567467026412487,76
927,2026,GradientMacro,0.04688086733222,0.0607986263930797,76
956,2026,GradientMacro,0.3408694267272949,0.184085264801979,76
964,2026,GradientMacro,0.0805750116705894,0.1108215153217315,76
806,2026,GradientMacro,0.0464653372764587,0.2026796638965606,76
983,2026,GradientMacro,0.1280029714107513,0.1745626181364059,76
888,2026,GradientMacro,0.4046729803085327,0.1561308205127716,76
845,2026,GradientMacro,0.1061544418334961,0.1695956587791443,76
929,2026,GradientMacro,0.0864171236753463,0.133872389793396,76
865,2026,GradientMacro,0.0526316165924072,0.0612039975821971,76
939,2026,GradientMacro,0.0785966739058494,0.101676732301712,76
995,2026,GradientMacro,0.0467145033180713,0.0602615438401699,76
932,2026,GradientMacro,0.045606680214405,0.0428653582930564,76
993,2026,GradientMacro,0.0530005991458892,0.0620805546641349,76
918,2026,GradientMacro,0.1272200047969818,0.174743965268135,76
949,2026,GradientMacro,0.0456059649586677,0.0419329851865768,76
951,2026,GradientMacro,0.055375799536705,0.0595424957573413,76
842,2026,GradientMacro,0.1364444196224212,0.170671284198761,76
985,2026,GradientMacro,0.133144810795784,0.1574510931968689,76
827,2026,GradientMacro,0.0773863568902015,0.0969959795475006,76
866,2026,GradientMacro,0.0467618741095066,0.060553852468729,76
820,2026,GradientMacro,0.0503072850406169,0.0619766153395175,76
836,2026,GradientMacro,0.0558082461357116,0.0610226243734359,76
853,2026,GradientMacro,0.0504082441329956,0.0620953850448131,76
897,2026,GradientMacro,0.0565623305737972,0.0589254908263683,76
800,2026,GradientMacro,0.0449857674539089,0.0981948748230934,76
824,2026,GradientMacro,0.066907912492752,0.0579421371221542,76
913,2026,GradientMacro,0.0747468471527099,0.0839920565485954,76
978,2026,GradientMacro,0.1149488314986229,0.174325630068779,76
849,2026,GradientMacro,0.061279322952032,0.0574055761098861,76
813,2026,GradientMacro,0.0677495747804641,0.0578400865197181,76
962,2026,GradientMacro,0.1087182238698005,0.1715550422668457,76
879,2026,GradientMacro,0.0455072112381458,0.0540429316461086,76
823,2026,GradientMacro,0.0958107784390449,0.1587279140949249,76
968,2026,GradientMacro,0.088750921189785,0.1398778259754181,76
997,2026,GradientMacro,0.1426095366477966,0.1720934212207794,76
892,2026,GradientMacro,0.3457894325256347,0.1519619673490524,76
840,2026,GradientMacro,0.0792230293154716,0.1037336736917495,76
826,2026,GradientMacro,0.0461000427603721,0.1806796640157699,76
895,2026,GradientMacro,0.5254111886024475,3.795253753662109,76
915,2026,GradientMacro,0.0455568060278892,0.0434583351016044,76
903,2026,GradientMacro,0.0451806373894214,0.133476048707962,76
991,2026,GradientMacro,0.0541196875274181,0.0614321045577526,76
804,2026,GradientMacro,0.0467129871249198,0.2124222666025161,76
970,2026,GradientMacro,0.0955372303724289,0.1583051979541778,76
803,2026,SetAwareMyopicMacro,0.1135700196027755,0.1733896732330322,76
835,2026,SetAwareMyopicMacro,0.0454992763698101,0.0498542040586471,76
871,2026,SetAwareMyopicMacro,0.0457733683288097,0.0570087730884552,76
979,2026,SetAwareMyopicMacro,0.0908499211072921,0.1483896672725677,76
980,2026,SetAwareMyopicMacro,0.0917430818080902,0.1506089121103286,76
834,2026,SetAwareMyopicMacro,0.0447653494775295,0.1076924726366996,76
829,2026,SetAwareMyopicMacro,0.1006213203072547,0.166789025068283,76
981,2026,SetAwareMyopicMacro,0.0469074770808219,0.0603201575577259,76
808,2026,SetAwareMyopicMacro,0.0667454078793525,0.0582179091870784,76
965,2026,SetAwareMyopicMacro,0.0488827526569366,0.0617653094232082,76
934,2026,SetAwareMyopicMacro,0.0691995248198509,0.0615288466215133,76
971,2026,SetAwareMyopicMacro,0.0724973231554031,0.0717789977788925,76
861,2026,SetAwareMyopicMacro,0.4516461789608001,3.5667059421539307,76
977,2026,SetAwareMyopicMacro,0.0754444077610969,0.0883889868855476,76
990,2026,SetAwareMyopicMacro,0.0598557628691196,0.0581198707222938,76
828,2026,SetAwareMyopicMacro,0.0453749485313892,0.1639668494462967,76
858,2026,SetAwareMyopicMacro,0.1231695041060447,0.1759172976016998,76
938,2026,SetAwareMyopicMacro,0.6285679340362549,1.540915608406067,76
976,2026,SetAwareMyopicMacro,0.044779110699892,0.1125792041420936,76
955,2026,SetAwareMyopicMacro,0.0448076054453849,0.1187999173998832,76
872,2026,SetAwareMyopicMacro,0.1009125337004661,0.1670431792736053,76
867,2026,SetAwareMyopicMacro,0.0745132863521575,0.0824596807360649,76
841,2026,SetAwareMyopicMacro,0.0446657463908195,0.0888571664690971,76
830,2026,SetAwareMyopicMacro,0.0451588556170463,0.0546589754521846,76
946,2026,SetAwareMyopicMacro,0.4210574030876159,2.41713547706604,76
952,2026,SetAwareMyopicMacro,0.0451569892466068,0.1509162187576294,76
923,2026,SetAwareMyopicMacro,0.0454905331134796,0.0512878596782684,76
925,2026,SetAwareMyopicMacro,0.0459666773676872,0.1931351870298385,76
953,2026,SetAwareMyopicMacro,0.0450332835316658,0.1425248235464096,76
846,2026,SetAwareMyopicMacro,0.1426018923521042,0.1659075915813446,76
930,2026,SetAwareMyopicMacro,0.0676599517464637,0.0590616799890995,76
863,2026,SetAwareMyopicMacro,0.0455752238631248,0.0458782948553562,76
899,2026,SetAwareMyopicMacro,0.062457151710987,0.0580429285764694,76
821,2026,SetAwareMyopicMacro,0.0666270554065704,0.058118961751461,76
910,2026,SetAwareMyopicMacro,0.1198564544320106,0.1755392700433731,76
921,2026,SetAwareMyopicMacro,0.1442898958921432,0.1748964786529541,76
909,2026,SetAwareMyopicMacro,0.1331629753112793,0.1751177459955215,76
843,2026,SetAwareMyopicMacro,0.0874279588460922,0.1365897357463836,76
902,2026,SetAwareMyopicMacro,0.0596533827483654,0.0575229227542877,76
957,2026,SetAwareMyopicMacro,0.0456165187060833,0.0430160462856292,76
852,2026,SetAwareMyopicMacro,0.0672158449888229,0.0578333176672458,76
856,2026,SetAwareMyopicMacro,0.1452844142913818,0.1760897189378738,76
906,2026,SetAwareMyopicMacro,0.1024224832653999,0.1680334955453872,76
869,2026,SetAwareMyopicMacro,0.0870546922087669,0.1352328956127166,76
839,2026,SetAwareMyopicMacro,0.05609667673707,0.0592029616236686,76
908,2026,SetAwareMyopicMacro,0.096377395093441,0.1618520766496658,76
832,2026,SetAwareMyopicMacro,0.0469763725996017,0.2327593564987182,76
907,2026,SetAwareMyopicMacro,0.0552469678223133,0.0594806335866451,76
920,2026,SetAwareMyopicMacro,0.6570981740951538,1.446020245552063,76
837,2026,SetAwareMyopicMacro,0.0687057301402092,0.0606756135821342,76
864,2026,SetAwareMyopicMacro,0.1379405260086059,0.1634156107902526,76
875,2026,SetAwareMyopicMacro,0.0498734563589096,0.0620719268918037,76
935,2026,SetAwareMyopicMacro,0.3219720125198364,0.1488124579191208,76
967,2026,SetAwareMyopicMacro,0.0637160316109657,0.0572379045188427,76
900,2026,SetAwareMyopicMacro,0.2480428963899612,0.1532390117645263,76
891,2026,SetAwareMyopicMacro,0.0456786826252937,0.0567467026412487,76
927,2026,SetAwareMyopicMacro,0.04688086733222,0.0607986263930797,76
956,2026,SetAwareMyopicMacro,0.3408694267272949,0.184085264801979,76
964,2026,SetAwareMyopicMacro,0.0805750116705894,0.1108215153217315,76
806,2026,SetAwareMyopicMacro,0.0461867116391658,0.2027589231729507,76
983,2026,SetAwareMyopicMacro,0.1269978880882263,0.1756357699632644,76
888,2026,SetAwareMyopicMacro,0.4046729803085327,0.1561308205127716,76
845,2026,SetAwareMyopicMacro,0.1058279499411583,0.1696027666330337,76
929,2026,SetAwareMyopicMacro,0.0864171236753463,0.133872389793396,76
865,2026,SetAwareMyopicMacro,0.0526316165924072,0.0612039975821971,76
939,2026,SetAwareMyopicMacro,0.0785966739058494,0.101676732301712,76
995,2026,SetAwareMyopicMacro,0.0467145033180713,0.0602615438401699,76
932,2026,SetAwareMyopicMacro,0.045606680214405,0.0428653582930564,76
993,2026,SetAwareMyopicMacro,0.0530005991458892,0.0620805546641349,76
918,2026,SetAwareMyopicMacro,0.1262054294347763,0.1755884736776352,76
949,2026,SetAwareMyopicMacro,0.0456059649586677,0.0419329851865768,76
951,2026,SetAwareMyopicMacro,0.055375799536705,0.0595424957573413,76
842,2026,SetAwareMyopicMacro,0.1474616825580597,0.1753939539194107,76
985,2026,SetAwareMyopicMacro,0.1429548859596252,0.1707743555307388,76
827,2026,SetAwareMyopicMacro,0.0773863568902015,0.0969959795475006,76
866,2026,SetAwareMyopicMacro,0.0467618741095066,0.060553852468729,76
820,2026,SetAwareMyopicMacro,0.0503072850406169,0.0619766153395175,76
836,2026,SetAwareMyopicMacro,0.0558082461357116,0.0610226243734359,76
853,2026,SetAwareMyopicMacro,0.0504082441329956,0.0620953850448131,76
897,2026,SetAwareMyopicMacro,0.0565623305737972,0.0589254908263683,76
800,2026,SetAwareMyopicMacro,0.0447682328522205,0.097356878221035,76
824,2026,SetAwareMyopicMacro,0.066907912492752,0.0579421371221542,76
913,2026,SetAwareMyopicMacro,0.0747468471527099,0.0839920565485954,76
978,2026,SetAwareMyopicMacro,0.1142767071723938,0.1742092669010162,76
849,2026,SetAwareMyopicMacro,0.061279322952032,0.0574055761098861,76
813,2026,SetAwareMyopicMacro,0.0677495747804641,0.0578400865197181,76
962,2026,SetAwareMyopicMacro,0.1083039566874504,0.1715519279241562,76
879,2026,SetAwareMyopicMacro,0.0455072112381458,0.0540429316461086,76
823,2026,SetAwareMyopicMacro,0.0958649665117263,0.1587293893098831,76
968,2026,SetAwareMyopicMacro,0.088750921189785,0.1398778259754181,76
997,2026,SetAwareMyopicMacro,0.1399392038583755,0.1649544686079025,76
892,2026,SetAwareMyopicMacro,0.3457894325256347,0.1519619673490524,76
840,2026,SetAwareMyopicMacro,0.0792230293154716,0.1037336736917495,76
826,2026,SetAwareMyopicMacro,0.045693501830101,0.1806763261556625,76
895,2026,SetAwareMyopicMacro,0.5254111886024475,3.795253753662109,76
915,2026,SetAwareMyopicMacro,0.0455568060278892,0.0434583351016044,76
903,2026,SetAwareMyopicMacro,0.0449166446924209,0.1329725682735443,76
991,2026,SetAwareMyopicMacro,0.0541196875274181,0.0614321045577526,76
804,2026,SetAwareMyopicMacro,0.0464397519826889,0.2126017212867736,76
970,2026,SetAwareMyopicMacro,0.0956004634499549,0.1583018600940704,76
803,2026,BeamBC,0.1133384108543396,0.1730837374925613,76
835,2026,BeamBC,0.0456848330795764,0.0496042259037494,76
871,2026,BeamBC,0.0471420809626579,0.0582183822989463,76
979,2026,BeamBC,0.090929239988327,0.1483924984931945,76
980,2026,BeamBC,0.0918306484818458,0.150590494275093,76
834,2026,BeamBC,0.0446766503155231,0.1121332049369812,76
829,2026,BeamBC,0.0996851027011871,0.1493143588304519,76
981,2026,BeamBC,0.046855304390192,0.0606976710259914,76
808,2026,BeamBC,0.0657557174563407,0.0699852034449577,76
965,2026,BeamBC,0.0491434670984745,0.0614912770688533,76
934,2026,BeamBC,0.0671491548418998,0.0621858350932598,76
971,2026,BeamBC,0.0717502236366272,0.0714685395359993,76
861,2026,BeamBC,0.5213996767997742,0.3376952409744262,76
977,2026,BeamBC,0.0764982253313064,0.0873713195323944,76
990,2026,BeamBC,0.0577369593083858,0.0582892410457134,76
828,2026,BeamBC,0.0452682077884674,0.1559673398733139,76
858,2026,BeamBC,0.1221783608198165,0.1649610102176666,76
938,2026,BeamBC,0.5539729595184326,1.8266335725784304,76
976,2026,BeamBC,0.044688656926155,0.1168104782700538,76
955,2026,BeamBC,0.0447203330695629,0.123147465288639,76
872,2026,BeamBC,0.1013894826173782,0.1590039581060409,76
867,2026,BeamBC,0.0749397873878479,0.0821555629372596,76
841,2026,BeamBC,0.0447424426674842,0.079622708261013,76
830,2026,BeamBC,0.0457692369818687,0.0571670047938823,76
946,2026,BeamBC,0.3331569731235504,0.2081673890352249,76
952,2026,BeamBC,0.0450348816812038,0.1444345861673355,76
923,2026,BeamBC,0.0455023534595966,0.0514769032597541,76
925,2026,BeamBC,0.045894056558609,0.1840011924505233,76
953,2026,BeamBC,0.0449019931256771,0.136454775929451,76
846,2026,BeamBC,0.1348937302827835,0.1793071031570434,76
930,2026,BeamBC,0.067234992980957,0.0581713542342186,76
863,2026,BeamBC,0.045585460960865,0.0456179194152355,76
899,2026,BeamBC,0.0583519041538238,0.0580462031066417,76
821,2026,BeamBC,0.0651732385158538,0.0577347166836261,76
910,2026,BeamBC,0.1179067492485046,0.1657212525606155,76
921,2026,BeamBC,0.1455010771751403,0.1480108946561813,76
909,2026,BeamBC,0.1299179792404174,0.1740712523460388,76
843,2026,BeamBC,0.0852537676692009,0.1221581995487213,76
902,2026,BeamBC,0.0591539293527603,0.0578020513057708,76
957,2026,BeamBC,0.045659452676773,0.0429447926580905,76
852,2026,BeamBC,0.0647397860884666,0.0574649460613727,76
856,2026,BeamBC,0.1363720446825027,0.1472919285297393,76
906,2026,BeamBC,0.1006288900971412,0.1600943803787231,76
869,2026,BeamBC,0.0867164954543113,0.1207958161830902,76
839,2026,BeamBC,0.055601879954338,0.0594804808497428,76
908,2026,BeamBC,0.0965095087885856,0.156519815325737,76
832,2026,BeamBC,0.0469144098460674,0.2145454585552215,76
907,2026,BeamBC,0.054708331823349,0.0598456412553787,76
920,2026,BeamBC,0.5089693665504456,0.451282650232315,76
837,2026,BeamBC,0.0672776326537132,0.059454258531332,76
864,2026,BeamBC,0.1418509781360626,0.1760726869106292,76
875,2026,BeamBC,0.0492089577019214,0.0624538585543632,76
935,2026,BeamBC,0.1646234989166259,0.1648768484592437,76
967,2026,BeamBC,0.0627600103616714,0.0573280975222587,76
900,2026,BeamBC,0.1464220285415649,0.1620700806379318,76
891,2026,BeamBC,0.0470852367579937,0.0578554831445217,76
927,2026,BeamBC,0.0472057163715362,0.0609668456017971,76
956,2026,BeamBC,0.1463982462882995,0.1628385037183761,76
964,2026,BeamBC,0.080510102212429,0.1102685928344726,76
806,2026,BeamBC,0.0461181811988353,0.1929713934659958,76
983,2026,BeamBC,0.1242536902427673,0.1634498834609985,76
888,2026,BeamBC,0.3468217849731445,0.2221242487430572,76
845,2026,BeamBC,0.1050257012248039,0.1513354927301406,76
929,2026,BeamBC,0.0862084329128265,0.1195013672113418,76
865,2026,BeamBC,0.0522551462054252,0.0611912086606025,76
939,2026,BeamBC,0.0802855268120765,0.1007420048117637,76
995,2026,BeamBC,0.0463052541017532,0.0609225369989872,76
932,2026,BeamBC,0.0456552766263484,0.043337132781744,76
993,2026,BeamBC,0.0503131374716758,0.0620051212608814,76
918,2026,BeamBC,0.1279049664735794,0.1690519154071808,76
949,2026,BeamBC,0.0455834008753299,0.0418159998953342,76
951,2026,BeamBC,0.0548030808568,0.0596705041825771,76
842,2026,BeamBC,0.1463782340288162,0.1563573032617569,76
985,2026,BeamBC,0.1395295709371566,0.1698018759489059,76
827,2026,BeamBC,0.079382337629795,0.096046894788742,76
866,2026,BeamBC,0.0470163226127624,0.0607957392930984,76
820,2026,BeamBC,0.0496511571109294,0.062402356415987,76
836,2026,BeamBC,0.054493773728609,0.0614366978406906,76
853,2026,BeamBC,0.0499976612627506,0.06189426779747,76
897,2026,BeamBC,0.0558414347469806,0.0589041449129581,76
800,2026,BeamBC,0.0446742363274097,0.1025951579213142,76
824,2026,BeamBC,0.0650015547871589,0.0575726553797721,76
913,2026,BeamBC,0.0746195912361145,0.0838230326771736,76
978,2026,BeamBC,0.1159426644444465,0.1743929088115692,76
849,2026,BeamBC,0.0594867691397666,0.0574273169040679,76
813,2026,BeamBC,0.0586247593164444,0.0580509565770626,76
962,2026,BeamBC,0.1064934656023979,0.1716525703668594,76
879,2026,BeamBC,0.0454976856708526,0.0538717843592166,76
823,2026,BeamBC,0.0963496565818786,0.1587338894605636,76
968,2026,BeamBC,0.0888794437050819,0.1398419290781021,76
997,2026,BeamBC,0.1461239904165268,0.1840800195932388,76
892,2026,BeamBC,0.3318798542022705,0.1607268452644348,76
840,2026,BeamBC,0.0804979726672172,0.1029564440250396,76
826,2026,BeamBC,0.0456110388040542,0.1720741838216781,76
895,2026,BeamBC,0.5067839622497559,2.981552839279175,76
915,2026,BeamBC,0.0455637946724891,0.0438331551849842,76
903,2026,BeamBC,0.0447706319391727,0.1276407241821289,76
991,2026,BeamBC,0.0544774234294891,0.0611143335700035,76
804,2026,BeamBC,0.0463729798793792,0.2027593553066253,76
970,2026,BeamBC,0.0959861278533935,0.1583049595355987,76
803,2026,ImmediateOnlyPI,0.1135419458150863,0.1733885407447815,76
835,2026,ImmediateOnlyPI,0.0459748245775699,0.0489809550344944,76
871,2026,ImmediateOnlyPI,0.0474341511726379,0.0539118088781833,76
979,2026,ImmediateOnlyPI,0.0915475562214851,0.1483920812606811,76
980,2026,ImmediateOnlyPI,0.0923793762922287,0.150685504078865,76
834,2026,ImmediateOnlyPI,0.043744221329689,0.1034999713301658,76
829,2026,ImmediateOnlyPI,0.1014890372753143,0.1668236255645752,76
981,2026,ImmediateOnlyPI,0.0463055409491062,0.0606766045093536,76
808,2026,ImmediateOnlyPI,0.0642287358641624,0.0570907182991504,76
965,2026,ImmediateOnlyPI,0.0488205589354038,0.0614272914826869,76
934,2026,ImmediateOnlyPI,0.0684710294008255,0.0607156194746494,76
971,2026,ImmediateOnlyPI,0.0711497589945793,0.0704849138855934,76
861,2026,ImmediateOnlyPI,0.4942571222782135,0.4948109090328216,76
977,2026,ImmediateOnlyPI,0.0769950151443481,0.0880791619420051,76
990,2026,ImmediateOnlyPI,0.05910649523139,0.0576849952340126,76
828,2026,ImmediateOnlyPI,0.0442957989871501,0.1511771380901336,76
858,2026,ImmediateOnlyPI,0.1278944909572601,0.1763663738965988,76
938,2026,ImmediateOnlyPI,0.5674948692321777,1.696006178855896,76
976,2026,ImmediateOnlyPI,0.0437476560473442,0.1081453114748001,76
955,2026,ImmediateOnlyPI,0.0437693335115909,0.1134376153349876,76
872,2026,ImmediateOnlyPI,0.101778969168663,0.1670925915241241,76
867,2026,ImmediateOnlyPI,0.0752018094062805,0.0821905508637428,76
841,2026,ImmediateOnlyPI,0.0438516102731227,0.0810489058494567,76
830,2026,ImmediateOnlyPI,0.0443665757775306,0.0600771009922027,76
946,2026,ImmediateOnlyPI,0.4133395552635193,0.1151306256651878,76
952,2026,ImmediateOnlyPI,0.0440735444426536,0.1454928964376449,76
923,2026,ImmediateOnlyPI,0.0461818501353263,0.0506079010665416,76
925,2026,ImmediateOnlyPI,0.0448814108967781,0.1861610412597656,76
953,2026,ImmediateOnlyPI,0.0439658910036087,0.1376127302646637,76
846,2026,ImmediateOnlyPI,0.1425192058086395,0.1694837510585785,76
930,2026,ImmediateOnlyPI,0.0673245713114738,0.0695327222347259,76
863,2026,ImmediateOnlyPI,0.0451003648340702,0.0461399890482425,76
899,2026,ImmediateOnlyPI,0.0583154186606407,0.057331096380949,76
821,2026,ImmediateOnlyPI,0.0638085305690765,0.057029977440834,76
910,2026,ImmediateOnlyPI,0.1206968873739242,0.1754930019378662,76
921,2026,ImmediateOnlyPI,0.1488609164953231,0.1751691699028015,76
909,2026,ImmediateOnlyPI,0.1358028799295425,0.1747739613056183,76
843,2026,ImmediateOnlyPI,0.0875521376729011,0.1366294622421264,76
902,2026,ImmediateOnlyPI,0.0591517239809036,0.0561832599341869,76
957,2026,ImmediateOnlyPI,0.0459505803883075,0.0435048602521419,76
852,2026,ImmediateOnlyPI,0.0651414319872856,0.0578591078519821,76
856,2026,ImmediateOnlyPI,0.1459483653306961,0.1746442168951034,76
906,2026,ImmediateOnlyPI,0.1020969748497009,0.1684110611677169,76
869,2026,ImmediateOnlyPI,0.0874758884310722,0.1352031975984573,76
839,2026,ImmediateOnlyPI,0.0563202202320098,0.0617198757827281,76
908,2026,ImmediateOnlyPI,0.0957440510392189,0.1619721204042434,76
832,2026,ImmediateOnlyPI,0.0458633713424205,0.2301886230707168,76
907,2026,ImmediateOnlyPI,0.0569222345948219,0.0625038966536521,76
920,2026,ImmediateOnlyPI,0.387328952550888,0.2666016519069671,76
837,2026,ImmediateOnlyPI,0.0657841637730598,0.0590582303702831,76
864,2026,ImmediateOnlyPI,0.1519925892353058,0.1691275835037231,76
875,2026,ImmediateOnlyPI,0.0507918260991573,0.0666578412055969,76
935,2026,ImmediateOnlyPI,0.2388854622840881,0.1847208142280578,76
967,2026,ImmediateOnlyPI,0.0637490227818489,0.068171314895153,76
900,2026,ImmediateOnlyPI,0.1703133434057235,0.1614120006561279,76
891,2026,ImmediateOnlyPI,0.0459778048098087,0.0598326325416564,76
927,2026,ImmediateOnlyPI,0.0468527302145957,0.0609318614006042,76
956,2026,ImmediateOnlyPI,0.1650985479354858,0.1605132967233657,76
964,2026,ImmediateOnlyPI,0.0797574296593666,0.1106796562671661,76
806,2026,ImmediateOnlyPI,0.0450927540659904,0.2020742446184158,76
983,2026,ImmediateOnlyPI,0.1292305737733841,0.1756855398416519,76
888,2026,ImmediateOnlyPI,0.4034534394741058,0.1974925696849823,76
845,2026,ImmediateOnlyPI,0.1042951270937919,0.1700399518013,76
929,2026,ImmediateOnlyPI,0.0870715975761413,0.1338115632534027,76
865,2026,ImmediateOnlyPI,0.0536401458084583,0.0606767050921916,76
939,2026,ImmediateOnlyPI,0.0787184089422226,0.1012211740016937,76
995,2026,ImmediateOnlyPI,0.0461641736328601,0.0604989603161811,76
932,2026,ImmediateOnlyPI,0.0459196344017982,0.0438959039747715,76
993,2026,ImmediateOnlyPI,0.0510272979736328,0.0663194358348846,76
918,2026,ImmediateOnlyPI,0.1287803053855896,0.1762967556715011,76
949,2026,ImmediateOnlyPI,0.0447882935404777,0.0485837273299694,76
951,2026,ImmediateOnlyPI,0.0575840547680854,0.0627092868089675,76
842,2026,ImmediateOnlyPI,0.1436456888914108,0.1770434081554412,76
985,2026,ImmediateOnlyPI,0.1430577784776687,0.1770785748958587,76
827,2026,ImmediateOnlyPI,0.0776852294802665,0.0964937135577201,76
866,2026,ImmediateOnlyPI,0.0467012897133827,0.0609005279839038,76
820,2026,ImmediateOnlyPI,0.05122821778059,0.0663997158408165,76
836,2026,ImmediateOnlyPI,0.0540137514472007,0.0603892356157302,76
853,2026,ImmediateOnlyPI,0.0511473529040813,0.0663862973451614,76
897,2026,ImmediateOnlyPI,0.0576661452651023,0.0584256201982498,76
800,2026,ImmediateOnlyPI,0.0437711402773857,0.0903199464082717,76
824,2026,ImmediateOnlyPI,0.063409648835659,0.0567951723933219,76
913,2026,ImmediateOnlyPI,0.0755296051502227,0.0837357118725776,76
978,2026,ImmediateOnlyPI,0.1164257526397705,0.1743414252996444,76
849,2026,ImmediateOnlyPI,0.0594497360289096,0.0560958236455917,76
813,2026,ImmediateOnlyPI,0.0586980879306793,0.0572018772363662,76
962,2026,ImmediateOnlyPI,0.1093257516622543,0.1718490719795227,76
879,2026,ImmediateOnlyPI,0.046960461884737,0.0533218793570995,76
823,2026,ImmediateOnlyPI,0.094272956252098,0.1589251309633255,76
968,2026,ImmediateOnlyPI,0.0884540751576423,0.1399580836296081,76
997,2026,ImmediateOnlyPI,0.1428249925374984,0.1594127267599105,76
892,2026,ImmediateOnlyPI,0.3817687332630157,0.1373208165168762,76
840,2026,ImmediateOnlyPI,0.078862652182579,0.1033096387982368,76
826,2026,ImmediateOnlyPI,0.0446174517273902,0.1807121187448501,76
895,2026,ImmediateOnlyPI,0.2221965342760086,0.2710520923137665,76
915,2026,ImmediateOnlyPI,0.0459498949348926,0.0444181114435195,76
903,2026,ImmediateOnlyPI,0.0438924916088581,0.1271864175796508,76
991,2026,ImmediateOnlyPI,0.0523651838302612,0.0622217878699302,76
804,2026,ImmediateOnlyPI,0.0453302487730979,0.211163654923439,76
970,2026,ImmediateOnlyPI,0.094036690890789,0.1585085690021515,76
803,2026,RVPI,0.1085670739412307,0.1625870019197464,76
835,2026,RVPI,0.0461448952555656,0.0754099711775779,76
871,2026,RVPI,0.0467358045279979,0.053647119551897,76
979,2026,RVPI,0.0880254209041595,0.1484542489051818,76
980,2026,RVPI,0.0905692130327224,0.1507322043180465,76
834,2026,RVPI,0.0447928234934806,0.0931021496653556,76
829,2026,RVPI,0.0998814404010772,0.1669544875621795,76
981,2026,RVPI,0.0491057261824607,0.0602926537394523,76
808,2026,RVPI,0.067937895655632,0.0575883090496063,76
965,2026,RVPI,0.0502913072705268,0.0711094513535499,76
934,2026,RVPI,0.0694365724921226,0.0612709634006023,76
971,2026,RVPI,0.0726630836725235,0.0716057568788528,76
861,2026,RVPI,0.543144941329956,1.218679904937744,76
977,2026,RVPI,0.0731494054198265,0.08742456138134,76
990,2026,RVPI,0.0599253922700881,0.0580445416271686,76
828,2026,RVPI,0.0452640913426876,0.1519727110862732,76
858,2026,RVPI,0.1199242025613784,0.1642507165670395,76
938,2026,RVPI,0.5478865504264832,0.7167866826057434,76
976,2026,RVPI,0.044728796929121,0.1043111681938171,76
955,2026,RVPI,0.0447667241096496,0.1076577976346015,76
872,2026,RVPI,0.1001795455813407,0.1672299206256866,76
867,2026,RVPI,0.0744316726922988,0.0820730030536651,76
841,2026,RVPI,0.045110810548067,0.0849830284714698,76
830,2026,RVPI,0.0451863147318363,0.0709980279207229,76
946,2026,RVPI,0.3713806867599487,0.158721774816513,76
952,2026,RVPI,0.045030727982521,0.1422069668769836,76
923,2026,RVPI,0.0470256544649601,0.0758716613054275,76
925,2026,RVPI,0.0458820946514606,0.178477257490158,76
953,2026,RVPI,0.0448994189500808,0.1261271387338638,76
846,2026,RVPI,0.1400070935487747,0.181392952799797,76
930,2026,RVPI,0.0684060454368591,0.0584057196974754,76
863,2026,RVPI,0.0469307638704776,0.0863697230815887,76
899,2026,RVPI,0.0619967095553875,0.057775892317295,76
821,2026,RVPI,0.0672094747424125,0.0577727556228637,76
910,2026,RVPI,0.1156525164842605,0.1549865752458572,76
921,2026,RVPI,0.1515714973211288,0.1473607271909713,76
909,2026,RVPI,0.1252052336931228,0.1750093102455139,76
843,2026,RVPI,0.0838458463549614,0.1367052793502807,76
902,2026,RVPI,0.0619259551167488,0.0573281422257423,76
957,2026,RVPI,0.0468463152647018,0.0856783762574195,76
852,2026,RVPI,0.0669784992933273,0.0571321360766887,76
856,2026,RVPI,0.1498900800943374,0.1657570600509643,76
906,2026,RVPI,0.1015819683670997,0.1684394627809524,76
869,2026,RVPI,0.0869749709963798,0.1352426558732986,76
839,2026,RVPI,0.0557612031698226,0.0593421421945095,76
908,2026,RVPI,0.0961855798959732,0.1619171351194381,76
832,2026,RVPI,0.0469028875231742,0.2154471725225448,76
907,2026,RVPI,0.0570619963109493,0.0592444986104965,76
920,2026,RVPI,0.5402626395225525,0.5592302083969116,76
837,2026,RVPI,0.0683170408010482,0.0602000430226326,76
864,2026,RVPI,0.1471678614616394,0.1619617640972137,76
875,2026,RVPI,0.0525673702359199,0.0720611363649368,76
935,2026,RVPI,0.139521524310112,0.1650396436452865,76
967,2026,RVPI,0.0623617880046367,0.0567931570112705,76
900,2026,RVPI,0.13446806371212,0.1645581424236297,76
891,2026,RVPI,0.0466631427407264,0.05341712012887,76
927,2026,RVPI,0.0481708087027072,0.0606931149959564,76
956,2026,RVPI,0.1560261100530624,0.1630980968475341,76
964,2026,RVPI,0.0805351585149765,0.1107452884316444,76
806,2026,RVPI,0.0461112819612026,0.1875784546136856,76
983,2026,RVPI,0.1227942556142807,0.1750234812498092,76
888,2026,RVPI,0.3685779273509979,0.1403144150972366,76
845,2026,RVPI,0.1015922799706459,0.1648696810007095,76
929,2026,RVPI,0.0865866541862487,0.1340231895446777,76
865,2026,RVPI,0.056356955319643,0.072004534304142,76
939,2026,RVPI,0.0771220326423645,0.1015703752636909,76
995,2026,RVPI,0.048959981650114,0.0601440295577049,76
932,2026,RVPI,0.0468695387244224,0.0857933610677719,76
993,2026,RVPI,0.0525290966033935,0.0723190307617187,76
918,2026,RVPI,0.1239039599895477,0.1756230592727661,76
949,2026,RVPI,0.0453639216721057,0.0704320296645164,76
951,2026,RVPI,0.0554892793297767,0.0596135146915912,76
842,2026,RVPI,0.1464165449142456,0.1690796166658401,76
985,2026,RVPI,0.144777625799179,0.1661959290504455,76
827,2026,RVPI,0.0775772482156753,0.0968890711665153,76
866,2026,RVPI,0.0477585829794406,0.0623982325196266,76
820,2026,RVPI,0.0533763989806175,0.0722687542438507,76
836,2026,RVPI,0.0560442842543125,0.0607872754335403,76
853,2026,RVPI,0.0509731881320476,0.072304256260395,76
897,2026,RVPI,0.0570669136941432,0.0588964484632015,76
800,2026,RVPI,0.0450034998357296,0.0904104933142662,76
824,2026,RVPI,0.0670358166098594,0.0572078563272953,76
913,2026,RVPI,0.0744836702942848,0.083646610379219,76
978,2026,RVPI,0.1108037456870079,0.1731648296117782,76
849,2026,RVPI,0.0597562156617641,0.0572180673480033,76
813,2026,RVPI,0.0623195320367813,0.0577476732432842,76
962,2026,RVPI,0.1058735623955726,0.1628256887197494,76
879,2026,RVPI,0.0464222356677055,0.051578901708126,76
823,2026,RVPI,0.092585764825344,0.1588977128267288,76
968,2026,RVPI,0.084030769765377,0.140046015381813,76
997,2026,RVPI,0.1436511427164077,0.1690292805433273,76
892,2026,RVPI,0.2224265933036804,0.1698891967535019,76
840,2026,RVPI,0.0742701366543769,0.1036500483751297,76
826,2026,RVPI,0.0455994084477424,0.1653986126184463,76
895,2026,RVPI,0.2904555797576904,0.1320396214723587,76
915,2026,RVPI,0.0469659641385078,0.0861949101090431,76
903,2026,RVPI,0.0447707325220108,0.1170695126056671,76
991,2026,RVPI,0.0564471296966075,0.0722536072134971,76
804,2026,RVPI,0.046356551349163,0.1969110816717147,76
970,2026,RVPI,0.0923204869031906,0.1584546715021133,76
