Case,SolverStep,LatentDistance,CorrectionDifference,NextErrorDifference
854,0,1.0,0.10035841166973114,0.017880931496620178
854,0,1.0,0.10035841166973114,0.005498334765434265
854,0,2.999999761581421,0.34258317947387695,0.09514346718788147
854,0,2.999999761581421,0.34258317947387695,0.112388476729393
854,0,1.0,0.11241160333156586,0.01186998188495636
854,0,1.0,0.11241160333156586,0.017440199851989746
854,0,3.0,0.28411030769348145,0.10554707050323486
854,0,3.0,0.28411030769348145,0.04396858811378479
854,0,1.0,0.11333107203245163,0.01819053292274475
854,0,1.0,0.11333107203245163,0.011556550860404968
854,0,3.0,0.26024776697158813,0.07147163152694702
854,0,3.0,0.26024776697158813,0.06160120666027069
854,0,1.0,0.1081494465470314,0.020875439047813416
854,0,1.0,0.1081494465470314,0.006032243371009827
854,0,3.000000238418579,0.2753976583480835,0.07524025440216064
854,0,3.000000238418579,0.2753976583480835,0.07105028629302979
854,0,1.0,0.11736740171909332,0.003090381622314453
854,0,1.0,0.11736740171909332,0.02777133882045746
854,0,3.0,0.2646484076976776,0.0825904905796051
854,0,3.0,0.2646484076976776,0.05332978069782257
854,0,1.0,0.09307292848825455,0.008136823773384094
854,0,1.0,0.09307292848825455,0.012280747294425964
854,0,3.0,0.28455960750579834,0.08271189033985138
854,0,3.0,0.28455960750579834,0.07153785228729248
854,0,0.9999999403953552,0.0832367092370987,0.006808415055274963
854,0,0.9999999403953552,0.0832367092370987,0.00964750349521637
854,0,2.999999761581421,0.26097404956817627,0.06894926726818085
854,0,2.999999761581421,0.26097404956817627,0.06484460830688477
854,0,1.0,0.09064722806215286,0.01717299222946167
854,0,1.0,0.09064722806215286,0.001853257417678833
854,0,3.0,0.32834213972091675,0.0799311101436615
854,0,3.0,0.32834213972091675,0.11327677965164185
854,0,1.0,0.09355814009904861,0.01046888530254364
854,0,1.0,0.09355814009904861,0.010184168815612793
854,0,3.0,0.266103059053421,0.05625608563423157
854,0,3.0,0.266103059053421,0.08120791614055634
854,0,1.0,0.09981533139944077,0.009485393762588501
854,0,1.0,0.09981532394886017,0.013876184821128845
854,0,2.999999761581421,0.30434730648994446,0.1039787232875824
854,0,2.999999761581421,0.30434730648994446,0.06666192412376404
854,0,1.0,0.08336395770311356,0.013025268912315369
854,0,1.0,0.08336395770311356,0.003330245614051819
854,0,3.000000238418579,0.3128510117530823,0.09030516445636749
854,0,3.000000238418579,0.3128510117530823,0.08970275521278381
854,0,1.0,0.1306510865688324,0.015305295586585999
854,0,1.0,0.1306510865688324,0.02358946204185486
854,0,3.0,0.29217782616615295,0.08377052843570709
854,0,3.0,0.29217782616615295,0.07738268375396729
854,0,1.0,0.1030336320400238,0.009421318769454956
854,0,1.0,0.1030336320400238,0.015381395816802979
854,0,3.0,0.31097400188446045,0.09351614117622375
854,0,3.0,0.31097400188446045,0.08467799425125122
854,0,0.9999999403953552,0.11328385025262833,0.013186708092689514
854,0,0.9999999403953552,0.11328385025262833,0.016590610146522522
854,0,3.0,0.2725903391838074,0.08240807056427002
854,0,3.0,0.2725903391838074,0.060890451073646545
854,0,1.0,0.1057288870215416,0.014586001634597778
854,0,1.0,0.1057288870215416,0.011520683765411377
854,0,3.0,0.28119707107543945,0.08908069133758545
854,0,3.0,0.28119707107543945,0.061430469155311584
854,0,1.0000001192092896,0.09008604288101196,0.019613191485404968
854,0,1.0000001192092896,0.09008604288101196,-0.0011585354804992676
854,0,3.0,0.32911279797554016,0.0973426103591919
893,0,1.0,0.09996666759252548,0.016186967492103577
893,0,1.0,0.09996666759252548,0.004944950342178345
893,0,3.000000238418579,0.30041995644569397,0.08516785502433777
893,0,3.000000238418579,0.30041995644569397,0.0708315521478653
893,0,0.9999999403953552,0.08098895847797394,0.0091124027967453
893,0,0.9999999403953552,0.08098895847797394,0.005044013261795044
893,0,3.000000238418579,0.26220613718032837,0.07123897969722748
893,0,3.000000238418579,0.26220613718032837,0.05290199816226959
893,0,0.9999999403953552,0.08997360616922379,0.00489354133605957
893,0,0.9999999403953552,0.08997360616922379,0.012418597936630249
893,0,3.0,0.2229531705379486,0.05548502504825592
893,0,3.0,0.2229531705379486,0.038376763463020325
893,0,0.9999999403953552,0.11073313653469086,0.009909138083457947
893,0,0.9999999403953552,0.11073313653469086,0.016009017825126648
893,0,3.000000238418579,0.33690640330314636,0.10678905248641968
893,0,3.000000238418579,0.33690640330314636,0.08055098354816437
893,0,0.9999999403953552,0.09395775943994522,0.00545656681060791
893,0,0.9999999403953552,0.09395775198936462,0.013371393084526062
893,0,2.999999761581421,0.25268372893333435,0.06450508534908295
893,0,2.999999761581421,0.25268372893333435,0.052285224199295044
893,0,1.0,0.0941496267914772,-0.00043423473834991455
893,0,1.0,0.0941496267914772,0.018817812204360962
893,0,3.000000238418579,0.32575875520706177,0.09254516661167145
893,0,3.000000238418579,0.32575875520706177,0.08560661971569061
893,0,0.9999999403953552,0.09494461119174957,0.0011266618967056274
893,0,0.9999999403953552,0.09494461119174957,0.017729535698890686
893,0,3.0,0.29001089930534363,0.08011618256568909
893,0,3.0,0.29001089930534363,0.06710690259933472
893,0,1.0,0.10680202394723892,0.01268845796585083
893,0,1.0,0.10680203139781952,0.011549413204193115
893,0,3.0,0.331612229347229,0.08630818128585815
893,0,3.0,0.331612229347229,0.09694381058216095
893,0,1.0,0.10970128327608109,0.012573540210723877
893,0,1.0,0.10970128327608109,0.012943953275680542
893,0,3.0,0.25426024198532104,0.05499336123466492
893,0,3.0,0.25426024198532104,0.06314750015735626
893,0,1.0,0.09295718371868134,0.014074310660362244
893,0,1.0,0.09295718371868134,0.004309758543968201
893,0,3.0,0.2878502905368805,0.07683949172496796
893,0,3.0,0.2878503203392029,0.0686912089586258
893,0,1.0,0.11731304228305817,0.016036972403526306
893,0,1.0,0.11731304228305817,0.012955129146575928
893,0,3.0,0.31190887093544006,0.0719185471534729
893,0,3.0,0.31190887093544006,0.09365959465503693
893,0,1.0,0.11103973537683487,0.006280258297920227
893,0,1.0,0.11103973537683487,0.01954735815525055
893,0,2.999999761581421,0.31544607877731323,0.08084219694137573
893,0,2.999999761581421,0.31544607877731323,0.08827626705169678
893,0,1.0,0.08544684946537018,0.01028972864151001
893,0,1.0,0.08544685691595078,0.0054159462451934814
893,0,3.000000238418579,0.29162219166755676,0.08854737877845764
893,0,3.000000238418579,0.29162219166755676,0.05922152101993561
893,0,1.0,0.10083426535129547,0.00901573896408081
893,0,1.0,0.10083427280187607,0.0126638263463974
893,0,3.0,0.28395047783851624,0.08347547054290771
893,0,3.0,0.28395047783851624,0.058109819889068604
893,0,0.9999999403953552,0.10304130613803864,0.012814030051231384
893,0,0.9999999403953552,0.10304130613803864,0.00979679822921753
893,0,3.0,0.27873659133911133,0.0712614357471466
893,0,3.0,0.27873659133911133,0.06674088537693024
893,0,1.0,0.09650295972824097,0.005558133125305176
893,0,1.0,0.09650295972824097,0.014253214001655579
893,0,3.0,0.2958594560623169,0.06886360049247742
998,0,0.9999999403953552,0.10663125663995743,0.007669329643249512
998,0,0.9999999403953552,0.10663125663995743,0.008175775408744812
998,0,2.999999761581421,0.31623315811157227,0.06731986999511719
998,0,2.999999761581421,0.31623315811157227,0.051179662346839905
998,0,1.0,0.10768058896064758,0.010532781481742859
998,0,1.0,0.10768058896064758,0.005577743053436279
998,0,3.0,0.3245866298675537,0.0802135318517685
998,0,3.0,0.3245866298675537,0.04226168990135193
998,0,0.9999999403953552,0.12285497039556503,0.008248478174209595
998,0,0.9999999403953552,0.12285497039556503,0.012579783797264099
998,0,3.0,0.2628730535507202,0.046303197741508484
998,0,3.0,0.2628730535507202,0.039774090051651
998,0,1.0,0.08955901116132736,0.006102442741394043
998,0,1.0,0.08955901861190796,0.0051605552434921265
998,0,3.000000238418579,0.2903958261013031,0.04588271677494049
998,0,3.000000238418579,0.2903958261013031,0.05655278265476227
998,0,1.0,0.09546294808387756,0.01180732250213623
998,0,1.0,0.09546294808387756,0.0007569640874862671
998,0,3.0,0.2970941960811615,0.04238693416118622
998,0,3.0,0.2970941960811615,0.06375680863857269
998,0,1.0,0.09189552068710327,0.001817941665649414
998,0,1.0,0.09189552068710327,0.009921371936798096
998,0,2.999999761581421,0.23533287644386292,0.043903499841690063
998,0,2.999999761581421,0.23533287644386292,0.02634119987487793
998,0,1.0,0.10056509077548981,0.0027473866939544678
998,0,1.0,0.10056509077548981,0.011267706751823425
998,0,3.0,0.23832634091377258,0.0360046923160553
998,0,3.0,0.23832634091377258,0.0362962931394577
998,0,0.9999999403953552,0.10866153985261917,0.003405258059501648
998,0,0.9999999403953552,0.10866153985261917,0.012886270880699158
998,0,3.0,0.28797629475593567,0.0420590341091156
998,0,3.0,0.28797629475593567,0.058685317635536194
998,0,1.0,0.0948900505900383,0.011338815093040466
998,0,1.0,0.0948900505900383,0.0011045187711715698
998,0,3.0,0.33090829849243164,0.06041993200778961
998,0,3.0,0.33090829849243164,0.06786423921585083
998,0,1.0,0.08158906549215317,0.004466116428375244
998,0,1.0,0.08158906549215317,0.004912272095680237
998,0,3.0,0.35975372791290283,0.05682586133480072
998,0,3.0,0.35975372791290283,0.08961598575115204
998,0,1.0,0.0736728087067604,0.006744250655174255
998,0,1.0,0.0736728087067604,0.0008669942617416382
998,0,3.0,0.2917097806930542,0.059847623109817505
998,0,3.0,0.2917097806930542,0.043187856674194336
998,0,1.0,0.10409078747034073,0.004014194011688232
998,0,1.0,0.10409078747034073,0.011023193597793579
998,0,3.0,0.2538260817527771,0.04321788251399994
998,0,3.0,0.2538260817527771,0.03767961263656616
998,0,1.0,0.08612748235464096,0.005408778786659241
998,0,1.0,0.08612748980522156,0.00502343475818634
998,0,2.999999761581421,0.323787122964859,0.05195550620555878
998,0,2.999999761581421,0.3237870931625366,0.07129064202308655
998,0,1.0,0.09919658303260803,0.007620677351951599
998,0,1.0,0.09919657558202744,0.006136804819107056
998,0,3.0,0.29262030124664307,0.07431702315807343
998,0,3.0,0.29262030124664307,0.026748865842819214
998,0,1.0,0.08767072856426239,-6.148219108581543e-05
998,0,1.0,0.08767072856426239,0.0106726735830307
998,0,2.999999761581421,0.2561577260494232,0.0341891348361969
998,0,2.999999761581421,0.2561577260494232,0.047828078269958496
998,0,1.0,0.09950681775808334,0.010069698095321655
998,0,1.0,0.09950681775808334,0.00370904803276062
998,0,3.0,0.3233271837234497,0.044801563024520874
802,0,1.0,0.0886845663189888,0.0027829408645629883
802,0,1.0,0.0886845663189888,0.00743788480758667
802,0,3.0,0.29007309675216675,0.06418807804584503
802,0,3.0,0.29007309675216675,0.030047982931137085
802,0,1.0,0.10157624632120132,0.002686798572540283
802,0,1.0,0.10157624632120132,0.010593920946121216
802,0,3.0,0.31815099716186523,0.07236692309379578
802,0,3.0,0.31815099716186523,0.038613349199295044
802,0,1.0,0.0999159887433052,0.00821918249130249
802,0,1.0,0.0999159961938858,0.0047203898429870605
802,0,3.0,0.3074614107608795,0.032346829771995544
802,0,3.0,0.3074614107608795,0.07165694236755371
802,0,0.9999999403953552,0.09701420366764069,0.00945676863193512
802,0,0.9999999403953552,0.09701420366764069,0.0027003437280654907
802,0,3.0,0.30918824672698975,0.055377230048179626
802,0,3.0,0.30918824672698975,0.05160747468471527
802,0,1.0,0.10251882672309875,0.005387201905250549
802,0,1.0,0.10251882672309875,0.008227869868278503
802,0,3.0,0.26864686608314514,0.035586073994636536
802,0,3.0,0.26864689588546753,0.04785534739494324
802,0,0.9999999403953552,0.11677376925945282,0.011850610375404358
802,0,0.9999999403953552,0.11677376180887222,0.005651041865348816
802,0,3.0,0.2854785621166229,0.048363640904426575
802,0,3.0,0.2854785621166229,0.04473482072353363
802,0,1.0,0.07143130898475647,0.0011751949787139893
802,0,1.0,0.07143130898475647,0.005488336086273193
802,0,3.000000238418579,0.3068719208240509,0.035187557339668274
802,0,3.000000238418579,0.3068719208240509,0.06897804141044617
802,0,1.0,0.10600769519805908,0.015278294682502747
802,0,1.0,0.10600769519805908,-0.0011773854494094849
802,0,3.0,0.32190802693367004,0.06646046042442322
802,0,3.0,0.32190802693367004,0.04780195653438568
802,0,1.0000001192092896,0.09106206148862839,0.011804923415184021
802,0,1.0000001192092896,0.09106206148862839,-0.0012876838445663452
802,0,3.0,0.2843955457210541,0.05518081784248352
802,0,3.0,0.2843955457210541,0.036874547600746155
802,0,0.9999999403953552,0.11607541143894196,0.010908588767051697
802,0,0.9999999403953552,0.11607541143894196,0.006419479846954346
802,0,3.0,0.34608179330825806,0.07404345273971558
802,0,3.0,0.34608179330825806,0.05527462065219879
802,0,0.9999999403953552,0.0982087180018425,0.0040199607610702515
802,0,0.9999999403953552,0.0982087180018425,0.008476942777633667
802,0,3.000000238418579,0.3137778341770172,0.05333209037780762
802,0,3.000000238418579,0.3137778341770172,0.05641557276248932
802,0,0.9999999403953552,0.11627041548490524,0.005322322249412537
802,0,0.9999999403953552,0.11627042293548584,0.012021943926811218
802,0,3.0,0.31673017144203186,0.027493581175804138
802,0,3.0,0.31673017144203186,0.08051498234272003
802,0,0.9999999403953552,0.12636779248714447,0.012755528092384338
802,0,0.9999999403953552,0.12636779248714447,0.007671639323234558
802,0,3.000000238418579,0.29107362031936646,0.034857094287872314
802,0,3.000000238418579,0.29107362031936646,0.06061553955078125
802,0,1.0,0.10624058544635773,0.002414897084236145
802,0,1.0,0.10624058544635773,0.01204332709312439
802,0,3.0,0.22050467133522034,0.028529465198516846
802,0,3.0,0.22050465643405914,0.030046388506889343
802,0,1.0,0.07719460874795914,0.00473514199256897
802,0,1.0,0.07719460874795914,0.0030643343925476074
802,0,2.999999761581421,0.3291543424129486,0.0628858208656311
802,0,2.999999761581421,0.3291543424129486,0.056207671761512756
802,0,1.0,0.09414635598659515,0.0018113106489181519
802,0,1.0,0.09414635598659515,0.00962112843990326
802,0,3.0,0.28379926085472107,0.04838237166404724
919,0,1.0,0.08835697174072266,0.0032042711973190308
919,0,1.0,0.08835697174072266,0.00989215075969696
919,0,3.000000238418579,0.3551875352859497,0.09655305743217468
919,0,3.000000238418579,0.3551875352859497,0.07130731642246246
919,0,1.0,0.08725494146347046,0.007054463028907776
919,0,1.0,0.08725494891405106,0.005793735384941101
919,0,3.0,0.27193930745124817,0.06736016273498535
919,0,3.0,0.27193930745124817,0.03922702372074127
919,0,1.0,0.08760552853345871,0.006484225392341614
919,0,1.0,0.0876055359840393,0.006467878818511963
919,0,3.000000238418579,0.31125757098197937,0.060024768114089966
919,0,3.000000238418579,0.31125757098197937,0.07515059411525726
919,0,1.0,0.11573150753974915,0.00790742039680481
919,0,1.0,0.11573150753974915,0.014281079173088074
919,0,3.0,0.2932448983192444,0.043348997831344604
919,0,3.0,0.2932448983192444,0.07766871154308319
919,0,0.9999999403953552,0.07710761576890945,0.01185654103755951
919,0,0.9999999403953552,0.07710761576890945,-0.0020992308855056763
919,0,2.999999761581421,0.2835582196712494,0.05856756865978241
919,0,2.999999761581421,0.2835582196712494,0.057050853967666626
919,0,1.0,0.09656369686126709,0.0070476233959198
919,0,1.0,0.09656369686126709,0.00861288607120514
919,0,3.0,0.2422146201133728,0.05559372901916504
919,0,3.0,0.2422146201133728,0.03151288628578186
919,0,1.0,0.0948697030544281,0.010975629091262817
919,0,1.0,0.0948697030544281,0.0040795207023620605
919,0,3.0,0.291551411151886,0.053878337144851685
919,0,3.0,0.291551411151886,0.06715542078018188
919,0,1.0,0.08918558806180954,0.006179690361022949
919,0,1.0,0.08918558806180954,0.007231533527374268
919,0,3.0,0.27498430013656616,0.059682995080947876
919,0,3.0,0.27498432993888855,0.04987093806266785
919,0,1.0,0.10667210817337036,0.009520202875137329
919,0,1.0,0.10667210817337036,0.009488552808761597
919,0,3.0,0.28598734736442566,0.0619422048330307
919,0,3.0,0.28598734736442566,0.05532701313495636
919,0,1.0,0.10203981399536133,0.009191721677780151
919,0,1.0,0.10203981399536133,0.008246287703514099
919,0,3.000000238418579,0.2743350863456726,0.05173671245574951
919,0,3.000000238418579,0.2743350863456726,0.05745057761669159
919,0,0.9999998807907104,0.1025974452495575,-0.0011204034090042114
919,0,0.9999998807907104,0.1025974452495575,0.018140390515327454
919,0,3.0,0.32732143998146057,0.07642975449562073
919,0,3.0,0.32732143998146057,0.07086744904518127
919,0,1.0,0.10348168015480042,0.010076642036437988
919,0,1.0,0.10348168015480042,0.007836520671844482
919,0,3.0,0.30119726061820984,0.06281439960002899
919,0,3.0,0.30119726061820984,0.06531980633735657
919,0,1.0,0.09977789223194122,0.003126591444015503
919,0,1.0,0.09977789223194122,0.013396680355072021
919,0,3.0,0.28190264105796814,0.06123511493206024
919,0,3.0,0.28190264105796814,0.05314961075782776
919,0,1.0,0.09832717478275299,0.01202721893787384
919,0,1.0,0.09832717478275299,0.004096329212188721
919,0,3.0,0.3077862858772278,0.08178594708442688
919,0,3.0,0.30778631567955017,0.04992187023162842
919,0,1.0,0.10498534142971039,0.008410423994064331
919,0,1.0,0.10498534142971039,0.010015562176704407
919,0,3.0,0.31521549820899963,0.06953802704811096
919,0,3.0,0.31521549820899963,0.06880995631217957
919,0,0.9999999403953552,0.1119576171040535,0.009676232933998108
919,0,0.9999999403953552,0.1119576171040535,0.011194020509719849
919,0,2.999999761581421,0.2923043370246887,0.0557117760181427
860,0,1.0,0.09631367027759552,-0.003749161958694458
860,0,1.0,0.09631367772817612,0.014174893498420715
860,0,3.0,0.23336704075336456,0.025871306657791138
860,0,3.0,0.23336704075336456,0.033482760190963745
860,0,1.0,0.10200988501310349,-0.0018461346626281738
860,0,1.0,0.10200988501310349,0.013715773820877075
860,0,3.0,0.27270758152008057,0.041200846433639526
860,0,3.0,0.27270758152008057,0.03753103315830231
860,0,1.0,0.08665937930345535,0.011894524097442627
860,0,1.0,0.08665937185287476,-0.0033799409866333008
860,0,3.0,0.2890781760215759,0.04078790545463562
860,0,3.0,0.2890781760215759,0.04650144279003143
860,0,1.0,0.10128287971019745,0.008532702922821045
860,0,1.0,0.10128287971019745,0.003531724214553833
860,0,2.999999761581421,0.31145748496055603,0.03550802171230316
860,0,2.999999761581421,0.31145748496055603,0.06303626298904419
860,0,1.0,0.10346082597970963,0.010856077075004578
860,0,1.0,0.10346082597970963,0.001622214913368225
860,0,3.0,0.30715978145599365,0.03040952980518341
860,0,3.0,0.30715978145599365,0.06515617668628693
860,0,1.0,0.09621099382638931,0.014023229479789734
860,0,1.0,0.09621099382638931,-0.003602534532546997
860,0,2.999999761581421,0.21850766241550446,0.01608334481716156
860,0,2.999999761581421,0.21850766241550446,0.03600430488586426
860,0,1.0,0.10473116487264633,0.00637480616569519
860,0,1.0,0.10473117232322693,0.006551846861839294
860,0,3.0,0.30775147676467896,0.05824665725231171
860,0,3.0,0.30775147676467896,0.03873090445995331
860,0,1.0,0.1109413281083107,0.0027687400579452515
860,0,1.0,0.1109413281083107,0.011568829417228699
860,0,2.999999761581421,0.3075271248817444,0.06265991926193237
860,0,2.999999761581421,0.3075271248817444,0.03358462452888489
860,0,1.0,0.10822678357362747,0.0032947808504104614
860,0,1.0,0.10822678357362747,0.010404333472251892
860,0,3.000000238418579,0.25978368520736694,0.01401875913143158
860,0,3.000000238418579,0.25978368520736694,0.05572989583015442
860,0,0.9999999403953552,0.09878258407115936,0.010978654026985168
860,0,0.9999999403953552,0.09878258407115936,0.0003587007522583008
860,0,2.999999761581421,0.3636236786842346,0.07601378858089447
860,0,2.999999761581421,0.3636236786842346,0.05315117537975311
860,0,1.0,0.12179804593324661,0.005897998809814453
860,0,1.0,0.12179804593324661,0.011403128504753113
860,0,3.000000238418579,0.2995907664299011,0.04781977832317352
860,0,3.000000238418579,0.2995907664299011,0.04516974091529846
860,0,0.9999999403953552,0.11408140510320663,-0.0016773641109466553
860,0,0.9999999403953552,0.11408140510320663,0.016408339142799377
860,0,3.0,0.26274386048316956,0.05699121952056885
860,0,3.0,0.26274386048316956,0.014113306999206543
860,0,0.9999999403953552,0.10810404270887375,0.012270331382751465
860,0,0.9999999403953552,0.10810404270887375,0.0012806057929992676
860,0,2.999999761581421,0.24028520286083221,0.03413614630699158
860,0,2.999999761581421,0.24028520286083221,0.02850879728794098
860,0,0.9999999403953552,0.09572922438383102,0.011928290128707886
860,0,0.9999999403953552,0.09572922438383102,-0.0013894587755203247
860,0,3.0,0.29757824540138245,0.04304929077625275
860,0,3.0,0.29757824540138245,0.04881185293197632
860,0,0.9999999403953552,0.10391337424516678,0.007752224802970886
860,0,0.9999999403953552,0.10391337424516678,0.004964619874954224
860,0,3.000000238418579,0.30443325638771057,0.05318187177181244
860,0,3.000000238418579,0.30443325638771057,0.04231014847755432
860,0,1.0,0.08460523188114166,0.005823791027069092
860,0,1.0,0.08460523188114166,0.0026595741510391235
860,0,3.0,0.34492987394332886,0.06312653422355652
847,0,1.0,0.12260640412569046,0.0282781720161438
847,0,1.0,0.12260640412569046,0.02885080873966217
847,0,3.0,0.287162721157074,0.11523044109344482
847,0,3.0,0.287162721157074,0.12316428124904633
847,0,1.0,0.0738789513707161,0.0106964111328125
847,0,1.0,0.0738789513707161,0.011387214064598083
847,0,2.999999761581421,0.24226699769496918,0.0945943146944046
847,0,2.999999761581421,0.24226699769496918,0.08845482766628265
847,0,0.9999999403953552,0.09993696957826614,0.020444393157958984
847,0,0.9999999403953552,0.09993696957826614,0.01872614026069641
847,0,3.0,0.2841576933860779,0.11449286341667175
847,0,3.0,0.2841576933860779,0.12014140188694
847,0,1.0,0.09142302721738815,0.017232269048690796
847,0,1.0,0.09142302721738815,0.01590721309185028
847,0,2.999999761581421,0.23815008997917175,0.09238053858280182
847,0,2.999999761581421,0.23815008997917175,0.08573853969573975
847,0,0.9999999403953552,0.09815724939107895,0.018395215272903442
847,0,0.9999999403953552,0.09815724939107895,0.01948314905166626
847,0,3.0,0.32322022318840027,0.13934825360774994
847,0,3.0,0.32322022318840027,0.1453472226858139
847,0,0.9999999403953552,0.10209926217794418,0.017842233180999756
847,0,0.9999999403953552,0.10209926217794418,0.022888004779815674
847,0,3.0,0.2828579545021057,0.11268740892410278
847,0,3.0,0.2828579545021057,0.12028412520885468
847,0,0.9999999403953552,0.09337010234594345,0.01682378351688385
847,0,0.9999999403953552,0.09337010234594345,0.01766049861907959
847,0,2.999999761581421,0.3055632710456848,0.13146527111530304
847,0,2.999999761581421,0.3055632710456848,0.13043402135372162
847,0,1.0,0.09546497464179993,0.01862958073616028
847,0,1.0,0.09546497464179993,0.017322510480880737
847,0,3.0,0.3725947141647339,0.17129553854465485
847,0,3.0,0.3725947141647339,0.17864002287387848
847,0,1.0,0.08783267438411713,0.01623675227165222
847,0,1.0,0.08783267438411713,0.014482751488685608
847,0,2.999999761581421,0.28960639238357544,0.12356145679950714
847,0,2.999999761581421,0.28960639238357544,0.11795614659786224
847,0,1.0,0.09846057742834091,0.019859924912452698
847,0,1.0,0.09846057742834091,0.0182354599237442
847,0,2.999999761581421,0.31172966957092285,0.13823123276233673
847,0,2.999999761581421,0.31172969937324524,0.13156460225582123
847,0,1.0,0.08960450440645218,0.017362922430038452
847,0,1.0,0.08960450440645218,0.01453167200088501
847,0,3.0,0.28472840785980225,0.11546000838279724
847,0,3.0,0.28472840785980225,0.11990572512149811
847,0,1.0,0.11017002165317535,0.024860918521881104
847,0,1.0,0.11017002165317535,0.022082030773162842
847,0,3.0,0.2917533218860626,0.12119691073894501
847,0,3.0,0.2917533218860626,0.12307010591030121
847,0,0.9999999403953552,0.10237902402877808,0.02319185435771942
847,0,0.9999999403953552,0.10237902402877808,0.01773984730243683
847,0,3.0,0.26798853278160095,0.1086767315864563
847,0,3.0,0.26798853278160095,0.10577712953090668
847,0,1.0,0.11357703059911728,0.027187392115592957
847,0,1.0,0.11357703059911728,0.022443294525146484
847,0,3.0,0.31360968947410583,0.13282690942287445
847,0,3.0,0.31360968947410583,0.13939796388149261
847,0,1.0,0.11516859382390976,0.02601282298564911
847,0,1.0,0.11516859382390976,0.02493901550769806
847,0,3.0,0.3485685884952545,0.15764470398426056
847,0,3.0,0.3485685884952545,0.16034166514873505
847,0,1.0,0.09048059582710266,0.015717297792434692
847,0,1.0,0.09048059582710266,0.01678122580051422
847,0,3.0,0.3116557002067566,0.1333165019750595
982,0,1.0,0.10071221739053726,0.019516728818416595
982,0,1.0,0.10071221739053726,0.012194670736789703
982,0,3.0,0.23973999917507172,0.07923910766839981
982,0,3.0,0.23973999917507172,0.0681750550866127
982,0,1.0,0.09189996123313904,0.0036439523100852966
982,0,1.0,0.09189995378255844,0.022450052201747894
982,0,2.999999761581421,0.31828585267066956,0.10087775439023972
982,0,2.999999761581421,0.31828585267066956,0.12859614938497543
982,0,1.0,0.07788990437984467,0.007306911051273346
982,0,1.0,0.07788989692926407,0.012133829295635223
982,0,3.0,0.285867840051651,0.09269671887159348
982,0,3.0,0.285867840051651,0.1024404987692833
982,0,1.0,0.10001885145902634,0.017103947699069977
982,0,1.0,0.10001885145902634,0.014277972280979156
982,0,3.0,0.33576318621635437,0.11515554040670395
982,0,3.0,0.33576318621635437,0.13406982272863388
982,0,1.0,0.09059718251228333,0.01675199717283249
982,0,1.0,0.09059718251228333,0.009169511497020721
982,0,2.999999761581421,0.32584547996520996,0.11159565299749374
982,0,2.999999761581421,0.32584547996520996,0.126766137778759
982,0,1.0,0.10676781833171844,0.019265122711658478
982,0,1.0,0.10676781833171844,0.016216032207012177
982,0,3.0,0.2856425344944,0.11346285790205002
982,0,3.0,0.2856425344944,0.08029188960790634
982,0,1.0,0.11080341786146164,0.018847830593585968
982,0,1.0,0.11080342531204224,0.019199587404727936
982,0,3.0,0.3210325837135315,0.112104631960392
982,0,3.0,0.3210325837135315,0.12110888212919235
982,0,1.0,0.12115181982517242,0.024681024253368378
982,0,1.0,0.12115181982517242,0.020188651978969574
982,0,3.000000238418579,0.257877916097641,0.07256520539522171
982,0,3.000000238418579,0.257877916097641,0.0928960070014
982,0,1.0,0.10168850421905518,0.008081488311290741
982,0,1.0,0.10168850421905518,0.02386174350976944
982,0,2.999999761581421,0.3380430340766907,0.11456464976072311
982,0,2.999999761581421,0.3380430340766907,0.1370510682463646
982,0,0.9999999403953552,0.09298698604106903,0.021325640380382538
982,0,0.9999999403953552,0.09298698604106903,0.005567722022533417
982,0,3.0,0.28801193833351135,0.09515479952096939
982,0,3.0,0.28801193833351135,0.1023150309920311
982,0,1.0,0.08462695777416229,0.011213235557079315
982,0,1.0,0.08462695777416229,0.011636905372142792
982,0,3.0,0.25407567620277405,0.0739310011267662
982,0,3.0,0.25407567620277405,0.0878966674208641
982,0,0.9999999403953552,0.10824232548475266,0.024915598332881927
982,0,0.9999999403953552,0.10824232548475266,0.011170215904712677
982,0,3.0,0.3023345470428467,0.10421115905046463
982,0,3.0,0.3023345470428467,0.10867398232221603
982,0,1.0,0.11476492136716843,0.015189550817012787
982,0,1.0,0.11476492136716843,0.025252871215343475
982,0,3.0,0.3298584520816803,0.10698463767766953
982,0,3.0,0.3298584222793579,0.13523327559232712
982,0,1.0,0.10797733068466187,0.011009998619556427
982,0,1.0,0.10797733068466187,0.024901770055294037
982,0,3.000000238418579,0.2948770523071289,0.0935247465968132
982,0,3.000000238418579,0.2948770523071289,0.11100741475820541
982,0,1.0,0.07745012640953064,0.009258069097995758
982,0,1.0,0.07745012640953064,0.0100141242146492
982,0,3.0,0.26812463998794556,0.08295132964849472
982,0,3.0,0.26812463998794556,0.09348302334547043
982,0,0.9999999403953552,0.10162999480962753,0.014247231185436249
982,0,0.9999999403953552,0.10162999480962753,0.01808277517557144
982,0,3.0,0.25858360528945923,0.08615399152040482
816,0,1.0,0.085403211414814,0.003628939390182495
816,0,1.0,0.085403211414814,0.007157519459724426
816,0,3.0,0.25043317675590515,0.04245470464229584
816,0,3.0,0.25043317675590515,0.0403871089220047
816,0,1.0,0.09242880344390869,0.004734814167022705
816,0,1.0,0.09242880344390869,0.007868692278862
816,0,3.000000238418579,0.35270655155181885,0.07790608704090118
816,0,3.000000238418579,0.35270655155181885,0.07141660153865814
816,0,0.9999999403953552,0.0823463723063469,0.00340135395526886
816,0,0.9999999403953552,0.0823463723063469,0.006641209125518799
816,0,3.000000238418579,0.26061028242111206,0.044162318110466
816,0,3.000000238418579,0.26061028242111206,0.04474399983882904
816,0,1.0,0.09456059336662292,0.0015421360731124878
816,0,1.0,0.09456059336662292,0.011490672826766968
816,0,3.0,0.3270087242126465,0.07396315038204193
816,0,3.0,0.3270087242126465,0.05730663239955902
816,0,1.0,0.11260400712490082,0.007156893610954285
816,0,1.0,0.11260400712490082,0.011359676718711853
816,0,3.000000238418579,0.2673979103565216,0.04605431854724884
816,0,3.000000238418579,0.2673979103565216,0.04697097837924957
816,0,1.0,0.09018274396657944,0.008445873856544495
816,0,1.0,0.09018274396657944,0.0035402029752731323
816,0,3.000000238418579,0.344801127910614,0.07948443293571472
816,0,3.000000238418579,0.344801127910614,0.06408117711544037
816,0,1.0,0.08853631466627121,0.0129794180393219
816,0,1.0,0.08853631466627121,-0.00173892080783844
816,0,3.0,0.26627445220947266,0.05016326904296875
816,0,3.0,0.26627445220947266,0.04209199547767639
816,0,0.9999999403953552,0.11054378002882004,0.006604894995689392
816,0,0.9999999403953552,0.11054378002882004,0.01125231385231018
816,0,2.999999761581421,0.25977978110313416,0.03960295021533966
816,0,2.999999761581421,0.25977978110313416,0.048694908618927
816,0,1.0,0.1174263060092926,0.007642403244972229
816,0,1.0,0.1174263060092926,0.012435540556907654
816,0,3.0,0.22698955237865448,0.03068701922893524
816,0,3.0,0.22698955237865448,0.03868655860424042
816,0,1.0,0.09306255728006363,-6.636977195739746e-05
816,0,1.0,0.09306255728006363,0.012591898441314697
816,0,3.0,0.2636987566947937,0.06527367234230042
816,0,3.0,0.2636987566947937,0.023168832063674927
816,0,1.0,0.09764104336500168,0.003027811646461487
816,0,1.0,0.09764104336500168,0.010919272899627686
816,0,3.0,0.2731896936893463,0.04860498011112213
816,0,3.0,0.2731896936893463,0.0479840487241745
816,0,1.0,0.08607963472604752,0.0013824105262756348
816,0,1.0,0.08607963472604752,0.009484618902206421
816,0,3.0,0.3299786150455475,0.0819048136472702
816,0,3.0,0.3299786150455475,0.050556033849716187
816,0,0.9999999403953552,0.08635922521352768,0.0028844624757766724
816,0,0.9999999403953552,0.08635922521352768,0.00811612606048584
816,0,3.000000238418579,0.29655593633651733,0.04777728021144867
816,0,3.000000238418579,0.29655593633651733,0.0633099228143692
816,0,1.0,0.10307732969522476,0.010774195194244385
816,0,1.0,0.10307732969522476,0.004783377051353455
816,0,3.0,0.25049617886543274,0.04632250964641571
816,0,3.0,0.25049617886543274,0.036431118845939636
816,0,1.0,0.09545432776212692,0.01262328028678894
816,0,1.0,0.09545432776212692,0.0005789101123809814
816,0,2.999999761581421,0.3015761375427246,0.0678827315568924
816,0,2.999999761581421,0.3015761375427246,0.046186551451683044
816,0,1.0,0.11722058057785034,0.012897834181785583
816,0,1.0,0.11722058057785034,0.007094725966453552
816,0,3.0,0.3109874725341797,0.058272138237953186
911,0,1.0,0.12205079942941666,0.020985588431358337
911,0,1.0,0.12205079942941666,0.0003282129764556885
911,0,3.0,0.3039948046207428,0.05739292502403259
911,0,3.0,0.3039948046207428,0.060363903641700745
911,0,1.0,0.09035493433475494,0.009253889322280884
911,0,1.0,0.09035493433475494,0.002933591604232788
911,0,3.0,0.30668818950653076,0.06596915423870087
911,0,3.0,0.30668818950653076,0.053395673632621765
911,0,0.9999999403953552,0.10120594501495361,0.0004718005657196045
911,0,0.9999999403953552,0.10120594501495361,0.014501228928565979
911,0,2.999999761581421,0.27319014072418213,0.05853283405303955
911,0,2.999999761581421,0.27319014072418213,0.03886151313781738
911,0,1.0,0.10198279470205307,0.0063629150390625
911,0,1.0,0.10198279470205307,0.009149014949798584
911,0,3.0,0.3035273849964142,0.05915854871273041
911,0,3.0,0.3035273849964142,0.05829836428165436
911,0,1.0,0.11447388678789139,0.006926149129867554
911,0,1.0,0.11447388678789139,0.012457728385925293
911,0,3.0,0.3515615463256836,0.0719061940908432
911,0,3.0,0.3515615463256836,0.07851172983646393
911,0,1.0,0.09630130231380463,0.00904873013496399
911,0,1.0,0.09630130231380463,0.004802912473678589
911,0,3.0,0.2891303598880768,0.06772902607917786
911,0,3.0,0.2891303598880768,0.03929166495800018
911,0,0.9999999403953552,0.08111148327589035,0.004075959324836731
911,0,0.9999999403953552,0.08111148327589035,0.005832552909851074
911,0,2.999999761581421,0.3052394390106201,0.05917505919933319
911,0,2.999999761581421,0.3052394390106201,0.059418678283691406
911,0,1.0,0.09187962114810944,0.010123565793037415
911,0,1.0,0.09187962114810944,0.0024408549070358276
911,0,3.000000238418579,0.24732962250709534,0.03481549024581909
911,0,3.000000238418579,0.24732962250709534,0.04712282121181488
911,0,1.0,0.09935566782951355,0.012831166386604309
911,0,1.0,0.09935566782951355,0.0017207860946655273
911,0,3.0,0.2567664384841919,0.03050987422466278
911,0,3.0,0.2567664384841919,0.056387171149253845
911,0,1.0,0.11588355898857117,0.012478649616241455
911,0,1.0,0.11588355898857117,0.00737878680229187
911,0,3.0,0.2929061949253082,0.06238935887813568
911,0,3.0,0.2929061949253082,0.047830358147621155
911,0,0.9999999403953552,0.09678519517183304,0.00016245245933532715
911,0,0.9999999403953552,0.09678519517183304,0.013560682535171509
911,0,3.0,0.3319331407546997,0.07065032422542572
911,0,3.0,0.3319331407546997,0.06603027880191803
911,0,1.0,0.1007479578256607,0.011096686124801636
911,0,1.0,0.1007479578256607,0.003980681300163269
911,0,3.0,0.2721775472164154,0.040528714656829834
911,0,3.0,0.2721775472164154,0.056405290961265564
911,0,1.0,0.0972515121102333,0.010971635580062866
911,0,1.0,0.0972515121102333,0.0030762404203414917
911,0,3.0,0.3103686571121216,0.05151619017124176
911,0,3.0,0.3103686571121216,0.07008226215839386
911,0,1.0,0.09202905744314194,0.0083017498254776
911,0,1.0,0.09202905744314194,0.004374906420707703
911,0,2.999999761581421,0.26783487200737,0.0332016795873642
911,0,2.999999761581421,0.26783487200737,0.06039412319660187
911,0,0.9999999403953552,0.08395975083112717,0.007215172052383423
911,0,0.9999999403953552,0.08395975083112717,0.0033699125051498413
911,0,3.0,0.2684238851070404,0.029114902019500732
911,0,3.0,0.2684238851070404,0.06420671939849854
911,0,1.0,0.08826194703578949,0.0018328279256820679
911,0,1.0,0.08826194703578949,0.009766235947608948
911,0,3.000000238418579,0.26949217915534973,0.05252225697040558
969,0,1.0,0.10864591598510742,0.007505342364311218
969,0,1.0,0.10864591598510742,0.0010461211204528809
969,0,3.0,0.26186612248420715,0.020553946495056152
969,0,3.0,0.26186612248420715,0.026324138045310974
969,0,1.0,0.10267993807792664,0.0010416209697723389
969,0,1.0,0.10267994552850723,0.006619364023208618
969,0,3.0,0.2813003361225128,0.03749576210975647
969,0,3.0,0.2813003361225128,0.01533101499080658
969,0,1.0,0.09769225120544434,0.0034706443548202515
969,0,1.0,0.09769225120544434,0.0035221725702285767
969,0,3.0,0.33133193850517273,0.037579506635665894
969,0,3.0,0.33133193850517273,0.034533947706222534
969,0,1.0000001192092896,0.10591991990804672,0.006548389792442322
969,0,1.0000001192092896,0.10591991990804672,0.001611948013305664
969,0,3.0,0.3051438629627228,0.03665618598461151
969,0,3.0,0.3051438629627228,0.025313779711723328
969,0,1.0,0.10213152319192886,0.0070901066064834595
969,0,1.0,0.10213152319192886,0.0004675239324569702
969,0,3.0,0.3037092387676239,0.020248442888259888
969,0,3.0,0.3037092387676239,0.040761664509773254
969,0,1.0,0.10586179792881012,0.009355336427688599
969,0,1.0,0.10586180537939072,-0.0013613849878311157
969,0,3.0,0.32562148571014404,0.039223670959472656
969,0,3.0,0.32562148571014404,0.030577167868614197
969,0,1.0,0.10352867841720581,-0.002040952444076538
969,0,1.0,0.10352867096662521,0.009644508361816406
969,0,3.0,0.2507646977901459,0.01888798177242279
969,0,3.0,0.2507646977901459,0.024360105395317078
969,0,1.0,0.11132937669754028,0.003561452031135559
969,0,1.0,0.11132937669754028,0.005480632185935974
969,0,3.0,0.3120037317276001,0.032364994287490845
969,0,3.0,0.3120037317276001,0.032352715730667114
969,0,0.9999998807907104,0.0940401628613472,0.002785906195640564
969,0,0.9999998807907104,0.0940401628613472,0.003698214888572693
969,0,3.0,0.34649381041526794,0.046657294034957886
969,0,3.0,0.34649381041526794,0.031139791011810303
969,0,1.0,0.09845168143510818,0.007208839058876038
969,0,1.0,0.09845168143510818,-0.00020425021648406982
969,0,3.000000238418579,0.26203662157058716,0.02841925621032715
969,0,3.000000238418579,0.26203662157058716,0.018413081765174866
969,0,0.9999999403953552,0.08411353081464767,-0.00016516447067260742
969,0,0.9999999403953552,0.08411353081464767,0.005312860012054443
969,0,3.0,0.28889673948287964,0.014932557940483093
969,0,3.0,0.28889673948287964,0.040353789925575256
969,0,1.0000001192092896,0.09346561133861542,0.002156555652618408
969,0,1.0000001192092896,0.09346561133861542,0.00424329936504364
969,0,2.999999761581421,0.26981696486473083,0.022552505135536194
969,0,2.999999761581421,0.26981696486473083,0.027020156383514404
969,0,1.0,0.08910338580608368,0.0005059093236923218
969,0,1.0,0.08910338580608368,0.005283340811729431
969,0,3.0,0.2874934673309326,0.019249096512794495
969,0,3.0,0.2874934673309326,0.03607906401157379
969,0,1.0,0.10000959038734436,0.007478922605514526
969,0,1.0,0.10000959038734436,-0.0002592504024505615
969,0,3.0,0.3005088269710541,0.02673754096031189
969,0,3.0,0.3005088269710541,0.03364311158657074
969,0,0.9999999403953552,0.08973919600248337,-0.00034162402153015137
969,0,0.9999999403953552,0.08973919600248337,0.006178945302963257
969,0,2.999999761581421,0.2930491864681244,0.01786835491657257
969,0,2.999999761581421,0.2930491864681244,0.03919579088687897
969,0,1.0,0.09324723482131958,0.00609193742275238
969,0,1.0,0.09324723482131958,0.0002256929874420166
969,0,2.999999761581421,0.3333854079246521,0.01995415985584259
914,0,1.0,0.09221917390823364,0.002535715699195862
914,0,1.0,0.09221917390823364,0.012516379356384277
914,0,2.999999761581421,0.28952863812446594,0.07583270967006683
914,0,2.999999761581421,0.28952866792678833,0.04957045614719391
914,0,1.0,0.10369878262281418,0.0077681392431259155
914,0,1.0,0.10369878262281418,0.011325880885124207
914,0,2.999999761581421,0.3266659379005432,0.0858001857995987
914,0,2.999999761581421,0.3266659379005432,0.06833122670650482
914,0,1.0,0.08169520646333694,0.005331069231033325
914,0,1.0,0.08169520646333694,0.006673082709312439
914,0,3.0,0.2712165415287018,0.058690011501312256
914,0,3.0,0.2712165415287018,0.05420410633087158
914,0,0.9999999403953552,0.1031724214553833,0.012054786086082458
914,0,0.9999999403953552,0.1031724214553833,0.006827697157859802
914,0,3.0,0.2835007309913635,0.04713021218776703
914,0,3.0,0.2835007309913635,0.07380534708499908
914,0,1.0,0.09336232393980026,0.006884574890136719
914,0,1.0,0.09336232393980026,0.008696556091308594
914,0,3.000000238418579,0.3104132413864136,0.0441720187664032
914,0,3.000000238418579,0.3104132413864136,0.09476612508296967
914,0,0.9999999403953552,0.09520488232374191,0.013857468962669373
914,0,0.9999999403953552,0.09520488232374191,0.002106279134750366
914,0,3.0,0.2870124876499176,0.07595188915729523
914,0,3.0,0.2870124876499176,0.04744225740432739
914,0,1.0,0.11477383226156235,0.011763036251068115
914,0,1.0,0.11477382481098175,0.011490389704704285
914,0,3.0,0.30808353424072266,0.05966272950172424
914,0,3.0,0.30808353424072266,0.08000726997852325
914,0,1.0,0.09522984176874161,0.005898430943489075
914,0,1.0,0.09522984176874161,0.01026962697505951
914,0,3.0,0.3018273115158081,0.05771045386791229
914,0,3.0,0.3018273115158081,0.07725471258163452
914,0,1.0,0.10995514690876007,0.014673560857772827
914,0,1.0,0.10995514690876007,0.006629675626754761
914,0,3.0,0.2943246364593506,0.0825626403093338
914,0,3.0,0.2943246364593506,0.04559186100959778
914,0,1.0,0.10483337938785553,0.0013139545917510986
914,0,1.0,0.10483338683843613,0.017766624689102173
914,0,3.0,0.31206652522087097,0.08536109328269958
914,0,3.0,0.31206655502319336,0.05688965320587158
914,0,0.9999999403953552,0.10116136819124222,0.006229206919670105
914,0,0.9999999403953552,0.10116136819124222,0.011935681104660034
914,0,3.000000238418579,0.2288055419921875,0.03880208730697632
914,0,3.000000238418579,0.2288055419921875,0.04505036771297455
914,0,1.0,0.10679017752408981,0.005253270268440247
914,0,1.0,0.10679017752408981,0.014830827713012695
914,0,3.0,0.33502790331840515,0.08570364117622375
914,0,3.0,0.33502787351608276,0.07521149516105652
914,0,1.0,0.09816328436136246,0.014163658022880554
914,0,1.0,0.09816328436136246,0.002808898687362671
914,0,3.0,0.29875829815864563,0.06834869086742401
914,0,3.0,0.29875829815864563,0.06474553048610687
914,0,1.0,0.10291675478219986,0.0076396167278289795
914,0,1.0,0.10291675478219986,0.011176243424415588
914,0,2.999999761581421,0.3483738303184509,0.06453545391559601
914,0,2.999999761581421,0.3483738303184509,0.10529950261116028
914,0,1.0,0.09888920933008194,0.017219722270965576
914,0,1.0,0.09888920933008194,-0.00029098987579345703
914,0,3.0,0.264260858297348,0.06052389740943909
914,0,3.0,0.264260858297348,0.047230035066604614
914,0,1.0,0.10753024369478226,0.011152029037475586
914,0,1.0,0.10753024369478226,0.009347915649414062
914,0,3.0,0.23548230528831482,0.04948855936527252
937,0,1.0,0.07813956588506699,0.009806424379348755
937,0,1.0,0.07813956588506699,0.008626729249954224
937,0,3.0,0.3275316059589386,0.13310475647449493
937,0,3.0,0.3275316059589386,0.09573931992053986
937,0,1.0,0.10731317847967148,0.028398871421813965
937,0,1.0,0.10731317847967148,0.004363700747489929
937,0,3.0,0.29493021965026855,0.11302301287651062
937,0,3.0,0.29493021965026855,0.08180558681488037
937,0,1.0,0.1035294383764267,0.021994292736053467
937,0,1.0,0.1035294383764267,0.009287700057029724
937,0,3.0,0.3112986385822296,0.11306646466255188
937,0,3.0,0.3112986385822296,0.0997905433177948
937,0,0.9999999403953552,0.10372234880924225,0.010630816221237183
937,0,0.9999999403953552,0.10372234880924225,0.02086278796195984
937,0,3.0,0.28610971570014954,0.08694152534008026
937,0,3.0,0.28610971570014954,0.09968431293964386
937,0,0.9999999403953552,0.09820272028446198,0.01716749370098114
937,0,0.9999999403953552,0.09820272028446198,0.011334985494613647
937,0,3.000000238418579,0.25968557596206665,0.07524445652961731
937,0,3.000000238418579,0.25968557596206665,0.08474572002887726
937,0,1.0,0.09135802090167999,0.004160746932029724
937,0,1.0,0.09135802090167999,0.020261958241462708
937,0,3.0,0.2780173718929291,0.07592405378818512
937,0,3.0,0.2780173718929291,0.10183034837245941
937,0,0.9999998807907104,0.09107206761837006,0.010804936289787292
937,0,0.9999998807907104,0.09107206761837006,0.013921156525611877
937,0,3.0,0.3457552492618561,0.13945768773555756
937,0,3.0,0.3457552492618561,0.10958994925022125
937,0,1.0,0.10171234607696533,0.01063285768032074
937,0,1.0,0.10171234607696533,0.01974816620349884
937,0,3.0,0.31863874197006226,0.11317658424377441
937,0,3.0,0.31863871216773987,0.10760602355003357
937,0,1.0,0.09959396719932556,0.007856860756874084
937,0,1.0,0.09959396719932556,0.02116324007511139
937,0,3.0,0.3298593759536743,0.10696813464164734
937,0,3.0,0.3298593759536743,0.1254671961069107
937,0,1.0,0.1126164048910141,0.023296669125556946
937,0,1.0,0.1126164048910141,0.013515070080757141
937,0,3.0,0.316516637802124,0.10834766924381256
937,0,3.0,0.316516637802124,0.11021274328231812
937,0,0.9999999403953552,0.10068918019533157,0.0157538503408432
937,0,0.9999999403953552,0.10068918019533157,0.014191627502441406
937,0,3.000000238418579,0.3452126979827881,0.12975473701953888
937,0,3.000000238418579,0.3452127277851105,0.11948946118354797
937,0,0.9999999403953552,0.10642407834529877,0.01317550241947174
937,0,0.9999999403953552,0.10642407834529877,0.019995272159576416
937,0,3.0,0.26975294947624207,0.07630741596221924
937,0,3.0,0.26975294947624207,0.09351029992103577
937,0,1.0,0.08865341544151306,0.01391756534576416
937,0,1.0,0.08865341544151306,0.009549915790557861
937,0,2.999999761581421,0.30751779675483704,0.11544540524482727
937,0,2.999999761581421,0.30751779675483704,0.09307679533958435
937,0,0.9999999403953552,0.07748641073703766,0.010206326842308044
937,0,0.9999999403953552,0.07748641073703766,0.007923156023025513
937,0,2.999999761581421,0.3007461130619049,0.1058218777179718
937,0,2.999999761581421,0.3007461130619049,0.09604518115520477
937,0,0.9999999403953552,0.1138778030872345,0.024458259344100952
937,0,0.9999999403953552,0.1138778030872345,0.013073757290840149
937,0,3.0,0.27779898047447205,0.06493352353572845
937,0,3.0,0.27779898047447205,0.11091284453868866
937,0,1.0,0.09601746499538422,0.02114810049533844
937,0,1.0,0.09601746499538422,0.005796581506729126
937,0,3.0,0.2968485653400421,0.09858272969722748
810,0,1.0,0.09039520472288132,0.0037223249673843384
810,0,1.0,0.09039520472288132,0.015130221843719482
810,0,3.0,0.23771898448467255,0.06461380422115326
810,0,3.0,0.23771898448467255,0.04810023307800293
810,0,1.0,0.10121185332536697,0.016455233097076416
810,0,1.0,0.10121186077594757,0.007116362452507019
810,0,3.000000238418579,0.2895527780056,0.06753543019294739
810,0,3.000000238418579,0.2895527780056,0.08912338316440582
810,0,1.0,0.07381539791822433,0.009133800864219666
810,0,1.0,0.07381539046764374,0.0036758482456207275
810,0,3.0,0.30648186802864075,0.0957404375076294
810,0,3.0,0.30648186802864075,0.07622088491916656
810,0,1.0,0.11260384321212769,0.01480226218700409
810,0,1.0,0.11260384321212769,0.01428157091140747
810,0,3.0,0.3364678621292114,0.09168867766857147
810,0,3.0,0.33646783232688904,0.10808064043521881
810,0,1.0,0.11065956950187683,0.02097626030445099
810,0,1.0,0.11065956950187683,0.006825387477874756
810,0,3.000000238418579,0.22912149131298065,0.057844579219818115
810,0,3.000000238418579,0.22912147641181946,0.04818566143512726
810,0,1.0,0.11215690523386002,0.026042327284812927
810,0,1.0,0.11215689778327942,0.001849144697189331
810,0,3.0,0.3496028482913971,0.11983433365821838
810,0,3.0,0.3496028482913971,0.0917973667383194
810,0,1.0,0.0968891978263855,0.020690828561782837
810,0,1.0,0.0968891978263855,0.00041912496089935303
810,0,2.999999761581421,0.3141261339187622,0.07497157156467438
810,0,2.999999761581421,0.3141261339187622,0.10348203778266907
810,0,1.0,0.08590985089540482,0.004410162568092346
810,0,1.0,0.08590985089540482,0.012754380702972412
810,0,3.0,0.3654073476791382,0.09591397643089294
810,0,3.0,0.3654073476791382,0.13043785095214844
810,0,1.0,0.07606903463602066,0.006398439407348633
810,0,1.0,0.07606903463602066,0.00724048912525177
810,0,2.999999761581421,0.27886539697647095,0.07119181752204895
810,0,2.999999761581421,0.27886539697647095,0.0765666663646698
810,0,1.0,0.10838457942008972,0.012495487928390503
810,0,1.0,0.10838457942008972,0.014539346098899841
810,0,3.000000238418579,0.2488730549812317,0.07196974754333496
810,0,3.000000238418579,0.2488730549812317,0.04962228238582611
810,0,1.0,0.1195015087723732,0.02119651436805725
810,0,1.0,0.1195015087723732,0.011198818683624268
810,0,3.0,0.24286271631717682,0.07413201034069061
810,0,3.0,0.24286271631717682,0.04178847372531891
810,0,1.0,0.08263888955116272,0.01128832995891571
810,0,1.0,0.08263888955116272,0.0046650320291519165
810,0,2.999999761581421,0.27635490894317627,0.08141514658927917
810,0,2.999999761581421,0.27635490894317627,0.06381833553314209
810,0,1.0,0.10943098366260529,0.012806355953216553
810,0,1.0,0.10943098366260529,0.01472984254360199
810,0,3.000000238418579,0.33838245272636414,0.10869283974170685
810,0,3.000000238418579,0.33838245272636414,0.09289398789405823
810,0,0.9999999403953552,0.10631779581308365,0.014174684882164001
810,0,0.9999999403953552,0.10631779581308365,0.01188136637210846
810,0,3.000000238418579,0.38825640082359314,0.13006484508514404
810,0,3.000000238418579,0.38825640082359314,0.11954942345619202
810,0,1.0,0.09417090564966202,0.009715214371681213
810,0,1.0,0.09417090564966202,0.01092761754989624
810,0,3.0,0.2934703230857849,0.0893515944480896
810,0,3.0,0.2934703230857849,0.07094325125217438
810,0,1.0,0.08692020922899246,0.009043842554092407
810,0,1.0,0.08692020922899246,0.008637145161628723
810,0,3.0,0.3636363446712494,0.11197477579116821
912,0,0.9999999403953552,0.09640328586101532,0.007987484335899353
912,0,0.9999999403953552,0.09640328586101532,0.0038571059703826904
912,0,3.0,0.31420961022377014,0.0649121105670929
912,0,3.0,0.31420961022377014,0.042787060141563416
912,0,0.9999999403953552,0.09227936714887619,0.01302240788936615
912,0,0.9999999403953552,0.09227936714887619,-0.0025311261415481567
912,0,3.0,0.2923480272293091,0.05299048125743866
912,0,3.0,0.2923480272293091,0.04241916537284851
912,0,1.0,0.08652005344629288,0.003895118832588196
912,0,1.0,0.08652005344629288,0.005700036883354187
912,0,3.0,0.3282245993614197,0.06055232882499695
912,0,3.0,0.3282245993614197,0.05617845058441162
912,0,0.9999999403953552,0.10312509536743164,0.013620853424072266
912,0,0.9999999403953552,0.10312509536743164,-0.00039984285831451416
912,0,2.999999761581421,0.2841055691242218,0.032137662172317505
912,0,2.999999761581421,0.2841055691242218,0.05786401033401489
912,0,0.9999999403953552,0.09506896883249283,0.007245913147926331
912,0,0.9999999403953552,0.09506896883249283,0.004292502999305725
912,0,3.0,0.283095121383667,0.05244319140911102
912,0,3.0,0.283095121383667,0.03757344186306
912,0,1.0,0.08741357922554016,0.007158353924751282
912,0,1.0,0.08741357922554016,0.0026034116744995117
912,0,3.0,0.30683469772338867,0.03635016083717346
912,0,3.0,0.30683469772338867,0.06644764542579651
912,0,1.0,0.11451689898967743,0.004024878144264221
912,0,1.0,0.11451689898967743,0.012477129697799683
912,0,3.000000238418579,0.27410605549812317,0.03622078895568848
912,0,3.000000238418579,0.27410605549812317,0.048871591687202454
912,0,1.0,0.10491358488798141,0.01574760675430298
912,0,1.0,0.10491358488798141,-0.002276301383972168
912,0,3.000000238418579,0.2193903625011444,0.03157167136669159
912,0,3.000000238418579,0.2193903625011444,0.025464355945587158
912,0,1.0,0.09723521023988724,0.006279870867729187
912,0,1.0,0.09723521023988724,0.005794510245323181
912,0,3.0,0.2942340672016144,0.0622202605009079
912,0,3.0,0.2942340672016144,0.03332771360874176
912,0,0.9999999403953552,0.10222461819648743,0.004623398184776306
912,0,0.9999999403953552,0.10222461819648743,0.008666932582855225
912,0,2.999999761581421,0.2805975377559662,0.028625547885894775
912,0,2.999999761581421,0.2805975675582886,0.0590522438287735
912,0,0.9999999403953552,0.075112484395504,0.0022032707929611206
912,0,0.9999999403953552,0.075112484395504,0.005047917366027832
912,0,3.000000238418579,0.274377703666687,0.04269704222679138
912,0,3.000000238418579,0.274377703666687,0.04275992512702942
912,0,0.9999999403953552,0.09659674763679504,0.010074704885482788
912,0,0.9999999403953552,0.09659674763679504,0.001728743314743042
912,0,3.0,0.24956509470939636,0.040340080857276917
912,0,3.0,0.24956509470939636,0.031710147857666016
912,0,1.0,0.10630433261394501,0.012307479977607727
912,0,1.0,0.10630433261394501,0.0018884092569351196
912,0,3.0,0.3490433692932129,0.0780438482761383
912,0,3.0,0.3490433692932129,0.05067993700504303
912,0,1.0,0.09569248557090759,0.0051674991846084595
912,0,1.0,0.09569248557090759,0.006531462073326111
912,0,3.0,0.3049132823944092,0.05155341327190399
912,0,3.0,0.3049132823944092,0.05127650499343872
912,0,0.9999999403953552,0.10369201004505157,0.0021841228008270264
912,0,0.9999999403953552,0.10369200259447098,0.01136954128742218
912,0,3.0,0.29042986035346985,0.06621016561985016
912,0,3.0,0.29042986035346985,0.026141494512557983
912,0,1.0,0.10034266114234924,0.0022377371788024902
912,0,1.0,0.10034266114234924,0.010490849614143372
912,0,3.0,0.2630602717399597,0.032705217599868774
886,0,1.0,0.08519306033849716,0.0008568614721298218
886,0,1.0,0.08519305288791656,0.013280481100082397
886,0,3.0,0.2584400475025177,0.061069488525390625
886,0,3.0,0.2584400475025177,0.05203293263912201
886,0,0.9999999403953552,0.09115414321422577,0.011047348380088806
886,0,0.9999999403953552,0.09115414321422577,0.005322873592376709
886,0,3.0,0.32379671931266785,0.07516001164913177
886,0,3.0,0.32379671931266785,0.08968938887119293
886,0,1.0,0.0888528823852539,0.011064082384109497
886,0,1.0,0.0888528898358345,0.004491060972213745
886,0,3.0,0.3187806010246277,0.08967626094818115
886,0,3.0,0.3187806010246277,0.07085011899471283
886,0,1.0,0.08306321501731873,-0.000736534595489502
886,0,1.0,0.08306321501731873,0.014069318771362305
886,0,2.999999761581421,0.25270533561706543,0.05769069492816925
886,0,2.999999761581421,0.25270533561706543,0.051179468631744385
886,0,1.0,0.10296858102083206,0.014349281787872314
886,0,1.0,0.10296858102083206,0.006347373127937317
886,0,3.0,0.26012730598449707,0.0609125941991806
886,0,3.0,0.26012730598449707,0.05349263548851013
886,0,1.0,0.11141830682754517,0.004270449280738831
886,0,1.0,0.11141830682754517,0.019563764333724976
886,0,3.0,0.34331610798835754,0.08257691562175751
886,0,3.0,0.34331610798835754,0.09865352511405945
886,0,1.0,0.09056030958890915,0.004548385739326477
886,0,1.0,0.09056030958890915,0.011586248874664307
886,0,3.0,0.3272065222263336,0.08899153769016266
886,0,3.0,0.327206552028656,0.07882088422775269
886,0,1.0,0.08767744898796082,0.006967991590499878
886,0,1.0,0.08767744898796082,0.008256524801254272
886,0,3.0,0.32894232869148254,0.09017007052898407
886,0,3.0,0.32894232869148254,0.07907220721244812
886,0,1.0,0.09973331540822983,0.005320042371749878
886,0,1.0,0.09973331540822983,0.014109179377555847
886,0,3.0,0.24126143753528595,0.050339892506599426
886,0,3.0,0.24126142263412476,0.050193026661872864
886,0,1.0,0.10094212740659714,0.008797228336334229
886,0,1.0,0.10094212740659714,0.011211305856704712
886,0,2.999999761581421,0.3021027743816376,0.0692010372877121
886,0,2.999999761581421,0.3021027743816376,0.07800090312957764
886,0,1.0,0.07998126745223999,0.006742358207702637
886,0,1.0,0.07998126745223999,0.005982816219329834
886,0,3.000000238418579,0.33494696021080017,0.09791381657123566
886,0,3.000000238418579,0.33494696021080017,0.07598172128200531
886,0,1.0,0.08800552785396576,0.005322083830833435
886,0,1.0,0.08800552785396576,0.009980052709579468
886,0,2.999999761581421,0.280043363571167,0.05174316465854645
886,0,2.999999761581421,0.280043363571167,0.07722735404968262
886,0,1.0,0.11150924116373062,0.011211276054382324
886,0,1.0,0.11150924116373062,0.013036638498306274
886,0,2.999999761581421,0.24369554221630096,0.05145387351512909
886,0,2.999999761581421,0.24369555711746216,0.050845980644226074
886,0,1.0,0.07480920106172562,0.00224892795085907
886,0,1.0,0.07480920106172562,0.008840814232826233
886,0,3.0,0.27330052852630615,0.0633336752653122
886,0,3.0,0.27330055832862854,0.06118324398994446
886,0,1.0,0.11623180657625198,0.01736830174922943
886,0,1.0,0.11623180657625198,0.00877392292022705
886,0,3.0,0.2935018539428711,0.061824798583984375
886,0,3.0,0.2935018539428711,0.07824136316776276
886,0,1.0,0.08564811944961548,0.006921842694282532
886,0,1.0,0.08564811944961548,0.007624909281730652
886,0,3.0,0.2915422022342682,0.07438115775585175
887,0,0.9999999403953552,0.09064649790525436,0.004887431859970093
887,0,0.9999999403953552,0.09064649790525436,0.006541579961776733
887,0,3.0,0.2279932051897049,0.023051291704177856
887,0,3.0,0.2279932051897049,0.04260532557964325
887,0,0.9999998807907104,0.0942649245262146,-0.002563685178756714
887,0,0.9999998807907104,0.0942649245262146,0.014430642127990723
887,0,2.999999761581421,0.2459702491760254,0.04056467115879059
887,0,2.999999761581421,0.2459702491760254,0.035300299525260925
887,0,0.9999999403953552,0.104169562458992,0.008977174758911133
887,0,0.9999999403953552,0.10416955500841141,0.006017044186592102
887,0,3.0,0.2508998215198517,0.030257344245910645
887,0,3.0,0.2508998215198517,0.0479632169008255
887,0,0.9999999403953552,0.08669067919254303,0.0024883896112442017
887,0,0.9999999403953552,0.08669067919254303,0.007936596870422363
887,0,2.999999761581421,0.29198595881462097,0.03208538889884949
887,0,2.999999761581421,0.2919859290122986,0.06892971694469452
887,0,1.0,0.09582728147506714,-0.0012411326169967651
887,0,1.0,0.09582728147506714,0.01362493634223938
887,0,3.000000238418579,0.296150803565979,0.05202953517436981
887,0,3.000000238418579,0.296150803565979,0.053274497389793396
887,0,1.0,0.10290419310331345,0.00708886981010437
887,0,1.0,0.10290419310331345,0.007565692067146301
887,0,3.0,0.23921214044094086,0.021268010139465332
887,0,3.0,0.23921214044094086,0.04980267584323883
887,0,1.0,0.10765482485294342,0.0030359774827957153
887,0,1.0,0.10765482485294342,0.012810632586479187
887,0,3.0,0.3399498760700226,0.052730485796928406
887,0,3.0,0.3399498760700226,0.07971332967281342
887,0,1.0,0.08450405299663544,0.0036350786685943604
887,0,1.0,0.08450405299663544,0.006314292550086975
887,0,2.999999761581421,0.3005509674549103,0.07221879065036774
887,0,2.999999761581421,0.3005509674549103,0.03396591544151306
887,0,1.0,0.1261844038963318,0.018385931849479675
887,0,1.0,0.1261844038963318,0.0030089616775512695
887,0,3.0,0.3138560950756073,0.04091908037662506
887,0,3.0,0.3138560950756073,0.07411134243011475
887,0,1.0,0.0852593183517456,0.004448413848876953
887,0,1.0,0.0852593183517456,0.00568622350692749
887,0,3.0,0.29670464992523193,0.04934900999069214
887,0,3.0,0.29670464992523193,0.05623847246170044
887,0,1.0,0.09447240829467773,0.013433575630187988
887,0,1.0,0.09447240829467773,-0.0013991743326187134
887,0,3.0,0.24674992263317108,0.01970386505126953
887,0,3.0,0.24674992263317108,0.054931268095970154
887,0,0.9999999403953552,0.08296649903059006,0.003493010997772217
887,0,0.9999999403953552,0.08296649903059006,0.006103515625
887,0,3.000000238418579,0.27519118785858154,0.04817990958690643
887,0,3.000000238418579,0.27519118785858154,0.04444339871406555
887,0,0.9999999403953552,0.10275183618068695,0.004100173711776733
887,0,0.9999999403953552,0.10275184363126755,0.01044626533985138
887,0,3.0,0.3356265723705292,0.06725971400737762
887,0,3.0,0.3356265723705292,0.06317821145057678
887,0,0.9999999403953552,0.11304163932800293,0.013657033443450928
887,0,0.9999999403953552,0.11304163932800293,0.0037815868854522705
887,0,3.0,0.31689929962158203,0.05393972992897034
887,0,3.0,0.31689929962158203,0.06425750255584717
887,0,1.0,0.068621426820755,0.00419461727142334
887,0,1.0,0.0686214342713356,0.0024063438177108765
887,0,3.0,0.255829393863678,0.04142636060714722
887,0,3.0,0.255829393863678,0.03999440371990204
887,0,0.9999999403953552,0.11163821816444397,0.007851317524909973
887,0,0.9999999403953552,0.11163821816444397,0.009320467710494995
887,0,3.0,0.3092603385448456,0.06632860004901886
833,0,1.0,0.08571547269821167,-1.8045306205749512e-05
833,0,1.0,0.08571547269821167,0.006429687142372131
833,0,3.0,0.3519427478313446,0.046837031841278076
833,0,3.0,0.3519427478313446,0.04820650815963745
833,0,1.0,0.07849883288145065,0.007660031318664551
833,0,1.0,0.07849883288145065,-0.0023839622735977173
833,0,3.000000238418579,0.3231183886528015,0.03252561390399933
833,0,3.000000238418579,0.3231183588504791,0.04883444309234619
833,0,1.0,0.09948951750993729,0.0035499930381774902
833,0,1.0,0.09948951750993729,0.005144655704498291
833,0,3.0,0.23839540779590607,0.03254587948322296
833,0,3.0,0.23839540779590607,0.013867929577827454
833,0,1.0,0.09904612600803375,-0.0002132803201675415
833,0,1.0,0.09904612600803375,0.008703961968421936
833,0,3.0,0.2589632272720337,0.039914533495903015
833,0,3.0,0.2589631974697113,0.013805210590362549
833,0,0.9999999403953552,0.08155961334705353,0.00038577616214752197
833,0,0.9999999403953552,0.08155961334705353,0.00544525682926178
833,0,3.0,0.3207033574581146,0.025565356016159058
833,0,3.0,0.3207033574581146,0.05398145318031311
833,0,1.0,0.11659426987171173,0.006648927927017212
833,0,1.0,0.11659426987171173,0.005231231451034546
833,0,3.000000238418579,0.280916303396225,0.03851617872714996
833,0,3.000000238418579,0.280916303396225,0.024713784456253052
833,0,1.0,0.10824400931596756,0.0023890435695648193
833,0,1.0,0.10824400931596756,0.007832065224647522
833,0,3.0,0.2959744334220886,0.05142505466938019
833,0,3.0,0.2959744334220886,0.016718581318855286
833,0,1.0,0.08879716694355011,0.00044468045234680176
833,0,1.0,0.08879716694355011,0.006445258855819702
833,0,3.0,0.28913357853889465,0.03576187789440155
833,0,3.0,0.28913357853889465,0.03112250566482544
833,0,1.0,0.0755215436220169,0.005062893033027649
833,0,1.0,0.0755215436220169,-6.355345249176025e-05
833,0,3.0,0.34276914596557617,0.042660996317863464
833,0,3.0,0.34276917576789856,0.04803231358528137
833,0,0.9999998807907104,0.09980741888284683,-0.0007768571376800537
833,0,0.9999998807907104,0.09980741888284683,0.009360149502754211
833,0,3.0,0.2430204600095749,0.015660852193832397
833,0,3.0,0.2430204600095749,0.03255578875541687
833,0,1.0,0.09014967828989029,0.007841184735298157
833,0,1.0,0.09014967828989029,-0.0008050203323364258
833,0,3.0,0.29584652185440063,0.043835729360580444
833,0,3.0,0.29584652185440063,0.02545180916786194
833,0,1.0,0.08173924684524536,-0.00222073495388031
833,0,1.0,0.08173924684524536,0.007947176694869995
833,0,3.0,0.2902897298336029,0.025180071592330933
833,0,3.0,0.2902897298336029,0.04183496534824371
833,0,0.9999999403953552,0.09296447038650513,0.0035548508167266846
833,0,0.9999999403953552,0.09296447038650513,0.004053935408592224
833,0,3.0,0.3111131191253662,0.03886637091636658
833,0,3.0,0.3111131191253662,0.037499070167541504
833,0,1.0,0.08827780932188034,0.005770504474639893
833,0,1.0,0.08827780932188034,0.0010623931884765625
833,0,3.000000238418579,0.27004459500312805,0.01775580644607544
833,0,3.000000238418579,0.27004459500312805,0.04058277606964111
833,0,0.9999999403953552,0.10368099063634872,0.0011633634567260742
833,0,0.9999999403953552,0.10368099063634872,0.008190512657165527
833,0,3.000000238418579,0.2644367814064026,0.010753557085990906
833,0,3.000000238418579,0.2644367814064026,0.04446569085121155
833,0,1.0,0.09584403038024902,0.008195742964744568
833,0,1.0,0.09584403038024902,-0.0002323538064956665
833,0,3.0,0.3090358376502991,0.041630253195762634
822,0,1.0,0.11222720146179199,0.020532891154289246
822,0,1.0,0.11222720146179199,0.003378570079803467
822,0,3.0,0.23616202175617218,0.05908799171447754
822,0,3.0,0.23616202175617218,0.036524698138237
822,0,1.0,0.09362730383872986,0.011786967515945435
822,0,1.0,0.09362730383872986,0.00532887876033783
822,0,3.000000238418579,0.2922438383102417,0.06245703995227814
822,0,3.000000238418579,0.2922438383102417,0.075920969247818
822,0,1.0,0.09533058851957321,-0.00037086009979248047
822,0,1.0,0.09533058851957321,0.017629563808441162
822,0,2.999999761581421,0.3114994764328003,0.08249516785144806
822,0,2.999999761581421,0.3114994764328003,0.07143908739089966
822,0,1.0,0.09177491813898087,0.005879461765289307
822,0,1.0,0.09177491813898087,0.010613694787025452
822,0,3.0,0.29543498158454895,0.08274462819099426
822,0,3.0,0.29543495178222656,0.05764050781726837
822,0,1.0,0.09239122271537781,0.012939155101776123
822,0,1.0,0.09239122271537781,0.0036644786596298218
822,0,3.000000238418579,0.2801116406917572,0.06692977249622345
822,0,3.000000238418579,0.2801116406917572,0.06211087107658386
822,0,1.0,0.08735373616218567,-0.0005649030208587646
822,0,1.0,0.08735373616218567,0.01516491174697876
822,0,3.0,0.29622113704681396,0.059201523661613464
822,0,3.0,0.29622113704681396,0.08194440603256226
822,0,1.0,0.10781633853912354,0.017689436674118042
822,0,1.0,0.10781633853912354,0.004610627889633179
822,0,2.999999761581421,0.2724422514438629,0.05748577415943146
822,0,2.999999761581421,0.2724422514438629,0.06558027863502502
822,0,1.0,0.10821498185396194,0.017864719033241272
822,0,1.0,0.10821498185396194,0.004588022828102112
822,0,3.0,0.26240015029907227,0.07984974980354309
822,0,3.0,0.26240015029907227,0.032889097929000854
822,0,0.9999999403953552,0.09465961158275604,0.0015364587306976318
822,0,0.9999999403953552,0.09465961158275604,0.015685632824897766
822,0,3.0,0.2732766568660736,0.05034111440181732
822,0,3.0,0.2732766568660736,0.07282444834709167
822,0,1.0000001192092896,0.09765752404928207,0.010279327630996704
822,0,1.0000001192092896,0.09765752404928207,0.008364394307136536
822,0,3.0,0.33686891198158264,0.0987478494644165
822,0,3.0,0.33686891198158264,0.07576049864292145
822,0,0.9999999403953552,0.08041233569383621,0.00766010582447052
822,0,0.9999999403953552,0.08041233569383621,0.0051018595695495605
822,0,2.999999761581421,0.28808701038360596,0.061438485980033875
822,0,2.999999761581421,0.28808701038360596,0.07369092106819153
822,0,1.0,0.10090088844299316,0.018329814076423645
822,0,1.0,0.10090088844299316,0.0010444819927215576
822,0,3.000000238418579,0.2996133863925934,0.07731176912784576
822,0,3.000000238418579,0.2996133863925934,0.06703159213066101
822,0,0.9999999403953552,0.09963548183441162,0.008191093802452087
822,0,0.9999999403953552,0.09963548183441162,0.011182546615600586
822,0,3.0,0.3094084858894348,0.060548096895217896
822,0,3.0,0.3094084858894348,0.09077414870262146
822,0,1.0,0.10071687400341034,0.013960152864456177
822,0,1.0,0.10071685910224915,0.005725637078285217
822,0,3.0,0.20698624849319458,0.0344073623418808
822,0,3.0,0.20698624849319458,0.04178471863269806
822,0,1.0,0.08854871988296509,0.01156972348690033
822,0,1.0,0.08854871988296509,0.003745943307876587
822,0,3.0,0.2689642012119293,0.06280387938022614
822,0,3.0,0.2689642012119293,0.05765053629875183
822,0,1.0,0.08752927929162979,0.00017127394676208496
822,0,1.0,0.08752927929162979,0.01455572247505188
822,0,3.0,0.25562766194343567,0.058697059750556946
963,0,0.9999999403953552,0.1025448590517044,0.006416887044906616
963,0,0.9999999403953552,0.1025448590517044,0.0012091845273971558
963,0,2.999999523162842,0.3084251880645752,0.04099225997924805
963,0,2.999999523162842,0.3084251880645752,0.021667957305908203
963,0,1.0,0.09815943241119385,0.009120568633079529
963,0,1.0,0.09815943241119385,-0.0023101717233657837
963,0,3.0,0.33742159605026245,0.04751075804233551
963,0,3.0,0.33742159605026245,0.026162922382354736
963,0,1.0,0.08721538633108139,0.003164157271385193
963,0,1.0,0.0872153788805008,0.0024062544107437134
963,0,3.000000238418579,0.3228977918624878,0.03339588642120361
963,0,3.000000238418579,0.3228977918624878,0.03527197241783142
963,0,1.0,0.10024040192365646,0.004902258515357971
963,0,1.0,0.10024040192365646,0.0024237781763076782
963,0,3.0,0.2722286581993103,0.022230759263038635
963,0,3.0,0.2722286581993103,0.0280064195394516
963,0,1.0,0.10310077667236328,0.010906636714935303
963,0,1.0,0.10310077667236328,-0.003514021635055542
963,0,3.0,0.27179282903671265,0.02391192317008972
963,0,3.0,0.27179282903671265,0.026219218969345093
963,0,1.0000001192092896,0.09963424503803253,0.01023748517036438
963,0,1.0000001192092896,0.09963424503803253,-0.003308996558189392
963,0,2.999999761581421,0.2617607116699219,0.024246945977211
963,0,2.999999761581421,0.2617607116699219,0.022514209151268005
963,0,1.0,0.09071408212184906,0.0025701522827148438
963,0,1.0,0.09071408212184906,0.003451034426689148
963,0,3.0,0.27831026911735535,0.029335200786590576
963,0,3.0,0.27831026911735535,0.022983476519584656
963,0,1.0,0.09228547662496567,0.006070256233215332
963,0,1.0,0.09228546917438507,9.79006290435791e-05
963,0,3.0,0.31673386693000793,0.025900602340698242
963,0,3.0,0.31673386693000793,0.04013070464134216
963,0,1.0,0.11269576102495193,-0.000436633825302124
963,0,1.0,0.11269576102495193,0.009507089853286743
963,0,3.0,0.29099583625793457,0.02778296172618866
963,0,3.0,0.29099583625793457,0.02906167507171631
963,0,1.0,0.10191167145967484,0.006827235221862793
963,0,1.0,0.10191167145967484,0.000687137246131897
963,0,3.0,0.3647131025791168,0.04138052463531494
963,0,3.0,0.3647131025791168,0.04395018517971039
963,0,1.0,0.09593120217323303,0.006007850170135498
963,0,1.0,0.09593120217323303,0.0006690323352813721
963,0,3.000000238418579,0.28255707025527954,0.04249951243400574
963,0,3.000000238418579,0.28255707025527954,0.009743556380271912
963,0,1.0,0.07736299932003021,0.003754034638404846
963,0,1.0,0.07736299932003021,0.0006215870380401611
963,0,3.0,0.2588937282562256,0.017820730805397034
963,0,3.0,0.2588937282562256,0.02784326672554016
963,0,1.0,0.11196169257164001,0.003071904182434082
963,0,1.0,0.11196169257164001,0.006036862730979919
963,0,3.000000238418579,0.30848148465156555,0.031285226345062256
963,0,3.000000238418579,0.30848148465156555,0.03194166719913483
963,0,0.9999999403953552,0.085893914103508,0.004175692796707153
963,0,0.9999999403953552,0.085893914103508,0.0012143254280090332
963,0,3.0,0.23618246614933014,0.03307095170021057
963,0,3.0,0.23618246614933014,0.004208609461784363
963,0,0.9999999403953552,0.10217320173978806,-0.00045877695083618164
963,0,0.9999999403953552,0.10217320173978806,0.007953822612762451
963,0,3.000000238418579,0.26856350898742676,0.011828526854515076
963,0,3.000000238418579,0.26856350898742676,0.03630015254020691
963,0,1.0,0.10807040333747864,0.0060187578201293945
963,0,1.0,0.10807040333747864,0.002469360828399658
963,0,3.0,0.25144216418266296,0.025234252214431763
809,0,1.0,0.0954279899597168,0.002265557646751404
809,0,1.0,0.0954279825091362,0.00392836332321167
809,0,3.0,0.30161330103874207,0.03823137283325195
809,0,3.0,0.30161330103874207,0.01784774661064148
809,0,1.0,0.0895463153719902,0.0003874748945236206
809,0,1.0,0.0895463153719902,0.005039110779762268
809,0,3.0,0.2713722586631775,0.011825591325759888
809,0,3.0,0.2713722586631775,0.03408510982990265
809,0,0.9999999403953552,0.09536761045455933,0.005193844437599182
809,0,0.9999999403953552,0.09536761045455933,0.0009651333093643188
809,0,2.999999761581421,0.2997201085090637,0.01066039502620697
809,0,2.999999761581421,0.2997201085090637,0.0437302440404892
809,0,1.0,0.09177282452583313,-0.0016663074493408203
809,0,1.0,0.09177282452583313,0.0072605907917022705
809,0,3.000000238418579,0.23149101436138153,0.021111637353897095
809,0,3.000000238418579,0.23149101436138153,0.01347389817237854
809,0,0.9999999403953552,0.08266627043485641,0.001695483922958374
809,0,0.9999999403953552,0.08266627043485641,0.0029664039611816406
809,0,3.000000238418579,0.3184926211833954,0.015064507722854614
809,0,3.000000238418579,0.3184926211833954,0.04611176252365112
809,0,1.0,0.10857372730970383,0.005992382764816284
809,0,1.0,0.10857372730970383,0.001977011561393738
809,0,3.0,0.2623384892940521,0.024565085768699646
809,0,3.0,0.2623384892940521,0.01923424005508423
809,0,0.9999999403953552,0.09633607417345047,0.001552969217300415
809,0,0.9999999403953552,0.09633607417345047,0.004744797945022583
809,0,2.999999761581421,0.3057352602481842,0.03568851947784424
809,0,2.999999761581421,0.3057352602481842,0.022169440984725952
809,0,1.0,0.10258402675390244,0.0015195459127426147
809,0,1.0,0.10258402675390244,0.005601644515991211
809,0,2.999999761581421,0.2916108965873718,0.028068959712982178
809,0,2.999999761581421,0.2916108965873718,0.02523365616798401
809,0,1.0,0.09226369112730026,0.007239475846290588
809,0,1.0,0.09226368367671967,-0.0015808641910552979
809,0,2.999999761581421,0.24437104165554047,0.025418460369110107
809,0,2.999999761581421,0.24437104165554047,0.012721776962280273
809,0,1.0,0.1014484316110611,0.0003801882266998291
809,0,1.0,0.1014484316110611,0.006547152996063232
809,0,3.0,0.2606881558895111,0.020317301154136658
809,0,3.0,0.2606881558895111,0.023003503680229187
809,0,0.9999999403953552,0.10229165107011795,0.007345303893089294
809,0,0.9999999403953552,0.10229165107011795,-0.00034037232398986816
809,0,3.0,0.266685426235199,0.0139646977186203
809,0,3.0,0.266685426235199,0.03079289197921753
809,0,1.0,0.11795869469642639,0.003271743655204773
809,0,1.0,0.11795869469642639,0.006130188703536987
809,0,3.0,0.27604085206985474,0.02830086648464203
809,0,3.0,0.27604085206985474,0.019773155450820923
809,0,0.9999999403953552,0.09642606973648071,0.005620002746582031
809,0,0.9999999403953552,0.09642606973648071,0.00066356360912323
809,0,3.0,0.25762349367141724,0.01858825981616974
809,0,3.0,0.25762349367141724,0.02375684678554535
809,0,1.0,0.10519029945135117,0.007338017225265503
809,0,1.0,0.10519029945135117,8.176267147064209e-05
809,0,2.999999761581421,0.3044537603855133,0.024000495672225952
809,0,2.999999761581421,0.3044537603855133,0.0335523784160614
809,0,1.0,0.11354581266641617,0.0050585269927978516
809,0,1.0,0.11354581266641617,0.0036739110946655273
809,0,3.0,0.2473621964454651,0.02642020583152771
809,0,3.0,0.2473621964454651,0.012556880712509155
809,0,1.0,0.09079065918922424,0.0020744353532791138
809,0,1.0,0.09079065918922424,0.0035387128591537476
809,0,3.0,0.32535386085510254,0.026306256651878357
819,0,0.9999999403953552,0.11193037778139114,0.007072672247886658
819,0,0.9999999403953552,0.11193037778139114,0.005438625812530518
819,0,3.0,0.3783348500728607,0.051860690116882324
819,0,3.0,0.3783348798751831,0.068499356508255
819,0,0.9999999403953552,0.08311042189598083,0.0016643702983856201
819,0,0.9999999403953552,0.08311042189598083,0.005279704928398132
819,0,3.0,0.3027401566505432,0.04602622985839844
819,0,3.0,0.3027401566505432,0.035695239901542664
819,0,1.0,0.09349264949560165,0.0029149502515792847
819,0,1.0,0.09349264949560165,0.0058583468198776245
819,0,3.0,0.3430377244949341,0.051963791251182556
819,0,3.0,0.34303775429725647,0.05001135170459747
819,0,1.0,0.0738382413983345,0.005230352282524109
819,0,1.0,0.0738382413983345,0.00023949146270751953
819,0,2.999999761581421,0.24250230193138123,0.03279232978820801
819,0,2.999999761581421,0.24250230193138123,0.021824628114700317
819,0,1.0,0.105949267745018,-9.953975677490234e-06
819,0,1.0,0.105949267745018,0.011043205857276917
819,0,3.0,0.24136711657047272,0.023775175213813782
819,0,3.0,0.24136711657047272,0.030481010675430298
819,0,1.0,0.08911187201738358,0.0023295432329177856
819,0,1.0,0.08911187201738358,0.0056463927030563354
819,0,3.0,0.30488207936286926,0.030932366847991943
819,0,3.0,0.30488207936286926,0.05139867961406708
819,0,1.0,0.07829426974058151,0.0011307299137115479
819,0,1.0,0.07829426974058151,0.005033895373344421
819,0,3.0,0.29000264406204224,0.0466577410697937
819,0,3.0,0.29000264406204224,0.02872002124786377
819,0,1.0,0.09342701733112335,0.004853352904319763
819,0,1.0,0.09342701733112335,0.003921017050743103
819,0,3.000000238418579,0.351650595664978,0.04912884533405304
819,0,3.000000238418579,0.351650595664978,0.05724641680717468
819,0,1.0,0.089446060359478,0.0027545690536499023
819,0,1.0,0.0894460529088974,0.005288407206535339
819,0,3.0,0.28296607732772827,0.05157099664211273
819,0,3.0,0.28296607732772827,0.01955147087574005
819,0,1.0,0.0870802029967308,0.008312016725540161
819,0,1.0,0.0870802029967308,-0.0008146911859512329
819,0,3.000000238418579,0.28633731603622437,0.04263344407081604
819,0,3.000000238418579,0.28633731603622437,0.03130112588405609
819,0,1.0,0.10603069514036179,0.009652093052864075
819,0,1.0,0.10603070259094238,0.0014914721250534058
819,0,3.000000238418579,0.28130701184272766,0.03679564595222473
819,0,3.000000238418579,0.28130704164505005,0.034988969564437866
819,0,1.0,0.1066657304763794,0.010082140564918518
819,0,1.0,0.1066657304763794,0.0011726617813110352
819,0,3.0,0.34349068999290466,0.056411147117614746
819,0,3.0,0.34349068999290466,0.04565413296222687
819,0,1.0,0.09068810939788818,-0.0001269131898880005
819,0,1.0,0.09068810939788818,0.008282899856567383
819,0,3.0,0.2709592580795288,0.03098243474960327
819,0,3.0,0.2709592580795288,0.0360742062330246
819,0,1.0,0.10798522084951401,0.010142847895622253
819,0,1.0,0.10798522084951401,0.001394808292388916
819,0,2.999999761581421,0.30514204502105713,0.03602030873298645
819,0,2.999999761581421,0.30514204502105713,0.04684498906135559
819,0,0.9999999403953552,0.11329822242259979,0.004194289445877075
819,0,0.9999999403953552,0.11329822242259979,0.008590370416641235
819,0,3.0,0.24752624332904816,0.021680131554603577
819,0,3.0,0.24752625823020935,0.034959569573402405
819,0,1.0,0.10005660355091095,0.0047110021114349365
819,0,1.0,0.10005659610033035,0.005331948399543762
819,0,3.000000238418579,0.23993265628814697,0.02562980353832245
877,0,0.9999999403953552,0.13165642321109772,0.002727717161178589
877,0,0.9999999403953552,0.13165642321109772,0.01471450924873352
877,0,3.0,0.3324272334575653,0.040009453892707825
877,0,3.0,0.3324272334575653,0.05856560170650482
877,0,1.0,0.08704064786434174,0.006103426218032837
877,0,1.0,0.08704064786434174,0.0017223507165908813
877,0,3.0,0.3423672616481781,0.06622956693172455
877,0,3.0,0.3423672616481781,0.03688812255859375
877,0,1.0,0.08342083543539047,-0.0019560903310775757
877,0,1.0,0.08342083543539047,0.008978039026260376
877,0,2.999999761581421,0.36072373390197754,0.05496452748775482
877,0,2.999999761581421,0.36072373390197754,0.05905577540397644
877,0,1.0,0.10495226830244064,0.007209092378616333
877,0,1.0,0.10495226830244064,0.0041318535804748535
877,0,2.999999761581421,0.27573367953300476,0.025101974606513977
877,0,2.999999761581421,0.27573367953300476,0.0454116016626358
877,0,0.9999998807907104,0.09279968589544296,0.0086507648229599
877,0,0.9999998807907104,0.09279968589544296,0.00014269351959228516
877,0,2.999999761581421,0.3347841799259186,0.05934248864650726
877,0,2.999999761581421,0.3347841799259186,0.040442973375320435
877,0,0.9999999403953552,0.11395425349473953,0.018208563327789307
877,0,0.9999999403953552,0.11395425349473953,-0.00583474338054657
877,0,2.999999761581421,0.2654775381088257,0.03610841929912567
877,0,2.999999761581421,0.2654775381088257,0.030231401324272156
877,0,1.0,0.09379594027996063,0.013952270150184631
877,0,1.0,0.09379594027996063,-0.005488798022270203
877,0,2.999999761581421,0.36769455671310425,0.04367688298225403
877,0,2.999999761581421,0.36769455671310425,0.07308702170848846
877,0,1.0,0.09227519482374191,-0.0021001994609832764
877,0,1.0,0.09227519482374191,0.010641604661941528
877,0,3.000000238418579,0.2703006863594055,0.037251442670822144
877,0,3.000000238418579,0.2703006863594055,0.031284794211387634
877,0,1.0,0.10172206908464432,0.0005293041467666626
877,0,1.0,0.10172206908464432,0.010000139474868774
877,0,3.0,0.2857798635959625,0.01523849368095398
877,0,3.0,0.2857798635959625,0.05802789330482483
877,0,1.0,0.10798826813697815,0.015088111162185669
877,0,1.0,0.10798826813697815,-0.003670424222946167
877,0,3.0,0.22155572474002838,0.03296710550785065
877,0,3.0,0.22155572474002838,0.0141410231590271
877,0,1.0,0.0965190976858139,0.00743904709815979
877,0,1.0,0.0965190976858139,0.0021471232175827026
877,0,3.0,0.3052996098995209,0.04996991157531738
877,0,3.0,0.3052996098995209,0.03499968349933624
877,0,1.0,0.11583902686834335,0.004096135497093201
877,0,1.0,0.11583902686834335,0.009630575776100159
877,0,3.0,0.28542613983154297,0.04358409345149994
877,0,3.0,0.28542613983154297,0.031868040561676025
877,0,1.0,0.11031192541122437,0.0021187663078308105
877,0,1.0,0.11031192541122437,0.01029050350189209
877,0,3.0,0.3399761915206909,0.035573095083236694
877,0,3.0,0.3399761915206909,0.06618401408195496
877,0,1.0,0.11785025894641876,0.0030378997325897217
877,0,1.0,0.11785025894641876,0.011102527379989624
877,0,3.000000238418579,0.2897823750972748,0.030207976698875427
877,0,3.000000238418579,0.28978240489959717,0.04711717367172241
877,0,0.9999999403953552,0.0998540148139,0.010438814759254456
877,0,0.9999999403953552,0.09985402226448059,-0.00033618509769439697
877,0,3.0,0.31174811720848083,0.03513267636299133
877,0,3.0,0.31174811720848083,0.05292339622974396
877,0,0.9999999403953552,0.08904589712619781,0.009784206748008728
877,0,0.9999999403953552,0.08904589712619781,-0.0017929673194885254
877,0,3.000000238418579,0.30222976207733154,0.034651100635528564
817,0,1.0,0.10859181731939316,0.003269195556640625
817,0,1.0,0.10859181731939316,0.011959031224250793
817,0,3.0,0.311259001493454,0.03528405725955963
817,0,3.0,0.311259001493454,0.07192657887935638
817,0,1.0,0.10656651109457016,0.019027158617973328
817,0,1.0,0.10656651109457016,-0.005198568105697632
817,0,3.0,0.25371190905570984,0.02597774565219879
817,0,3.0,0.25371190905570984,0.0492844432592392
817,0,1.0,0.09081084281206131,0.007691130042076111
817,0,1.0,0.0908108502626419,0.003093019127845764
817,0,3.0,0.29633328318595886,0.07460738718509674
817,0,3.0,0.29633328318595886,0.021791517734527588
817,0,1.0,0.09880419075489044,0.005834400653839111
817,0,1.0,0.09880419075489044,0.006929337978363037
817,0,3.0,0.32925844192504883,0.06984998285770416
817,0,3.0,0.32925844192504883,0.04958033561706543
817,0,0.9999999403953552,0.08705919235944748,0.003670528531074524
817,0,0.9999999403953552,0.08705919235944748,0.006276711821556091
817,0,2.999999761581421,0.26431646943092346,0.025018438696861267
817,0,2.999999761581421,0.26431649923324585,0.055496349930763245
817,0,0.9999999403953552,0.09639334678649902,0.005797386169433594
817,0,0.9999999403953552,0.09639334678649902,0.006364911794662476
817,0,2.999999761581421,0.2759891152381897,0.036749690771102905
817,0,2.999999761581421,0.2759891152381897,0.051252156496047974
817,0,1.0,0.1040176972746849,0.0039009898900985718
817,0,1.0,0.1040176972746849,0.010150477290153503
817,0,3.0,0.35173195600509644,0.0631004273891449
817,0,3.0,0.35173195600509644,0.0709557980298996
817,0,1.0,0.09350685775279999,0.008064404129981995
817,0,1.0,0.09350685775279999,0.003357619047164917
817,0,3.0,0.3080064058303833,0.0549294650554657
817,0,3.0,0.3080064058303833,0.052007004618644714
817,0,1.0,0.10482212901115417,0.011295929551124573
817,0,1.0,0.10482212901115417,0.002918049693107605
817,0,3.0,0.24727533757686615,0.031906262040138245
817,0,3.0,0.24727533757686615,0.04057237505912781
817,0,1.0,0.10528877377510071,0.0153006911277771
817,0,1.0,0.10528877377510071,-0.0013018250465393066
817,0,3.0,0.3352315127849579,0.0703975260257721
817,0,3.0,0.3352315127849579,0.0528927743434906
817,0,1.0,0.11276659369468689,0.0017581284046173096
817,0,1.0,0.11276659369468689,0.014498427510261536
817,0,3.0,0.31513839960098267,0.05697469413280487
817,0,3.0,0.31513839960098267,0.05427172780036926
817,0,0.9999999403953552,0.11069998145103455,-0.0019582360982894897
817,0,0.9999999403953552,0.11069998145103455,0.01728712022304535
817,0,3.000000238418579,0.2983231544494629,0.03349901735782623
817,0,3.000000238418579,0.2983231544494629,0.06629891693592072
817,0,1.0,0.10141876339912415,0.006715923547744751
817,0,1.0,0.10141876339912415,0.0067190974950790405
817,0,3.0,0.27335548400878906,0.03643020987510681
817,0,3.0,0.27335548400878906,0.050118133425712585
817,0,0.9999999403953552,0.1021999940276146,0.004729703068733215
817,0,0.9999999403953552,0.1021999940276146,0.008879855275154114
817,0,2.999999761581421,0.2543615400791168,0.04213377833366394
817,0,2.999999761581421,0.2543615400791168,0.034136414527893066
817,0,1.0,0.09868230670690536,0.012837916612625122
817,0,1.0,0.09868230670690536,-0.00039424002170562744
817,0,2.999999761581421,0.35469281673431396,0.06911846995353699
817,0,2.999999761581421,0.35469281673431396,0.06690824031829834
817,0,0.9999999403953552,0.09990032762289047,0.012616276741027832
817,0,0.9999999403953552,0.09990032762289047,0.00017073750495910645
817,0,2.999999761581421,0.248809814453125,0.04804575443267822
987,0,1.0,0.09762208163738251,0.008400976657867432
987,0,1.0,0.09762206673622131,0.0023382604122161865
987,0,3.0,0.2536950409412384,0.029401585459709167
987,0,3.0,0.2536950409412384,0.037057697772979736
987,0,1.0,0.08922524750232697,0.002551332116127014
987,0,1.0,0.08922524750232697,0.006473138928413391
987,0,2.999999761581421,0.3261503577232361,0.06898699700832367
987,0,2.999999761581421,0.3261503577232361,0.033234357833862305
987,0,1.0000001192092896,0.09281763434410095,0.00046879053115844727
987,0,1.0000001192092896,0.09281763434410095,0.009183734655380249
987,0,3.000000238418579,0.2779722809791565,0.029597967863082886
987,0,3.000000238418579,0.2779722809791565,0.048337966203689575
987,0,1.0,0.09340541064739227,0.0012334436178207397
987,0,1.0,0.09340541064739227,0.008578762412071228
987,0,3.0,0.23132579028606415,0.029571130871772766
987,0,3.0,0.23132579028606415,0.02665477991104126
987,0,1.0,0.08035022765398026,0.00549684464931488
987,0,1.0,0.08035022765398026,0.001841515302658081
987,0,3.0,0.36668500304222107,0.06216369569301605
987,0,3.0,0.36668500304222107,0.06476707756519318
987,0,0.9999999403953552,0.09736885130405426,0.005507230758666992
987,0,0.9999999403953552,0.09736885130405426,0.00523926317691803
987,0,3.000000238418579,0.27423882484436035,0.04103931784629822
987,0,3.000000238418579,0.27423882484436035,0.03546726703643799
987,0,1.0,0.10882148891687393,0.006726264953613281
987,0,1.0,0.10882148891687393,0.006636694073677063
987,0,3.0,0.329079270362854,0.06054858863353729
987,0,3.0,0.329079270362854,0.044617339968681335
987,0,1.0,0.09297920763492584,0.0030720680952072144
987,0,1.0,0.09297920763492584,0.006720557808876038
987,0,2.999999761581421,0.30771854519844055,0.05463603138923645
987,0,2.999999761581421,0.30771854519844055,0.0388975590467453
987,0,1.0,0.09116792678833008,0.009172260761260986
987,0,1.0,0.09116792678833008,0.00013117492198944092
987,0,3.000000238418579,0.3334032893180847,0.06384339928627014
987,0,3.000000238418579,0.3334032893180847,0.043526917695999146
987,0,1.0,0.09217029064893723,0.00030690431594848633
987,0,1.0,0.09217029064893723,0.009206309914588928
987,0,3.0,0.3032301664352417,0.05287866294384003
987,0,3.0,0.3032301664352417,0.038311928510665894
987,0,1.0,0.09652172774076462,0.009013384580612183
987,0,1.0,0.09652172774076462,0.0014534294605255127
987,0,3.000000238418579,0.2441636025905609,0.03984929621219635
987,0,3.000000238418579,0.2441636025905609,0.021751075983047485
987,0,0.9999999403953552,0.10268474370241165,0.010410964488983154
987,0,0.9999999403953552,0.10268474370241165,0.0013789832592010498
987,0,3.0,0.30556297302246094,0.037663280963897705
987,0,3.0,0.30556297302246094,0.054664939641952515
987,0,1.0,0.11515461653470993,0.005545869469642639
987,0,1.0,0.11515460908412933,0.009353473782539368
987,0,3.000000238418579,0.3155607283115387,0.04856070876121521
987,0,3.000000238418579,0.3155607283115387,0.04951941967010498
987,0,1.0,0.11012005060911179,0.008593395352363586
987,0,1.0,0.11012005060911179,0.005062088370323181
987,0,3.0,0.26579052209854126,0.035171762108802795
987,0,3.0,0.26579052209854126,0.03719694912433624
987,0,0.9999999403953552,0.11069263517856598,0.006162926554679871
987,0,0.9999999403953552,0.11069263517856598,0.007649078965187073
987,0,3.0,0.3410005271434784,0.04693393409252167
987,0,3.0,0.3410005271434784,0.06482481956481934
987,0,1.0,0.08459847420454025,0.003210410475730896
987,0,1.0,0.08459847420454025,0.0049336254596710205
987,0,3.000000238418579,0.3249937891960144,0.06170375645160675
954,0,0.9999999403953552,0.10565522313117981,0.005572095513343811
954,0,0.9999999403953552,0.10565522313117981,0.02201288938522339
954,0,3.0,0.31029751896858215,0.07889124751091003
954,0,3.0,0.31029751896858215,0.10824362933635712
954,0,1.0,0.10324639081954956,0.012943997979164124
954,0,1.0,0.10324639081954956,0.013893604278564453
954,0,3.0,0.270013689994812,0.06700199842453003
954,0,3.0,0.270013689994812,0.08300235867500305
954,0,1.0,0.09421428292989731,0.009764209389686584
954,0,1.0,0.09421427547931671,0.012743279337882996
954,0,2.999999761581421,0.25970908999443054,0.06675215065479279
954,0,2.999999761581421,0.25970908999443054,0.074167400598526
954,0,1.0,0.09686482697725296,0.01442059874534607
954,0,1.0,0.09686482697725296,0.009289056062698364
954,0,3.000000238418579,0.3229411542415619,0.10022102296352386
954,0,3.000000238418579,0.3229411542415619,0.10009773075580597
954,0,0.9999999403953552,0.08378324657678604,0.005495116114616394
954,0,0.9999999403953552,0.08378324657678604,0.012380942702293396
954,0,2.999999761581421,0.30375009775161743,0.09267136454582214
954,0,2.999999761581421,0.30375009775161743,0.08913077414035797
954,0,1.0,0.0962834507226944,0.01077471673488617
954,0,1.0,0.096283458173275,0.012701228260993958
954,0,2.999999761581421,0.2782333791255951,0.0788426399230957
954,0,2.999999761581421,0.2782333791255951,0.07901325821876526
954,0,1.0,0.08333984017372131,0.0036423802375793457
954,0,1.0,0.08333984017372131,0.01394626498222351
954,0,3.0,0.3112166225910187,0.10848705470561981
954,0,3.0,0.3112166225910187,0.07956074178218842
954,0,1.0,0.10327732563018799,0.016585901379585266
954,0,1.0,0.10327732563018799,0.010198846459388733
954,0,2.999999761581421,0.2629907429218292,0.06559281051158905
954,0,2.999999761581421,0.2629907429218292,0.07815487682819366
954,0,1.0,0.0858067199587822,0.009319186210632324
954,0,1.0,0.0858067199587822,0.00948934257030487
954,0,3.0,0.2633218467235565,0.07799515128135681
954,0,3.0,0.2633218467235565,0.066070556640625
954,0,0.9999999403953552,0.08654935657978058,0.007777974009513855
954,0,0.9999999403953552,0.08654935657978058,0.011324509978294373
954,0,3.0,0.30908796191215515,0.10696867108345032
954,0,3.0,0.30908796191215515,0.07909582555294037
954,0,0.9999999403953552,0.09170500189065933,0.005167707800865173
954,0,0.9999999403953552,0.09170500189065933,0.016010552644729614
954,0,3.000000238418579,0.3069784343242645,0.08092948794364929
954,0,3.000000238418579,0.3069784343242645,0.10341072082519531
954,0,0.9999999403953552,0.09132642298936844,0.006043106317520142
954,0,0.9999999403953552,0.09132642298936844,0.015029564499855042
954,0,3.0,0.2831372618675232,0.09391044080257416
954,0,3.0,0.2831372618675232,0.06768423318862915
954,0,1.0,0.10395350307226181,0.011443540453910828
954,0,1.0,0.10395350307226181,0.015716180205345154
954,0,3.0,0.27469417452812195,0.05774757266044617
954,0,3.0,0.27469417452812195,0.0951787680387497
954,0,1.0,0.1039046198129654,0.020601660013198853
954,0,1.0,0.1039046198129654,0.006211042404174805
954,0,3.0,0.35214391350746155,0.12535624206066132
954,0,3.0,0.35214391350746155,0.10330596566200256
954,0,1.0,0.0979851558804512,0.013149291276931763
954,0,1.0,0.0979851558804512,0.011128321290016174
954,0,3.000000238418579,0.2777995765209198,0.08578270673751831
954,0,3.000000238418579,0.2777995765209198,0.0714293122291565
954,0,1.0,0.10212896019220352,0.013087734580039978
954,0,1.0,0.10212896019220352,0.013199567794799805
954,0,3.0,0.3117317259311676,0.10340066254138947
890,0,0.9999999403953552,0.12574611604213715,0.017121195793151855
890,0,0.9999999403953552,0.12574611604213715,0.008128434419631958
890,0,2.999999761581421,0.26641732454299927,0.06134535372257233
890,0,2.999999761581421,0.26641732454299927,0.039261624217033386
890,0,1.0,0.09998886287212372,0.006533578038215637
890,0,1.0,0.09998886287212372,0.009740322828292847
890,0,3.000000238418579,0.2335636019706726,0.04221092164516449
890,0,3.000000238418579,0.2335636019706726,0.038038983941078186
890,0,1.0,0.09366311877965927,-0.0025821030139923096
890,0,1.0,0.09366311877965927,0.01633504033088684
890,0,3.000000238418579,0.32553696632385254,0.05594794452190399
890,0,3.000000238418579,0.32553696632385254,0.08554495871067047
890,0,0.9999999403953552,0.08468054234981537,0.006219625473022461
890,0,0.9999999403953552,0.08468054234981537,0.005553156137466431
890,0,3.0,0.3036254346370697,0.05449165403842926
890,0,3.0,0.3036254346370697,0.07188093662261963
890,0,1.0,0.09540930390357971,0.007742077112197876
890,0,1.0,0.09540930390357971,0.007125392556190491
890,0,3.0,0.3339967429637909,0.09044115245342255
890,0,3.0,0.3339967727661133,0.05701211094856262
890,0,0.9999999403953552,0.09556880593299866,0.012520179152488708
890,0,0.9999999403953552,0.09556880593299866,0.0022224783897399902
890,0,3.0,0.2716713547706604,0.04415315389633179
890,0,3.0,0.2716713547706604,0.06024433672428131
890,0,1.0,0.07201613485813141,0.008041128516197205
890,0,1.0,0.07201613485813141,0.00042341649532318115
890,0,3.000000238418579,0.28257086873054504,0.06750240921974182
890,0,3.000000238418579,0.28257086873054504,0.04389530420303345
890,0,1.0,0.10094976425170898,0.009428322315216064
890,0,1.0,0.10094976425170898,0.007160097360610962
890,0,3.0,0.28369855880737305,0.05738891661167145
890,0,3.0,0.28369855880737305,0.05546867847442627
890,0,1.0,0.11066918075084686,0.0018497705459594727
890,0,1.0,0.11066918820142746,0.017588824033737183
890,0,3.0,0.30156105756759644,0.07549424469470978
890,0,3.0,0.30156105756759644,0.04893198609352112
890,0,1.0,0.10448604077100754,0.01352103054523468
890,0,1.0,0.10448604077100754,0.0040798187255859375
890,0,3.0,0.30933594703674316,0.0639830231666565
890,0,3.0,0.30933594703674316,0.06680354475975037
890,0,1.0,0.09925718605518341,0.010476142168045044
890,0,1.0,0.09925718605518341,0.0055434852838516235
890,0,3.0,0.22158749401569366,0.04028388857841492
890,0,3.0,0.22158749401569366,0.03268817067146301
890,0,1.0,0.11545176804065704,0.008317545056343079
890,0,1.0,0.11545176804065704,0.013174280524253845
890,0,3.000000238418579,0.252713143825531,0.0437009334564209
890,0,3.000000238418579,0.252713143825531,0.0485633909702301
890,0,1.0,0.09161607921123505,0.0041779279708862305
890,0,1.0,0.09161607921123505,0.009510770440101624
890,0,3.0,0.31337496638298035,0.049698248505592346
890,0,3.0,0.31337496638298035,0.08270364999771118
890,0,1.0,0.11755556613206863,0.0188458114862442
890,0,1.0,0.11755555868148804,0.0030474066734313965
890,0,3.0,0.2724905014038086,0.03242027759552002
890,0,3.0,0.2724905014038086,0.07096904516220093
890,0,1.0000001192092896,0.11775212734937668,0.011966556310653687
890,0,1.0000001192092896,0.11775213479995728,0.010394617915153503
890,0,3.000000238418579,0.2513989210128784,0.04803746938705444
890,0,3.000000238418579,0.2513989210128784,0.043386608362197876
890,0,1.0,0.0974024310708046,0.013365015387535095
890,0,1.0,0.0974024310708046,0.0018995702266693115
890,0,3.0,0.2949376702308655,0.047295600175857544
831,0,1.0,0.0850367620587349,0.014902576804161072
831,0,1.0,0.0850367620587349,0.009656921029090881
831,0,3.0,0.26891347765922546,0.09494799375534058
831,0,3.0,0.26891350746154785,0.1023796796798706
831,0,0.9999999403953552,0.09665918350219727,0.013533532619476318
831,0,0.9999999403953552,0.09665917605161667,0.01791277527809143
831,0,3.0,0.2647477686405182,0.09371703863143921
831,0,3.0,0.2647477388381958,0.09866553544998169
831,0,0.9999998807907104,0.1116369292140007,0.018863767385482788
831,0,0.9999998807907104,0.1116369292140007,0.022519901394844055
831,0,3.0,0.21792210638523102,0.06771913170814514
831,0,3.0,0.21792209148406982,0.07117807865142822
831,0,1.0,0.10883652418851852,0.019633427262306213
831,0,1.0,0.10883652418851852,0.019823506474494934
831,0,3.0,0.3244718015193939,0.13536477088928223
831,0,3.0,0.3244718015193939,0.1309731900691986
831,0,1.0,0.09512586891651154,0.015430167317390442
831,0,1.0,0.09512586891651154,0.015092253684997559
831,0,3.0,0.3481036424636841,0.1433601677417755
831,0,3.0,0.3481036424636841,0.15349766612052917
831,0,1.0,0.0958188995718956,0.015362218022346497
831,0,1.0,0.0958188995718956,0.015587925910949707
831,0,2.999999761581421,0.2273300737142563,0.07052381336688995
831,0,2.999999761581421,0.2273300737142563,0.07867582142353058
831,0,0.9999999403953552,0.11844136565923691,0.02400846779346466
831,0,0.9999999403953552,0.11844136565923691,0.022274881601333618
831,0,2.999999761581421,0.30109643936157227,0.11706101894378662
831,0,2.999999761581421,0.30109643936157227,0.11971411108970642
831,0,0.9999999403953552,0.08753659576177597,0.01260608434677124
831,0,0.9999999403953552,0.08753659576177597,0.01340542733669281
831,0,3.000000238418579,0.22712191939353943,0.07352651655673981
831,0,3.000000238418579,0.22712191939353943,0.07550573348999023
831,0,0.9999999403953552,0.1038440391421318,0.01906551420688629
831,0,0.9999999403953552,0.1038440391421318,0.017018601298332214
831,0,3.0,0.32872602343559265,0.13427066802978516
831,0,3.0,0.32872602343559265,0.1375323235988617
831,0,1.0,0.10531939566135406,0.017948642373085022
831,0,1.0,0.10531939566135406,0.0191209614276886
831,0,3.0,0.2727247476577759,0.10247308015823364
831,0,3.0,0.2727247476577759,0.09947517514228821
831,0,1.0,0.1337086707353592,0.02957668900489807
831,0,1.0,0.1337086707353592,0.028467610478401184
831,0,3.0,0.28326529264450073,0.1101122498512268
831,0,3.0,0.28326529264450073,0.10460534691810608
831,0,0.9999999403953552,0.07607579976320267,0.009215712547302246
831,0,0.9999999403953552,0.07607579976320267,0.010603025555610657
831,0,3.0,0.2804848551750183,0.10206758975982666
831,0,3.0,0.2804848551750183,0.10923931002616882
831,0,1.0,0.09623483568429947,0.013075172901153564
831,0,1.0,0.09623483568429947,0.01809881627559662
831,0,2.999999761581421,0.24487939476966858,0.08355727791786194
831,0,2.999999761581421,0.24487939476966858,0.08557552099227905
831,0,1.0,0.10255113989114761,0.01704557240009308
831,0,1.0,0.10255113989114761,0.018191367387771606
831,0,2.999999761581421,0.3231373727321625,0.12908494472503662
831,0,2.999999761581421,0.3231373727321625,0.13552716374397278
831,0,1.0,0.1017235592007637,0.01563742756843567
831,0,1.0,0.1017235592007637,0.01904556155204773
831,0,3.000000238418579,0.23475034534931183,0.07969270646572113
831,0,3.000000238418579,0.23475034534931183,0.07788920402526855
831,0,1.0,0.1031901091337204,0.014926329255104065
831,0,1.0,0.1031901091337204,0.020687535405158997
831,0,3.0,0.26421791315078735,0.10062134265899658
862,0,1.0,0.09211603552103043,0.014274545013904572
862,0,1.0,0.09211603552103043,0.014140821993350983
862,0,2.999999761581421,0.25857967138290405,0.09593591839075089
862,0,2.999999761581421,0.25857967138290405,0.07771138101816177
862,0,1.0,0.09445938467979431,0.018729351460933685
862,0,1.0,0.09445938467979431,0.010957129299640656
862,0,2.999999761581421,0.3308561444282532,0.11073333770036697
862,0,2.999999761581421,0.3308561444282532,0.14219265431165695
862,0,0.9999999403953552,0.09192365407943726,0.017592214047908783
862,0,0.9999999403953552,0.09192365407943726,0.010620303452014923
862,0,3.0,0.3653102517127991,0.16114839166402817
862,0,3.0,0.3653102517127991,0.13170608133077621
862,0,1.0,0.10594633221626282,0.013254128396511078
862,0,1.0,0.10594633221626282,0.023522160947322845
862,0,3.0,0.32553815841674805,0.11859982460737228
862,0,3.0,0.32553815841674805,0.1291617825627327
862,0,0.9999999403953552,0.08494620025157928,0.018827788531780243
862,0,0.9999999403953552,0.08494620025157928,0.005178086459636688
862,0,3.000000238418579,0.28802812099456787,0.09082935005426407
862,0,3.000000238418579,0.28802815079689026,0.11445965617895126
862,0,0.9999999403953552,0.06952813267707825,0.00424136221408844
862,0,0.9999999403953552,0.06952813267707825,0.012209348380565643
862,0,3.0,0.24812762439250946,0.09160884469747543
862,0,3.0,0.24812762439250946,0.07087037712335587
862,0,1.0,0.10780718922615051,0.01404949277639389
862,0,1.0,0.10780718922615051,0.023960478603839874
862,0,3.0,0.22219306230545044,0.061110444366931915
862,0,3.0,0.22219306230545044,0.07500173896551132
862,0,1.0,0.09294643998146057,0.012773029506206512
862,0,1.0,0.09294643998146057,0.016108639538288116
862,0,3.0,0.26817572116851807,0.10311297327280045
862,0,3.0,0.26817572116851807,0.08060292154550552
862,0,0.9999999403953552,0.10021781176328659,0.01231076568365097
862,0,0.9999999403953552,0.10021781176328659,0.02086792141199112
862,0,3.0,0.33999547362327576,0.143076591193676
862,0,3.0,0.33999547362327576,0.12081656605005264
862,0,0.9999999403953552,0.10260442644357681,0.021376825869083405
862,0,0.9999999403953552,0.10260442644357681,0.01332128793001175
862,0,2.999999761581421,0.32008621096611023,0.10602166503667831
862,0,2.999999761581421,0.32008621096611023,0.13481246680021286
862,0,1.0,0.10450183600187302,0.022626154124736786
862,0,1.0,0.10450183600187302,0.013245157897472382
862,0,3.0,0.2867746949195862,0.09469462186098099
862,0,3.0,0.2867746949195862,0.1095937117934227
862,0,1.0,0.09360142052173615,0.007311530411243439
862,0,1.0,0.09360142052173615,0.02159809321165085
862,0,3.0,0.2817964553833008,0.10153774172067642
862,0,3.0,0.2817964553833008,0.09752850979566574
862,0,0.9999999403953552,0.08689680695533752,0.02222657948732376
862,0,0.9999999403953552,0.08689680695533752,0.0024730339646339417
862,0,3.0,0.36297667026519775,0.13118594139814377
862,0,3.0,0.36297667026519775,0.15903281420469284
862,0,0.9999999403953552,0.09973011165857315,0.014498613774776459
862,0,0.9999999403953552,0.09973011165857315,0.01848112791776657
862,0,3.0,0.26880159974098206,0.087284617125988
862,0,3.0,0.26880159974098206,0.09757790714502335
862,0,0.9999999403953552,0.12292855978012085,0.02838117629289627
862,0,0.9999999403953552,0.12292855978012085,0.020167849957942963
862,0,3.0,0.2767104208469391,0.08756240457296371
862,0,3.0,0.2767104208469391,0.1056046113371849
862,0,1.0,0.12523898482322693,0.030057527124881744
862,0,1.0,0.12523898482322693,0.020124338567256927
862,0,3.000000238418579,0.2846287786960602,0.09017061442136765
986,0,0.9999999403953552,0.10374219715595245,0.024770304560661316
986,0,0.9999999403953552,0.10374219715595245,0.01741465926170349
986,0,2.999999761581421,0.3060431480407715,0.12638477981090546
986,0,2.999999761581421,0.3060431480407715,0.1367577463388443
986,0,1.0,0.08548399060964584,0.014270156621932983
986,0,1.0,0.08548399060964584,0.015114426612854004
986,0,3.0,0.29800572991371155,0.12877394258975983
986,0,3.0,0.29800575971603394,0.12415792047977448
986,0,1.0,0.08907034248113632,0.016437247395515442
986,0,1.0,0.08907034248113632,0.015324667096138
986,0,2.999999761581421,0.29179707169532776,0.11723561584949493
986,0,2.999999761581421,0.29179707169532776,0.12770454585552216
986,0,1.0,0.09614674001932144,0.018877282738685608
986,0,1.0,0.09614674001932144,0.01780170202255249
986,0,3.000000238418579,0.3544580638408661,0.1588340848684311
986,0,3.000000238418579,0.3544580638408661,0.16762275993824005
986,0,0.9999999403953552,0.09428362548351288,0.017226487398147583
986,0,0.9999999403953552,0.09428362548351288,0.018130257725715637
986,0,3.0,0.3291662037372589,0.14869101345539093
986,0,3.0,0.3291662037372589,0.14450784027576447
986,0,1.0,0.09653201699256897,0.018578454852104187
986,0,1.0,0.09653201699256897,0.018378451466560364
986,0,3.0,0.2940676510334015,0.12457598745822906
986,0,3.0,0.2940676510334015,0.12335728108882904
986,0,1.0,0.09689263999462128,0.01977875828742981
986,0,1.0,0.09689263999462128,0.017427921295166016
986,0,3.0,0.27190834283828735,0.11259283125400543
986,0,3.0,0.27190834283828735,0.10741724073886871
986,0,1.0,0.09708964824676514,0.01773257553577423
986,0,1.0,0.09708964824676514,0.019619330763816833
986,0,3.0,0.2833781838417053,0.11729499697685242
986,0,3.0,0.2833781838417053,0.11710795760154724
986,0,1.0,0.09733299165964127,0.02129332721233368
986,0,1.0,0.09733299165964127,0.016196012496948242
986,0,3.0,0.2780979871749878,0.11177487671375275
986,0,3.0,0.2780979871749878,0.11597628891468048
986,0,0.9999998807907104,0.09331366419792175,0.016256913542747498
986,0,0.9999998807907104,0.09331366419792175,0.018412500619888306
986,0,2.999999761581421,0.31409841775894165,0.13979654014110565
986,0,2.999999761581421,0.31409841775894165,0.1337980180978775
986,0,1.0,0.0881923958659172,0.015837758779525757
986,0,1.0,0.0881923958659172,0.015336468815803528
986,0,2.999999761581421,0.30670979619026184,0.12869785726070404
986,0,2.999999761581421,0.30670979619026184,0.13536231219768524
986,0,1.0,0.10903769731521606,0.02235269546508789
986,0,1.0,0.10903769731521606,0.02400350570678711
986,0,3.000000238418579,0.31581059098243713,0.14006702601909637
986,0,3.000000238418579,0.31581059098243713,0.13575907051563263
986,0,0.9999999403953552,0.09253053367137909,0.01644974946975708
986,0,0.9999999403953552,0.09253052622079849,0.01767939329147339
986,0,3.0,0.26974692940711975,0.11229901015758514
986,0,3.0,0.26974692940711975,0.10499505698680878
986,0,1.0,0.09994927793741226,0.021715596318244934
986,0,1.0,0.09994927048683167,0.01769895851612091
986,0,2.999999761581421,0.3303089439868927,0.15007103979587555
986,0,2.999999761581421,0.3303089439868927,0.1446104198694229
986,0,1.0,0.10293970257043839,0.023344263434410095
986,0,1.0,0.10293970257043839,0.018282204866409302
986,0,3.0,0.25221797823905945,0.09672755002975464
986,0,3.0,0.25221797823905945,0.09906119108200073
986,0,1.0,0.07766011357307434,0.013523474335670471
986,0,1.0,0.07766011357307434,0.010939016938209534
986,0,3.0,0.23768892884254456,0.09009967744350433
905,0,1.0,0.0906355008482933,0.02126128226518631
905,0,1.0,0.0906355008482933,0.004866786301136017
905,0,3.000000238418579,0.28250250220298767,0.10817963629961014
905,0,3.000000238418579,0.28250250220298767,0.0860949382185936
905,0,1.0,0.09483331441879272,0.010874442756175995
905,0,1.0,0.09483331441879272,0.018045984208583832
905,0,3.0,0.279989629983902,0.09214090555906296
905,0,3.0,0.279989629983902,0.09992920607328415
905,0,1.0,0.09668341279029846,0.018903307616710663
905,0,1.0,0.09668341279029846,0.011079706251621246
905,0,3.0,0.3276435434818268,0.12926367670297623
905,0,3.0,0.3276435434818268,0.11484909802675247
905,0,0.9999999403953552,0.10474476963281631,0.018355004489421844
905,0,0.9999999403953552,0.10474476963281631,0.0166308656334877
905,0,3.0,0.2585974335670471,0.09447155147790909
905,0,3.0,0.2585974335670471,0.07459431141614914
905,0,1.0,0.10458064824342728,0.01160033792257309
905,0,1.0,0.10458064824342728,0.02305237203836441
905,0,3.0,0.32916775345802307,0.10551682859659195
905,0,3.0,0.32916778326034546,0.1393432393670082
905,0,1.0,0.0902269184589386,0.012976832687854767
905,0,1.0,0.0902269184589386,0.013421334326267242
905,0,3.0,0.28714096546173096,0.10564487427473068
905,0,3.0,0.28714096546173096,0.09402213245630264
905,0,0.9999998807907104,0.07949122041463852,0.010757915675640106
905,0,0.9999998807907104,0.07949122041463852,0.00996040552854538
905,0,3.000000238418579,0.24632221460342407,0.08537767082452774
905,0,3.000000238418579,0.24632221460342407,0.07123459130525589
905,0,1.0,0.11955181509256363,0.028367452323436737
905,0,1.0,0.11955180764198303,0.016118593513965607
905,0,3.000000238418579,0.26715031266212463,0.10030605643987656
905,0,3.000000238418579,0.26715031266212463,0.07758893817663193
905,0,1.0,0.09371554851531982,0.019922636449337006
905,0,1.0,0.09371554851531982,0.008194483816623688
905,0,2.999999761581421,0.3066084682941437,0.09098473936319351
905,0,2.999999761581421,0.3066084682941437,0.12850696593523026
905,0,0.9999999403953552,0.09832441806793213,0.01697368174791336
905,0,0.9999999403953552,0.09832441806793213,0.014077834784984589
905,0,3.000000238418579,0.28302156925201416,0.09566649049520493
905,0,3.000000238418579,0.28302156925201416,0.09970339387655258
905,0,1.0,0.0900164395570755,0.0100235715508461
905,0,1.0,0.0900164395570755,0.016187451779842377
905,0,3.0,0.2640751898288727,0.09510303288698196
905,0,3.0,0.2640751898288727,0.07989393919706345
905,0,0.9999999403953552,0.1272648125886917,0.023500733077526093
905,0,0.9999999403953552,0.1272648125886917,0.026674337685108185
905,0,3.0,0.31106069684028625,0.1181064322590828
905,0,3.0,0.31106069684028625,0.10768882185220718
905,0,1.0,0.06655919551849365,0.007140152156352997
905,0,1.0,0.06655919551849365,0.007560275495052338
905,0,3.0,0.2802174389362335,0.09510860592126846
905,0,3.0,0.2802174389362335,0.09726948291063309
905,0,0.9999999403953552,0.11049237847328186,0.02206314355134964
905,0,0.9999999403953552,0.11049237847328186,0.016547344624996185
905,0,3.0,0.3593447208404541,0.13361305743455887
905,0,3.0,0.3593447208404541,0.14639011770486832
905,0,1.0,0.09650447964668274,0.014209963381290436
905,0,1.0,0.09650447964668274,0.015775315463542938
905,0,3.000000238418579,0.32075077295303345,0.11998889595270157
905,0,3.000000238418579,0.32075077295303345,0.11664103716611862
905,0,1.0,0.09512633085250854,0.01367352157831192
905,0,1.0,0.09512633085250854,0.015505142509937286
905,0,3.0,0.38758280873298645,0.1511552706360817
917,0,1.0,0.08988983929157257,0.005961760878562927
917,0,1.0,0.08988983929157257,0.0027877986431121826
917,0,3.0,0.2326587736606598,0.03117258846759796
917,0,3.0,0.2326587736606598,0.023156151175498962
917,0,1.0,0.10728909075260162,0.004480317234992981
917,0,1.0,0.10728909075260162,0.007910504937171936
917,0,2.999999761581421,0.3049042224884033,0.031240567564964294
917,0,2.999999761581421,0.3049042224884033,0.05650895833969116
917,0,1.0,0.1194993183016777,0.011696144938468933
917,0,1.0,0.1194993183016777,0.0035115033388137817
917,0,3.0,0.23879069089889526,0.03701360523700714
917,0,3.0,0.23879069089889526,0.019629448652267456
917,0,0.9999999403953552,0.1170438677072525,0.005525931715965271
917,0,0.9999999403953552,0.1170438677072525,0.009163647890090942
917,0,3.0,0.37716642022132874,0.06380639970302582
917,0,3.0,0.37716642022132874,0.06412005424499512
917,0,1.0,0.10219569504261017,0.0022829025983810425
917,0,1.0,0.10219569504261017,0.008924633264541626
917,0,3.0,0.27550944685935974,0.04250137507915497
917,0,3.0,0.27550944685935974,0.03131592273712158
917,0,1.0,0.08758819848299026,0.0010224878787994385
917,0,1.0,0.08758819848299026,0.007241249084472656
917,0,2.999999761581421,0.27015408873558044,0.04141426086425781
917,0,2.999999761581421,0.27015408873558044,0.02982538938522339
917,0,1.0,0.0871877372264862,0.006703689694404602
917,0,1.0,0.0871877372264862,0.001505047082901001
917,0,3.0,0.28532838821411133,0.02162042260169983
917,0,3.0,0.28532838821411133,0.055562540888786316
917,0,0.9999999403953552,0.09595653414726257,0.0032966136932373047
917,0,0.9999999403953552,0.09595653414726257,0.0066534727811813354
917,0,2.999999761581421,0.31721583008766174,0.04457564651966095
917,0,2.999999761581421,0.31721585988998413,0.05036501586437225
917,0,1.0,0.1001703068614006,0.0067856162786483765
917,0,1.0,0.1001703143119812,0.004049256443977356
917,0,2.999999761581421,0.27824538946151733,0.02464224398136139
917,0,2.999999761581421,0.27824538946151733,0.0497908741235733
917,0,1.0,0.09087945520877838,-0.00014129281044006348
917,0,1.0,0.09087945520877838,0.008957892656326294
917,0,3.000000238418579,0.3040394186973572,0.04507000744342804
917,0,3.000000238418579,0.3040394186973572,0.0430891215801239
917,0,0.9999999403953552,0.12486188858747482,0.018432363867759705
917,0,0.9999999403953552,0.12486188858747482,-0.0024734139442443848
917,0,3.0,0.3202536106109619,0.051602691411972046
917,0,3.0,0.3202536106109619,0.04491908848285675
917,0,1.0,0.09361416101455688,0.00030305981636047363
917,0,1.0,0.09361416101455688,0.009062528610229492
917,0,3.0,0.28133177757263184,0.030324026942253113
917,0,3.0,0.28133177757263184,0.04614397883415222
917,0,0.9999999403953552,0.11208344250917435,0.0007683932781219482
917,0,0.9999999403953552,0.11208343505859375,0.012518420815467834
917,0,3.0,0.3183993995189667,0.05604398250579834
917,0,3.0,0.3183993995189667,0.03918725252151489
917,0,0.9999999403953552,0.09661220014095306,0.007472887635231018
917,0,0.9999999403953552,0.09661220014095306,0.002590194344520569
917,0,3.0,0.29228922724723816,0.04336121678352356
917,0,3.0,0.29228922724723816,0.03883622586727142
917,0,0.9999999403953552,0.09131797403097153,0.013743773102760315
917,0,0.9999999403953552,0.09131797403097153,-0.00532105565071106
917,0,2.999999761581421,0.3046819865703583,0.056887298822402954
917,0,2.999999761581421,0.3046819865703583,0.030683398246765137
917,0,0.9999998807907104,0.09964736551046371,0.006459727883338928
917,0,0.9999998807907104,0.09964736551046371,0.0042687952518463135
917,0,3.000000238418579,0.28566306829452515,0.037643566727638245
873,0,0.9999999403953552,0.103846974670887,0.005414858460426331
873,0,0.9999999403953552,0.103846974670887,0.0024950504302978516
873,0,3.000000238418579,0.23954659700393677,0.021865829825401306
873,0,3.000000238418579,0.23954659700393677,0.018026962876319885
873,0,1.0,0.1049305722117424,-0.0021008551120758057
873,0,1.0,0.1049305722117424,0.009937509894371033
873,0,3.0,0.27594223618507385,0.021101579070091248
873,0,3.0,0.27594223618507385,0.030685529112815857
873,0,1.0,0.09597402811050415,0.0029042959213256836
873,0,1.0,0.09597402065992355,0.003876402974128723
873,0,3.0,0.2966410219669342,0.033037588000297546
873,0,3.0,0.2966410219669342,0.02618621289730072
873,0,1.0,0.09426309168338776,-0.00420689582824707
873,0,1.0,0.09426309168338776,0.010380268096923828
873,0,3.0,0.27896848320961,0.028259649872779846
873,0,3.0,0.27896848320961,0.024700790643692017
873,0,0.9999999403953552,0.09563795477151871,0.006815075874328613
873,0,0.9999999403953552,0.09563795477151871,-0.0001646578311920166
873,0,3.0,0.31380990147590637,0.04833650588989258
873,0,3.0,0.31380990147590637,0.015804797410964966
873,0,1.0,0.09085184335708618,0.0034087300300598145
873,0,1.0,0.09085184335708618,0.0026755332946777344
873,0,3.0,0.2843945324420929,0.023259729146957397
873,0,3.0,0.2843945622444153,0.03152734041213989
873,0,1.0,0.0840621292591095,0.002671852707862854
873,0,1.0,0.0840621292591095,0.002545773983001709
873,0,3.000000238418579,0.2931910455226898,0.029363706707954407
873,0,3.000000238418579,0.2931910753250122,0.0286751389503479
873,0,0.9999999403953552,0.11841726303100586,0.004190176725387573
873,0,0.9999999403953552,0.11841726303100586,0.00606594979763031
873,0,2.999999761581421,0.3484860062599182,0.038736552000045776
873,0,2.999999761581421,0.3484860062599182,0.040528640151023865
873,0,1.0,0.09910643845796585,0.008959904313087463
873,0,1.0,0.09910643845796585,-0.0019404739141464233
873,0,2.999999761581421,0.3036917448043823,0.03561992943286896
873,0,2.999999761581421,0.3036917448043823,0.026134058833122253
873,0,0.9999999403953552,0.10715824365615845,0.012810468673706055
873,0,0.9999999403953552,0.10715824365615845,-0.00492645800113678
873,0,2.999999761581421,0.2800838053226471,0.02609345316886902
873,0,2.999999761581421,0.2800838053226471,0.027274399995803833
873,0,1.0000001192092896,0.1150309145450592,0.0021363794803619385
873,0,1.0000001192092896,0.1150309145450592,0.007507115602493286
873,0,3.0,0.33717313408851624,0.0394892692565918
873,0,3.0,0.33717313408851624,0.03522215783596039
873,0,1.0,0.09204099327325821,0.00411243736743927
873,0,1.0,0.09204099327325821,0.0021244436502456665
873,0,3.0,0.2741636037826538,0.03573624789714813
873,0,3.0,0.2741636037826538,0.014918386936187744
873,0,1.0,0.11457981914281845,0.007339045405387878
873,0,1.0,0.11457981914281845,0.00223463773727417
873,0,3.0,0.27469074726104736,0.03384236991405487
873,0,3.0,0.27469077706336975,0.017233029007911682
873,0,0.9999999403953552,0.10440361499786377,0.009084910154342651
873,0,0.9999999403953552,0.10440361499786377,-0.001262381672859192
873,0,2.999999761581421,0.30413877964019775,0.033551186323165894
873,0,2.999999761581421,0.30413877964019775,0.028462469577789307
873,0,1.0,0.09069010615348816,0.0030922740697860718
873,0,1.0,0.09069010615348816,0.0029714852571487427
873,0,3.000000238418579,0.2394222468137741,0.019413411617279053
873,0,3.000000238418579,0.2394222468137741,0.020461872220039368
873,0,1.0,0.10443765670061111,0.0009656697511672974
873,0,1.0,0.10443765670061111,0.006985217332839966
873,0,3.0,0.3201826512813568,0.02104969322681427
950,0,1.0,0.09958285093307495,0.0025491267442703247
950,0,1.0,0.09958284348249435,0.01364395022392273
950,0,3.0,0.31019362807273865,0.0668897032737732
950,0,3.0,0.31019362807273865,0.06613148748874664
950,0,1.0000001192092896,0.09127845615148544,0.008111640810966492
950,0,1.0000001192092896,0.09127845615148544,0.005712345242500305
950,0,3.0,0.316787987947464,0.07125994563102722
950,0,3.0,0.316787987947464,0.06652487814426422
950,0,0.9999999403953552,0.11961943656206131,0.009583577513694763
950,0,0.9999999403953552,0.11961943656206131,0.013769373297691345
950,0,3.000000238418579,0.26890766620635986,0.0587708055973053
950,0,3.000000238418579,0.26890766620635986,0.04518143832683563
950,0,0.9999999403953552,0.11913836002349854,0.007544592022895813
950,0,0.9999999403953552,0.11913836002349854,0.015553086996078491
950,0,3.000000238418579,0.25264424085617065,0.05469593405723572
950,0,3.000000238418579,0.25264424085617065,0.038392454385757446
950,0,1.0,0.09667489677667618,0.007278233766555786
950,0,1.0,0.09667489677667618,0.008195057511329651
950,0,3.000000238418579,0.23787499964237213,0.04523251950740814
950,0,3.000000238418579,0.23787499964237213,0.03871874511241913
950,0,1.0,0.10107730329036713,0.0016326755285263062
950,0,1.0,0.10107730329036713,0.014954045414924622
950,0,3.0,0.3312020003795624,0.06392368674278259
950,0,3.0,0.3312020003795624,0.08405101299285889
950,0,1.0,0.08964672684669495,0.010169804096221924
950,0,1.0,0.08964672684669495,0.003101840615272522
950,0,3.000000238418579,0.2805256247520447,0.06848166882991791
950,0,3.000000238418579,0.2805256247520447,0.04278339445590973
950,0,1.0,0.08764047920703888,0.0077967047691345215
950,0,1.0,0.08764047920703888,0.004965588450431824
950,0,3.0,0.2620536684989929,0.06089143455028534
950,0,3.0,0.2620536684989929,0.03804807364940643
950,0,1.0,0.0860077291727066,0.00043363869190216064
950,0,1.0,0.0860077291727066,0.011670723557472229
950,0,3.0,0.2649659812450409,0.049270957708358765
950,0,3.0,0.2649659812450409,0.052264630794525146
950,0,0.9999999403953552,0.0820101648569107,0.008338555693626404
950,0,0.9999999403953552,0.0820101648569107,0.002827286720275879
950,0,3.0,0.3337011933326721,0.09113389253616333
950,0,3.0,0.3337011933326721,0.057910770177841187
950,0,1.0,0.092931367456913,0.014449089765548706
950,0,1.0,0.092931367456913,-0.000489354133605957
950,0,3.0,0.3182535469532013,0.06395892798900604
950,0,3.0,0.3182535469532013,0.0747859925031662
950,0,0.9999999403953552,0.08809040486812592,0.004037752747535706
950,0,0.9999999403953552,0.08809040486812592,0.008828550577163696
950,0,3.0,0.33443352580070496,0.07706908881664276
950,0,3.0,0.33443352580070496,0.0737668126821518
950,0,1.0,0.08935318887233734,0.009834900498390198
950,0,1.0,0.08935318887233734,0.0033646821975708008
950,0,3.000000238418579,0.31859806180000305,0.08629243075847626
950,0,3.000000238418579,0.31859806180000305,0.051420778036117554
950,0,0.9999999403953552,0.09495804458856583,0.012181907892227173
950,0,0.9999999403953552,0.09495804458856583,0.002610936760902405
950,0,3.0,0.2844606339931488,0.04817412793636322
950,0,3.0,0.2844606339931488,0.06622631847858429
950,0,1.0,0.09534676373004913,0.004181712865829468
950,0,1.0,0.09534676373004913,0.0108090341091156
950,0,3.0,0.26585713028907776,0.057134345173835754
950,0,3.0,0.26585716009140015,0.0448138564825058
950,0,1.0,0.11809443682432175,0.016403481364250183
950,0,1.0,0.11809444427490234,0.0062413811683654785
950,0,2.999999761581421,0.28415077924728394,0.054484158754348755
850,0,1.0,0.08965178579092026,0.014979183673858643
850,0,1.0,0.08965178579092026,0.017149269580841064
850,0,3.000000238418579,0.2763776481151581,0.10921452939510345
850,0,3.000000238418579,0.2763776481151581,0.11625665426254272
850,0,0.9999999403953552,0.07351216673851013,0.008594349026679993
850,0,0.9999999403953552,0.07351217418909073,0.013380065560340881
850,0,3.0,0.2818984091281891,0.1184273511171341
850,0,3.0,0.2818984091281891,0.11399827897548676
850,0,1.0,0.08799497783184052,0.015628233551979065
850,0,1.0,0.08799497783184052,0.015394717454910278
850,0,3.0,0.3538314998149872,0.16739065945148468
850,0,3.0,0.3538314998149872,0.15811149775981903
850,0,1.0,0.08318496495485306,0.01564408838748932
850,0,1.0,0.08318496495485306,0.012220129370689392
850,0,2.999999761581421,0.25272336602211,0.09964235126972198
850,0,2.999999761581421,0.25272336602211,0.0966726541519165
850,0,1.0,0.07960379123687744,0.013908132910728455
850,0,1.0,0.07960379123687744,0.011725157499313354
850,0,3.0,0.3626530170440674,0.16440652310848236
850,0,3.0,0.3626530170440674,0.1728346198797226
850,0,1.0,0.09488289058208466,0.02094125747680664
850,0,1.0,0.09488289058208466,0.014752328395843506
850,0,3.0,0.26198503375053406,0.10106082260608673
850,0,3.0,0.26198503375053406,0.10656893253326416
850,0,1.0,0.09871978312730789,0.023265093564987183
850,0,1.0,0.09871978312730789,0.01513943076133728
850,0,3.0,0.24308589100837708,0.09244602918624878
850,0,3.0,0.24308589100837708,0.09222207963466644
850,0,1.0,0.11060582101345062,0.027904734015464783
850,0,1.0,0.11060582101345062,0.01955033838748932
850,0,3.000000238418579,0.3508237302303314,0.157817080616951
850,0,3.000000238418579,0.3508237302303314,0.16374383866786957
850,0,1.0,0.09245822578668594,0.013901874423027039
850,0,1.0,0.09245822578668594,0.020092323422431946
850,0,3.0,0.3792321979999542,0.1835155040025711
850,0,3.0,0.37923216819763184,0.17591632902622223
850,0,0.9999999403953552,0.09641427546739578,0.01934206485748291
850,0,0.9999999403953552,0.09641427546739578,0.017501667141914368
850,0,3.0,0.2889828085899353,0.118171826004982
850,0,3.0,0.2889828085899353,0.12318716943264008
850,0,0.9999999403953552,0.10528291016817093,0.02153743803501129
850,0,0.9999999403953552,0.10528291016817093,0.021884486079216003
850,0,3.0,0.33351385593414307,0.1521196812391281
850,0,3.0,0.3335138261318207,0.14664684236049652
850,0,1.0,0.10989513993263245,0.022343680262565613
850,0,1.0,0.10989513993263245,0.024654999375343323
850,0,3.0,0.3150267004966736,0.13504134118556976
850,0,3.0,0.3150267004966736,0.1396627575159073
850,0,1.0,0.10401783138513565,0.023922011256217957
850,0,1.0,0.10401783138513565,0.018486961722373962
850,0,2.999999761581421,0.2691928446292877,0.10471737384796143
850,0,2.999999761581421,0.2691928446292877,0.11180126667022705
850,0,1.0,0.08641351014375687,0.011707305908203125
850,0,1.0,0.08641350269317627,0.01819494366645813
850,0,3.0,0.29012081027030945,0.1181551069021225
850,0,3.0,0.29012081027030945,0.12462858855724335
850,0,1.0,0.11986095458269119,0.024564877152442932
850,0,1.0,0.11986095458269119,0.03050076961517334
850,0,2.999999761581421,0.2556420564651489,0.09934258460998535
850,0,2.999999761581421,0.2556420564651489,0.10053965449333191
850,0,1.0,0.09335866570472717,0.016236841678619385
850,0,1.0,0.09335867315530777,0.01844184100627899
850,0,3.0,0.3919684886932373,0.18476398289203644
868,0,1.0,0.09457305073738098,0.018018968403339386
868,0,1.0,0.09457305073738098,0.014816664159297943
868,0,2.999999761581421,0.2836400866508484,0.10263963788747787
868,0,2.999999761581421,0.2836400866508484,0.11312728375196457
868,0,0.9999999403953552,0.0979347825050354,0.02869851142168045
868,0,0.9999999403953552,0.097934789955616,0.005353234708309174
868,0,3.0,0.2655573785305023,0.10019630938768387
868,0,3.0,0.2655573785305023,0.09496083110570908
868,0,0.9999999403953552,0.0921095460653305,0.007258772850036621
868,0,0.9999999403953552,0.0921095460653305,0.02350463718175888
868,0,3.0,0.2705068588256836,0.08830339461565018
868,0,3.0,0.2705068588256836,0.11187077313661575
868,0,1.0,0.08324556052684784,0.009025096893310547
868,0,1.0,0.08324556052684784,0.016682960093021393
868,0,3.0,0.2500130236148834,0.08951584249734879
868,0,3.0,0.2500130236148834,0.08820364624261856
868,0,1.0,0.09037976711988449,0.010101325809955597
868,0,1.0,0.09037976711988449,0.01988520473241806
868,0,3.0,0.3229120671749115,0.1300533190369606
868,0,3.0,0.3229120969772339,0.13196004182100296
868,0,0.9999999403953552,0.09371810406446457,0.00950334221124649
868,0,0.9999999403953552,0.09371810406446457,0.022477440536022186
868,0,3.000000238418579,0.2260308861732483,0.06951761990785599
868,0,3.000000238418579,0.2260308861732483,0.08175235241651535
868,0,1.0,0.07472354173660278,0.011132635176181793
868,0,1.0,0.07472354173660278,0.009876511991024017
868,0,3.000000238418579,0.3129710555076599,0.12232624739408493
868,0,3.000000238418579,0.3129710555076599,0.12784882634878159
868,0,1.0,0.09837451577186584,0.018864743411540985
868,0,1.0,0.09837451577186584,0.01649484783411026
868,0,3.0,0.30283087491989136,0.11501172930002213
868,0,3.0,0.30283087491989136,0.12316638976335526
868,0,1.0,0.08117120712995529,0.009924061596393585
868,0,1.0,0.08117120712995529,0.014644436538219452
868,0,2.999999761581421,0.33475667238235474,0.1277252957224846
868,0,2.999999761581421,0.33475667238235474,0.14806074649095535
868,0,1.0,0.09830884635448456,0.020448483526706696
868,0,1.0,0.09830884635448456,0.014818154275417328
868,0,3.0,0.3163497745990753,0.13272110372781754
868,0,3.0,0.3163497745990753,0.12135732918977737
868,0,1.0,0.09468095749616623,0.015414141118526459
868,0,1.0,0.09468095749616623,0.017502985894680023
868,0,3.0,0.2615545690059662,0.10183820873498917
868,0,3.0,0.2615545690059662,0.08861526101827621
868,0,1.0,0.09885507076978683,0.0170978382229805
868,0,1.0,0.09885507822036743,0.018591351807117462
868,0,3.000000238418579,0.25998085737228394,0.0886465534567833
868,0,3.000000238418579,0.2599808871746063,0.10008365660905838
868,0,1.0,0.10150685161352158,0.01859266310930252
868,0,1.0,0.10150685161352158,0.018905512988567352
868,0,2.999999761581421,0.3149257302284241,0.12685617059469223
868,0,2.999999761581421,0.3149257302284241,0.12566465884447098
868,0,1.0,0.1139826774597168,0.023309580981731415
868,0,1.0,0.1139826774597168,0.023142285645008087
868,0,2.999999761581421,0.36044248938560486,0.14955595880746841
868,0,2.999999761581421,0.36044248938560486,0.15766773372888565
868,0,0.9999998807907104,0.117819644510746,0.03072545677423477
868,0,0.9999998807907104,0.1178196370601654,0.018353305757045746
868,0,3.0,0.2643652856349945,0.11243174225091934
868,0,3.0,0.2643652856349945,0.08018278330564499
868,0,1.0,0.11128569394350052,0.015081651508808136
868,0,1.0,0.11128569394350052,0.02902022749185562
868,0,3.000000238418579,0.29132965207099915,0.1269230917096138
928,0,1.0,0.09529673308134079,0.0053475648164749146
928,0,1.0,0.09529673308134079,0.005292728543281555
928,0,3.0,0.2897460162639618,0.03732486069202423
928,0,3.0,0.2897460162639618,0.04941141605377197
928,0,0.9999999403953552,0.10391678661108017,0.0010881125926971436
928,0,0.9999999403953552,0.10391678661108017,0.011344492435455322
928,0,3.0,0.3308905363082886,0.06328918039798737
928,0,3.0,0.3308905363082886,0.0459207147359848
928,0,0.9999999403953552,0.11602354049682617,0.00871703028678894
928,0,0.9999999403953552,0.11602354049682617,0.0069150179624557495
928,0,3.000000238418579,0.24046123027801514,0.01617017388343811
928,0,3.000000238418579,0.24046123027801514,0.04485832154750824
928,0,1.0,0.09563922882080078,0.002253487706184387
928,0,1.0,0.09563922882080078,0.0083981454372406
928,0,2.999999761581421,0.3098828196525574,0.04023253917694092
928,0,2.999999761581421,0.3098828196525574,0.057205572724342346
928,0,0.9999999403953552,0.08050034940242767,-0.0013492554426193237
928,0,0.9999999403953552,0.08050034940242767,0.008805125951766968
928,0,2.999999761581421,0.2519513964653015,0.03711692988872528
928,0,2.999999761581421,0.2519513964653015,0.030536651611328125
928,0,0.9999999403953552,0.07363268733024597,0.00043489038944244385
928,0,0.9999999403953552,0.07363268733024597,0.005912765860557556
928,0,3.000000238418579,0.29059091210365295,0.05776691436767578
928,0,3.000000238418579,0.29059088230133057,0.028458163142204285
928,0,1.0,0.08126633614301682,0.0020387619733810425
928,0,1.0,0.08126633614301682,0.005714356899261475
928,0,3.0,0.27070289850234985,0.048768386244773865
928,0,3.0,0.27070289850234985,0.02765718102455139
928,0,1.0,0.10108726471662521,0.0075865983963012695
928,0,1.0,0.10108726471662521,0.004341438412666321
928,0,3.000000238418579,0.27800223231315613,0.022172048687934875
928,0,3.000000238418579,0.27800223231315613,0.05695463716983795
928,0,1.0,0.09830773621797562,0.011175692081451416
928,0,1.0,0.09830773621797562,-7.943809032440186e-05
928,0,3.0,0.3006395995616913,0.0575394332408905
928,0,3.0,0.3006395995616913,0.03452658653259277
928,0,1.0,0.11913352459669113,0.00866737961769104
928,0,1.0,0.11913352459669113,0.00779511034488678
928,0,3.0,0.22949416935443878,0.024532437324523926
928,0,3.0,0.22949416935443878,0.0325050950050354
928,0,1.0,0.09724726527929306,0.0017011463642120361
928,0,1.0,0.09724726527929306,0.009274005889892578
928,0,3.000000238418579,0.2495986670255661,0.031110823154449463
928,0,3.000000238418579,0.2495986670255661,0.03543783724308014
928,0,1.0,0.10746622085571289,0.015406489372253418
928,0,1.0,0.10746622085571289,-0.0024773329496383667
928,0,3.000000238418579,0.3413563668727875,0.04764588177204132
928,0,3.000000238418579,0.3413563668727875,0.06747336685657501
928,0,0.9999999403953552,0.1098618432879448,0.0034874826669692993
928,0,0.9999999403953552,0.1098618432879448,0.010489046573638916
928,0,3.0,0.2723391652107239,0.04437893629074097
928,0,3.0,0.2723391652107239,0.033328354358673096
928,0,1.0,0.10133341699838638,0.0025529861450195312
928,0,1.0,0.10133341699838638,0.009371519088745117
928,0,3.000000238418579,0.33912375569343567,0.08506961166858673
928,0,3.000000238418579,0.33912375569343567,0.024649113416671753
928,0,0.9999999403953552,0.1040390282869339,0.00643688440322876
928,0,0.9999999403953552,0.1040390282869339,0.006201580166816711
928,0,3.0,0.32687199115753174,0.059588223695755005
928,0,3.0,0.32687199115753174,0.04753419756889343
928,0,1.0,0.11252571642398834,0.009669587016105652
928,0,1.0,0.11252571642398834,0.005025997757911682
928,0,3.0,0.2987001836299896,0.03928445279598236
889,0,0.9999999403953552,0.09879909455776215,0.0097532719373703
889,0,0.9999999403953552,0.09879909455776215,0.015673264861106873
889,0,3.0,0.2638465464115143,0.08796797692775726
889,0,3.0,0.2638465464115143,0.059646084904670715
889,0,1.0,0.09689383208751678,0.02210298180580139
889,0,1.0,0.09689383208751678,0.0017294138669967651
889,0,3.0,0.3306279480457306,0.09200796484947205
889,0,3.0,0.3306279480457306,0.1201481968164444
889,0,1.0,0.09951763600111008,0.017352581024169922
889,0,1.0,0.09951763600111008,0.008349746465682983
889,0,2.999999761581421,0.31817230582237244,0.11309166252613068
889,0,2.999999761581421,0.31817230582237244,0.08676593005657196
889,0,0.9999999403953552,0.09881921857595444,0.019354835152626038
889,0,0.9999999403953552,0.09881921857595444,0.005824834108352661
889,0,3.0,0.29789379239082336,0.08912456035614014
889,0,3.0,0.29789379239082336,0.09165120124816895
889,0,1.0,0.09689702838659286,0.015879377722740173
889,0,1.0,0.09689702838659286,0.008584871888160706
889,0,2.999999761581421,0.35157039761543274,0.12472482025623322
889,0,2.999999761581421,0.35157039761543274,0.10915817320346832
889,0,1.0,0.0860077515244484,0.008257687091827393
889,0,1.0,0.0860077515244484,0.011252477765083313
889,0,3.0,0.30346494913101196,0.09935171902179718
889,0,3.0,0.30346494913101196,0.08665353059768677
889,0,0.9999999403953552,0.10266590118408203,0.023987814784049988
889,0,0.9999999403953552,0.10266590118408203,0.0026521533727645874
889,0,3.0,0.24153049290180206,0.06600163877010345
889,0,3.0,0.24153049290180206,0.06234806776046753
889,0,1.0,0.08490914851427078,0.00853477418422699
889,0,1.0,0.08490914851427078,0.01050548255443573
889,0,3.0,0.2764010727405548,0.08593200147151947
889,0,3.0,0.2764010727405548,0.07419201731681824
889,0,1.0,0.10776878893375397,0.019473180174827576
889,0,1.0,0.10776878893375397,0.010463163256645203
889,0,3.000000238418579,0.2744552195072174,0.08646036684513092
889,0,3.000000238418579,0.2744552195072174,0.07174243032932281
889,0,1.0,0.09420653432607651,0.00879901647567749
889,0,1.0,0.09420653432607651,0.01441250741481781
889,0,2.999999761581421,0.2666456699371338,0.08333536982536316
889,0,2.999999761581421,0.2666456699371338,0.06754229962825775
889,0,1.0,0.10238941013813019,0.017128363251686096
889,0,1.0,0.10238941013813019,0.010070189833641052
889,0,3.0,0.2822674810886383,0.09685006737709045
889,0,3.0,0.2822674810886383,0.06800289452075958
889,0,0.9999999403953552,0.08767136186361313,0.014454290270805359
889,0,0.9999999403953552,0.08767136186361313,0.005670860409736633
889,0,3.0,0.2681991159915924,0.07687367498874664
889,0,3.0,0.2681991159915924,0.07574538886547089
889,0,1.0,0.10836849361658096,0.014359459280967712
889,0,1.0,0.10836849361658096,0.01602897047996521
889,0,2.999999761581421,0.3262080252170563,0.11087863147258759
889,0,2.999999761581421,0.3262080252170563,0.09750950336456299
889,0,1.0,0.09005500376224518,0.011363089084625244
889,0,1.0,0.09005500376224518,0.009969651699066162
889,0,2.999999761581421,0.20867200195789337,0.06024283170700073
889,0,2.999999761581421,0.20867200195789337,0.03928893804550171
889,0,1.0,0.10844819247722626,0.011235430836677551
889,0,1.0,0.10844819992780685,0.019094854593276978
889,0,3.000000238418579,0.297097772359848,0.09030933678150177
889,0,3.000000238418579,0.297097772359848,0.08970426023006439
889,0,0.9999999403953552,0.1024974063038826,0.020563781261444092
889,0,0.9999999403953552,0.102497398853302,0.006431221961975098
889,0,3.0,0.2721042335033417,0.08085410296916962
960,0,1.0,0.08363200724124908,0.013092026114463806
960,0,1.0,0.08363200724124908,-0.001781746745109558
960,0,3.000000238418579,0.26726052165031433,0.06303535401821136
960,0,3.000000238418579,0.26726052165031433,0.03951333463191986
960,0,1.0,0.09395191818475723,0.0020331591367721558
960,0,1.0,0.09395191818475723,0.012451767921447754
960,0,3.0,0.2549920380115509,0.05173599720001221
960,0,3.0,0.2549920380115509,0.043295979499816895
960,0,1.0,0.11905282735824585,0.0003128647804260254
960,0,1.0,0.11905282735824585,0.022136017680168152
960,0,3.0,0.28210583329200745,0.05096498131752014
960,0,3.0,0.28210583329200745,0.062240615487098694
960,0,1.0,0.09779506921768188,0.010565415024757385
960,0,1.0,0.09779506921768188,0.005243897438049316
960,0,3.000000238418579,0.24778543412685394,0.055961862206459045
960,0,3.000000238418579,0.24778543412685394,0.03384467959403992
960,0,0.9999999403953552,0.08533970266580582,0.002002149820327759
960,0,0.9999999403953552,0.08533970266580582,0.010040491819381714
960,0,3.000000238418579,0.266038179397583,0.04751311242580414
960,0,3.000000238418579,0.266038179397583,0.05485235154628754
960,0,0.9999999403953552,0.09959085285663605,0.009969741106033325
960,0,0.9999999403953552,0.09959085285663605,0.006437420845031738
960,0,3.0,0.2964141070842743,0.05963714420795441
960,0,3.0,0.2964141070842743,0.06371435523033142
960,0,1.0,0.07851597666740417,0.0051453858613967896
960,0,1.0,0.07851597666740417,0.0051710158586502075
960,0,3.0,0.3489437997341156,0.0864076018333435
960,0,3.0,0.3489437699317932,0.07551251351833344
960,0,1.0,0.10456066578626633,0.014938443899154663
960,0,1.0,0.10456065833568573,0.0028838515281677246
960,0,3.0,0.25611692667007446,0.051446765661239624
960,0,3.0,0.2561168968677521,0.04434885084629059
960,0,1.0,0.10087155550718307,0.011945575475692749
960,0,1.0,0.10087155550718307,0.004812464118003845
960,0,3.0,0.2617149353027344,0.04397881031036377
960,0,3.0,0.2617149353027344,0.055406227707862854
960,0,0.9999999403953552,0.0879746749997139,0.009015217423439026
960,0,0.9999999403953552,0.0879746675491333,0.0038357526063919067
960,0,2.999999761581421,0.28763896226882935,0.061293646693229675
960,0,2.999999761581421,0.28763896226882935,0.05587424337863922
960,0,0.9999999403953552,0.09906095266342163,0.0038082748651504517
960,0,0.9999999403953552,0.09906095266342163,0.012330815196037292
960,0,3.000000238418579,0.25178131461143494,0.06293672323226929
960,0,3.000000238418579,0.25178131461143494,0.02854745090007782
960,0,1.0,0.0802760049700737,0.0022682547569274902
960,0,1.0,0.0802760049700737,0.008443966507911682
960,0,3.000000238418579,0.34742841124534607,0.0790197104215622
960,0,3.000000238418579,0.34742841124534607,0.08186885714530945
960,0,1.0,0.1065613403916359,0.011511042714118958
960,0,1.0,0.1065613403916359,0.007193759083747864
960,0,3.0,0.3158450126647949,0.054922595620155334
960,0,3.0,0.3158450126647949,0.08158878982067108
960,0,0.9999999403953552,0.0904475599527359,0.005006447434425354
960,0,0.9999999403953552,0.0904475599527359,0.008586391806602478
960,0,3.0,0.2953159511089325,0.05304829776287079
960,0,3.0,0.2953159213066101,0.06922873854637146
960,0,1.0,0.09434419125318527,0.008547797799110413
960,0,1.0,0.09434419125318527,0.0062264204025268555
960,0,2.999999761581421,0.3343605399131775,0.07269890606403351
960,0,2.999999761581421,0.3343605399131775,0.07829985022544861
960,0,1.0,0.09266391396522522,0.012054502964019775
960,0,1.0,0.09266391396522522,0.002054348587989807
960,0,3.0,0.30010315775871277,0.04964567720890045
811,0,1.0,0.08823549747467041,0.008547082543373108
811,0,1.0,0.08823549747467041,0.002135857939720154
811,0,3.0,0.229934424161911,0.01744765043258667
811,0,3.0,0.229934424161911,0.0479293018579483
811,0,1.0,0.09285088628530502,0.007997214794158936
811,0,1.0,0.09285088628530502,0.003857150673866272
811,0,3.0,0.28239166736602783,0.033122092485427856
811,0,3.0,0.28239166736602783,0.06198155879974365
811,0,1.0,0.10022276639938354,0.01315566897392273
811,0,1.0,0.10022276639938354,0.00037460029125213623
811,0,3.000000238418579,0.2499765306711197,0.041435033082962036
811,0,3.000000238418579,0.2499765306711197,0.03604024648666382
811,0,0.9999999403953552,0.12233109027147293,0.014065459370613098
811,0,0.9999999403953552,0.12233108282089233,0.006169110536575317
811,0,3.0,0.279353529214859,0.052172526717185974
811,0,3.0,0.2793534994125366,0.042073801159858704
811,0,0.9999999403953552,0.09527280181646347,0.009058117866516113
811,0,0.9999999403953552,0.09527280181646347,0.003386363387107849
811,0,3.0,0.2372930347919464,0.040647536516189575
811,0,3.0,0.2372930347919464,0.029781430959701538
811,0,1.0,0.09427732229232788,0.0058411359786987305
811,0,1.0,0.09427732229232788,0.006401583552360535
811,0,2.999999761581421,0.3504922091960907,0.07936851680278778
811,0,2.999999761581421,0.3504922091960907,0.05944642424583435
811,0,0.9999999403953552,0.10759653151035309,0.015095487236976624
811,0,0.9999999403953552,0.10759653151035309,0.0004008263349533081
811,0,3.000000238418579,0.29921165108680725,0.06969024240970612
811,0,3.000000238418579,0.29921165108680725,0.035180360078811646
811,0,1.0,0.09366275370121002,0.0018730312585830688
811,0,1.0,0.09366275370121002,0.01010197401046753
811,0,3.0,0.31461238861083984,0.0759849101305008
811,0,3.0,0.31461238861083984,0.03823833167552948
811,0,1.0000001192092896,0.08778969198465347,-0.0001796931028366089
811,0,1.0000001192092896,0.08778969198465347,0.01062987744808197
811,0,3.0,0.3519664406776428,0.081395223736763
811,0,3.0,0.3519664406776428,0.05824077129364014
811,0,0.9999999403953552,0.09082889556884766,0.004577025771141052
811,0,0.9999999403953552,0.09082889556884766,0.006795361638069153
811,0,3.0,0.3544893264770508,0.07098603248596191
811,0,3.0,0.3544893264770508,0.07095959782600403
811,0,1.0,0.09267573803663254,0.007994741201400757
811,0,1.0,0.09267573803663254,0.0038151592016220093
811,0,3.0,0.26708823442459106,0.04621356725692749
811,0,3.0,0.26708823442459106,0.040952831506729126
811,0,1.0,0.11965793371200562,0.008833542466163635
811,0,1.0,0.11965793371200562,0.010645061731338501
811,0,3.0,0.3302892744541168,0.07283705472946167
811,0,3.0,0.3302892744541168,0.05268636345863342
811,0,1.0,0.10393019765615463,0.007105320692062378
811,0,1.0,0.10393019765615463,0.007708355784416199
811,0,3.000000238418579,0.2832476794719696,0.0373845249414444
811,0,3.000000238418579,0.2832476794719696,0.05872143805027008
811,0,0.9999999403953552,0.08013802766799927,0.0017631947994232178
811,0,0.9999999403953552,0.08013802766799927,0.007085934281349182
811,0,3.000000238418579,0.2808760106563568,0.051653385162353516
811,0,3.000000238418579,0.2808760106563568,0.043543994426727295
811,0,1.0,0.09596290439367294,0.014339610934257507
811,0,1.0,0.09596290439367294,-0.0021122992038726807
811,0,3.0,0.34197506308555603,0.0846850574016571
811,0,3.0,0.34197506308555603,0.0473003089427948
811,0,1.0,0.0749903991818428,0.005777522921562195
811,0,1.0,0.0749903991818428,0.002003401517868042
811,0,3.0,0.2972748279571533,0.04952894151210785
944,0,1.0,0.10446703433990479,-0.0004206746816635132
944,0,1.0,0.10446703433990479,0.008113846182823181
944,0,3.0,0.3284081816673279,0.028800517320632935
944,0,3.0,0.3284081816673279,0.040627121925354004
944,0,1.0,0.0962381362915039,0.002451196312904358
944,0,1.0,0.0962381362915039,0.00419481098651886
944,0,3.0,0.2574751377105713,0.027798637747764587
944,0,3.0,0.2574751377105713,0.016596302390098572
944,0,1.0,0.11420023441314697,0.008820667862892151
944,0,1.0,0.11420023441314697,0.0003762245178222656
944,0,3.0,0.29399317502975464,0.01511719822883606
944,0,3.0,0.29399317502975464,0.040848150849342346
944,0,1.0,0.09611496329307556,0.008865520358085632
944,0,1.0,0.09611496329307556,-0.002457141876220703
944,0,3.000000238418579,0.24338148534297943,0.014588013291358948
944,0,3.000000238418579,0.24338148534297943,0.025369316339492798
944,0,1.0,0.10347811132669449,0.005058899521827698
944,0,1.0,0.10347811877727509,0.0026062726974487305
944,0,3.0,0.3399379849433899,0.032300904393196106
944,0,3.0,0.3399379849433899,0.04165063798427582
944,0,0.9999999403953552,0.10714922100305557,0.004383206367492676
944,0,0.9999999403953552,0.10714922100305557,0.0038383007049560547
944,0,2.999999761581421,0.2558671534061432,0.02752251923084259
944,0,2.999999761581421,0.2558671236038208,0.016356229782104492
944,0,0.9999999403953552,0.0878443568944931,0.005826741456985474
944,0,0.9999999403953552,0.0878443568944931,-0.00034151971340179443
944,0,3.0,0.3038468062877655,0.03092990815639496
944,0,3.0,0.3038468062877655,0.029557958245277405
944,0,1.0,0.09576402604579926,0.003622680902481079
944,0,1.0,0.09576402604579926,0.0029632896184921265
944,0,3.0,0.2442111074924469,0.017285823822021484
944,0,3.0,0.2442111074924469,0.02305901050567627
944,0,0.9999999403953552,0.09169205278158188,-0.0006892681121826172
944,0,0.9999999403953552,0.09169204533100128,0.006638720631599426
944,0,3.000000238418579,0.2847733497619629,0.024788066744804382
944,0,3.000000238418579,0.2847733497619629,0.028912454843521118
944,0,1.0,0.10682258754968643,0.0036679357290267944
944,0,1.0,0.10682258754968643,0.004503518342971802
944,0,3.000000238418579,0.25955671072006226,0.019729405641555786
944,0,3.000000238418579,0.25955671072006226,0.02548237144947052
944,0,0.9999999403953552,0.10520195960998535,0.009459242224693298
944,0,0.9999999403953552,0.10520195960998535,-0.0017498880624771118
944,0,3.0,0.2933122515678406,0.034004583954811096
944,0,3.0,0.2933122515678406,0.022514760494232178
944,0,0.9999999403953552,0.09101314097642899,-0.0014660507440567017
944,0,0.9999999403953552,0.09101314097642899,0.0072867125272750854
944,0,3.000000238418579,0.39319083094596863,0.04155366122722626
944,0,3.000000238418579,0.39319083094596863,0.0540274977684021
944,0,0.9999998807907104,0.10085923969745636,0.0068002790212631226
944,0,0.9999998807907104,0.10085923969745636,0.00042526423931121826
944,0,2.999999761581421,0.38154885172843933,0.0565505176782608
944,0,2.999999761581421,0.38154885172843933,0.03362147510051727
944,0,1.0,0.08905582875013351,0.0008128583431243896
944,0,1.0,0.08905582875013351,0.004863351583480835
944,0,3.000000238418579,0.2880304455757141,0.019600823521614075
944,0,3.000000238418579,0.2880304455757141,0.03490583598613739
944,0,1.0,0.10274817049503326,0.006196543574333191
944,0,1.0,0.10274817049503326,0.0013311058282852173
944,0,2.999999761581421,0.3598707914352417,0.05482274293899536
944,0,2.999999761581421,0.3598707914352417,0.026003465056419373
944,0,1.0,0.10112477093935013,-0.0016905814409255981
944,0,1.0,0.10112477093935013,0.008830800652503967
944,0,3.0,0.2750510573387146,0.03657931089401245
881,0,1.0,0.07181942462921143,0.007328853011131287
881,0,1.0,0.07181942462921143,0.008372262120246887
881,0,3.0,0.2427961826324463,0.07259680330753326
881,0,3.0,0.2427961826324463,0.07126934826374054
881,0,1.0,0.07391021400690079,0.012822851538658142
881,0,1.0,0.07391021400690079,0.003620937466621399
881,0,2.999999761581421,0.28970327973365784,0.07399266958236694
881,0,2.999999761581421,0.28970327973365784,0.11502231657505035
881,0,1.0,0.10460204631090164,0.019502758979797363
881,0,1.0,0.10460204631090164,0.012693196535110474
881,0,2.999999761581421,0.33136606216430664,0.12118849158287048
881,0,2.999999761581421,0.33136606216430664,0.11364103853702545
881,0,1.0,0.12041205912828445,0.019533738493919373
881,0,1.0,0.12041205912828445,0.022459357976913452
881,0,3.0,0.29380980134010315,0.08949531614780426
881,0,3.0,0.29380980134010315,0.10539790987968445
881,0,0.9999999403953552,0.10393744707107544,0.01595039665699005
881,0,0.9999999403953552,0.10393744707107544,0.015941545367240906
881,0,3.0,0.2539287507534027,0.07902948558330536
881,0,3.0,0.2539287507534027,0.0757131278514862
881,0,1.0,0.07869743555784225,0.009835794568061829
881,0,1.0,0.07869743555784225,0.008907437324523926
881,0,3.0,0.33293506503105164,0.12122175097465515
881,0,3.0,0.33293506503105164,0.11531856656074524
881,0,1.0,0.08519650250673294,0.00547713041305542
881,0,1.0,0.08519650250673294,0.01615297794342041
881,0,3.0,0.34939664602279663,0.12170839309692383
881,0,3.0,0.34939664602279663,0.13258308172225952
881,0,1.0,0.10636846721172333,0.02127186954021454
881,0,1.0,0.10636846721172333,0.011885881423950195
881,0,3.0,0.317165344953537,0.11291554570198059
881,0,3.0,0.3171653151512146,0.10675501823425293
881,0,1.0,0.08947032690048218,0.01271006464958191
881,0,1.0,0.08947032690048218,0.01127287745475769
881,0,3.0,0.24583928287029266,0.07858380675315857
881,0,3.0,0.24583929777145386,0.06810355186462402
881,0,0.9999999403953552,0.10201817005872726,0.016675233840942383
881,0,0.9999999403953552,0.10201817005872726,0.014101624488830566
881,0,3.0,0.34118035435676575,0.11018133163452148
881,0,3.0,0.34118035435676575,0.13469377160072327
881,0,1.0,0.09055975824594498,0.013755962252616882
881,0,1.0,0.09055975824594498,0.010776132345199585
881,0,3.000000238418579,0.2652285397052765,0.0740823894739151
881,0,3.000000238418579,0.2652285397052765,0.09154786169528961
881,0,1.0,0.09795601665973663,0.016477301716804504
881,0,1.0,0.09795601665973663,0.01199430227279663
881,0,3.000000238418579,0.2800654172897339,0.09743781387805939
881,0,3.000000238418579,0.2800654172897339,0.08335046470165253
881,0,1.0,0.1082201823592186,0.02199403941631317
881,0,1.0,0.1082201823592186,0.012251675128936768
881,0,3.0,0.30436238646507263,0.10078680515289307
881,0,3.0,0.30436238646507263,0.10538199543952942
881,0,1.0,0.08593914657831192,0.006482407450675964
881,0,1.0,0.08593914657831192,0.015572220087051392
881,0,3.0,0.3113692104816437,0.1014968603849411
881,0,3.0,0.3113692104816437,0.11195583641529083
881,0,0.9999998807907104,0.11296425014734268,0.02469155192375183
881,0,0.9999998807907104,0.11296425014734268,0.012338593602180481
881,0,3.0,0.24858161807060242,0.0730978399515152
881,0,3.0,0.24858161807060242,0.07639126479625702
881,0,0.9999999403953552,0.0867655947804451,0.010731697082519531
881,0,0.9999999403953552,0.0867655947804451,0.011883094906806946
881,0,3.0,0.2730715572834015,0.09310689568519592
882,0,1.0,0.10213650017976761,0.0011564642190933228
882,0,1.0,0.10213650017976761,0.005543246865272522
882,0,3.000000238418579,0.39965030550956726,0.04094524681568146
882,0,3.000000238418579,0.3996511995792389,0.048418641090393066
882,0,0.9999999403953552,0.08699007332324982,0.0025355666875839233
882,0,0.9999999403953552,0.08699007332324982,0.0023664534091949463
882,0,3.0,0.2700851857662201,0.020526856184005737
882,0,3.0,0.2699786126613617,0.023472219705581665
882,0,1.0,0.1026252880692482,0.0017005950212478638
882,0,1.0,0.1026252880692482,0.005077257752418518
882,0,3.0,0.27663007378578186,0.01707756519317627
882,0,3.0,0.27663007378578186,0.02876114845275879
882,0,0.9999999403953552,0.09989982098340988,-0.0007539242506027222
882,0,0.9999999403953552,0.09989982098340988,0.0070880502462387085
882,0,2.999999761581421,0.2808808982372284,0.012282565236091614
882,0,2.999999761581421,0.2808808982372284,0.03431984782218933
882,0,1.0,0.08754847943782806,0.006223753094673157
882,0,1.0,0.08754847943782806,-0.0013649463653564453
882,0,3.0,0.29530924558639526,0.02933157980442047
882,0,3.0,0.29525208473205566,0.0225391685962677
882,0,1.0,0.09973183274269104,0.008432850241661072
882,0,1.0,0.09973183274269104,-0.0022150129079818726
882,0,2.999999761581421,0.334114670753479,0.032924577593803406
882,0,2.999999761581421,0.3342830240726471,0.032110124826431274
882,0,0.9999999403953552,0.08507213741540909,0.002337425947189331
882,0,0.9999999403953552,0.08507213741540909,0.0023527294397354126
882,0,3.000000238418579,0.30832332372665405,0.02192145586013794
882,0,3.000000238418579,0.30832332372665405,0.034078940749168396
882,0,1.0,0.09755208343267441,0.006896719336509705
882,0,1.0,0.09755208343267441,-0.0008562207221984863
882,0,3.000000238418579,0.25191134214401245,0.024119257926940918
882,0,3.000000238418579,0.25191134214401245,0.014411553740501404
882,0,0.9999999403953552,0.08743035048246384,0.0010285377502441406
882,0,0.9999999403953552,0.08743035048246384,0.00390760600566864
882,0,3.0,0.24692457914352417,0.017269492149353027
882,0,3.0,0.24692457914352417,0.019979506731033325
882,0,1.0,0.08629199862480164,0.0034044235944747925
882,0,1.0,0.08629199862480164,0.0014126747846603394
882,0,3.0,0.3437840938568115,0.033047154545784
882,0,3.0,0.3437840938568115,0.0354297012090683
882,0,0.9999999403953552,0.09533032029867172,-0.0011052638292312622
882,0,0.9999999403953552,0.09533032029867172,0.006865382194519043
882,0,3.0,0.27755045890808105,0.014877647161483765
882,0,3.0,0.27755045890808105,0.031046107411384583
882,0,1.0,0.08282298594713211,0.001682579517364502
882,0,1.0,0.08282298594713211,0.0027626901865005493
882,0,3.0,0.2890177071094513,0.023819416761398315
882,0,3.0,0.2890177071094513,0.026112094521522522
882,0,0.9999999403953552,0.095234714448452,0.0012668222188949585
882,0,0.9999999403953552,0.095234714448452,0.004577919840812683
882,0,2.999999761581421,0.2841199040412903,0.010114654898643494
882,0,2.999999761581421,0.28406745195388794,0.03709736466407776
882,0,1.0,0.06212259829044342,0.0002732276916503906
882,0,1.0,0.06212259829044342,0.002230823040008545
882,0,3.0,0.3270007073879242,0.030256927013397217
882,0,3.0,0.32701465487480164,0.03231479227542877
882,0,0.9999999403953552,0.07881119847297668,0.004184067249298096
882,0,0.9999999403953552,0.07881119847297668,-0.0001892000436782837
882,0,3.0,0.2723435163497925,0.02872633934020996
882,0,3.0,0.2723495066165924,0.015744447708129883
882,0,0.9999999403953552,0.10472937673330307,0.006685689091682434
882,0,0.9999999403953552,0.10472937673330307,0.00031700730323791504
882,0,3.0,0.3011247217655182,0.026509016752243042
898,0,1.0,0.08259276300668716,0.015414603054523468
898,0,1.0,0.08259276300668716,0.011254362761974335
898,0,3.0,0.32935959100723267,0.13630890101194382
898,0,3.0,0.32935959100723267,0.14325620979070663
898,0,0.9999999403953552,0.10861542075872421,0.02169448882341385
898,0,0.9999999403953552,0.10861542075872421,0.022852517664432526
898,0,3.0,0.32876336574554443,0.13241276890039444
898,0,3.0,0.32876336574554443,0.14627619832754135
898,0,1.0,0.09791664034128189,0.018233679234981537
898,0,1.0,0.09791664034128189,0.01853727549314499
898,0,3.0,0.3271156847476959,0.14387216418981552
898,0,3.0,0.3271156847476959,0.13285686820745468
898,0,1.0,0.10838371515274048,0.025693006813526154
898,0,1.0,0.10838371515274048,0.01859010010957718
898,0,3.0,0.2868906557559967,0.11966823786497116
898,0,3.0,0.2868906557559967,0.10822366923093796
898,0,1.0,0.10991916805505753,0.015282966196537018
898,0,1.0,0.10991916805505753,0.029867835342884064
898,0,3.0,0.3022703230381012,0.12408923357725143
898,0,3.0,0.3022703230381012,0.12243152409791946
898,0,1.0,0.12043827772140503,0.028169699013233185
898,0,1.0,0.12043827772140503,0.025610975921154022
898,0,2.999999761581421,0.3167223632335663,0.12660246342420578
898,0,2.999999761581421,0.3167223632335663,0.13737951964139938
898,0,1.0,0.09263674914836884,0.016249530017375946
898,0,1.0,0.09263674914836884,0.016903139650821686
898,0,2.999999761581421,0.2868807911872864,0.11704189330339432
898,0,2.999999761581421,0.2868807911872864,0.11094052344560623
898,0,1.0,0.10767224431037903,0.027497626841068268
898,0,1.0,0.10767224431037903,0.016106314957141876
898,0,3.000000238418579,0.2881260812282562,0.11184332519769669
898,0,3.000000238418579,0.2881260812282562,0.11763139814138412
898,0,1.0,0.11324898153543472,0.028692878782749176
898,0,1.0,0.11324897408485413,0.019240938127040863
898,0,3.0,0.3171275854110718,0.13312151283025742
898,0,3.0,0.3171275854110718,0.13147056847810745
898,0,1.0,0.10145895183086395,0.014940537512302399
898,0,1.0,0.10145895183086395,0.024182729423046112
898,0,3.000000238418579,0.27754655480384827,0.11918611079454422
898,0,3.000000238418579,0.27754655480384827,0.09719447046518326
898,0,1.0,0.09784357994794846,0.015989981591701508
898,0,1.0,0.09784357994794846,0.0206887349486351
898,0,2.999999761581421,0.2413981705904007,0.08602239936590195
898,0,2.999999761581421,0.2413981705904007,0.08889956027269363
898,0,1.0,0.0893082395195961,0.018926121294498444
898,0,1.0,0.0893082395195961,0.011932022869586945
898,0,3.0,0.26969587802886963,0.1058322861790657
898,0,3.0,0.26969587802886963,0.10180959850549698
898,0,1.0,0.10608360171318054,0.025265194475650787
898,0,1.0,0.10608360171318054,0.017274372279644012
898,0,3.0,0.29500269889831543,0.13261020928621292
898,0,3.0,0.29500269889831543,0.10429012030363083
898,0,1.0,0.10564931482076645,0.017062656581401825
898,0,1.0,0.10564931482076645,0.025152362883090973
898,0,2.999999761581421,0.286279559135437,0.1139296367764473
898,0,2.999999761581421,0.286279559135437,0.11337513476610184
898,0,0.9999999403953552,0.0903269350528717,0.019430749118328094
898,0,0.9999999403953552,0.0903269350528717,0.012085266411304474
898,0,2.999999761581421,0.28495126962661743,0.11162612587213516
898,0,2.999999761581421,0.28495126962661743,0.11408761888742447
898,0,1.0,0.10314253717660904,0.013882316648960114
898,0,1.0,0.10314253717660904,0.02632933109998703
898,0,3.0,0.27165254950523376,0.10639364272356033
848,0,0.9999999403953552,0.11261627078056335,0.0032706409692764282
848,0,0.9999999403953552,0.11261626332998276,0.0056844353675842285
848,0,3.000000238418579,0.2995825409889221,0.0379551500082016
848,0,3.000000238418579,0.2995825409889221,0.019862785935401917
848,0,1.0,0.09896178543567657,0.0013908594846725464
848,0,1.0,0.09896178543567657,0.0055269598960876465
848,0,3.0,0.2316501885652542,0.017878323793411255
848,0,3.0,0.2316501885652542,0.0182979553937912
848,0,0.9999999403953552,0.10774433612823486,0.006310820579528809
848,0,0.9999999403953552,0.10774433612823486,0.0018718093633651733
848,0,3.0,0.29655224084854126,0.027793273329734802
848,0,3.0,0.29655224084854126,0.029438242316246033
848,0,1.0,0.0946221649646759,-0.00021353363990783691
848,0,1.0,0.0946221649646759,0.006492555141448975
848,0,3.000000238418579,0.24758893251419067,0.009690925478935242
848,0,3.000000238418579,0.24758893251419067,0.030607521533966064
848,0,1.0,0.10692454129457474,0.005526900291442871
848,0,1.0,0.10692454129457474,0.0025520771741867065
848,0,3.0,0.25745028257369995,0.004774078726768494
848,0,3.0,0.25745025277137756,0.037623390555381775
848,0,1.0,0.0948970690369606,0.008704543113708496
848,0,1.0,0.0948970690369606,-0.0025331825017929077
848,0,3.0,0.30010131001472473,0.03742954134941101
848,0,3.0,0.30010131001472473,0.020641252398490906
848,0,1.0,0.08830925822257996,0.0051813870668411255
848,0,1.0,0.08830925822257996,0.0003233402967453003
848,0,3.000000238418579,0.319028377532959,0.0428679883480072
848,0,3.000000238418579,0.319028377532959,0.02185031771659851
848,0,1.0,0.0924980565905571,0.0014564096927642822
848,0,1.0,0.0924980565905571,0.004605531692504883
848,0,2.999999761581421,0.3436012864112854,0.039035290479660034
848,0,2.999999761581421,0.3436012864112854,0.03564244508743286
848,0,1.0,0.10893295705318451,-0.0018284022808074951
848,0,1.0,0.10893295705318451,0.009979799389839172
848,0,3.000000238418579,0.29537299275398254,0.038674548268318176
848,0,3.000000238418579,0.29537299275398254,0.01746845245361328
848,0,0.9999999403953552,0.0832233875989914,0.004555821418762207
848,0,0.9999999403953552,0.0832233875989914,0.00034424662590026855
848,0,3.0,0.2976541817188263,0.02292098104953766
848,0,3.0,0.2976541817188263,0.0345025360584259
848,0,1.0,0.10906579345464706,0.003499537706375122
848,0,1.0,0.10906579345464706,0.004914119839668274
848,0,3.000000238418579,0.38101109862327576,0.03252248466014862
848,0,3.000000238418579,0.38101109862327576,0.05639146268367767
848,0,0.9999999403953552,0.12007912248373032,0.004029378294944763
848,0,0.9999999403953552,0.12007912248373032,0.006133899092674255
848,0,3.0,0.27934908866882324,0.02005860209465027
848,0,3.0,0.27934908866882324,0.03104563057422638
848,0,1.0,0.09892088919878006,0.0011663734912872314
848,0,1.0,0.09892088919878006,0.005739033222198486
848,0,3.0,0.31533828377723694,0.026100710034370422
848,0,3.0,0.31533828377723694,0.03770563006401062
848,0,1.0,0.11194965243339539,0.006579965353012085
848,0,1.0,0.11194965243339539,0.0022481977939605713
848,0,3.0,0.34429916739463806,0.04778192937374115
848,0,3.0,0.34429916739463806,0.02653925120830536
848,0,0.9999999403953552,0.09555037319660187,0.006821125745773315
848,0,0.9999999403953552,0.09555037319660187,-0.0004316568374633789
848,0,3.000000238418579,0.32039156556129456,0.03507618606090546
848,0,3.000000238418579,0.32039156556129456,0.030769124627113342
848,0,0.9999999403953552,0.09375869482755661,0.004248037934303284
848,0,0.9999999403953552,0.09375869482755661,0.001987442374229431
848,0,3.0,0.22242037951946259,0.02967052161693573
973,0,0.9999999403953552,0.10120154917240143,0.006806299090385437
973,0,0.9999999403953552,0.10120154917240143,0.007939442992210388
973,0,3.0,0.29998213052749634,0.03765256702899933
973,0,3.0,0.29998213052749634,0.07232166826725006
973,0,1.0,0.10464708507061005,0.009344130754470825
973,0,1.0,0.10464708507061005,0.006384402513504028
973,0,3.0,0.28736141324043274,0.05176319181919098
973,0,3.0,0.28736138343811035,0.05172152817249298
973,0,1.0,0.10195960104465485,0.005378231406211853
973,0,1.0,0.10195960104465485,0.009557336568832397
973,0,3.0,0.234796404838562,0.0384766161441803
973,0,3.0,0.234796404838562,0.033872976899147034
973,0,1.0,0.09653659909963608,0.01125575602054596
973,0,1.0,0.09653659909963608,0.0020537227392196655
973,0,3.000000238418579,0.2661684453487396,0.028447225689888
973,0,3.000000238418579,0.2661684453487396,0.06068676710128784
973,0,1.0,0.09975767880678177,0.013034909963607788
973,0,1.0,0.09975767880678177,0.0010698884725570679
973,0,2.999999761581421,0.3453298509120941,0.07038955390453339
973,0,2.999999761581421,0.3453298509120941,0.07117660343647003
973,0,0.9999999403953552,0.08024533092975616,0.010319888591766357
973,0,0.9999999403953552,0.08024533092975616,-0.0011836141347885132
973,0,3.0,0.2576795518398285,0.027278512716293335
973,0,3.0,0.2576795518398285,0.057005926966667175
973,0,1.0,0.08414015918970108,0.007445678114891052
973,0,1.0,0.08414015918970108,0.0027898401021957397
973,0,3.000000238418579,0.27644816040992737,0.03628866374492645
973,0,3.000000238418579,0.27644816040992737,0.05972985923290253
973,0,1.0,0.11558158695697784,0.014872178435325623
973,0,1.0,0.11558158695697784,0.0040352195501327515
973,0,2.999999761581421,0.2663630247116089,0.027556613087654114
973,0,2.999999761581421,0.2663630247116089,0.06154210865497589
973,0,1.0,0.08261734992265701,0.004492640495300293
973,0,1.0,0.08261734992265701,0.005415171384811401
973,0,2.999999761581421,0.27650710940361023,0.046541646122932434
973,0,2.999999761581421,0.27650710940361023,0.05020610988140106
973,0,0.9999999403953552,0.09004883468151093,-0.0006964206695556641
973,0,0.9999999403953552,0.09004883468151093,0.012158557772636414
973,0,3.000000238418579,0.2959900498390198,0.050104767084121704
973,0,3.000000238418579,0.2959900498390198,0.05872845649719238
973,0,0.9999999403953552,0.10045691579580307,0.006945446133613586
973,0,0.9999999403953552,0.10045690834522247,0.007590621709823608
973,0,3.0,0.33775806427001953,0.07012054324150085
973,0,3.0,0.33775806427001953,0.0662643164396286
973,0,0.9999998807907104,0.10664717853069305,0.014856159687042236
973,0,0.9999998807907104,0.10664717853069305,0.001172572374343872
973,0,3.0,0.29872334003448486,0.0421820729970932
973,0,3.0,0.29872334003448486,0.0676746517419815
973,0,0.9999999403953552,0.08197235316038132,0.0056053102016448975
973,0,0.9999999403953552,0.08197236061096191,0.004148766398429871
973,0,3.0,0.29870232939720154,0.06367252767086029
973,0,3.0,0.29870232939720154,0.04661913216114044
973,0,1.0,0.10799483954906464,0.008218735456466675
973,0,1.0,0.10799483954906464,0.008519381284713745
973,0,3.0,0.2820513844490051,0.04480031132698059
973,0,3.0,0.2820513844490051,0.055239662528038025
973,0,1.0,0.108780637383461,0.003509819507598877
973,0,1.0,0.108780637383461,0.013309851288795471
973,0,3.000000238418579,0.27212974429130554,0.06308113038539886
973,0,3.000000238418579,0.27212974429130554,0.02955000102519989
973,0,1.0,0.09454481303691864,0.013301074504852295
973,0,1.0,0.09454481303691864,-0.0007137954235076904
973,0,3.0,0.3507595658302307,0.07335859537124634
838,0,1.0,0.07493016868829727,0.00927232950925827
838,0,1.0,0.07493016868829727,0.015922166407108307
838,0,3.0,0.344061940908432,0.1674797311425209
838,0,3.0,0.344061940908432,0.16399652510881424
838,0,1.0,0.12285413593053818,0.032289616763591766
838,0,1.0,0.12285413593053818,0.030903823673725128
838,0,3.000000238418579,0.2934318780899048,0.13206926733255386
838,0,3.000000238418579,0.2934318780899048,0.1312066689133644
838,0,0.9999999403953552,0.11103760451078415,0.025639988481998444
838,0,0.9999999403953552,0.11103760451078415,0.02700626105070114
838,0,2.999999761581421,0.2223179042339325,0.08083683997392654
838,0,2.999999761581421,0.2223179042339325,0.0912947729229927
838,0,1.0,0.09695136547088623,0.01875268667936325
838,0,1.0,0.09695136547088623,0.022261135280132294
838,0,2.999999761581421,0.349317729473114,0.17104215174913406
838,0,2.999999761581421,0.349317729473114,0.16763056069612503
838,0,1.0,0.08904039114713669,0.019681014120578766
838,0,1.0,0.08904039114713669,0.015301831066608429
838,0,3.0,0.23468375205993652,0.0948566421866417
838,0,3.0,0.23468375205993652,0.09269223362207413
838,0,1.0,0.10045243054628372,0.02028769999742508
838,0,1.0,0.10045243054628372,0.02351226657629013
838,0,3.000000238418579,0.3104521632194519,0.14153871685266495
838,0,3.000000238418579,0.3104521632194519,0.1444135680794716
838,0,1.0,0.12396292388439178,0.035640083253383636
838,0,1.0,0.12396292388439178,0.028496883809566498
838,0,3.0,0.26348286867141724,0.11097120493650436
838,0,3.0,0.26348286867141724,0.11313381046056747
838,0,1.0,0.08078969269990921,0.015652604401111603
838,0,1.0,0.08078969269990921,0.013500146567821503
838,0,3.0,0.277569442987442,0.11866084486246109
838,0,3.0,0.2775694727897644,0.12371540814638138
838,0,0.9999999403953552,0.09051678329706192,0.015722595155239105
838,0,0.9999999403953552,0.09051678329706192,0.02035028487443924
838,0,3.000000238418579,0.31734466552734375,0.1517367735505104
838,0,3.000000238418579,0.31734466552734375,0.14342040568590164
838,0,1.0,0.08729618042707443,0.01746448129415512
838,0,1.0,0.08729618042707443,0.016276009380817413
838,0,3.0,0.31585389375686646,0.14342058449983597
838,0,3.0,0.31585389375686646,0.14975688606500626
838,0,1.0,0.10884173959493637,0.02544447034597397
838,0,1.0,0.10884173959493637,0.02532302588224411
838,0,3.000000238418579,0.2631850838661194,0.10730858892202377
838,0,3.000000238418579,0.2631850838661194,0.11632952839136124
838,0,0.9999999403953552,0.0754086822271347,0.013123802840709686
838,0,0.9999999403953552,0.0754086822271347,0.012461699545383453
838,0,2.999999761581421,0.34339284896850586,0.16457755118608475
838,0,2.999999761581421,0.34339284896850586,0.16599289327859879
838,0,1.0,0.09104382246732712,0.017694123089313507
838,0,1.0,0.09104382246732712,0.01880919188261032
838,0,3.0,0.3167356252670288,0.14898724108934402
838,0,3.0,0.3167356252670288,0.14540252834558487
838,0,1.0,0.0814974457025528,0.017097271978855133
838,0,1.0,0.0814974457025528,0.012509830296039581
838,0,3.0,0.299857497215271,0.13670430332422256
838,0,3.0,0.299857497215271,0.13510072976350784
838,0,1.0,0.10585325956344604,0.02700432389974594
838,0,1.0,0.10585325956344604,0.021184422075748444
838,0,3.0,0.31842663884162903,0.15032244473695755
838,0,3.0,0.31842663884162903,0.14634228497743607
838,0,0.9999999403953552,0.1103624477982521,0.02902696281671524
838,0,0.9999999403953552,0.1103624477982521,0.022978343069553375
838,0,3.0,0.30190497636795044,0.13682673126459122
924,0,0.9999999403953552,0.10879813134670258,0.023724228143692017
924,0,0.9999999403953552,0.10879813134670258,0.02249276638031006
924,0,3.000000238418579,0.23167221248149872,0.08726462721824646
924,0,3.000000238418579,0.23167221248149872,0.08415204286575317
924,0,1.0,0.10974066704511642,0.024171531200408936
924,0,1.0,0.10974066704511642,0.02278710901737213
924,0,3.000000238418579,0.30373838543891907,0.12749184668064117
924,0,3.000000238418579,0.30373838543891907,0.1332675665616989
924,0,1.0,0.07484925538301468,0.009333357214927673
924,0,1.0,0.07484925538301468,0.013460695743560791
924,0,2.999999761581421,0.35794466733932495,0.16949065029621124
924,0,2.999999761581421,0.35794466733932495,0.16231228411197662
924,0,1.0,0.127973735332489,0.031017005443572998
924,0,1.0,0.127973735332489,0.031166449189186096
924,0,2.999999761581421,0.26916447281837463,0.1095135360956192
924,0,2.999999761581421,0.26916447281837463,0.10750265419483185
924,0,1.0,0.10235100239515305,0.02117854356765747
924,0,1.0,0.10235100239515305,0.020086675882339478
924,0,3.000000238418579,0.264729768037796,0.10541452467441559
924,0,3.000000238418579,0.264729768037796,0.10610048472881317
924,0,0.9999999403953552,0.1025209128856659,0.020814865827560425
924,0,0.9999999403953552,0.1025209128856659,0.02057988941669464
924,0,2.999999761581421,0.2872450649738312,0.1252906173467636
924,0,2.999999761581421,0.2872450649738312,0.11432132124900818
924,0,1.0,0.09824597090482712,0.01962488889694214
924,0,1.0,0.09824597090482712,0.018604785203933716
924,0,3.000000238418579,0.28264492750167847,0.11416806280612946
924,0,3.000000238418579,0.28264492750167847,0.1197158545255661
924,0,1.0,0.11216244101524353,0.025145217776298523
924,0,1.0,0.11216244101524353,0.02374166250228882
924,0,3.0,0.3090093731880188,0.13829182088375092
924,0,3.0,0.3090093731880188,0.12921319901943207
924,0,1.0,0.08916938304901123,0.015847429633140564
924,0,1.0,0.08916938304901123,0.016012057662010193
924,0,3.0,0.2745533287525177,0.1091495007276535
924,0,3.0,0.2745533287525177,0.11456592381000519
924,0,1.0,0.0996115580201149,0.01873663067817688
924,0,1.0,0.0996115580201149,0.020489156246185303
924,0,2.999999761581421,0.3083798289299011,0.13457544147968292
924,0,2.999999761581421,0.30837979912757874,0.13218985497951508
924,0,1.0,0.09790389239788055,0.018252745270729065
924,0,1.0,0.09790389239788055,0.01972624659538269
924,0,2.999999761581421,0.33268994092941284,0.1515655368566513
924,0,2.999999761581421,0.33268994092941284,0.14684192836284637
924,0,1.0,0.09696158021688461,0.01830892264842987
924,0,1.0,0.09696158021688461,0.018991202116012573
924,0,3.0,0.27143368124961853,0.11160692572593689
924,0,3.0,0.27143368124961853,0.10822881758213043
924,0,0.9999998807907104,0.09350845217704773,0.016526713967323303
924,0,0.9999998807907104,0.09350845217704773,0.018313705921173096
924,0,3.0,0.30830150842666626,0.13278774917125702
924,0,3.0,0.30830150842666626,0.13388071954250336
924,0,1.0,0.10412763804197311,0.022016450762748718
924,0,1.0,0.10412763804197311,0.020589902997016907
924,0,2.999999761581421,0.3195086717605591,0.14422200620174408
924,0,2.999999761581421,0.3195086717605591,0.1369231790304184
924,0,1.0,0.08999168127775192,0.01943230628967285
924,0,1.0,0.08999168127775192,0.01291145384311676
924,0,3.0,0.2729870080947876,0.11096139252185822
924,0,3.0,0.2729870080947876,0.11082559823989868
924,0,0.9999999403953552,0.101267009973526,0.02093939483165741
924,0,0.9999999403953552,0.101267009973526,0.019513726234436035
924,0,3.0,0.27750661969184875,0.11279086768627167
812,0,0.9999999403953552,0.09674479067325592,0.009576588869094849
812,0,0.9999999403953552,0.09674479067325592,0.0026770085096359253
812,0,3.0,0.2750476002693176,0.041809797286987305
812,0,3.0,0.2750476002693176,0.04645472764968872
812,0,1.0,0.0981033593416214,0.0022640973329544067
812,0,1.0,0.0981033518910408,0.010302767157554626
812,0,3.000000238418579,0.2639942169189453,0.030799195170402527
812,0,3.000000238418579,0.2639942169189453,0.05076590180397034
812,0,0.9999999403953552,0.11363563686609268,0.0051940977573394775
812,0,0.9999999403953552,0.11363563686609268,0.011622786521911621
812,0,3.0,0.3079404830932617,0.05885528028011322
812,0,3.0,0.3079404830932617,0.04856814444065094
812,0,0.9999999403953552,0.08589507639408112,0.0071650296449661255
812,0,0.9999999403953552,0.08589507639408112,0.0025637447834014893
812,0,3.0,0.39282816648483276,0.07928444445133209
812,0,3.0,0.39282816648483276,0.0828050822019577
812,0,0.9999999403953552,0.10255178064107895,0.0014886558055877686
812,0,0.9999999403953552,0.10255178064107895,0.012146055698394775
812,0,2.999999761581421,0.3113791346549988,0.04323011636734009
812,0,2.999999761581421,0.3113791346549988,0.06576989591121674
812,0,0.9999999403953552,0.09811953455209732,0.005637869238853455
812,0,0.9999999403953552,0.09811953455209732,0.0070372074842453
812,0,3.0,0.26656490564346313,0.055689260363578796
812,0,3.0,0.26656490564346313,0.026709139347076416
812,0,1.0,0.09302287548780441,0.002424493432044983
812,0,1.0,0.09302287548780441,0.008924826979637146
812,0,3.0,0.3786936402320862,0.0785105973482132
812,0,3.0,0.3786936402320862,0.07407644391059875
812,0,1.0,0.09735781699419022,0.006765767931938171
812,0,1.0,0.09735781699419022,0.005718737840652466
812,0,2.999999761581421,0.307432621717453,0.06795503199100494
812,0,2.999999761581421,0.307432621717453,0.03817272186279297
812,0,0.9999999403953552,0.08599715679883957,0.0083436518907547
812,0,0.9999999403953552,0.08599715679883957,0.0013616979122161865
812,0,3.0,0.35025274753570557,0.049793437123298645
812,0,3.0,0.35025274753570557,0.0828801691532135
812,0,1.0,0.09349007159471512,0.0007651001214981079
812,0,1.0,0.09349007159471512,0.010605946183204651
812,0,3.000000238418579,0.29967597126960754,0.05813056230545044
812,0,3.000000238418579,0.29967597126960754,0.04422631859779358
812,0,1.0,0.09627058357000351,0.002908274531364441
812,0,1.0,0.09627058357000351,0.009239643812179565
812,0,3.0,0.2893572747707367,0.06115111708641052
812,0,3.0,0.2893572747707367,0.034445151686668396
812,0,1.0,0.12482684850692749,0.008028402924537659
812,0,1.0,0.12482684850692749,0.012202233076095581
812,0,3.000000238418579,0.33047211170196533,0.06973494589328766
812,0,3.000000238418579,0.33047211170196533,0.05126155912876129
812,0,1.0,0.09197944402694702,0.005103155970573425
812,0,1.0,0.09197944402694702,0.0060651302337646484
812,0,3.0,0.27661851048469543,0.03978174924850464
812,0,3.0,0.27661851048469543,0.04928360879421234
812,0,0.9999999403953552,0.10050445050001144,0.0042871832847595215
812,0,0.9999999403953552,0.10050445050001144,0.008964940905570984
812,0,3.0,0.27118930220603943,0.048389732837677
812,0,3.0,0.27118930220603943,0.03756938874721527
812,0,0.9999999403953552,0.10682488232851028,0.015519067645072937
812,0,0.9999999403953552,0.10682488232851028,-0.0009997636079788208
812,0,2.999999761581421,0.29068028926849365,0.05464589595794678
812,0,2.999999761581421,0.29068028926849365,0.042458564043045044
812,0,1.0,0.11195342987775803,0.004490464925765991
812,0,1.0,0.11195342987775803,0.01182304322719574
812,0,2.999999761581421,0.28294751048088074,0.0391879677772522
945,0,0.9999999403953552,0.07747004181146622,0.0023510009050369263
945,0,0.9999999403953552,0.07747003436088562,0.006511524319648743
945,0,3.0,0.2473299503326416,0.041201651096343994
945,0,3.0,0.2473299503326416,0.039577096700668335
945,0,1.0,0.07859298586845398,0.002302318811416626
945,0,1.0,0.07859297841787338,0.006810888648033142
945,0,3.000000238418579,0.3153700530529022,0.04607298970222473
945,0,3.000000238418579,0.3153700828552246,0.0762237012386322
945,0,0.9999999403953552,0.1101451888680458,0.012186557054519653
945,0,0.9999999403953552,0.1101451888680458,0.005448728799819946
945,0,3.0,0.24565595388412476,0.04201951622962952
945,0,3.0,0.24565595388412476,0.037765830755233765
945,0,0.9999999403953552,0.10190094262361526,0.011910930275917053
945,0,0.9999999403953552,0.10190094262361526,0.0031849294900894165
945,0,3.000000238418579,0.27293261885643005,0.06252048909664154
945,0,3.000000238418579,0.27293261885643005,0.032449617981910706
945,0,1.0,0.1027957871556282,0.010202690958976746
945,0,1.0,0.10279577970504761,0.005239173769950867
945,0,3.0,0.2711888253688812,0.056939154863357544
945,0,3.0,0.2711888253688812,0.037645190954208374
945,0,0.9999999403953552,0.10426601767539978,0.009707808494567871
945,0,0.9999999403953552,0.10426601767539978,0.006188541650772095
945,0,3.0,0.2970157861709595,0.06280268728733063
945,0,3.0,0.29701581597328186,0.048289909958839417
945,0,0.9999999403953552,0.09993588179349899,0.008748069405555725
945,0,0.9999999403953552,0.09993588179349899,0.005891561508178711
945,0,3.0,0.3457777798175812,0.06288602948188782
945,0,3.0,0.34577780961990356,0.08084571361541748
945,0,1.0,0.09283928573131561,0.0005996823310852051
945,0,1.0,0.09283928573131561,0.011878177523612976
945,0,3.0,0.3076775074005127,0.06490261852741241
945,0,3.0,0.3076775074005127,0.05323587357997894
945,0,1.0,0.0871783196926117,0.002818182110786438
945,0,1.0,0.0871783196926117,0.0083465576171875
945,0,3.0,0.2404925525188446,0.0473945289850235
945,0,3.0,0.2404925525188446,0.02897942066192627
945,0,1.0,0.0881713256239891,0.004481971263885498
945,0,1.0,0.0881713256239891,0.0069752037525177
945,0,2.999999761581421,0.28250280022621155,0.06290721893310547
945,0,2.999999761581421,0.28250280022621155,0.03843192756175995
945,0,1.0,0.09498720616102219,0.010299444198608398
945,0,1.0,0.09498720616102219,0.0028785020112991333
945,0,2.999999761581421,0.24637457728385925,0.05330765247344971
945,0,2.999999761581421,0.24637457728385925,0.025904998183250427
945,0,1.0,0.08634084463119507,0.011062845587730408
945,0,1.0,0.08634084463119507,-0.00027108192443847656
945,0,3.000000238418579,0.3072984516620636,0.06673802435398102
945,0,3.000000238418579,0.3072984516620636,0.051015064120292664
945,0,1.0,0.08497970551252365,0.0038769394159317017
945,0,1.0,0.08497970551252365,0.0067758262157440186
945,0,2.999999761581421,0.2526353895664215,0.03287734091281891
945,0,2.999999761581421,0.2526353895664215,0.05059431493282318
945,0,1.0,0.12173428386449814,0.009030863642692566
945,0,1.0,0.12173428386449814,0.012446030974388123
945,0,3.0,0.29325971007347107,0.043494731187820435
945,0,3.0,0.29325971007347107,0.06486958265304565
945,0,0.9999999403953552,0.07967087626457214,0.008189812302589417
945,0,0.9999999403953552,0.07967087626457214,0.001122698187828064
945,0,3.0,0.2841659486293793,0.060740724205970764
945,0,3.0,0.2841659486293793,0.0419614315032959
945,0,1.0,0.07285012304782867,0.0064157843589782715
945,0,1.0,0.07285012304782867,0.0014185160398483276
945,0,2.999999761581421,0.23386920988559723,0.030039727687835693
933,0,0.9999999403953552,0.11224181205034256,0.016836300492286682
933,0,0.9999999403953552,0.11224181205034256,0.007811203598976135
933,0,2.999999761581421,0.29522818326950073,0.06527258455753326
933,0,2.999999761581421,0.29522818326950073,0.07739050686359406
933,0,0.9999999403953552,0.10620180517435074,0.014820262789726257
933,0,0.9999999403953552,0.10620180517435074,0.007368013262748718
933,0,3.0,0.25128477811813354,0.05556349456310272
933,0,3.0,0.25128477811813354,0.05315016210079193
933,0,1.0,0.0919906497001648,0.014321580529212952
933,0,1.0,0.0919906497001648,0.0023084282875061035
933,0,3.000000238418579,0.2692984938621521,0.06598035991191864
933,0,3.000000238418579,0.2692984640598297,0.05628812313079834
933,0,1.0,0.09674463421106339,0.013812452554702759
933,0,1.0,0.09674463421106339,0.00465276837348938
933,0,3.000000238418579,0.2981930077075958,0.07653442025184631
933,0,3.000000238418579,0.2981930077075958,0.06862041354179382
933,0,0.9999999403953552,0.09419339895248413,0.0064976513385772705
933,0,0.9999999403953552,0.09419339895248413,0.011131346225738525
933,0,3.0,0.32407045364379883,0.08361595869064331
933,0,3.0,0.32407045364379883,0.08291448652744293
933,0,0.9999999403953552,0.10681425780057907,0.010724425315856934
933,0,0.9999999403953552,0.10681425780057907,0.011801302433013916
933,0,3.000000238418579,0.3671349585056305,0.12064968049526215
933,0,3.000000238418579,0.3671349585056305,0.08120371401309967
933,0,0.9999999403953552,0.09226956218481064,0.015344887971878052
933,0,0.9999999403953552,0.09226956218481064,0.0012960582971572876
933,0,3.0,0.2915630042552948,0.07169264554977417
933,0,3.0,0.2915630042552948,0.06818585097789764
933,0,1.0,0.11022850126028061,0.008183956146240234
933,0,1.0,0.11022850126028061,0.015658318996429443
933,0,3.0,0.36488261818885803,0.09795904159545898
933,0,3.0,0.36488261818885803,0.10349507629871368
933,0,1.0,0.11257221549749374,0.014850124716758728
933,0,1.0,0.11257221549749374,0.010032400488853455
933,0,3.000000238418579,0.316188782453537,0.07769322395324707
933,0,3.000000238418579,0.316188782453537,0.08224868774414062
933,0,1.0,0.11546272784471512,0.01737840473651886
933,0,1.0,0.11546272784471512,0.008659809827804565
933,0,3.0,0.27245691418647766,0.06964242458343506
933,0,3.0,0.27245691418647766,0.054919496178627014
933,0,0.9999999403953552,0.127151221036911,0.014569386839866638
933,0,0.9999999403953552,0.127151221036911,0.016867294907569885
933,0,2.999999761581421,0.2914496660232544,0.0800343006849289
933,0,2.999999761581421,0.2914496660232544,0.059256404638290405
933,0,0.9999998807907104,0.08650466054677963,0.0016118884086608887
933,0,0.9999998807907104,0.08650466054677963,0.01313278079032898
933,0,3.000000238418579,0.24348554015159607,0.04749298095703125
933,0,3.000000238418579,0.24348555505275726,0.05538424849510193
933,0,0.9999999403953552,0.09466575086116791,0.0031425952911376953
933,0,0.9999999403953552,0.09466575086116791,0.014480352401733398
933,0,2.999999761581421,0.31065353751182556,0.0760042667388916
933,0,2.999999761581421,0.31065353751182556,0.07937657833099365
933,0,0.9999999403953552,0.09871537238359451,0.014841422438621521
933,0,0.9999999403953552,0.09871536493301392,0.004320845007896423
933,0,3.0,0.33196336030960083,0.0942373275756836
933,0,3.0,0.33196336030960083,0.07866612076759338
933,0,1.0,0.10655587166547775,0.013105198740959167
933,0,1.0,0.10655587911605835,0.009293735027313232
933,0,3.000000238418579,0.25253936648368835,0.0548178106546402
933,0,3.000000238418579,0.25253936648368835,0.054839253425598145
933,0,0.9999999403953552,0.11252722889184952,0.006123781204223633
933,0,0.9999999403953552,0.11252722889184952,0.018526986241340637
933,0,3.0,0.2607586681842804,0.06469520926475525
851,0,0.9999999403953552,0.12711992859840393,0.01636911928653717
851,0,0.9999999403953552,0.12711992859840393,0.008509188890457153
851,0,3.000000238418579,0.24775516986846924,0.05785137414932251
851,0,3.000000238418579,0.24775516986846924,0.027058228850364685
851,0,0.9999999403953552,0.09260893613100052,0.001618027687072754
851,0,0.9999999403953552,0.09260893613100052,0.011725351214408875
851,0,3.000000238418579,0.24882018566131592,0.02122059464454651
851,0,3.000000238418579,0.24882018566131592,0.06325766444206238
851,0,1.0,0.09243591874837875,0.008478373289108276
851,0,1.0,0.09243591874837875,0.00496344268321991
851,0,3.0,0.2808655798435211,0.05160035192966461
851,0,3.0,0.2808655798435211,0.055714309215545654
851,0,1.0,0.09136255085468292,0.0009337067604064941
851,0,1.0,0.09136255085468292,0.01202179491519928
851,0,3.0,0.2835450768470764,0.04922737181186676
851,0,3.0,0.2835450768470764,0.05974625051021576
851,0,0.9999999403953552,0.09816227108240128,0.0072756558656692505
851,0,0.9999999403953552,0.09816227108240128,0.007862821221351624
851,0,3.000000238418579,0.30552804470062256,0.0723961740732193
851,0,3.000000238418579,0.30552804470062256,0.05106385052204132
851,0,0.9999999403953552,0.09913469105958939,0.005143880844116211
851,0,0.9999999403953552,0.09913469105958939,0.010246425867080688
851,0,3.0,0.33849209547042847,0.08294397592544556
851,0,3.0,0.33849209547042847,0.06398177146911621
851,0,0.9999999403953552,0.11555100977420807,0.007361650466918945
851,0,0.9999999403953552,0.11555100977420807,0.013361454010009766
851,0,3.0,0.3216226398944855,0.07841838896274567
851,0,3.0,0.3216226398944855,0.05626469850540161
851,0,1.0,0.09679636359214783,0.005928561091423035
851,0,1.0,0.09679636359214783,0.008788779377937317
851,0,3.0,0.3267219364643097,0.07654052972793579
851,0,3.0,0.3267219364643097,0.06209729611873627
851,0,1.0,0.11240892112255096,0.01878422498703003
851,0,1.0,0.11240892112255096,0.0003701746463775635
851,0,3.0,0.23674847185611725,0.0339345782995224
851,0,3.0,0.23674847185611725,0.045369863510131836
851,0,1.0,0.0811644047498703,0.005172997713088989
851,0,1.0,0.0811644047498703,0.00525936484336853
851,0,3.000000238418579,0.27583053708076477,0.047778382897377014
851,0,3.000000238418579,0.27583053708076477,0.056155458092689514
851,0,0.9999999403953552,0.08876027166843414,0.009885266423225403
851,0,0.9999999403953552,0.08876027166843414,0.0024579763412475586
851,0,3.0,0.27814406156539917,0.05651789903640747
851,0,3.0,0.27814406156539917,0.048950910568237305
851,0,0.9999999403953552,0.10225708782672882,0.00993335247039795
851,0,0.9999999403953552,0.10225708782672882,0.006440684199333191
851,0,2.999999761581421,0.30750465393066406,0.0665367841720581
851,0,2.999999761581421,0.30750465393066406,0.05876666307449341
851,0,0.9999999403953552,0.10203398019075394,0.015145629644393921
851,0,0.9999999403953552,0.10203398019075394,0.0008452534675598145
851,0,2.999999761581421,0.2686799466609955,0.04837033152580261
851,0,2.999999761581421,0.2686799466609955,0.050994664430618286
851,0,0.9999999403953552,0.09674422442913055,0.009915322065353394
851,0,0.9999999403953552,0.09674420952796936,0.004756316542625427
851,0,2.999999761581421,0.29217180609703064,0.046715542674064636
851,0,2.999999761581421,0.29217180609703064,0.0676347017288208
851,0,1.0,0.08936268836259842,0.01255294680595398
851,0,1.0,0.08936268836259842,-0.0002221912145614624
851,0,2.999999761581421,0.3061143755912781,0.06928415596485138
851,0,2.999999761581421,0.3061143755912781,0.054880037903785706
851,0,0.9999999403953552,0.11220164597034454,0.005789265036582947
851,0,0.9999999403953552,0.11220164597034454,0.013739988207817078
851,0,3.0,0.3175147473812103,0.05523070693016052
844,0,1.0,0.11513663828372955,0.0056166499853134155
844,0,1.0,0.11513663828372955,0.015713348984718323
844,0,2.999999761581421,0.27489835023880005,0.0430343896150589
844,0,2.999999761581421,0.27489835023880005,0.06366698443889618
844,0,0.9999999403953552,0.10388092696666718,0.007399231195449829
844,0,0.9999999403953552,0.10388092696666718,0.010198399424552917
844,0,3.0,0.3275447189807892,0.08763855695724487
844,0,3.0,0.3275447189807892,0.05560755729675293
844,0,0.9999999403953552,0.08578184247016907,0.0032307207584381104
844,0,0.9999999403953552,0.08578184247016907,0.008837088942527771
844,0,3.000000238418579,0.2743266522884369,0.03553420305252075
844,0,3.000000238418579,0.2743266522884369,0.06983275711536407
844,0,1.0000001192092896,0.08963849395513535,-0.0016576647758483887
844,0,1.0000001192092896,0.08963848650455475,0.014439806342124939
844,0,3.0,0.2594813406467438,0.059538573026657104
844,0,3.0,0.2594813406467438,0.036784470081329346
844,0,1.0,0.09885485470294952,0.005731910467147827
844,0,1.0,0.09885485470294952,0.010225951671600342
844,0,2.999999761581421,0.24094915390014648,0.05048370361328125
844,0,2.999999761581421,0.24094915390014648,0.03429192304611206
844,0,1.0,0.10915171355009079,0.01904977858066559
844,0,1.0,0.10915171355009079,-0.00026835501194000244
844,0,2.999999761581421,0.2658156752586365,0.040403589606285095
844,0,2.999999761581421,0.2658156752586365,0.0602550208568573
844,0,1.0,0.07627477496862411,0.00941118597984314
844,0,1.0,0.07627476751804352,6.584823131561279e-05
844,0,3.0,0.26612141728401184,0.05204989016056061
844,0,3.0,0.26612141728401184,0.049305886030197144
844,0,1.0,0.1164759173989296,0.005108267068862915
844,0,1.0,0.1164759173989296,0.016656801104545593
844,0,3.0,0.27892816066741943,0.038746178150177
844,0,3.0,0.27892816066741943,0.06999865174293518
844,0,0.9999999403953552,0.09696216136217117,0.007773399353027344
844,0,0.9999999403953552,0.09696216136217117,0.007626235485076904
844,0,3.0,0.3103872537612915,0.08780485391616821
844,0,3.0,0.3103872537612915,0.04162508249282837
844,0,0.9999999403953552,0.10964560508728027,0.019101440906524658
844,0,0.9999999403953552,0.10964560508728027,-0.00014494359493255615
844,0,3.0,0.30820244550704956,0.08237947523593903
844,0,3.0,0.30820244550704956,0.046485334634780884
844,0,1.0,0.10150118172168732,0.013780549168586731
844,0,1.0,0.10150118917226791,0.002859652042388916
844,0,3.0,0.30174142122268677,0.04514703154563904
844,0,3.0,0.30174142122268677,0.07925555109977722
844,0,1.0,0.10084064304828644,0.010124430060386658
844,0,1.0,0.10084064304828644,0.00647599995136261
844,0,3.0,0.2650641202926636,0.06577931344509125
844,0,3.0,0.2650641202926636,0.03355422616004944
844,0,1.0,0.10179460793733597,0.01297159492969513
844,0,1.0,0.10179461538791656,0.0038213878870010376
844,0,3.0,0.31836357712745667,0.07201425731182098
844,0,3.0,0.31836357712745667,0.0656592845916748
844,0,1.0,0.08144105970859528,0.005316153168678284
844,0,1.0,0.08144105970859528,0.0056296586990356445
844,0,3.0,0.3278285562992096,0.07124696671962738
844,0,3.0,0.3278285562992096,0.07338516414165497
844,0,0.9999999403953552,0.09211746603250504,0.007013380527496338
844,0,0.9999999403953552,0.09211746603250504,0.006920158863067627
844,0,2.999999761581421,0.33206796646118164,0.08677659928798676
844,0,2.999999761581421,0.33206796646118164,0.06017927825450897
844,0,0.9999999403953552,0.08510051667690277,0.008963093161582947
844,0,0.9999999403953552,0.08510051667690277,0.0029080361127853394
844,0,3.0,0.3764721751213074,0.08620674908161163
916,0,1.0,0.1074744164943695,0.007296130061149597
916,0,1.0,0.1074744164943695,0.00534115731716156
916,0,3.0,0.3488043248653412,0.046955227851867676
916,0,3.0,0.3488043248653412,0.06606097519397736
916,0,0.9999999403953552,0.09055128693580627,0.0075004249811172485
916,0,0.9999999403953552,0.09055128693580627,0.0014690905809402466
916,0,3.0,0.27730101346969604,0.04950752854347229
916,0,3.0,0.27730101346969604,0.025602027773857117
916,0,1.0,0.11088534444570541,0.008299916982650757
916,0,1.0,0.11088534444570541,0.005123689770698547
916,0,2.999999761581421,0.29091620445251465,0.042926326394081116
916,0,2.999999761581421,0.29091620445251465,0.039731815457344055
916,0,1.0,0.07875354588031769,0.0031523406505584717
916,0,1.0,0.07875354588031769,0.003704443573951721
916,0,2.999999761581421,0.24106134474277496,0.03283698856830597
916,0,2.999999761581421,0.24106134474277496,0.026010408997535706
916,0,1.0,0.0929737463593483,0.0027218908071517944
916,0,1.0,0.0929737463593483,0.0067636072635650635
916,0,2.999999761581421,0.27153319120407104,0.05471177399158478
916,0,2.999999761581421,0.27153319120407104,0.016316458582878113
916,0,1.0,0.06705424934625626,0.0017176717519760132
916,0,1.0,0.06705424934625626,0.003265663981437683
916,0,3.0,0.3288281261920929,0.06113670766353607
916,0,3.0,0.3288281261920929,0.040830180048942566
916,0,1.0,0.10241402685642242,0.005304187536239624
916,0,1.0,0.10241403430700302,0.00619816780090332
916,0,3.000000238418579,0.23894596099853516,0.036673590540885925
916,0,3.000000238418579,0.23894596099853516,0.020937219262123108
916,0,1.0,0.10659005492925644,-0.001095890998840332
916,0,1.0,0.10659005492925644,0.013192281126976013
916,0,3.0,0.2504408359527588,0.0388253778219223
916,0,3.0,0.2504408359527588,0.024020344018936157
916,0,0.9999999403953552,0.10848554968833923,0.004819914698600769
916,0,0.9999999403953552,0.10848554968833923,0.008040204644203186
916,0,3.000000238418579,0.29171496629714966,0.04828129708766937
916,0,3.000000238418579,0.29171496629714966,0.03453655540943146
916,0,1.0,0.08466701209545135,-0.0002973824739456177
916,0,1.0,0.08466701209545135,0.008088216185569763
916,0,3.0,0.27901381254196167,0.039103180170059204
916,0,3.0,0.27901381254196167,0.037638500332832336
916,0,0.9999999403953552,0.1064750924706459,0.00917854905128479
916,0,0.9999999403953552,0.1064750924706459,0.0031752437353134155
916,0,3.0,0.2827839255332947,0.03145131468772888
916,0,3.0,0.2827839255332947,0.04682834446430206
916,0,1.0,0.11340032517910004,0.00630497932434082
916,0,1.0,0.11340032517910004,0.007734239101409912
916,0,2.999999761581421,0.3268066346645355,0.04706348478794098
916,0,2.999999761581421,0.3268066346645355,0.05427825450897217
916,0,1.0,0.1156676709651947,0.008324414491653442
916,0,1.0,0.1156676709651947,0.006264433264732361
916,0,3.000000238418579,0.24944569170475006,0.04173500835895538
916,0,3.000000238418579,0.24944570660591125,0.020308196544647217
916,0,1.0,0.09476843476295471,0.0019797831773757935
916,0,1.0,0.09476843476295471,0.00783972442150116
916,0,3.0,0.28511950373649597,0.024552613496780396
916,0,3.0,0.28511950373649597,0.05401866137981415
916,0,1.0,0.11089351773262024,0.006397128105163574
916,0,1.0,0.11089351773262024,0.007044672966003418
916,0,3.0,0.25988125801086426,0.017487630248069763
916,0,3.0,0.25988125801086426,0.0486709326505661
916,0,1.0,0.10363782197237015,0.004320219159126282
916,0,1.0,0.10363782942295074,0.007438108325004578
916,0,2.999999761581421,0.30930235981941223,0.052953168749809265
855,0,1.0,0.09931103885173798,0.012192189693450928
855,0,1.0,0.09931103885173798,0.0036714524030685425
855,0,3.0,0.2375066876411438,0.042226508259773254
855,0,3.0,0.2375066727399826,0.04002910852432251
855,0,1.0,0.09722206741571426,0.00022710859775543213
855,0,1.0,0.09722205996513367,0.014760524034500122
855,0,2.999999761581421,0.2771603465080261,0.058936700224876404
855,0,2.999999761581421,0.2771603465080261,0.04878951609134674
855,0,1.0,0.09451916068792343,0.008377298712730408
855,0,1.0,0.09451916068792343,0.006127342581748962
855,0,3.000000238418579,0.3280564248561859,0.06693388521671295
855,0,3.000000238418579,0.3280564546585083,0.07659228146076202
855,0,0.9999999403953552,0.0833716168999672,0.008684352040290833
855,0,0.9999999403953552,0.0833716094493866,0.002606227993965149
855,0,3.0,0.3337080478668213,0.05756187438964844
855,0,3.0,0.3337080180644989,0.0890808254480362
855,0,0.9999999403953552,0.09158064424991608,0.0075833797454833984
855,0,0.9999999403953552,0.09158063679933548,0.006057322025299072
855,0,2.999999761581421,0.3259318172931671,0.07071943581104279
855,0,2.999999761581421,0.3259317874908447,0.07136374711990356
855,0,1.0,0.11000702530145645,0.010656073689460754
855,0,1.0,0.11000702530145645,0.00883398950099945
855,0,3.0,0.24868224561214447,0.04468017816543579
855,0,3.0,0.24868224561214447,0.044564515352249146
855,0,1.0,0.10054489225149155,-0.0006790906190872192
855,0,1.0,0.10054489225149155,0.016564637422561646
855,0,3.0,0.28922417759895325,0.07015052437782288
855,0,3.0,0.28922417759895325,0.045142799615859985
855,0,1.0,0.08935002237558365,0.007294416427612305
855,0,1.0,0.08935002237558365,0.00570341944694519
855,0,3.0,0.29968804121017456,0.06338606774806976
855,0,3.0,0.29968804121017456,0.059926837682724
855,0,1.0,0.08030936121940613,0.0067794471979141235
855,0,1.0,0.08030936121940613,0.003752961754798889
855,0,3.0,0.2929781973361969,0.05135183036327362
855,0,3.0,0.2929781973361969,0.0670032948255539
855,0,0.9999999403953552,0.0965820699930191,0.009151548147201538
855,0,0.9999999403953552,0.0965820699930191,0.005969330668449402
855,0,3.0,0.3263928294181824,0.06927670538425446
855,0,3.0,0.3263928294181824,0.07312580943107605
855,0,1.0,0.09348878264427185,0.01399947702884674
855,0,1.0,0.09348878264427185,-0.0001217871904373169
855,0,2.999999761581421,0.3076149821281433,0.060940295457839966
855,0,2.999999761581421,0.3076149821281433,0.06791548430919647
855,0,0.9999999403953552,0.09238540381193161,0.00617806613445282
855,0,0.9999999403953552,0.09238540381193161,0.0076980143785476685
855,0,3.0,0.2410420924425125,0.03352215886116028
855,0,3.0,0.2410420924425125,0.05054116249084473
855,0,1.0,0.10469939559698105,0.0014988481998443604
855,0,1.0,0.10469939559698105,0.015877291560173035
855,0,3.0,0.2976341247558594,0.07511083781719208
855,0,3.0,0.2976341247558594,0.04573158919811249
855,0,1.0000001192092896,0.09920404106378555,0.007763892412185669
855,0,1.0000001192092896,0.09920404106378555,0.00818459689617157
855,0,3.0,0.26430442929267883,0.06084057688713074
855,0,3.0,0.26430442929267883,0.037791699171066284
855,0,1.0,0.1097782626748085,0.012122616171836853
855,0,1.0,0.1097782626748085,0.0072560906410217285
855,0,3.0,0.35966530442237854,0.08955176174640656
855,0,3.0,0.35966530442237854,0.07748979330062866
855,0,1.0,0.10796458274126053,0.013260453939437866
855,0,1.0,0.10796457529067993,0.005440548062324524
855,0,3.0,0.28806018829345703,0.056805506348609924
883,0,0.9999999403953552,0.08927679806947708,0.009347334504127502
883,0,0.9999999403953552,0.08927679806947708,0.0011307746171951294
883,0,3.000000238418579,0.34609001874923706,0.06881527602672577
883,0,3.000000238418579,0.34609001874923706,0.06305715441703796
883,0,1.0,0.10529698431491852,0.0017263591289520264
883,0,1.0,0.10529698431491852,0.012706995010375977
883,0,2.999999761581421,0.2552751302719116,0.038146406412124634
883,0,2.999999761581421,0.2552751302719116,0.03956161439418793
883,0,1.0,0.1015823557972908,0.003801688551902771
883,0,1.0,0.1015823557972908,0.009780198335647583
883,0,2.999999761581421,0.3062783181667328,0.06517550349235535
883,0,2.999999761581421,0.3062783181667328,0.0411577969789505
883,0,1.0,0.11189032346010208,0.01224324107170105
883,0,1.0,0.11189032346010208,0.00411948561668396
883,0,3.000000238418579,0.336698442697525,0.04416486620903015
883,0,3.000000238418579,0.336698442697525,0.08018182218074799
883,0,1.0,0.09803757816553116,-0.0007324963808059692
883,0,1.0,0.09803757816553116,0.01313820481300354
883,0,3.0,0.3084029257297516,0.042255252599716187
883,0,3.0,0.3084029257297516,0.06541796028614044
883,0,0.9999999403953552,0.10296241194009781,0.000808417797088623
883,0,0.9999999403953552,0.10296241194009781,0.012953147292137146
883,0,2.999999761581421,0.31009379029273987,0.05546639859676361
883,0,2.999999761581421,0.3100937604904175,0.053907886147499084
883,0,1.0,0.10645791888237,0.004361584782600403
883,0,1.0,0.10645792633295059,0.010524630546569824
883,0,3.0,0.31798726320266724,0.04476569592952728
883,0,3.0,0.3179872930049896,0.06873208284378052
883,0,1.0,0.09675890952348709,0.009588584303855896
883,0,1.0,0.09675891697406769,0.0027357488870620728
883,0,3.000000238418579,0.27015843987464905,0.05396856367588043
883,0,3.000000238418579,0.27015843987464905,0.03129802644252777
883,0,0.9999999403953552,0.09511560201644897,0.010573253035545349
883,0,0.9999999403953552,0.09511560201644897,0.0012758374214172363
883,0,3.0,0.3360078036785126,0.06102074682712555
883,0,3.0,0.3360078036785126,0.06444264948368073
883,0,1.0,0.09819719940423965,0.005183503031730652
883,0,1.0,0.09819719940423965,0.007572993636131287
883,0,3.0,0.28212231397628784,0.0614316463470459
883,0,3.0,0.28212231397628784,0.030054017901420593
883,0,0.9999999403953552,0.10527313500642776,0.011159896850585938
883,0,0.9999999403953552,0.10527313500642776,0.003365755081176758
883,0,3.0,0.2248304784297943,0.028899922966957092
883,0,3.0,0.2248304784297943,0.032861530780792236
883,0,0.9999998807907104,0.10313089191913605,0.007917627692222595
883,0,0.9999998807907104,0.10313089191913605,0.006127461791038513
883,0,3.0,0.27708593010902405,0.04120287299156189
883,0,3.0,0.27708593010902405,0.04860970377922058
883,0,1.0,0.07496444135904312,-0.0018081963062286377
883,0,1.0,0.07496444135904312,0.009113401174545288
883,0,2.999999761581421,0.25206097960472107,0.04219469428062439
883,0,2.999999761581421,0.25206097960472107,0.03367409110069275
883,0,1.0,0.11419066041707993,0.017342254519462585
883,0,1.0,0.11419066041707993,-0.000742003321647644
883,0,2.999999761581421,0.28879186511039734,0.031267136335372925
883,0,2.999999761581421,0.28879186511039734,0.06399719417095184
883,0,1.0,0.0941387489438057,0.0017651617527008057
883,0,1.0,0.0941387489438057,0.009877920150756836
883,0,3.0,0.26775872707366943,0.025084778666496277
883,0,3.0,0.26775872707366943,0.058060213923454285
883,0,1.0,0.09922728687524796,-0.0041244179010391235
883,0,1.0,0.09922728687524796,0.016450658440589905
883,0,3.0,0.3231008052825928,0.06507223844528198
874,0,1.0,0.1166156679391861,0.026475265622138977
874,0,1.0,0.1166156679391861,0.008760631084442139
874,0,3.0,0.25486040115356445,0.06757496297359467
874,0,3.0,0.25486040115356445,0.07556173205375671
874,0,1.0,0.10757893323898315,0.016636893153190613
874,0,1.0,0.10757893323898315,0.014067262411117554
874,0,2.999999761581421,0.2376321405172348,0.0634583979845047
874,0,2.999999761581421,0.2376321405172348,0.064059779047966
874,0,0.9999999403953552,0.09375237673521042,0.014142587780952454
874,0,0.9999999403953552,0.09375237673521042,0.009449288249015808
874,0,3.000000238418579,0.3426957428455353,0.12737327814102173
874,0,3.000000238418579,0.3426957428455353,0.10119301080703735
874,0,1.0,0.10901562869548798,0.022284269332885742
874,0,1.0,0.10901562869548798,0.00890621542930603
874,0,3.0,0.25302693247795105,0.06669850647449493
874,0,3.0,0.25302693247795105,0.07474385201931
874,0,1.0,0.10098517686128616,0.018252134323120117
874,0,1.0,0.10098517686128616,0.008830919861793518
874,0,3.0,0.25627243518829346,0.05390293896198273
874,0,3.0,0.25627243518829346,0.08908964693546295
874,0,1.0,0.08350389450788498,0.013652026653289795
874,0,1.0,0.08350389450788498,0.005128428339958191
874,0,3.0,0.3181775212287903,0.11060377955436707
874,0,3.0,0.3181775212287903,0.09348361194133759
874,0,0.9999999403953552,0.08799511939287186,0.009949371218681335
874,0,0.9999999403953552,0.08799511939287186,0.010970190167427063
874,0,3.0,0.2804165780544281,0.07990476489067078
874,0,3.0,0.2804165780544281,0.0873434990644455
874,0,0.9999999403953552,0.08164984732866287,0.00985400378704071
874,0,0.9999999403953552,0.08164984732866287,0.0082482248544693
874,0,2.999999761581421,0.32522374391555786,0.12108582258224487
874,0,2.999999761581421,0.32522374391555786,0.0893368273973465
874,0,1.0,0.09664488583803177,0.015573903918266296
874,0,1.0,0.09664488583803177,0.009405747056007385
874,0,3.000000238418579,0.30864769220352173,0.11196331679821014
874,0,3.000000238418579,0.30864769220352173,0.08194085955619812
874,0,0.9999999403953552,0.11025111377239227,0.022692635655403137
874,0,0.9999999403953552,0.11025111377239227,0.009170427918434143
874,0,3.0,0.31113454699516296,0.08714856207370758
874,0,3.0,0.31113454699516296,0.10966435074806213
874,0,1.0,0.10363321751356125,0.01462787389755249
874,0,1.0,0.10363321751356125,0.01398402452468872
874,0,3.0,0.26793429255485535,0.087394118309021
874,0,3.0,0.26793429255485535,0.06756334006786346
874,0,0.9999999403953552,0.10568513721227646,0.009077668190002441
874,0,0.9999999403953552,0.10568513721227646,0.020399898290634155
874,0,3.0,0.25822365283966064,0.0636959969997406
874,0,3.0,0.25822365283966064,0.0822165459394455
874,0,1.0,0.09239590167999268,0.004647374153137207
874,0,1.0,0.09239590167999268,0.018016695976257324
874,0,2.999999761581421,0.22233758866786957,0.06733903288841248
874,0,2.999999761581421,0.22233758866786957,0.04606205224990845
874,0,1.0,0.10483205318450928,0.0128316730260849
874,0,1.0,0.10483205318450928,0.016391322016716003
874,0,3.000000238418579,0.3014277517795563,0.10446210205554962
874,0,3.000000238418579,0.3014277517795563,0.08276693522930145
874,0,1.0,0.09324961155653,0.014653503894805908
874,0,1.0,0.09324961155653,0.008671760559082031
874,0,3.000000238418579,0.24676506221294403,0.061525434255599976
874,0,3.000000238418579,0.24676506221294403,0.07405708730220795
874,0,1.0,0.08457285165786743,0.011759132146835327
874,0,1.0,0.08457285165786743,0.0075906068086624146
874,0,2.999999761581421,0.26066330075263977,0.0671684592962265
896,0,1.0000001192092896,0.09239783138036728,0.001367807388305664
896,0,1.0000001192092896,0.09239783138036728,0.003918632864952087
896,0,3.000000238418579,0.3034946322441101,0.02855539321899414
896,0,3.000000238418579,0.3034782111644745,0.02379252016544342
896,0,1.0,0.09259557723999023,-0.0017022788524627686
896,0,1.0,0.09259557723999023,0.006886467337608337
896,0,3.0,0.26018044352531433,0.012845680117607117
896,0,3.0,0.2603222131729126,0.026263564825057983
896,0,0.9999999403953552,0.09200654178857803,0.0020038634538650513
896,0,0.9999999403953552,0.09200654178857803,0.0032474398612976074
896,0,3.0,0.2607298195362091,0.022486045956611633
896,0,3.0,0.2607070803642273,0.0170954167842865
896,0,0.9999999403953552,0.1060284674167633,-5.817413330078125e-05
896,0,0.9999999403953552,0.10602845996618271,0.006923854351043701
896,0,2.999999761581421,0.2830532193183899,0.010873377323150635
896,0,2.999999761581421,0.2832123339176178,0.0344487726688385
896,0,1.0,0.1040419340133667,0.0062853991985321045
896,0,1.0,0.1040419265627861,0.0003501474857330322
896,0,3.0,0.29504460096359253,0.02336353063583374
896,0,3.0,0.29504457116127014,0.026485994458198547
896,0,0.9999999403953552,0.10411525517702103,0.004816070199012756
896,0,0.9999999403953552,0.10411525517702103,0.0018778592348098755
896,0,3.0,0.29390817880630493,0.03461788594722748
896,0,3.0,0.2936745882034302,0.014177680015563965
896,0,0.9999999403953552,0.10196945071220398,0.0005080252885818481
896,0,0.9999999403953552,0.10196945071220398,0.0058781057596206665
896,0,2.999999761581421,0.32589638233184814,0.027337580919265747
896,0,2.999999761581421,0.325938880443573,0.03242333233356476
896,0,1.0,0.10728839784860611,0.0007876604795455933
896,0,1.0,0.10728839784860611,0.006276488304138184
896,0,2.999999761581421,0.29399293661117554,0.02539210021495819
896,0,2.999999761581421,0.29406359791755676,0.02408941090106964
896,0,1.0,0.07132390886545181,0.000965610146522522
896,0,1.0,0.07132390886545181,0.0022013485431671143
896,0,3.0,0.3049696087837219,0.011665627360343933
896,0,3.0,0.30473190546035767,0.03992633521556854
896,0,1.0,0.09307682514190674,0.004375681281089783
896,0,1.0,0.09307682514190674,0.000978812575340271
896,0,2.999999761581421,0.30604293942451477,0.028343036770820618
896,0,2.999999761581421,0.30607113242149353,0.024977967143058777
896,0,0.9999999403953552,0.07890412956476212,-0.0007772743701934814
896,0,0.9999999403953552,0.07890412956476212,0.004597663879394531
896,0,3.0,0.21334564685821533,0.016264528036117554
896,0,3.0,0.21342813968658447,0.010809972882270813
896,0,1.0,0.08345022797584534,0.00017452239990234375
896,0,1.0,0.08345022052526474,0.0041262805461883545
896,0,3.000000238418579,0.2647549510002136,0.006984531879425049
896,0,3.000000238418579,0.2646390199661255,0.03266620635986328
896,0,0.9999999403953552,0.10706117749214172,0.006258159875869751
896,0,0.9999999403953552,0.10706117749214172,0.0007764101028442383
896,0,3.0,0.31985369324684143,0.024439737200737
896,0,3.0,0.3197820782661438,0.03320987522602081
896,0,1.0,0.10226327180862427,0.0035379528999328613
896,0,1.0,0.10226327180862427,0.002937495708465576
896,0,3.0,0.2221543788909912,0.026558607816696167
896,0,3.0,0.2221543788909912,0.0016988813877105713
896,0,1.0,0.09097178280353546,0.0038061589002609253
896,0,1.0,0.09097179025411606,0.0013201385736465454
896,0,3.0,0.28838881850242615,0.02459220588207245
896,0,3.0,0.28835514187812805,0.023106932640075684
896,0,1.0,0.07768205553293228,0.0036296695470809937
896,0,1.0,0.07768205553293228,0.00010316073894500732
896,0,3.0,0.3088732957839966,0.031146571040153503
818,0,0.9999999403953552,0.0940772294998169,0.01119735836982727
818,0,0.9999999403953552,0.0940772294998169,0.006683617830276489
818,0,3.0,0.3688061237335205,0.09753720462322235
818,0,3.0,0.3688061237335205,0.10986152291297913
818,0,1.0,0.08018273115158081,0.004131793975830078
818,0,1.0,0.08018273115158081,0.008951038122177124
818,0,3.0,0.2869584560394287,0.0782662183046341
818,0,3.0,0.2869584560394287,0.05941237509250641
818,0,1.0,0.09536626189947128,0.018175944685935974
818,0,1.0,0.09536626189947128,-0.0003549903631210327
818,0,3.0,0.3019654154777527,0.08745703101158142
818,0,3.0,0.3019654154777527,0.062105655670166016
818,0,1.0,0.1115356981754303,0.008200868964195251
818,0,1.0,0.1115356981754303,0.01656748354434967
818,0,2.999999761581421,0.3033559024333954,0.06258384883403778
818,0,2.999999761581421,0.3033559024333954,0.08811469376087189
818,0,1.0,0.10154442489147186,0.016979604959487915
818,0,1.0,0.10154443234205246,0.0034888535737991333
818,0,3.000000238418579,0.31891414523124695,0.06450137495994568
818,0,3.000000238418579,0.31891414523124695,0.09859742224216461
818,0,1.0,0.1026671901345253,0.01658254861831665
818,0,1.0,0.1026671826839447,0.004386991262435913
818,0,2.999999761581421,0.279946893453598,0.06600350141525269
818,0,2.999999761581421,0.279946893453598,0.0664919912815094
818,0,1.0,0.10354360938072205,0.010090768337249756
818,0,1.0,0.10354360938072205,0.011472240090370178
818,0,2.999999761581421,0.32847991585731506,0.09817825257778168
818,0,2.999999761581421,0.32847994565963745,0.07365471124649048
818,0,1.0,0.0981275737285614,0.008936271071434021
818,0,1.0,0.0981275737285614,0.010499462485313416
818,0,3.000000238418579,0.3085643947124481,0.08485357463359833
818,0,3.000000238418579,0.3085643947124481,0.07067489624023438
818,0,1.0,0.09969455748796463,0.009002685546875
818,0,1.0,0.09969456493854523,0.011035233736038208
818,0,3.0,0.24971242249011993,0.05645418167114258
818,0,3.0,0.24971242249011993,0.05262042582035065
818,0,1.0,0.0899086743593216,0.00799185037612915
818,0,1.0,0.0899086743593216,0.008413061499595642
818,0,3.000000238418579,0.2521607279777527,0.05440095067024231
818,0,3.000000238418579,0.2521607279777527,0.05653177201747894
818,0,0.9999999403953552,0.11171576380729675,0.01715824007987976
818,0,0.9999999403953552,0.11171577125787735,0.007654085755348206
818,0,3.0,0.2868358790874481,0.06149478256702423
818,0,3.0,0.2868358790874481,0.07624946534633636
818,0,1.0,0.08018357306718826,0.006428629159927368
818,0,1.0,0.08018357306718826,0.0066937655210494995
818,0,3.0,0.3351081609725952,0.07035641372203827
818,0,3.0,0.3351081609725952,0.10638542473316193
818,0,0.9999999403953552,0.10676663368940353,0.015970662236213684
818,0,0.9999999403953552,0.10676663368940353,0.006768450140953064
818,0,3.000000238418579,0.27143996953964233,0.05974866449832916
818,0,3.000000238418579,0.27143996953964233,0.06598396599292755
818,0,0.9999999403953552,0.09920545667409897,0.021332427859306335
818,0,0.9999999403953552,0.09920545667409897,-0.0024146735668182373
818,0,3.0,0.2677326500415802,0.05836386978626251
818,0,3.0,0.2677326500415802,0.06447470188140869
818,0,1.0,0.11066988110542297,0.009916499257087708
818,0,1.0,0.11066987365484238,0.014561459422111511
818,0,3.000000238418579,0.23455795645713806,0.05978836119174957
818,0,3.000000238418579,0.23455795645713806,0.037439167499542236
818,0,0.9999999403953552,0.09944643825292587,0.004540741443634033
818,0,0.9999999403953552,0.09944643825292587,0.015218466520309448
818,0,3.0,0.2902240753173828,0.058687761425971985
940,0,0.9999999403953552,0.11494994908571243,0.026188254356384277
940,0,0.9999999403953552,0.11494994908571243,0.009519308805465698
940,0,3.0,0.33824679255485535,0.11552439630031586
940,0,3.0,0.33824679255485535,0.11578893661499023
940,0,1.0,0.10317626595497131,0.01034460961818695
940,0,1.0,0.10317626595497131,0.019030719995498657
940,0,3.0,0.2613515853881836,0.07987116277217865
940,0,3.0,0.2613515853881836,0.07414467632770538
940,0,1.0,0.11986608803272247,0.025022879242897034
940,0,1.0,0.11986608803272247,0.013901010155677795
940,0,3.0,0.29086798429489136,0.08283241093158722
940,0,3.0,0.29086798429489136,0.09976211190223694
940,0,1.0,0.09594880044460297,0.014088749885559082
940,0,1.0,0.09594880044460297,0.011598050594329834
940,0,3.0,0.3156283497810364,0.10280780494213104
940,0,3.0,0.3156283497810364,0.10511760413646698
940,0,0.9999999403953552,0.09322702884674072,0.00889180600643158
940,0,0.9999999403953552,0.09322702884674072,0.015356406569480896
940,0,3.0,0.31848254799842834,0.1151890903711319
940,0,3.0,0.31848254799842834,0.09524092078208923
940,0,0.9999999403953552,0.10704164206981659,0.013904005289077759
940,0,0.9999999403953552,0.10704164206981659,0.01770639419555664
940,0,3.0,0.283614844083786,0.08857806026935577
940,0,3.0,0.283614844083786,0.08714403212070465
940,0,1.0,0.09734652191400528,0.01246662437915802
940,0,1.0,0.09734652191400528,0.013946250081062317
940,0,2.999999761581421,0.30510419607162476,0.10354547202587128
940,0,2.999999761581421,0.30510419607162476,0.09356510639190674
940,0,0.9999999403953552,0.11075916141271591,0.009781405329704285
940,0,0.9999999403953552,0.11075916141271591,0.023629754781723022
940,0,3.0,0.2742486000061035,0.07978172600269318
940,0,3.0,0.2742486000061035,0.08669042587280273
940,0,1.0,0.11408036202192307,0.007086887955665588
940,0,1.0,0.11408036202192307,0.02784581482410431
940,0,3.0,0.2925390899181366,0.09990361332893372
940,0,3.0,0.2925390899181366,0.08441168069839478
940,0,1.0,0.10785719007253647,0.014934346079826355
940,0,1.0,0.10785719007253647,0.01714964210987091
940,0,2.999999761581421,0.3119103014469147,0.0921204686164856
940,0,2.999999761581421,0.3119103014469147,0.11160221695899963
940,0,1.0,0.08837079256772995,0.01089438796043396
940,0,1.0,0.08837079256772995,0.011056676506996155
940,0,3.000000238418579,0.25797542929649353,0.07691681385040283
940,0,3.000000238418579,0.25797542929649353,0.07390119135379791
940,0,1.0,0.0917523130774498,0.009174883365631104
940,0,1.0,0.0917523130774498,0.014368146657943726
940,0,2.999999761581421,0.2690877616405487,0.08600625395774841
940,0,2.999999761581421,0.2690877616405487,0.07536870241165161
940,0,1.0000001192092896,0.11031460016965866,0.012930303812026978
940,0,1.0000001192092896,0.11031460016965866,0.020458340644836426
940,0,3.0,0.25755783915519714,0.08737267553806305
940,0,3.0,0.25755783915519714,0.06228595972061157
940,0,1.0,0.11139784008264542,0.024013057351112366
940,0,1.0,0.11139784008264542,0.009745672345161438
940,0,3.0,0.3420482873916626,0.11607451736927032
940,0,3.0,0.3420482873916626,0.119203582406044
940,0,0.9999999403953552,0.1068618893623352,0.009708091616630554
940,0,0.9999999403953552,0.1068618893623352,0.0215827077627182
940,0,2.999999761581421,0.24506792426109314,0.06182168424129486
940,0,2.999999761581421,0.24506792426109314,0.076555535197258
940,0,0.9999998807907104,0.0951491966843605,0.015342310070991516
940,0,0.9999998807907104,0.0951491966843605,0.009895473718643188
940,0,3.0,0.34649568796157837,0.10349522531032562
958,0,0.9999999403953552,0.12212676554918289,0.009356752038002014
958,0,0.9999999403953552,0.12212676554918289,0.015413373708724976
958,0,3.000000238418579,0.31962883472442627,0.05073469877243042
958,0,3.000000238418579,0.31962883472442627,0.08982352912425995
958,0,1.0,0.10112252831459045,0.007813841104507446
958,0,1.0,0.10112252831459045,0.009421497583389282
958,0,3.000000238418579,0.3159545660018921,0.06820465624332428
958,0,3.000000238418579,0.3159545660018921,0.07139070332050323
958,0,1.0,0.09007523953914642,0.004191562533378601
958,0,1.0,0.09007523208856583,0.009520560503005981
958,0,3.0,0.25288254022598267,0.04588185250759125
958,0,3.0,0.25288254022598267,0.049416109919548035
958,0,0.9999999403953552,0.11323656886816025,0.01235942542552948
958,0,0.9999999403953552,0.11323656886816025,0.0090884268283844
958,0,2.999999761581421,0.26487699151039124,0.03465041518211365
958,0,2.999999761581421,0.26487699151039124,0.06732591986656189
958,0,1.0,0.10685572028160095,0.004865363240242004
958,0,1.0,0.10685572028160095,0.014180883765220642
958,0,3.0,0.2850138247013092,0.05813233554363251
958,0,3.0,0.2850138247013092,0.05912099778652191
958,0,1.0,0.10091052204370499,0.014837324619293213
958,0,1.0,0.10091052204370499,0.00206562876701355
958,0,3.0,0.31532010436058044,0.06057778000831604
958,0,3.0,0.31532010436058044,0.07819759845733643
958,0,1.0,0.09838157892227173,0.005468890070915222
958,0,1.0,0.09838157892227173,0.010826408863067627
958,0,2.999999761581421,0.26498427987098694,0.04014143347740173
958,0,2.999999761581421,0.26498425006866455,0.06262578070163727
958,0,1.0,0.10162467509508133,0.009316831827163696
958,0,1.0,0.10162468254566193,0.008087024092674255
958,0,3.0,0.2903498113155365,0.06569446623325348
958,0,3.0,0.2903498113155365,0.05520041286945343
958,0,1.0,0.09972993284463882,0.01259605586528778
958,0,1.0,0.09972993284463882,0.004065915942192078
958,0,3.0,0.2985842823982239,0.0759601891040802
958,0,3.0,0.2985842823982239,0.05016084015369415
958,0,0.9999999403953552,0.09059632569551468,0.009065166115760803
958,0,0.9999999403953552,0.09059632569551468,0.004820093512535095
958,0,3.0,0.2688085734844208,0.05432531237602234
958,0,3.0,0.2688085734844208,0.05167935788631439
958,0,1.0,0.10965804755687714,0.004208818078041077
958,0,1.0,0.10965804755687714,0.01574908196926117
958,0,2.999999761581421,0.29307234287261963,0.06338268518447876
958,0,2.999999761581421,0.29307231307029724,0.0595681369304657
958,0,1.0,0.09742993116378784,0.010528728365898132
958,0,1.0,0.09742993116378784,0.005465179681777954
958,0,3.0,0.27812981605529785,0.05377432703971863
958,0,3.0,0.27812981605529785,0.05863383412361145
958,0,1.0,0.08458016812801361,0.011551931500434875
958,0,1.0,0.08458016812801361,0.0004060417413711548
958,0,3.0,0.302342027425766,0.07211801409721375
958,0,3.0,0.302342027425766,0.057255446910858154
958,0,1.0,0.08103868365287781,0.0015421807765960693
958,0,1.0,0.08103868365287781,0.009536832571029663
958,0,3.0,0.29301393032073975,0.052667200565338135
958,0,3.0,0.29301393032073975,0.06989908218383789
958,0,0.9999999403953552,0.11057020723819733,0.013992145657539368
958,0,0.9999999403953552,0.11057020723819733,0.006414234638214111
958,0,3.0,0.30048149824142456,0.04540400207042694
958,0,3.0,0.30048149824142456,0.08133716881275177
958,0,0.9999999403953552,0.09361480176448822,0.01282869279384613
958,0,0.9999999403953552,0.09361480176448822,0.0018059909343719482
958,0,3.000000238418579,0.25872668623924255,0.06090492010116577
943,0,1.0,0.09404519945383072,0.006050080060958862
943,0,1.0,0.09404519945383072,0.015536919236183167
943,0,3.0,0.3011222779750824,0.08961349725723267
943,0,3.0,0.3011222779750824,0.08526882529258728
943,0,1.0,0.09168479591608047,0.01136864721775055
943,0,1.0,0.09168479591608047,0.009327247738838196
943,0,3.0,0.30299556255340576,0.09517669677734375
943,0,3.0,0.3029955327510834,0.08125773072242737
943,0,1.0,0.09371413290500641,0.0165976881980896
943,0,1.0,0.09371413290500641,0.004755362868309021
943,0,3.0,0.24844667315483093,0.058795228600502014
943,0,3.0,0.24844665825366974,0.06863747537136078
943,0,1.0,0.08684606850147247,0.016799330711364746
943,0,1.0,0.08684606105089188,0.0014331936836242676
943,0,3.0,0.28857794404029846,0.08991919457912445
943,0,3.0,0.28857794404029846,0.07304996252059937
943,0,1.0,0.11586277931928635,0.019279882311820984
943,0,1.0,0.11586278676986694,0.013038307428359985
943,0,3.000000238418579,0.2844020128250122,0.08627864718437195
943,0,3.000000238418579,0.2844020128250122,0.07299301028251648
943,0,1.0,0.12086436152458191,0.023152455687522888
943,0,1.0,0.12086436152458191,0.011704638600349426
943,0,3.000000238418579,0.2793050706386566,0.07538847625255585
943,0,3.000000238418579,0.2793050706386566,0.07943640649318695
943,0,0.9999999403953552,0.11430048197507858,0.017639324069023132
943,0,0.9999999403953552,0.11430048197507858,0.013898521661758423
943,0,3.0,0.2840158939361572,0.08185037970542908
943,0,3.0,0.2840158939361572,0.07725076377391815
943,0,1.0,0.08827768266201019,0.011595100164413452
943,0,1.0,0.08827768266201019,0.007620856165885925
943,0,3.0,0.2695865035057068,0.059431836009025574
943,0,3.0,0.2695865035057068,0.08582982420921326
943,0,0.9999999403953552,0.07561340928077698,0.007414862513542175
943,0,0.9999999403953552,0.07561340928077698,0.00683082640171051
943,0,3.0,0.33818280696868896,0.09065267443656921
943,0,3.0,0.3381827771663666,0.11870484054088593
943,0,1.0,0.08975087106227875,0.0029592961072921753
943,0,1.0,0.08975087106227875,0.016586855053901672
943,0,2.999999761581421,0.2775421738624573,0.083901047706604
943,0,2.999999761581421,0.2775421738624573,0.0690879076719284
943,0,1.0,0.08572185784578323,0.011751428246498108
943,0,1.0,0.08572185784578323,0.0063782185316085815
943,0,3.0,0.3008667826652527,0.0862007737159729
943,0,3.0,0.3008667826652527,0.08845894038677216
943,0,1.0,0.09979207813739777,0.010063722729682922
943,0,1.0,0.09979207813739777,0.014272138476371765
943,0,3.000000238418579,0.28338325023651123,0.09406208992004395
943,0,3.000000238418579,0.28338325023651123,0.06338289380073547
943,0,1.0,0.10138017684221268,0.021709799766540527
943,0,1.0,0.10138017684221268,0.0027938932180404663
943,0,3.0,0.28460294008255005,0.07540051639080048
943,0,3.0,0.28460294008255005,0.08417098224163055
943,0,1.0,0.09514262527227402,0.015163719654083252
943,0,1.0,0.09514262527227402,0.00695328414440155
943,0,3.0,0.3031718134880066,0.09944194555282593
943,0,3.0,0.3031718134880066,0.07679854333400726
943,0,0.9999999403953552,0.09991484135389328,0.02017390727996826
943,0,0.9999999403953552,0.09991484135389328,0.0037906616926193237
943,0,3.0,0.32289549708366394,0.09602147340774536
943,0,3.0,0.32289549708366394,0.09942789375782013
943,0,1.0,0.1057787612080574,0.012247815728187561
943,0,1.0,0.1057787537574768,0.014977410435676575
943,0,3.0,0.3370435833930969,0.10568337142467499
941,0,1.0,0.11445790529251099,0.009052202105522156
941,0,1.0,0.11445790529251099,0.023421168327331543
941,0,3.0,0.2938431203365326,0.06870011985301971
941,0,3.0,0.2938431203365326,0.103107750415802
941,0,1.0,0.08252997696399689,0.008260607719421387
941,0,1.0,0.08252997696399689,0.009277060627937317
941,0,2.999999761581421,0.3010037839412689,0.09254972636699677
941,0,2.999999761581421,0.3010037839412689,0.08738291263580322
941,0,1.0,0.08581754565238953,0.008735984563827515
941,0,1.0,0.08581754565238953,0.01017749309539795
941,0,3.0,0.3289415240287781,0.10642416775226593
941,0,3.0,0.3289415240287781,0.10056988894939423
941,0,1.0,0.09455351531505585,0.010254964232444763
941,0,1.0,0.09455351531505585,0.012539193034172058
941,0,3.0,0.3009859323501587,0.08795683085918427
941,0,3.0,0.3009859323501587,0.09197068214416504
941,0,1.0,0.12672922015190125,0.015841498970985413
941,0,1.0,0.12672922015190125,0.02380049228668213
941,0,3.0,0.25575342774391174,0.06701906025409698
941,0,3.0,0.25575339794158936,0.07102622091770172
941,0,0.9999999403953552,0.09919313341379166,0.007465988397598267
941,0,0.9999999403953552,0.09919313341379166,0.01736205816268921
941,0,3.0,0.3122996389865875,0.11104817688465118
941,0,3.0,0.3122996389865875,0.07860566675662994
941,0,0.9999999403953552,0.09583864361047745,0.017913877964019775
941,0,0.9999999403953552,0.09583864361047745,0.005208253860473633
941,0,3.000000238418579,0.27607908844947815,0.07591593265533447
941,0,3.000000238418579,0.27607908844947815,0.08061034977436066
941,0,1.0,0.0790228396654129,0.003947019577026367
941,0,1.0,0.0790228396654129,0.012058168649673462
941,0,2.999999761581421,0.3481094241142273,0.10627301037311554
941,0,2.999999761581421,0.3481094241142273,0.1195821762084961
941,0,0.9999999403953552,0.09613525867462158,0.013445407152175903
941,0,0.9999999403953552,0.09613525867462158,0.010076060891151428
941,0,2.999999761581421,0.3513467013835907,0.12429249286651611
941,0,2.999999761581421,0.3513467013835907,0.10459157824516296
941,0,0.9999999403953552,0.08015173673629761,0.0013106167316436768
941,0,0.9999999403953552,0.08015173673629761,0.01493234932422638
941,0,3.0,0.24762478470802307,0.0761723518371582
941,0,3.0,0.24762478470802307,0.05405162274837494
941,0,1.0,0.09613582491874695,0.00674043595790863
941,0,1.0,0.09613582491874695,0.016631484031677246
941,0,3.0,0.3155147433280945,0.09216852486133575
941,0,3.0,0.3155147433280945,0.10165499150753021
941,0,0.9999999403953552,0.10583272576332092,0.014992669224739075
941,0,0.9999999403953552,0.10583272576332092,0.013289988040924072
941,0,3.0,0.3159354031085968,0.0831167995929718
941,0,3.0,0.3159354031085968,0.11040189862251282
941,0,0.9999999403953552,0.08689052611589432,0.004365488886833191
941,0,0.9999999403953552,0.08689052611589432,0.014819309115409851
941,0,3.0,0.2793222665786743,0.07383561134338379
941,0,3.0,0.2793222665786743,0.08555737137794495
941,0,1.0,0.08883602172136307,0.012461423873901367
941,0,1.0,0.08883602172136307,0.007722407579421997
941,0,3.0,0.26433733105659485,0.05385710299015045
941,0,3.0,0.26433733105659485,0.09032303094863892
941,0,1.0,0.07356366515159607,0.01350720226764679
941,0,1.0,0.07356366515159607,0.0002008974552154541
941,0,3.0,0.3413877785205841,0.09544223546981812
941,0,3.0,0.3413877785205841,0.12310168147087097
941,0,1.0,0.0927949845790863,0.008555993437767029
941,0,1.0,0.0927949845790863,0.013398230075836182
941,0,3.0,0.3078138530254364,0.10937303304672241
859,0,0.9999999403953552,0.10007220506668091,0.003199368715286255
859,0,0.9999999403953552,0.10007220506668091,0.01082909107208252
859,0,3.000000238418579,0.28600478172302246,0.05258485674858093
859,0,3.000000238418579,0.28600478172302246,0.048083215951919556
859,0,1.0000001192092896,0.10784544050693512,0.001955553889274597
859,0,1.0000001192092896,0.10784544795751572,0.014144450426101685
859,0,3.0,0.3169197142124176,0.054778993129730225
859,0,3.0,0.3169197142124176,0.06528179347515106
859,0,1.0,0.08488906919956207,0.006778910756111145
859,0,1.0,0.08488906919956207,0.003432914614677429
859,0,3.0,0.315824031829834,0.06157618761062622
859,0,3.0,0.315824031829834,0.0578937828540802
859,0,1.0,0.08271954953670502,0.001016572117805481
859,0,1.0,0.08271954953670502,0.008609816431999207
859,0,3.0,0.2695820927619934,0.04854995012283325
859,0,3.0,0.2695820927619934,0.04218068718910217
859,0,1.0,0.10199757665395737,0.015419065952301025
859,0,1.0,0.10199757665395737,-0.0012137889862060547
859,0,3.0,0.33885353803634644,0.06990222632884979
859,0,3.0,0.33885353803634644,0.06469805538654327
859,0,0.9999999403953552,0.10240261256694794,0.007590815424919128
859,0,0.9999999403953552,0.10240261256694794,0.0071824342012405396
859,0,3.0,0.2453189641237259,0.04059585928916931
859,0,3.0,0.2453189492225647,0.03615798056125641
859,0,1.0,0.10047552734613419,0.0050487220287323
859,0,1.0,0.10047552734613419,0.009159088134765625
859,0,3.000000238418579,0.3780547082424164,0.07371997833251953
859,0,3.000000238418579,0.3780547082424164,0.08757700026035309
859,0,0.9999999403953552,0.09426729381084442,0.0041679441928863525
859,0,0.9999999403953552,0.09426729381084442,0.008368954062461853
859,0,3.0,0.29696598649024963,0.07164579629898071
859,0,3.0,0.29696598649024963,0.03406043350696564
859,0,1.0,0.08524136245250702,0.006205618381500244
859,0,1.0,0.08524136245250702,0.004101112484931946
859,0,3.0,0.2726161479949951,0.0390569269657135
859,0,3.0,0.2726161479949951,0.05326862633228302
859,0,1.0,0.08869251608848572,0.0058226436376571655
859,0,1.0,0.08869251608848572,0.005327329039573669
859,0,2.999999761581421,0.3169652819633484,0.06112518906593323
859,0,2.999999761581421,0.3169652819633484,0.05909453332424164
859,0,0.9999999403953552,0.10554561764001846,0.011286124587059021
859,0,0.9999999403953552,0.10554561764001846,0.004304811358451843
859,0,3.0,0.29054874181747437,0.05089972913265228
859,0,3.0,0.29054874181747437,0.0525900274515152
859,0,0.9999999403953552,0.10041873902082443,0.0027118027210235596
859,0,0.9999999403953552,0.10041873902082443,0.011384427547454834
859,0,3.000000238418579,0.32949185371398926,0.05603945255279541
859,0,3.000000238418579,0.32949185371398926,0.07206681370735168
859,0,1.0,0.10540604591369629,0.005337819457054138
859,0,1.0,0.10540604591369629,0.010252967476844788
859,0,3.0,0.27043774724006653,0.03621518611907959
859,0,3.0,0.27043774724006653,0.05463172495365143
859,0,0.9999999403953552,0.10713646560907364,0.008858993649482727
859,0,0.9999999403953552,0.10713646560907364,0.007270947098731995
859,0,3.0,0.26788994669914246,0.06240499019622803
859,0,3.0,0.26788994669914246,0.0255880206823349
859,0,1.0,0.08852404356002808,0.0031634867191314697
859,0,1.0,0.08852404356002808,0.007907971739768982
859,0,3.0,0.2285158634185791,0.03616367280483246
859,0,3.0,0.2285158783197403,0.031374648213386536
859,0,0.9999999403953552,0.11621160805225372,0.011061489582061768
859,0,0.9999999403953552,0.11621161550283432,0.007817104458808899
859,0,3.0,0.32124945521354675,0.05248309671878815
