Horizon,Case,SolverStep,Stage,ActionsDifferent,ImmediateGain,GreedyFinalError,LongFinalError,TrajectoryGain
5,854,0,Early,True,-0.009176770225167274,0.13563942909240723,0.13394051790237427,0.001698911190032959
5,854,1,Early,False,0.0,0.13563942909240723,0.13394051790237427,0.001698911190032959
5,854,2,Early,False,0.0,0.13563942909240723,0.13394051790237427,0.001698911190032959
5,854,3,Early,True,-0.003073698841035366,0.13563942909240723,0.13394051790237427,0.001698911190032959
5,854,4,Early,False,0.0,0.13563942909240723,0.13394051790237427,0.001698911190032959
5,893,0,Early,False,0.0,0.1357748955488205,0.1357748955488205,0.0
5,893,1,Early,False,0.0,0.1357748955488205,0.1357748955488205,0.0
5,893,2,Early,False,0.0,0.1357748955488205,0.1357748955488205,0.0
5,893,3,Early,False,0.0,0.1357748955488205,0.1357748955488205,0.0
5,893,4,Early,False,0.0,0.1357748955488205,0.1357748955488205,0.0
5,998,0,Early,False,0.0,0.13939720392227173,0.13938753306865692,9.670853614807129e-06
5,998,1,Early,False,0.0,0.13939720392227173,0.13938753306865692,9.670853614807129e-06
5,998,2,Early,True,-0.003917841240763664,0.13939720392227173,0.13938753306865692,9.670853614807129e-06
5,998,3,Early,False,0.0,0.13939720392227173,0.13938753306865692,9.670853614807129e-06
5,998,4,Early,False,0.0,0.13939720392227173,0.13938753306865692,9.670853614807129e-06
5,802,0,Early,False,0.0,0.13782896101474762,0.14037859439849854,-0.0025496333837509155
5,802,1,Early,True,-0.015248928219079971,0.13782896101474762,0.14037859439849854,-0.0025496333837509155
5,802,2,Early,False,0.0,0.13782896101474762,0.14037859439849854,-0.0025496333837509155
5,802,3,Early,True,-0.0009794970974326134,0.13782896101474762,0.14037859439849854,-0.0025496333837509155
5,802,4,Early,False,0.0,0.13782896101474762,0.14037859439849854,-0.0025496333837509155
5,919,0,Early,False,0.0,0.14028304815292358,0.14028304815292358,0.0
5,919,1,Early,False,0.0,0.14028304815292358,0.14028304815292358,0.0
5,919,2,Early,False,0.0,0.14028304815292358,0.14028304815292358,0.0
5,919,3,Early,False,0.0,0.14028304815292358,0.14028304815292358,0.0
5,919,4,Early,False,0.0,0.14028304815292358,0.14028304815292358,0.0
5,860,0,Early,False,0.0,0.1383177638053894,0.13444210588932037,0.0038756579160690308
5,860,1,Early,True,-0.006306411698460579,0.1383177638053894,0.13444210588932037,0.0038756579160690308
5,860,2,Early,False,0.0,0.1383177638053894,0.13444210588932037,0.0038756579160690308
5,860,3,Early,False,0.0,0.1383177638053894,0.13444210588932037,0.0038756579160690308
5,860,4,Early,False,0.0,0.1383177638053894,0.13444210588932037,0.0038756579160690308
5,847,0,Early,False,0.0,0.12997175753116608,0.12997175753116608,0.0
5,847,1,Early,False,0.0,0.12997175753116608,0.12997175753116608,0.0
5,847,2,Early,False,0.0,0.12997175753116608,0.12997175753116608,0.0
5,847,3,Early,False,0.0,0.12997175753116608,0.12997175753116608,0.0
5,847,4,Early,False,0.0,0.12997175753116608,0.12997175753116608,0.0
5,982,0,Early,True,-0.015918781980872154,0.1195349171757698,0.12153096497058868,-0.001996047794818878
5,982,1,Early,False,0.0,0.1195349171757698,0.12153096497058868,-0.001996047794818878
5,982,2,Early,False,0.0,0.1195349171757698,0.12153096497058868,-0.001996047794818878
5,982,3,Early,False,0.0,0.1195349171757698,0.12153096497058868,-0.001996047794818878
5,982,4,Early,False,0.0,0.1195349171757698,0.12153096497058868,-0.001996047794818878
5,816,0,Early,False,0.0,0.14049695432186127,0.14049695432186127,0.0
5,816,1,Early,False,0.0,0.14049695432186127,0.14049695432186127,0.0
5,816,2,Early,False,0.0,0.14049695432186127,0.14049695432186127,0.0
5,816,3,Early,False,0.0,0.14049695432186127,0.14049695432186127,0.0
5,816,4,Early,False,0.0,0.14049695432186127,0.14049695432186127,0.0
5,911,0,Early,False,0.0,0.14108550548553467,0.14191851019859314,-0.0008330047130584717
5,911,1,Early,True,-0.004548840224742889,0.14108550548553467,0.14191851019859314,-0.0008330047130584717
5,911,2,Early,False,0.0,0.14108550548553467,0.14191851019859314,-0.0008330047130584717
5,911,3,Early,False,0.0,0.14108550548553467,0.14191851019859314,-0.0008330047130584717
5,911,4,Early,False,0.0,0.14108550548553467,0.14191851019859314,-0.0008330047130584717
5,969,0,Early,False,0.0,0.13027746975421906,0.1319420486688614,-0.001664578914642334
5,969,1,Early,True,-0.0013199150562286377,0.13027746975421906,0.1319420486688614,-0.001664578914642334
5,969,2,Early,False,0.0,0.13027746975421906,0.1319420486688614,-0.001664578914642334
5,969,3,Early,False,0.0,0.13027746975421906,0.1319420486688614,-0.001664578914642334
5,969,4,Early,False,0.0,0.13027746975421906,0.1319420486688614,-0.001664578914642334
5,914,0,Early,False,0.0,0.14024005830287933,0.14024005830287933,0.0
5,914,1,Early,False,0.0,0.14024005830287933,0.14024005830287933,0.0
5,914,2,Early,False,0.0,0.14024005830287933,0.14024005830287933,0.0
5,914,3,Early,False,0.0,0.14024005830287933,0.14024005830287933,0.0
5,914,4,Early,False,0.0,0.14024005830287933,0.14024005830287933,0.0
5,937,0,Early,False,0.0,0.1256861835718155,0.1256861835718155,0.0
5,937,1,Early,False,0.0,0.1256861835718155,0.1256861835718155,0.0
5,937,2,Early,False,0.0,0.1256861835718155,0.1256861835718155,0.0
5,937,3,Early,False,0.0,0.1256861835718155,0.1256861835718155,0.0
5,937,4,Early,False,0.0,0.1256861835718155,0.1256861835718155,0.0
5,810,0,Early,True,-0.02470121718943119,0.1327073574066162,0.13481169939041138,-0.002104341983795166
5,810,1,Early,False,0.0,0.1327073574066162,0.13481169939041138,-0.002104341983795166
5,810,2,Early,False,0.0,0.1327073574066162,0.13481169939041138,-0.002104341983795166
5,810,3,Early,False,0.0,0.1327073574066162,0.13481169939041138,-0.002104341983795166
5,810,4,Early,False,0.0,0.1327073574066162,0.13481169939041138,-0.002104341983795166
5,912,0,Early,False,0.0,0.1367245316505432,0.1374257504940033,-0.000701218843460083
5,912,1,Early,False,0.0,0.1367245316505432,0.1374257504940033,-0.000701218843460083
5,912,2,Early,True,-0.001340652583166957,0.1367245316505432,0.1374257504940033,-0.000701218843460083
5,912,3,Early,False,0.0,0.1367245316505432,0.1374257504940033,-0.000701218843460083
5,912,4,Early,False,0.0,0.1367245316505432,0.1374257504940033,-0.000701218843460083
5,886,0,Early,False,0.0,0.13819780945777893,0.13819780945777893,0.0
5,886,1,Early,False,0.0,0.13819780945777893,0.13819780945777893,0.0
5,886,2,Early,False,0.0,0.13819780945777893,0.13819780945777893,0.0
5,886,3,Early,False,0.0,0.13819780945777893,0.13819780945777893,0.0
5,886,4,Early,False,0.0,0.13819780945777893,0.13819780945777893,0.0
5,887,0,Early,True,-0.0031518498435616493,0.1402433067560196,0.13822227716445923,0.0020210295915603638
5,887,1,Early,True,-0.01206161454319954,0.1402433067560196,0.13822227716445923,0.0020210295915603638
5,887,2,Early,False,0.0,0.1402433067560196,0.13822227716445923,0.0020210295915603638
5,887,3,Early,False,0.0,0.1402433067560196,0.13822227716445923,0.0020210295915603638
5,887,4,Early,False,0.0,0.1402433067560196,0.13822227716445923,0.0020210295915603638
5,833,0,Early,False,0.0,0.1397155225276947,0.13924795389175415,0.00046756863594055176
5,833,1,Early,True,-0.0007796995341777802,0.1397155225276947,0.13924795389175415,0.00046756863594055176
5,833,2,Early,False,0.0,0.1397155225276947,0.13924795389175415,0.00046756863594055176
5,833,3,Early,False,0.0,0.1397155225276947,0.13924795389175415,0.00046756863594055176
5,833,4,Early,False,0.0,0.1397155225276947,0.13924795389175415,0.00046756863594055176
5,822,0,Early,False,0.0,0.13867896795272827,0.13867896795272827,0.0
5,822,1,Early,False,0.0,0.13867896795272827,0.13867896795272827,0.0
5,822,2,Early,False,0.0,0.13867896795272827,0.13867896795272827,0.0
5,822,3,Early,False,0.0,0.13867896795272827,0.13867896795272827,0.0
5,822,4,Early,False,0.0,0.13867896795272827,0.13867896795272827,0.0
5,963,0,Early,False,0.0,0.13288936018943787,0.13288936018943787,0.0
5,963,1,Early,False,0.0,0.13288936018943787,0.13288936018943787,0.0
5,963,2,Early,False,0.0,0.13288936018943787,0.13288936018943787,0.0
5,963,3,Early,False,0.0,0.13288936018943787,0.13288936018943787,0.0
5,963,4,Early,False,0.0,0.13288936018943787,0.13288936018943787,0.0
5,809,0,Early,False,0.0,0.12885992228984833,0.1271059513092041,0.001753970980644226
5,809,1,Early,False,0.0,0.12885992228984833,0.1271059513092041,0.001753970980644226
5,809,2,Early,False,0.0,0.12885992228984833,0.1271059513092041,0.001753970980644226
5,809,3,Early,True,-0.0010650800541043282,0.12885992228984833,0.1271059513092041,0.001753970980644226
5,809,4,Early,False,0.0,0.12885992228984833,0.1271059513092041,0.001753970980644226
5,819,0,Early,False,0.0,0.13543282449245453,0.13448308408260345,0.0009497404098510742
5,819,1,Early,False,0.0,0.13543282449245453,0.13448308408260345,0.0009497404098510742
5,819,2,Early,True,-0.006553848274052143,0.13543282449245453,0.13448308408260345,0.0009497404098510742
5,819,3,Early,True,-0.0027152681723237038,0.13543282449245453,0.13448308408260345,0.0009497404098510742
5,819,4,Early,False,0.0,0.13543282449245453,0.13448308408260345,0.0009497404098510742
5,877,0,Early,True,-0.002287380862981081,0.13391925394535065,0.1352870911359787,-0.0013678371906280518
5,877,1,Early,False,0.0,0.13391925394535065,0.1352870911359787,-0.0013678371906280518
5,877,2,Early,True,-0.0022104789968580008,0.13391925394535065,0.1352870911359787,-0.0013678371906280518
5,877,3,Early,False,0.0,0.13391925394535065,0.1352870911359787,-0.0013678371906280518
5,877,4,Early,False,0.0,0.13391925394535065,0.1352870911359787,-0.0013678371906280518
5,817,0,Early,False,0.0,0.1370869129896164,0.1370869129896164,0.0
5,817,1,Early,False,0.0,0.1370869129896164,0.1370869129896164,0.0
5,817,2,Early,False,0.0,0.1370869129896164,0.1370869129896164,0.0
5,817,3,Early,False,0.0,0.1370869129896164,0.1370869129896164,0.0
5,817,4,Early,False,0.0,0.1370869129896164,0.1370869129896164,0.0
5,987,0,Early,False,0.0,0.13484784960746765,0.13523773849010468,-0.0003898888826370239
5,987,1,Early,False,0.0,0.13484784960746765,0.13523773849010468,-0.0003898888826370239
5,987,2,Early,True,-0.0010658791288733482,0.13484784960746765,0.13523773849010468,-0.0003898888826370239
5,987,3,Early,False,0.0,0.13484784960746765,0.13523773849010468,-0.0003898888826370239
5,987,4,Early,False,0.0,0.13484784960746765,0.13523773849010468,-0.0003898888826370239
5,954,0,Early,False,0.0,0.13230371475219727,0.13233573734760284,-3.202259540557861e-05
5,954,1,Early,True,-0.022347120568156242,0.13230371475219727,0.13233573734760284,-3.202259540557861e-05
5,954,2,Early,False,0.0,0.13230371475219727,0.13233573734760284,-3.202259540557861e-05
5,954,3,Early,False,0.0,0.13230371475219727,0.13233573734760284,-3.202259540557861e-05
5,954,4,Early,False,0.0,0.13230371475219727,0.13233573734760284,-3.202259540557861e-05
5,890,0,Early,False,0.0,0.14086444675922394,0.140811026096344,5.342066287994385e-05
5,890,1,Early,True,-0.00408376008272171,0.14086444675922394,0.140811026096344,5.342066287994385e-05
5,890,2,Early,False,0.0,0.14086444675922394,0.140811026096344,5.342066287994385e-05
5,890,3,Early,False,0.0,0.14086444675922394,0.140811026096344,5.342066287994385e-05
5,890,4,Early,False,0.0,0.14086444675922394,0.140811026096344,5.342066287994385e-05
5,831,0,Early,False,0.0,0.16927596926689148,0.16927596926689148,0.0
5,831,1,Early,False,0.0,0.16927596926689148,0.16927596926689148,0.0
5,831,2,Early,False,0.0,0.16927596926689148,0.16927596926689148,0.0
5,831,3,Early,False,0.0,0.16927596926689148,0.16927596926689148,0.0
5,831,4,Early,False,0.0,0.16927596926689148,0.16927596926689148,0.0
5,862,0,Early,False,0.0,0.11998606473207474,0.11945336312055588,0.0005327016115188599
5,862,1,Early,True,-0.01780182123184204,0.11998606473207474,0.11945336312055588,0.0005327016115188599
5,862,2,Early,False,0.0,0.11998606473207474,0.11945336312055588,0.0005327016115188599
5,862,3,Early,False,0.0,0.11998606473207474,0.11945336312055588,0.0005327016115188599
5,862,4,Early,False,0.0,0.11998606473207474,0.11945336312055588,0.0005327016115188599
5,986,0,Early,False,0.0,0.12837354838848114,0.12837354838848114,0.0
5,986,1,Early,False,0.0,0.12837354838848114,0.12837354838848114,0.0
5,986,2,Early,False,0.0,0.12837354838848114,0.12837354838848114,0.0
5,986,3,Early,False,0.0,0.12837354838848114,0.12837354838848114,0.0
5,986,4,Early,False,0.0,0.12837354838848114,0.12837354838848114,0.0
5,905,0,Early,True,-0.018666330724954605,0.12064750492572784,0.1201438456773758,0.0005036592483520508
5,905,1,Early,False,0.0,0.12064750492572784,0.1201438456773758,0.0005036592483520508
5,905,2,Early,False,0.0,0.12064750492572784,0.1201438456773758,0.0005036592483520508
5,905,3,Early,False,0.0,0.12064750492572784,0.1201438456773758,0.0005036592483520508
5,905,4,Early,False,0.0,0.12064750492572784,0.1201438456773758,0.0005036592483520508
5,917,0,Early,False,0.0,0.1347532570362091,0.13404296338558197,0.0007102936506271362
5,917,1,Early,False,0.0,0.1347532570362091,0.13404296338558197,0.0007102936506271362
5,917,2,Early,True,-0.0036600264720618725,0.1347532570362091,0.13404296338558197,0.0007102936506271362
5,917,3,Early,True,-0.0006320062093436718,0.1347532570362091,0.13404296338558197,0.0007102936506271362
5,917,4,Early,False,0.0,0.1347532570362091,0.13404296338558197,0.0007102936506271362
5,873,0,Early,False,0.0,0.13110952079296112,0.13172240555286407,-0.0006128847599029541
5,873,1,Early,True,-0.002499355934560299,0.13110952079296112,0.13172240555286407,-0.0006128847599029541
5,873,2,Early,False,0.0,0.13110952079296112,0.13172240555286407,-0.0006128847599029541
5,873,3,Early,False,0.0,0.13110952079296112,0.13172240555286407,-0.0006128847599029541
5,873,4,Early,False,0.0,0.13110952079296112,0.13172240555286407,-0.0006128847599029541
5,950,0,Early,False,0.0,0.14041267335414886,0.14041267335414886,0.0
5,950,1,Early,False,0.0,0.14041267335414886,0.14041267335414886,0.0
5,950,2,Early,False,0.0,0.14041267335414886,0.14041267335414886,0.0
5,950,3,Early,False,0.0,0.14041267335414886,0.14041267335414886,0.0
5,950,4,Early,False,0.0,0.14041267335414886,0.14041267335414886,0.0
5,850,0,Early,False,0.0,0.12844283878803253,0.12844283878803253,0.0
5,850,1,Early,False,0.0,0.12844283878803253,0.12844283878803253,0.0
5,850,2,Early,False,0.0,0.12844283878803253,0.12844283878803253,0.0
5,850,3,Early,False,0.0,0.12844283878803253,0.12844283878803253,0.0
5,850,4,Early,False,0.0,0.12844283878803253,0.12844283878803253,0.0
5,868,0,Early,False,0.0,0.11582895368337631,0.11582895368337631,0.0
5,868,1,Early,False,0.0,0.11582895368337631,0.11582895368337631,0.0
5,868,2,Early,False,0.0,0.11582895368337631,0.11582895368337631,0.0
5,868,3,Early,False,0.0,0.11582895368337631,0.11582895368337631,0.0
5,868,4,Early,False,0.0,0.11582895368337631,0.11582895368337631,0.0
5,928,0,Early,False,0.0,0.1330062448978424,0.1330062448978424,0.0
5,928,1,Early,False,0.0,0.1330062448978424,0.1330062448978424,0.0
5,928,2,Early,False,0.0,0.1330062448978424,0.1330062448978424,0.0
5,928,3,Early,False,0.0,0.1330062448978424,0.1330062448978424,0.0
5,928,4,Early,False,0.0,0.1330062448978424,0.1330062448978424,0.0
5,889,0,Early,False,0.0,0.12902899086475372,0.13111184537410736,-0.0020828545093536377
5,889,1,Early,True,-0.016116049140691757,0.12902899086475372,0.13111184537410736,-0.0020828545093536377
5,889,2,Early,False,0.0,0.12902899086475372,0.13111184537410736,-0.0020828545093536377
5,889,3,Early,False,0.0,0.12902899086475372,0.13111184537410736,-0.0020828545093536377
5,889,4,Early,False,0.0,0.12902899086475372,0.13111184537410736,-0.0020828545093536377
5,960,0,Early,True,-0.00047823184286244214,0.141316220164299,0.1430664211511612,-0.0017502009868621826
5,960,1,Early,False,0.0,0.141316220164299,0.1430664211511612,-0.0017502009868621826
5,960,2,Early,False,0.0,0.141316220164299,0.1430664211511612,-0.0017502009868621826
5,960,3,Early,False,0.0,0.141316220164299,0.1430664211511612,-0.0017502009868621826
5,960,4,Early,False,0.0,0.141316220164299,0.1430664211511612,-0.0017502009868621826
5,811,0,Early,False,0.0,0.13878102600574493,0.13878102600574493,0.0
5,811,1,Early,False,0.0,0.13878102600574493,0.13878102600574493,0.0
5,811,2,Early,False,0.0,0.13878102600574493,0.13878102600574493,0.0
5,811,3,Early,False,0.0,0.13878102600574493,0.13878102600574493,0.0
5,811,4,Early,False,0.0,0.13878102600574493,0.13878102600574493,0.0
5,944,0,Early,False,0.0,0.13083361089229584,0.13020160794258118,0.0006320029497146606
5,944,1,Early,True,-0.0038164984434843063,0.13083361089229584,0.13020160794258118,0.0006320029497146606
5,944,2,Early,False,0.0,0.13083361089229584,0.13020160794258118,0.0006320029497146606
5,944,3,Early,True,-5.038478411734104e-05,0.13083361089229584,0.13020160794258118,0.0006320029497146606
5,944,4,Early,False,0.0,0.13083361089229584,0.13020160794258118,0.0006320029497146606
5,881,0,Early,True,-0.011418879963457584,0.12556317448616028,0.12383514642715454,0.0017280280590057373
5,881,1,Early,False,0.0,0.12556317448616028,0.12383514642715454,0.0017280280590057373
5,881,2,Early,False,0.0,0.12556317448616028,0.12383514642715454,0.0017280280590057373
5,881,3,Early,False,0.0,0.12556317448616028,0.12383514642715454,0.0017280280590057373
5,881,4,Early,False,0.0,0.12556317448616028,0.12383514642715454,0.0017280280590057373
5,882,0,Early,True,-0.0028986893594264984,0.12636542320251465,0.12663906812667847,-0.00027364492416381836
5,882,1,Early,True,-0.003683098591864109,0.12636542320251465,0.12663906812667847,-0.00027364492416381836
5,882,2,Early,False,0.0,0.12636542320251465,0.12663906812667847,-0.00027364492416381836
5,882,3,Early,True,-0.0007457226165570319,0.12636542320251465,0.12663906812667847,-0.00027364492416381836
5,882,4,Early,False,0.0,0.12636542320251465,0.12663906812667847,-0.00027364492416381836
5,898,0,Early,False,0.0,0.11523512750864029,0.11523512750864029,0.0
5,898,1,Early,False,0.0,0.11523512750864029,0.11523512750864029,0.0
5,898,2,Early,False,0.0,0.11523512750864029,0.11523512750864029,0.0
5,898,3,Early,False,0.0,0.11523512750864029,0.11523512750864029,0.0
5,898,4,Early,False,0.0,0.11523512750864029,0.11523512750864029,0.0
5,848,0,Early,True,-0.00040236394852399826,0.13174396753311157,0.13129198551177979,0.0004519820213317871
5,848,1,Early,True,-0.0028903819620609283,0.13174396753311157,0.13129198551177979,0.0004519820213317871
5,848,2,Early,False,0.0,0.13174396753311157,0.13129198551177979,0.0004519820213317871
5,848,3,Early,False,0.0,0.13174396753311157,0.13129198551177979,0.0004519820213317871
5,848,4,Early,False,0.0,0.13174396753311157,0.13129198551177979,0.0004519820213317871
5,973,0,Early,True,-0.0015430077910423279,0.13987521827220917,0.1416388303041458,-0.0017636120319366455
5,973,1,Early,True,-0.018782131373882294,0.13987521827220917,0.1416388303041458,-0.0017636120319366455
5,973,2,Early,False,0.0,0.13987521827220917,0.1416388303041458,-0.0017636120319366455
5,973,3,Early,False,0.0,0.13987521827220917,0.1416388303041458,-0.0017636120319366455
5,973,4,Early,False,0.0,0.13987521827220917,0.1416388303041458,-0.0017636120319366455
5,838,0,Early,False,0.0,0.11962562054395676,0.11962562054395676,0.0
5,838,1,Early,False,0.0,0.11962562054395676,0.11962562054395676,0.0
5,838,2,Early,False,0.0,0.11962562054395676,0.11962562054395676,0.0
5,838,3,Early,False,0.0,0.11962562054395676,0.11962562054395676,0.0
5,838,4,Early,False,0.0,0.11962562054395676,0.11962562054395676,0.0
5,924,0,Early,False,0.0,0.1291295439004898,0.1291295439004898,0.0
5,924,1,Early,False,0.0,0.1291295439004898,0.1291295439004898,0.0
5,924,2,Early,False,0.0,0.1291295439004898,0.1291295439004898,0.0
5,924,3,Early,False,0.0,0.1291295439004898,0.1291295439004898,0.0
5,924,4,Early,False,0.0,0.1291295439004898,0.1291295439004898,0.0
5,812,0,Early,False,0.0,0.13844145834445953,0.13844145834445953,0.0
5,812,1,Early,False,0.0,0.13844145834445953,0.13844145834445953,0.0
5,812,2,Early,False,0.0,0.13844145834445953,0.13844145834445953,0.0
5,812,3,Early,False,0.0,0.13844145834445953,0.13844145834445953,0.0
5,812,4,Early,False,0.0,0.13844145834445953,0.13844145834445953,0.0
5,945,0,Early,False,0.0,0.1400691121816635,0.13927438855171204,0.000794723629951477
5,945,1,Early,False,0.0,0.1400691121816635,0.13927438855171204,0.000794723629951477
5,945,2,Early,True,-0.0013126202393323183,0.1400691121816635,0.13927438855171204,0.000794723629951477
5,945,3,Early,False,0.0,0.1400691121816635,0.13927438855171204,0.000794723629951477
5,945,4,Early,False,0.0,0.1400691121816635,0.13927438855171204,0.000794723629951477
5,933,0,Early,True,-0.006301105488091707,0.13678963482379913,0.13915711641311646,-0.0023674815893173218
5,933,1,Early,True,-0.0032123252749443054,0.13678963482379913,0.13915711641311646,-0.0023674815893173218
5,933,2,Early,False,0.0,0.13678963482379913,0.13915711641311646,-0.0023674815893173218
5,933,3,Early,False,0.0,0.13678963482379913,0.13915711641311646,-0.0023674815893173218
5,933,4,Early,False,0.0,0.13678963482379913,0.13915711641311646,-0.0023674815893173218
5,851,0,Early,False,0.0,0.14207686483860016,0.14135220646858215,0.0007246583700180054
5,851,1,Early,True,-0.008178824558854103,0.14207686483860016,0.14135220646858215,0.0007246583700180054
5,851,2,Early,False,0.0,0.14207686483860016,0.14135220646858215,0.0007246583700180054
5,851,3,Early,False,0.0,0.14207686483860016,0.14135220646858215,0.0007246583700180054
5,851,4,Early,False,0.0,0.14207686483860016,0.14135220646858215,0.0007246583700180054
5,844,0,Early,False,0.0,0.14337058365345,0.14337058365345,0.0
5,844,1,Early,False,0.0,0.14337058365345,0.14337058365345,0.0
5,844,2,Early,False,0.0,0.14337058365345,0.14337058365345,0.0
5,844,3,Early,False,0.0,0.14337058365345,0.14337058365345,0.0
5,844,4,Early,False,0.0,0.14337058365345,0.14337058365345,0.0
5,916,0,Early,False,0.0,0.1329207569360733,0.1334378719329834,-0.0005171149969100952
5,916,1,Early,True,-0.006669488735496998,0.1329207569360733,0.1334378719329834,-0.0005171149969100952
5,916,2,Early,True,-0.0006525206845253706,0.1329207569360733,0.1334378719329834,-0.0005171149969100952
5,916,3,Early,False,0.0,0.1329207569360733,0.1334378719329834,-0.0005171149969100952
5,916,4,Early,False,0.0,0.1329207569360733,0.1334378719329834,-0.0005171149969100952
5,855,0,Early,True,-0.013841274194419384,0.14149492979049683,0.14231102168560028,-0.0008160918951034546
5,855,1,Early,True,-0.010117457248270512,0.14149492979049683,0.14231102168560028,-0.0008160918951034546
5,855,2,Early,False,0.0,0.14149492979049683,0.14231102168560028,-0.0008160918951034546
5,855,3,Early,False,0.0,0.14149492979049683,0.14231102168560028,-0.0008160918951034546
5,855,4,Early,False,0.0,0.14149492979049683,0.14231102168560028,-0.0008160918951034546
5,883,0,Early,True,-0.0015765164280310273,0.13811910152435303,0.13911451399326324,-0.0009954124689102173
5,883,1,Early,True,-0.007955478504300117,0.13811910152435303,0.13911451399326324,-0.0009954124689102173
5,883,2,Early,False,0.0,0.13811910152435303,0.13911451399326324,-0.0009954124689102173
5,883,3,Early,False,0.0,0.13811910152435303,0.13911451399326324,-0.0009954124689102173
5,883,4,Early,False,0.0,0.13811910152435303,0.13911451399326324,-0.0009954124689102173
5,874,0,Early,True,-0.02258199453353882,0.1284998059272766,0.12861309945583344,-0.00011329352855682373
5,874,1,Early,True,-0.0012580333277583122,0.1284998059272766,0.12861309945583344,-0.00011329352855682373
5,874,2,Early,False,0.0,0.1284998059272766,0.12861309945583344,-0.00011329352855682373
5,874,3,Early,False,0.0,0.1284998059272766,0.12861309945583344,-0.00011329352855682373
5,874,4,Early,False,0.0,0.1284998059272766,0.12861309945583344,-0.00011329352855682373
5,896,0,Early,False,0.0,0.1258206069469452,0.1258206069469452,0.0
5,896,1,Early,False,0.0,0.1258206069469452,0.1258206069469452,0.0
5,896,2,Early,False,0.0,0.1258206069469452,0.1258206069469452,0.0
5,896,3,Early,False,0.0,0.1258206069469452,0.1258206069469452,0.0
5,896,4,Early,False,0.0,0.1258206069469452,0.1258206069469452,0.0
5,818,0,Early,False,0.0,0.13718746602535248,0.13718746602535248,0.0
5,818,1,Early,False,0.0,0.13718746602535248,0.13718746602535248,0.0
5,818,2,Early,False,0.0,0.13718746602535248,0.13718746602535248,0.0
5,818,3,Early,False,0.0,0.13718746602535248,0.13718746602535248,0.0
5,818,4,Early,False,0.0,0.13718746602535248,0.13718746602535248,0.0
5,940,0,Early,False,0.0,0.12603576481342316,0.12603576481342316,0.0
5,940,1,Early,False,0.0,0.12603576481342316,0.12603576481342316,0.0
5,940,2,Early,False,0.0,0.12603576481342316,0.12603576481342316,0.0
5,940,3,Early,False,0.0,0.12603576481342316,0.12603576481342316,0.0
5,940,4,Early,False,0.0,0.12603576481342316,0.12603576481342316,0.0
5,958,0,Early,False,0.0,0.14176572859287262,0.14054296910762787,0.001222759485244751
5,958,1,Early,True,-0.00976176280528307,0.14176572859287262,0.14054296910762787,0.001222759485244751
5,958,2,Early,True,-0.0006050379015505314,0.14176572859287262,0.14054296910762787,0.001222759485244751
5,958,3,Early,False,0.0,0.14176572859287262,0.14054296910762787,0.001222759485244751
5,958,4,Early,False,0.0,0.14176572859287262,0.14054296910762787,0.001222759485244751
5,943,0,Early,True,-0.0048796446062624454,0.13292431831359863,0.13201473653316498,0.0009095817804336548
5,943,1,Early,True,-0.0045203156769275665,0.13292431831359863,0.13201473653316498,0.0009095817804336548
5,943,2,Early,False,0.0,0.13292431831359863,0.13201473653316498,0.0009095817804336548
5,943,3,Early,False,0.0,0.13292431831359863,0.13201473653316498,0.0009095817804336548
5,943,4,Early,False,0.0,0.13292431831359863,0.13201473653316498,0.0009095817804336548
5,941,0,Early,True,-0.015543009154498577,0.1307276338338852,0.13179773092269897,-0.0010700970888137817
5,941,1,Early,True,-0.005280792713165283,0.1307276338338852,0.13179773092269897,-0.0010700970888137817
5,941,2,Early,False,0.0,0.1307276338338852,0.13179773092269897,-0.0010700970888137817
5,941,3,Early,False,0.0,0.1307276338338852,0.13179773092269897,-0.0010700970888137817
5,941,4,Early,False,0.0,0.1307276338338852,0.13179773092269897,-0.0010700970888137817
5,859,0,Early,False,0.0,0.13891282677650452,0.13891282677650452,0.0
5,859,1,Early,False,0.0,0.13891282677650452,0.13891282677650452,0.0
5,859,2,Early,False,0.0,0.13891282677650452,0.13891282677650452,0.0
5,859,3,Early,False,0.0,0.13891282677650452,0.13891282677650452,0.0
5,859,4,Early,False,0.0,0.13891282677650452,0.13891282677650452,0.0
10,854,0,Early,True,-0.00376320444047451,0.13241039216518402,0.1312377005815506,0.0011726915836334229
10,854,1,Early,True,-0.03907882049679756,0.13241039216518402,0.1312377005815506,0.0011726915836334229
10,854,2,Early,False,0.0,0.13241039216518402,0.1312377005815506,0.0011726915836334229
10,854,3,Early,False,0.0,0.13241039216518402,0.1312377005815506,0.0011726915836334229
10,854,4,Early,False,0.0,0.13241039216518402,0.1312377005815506,0.0011726915836334229
10,854,5,Early,False,0.0,0.13241039216518402,0.1312377005815506,0.0011726915836334229
10,854,6,Middle,False,0.0,0.13241039216518402,0.1312377005815506,0.0011726915836334229
10,854,7,Middle,False,0.0,0.13241039216518402,0.1312377005815506,0.0011726915836334229
10,854,8,Middle,False,0.0,0.13241039216518402,0.1312377005815506,0.0011726915836334229
10,854,9,Middle,False,0.0,0.13241039216518402,0.1312377005815506,0.0011726915836334229
10,893,0,Early,True,-0.007714411243796349,0.1342625916004181,0.13405755162239075,0.00020503997802734375
10,893,1,Early,True,-0.02379879727959633,0.1342625916004181,0.13405755162239075,0.00020503997802734375
10,893,2,Early,False,0.0,0.1342625916004181,0.13405755162239075,0.00020503997802734375
10,893,3,Early,True,-0.0324704647064209,0.1342625916004181,0.13405755162239075,0.00020503997802734375
10,893,4,Early,True,-0.003212554380297661,0.1342625916004181,0.13405755162239075,0.00020503997802734375
10,893,5,Early,False,0.0,0.1342625916004181,0.13405755162239075,0.00020503997802734375
10,893,6,Middle,False,0.0,0.1342625916004181,0.13405755162239075,0.00020503997802734375
10,893,7,Middle,False,0.0,0.1342625916004181,0.13405755162239075,0.00020503997802734375
10,893,8,Middle,False,0.0,0.1342625916004181,0.13405755162239075,0.00020503997802734375
10,893,9,Middle,False,0.0,0.1342625916004181,0.13405755162239075,0.00020503997802734375
10,998,0,Early,True,-0.004184333607554436,0.13912901282310486,0.13827183842658997,0.0008571743965148926
10,998,1,Early,True,-0.011319147422909737,0.13912901282310486,0.13827183842658997,0.0008571743965148926
10,998,2,Early,True,-0.015370352193713188,0.13912901282310486,0.13827183842658997,0.0008571743965148926
10,998,3,Early,True,-0.009979921393096447,0.13912901282310486,0.13827183842658997,0.0008571743965148926
10,998,4,Early,True,-0.016054164618253708,0.13912901282310486,0.13827183842658997,0.0008571743965148926
10,998,5,Early,True,-0.01645416021347046,0.13912901282310486,0.13827183842658997,0.0008571743965148926
10,998,6,Middle,False,0.0,0.13912901282310486,0.13827183842658997,0.0008571743965148926
10,998,7,Middle,False,0.0,0.13912901282310486,0.13827183842658997,0.0008571743965148926
10,998,8,Middle,False,0.0,0.13912901282310486,0.13827183842658997,0.0008571743965148926
10,998,9,Middle,False,0.0,0.13912901282310486,0.13827183842658997,0.0008571743965148926
10,802,0,Early,False,0.0,0.13532212376594543,0.1363038271665573,-0.0009817034006118774
10,802,1,Early,False,0.0,0.13532212376594543,0.1363038271665573,-0.0009817034006118774
10,802,2,Early,True,-0.02193869650363922,0.13532212376594543,0.1363038271665573,-0.0009817034006118774
10,802,3,Early,True,-0.031766556203365326,0.13532212376594543,0.1363038271665573,-0.0009817034006118774
10,802,4,Early,False,0.0,0.13532212376594543,0.1363038271665573,-0.0009817034006118774
10,802,5,Early,False,0.0,0.13532212376594543,0.1363038271665573,-0.0009817034006118774
10,802,6,Middle,False,0.0,0.13532212376594543,0.1363038271665573,-0.0009817034006118774
10,802,7,Middle,False,0.0,0.13532212376594543,0.1363038271665573,-0.0009817034006118774
10,802,8,Middle,False,0.0,0.13532212376594543,0.1363038271665573,-0.0009817034006118774
10,802,9,Middle,False,0.0,0.13532212376594543,0.1363038271665573,-0.0009817034006118774
10,919,0,Early,False,0.0,0.14047925174236298,0.140167698264122,0.0003115534782409668
10,919,1,Early,True,-0.027425220236182213,0.14047925174236298,0.140167698264122,0.0003115534782409668
10,919,2,Early,False,0.0,0.14047925174236298,0.140167698264122,0.0003115534782409668
10,919,3,Early,False,0.0,0.14047925174236298,0.140167698264122,0.0003115534782409668
10,919,4,Early,False,0.0,0.14047925174236298,0.140167698264122,0.0003115534782409668
10,919,5,Early,False,0.0,0.14047925174236298,0.140167698264122,0.0003115534782409668
10,919,6,Middle,False,0.0,0.14047925174236298,0.140167698264122,0.0003115534782409668
10,919,7,Middle,False,0.0,0.14047925174236298,0.140167698264122,0.0003115534782409668
10,919,8,Middle,False,0.0,0.14047925174236298,0.140167698264122,0.0003115534782409668
10,919,9,Middle,False,0.0,0.14047925174236298,0.140167698264122,0.0003115534782409668
10,860,0,Early,True,-0.0024949859362095594,0.1342373788356781,0.13271155953407288,0.0015258193016052246
10,860,1,Early,False,0.0,0.1342373788356781,0.13271155953407288,0.0015258193016052246
10,860,2,Early,False,0.0,0.1342373788356781,0.13271155953407288,0.0015258193016052246
10,860,3,Early,True,-0.022915352135896683,0.1342373788356781,0.13271155953407288,0.0015258193016052246
10,860,4,Early,True,-0.02872481942176819,0.1342373788356781,0.13271155953407288,0.0015258193016052246
10,860,5,Early,True,-0.006438707932829857,0.1342373788356781,0.13271155953407288,0.0015258193016052246
10,860,6,Middle,True,-0.005475369747728109,0.1342373788356781,0.13271155953407288,0.0015258193016052246
10,860,7,Middle,False,0.0,0.1342373788356781,0.13271155953407288,0.0015258193016052246
10,860,8,Middle,False,0.0,0.1342373788356781,0.13271155953407288,0.0015258193016052246
10,860,9,Middle,False,0.0,0.1342373788356781,0.13271155953407288,0.0015258193016052246
10,847,0,Early,False,0.0,0.12997175753116608,0.12997175753116608,0.0
10,847,1,Early,False,0.0,0.12997175753116608,0.12997175753116608,0.0
10,847,2,Early,False,0.0,0.12997175753116608,0.12997175753116608,0.0
10,847,3,Early,False,0.0,0.12997175753116608,0.12997175753116608,0.0
10,847,4,Early,False,0.0,0.12997175753116608,0.12997175753116608,0.0
10,847,5,Early,False,0.0,0.12997175753116608,0.12997175753116608,0.0
10,847,6,Middle,False,0.0,0.12997175753116608,0.12997175753116608,0.0
10,847,7,Middle,False,0.0,0.12997175753116608,0.12997175753116608,0.0
10,847,8,Middle,False,0.0,0.12997175753116608,0.12997175753116608,0.0
10,847,9,Middle,False,0.0,0.12997175753116608,0.12997175753116608,0.0
10,982,0,Early,True,-0.050550028681755066,0.12276656180620193,0.12208478897809982,0.0006817728281021118
10,982,1,Early,True,-0.03806053847074509,0.12276656180620193,0.12208478897809982,0.0006817728281021118
10,982,2,Early,False,0.0,0.12276656180620193,0.12208478897809982,0.0006817728281021118
10,982,3,Early,False,0.0,0.12276656180620193,0.12208478897809982,0.0006817728281021118
10,982,4,Early,False,0.0,0.12276656180620193,0.12208478897809982,0.0006817728281021118
10,982,5,Early,False,0.0,0.12276656180620193,0.12208478897809982,0.0006817728281021118
10,982,6,Middle,False,0.0,0.12276656180620193,0.12208478897809982,0.0006817728281021118
10,982,7,Middle,False,0.0,0.12276656180620193,0.12208478897809982,0.0006817728281021118
10,982,8,Middle,False,0.0,0.12276656180620193,0.12208478897809982,0.0006817728281021118
10,982,9,Middle,False,0.0,0.12276656180620193,0.12208478897809982,0.0006817728281021118
10,816,0,Early,False,0.0,0.13869881629943848,0.13927626609802246,-0.0005774497985839844
10,816,1,Early,False,0.0,0.13869881629943848,0.13927626609802246,-0.0005774497985839844
10,816,2,Early,True,-0.02137850411236286,0.13869881629943848,0.13927626609802246,-0.0005774497985839844
10,816,3,Early,True,-0.007508492097258568,0.13869881629943848,0.13927626609802246,-0.0005774497985839844
10,816,4,Early,False,0.0,0.13869881629943848,0.13927626609802246,-0.0005774497985839844
10,816,5,Early,True,-0.0023325474467128515,0.13869881629943848,0.13927626609802246,-0.0005774497985839844
10,816,6,Middle,False,0.0,0.13869881629943848,0.13927626609802246,-0.0005774497985839844
10,816,7,Middle,False,0.0,0.13869881629943848,0.13927626609802246,-0.0005774497985839844
10,816,8,Middle,False,0.0,0.13869881629943848,0.13927626609802246,-0.0005774497985839844
10,816,9,Middle,False,0.0,0.13869881629943848,0.13927626609802246,-0.0005774497985839844
10,911,0,Early,False,0.0,0.14072807133197784,0.13864924013614655,0.002078831195831299
10,911,1,Early,True,-0.029124923050403595,0.14072807133197784,0.13864924013614655,0.002078831195831299
10,911,2,Early,True,-0.01930950954556465,0.14072807133197784,0.13864924013614655,0.002078831195831299
10,911,3,Early,False,0.0,0.14072807133197784,0.13864924013614655,0.002078831195831299
10,911,4,Early,True,-0.01426363829523325,0.14072807133197784,0.13864924013614655,0.002078831195831299
10,911,5,Early,False,0.0,0.14072807133197784,0.13864924013614655,0.002078831195831299
10,911,6,Middle,False,0.0,0.14072807133197784,0.13864924013614655,0.002078831195831299
10,911,7,Middle,False,0.0,0.14072807133197784,0.13864924013614655,0.002078831195831299
10,911,8,Middle,False,0.0,0.14072807133197784,0.13864924013614655,0.002078831195831299
10,911,9,Middle,False,0.0,0.14072807133197784,0.13864924013614655,0.002078831195831299
10,969,0,Early,True,-0.0514923632144928,0.13046880066394806,0.1301102340221405,0.00035856664180755615
10,969,1,Early,True,-0.01916862092912197,0.13046880066394806,0.1301102340221405,0.00035856664180755615
10,969,2,Early,False,0.0,0.13046880066394806,0.1301102340221405,0.00035856664180755615
10,969,3,Early,True,-0.005882062017917633,0.13046880066394806,0.1301102340221405,0.00035856664180755615
10,969,4,Early,True,-0.01635020412504673,0.13046880066394806,0.1301102340221405,0.00035856664180755615
10,969,5,Early,False,0.0,0.13046880066394806,0.1301102340221405,0.00035856664180755615
10,969,6,Middle,False,0.0,0.13046880066394806,0.1301102340221405,0.00035856664180755615
10,969,7,Middle,False,0.0,0.13046880066394806,0.1301102340221405,0.00035856664180755615
10,969,8,Middle,False,0.0,0.13046880066394806,0.1301102340221405,0.00035856664180755615
10,969,9,Middle,False,0.0,0.13046880066394806,0.1301102340221405,0.00035856664180755615
10,914,0,Early,True,-0.010690310038626194,0.14021804928779602,0.1390918344259262,0.001126214861869812
10,914,1,Early,False,0.0,0.14021804928779602,0.1390918344259262,0.001126214861869812
10,914,2,Early,True,-0.0007834378629922867,0.14021804928779602,0.1390918344259262,0.001126214861869812
10,914,3,Early,False,0.0,0.14021804928779602,0.1390918344259262,0.001126214861869812
10,914,4,Early,True,-0.017837177962064743,0.14021804928779602,0.1390918344259262,0.001126214861869812
10,914,5,Early,False,0.0,0.14021804928779602,0.1390918344259262,0.001126214861869812
10,914,6,Middle,False,0.0,0.14021804928779602,0.1390918344259262,0.001126214861869812
10,914,7,Middle,False,0.0,0.14021804928779602,0.1390918344259262,0.001126214861869812
10,914,8,Middle,False,0.0,0.14021804928779602,0.1390918344259262,0.001126214861869812
10,914,9,Middle,False,0.0,0.14021804928779602,0.1390918344259262,0.001126214861869812
10,937,0,Early,True,-0.0436004102230072,0.1256861835718155,0.12358326464891434,0.0021029189229011536
10,937,1,Early,True,-0.04851163178682327,0.1256861835718155,0.12358326464891434,0.0021029189229011536
10,937,2,Early,True,-0.0016352646052837372,0.1256861835718155,0.12358326464891434,0.0021029189229011536
10,937,3,Early,False,0.0,0.1256861835718155,0.12358326464891434,0.0021029189229011536
10,937,4,Early,False,0.0,0.1256861835718155,0.12358326464891434,0.0021029189229011536
10,937,5,Early,True,-0.01788059063255787,0.1256861835718155,0.12358326464891434,0.0021029189229011536
10,937,6,Middle,False,0.0,0.1256861835718155,0.12358326464891434,0.0021029189229011536
10,937,7,Middle,False,0.0,0.1256861835718155,0.12358326464891434,0.0021029189229011536
10,937,8,Middle,False,0.0,0.1256861835718155,0.12358326464891434,0.0021029189229011536
10,937,9,Middle,False,0.0,0.1256861835718155,0.12358326464891434,0.0021029189229011536
10,810,0,Early,False,0.0,0.1323772370815277,0.13098539412021637,0.0013918429613113403
10,810,1,Early,True,-0.02801639959216118,0.1323772370815277,0.13098539412021637,0.0013918429613113403
10,810,2,Early,False,0.0,0.1323772370815277,0.13098539412021637,0.0013918429613113403
10,810,3,Early,False,0.0,0.1323772370815277,0.13098539412021637,0.0013918429613113403
10,810,4,Early,False,0.0,0.1323772370815277,0.13098539412021637,0.0013918429613113403
10,810,5,Early,False,0.0,0.1323772370815277,0.13098539412021637,0.0013918429613113403
10,810,6,Middle,False,0.0,0.1323772370815277,0.13098539412021637,0.0013918429613113403
10,810,7,Middle,False,0.0,0.1323772370815277,0.13098539412021637,0.0013918429613113403
10,810,8,Middle,False,0.0,0.1323772370815277,0.13098539412021637,0.0013918429613113403
10,810,9,Middle,False,0.0,0.1323772370815277,0.13098539412021637,0.0013918429613113403
10,912,0,Early,True,-0.0027264575473964214,0.13630223274230957,0.1354551911354065,0.0008470416069030762
10,912,1,Early,True,-0.03883194178342819,0.13630223274230957,0.1354551911354065,0.0008470416069030762
10,912,2,Early,False,0.0,0.13630223274230957,0.1354551911354065,0.0008470416069030762
10,912,3,Early,True,-0.03244226798415184,0.13630223274230957,0.1354551911354065,0.0008470416069030762
10,912,4,Early,False,0.0,0.13630223274230957,0.1354551911354065,0.0008470416069030762
10,912,5,Early,True,-0.0005370602011680603,0.13630223274230957,0.1354551911354065,0.0008470416069030762
10,912,6,Middle,True,-0.009143171831965446,0.13630223274230957,0.1354551911354065,0.0008470416069030762
10,912,7,Middle,False,0.0,0.13630223274230957,0.1354551911354065,0.0008470416069030762
10,912,8,Middle,False,0.0,0.13630223274230957,0.1354551911354065,0.0008470416069030762
10,912,9,Middle,False,0.0,0.13630223274230957,0.1354551911354065,0.0008470416069030762
10,886,0,Early,True,-0.017758864909410477,0.13827936351299286,0.13621403276920319,0.002065330743789673
10,886,1,Early,True,-0.003196440637111664,0.13827936351299286,0.13621403276920319,0.002065330743789673
10,886,2,Early,True,-0.020108457654714584,0.13827936351299286,0.13621403276920319,0.002065330743789673
10,886,3,Early,True,-0.007373041473329067,0.13827936351299286,0.13621403276920319,0.002065330743789673
10,886,4,Early,False,0.0,0.13827936351299286,0.13621403276920319,0.002065330743789673
10,886,5,Early,True,-0.00038828887045383453,0.13827936351299286,0.13621403276920319,0.002065330743789673
10,886,6,Middle,False,0.0,0.13827936351299286,0.13621403276920319,0.002065330743789673
10,886,7,Middle,False,0.0,0.13827936351299286,0.13621403276920319,0.002065330743789673
10,886,8,Middle,False,0.0,0.13827936351299286,0.13621403276920319,0.002065330743789673
10,886,9,Middle,False,0.0,0.13827936351299286,0.13621403276920319,0.002065330743789673
10,887,0,Early,False,0.0,0.1390705704689026,0.13672681152820587,0.0023437589406967163
10,887,1,Early,True,-0.029954034835100174,0.1390705704689026,0.13672681152820587,0.0023437589406967163
10,887,2,Early,False,0.0,0.1390705704689026,0.13672681152820587,0.0023437589406967163
10,887,3,Early,True,-0.008917389437556267,0.1390705704689026,0.13672681152820587,0.0023437589406967163
10,887,4,Early,False,0.0,0.1390705704689026,0.13672681152820587,0.0023437589406967163
10,887,5,Early,False,0.0,0.1390705704689026,0.13672681152820587,0.0023437589406967163
10,887,6,Middle,False,0.0,0.1390705704689026,0.13672681152820587,0.0023437589406967163
10,887,7,Middle,False,0.0,0.1390705704689026,0.13672681152820587,0.0023437589406967163
10,887,8,Middle,False,0.0,0.1390705704689026,0.13672681152820587,0.0023437589406967163
10,887,9,Middle,False,0.0,0.1390705704689026,0.13672681152820587,0.0023437589406967163
10,833,0,Early,False,0.0,0.13715673983097076,0.13696786761283875,0.00018887221813201904
10,833,1,Early,True,-0.008319789543747902,0.13715673983097076,0.13696786761283875,0.00018887221813201904
10,833,2,Early,True,-0.008107968606054783,0.13715673983097076,0.13696786761283875,0.00018887221813201904
10,833,3,Early,False,0.0,0.13715673983097076,0.13696786761283875,0.00018887221813201904
10,833,4,Early,True,-0.020794477313756943,0.13715673983097076,0.13696786761283875,0.00018887221813201904
10,833,5,Early,True,-0.01157386600971222,0.13715673983097076,0.13696786761283875,0.00018887221813201904
10,833,6,Middle,False,0.0,0.13715673983097076,0.13696786761283875,0.00018887221813201904
10,833,7,Middle,False,0.0,0.13715673983097076,0.13696786761283875,0.00018887221813201904
10,833,8,Middle,False,0.0,0.13715673983097076,0.13696786761283875,0.00018887221813201904
10,833,9,Middle,False,0.0,0.13715673983097076,0.13696786761283875,0.00018887221813201904
10,822,0,Early,True,-0.007232676260173321,0.13789786398410797,0.13725705444812775,0.0006408095359802246
10,822,1,Early,False,0.0,0.13789786398410797,0.13725705444812775,0.0006408095359802246
10,822,2,Early,False,0.0,0.13789786398410797,0.13725705444812775,0.0006408095359802246
10,822,3,Early,False,0.0,0.13789786398410797,0.13725705444812775,0.0006408095359802246
10,822,4,Early,False,0.0,0.13789786398410797,0.13725705444812775,0.0006408095359802246
10,822,5,Early,False,0.0,0.13789786398410797,0.13725705444812775,0.0006408095359802246
10,822,6,Middle,False,0.0,0.13789786398410797,0.13725705444812775,0.0006408095359802246
10,822,7,Middle,False,0.0,0.13789786398410797,0.13725705444812775,0.0006408095359802246
10,822,8,Middle,False,0.0,0.13789786398410797,0.13725705444812775,0.0006408095359802246
10,822,9,Middle,False,0.0,0.13789786398410797,0.13725705444812775,0.0006408095359802246
10,963,0,Early,False,0.0,0.13118700683116913,0.13044008612632751,0.0007469207048416138
10,963,1,Early,True,-0.0742037296295166,0.13118700683116913,0.13044008612632751,0.0007469207048416138
10,963,2,Early,True,-0.016651879996061325,0.13118700683116913,0.13044008612632751,0.0007469207048416138
10,963,3,Early,True,-0.0272733923047781,0.13118700683116913,0.13044008612632751,0.0007469207048416138
10,963,4,Early,True,-0.011342805810272694,0.13118700683116913,0.13044008612632751,0.0007469207048416138
10,963,5,Early,False,0.0,0.13118700683116913,0.13044008612632751,0.0007469207048416138
10,963,6,Middle,True,-0.0055556208826601505,0.13118700683116913,0.13044008612632751,0.0007469207048416138
10,963,7,Middle,False,0.0,0.13118700683116913,0.13044008612632751,0.0007469207048416138
10,963,8,Middle,True,-0.001098169945180416,0.13118700683116913,0.13044008612632751,0.0007469207048416138
10,963,9,Middle,False,0.0,0.13118700683116913,0.13044008612632751,0.0007469207048416138
10,809,0,Early,True,-0.08768358826637268,0.12695853412151337,0.12717881798744202,-0.0002202838659286499
10,809,1,Early,True,-0.030768083408474922,0.12695853412151337,0.12717881798744202,-0.0002202838659286499
10,809,2,Early,True,-0.007029294967651367,0.12695853412151337,0.12717881798744202,-0.0002202838659286499
10,809,3,Early,True,-0.0030447207391262054,0.12695853412151337,0.12717881798744202,-0.0002202838659286499
10,809,4,Early,True,-0.02760596200823784,0.12695853412151337,0.12717881798744202,-0.0002202838659286499
10,809,5,Early,True,-0.0002866564318537712,0.12695853412151337,0.12717881798744202,-0.0002202838659286499
10,809,6,Middle,True,-0.002321080304682255,0.12695853412151337,0.12717881798744202,-0.0002202838659286499
10,809,7,Middle,False,0.0,0.12695853412151337,0.12717881798744202,-0.0002202838659286499
10,809,8,Middle,False,0.0,0.12695853412151337,0.12717881798744202,-0.0002202838659286499
10,809,9,Middle,False,0.0,0.12695853412151337,0.12717881798744202,-0.0002202838659286499
10,819,0,Early,False,0.0,0.1345878690481186,0.13262347877025604,0.001964390277862549
10,819,1,Early,True,-0.005290621891617775,0.1345878690481186,0.13262347877025604,0.001964390277862549
10,819,2,Early,False,0.0,0.1345878690481186,0.13262347877025604,0.001964390277862549
10,819,3,Early,True,-0.013752978295087814,0.1345878690481186,0.13262347877025604,0.001964390277862549
10,819,4,Early,True,-0.0019423598423600197,0.1345878690481186,0.13262347877025604,0.001964390277862549
10,819,5,Early,True,-0.013287028297781944,0.1345878690481186,0.13262347877025604,0.001964390277862549
10,819,6,Middle,True,-0.004641266539692879,0.1345878690481186,0.13262347877025604,0.001964390277862549
10,819,7,Middle,False,0.0,0.1345878690481186,0.13262347877025604,0.001964390277862549
10,819,8,Middle,False,0.0,0.1345878690481186,0.13262347877025604,0.001964390277862549
10,819,9,Middle,False,0.0,0.1345878690481186,0.13262347877025604,0.001964390277862549
10,877,0,Early,False,0.0,0.13367831707000732,0.1330176591873169,0.0006606578826904297
10,877,1,Early,False,0.0,0.13367831707000732,0.1330176591873169,0.0006606578826904297
10,877,2,Early,True,-0.01191799808293581,0.13367831707000732,0.1330176591873169,0.0006606578826904297
10,877,3,Early,False,0.0,0.13367831707000732,0.1330176591873169,0.0006606578826904297
10,877,4,Early,True,-0.009188170544803143,0.13367831707000732,0.1330176591873169,0.0006606578826904297
10,877,5,Early,False,0.0,0.13367831707000732,0.1330176591873169,0.0006606578826904297
10,877,6,Middle,False,0.0,0.13367831707000732,0.1330176591873169,0.0006606578826904297
10,877,7,Middle,False,0.0,0.13367831707000732,0.1330176591873169,0.0006606578826904297
10,877,8,Middle,False,0.0,0.13367831707000732,0.1330176591873169,0.0006606578826904297
10,877,9,Middle,False,0.0,0.13367831707000732,0.1330176591873169,0.0006606578826904297
10,817,0,Early,True,-0.131108820438385,0.13705144822597504,0.13486739993095398,0.002184048295021057
10,817,1,Early,True,-0.020090186968445778,0.13705144822597504,0.13486739993095398,0.002184048295021057
10,817,2,Early,True,-0.023550186306238174,0.13705144822597504,0.13486739993095398,0.002184048295021057
10,817,3,Early,True,-0.027366070076823235,0.13705144822597504,0.13486739993095398,0.002184048295021057
10,817,4,Early,False,0.0,0.13705144822597504,0.13486739993095398,0.002184048295021057
10,817,5,Early,False,0.0,0.13705144822597504,0.13486739993095398,0.002184048295021057
10,817,6,Middle,False,0.0,0.13705144822597504,0.13486739993095398,0.002184048295021057
10,817,7,Middle,False,0.0,0.13705144822597504,0.13486739993095398,0.002184048295021057
10,817,8,Middle,False,0.0,0.13705144822597504,0.13486739993095398,0.002184048295021057
10,817,9,Middle,False,0.0,0.13705144822597504,0.13486739993095398,0.002184048295021057
10,987,0,Early,False,0.0,0.13190007209777832,0.13295626640319824,-0.0010561943054199219
10,987,1,Early,True,-0.001456941943615675,0.13190007209777832,0.13295626640319824,-0.0010561943054199219
10,987,2,Early,False,0.0,0.13190007209777832,0.13295626640319824,-0.0010561943054199219
10,987,3,Early,False,0.0,0.13190007209777832,0.13295626640319824,-0.0010561943054199219
10,987,4,Early,True,-0.01708984375,0.13190007209777832,0.13295626640319824,-0.0010561943054199219
10,987,5,Early,True,-0.014480562880635262,0.13190007209777832,0.13295626640319824,-0.0010561943054199219
10,987,6,Middle,True,-0.004731718450784683,0.13190007209777832,0.13295626640319824,-0.0010561943054199219
10,987,7,Middle,False,0.0,0.13190007209777832,0.13295626640319824,-0.0010561943054199219
10,987,8,Middle,False,0.0,0.13190007209777832,0.13295626640319824,-0.0010561943054199219
10,987,9,Middle,False,0.0,0.13190007209777832,0.13295626640319824,-0.0010561943054199219
10,954,0,Early,False,0.0,0.12816408276557922,0.12835393846035004,-0.000189855694770813
10,954,1,Early,True,-0.08885439485311508,0.12816408276557922,0.12835393846035004,-0.000189855694770813
10,954,2,Early,True,-0.08844158053398132,0.12816408276557922,0.12835393846035004,-0.000189855694770813
10,954,3,Early,True,-0.02460402250289917,0.12816408276557922,0.12835393846035004,-0.000189855694770813
10,954,4,Early,False,0.0,0.12816408276557922,0.12835393846035004,-0.000189855694770813
10,954,5,Early,False,0.0,0.12816408276557922,0.12835393846035004,-0.000189855694770813
10,954,6,Middle,False,0.0,0.12816408276557922,0.12835393846035004,-0.000189855694770813
10,954,7,Middle,False,0.0,0.12816408276557922,0.12835393846035004,-0.000189855694770813
10,954,8,Middle,False,0.0,0.12816408276557922,0.12835393846035004,-0.000189855694770813
10,954,9,Middle,False,0.0,0.12816408276557922,0.12835393846035004,-0.000189855694770813
10,890,0,Early,False,0.0,0.13978539407253265,0.13875935971736908,0.0010260343551635742
10,890,1,Early,False,0.0,0.13978539407253265,0.13875935971736908,0.0010260343551635742
10,890,2,Early,True,-0.008504990488290787,0.13978539407253265,0.13875935971736908,0.0010260343551635742
10,890,3,Early,True,-0.023386988788843155,0.13978539407253265,0.13875935971736908,0.0010260343551635742
10,890,4,Early,False,0.0,0.13978539407253265,0.13875935971736908,0.0010260343551635742
10,890,5,Early,False,0.0,0.13978539407253265,0.13875935971736908,0.0010260343551635742
10,890,6,Middle,False,0.0,0.13978539407253265,0.13875935971736908,0.0010260343551635742
10,890,7,Middle,False,0.0,0.13978539407253265,0.13875935971736908,0.0010260343551635742
10,890,8,Middle,False,0.0,0.13978539407253265,0.13875935971736908,0.0010260343551635742
10,890,9,Middle,False,0.0,0.13978539407253265,0.13875935971736908,0.0010260343551635742
10,831,0,Early,False,0.0,0.16927596926689148,0.16927596926689148,0.0
10,831,1,Early,False,0.0,0.16927596926689148,0.16927596926689148,0.0
10,831,2,Early,False,0.0,0.16927596926689148,0.16927596926689148,0.0
10,831,3,Early,False,0.0,0.16927596926689148,0.16927596926689148,0.0
10,831,4,Early,False,0.0,0.16927596926689148,0.16927596926689148,0.0
10,831,5,Early,False,0.0,0.16927596926689148,0.16927596926689148,0.0
10,831,6,Middle,False,0.0,0.16927596926689148,0.16927596926689148,0.0
10,831,7,Middle,False,0.0,0.16927596926689148,0.16927596926689148,0.0
10,831,8,Middle,False,0.0,0.16927596926689148,0.16927596926689148,0.0
10,831,9,Middle,False,0.0,0.16927596926689148,0.16927596926689148,0.0
10,862,0,Early,True,-0.04467473924160004,0.11998606473207474,0.11862374097108841,0.0013623237609863281
10,862,1,Early,False,0.0,0.11998606473207474,0.11862374097108841,0.0013623237609863281
10,862,2,Early,False,0.0,0.11998606473207474,0.11862374097108841,0.0013623237609863281
10,862,3,Early,True,-0.031351350247859955,0.11998606473207474,0.11862374097108841,0.0013623237609863281
10,862,4,Early,False,0.0,0.11998606473207474,0.11862374097108841,0.0013623237609863281
10,862,5,Early,False,0.0,0.11998606473207474,0.11862374097108841,0.0013623237609863281
10,862,6,Middle,False,0.0,0.11998606473207474,0.11862374097108841,0.0013623237609863281
10,862,7,Middle,False,0.0,0.11998606473207474,0.11862374097108841,0.0013623237609863281
10,862,8,Middle,False,0.0,0.11998606473207474,0.11862374097108841,0.0013623237609863281
10,862,9,Middle,False,0.0,0.11998606473207474,0.11862374097108841,0.0013623237609863281
10,986,0,Early,False,0.0,0.12837354838848114,0.12837354838848114,0.0
10,986,1,Early,False,0.0,0.12837354838848114,0.12837354838848114,0.0
10,986,2,Early,False,0.0,0.12837354838848114,0.12837354838848114,0.0
10,986,3,Early,False,0.0,0.12837354838848114,0.12837354838848114,0.0
10,986,4,Early,False,0.0,0.12837354838848114,0.12837354838848114,0.0
10,986,5,Early,False,0.0,0.12837354838848114,0.12837354838848114,0.0
10,986,6,Middle,False,0.0,0.12837354838848114,0.12837354838848114,0.0
10,986,7,Middle,False,0.0,0.12837354838848114,0.12837354838848114,0.0
10,986,8,Middle,False,0.0,0.12837354838848114,0.12837354838848114,0.0
10,986,9,Middle,False,0.0,0.12837354838848114,0.12837354838848114,0.0
10,905,0,Early,True,-0.0630621686577797,0.1216655895113945,0.11941222101449966,0.0022533684968948364
10,905,1,Early,True,-0.06329426169395447,0.1216655895113945,0.11941222101449966,0.0022533684968948364
10,905,2,Early,False,0.0,0.1216655895113945,0.11941222101449966,0.0022533684968948364
10,905,3,Early,True,-0.006857665255665779,0.1216655895113945,0.11941222101449966,0.0022533684968948364
10,905,4,Early,True,-0.013167541474103928,0.1216655895113945,0.11941222101449966,0.0022533684968948364
10,905,5,Early,False,0.0,0.1216655895113945,0.11941222101449966,0.0022533684968948364
10,905,6,Middle,False,0.0,0.1216655895113945,0.11941222101449966,0.0022533684968948364
10,905,7,Middle,False,0.0,0.1216655895113945,0.11941222101449966,0.0022533684968948364
10,905,8,Middle,False,0.0,0.1216655895113945,0.11941222101449966,0.0022533684968948364
10,905,9,Middle,False,0.0,0.1216655895113945,0.11941222101449966,0.0022533684968948364
10,917,0,Early,True,-0.013166301883757114,0.13232196867465973,0.1307569295167923,0.0015650391578674316
10,917,1,Early,False,0.0,0.13232196867465973,0.1307569295167923,0.0015650391578674316
10,917,2,Early,False,0.0,0.13232196867465973,0.1307569295167923,0.0015650391578674316
10,917,3,Early,False,0.0,0.13232196867465973,0.1307569295167923,0.0015650391578674316
10,917,4,Early,True,-0.017681799829006195,0.13232196867465973,0.1307569295167923,0.0015650391578674316
10,917,5,Early,True,-0.006311680190265179,0.13232196867465973,0.1307569295167923,0.0015650391578674316
10,917,6,Middle,False,0.0,0.13232196867465973,0.1307569295167923,0.0015650391578674316
10,917,7,Middle,False,0.0,0.13232196867465973,0.1307569295167923,0.0015650391578674316
10,917,8,Middle,False,0.0,0.13232196867465973,0.1307569295167923,0.0015650391578674316
10,917,9,Middle,False,0.0,0.13232196867465973,0.1307569295167923,0.0015650391578674316
10,873,0,Early,False,0.0,0.1311759203672409,0.12954017519950867,0.0016357451677322388
10,873,1,Early,False,0.0,0.1311759203672409,0.12954017519950867,0.0016357451677322388
10,873,2,Early,True,-0.047785818576812744,0.1311759203672409,0.12954017519950867,0.0016357451677322388
10,873,3,Early,True,-0.006835281848907471,0.1311759203672409,0.12954017519950867,0.0016357451677322388
10,873,4,Early,True,-0.003308362327516079,0.1311759203672409,0.12954017519950867,0.0016357451677322388
10,873,5,Early,True,-0.0033633047714829445,0.1311759203672409,0.12954017519950867,0.0016357451677322388
10,873,6,Middle,True,-0.006148801650851965,0.1311759203672409,0.12954017519950867,0.0016357451677322388
10,873,7,Middle,False,0.0,0.1311759203672409,0.12954017519950867,0.0016357451677322388
10,873,8,Middle,True,-0.0005703000351786613,0.1311759203672409,0.12954017519950867,0.0016357451677322388
10,873,9,Middle,False,0.0,0.1311759203672409,0.12954017519950867,0.0016357451677322388
10,950,0,Early,False,0.0,0.14120618999004364,0.1391591727733612,0.002047017216682434
10,950,1,Early,True,-0.03612599894404411,0.14120618999004364,0.1391591727733612,0.002047017216682434
10,950,2,Early,True,-0.0338154062628746,0.14120618999004364,0.1391591727733612,0.002047017216682434
10,950,3,Early,True,-0.015692390501499176,0.14120618999004364,0.1391591727733612,0.002047017216682434
10,950,4,Early,False,0.0,0.14120618999004364,0.1391591727733612,0.002047017216682434
10,950,5,Early,True,-0.00011134892702102661,0.14120618999004364,0.1391591727733612,0.002047017216682434
10,950,6,Middle,False,0.0,0.14120618999004364,0.1391591727733612,0.002047017216682434
10,950,7,Middle,False,0.0,0.14120618999004364,0.1391591727733612,0.002047017216682434
10,950,8,Middle,False,0.0,0.14120618999004364,0.1391591727733612,0.002047017216682434
10,950,9,Middle,False,0.0,0.14120618999004364,0.1391591727733612,0.002047017216682434
10,850,0,Early,False,0.0,0.12844283878803253,0.12844283878803253,0.0
10,850,1,Early,False,0.0,0.12844283878803253,0.12844283878803253,0.0
10,850,2,Early,False,0.0,0.12844283878803253,0.12844283878803253,0.0
10,850,3,Early,False,0.0,0.12844283878803253,0.12844283878803253,0.0
10,850,4,Early,False,0.0,0.12844283878803253,0.12844283878803253,0.0
10,850,5,Early,False,0.0,0.12844283878803253,0.12844283878803253,0.0
10,850,6,Middle,False,0.0,0.12844283878803253,0.12844283878803253,0.0
10,850,7,Middle,False,0.0,0.12844283878803253,0.12844283878803253,0.0
10,850,8,Middle,False,0.0,0.12844283878803253,0.12844283878803253,0.0
10,850,9,Middle,False,0.0,0.12844283878803253,0.12844283878803253,0.0
10,868,0,Early,True,-0.07739327102899551,0.11582895368337631,0.11491987854242325,0.000909075140953064
10,868,1,Early,False,0.0,0.11582895368337631,0.11491987854242325,0.000909075140953064
10,868,2,Early,False,0.0,0.11582895368337631,0.11491987854242325,0.000909075140953064
10,868,3,Early,False,0.0,0.11582895368337631,0.11491987854242325,0.000909075140953064
10,868,4,Early,False,0.0,0.11582895368337631,0.11491987854242325,0.000909075140953064
10,868,5,Early,True,-0.029651327058672905,0.11582895368337631,0.11491987854242325,0.000909075140953064
10,868,6,Middle,False,0.0,0.11582895368337631,0.11491987854242325,0.000909075140953064
10,868,7,Middle,False,0.0,0.11582895368337631,0.11491987854242325,0.000909075140953064
10,868,8,Middle,False,0.0,0.11582895368337631,0.11491987854242325,0.000909075140953064
10,868,9,Middle,False,0.0,0.11582895368337631,0.11491987854242325,0.000909075140953064
10,928,0,Early,False,0.0,0.1327001303434372,0.1326964646577835,3.6656856536865234e-06
10,928,1,Early,False,0.0,0.1327001303434372,0.1326964646577835,3.6656856536865234e-06
10,928,2,Early,False,0.0,0.1327001303434372,0.1326964646577835,3.6656856536865234e-06
10,928,3,Early,False,0.0,0.1327001303434372,0.1326964646577835,3.6656856536865234e-06
10,928,4,Early,True,-0.027093758806586266,0.1327001303434372,0.1326964646577835,3.6656856536865234e-06
10,928,5,Early,False,0.0,0.1327001303434372,0.1326964646577835,3.6656856536865234e-06
10,928,6,Middle,False,0.0,0.1327001303434372,0.1326964646577835,3.6656856536865234e-06
10,928,7,Middle,False,0.0,0.1327001303434372,0.1326964646577835,3.6656856536865234e-06
10,928,8,Middle,False,0.0,0.1327001303434372,0.1326964646577835,3.6656856536865234e-06
10,928,9,Middle,False,0.0,0.1327001303434372,0.1326964646577835,3.6656856536865234e-06
10,889,0,Early,False,0.0,0.12822528183460236,0.12777163088321686,0.00045365095138549805
10,889,1,Early,True,-0.03941703215241432,0.12822528183460236,0.12777163088321686,0.00045365095138549805
10,889,2,Early,True,-0.024818196892738342,0.12822528183460236,0.12777163088321686,0.00045365095138549805
10,889,3,Early,True,-0.004830503836274147,0.12822528183460236,0.12777163088321686,0.00045365095138549805
10,889,4,Early,False,0.0,0.12822528183460236,0.12777163088321686,0.00045365095138549805
10,889,5,Early,False,0.0,0.12822528183460236,0.12777163088321686,0.00045365095138549805
10,889,6,Middle,False,0.0,0.12822528183460236,0.12777163088321686,0.00045365095138549805
10,889,7,Middle,False,0.0,0.12822528183460236,0.12777163088321686,0.00045365095138549805
10,889,8,Middle,False,0.0,0.12822528183460236,0.12777163088321686,0.00045365095138549805
10,889,9,Middle,False,0.0,0.12822528183460236,0.12777163088321686,0.00045365095138549805
10,960,0,Early,False,0.0,0.1394268125295639,0.14019310474395752,-0.0007662922143936157
10,960,1,Early,True,-0.022962195798754692,0.1394268125295639,0.14019310474395752,-0.0007662922143936157
10,960,2,Early,True,-0.0006643477827310562,0.1394268125295639,0.14019310474395752,-0.0007662922143936157
10,960,3,Early,True,-0.015787659212946892,0.1394268125295639,0.14019310474395752,-0.0007662922143936157
10,960,4,Early,False,0.0,0.1394268125295639,0.14019310474395752,-0.0007662922143936157
10,960,5,Early,True,-0.010513916611671448,0.1394268125295639,0.14019310474395752,-0.0007662922143936157
10,960,6,Middle,True,-0.0015798062086105347,0.1394268125295639,0.14019310474395752,-0.0007662922143936157
10,960,7,Middle,True,-0.002531539648771286,0.1394268125295639,0.14019310474395752,-0.0007662922143936157
10,960,8,Middle,False,0.0,0.1394268125295639,0.14019310474395752,-0.0007662922143936157
10,960,9,Middle,False,0.0,0.1394268125295639,0.14019310474395752,-0.0007662922143936157
10,811,0,Early,True,-0.1656508594751358,0.13902181386947632,0.13696451485157013,0.002057299017906189
10,811,1,Early,False,0.0,0.13902181386947632,0.13696451485157013,0.002057299017906189
10,811,2,Early,False,0.0,0.13902181386947632,0.13696451485157013,0.002057299017906189
10,811,3,Early,False,0.0,0.13902181386947632,0.13696451485157013,0.002057299017906189
10,811,4,Early,False,0.0,0.13902181386947632,0.13696451485157013,0.002057299017906189
10,811,5,Early,False,0.0,0.13902181386947632,0.13696451485157013,0.002057299017906189
10,811,6,Middle,False,0.0,0.13902181386947632,0.13696451485157013,0.002057299017906189
10,811,7,Middle,False,0.0,0.13902181386947632,0.13696451485157013,0.002057299017906189
10,811,8,Middle,False,0.0,0.13902181386947632,0.13696451485157013,0.002057299017906189
10,811,9,Middle,False,0.0,0.13902181386947632,0.13696451485157013,0.002057299017906189
10,944,0,Early,True,-0.06078125536441803,0.12890908122062683,0.1281994730234146,0.0007096081972122192
10,944,1,Early,True,-0.0005866363644599915,0.12890908122062683,0.1281994730234146,0.0007096081972122192
10,944,2,Early,False,0.0,0.12890908122062683,0.1281994730234146,0.0007096081972122192
10,944,3,Early,True,-0.02182907797396183,0.12890908122062683,0.1281994730234146,0.0007096081972122192
10,944,4,Early,False,0.0,0.12890908122062683,0.1281994730234146,0.0007096081972122192
10,944,5,Early,False,0.0,0.12890908122062683,0.1281994730234146,0.0007096081972122192
10,944,6,Middle,True,-0.00991107802838087,0.12890908122062683,0.1281994730234146,0.0007096081972122192
10,944,7,Middle,True,-0.0031249281018972397,0.12890908122062683,0.1281994730234146,0.0007096081972122192
10,944,8,Middle,False,0.0,0.12890908122062683,0.1281994730234146,0.0007096081972122192
10,944,9,Middle,False,0.0,0.12890908122062683,0.1281994730234146,0.0007096081972122192
10,881,0,Early,True,-0.030989380553364754,0.12556317448616028,0.1211182028055191,0.004444971680641174
10,881,1,Early,True,-0.03616281598806381,0.12556317448616028,0.1211182028055191,0.004444971680641174
10,881,2,Early,False,0.0,0.12556317448616028,0.1211182028055191,0.004444971680641174
10,881,3,Early,False,0.0,0.12556317448616028,0.1211182028055191,0.004444971680641174
10,881,4,Early,False,0.0,0.12556317448616028,0.1211182028055191,0.004444971680641174
10,881,5,Early,False,0.0,0.12556317448616028,0.1211182028055191,0.004444971680641174
10,881,6,Middle,False,0.0,0.12556317448616028,0.1211182028055191,0.004444971680641174
10,881,7,Middle,False,0.0,0.12556317448616028,0.1211182028055191,0.004444971680641174
10,881,8,Middle,False,0.0,0.12556317448616028,0.1211182028055191,0.004444971680641174
10,881,9,Middle,False,0.0,0.12556317448616028,0.1211182028055191,0.004444971680641174
10,882,0,Early,False,0.0,0.12477897107601166,0.12493577599525452,-0.0001568049192428589
10,882,1,Early,True,-0.008376283571124077,0.12477897107601166,0.12493577599525452,-0.0001568049192428589
10,882,2,Early,False,0.0,0.12477897107601166,0.12493577599525452,-0.0001568049192428589
10,882,3,Early,True,-0.01840650476515293,0.12477897107601166,0.12493577599525452,-0.0001568049192428589
10,882,4,Early,False,0.0,0.12477897107601166,0.12493577599525452,-0.0001568049192428589
10,882,5,Early,False,0.0,0.12477897107601166,0.12493577599525452,-0.0001568049192428589
10,882,6,Middle,True,-0.0036035128869116306,0.12477897107601166,0.12493577599525452,-0.0001568049192428589
10,882,7,Middle,True,-0.001368016004562378,0.12477897107601166,0.12493577599525452,-0.0001568049192428589
10,882,8,Middle,False,0.0,0.12477897107601166,0.12493577599525452,-0.0001568049192428589
10,882,9,Middle,False,0.0,0.12477897107601166,0.12493577599525452,-0.0001568049192428589
10,898,0,Early,False,0.0,0.11523512750864029,0.11523512750864029,0.0
10,898,1,Early,False,0.0,0.11523512750864029,0.11523512750864029,0.0
10,898,2,Early,False,0.0,0.11523512750864029,0.11523512750864029,0.0
10,898,3,Early,False,0.0,0.11523512750864029,0.11523512750864029,0.0
10,898,4,Early,False,0.0,0.11523512750864029,0.11523512750864029,0.0
10,898,5,Early,False,0.0,0.11523512750864029,0.11523512750864029,0.0
10,898,6,Middle,False,0.0,0.11523512750864029,0.11523512750864029,0.0
10,898,7,Middle,False,0.0,0.11523512750864029,0.11523512750864029,0.0
10,898,8,Middle,False,0.0,0.11523512750864029,0.11523512750864029,0.0
10,898,9,Middle,False,0.0,0.11523512750864029,0.11523512750864029,0.0
10,848,0,Early,False,0.0,0.12912873923778534,0.12825830280780792,0.000870436429977417
10,848,1,Early,True,-0.0038941698148846626,0.12912873923778534,0.12825830280780792,0.000870436429977417
10,848,2,Early,False,0.0,0.12912873923778534,0.12825830280780792,0.000870436429977417
10,848,3,Early,True,-0.008967949077486992,0.12912873923778534,0.12825830280780792,0.000870436429977417
10,848,4,Early,True,-0.009258652105927467,0.12912873923778534,0.12825830280780792,0.000870436429977417
10,848,5,Early,False,0.0,0.12912873923778534,0.12825830280780792,0.000870436429977417
10,848,6,Middle,False,0.0,0.12912873923778534,0.12825830280780792,0.000870436429977417
10,848,7,Middle,False,0.0,0.12912873923778534,0.12825830280780792,0.000870436429977417
10,848,8,Middle,False,0.0,0.12912873923778534,0.12825830280780792,0.000870436429977417
10,848,9,Middle,False,0.0,0.12912873923778534,0.12825830280780792,0.000870436429977417
10,973,0,Early,True,-0.01300145499408245,0.13850735127925873,0.1382911056280136,0.0002162456512451172
10,973,1,Early,True,-0.0007961634546518326,0.13850735127925873,0.1382911056280136,0.0002162456512451172
10,973,2,Early,False,0.0,0.13850735127925873,0.1382911056280136,0.0002162456512451172
10,973,3,Early,False,0.0,0.13850735127925873,0.1382911056280136,0.0002162456512451172
10,973,4,Early,True,-0.008453434333205223,0.13850735127925873,0.1382911056280136,0.0002162456512451172
10,973,5,Early,True,-0.0013238866813480854,0.13850735127925873,0.1382911056280136,0.0002162456512451172
10,973,6,Middle,False,0.0,0.13850735127925873,0.1382911056280136,0.0002162456512451172
10,973,7,Middle,False,0.0,0.13850735127925873,0.1382911056280136,0.0002162456512451172
10,973,8,Middle,False,0.0,0.13850735127925873,0.1382911056280136,0.0002162456512451172
10,973,9,Middle,False,0.0,0.13850735127925873,0.1382911056280136,0.0002162456512451172
10,838,0,Early,False,0.0,0.11962562054395676,0.11962562054395676,0.0
10,838,1,Early,False,0.0,0.11962562054395676,0.11962562054395676,0.0
10,838,2,Early,False,0.0,0.11962562054395676,0.11962562054395676,0.0
10,838,3,Early,False,0.0,0.11962562054395676,0.11962562054395676,0.0
10,838,4,Early,False,0.0,0.11962562054395676,0.11962562054395676,0.0
10,838,5,Early,False,0.0,0.11962562054395676,0.11962562054395676,0.0
10,838,6,Middle,False,0.0,0.11962562054395676,0.11962562054395676,0.0
10,838,7,Middle,False,0.0,0.11962562054395676,0.11962562054395676,0.0
10,838,8,Middle,False,0.0,0.11962562054395676,0.11962562054395676,0.0
10,838,9,Middle,False,0.0,0.11962562054395676,0.11962562054395676,0.0
10,924,0,Early,False,0.0,0.1291295439004898,0.1291295439004898,0.0
10,924,1,Early,False,0.0,0.1291295439004898,0.1291295439004898,0.0
10,924,2,Early,False,0.0,0.1291295439004898,0.1291295439004898,0.0
10,924,3,Early,False,0.0,0.1291295439004898,0.1291295439004898,0.0
10,924,4,Early,False,0.0,0.1291295439004898,0.1291295439004898,0.0
10,924,5,Early,False,0.0,0.1291295439004898,0.1291295439004898,0.0
10,924,6,Middle,False,0.0,0.1291295439004898,0.1291295439004898,0.0
10,924,7,Middle,False,0.0,0.1291295439004898,0.1291295439004898,0.0
10,924,8,Middle,False,0.0,0.1291295439004898,0.1291295439004898,0.0
10,924,9,Middle,False,0.0,0.1291295439004898,0.1291295439004898,0.0
10,812,0,Early,False,0.0,0.13788442313671112,0.13701485097408295,0.0008695721626281738
10,812,1,Early,True,-0.03847985714673996,0.13788442313671112,0.13701485097408295,0.0008695721626281738
10,812,2,Early,False,0.0,0.13788442313671112,0.13701485097408295,0.0008695721626281738
10,812,3,Early,True,-0.018061066046357155,0.13788442313671112,0.13701485097408295,0.0008695721626281738
10,812,4,Early,False,0.0,0.13788442313671112,0.13701485097408295,0.0008695721626281738
10,812,5,Early,False,0.0,0.13788442313671112,0.13701485097408295,0.0008695721626281738
10,812,6,Middle,False,0.0,0.13788442313671112,0.13701485097408295,0.0008695721626281738
10,812,7,Middle,False,0.0,0.13788442313671112,0.13701485097408295,0.0008695721626281738
10,812,8,Middle,False,0.0,0.13788442313671112,0.13701485097408295,0.0008695721626281738
10,812,9,Middle,False,0.0,0.13788442313671112,0.13701485097408295,0.0008695721626281738
10,945,0,Early,False,0.0,0.1389404535293579,0.13856548070907593,0.0003749728202819824
10,945,1,Early,True,-0.006912332959473133,0.1389404535293579,0.13856548070907593,0.0003749728202819824
10,945,2,Early,True,-0.017957555130124092,0.1389404535293579,0.13856548070907593,0.0003749728202819824
10,945,3,Early,True,-0.04667125269770622,0.1389404535293579,0.13856548070907593,0.0003749728202819824
10,945,4,Early,True,-0.008407967165112495,0.1389404535293579,0.13856548070907593,0.0003749728202819824
10,945,5,Early,False,0.0,0.1389404535293579,0.13856548070907593,0.0003749728202819824
10,945,6,Middle,False,0.0,0.1389404535293579,0.13856548070907593,0.0003749728202819824
10,945,7,Middle,False,0.0,0.1389404535293579,0.13856548070907593,0.0003749728202819824
10,945,8,Middle,False,0.0,0.1389404535293579,0.13856548070907593,0.0003749728202819824
10,945,9,Middle,False,0.0,0.1389404535293579,0.13856548070907593,0.0003749728202819824
10,933,0,Early,True,-0.0022978615015745163,0.1368967890739441,0.13829484581947327,-0.0013980567455291748
10,933,1,Early,True,-0.015327922999858856,0.1368967890739441,0.13829484581947327,-0.0013980567455291748
10,933,2,Early,True,-0.04762692376971245,0.1368967890739441,0.13829484581947327,-0.0013980567455291748
10,933,3,Early,True,-0.005975702777504921,0.1368967890739441,0.13829484581947327,-0.0013980567455291748
10,933,4,Early,True,-0.00911100022494793,0.1368967890739441,0.13829484581947327,-0.0013980567455291748
10,933,5,Early,True,-0.005050944164395332,0.1368967890739441,0.13829484581947327,-0.0013980567455291748
10,933,6,Middle,False,0.0,0.1368967890739441,0.13829484581947327,-0.0013980567455291748
10,933,7,Middle,False,0.0,0.1368967890739441,0.13829484581947327,-0.0013980567455291748
10,933,8,Middle,False,0.0,0.1368967890739441,0.13829484581947327,-0.0013980567455291748
10,933,9,Middle,False,0.0,0.1368967890739441,0.13829484581947327,-0.0013980567455291748
10,851,0,Early,True,-0.011878225952386856,0.14066490530967712,0.13941353559494019,0.0012513697147369385
10,851,1,Early,True,-0.002756598638370633,0.14066490530967712,0.13941353559494019,0.0012513697147369385
10,851,2,Early,True,-0.02475261315703392,0.14066490530967712,0.13941353559494019,0.0012513697147369385
10,851,3,Early,True,-0.0058326926082372665,0.14066490530967712,0.13941353559494019,0.0012513697147369385
10,851,4,Early,False,0.0,0.14066490530967712,0.13941353559494019,0.0012513697147369385
10,851,5,Early,False,0.0,0.14066490530967712,0.13941353559494019,0.0012513697147369385
10,851,6,Middle,False,0.0,0.14066490530967712,0.13941353559494019,0.0012513697147369385
10,851,7,Middle,False,0.0,0.14066490530967712,0.13941353559494019,0.0012513697147369385
10,851,8,Middle,False,0.0,0.14066490530967712,0.13941353559494019,0.0012513697147369385
10,851,9,Middle,False,0.0,0.14066490530967712,0.13941353559494019,0.0012513697147369385
10,844,0,Early,False,0.0,0.14120422303676605,0.139042928814888,0.0021612942218780518
10,844,1,Early,True,-0.019524531438946724,0.14120422303676605,0.139042928814888,0.0021612942218780518
10,844,2,Early,True,-0.004169548861682415,0.14120422303676605,0.139042928814888,0.0021612942218780518
10,844,3,Early,True,-0.011428456753492355,0.14120422303676605,0.139042928814888,0.0021612942218780518
10,844,4,Early,False,0.0,0.14120422303676605,0.139042928814888,0.0021612942218780518
10,844,5,Early,False,0.0,0.14120422303676605,0.139042928814888,0.0021612942218780518
10,844,6,Middle,False,0.0,0.14120422303676605,0.139042928814888,0.0021612942218780518
10,844,7,Middle,False,0.0,0.14120422303676605,0.139042928814888,0.0021612942218780518
10,844,8,Middle,False,0.0,0.14120422303676605,0.139042928814888,0.0021612942218780518
10,844,9,Middle,False,0.0,0.14120422303676605,0.139042928814888,0.0021612942218780518
10,916,0,Early,False,0.0,0.13248208165168762,0.13195009529590607,0.0005319863557815552
10,916,1,Early,True,-0.00459820032119751,0.13248208165168762,0.13195009529590607,0.0005319863557815552
10,916,2,Early,True,-0.009102091193199158,0.13248208165168762,0.13195009529590607,0.0005319863557815552
10,916,3,Early,True,-0.00029012933373451233,0.13248208165168762,0.13195009529590607,0.0005319863557815552
10,916,4,Early,True,-0.018525324761867523,0.13248208165168762,0.13195009529590607,0.0005319863557815552
10,916,5,Early,True,-0.008897896856069565,0.13248208165168762,0.13195009529590607,0.0005319863557815552
10,916,6,Middle,False,0.0,0.13248208165168762,0.13195009529590607,0.0005319863557815552
10,916,7,Middle,False,0.0,0.13248208165168762,0.13195009529590607,0.0005319863557815552
10,916,8,Middle,False,0.0,0.13248208165168762,0.13195009529590607,0.0005319863557815552
10,916,9,Middle,False,0.0,0.13248208165168762,0.13195009529590607,0.0005319863557815552
10,855,0,Early,True,-0.006895503960549831,0.14080926775932312,0.1392301470041275,0.0015791207551956177
10,855,1,Early,False,0.0,0.14080926775932312,0.1392301470041275,0.0015791207551956177
10,855,2,Early,True,-0.018869642168283463,0.14080926775932312,0.1392301470041275,0.0015791207551956177
10,855,3,Early,False,0.0,0.14080926775932312,0.1392301470041275,0.0015791207551956177
10,855,4,Early,False,0.0,0.14080926775932312,0.1392301470041275,0.0015791207551956177
10,855,5,Early,False,0.0,0.14080926775932312,0.1392301470041275,0.0015791207551956177
10,855,6,Middle,False,0.0,0.14080926775932312,0.1392301470041275,0.0015791207551956177
10,855,7,Middle,False,0.0,0.14080926775932312,0.1392301470041275,0.0015791207551956177
10,855,8,Middle,False,0.0,0.14080926775932312,0.1392301470041275,0.0015791207551956177
10,855,9,Middle,False,0.0,0.14080926775932312,0.1392301470041275,0.0015791207551956177
10,883,0,Early,False,0.0,0.13780461251735687,0.136135995388031,0.0016686171293258667
10,883,1,Early,True,-0.011965121142566204,0.13780461251735687,0.136135995388031,0.0016686171293258667
10,883,2,Early,True,-0.030310988426208496,0.13780461251735687,0.136135995388031,0.0016686171293258667
10,883,3,Early,False,0.0,0.13780461251735687,0.136135995388031,0.0016686171293258667
10,883,4,Early,True,-0.03384331986308098,0.13780461251735687,0.136135995388031,0.0016686171293258667
10,883,5,Early,True,-0.010002829134464264,0.13780461251735687,0.136135995388031,0.0016686171293258667
10,883,6,Middle,True,-0.0171121284365654,0.13780461251735687,0.136135995388031,0.0016686171293258667
10,883,7,Middle,False,0.0,0.13780461251735687,0.136135995388031,0.0016686171293258667
10,883,8,Middle,False,0.0,0.13780461251735687,0.136135995388031,0.0016686171293258667
10,883,9,Middle,False,0.0,0.13780461251735687,0.136135995388031,0.0016686171293258667
10,874,0,Early,True,-0.029611196368932724,0.13039317727088928,0.12691457569599152,0.003478601574897766
10,874,1,Early,True,-0.01672227494418621,0.13039317727088928,0.12691457569599152,0.003478601574897766
10,874,2,Early,False,0.0,0.13039317727088928,0.12691457569599152,0.003478601574897766
10,874,3,Early,True,-0.00534481555223465,0.13039317727088928,0.12691457569599152,0.003478601574897766
10,874,4,Early,False,0.0,0.13039317727088928,0.12691457569599152,0.003478601574897766
10,874,5,Early,False,0.0,0.13039317727088928,0.12691457569599152,0.003478601574897766
10,874,6,Middle,False,0.0,0.13039317727088928,0.12691457569599152,0.003478601574897766
10,874,7,Middle,False,0.0,0.13039317727088928,0.12691457569599152,0.003478601574897766
10,874,8,Middle,False,0.0,0.13039317727088928,0.12691457569599152,0.003478601574897766
10,874,9,Middle,False,0.0,0.13039317727088928,0.12691457569599152,0.003478601574897766
10,896,0,Early,False,0.0,0.12473612278699875,0.12359769642353058,0.0011384263634681702
10,896,1,Early,True,-0.00541449710726738,0.12473612278699875,0.12359769642353058,0.0011384263634681702
10,896,2,Early,False,0.0,0.12473612278699875,0.12359769642353058,0.0011384263634681702
10,896,3,Early,True,-0.004832919221371412,0.12473612278699875,0.12359769642353058,0.0011384263634681702
10,896,4,Early,True,-0.013747001066803932,0.12473612278699875,0.12359769642353058,0.0011384263634681702
10,896,5,Early,True,-0.021892311051487923,0.12473612278699875,0.12359769642353058,0.0011384263634681702
10,896,6,Middle,True,-0.0018740743398666382,0.12473612278699875,0.12359769642353058,0.0011384263634681702
10,896,7,Middle,False,0.0,0.12473612278699875,0.12359769642353058,0.0011384263634681702
10,896,8,Middle,False,0.0,0.12473612278699875,0.12359769642353058,0.0011384263634681702
10,896,9,Middle,False,0.0,0.12473612278699875,0.12359769642353058,0.0011384263634681702
10,818,0,Early,True,-0.02416355162858963,0.13867487013339996,0.13669340312480927,0.0019814670085906982
10,818,1,Early,False,0.0,0.13867487013339996,0.13669340312480927,0.0019814670085906982
10,818,2,Early,True,-0.007186984643340111,0.13867487013339996,0.13669340312480927,0.0019814670085906982
10,818,3,Early,False,0.0,0.13867487013339996,0.13669340312480927,0.0019814670085906982
10,818,4,Early,False,0.0,0.13867487013339996,0.13669340312480927,0.0019814670085906982
10,818,5,Early,False,0.0,0.13867487013339996,0.13669340312480927,0.0019814670085906982
10,818,6,Middle,False,0.0,0.13867487013339996,0.13669340312480927,0.0019814670085906982
10,818,7,Middle,False,0.0,0.13867487013339996,0.13669340312480927,0.0019814670085906982
10,818,8,Middle,False,0.0,0.13867487013339996,0.13669340312480927,0.0019814670085906982
10,818,9,Middle,False,0.0,0.13867487013339996,0.13669340312480927,0.0019814670085906982
10,940,0,Early,True,-0.03084571100771427,0.12534546852111816,0.1256420612335205,-0.00029659271240234375
10,940,1,Early,False,0.0,0.12534546852111816,0.1256420612335205,-0.00029659271240234375
10,940,2,Early,True,-0.0396038182079792,0.12534546852111816,0.1256420612335205,-0.00029659271240234375
10,940,3,Early,False,0.0,0.12534546852111816,0.1256420612335205,-0.00029659271240234375
10,940,4,Early,False,0.0,0.12534546852111816,0.1256420612335205,-0.00029659271240234375
10,940,5,Early,False,0.0,0.12534546852111816,0.1256420612335205,-0.00029659271240234375
10,940,6,Middle,False,0.0,0.12534546852111816,0.1256420612335205,-0.00029659271240234375
10,940,7,Middle,False,0.0,0.12534546852111816,0.1256420612335205,-0.00029659271240234375
10,940,8,Middle,False,0.0,0.12534546852111816,0.1256420612335205,-0.00029659271240234375
10,940,9,Middle,False,0.0,0.12534546852111816,0.1256420612335205,-0.00029659271240234375
10,958,0,Early,True,-0.008786987513303757,0.14037732779979706,0.13955911993980408,0.000818207859992981
10,958,1,Early,False,0.0,0.14037732779979706,0.13955911993980408,0.000818207859992981
10,958,2,Early,True,-0.02655886299908161,0.14037732779979706,0.13955911993980408,0.000818207859992981
10,958,3,Early,True,-0.007064641918987036,0.14037732779979706,0.13955911993980408,0.000818207859992981
10,958,4,Early,False,0.0,0.14037732779979706,0.13955911993980408,0.000818207859992981
10,958,5,Early,False,0.0,0.14037732779979706,0.13955911993980408,0.000818207859992981
10,958,6,Middle,False,0.0,0.14037732779979706,0.13955911993980408,0.000818207859992981
10,958,7,Middle,False,0.0,0.14037732779979706,0.13955911993980408,0.000818207859992981
10,958,8,Middle,False,0.0,0.14037732779979706,0.13955911993980408,0.000818207859992981
10,958,9,Middle,False,0.0,0.14037732779979706,0.13955911993980408,0.000818207859992981
10,943,0,Early,True,-0.01752506010234356,0.12991288304328918,0.12944379448890686,0.0004690885543823242
10,943,1,Early,True,-0.003200000151991844,0.12991288304328918,0.12944379448890686,0.0004690885543823242
10,943,2,Early,True,-0.04930240660905838,0.12991288304328918,0.12944379448890686,0.0004690885543823242
10,943,3,Early,True,-0.0035741273313760757,0.12991288304328918,0.12944379448890686,0.0004690885543823242
10,943,4,Early,True,-0.008135505020618439,0.12991288304328918,0.12944379448890686,0.0004690885543823242
10,943,5,Early,False,0.0,0.12991288304328918,0.12944379448890686,0.0004690885543823242
10,943,6,Middle,False,0.0,0.12991288304328918,0.12944379448890686,0.0004690885543823242
10,943,7,Middle,False,0.0,0.12991288304328918,0.12944379448890686,0.0004690885543823242
10,943,8,Middle,False,0.0,0.12991288304328918,0.12944379448890686,0.0004690885543823242
10,943,9,Middle,False,0.0,0.12991288304328918,0.12944379448890686,0.0004690885543823242
10,941,0,Early,True,-0.005317341536283493,0.1316056102514267,0.12736566364765167,0.004239946603775024
10,941,1,Early,False,0.0,0.1316056102514267,0.12736566364765167,0.004239946603775024
10,941,2,Early,True,-0.0324169397354126,0.1316056102514267,0.12736566364765167,0.004239946603775024
10,941,3,Early,False,0.0,0.1316056102514267,0.12736566364765167,0.004239946603775024
10,941,4,Early,False,0.0,0.1316056102514267,0.12736566364765167,0.004239946603775024
10,941,5,Early,False,0.0,0.1316056102514267,0.12736566364765167,0.004239946603775024
10,941,6,Middle,False,0.0,0.1316056102514267,0.12736566364765167,0.004239946603775024
10,941,7,Middle,False,0.0,0.1316056102514267,0.12736566364765167,0.004239946603775024
10,941,8,Middle,False,0.0,0.1316056102514267,0.12736566364765167,0.004239946603775024
10,941,9,Middle,False,0.0,0.1316056102514267,0.12736566364765167,0.004239946603775024
10,859,0,Early,True,-0.006225877907127142,0.13882969319820404,0.1373981535434723,0.0014315396547317505
10,859,1,Early,True,-0.03583531826734543,0.13882969319820404,0.1373981535434723,0.0014315396547317505
10,859,2,Early,False,0.0,0.13882969319820404,0.1373981535434723,0.0014315396547317505
10,859,3,Early,True,-0.008249240927398205,0.13882969319820404,0.1373981535434723,0.0014315396547317505
10,859,4,Early,False,0.0,0.13882969319820404,0.1373981535434723,0.0014315396547317505
10,859,5,Early,True,-0.004191153682768345,0.13882969319820404,0.1373981535434723,0.0014315396547317505
10,859,6,Middle,True,-0.0025044004432857037,0.13882969319820404,0.1373981535434723,0.0014315396547317505
10,859,7,Middle,False,0.0,0.13882969319820404,0.1373981535434723,0.0014315396547317505
10,859,8,Middle,False,0.0,0.13882969319820404,0.1373981535434723,0.0014315396547317505
10,859,9,Middle,False,0.0,0.13882969319820404,0.1373981535434723,0.0014315396547317505
20,854,0,Early,True,-0.45788130164146423,0.13056997954845428,0.12937147915363312,0.001198500394821167
20,854,1,Early,True,-0.28066301345825195,0.13056997954845428,0.12937147915363312,0.001198500394821167
20,854,2,Early,False,0.0,0.13056997954845428,0.12937147915363312,0.001198500394821167
20,854,3,Early,True,-0.06814549118280411,0.13056997954845428,0.12937147915363312,0.001198500394821167
20,854,4,Early,True,-0.02497771382331848,0.13056997954845428,0.12937147915363312,0.001198500394821167
20,854,5,Early,True,-0.0721813291311264,0.13056997954845428,0.12937147915363312,0.001198500394821167
20,854,6,Middle,True,-0.07363954186439514,0.13056997954845428,0.12937147915363312,0.001198500394821167
20,854,7,Middle,True,-0.03475981205701828,0.13056997954845428,0.12937147915363312,0.001198500394821167
20,854,8,Middle,False,0.0,0.13056997954845428,0.12937147915363312,0.001198500394821167
20,854,9,Middle,False,0.0,0.13056997954845428,0.12937147915363312,0.001198500394821167
20,854,10,Middle,False,0.0,0.13056997954845428,0.12937147915363312,0.001198500394821167
20,854,11,Middle,False,0.0,0.13056997954845428,0.12937147915363312,0.001198500394821167
20,854,12,Middle,False,0.0,0.13056997954845428,0.12937147915363312,0.001198500394821167
20,854,13,Late,False,0.0,0.13056997954845428,0.12937147915363312,0.001198500394821167
20,854,14,Late,False,0.0,0.13056997954845428,0.12937147915363312,0.001198500394821167
20,854,15,Late,False,0.0,0.13056997954845428,0.12937147915363312,0.001198500394821167
20,854,16,Late,False,0.0,0.13056997954845428,0.12937147915363312,0.001198500394821167
20,854,17,Late,False,0.0,0.13056997954845428,0.12937147915363312,0.001198500394821167
20,854,18,Late,False,0.0,0.13056997954845428,0.12937147915363312,0.001198500394821167
20,854,19,Late,False,0.0,0.13056997954845428,0.12937147915363312,0.001198500394821167
20,893,0,Early,True,-0.3409033715724945,0.13636110723018646,0.13242031633853912,0.003940790891647339
20,893,1,Early,True,-0.2915613353252411,0.13636110723018646,0.13242031633853912,0.003940790891647339
20,893,2,Early,True,-0.13210976123809814,0.13636110723018646,0.13242031633853912,0.003940790891647339
20,893,3,Early,True,-0.10299579054117203,0.13636110723018646,0.13242031633853912,0.003940790891647339
20,893,4,Early,True,-0.052072253078222275,0.13636110723018646,0.13242031633853912,0.003940790891647339
20,893,5,Early,True,-0.051339954137802124,0.13636110723018646,0.13242031633853912,0.003940790891647339
20,893,6,Middle,False,0.0,0.13636110723018646,0.13242031633853912,0.003940790891647339
20,893,7,Middle,True,-0.049276746809482574,0.13636110723018646,0.13242031633853912,0.003940790891647339
20,893,8,Middle,True,-0.037147946655750275,0.13636110723018646,0.13242031633853912,0.003940790891647339
20,893,9,Middle,True,-0.01519075594842434,0.13636110723018646,0.13242031633853912,0.003940790891647339
20,893,10,Middle,True,-0.006449384614825249,0.13636110723018646,0.13242031633853912,0.003940790891647339
20,893,11,Middle,True,-0.00994579866528511,0.13636110723018646,0.13242031633853912,0.003940790891647339
20,893,12,Middle,False,0.0,0.13636110723018646,0.13242031633853912,0.003940790891647339
20,893,13,Late,False,0.0,0.13636110723018646,0.13242031633853912,0.003940790891647339
20,893,14,Late,False,0.0,0.13636110723018646,0.13242031633853912,0.003940790891647339
20,893,15,Late,False,0.0,0.13636110723018646,0.13242031633853912,0.003940790891647339
20,893,16,Late,False,0.0,0.13636110723018646,0.13242031633853912,0.003940790891647339
20,893,17,Late,False,0.0,0.13636110723018646,0.13242031633853912,0.003940790891647339
20,893,18,Late,False,0.0,0.13636110723018646,0.13242031633853912,0.003940790891647339
20,893,19,Late,False,0.0,0.13636110723018646,0.13242031633853912,0.003940790891647339
20,998,0,Early,True,-0.13822199404239655,0.13759088516235352,0.1370323747396469,0.000558510422706604
20,998,1,Early,True,-0.1040131077170372,0.13759088516235352,0.1370323747396469,0.000558510422706604
20,998,2,Early,True,-0.048334650695323944,0.13759088516235352,0.1370323747396469,0.000558510422706604
20,998,3,Early,True,-0.02697329968214035,0.13759088516235352,0.1370323747396469,0.000558510422706604
20,998,4,Early,True,-0.10604044049978256,0.13759088516235352,0.1370323747396469,0.000558510422706604
20,998,5,Early,True,-0.11908990889787674,0.13759088516235352,0.1370323747396469,0.000558510422706604
20,998,6,Middle,True,-0.045963104814291,0.13759088516235352,0.1370323747396469,0.000558510422706604
20,998,7,Middle,True,-0.08009331673383713,0.13759088516235352,0.1370323747396469,0.000558510422706604
20,998,8,Middle,True,-0.08405186235904694,0.13759088516235352,0.1370323747396469,0.000558510422706604
20,998,9,Middle,True,-0.03960826247930527,0.13759088516235352,0.1370323747396469,0.000558510422706604
20,998,10,Middle,True,-0.028049394488334656,0.13759088516235352,0.1370323747396469,0.000558510422706604
20,998,11,Middle,True,-0.03412650525569916,0.13759088516235352,0.1370323747396469,0.000558510422706604
20,998,12,Middle,True,-0.020190907642245293,0.13759088516235352,0.1370323747396469,0.000558510422706604
20,998,13,Late,True,-0.006894571706652641,0.13759088516235352,0.1370323747396469,0.000558510422706604
20,998,14,Late,False,0.0,0.13759088516235352,0.1370323747396469,0.000558510422706604
20,998,15,Late,False,0.0,0.13759088516235352,0.1370323747396469,0.000558510422706604
20,998,16,Late,False,0.0,0.13759088516235352,0.1370323747396469,0.000558510422706604
20,998,17,Late,False,0.0,0.13759088516235352,0.1370323747396469,0.000558510422706604
20,998,18,Late,False,0.0,0.13759088516235352,0.1370323747396469,0.000558510422706604
20,998,19,Late,False,0.0,0.13759088516235352,0.1370323747396469,0.000558510422706604
20,802,0,Early,True,-0.24512982368469238,0.13810305297374725,0.13459958136081696,0.003503471612930298
20,802,1,Early,True,-0.3770054578781128,0.13810305297374725,0.13459958136081696,0.003503471612930298
20,802,2,Early,True,-0.12242284417152405,0.13810305297374725,0.13459958136081696,0.003503471612930298
20,802,3,Early,True,-0.24428881704807281,0.13810305297374725,0.13459958136081696,0.003503471612930298
20,802,4,Early,True,-0.19545592367649078,0.13810305297374725,0.13459958136081696,0.003503471612930298
20,802,5,Early,True,-0.10174126923084259,0.13810305297374725,0.13459958136081696,0.003503471612930298
20,802,6,Middle,True,-0.004635043442249298,0.13810305297374725,0.13459958136081696,0.003503471612930298
20,802,7,Middle,True,-0.015141412615776062,0.13810305297374725,0.13459958136081696,0.003503471612930298
20,802,8,Middle,True,-0.04196975752711296,0.13810305297374725,0.13459958136081696,0.003503471612930298
20,802,9,Middle,True,-0.043626707047224045,0.13810305297374725,0.13459958136081696,0.003503471612930298
20,802,10,Middle,True,-0.02491254173219204,0.13810305297374725,0.13459958136081696,0.003503471612930298
20,802,11,Middle,True,-0.009737085551023483,0.13810305297374725,0.13459958136081696,0.003503471612930298
20,802,12,Middle,True,-0.02654493786394596,0.13810305297374725,0.13459958136081696,0.003503471612930298
20,802,13,Late,True,-0.01037270575761795,0.13810305297374725,0.13459958136081696,0.003503471612930298
20,802,14,Late,False,0.0,0.13810305297374725,0.13459958136081696,0.003503471612930298
20,802,15,Late,False,0.0,0.13810305297374725,0.13459958136081696,0.003503471612930298
20,802,16,Late,False,0.0,0.13810305297374725,0.13459958136081696,0.003503471612930298
20,802,17,Late,False,0.0,0.13810305297374725,0.13459958136081696,0.003503471612930298
20,802,18,Late,False,0.0,0.13810305297374725,0.13459958136081696,0.003503471612930298
20,802,19,Late,False,0.0,0.13810305297374725,0.13459958136081696,0.003503471612930298
20,919,0,Early,True,-0.2378009706735611,0.14139731228351593,0.1381780058145523,0.003219306468963623
20,919,1,Early,True,-0.32715457677841187,0.14139731228351593,0.1381780058145523,0.003219306468963623
20,919,2,Early,True,-0.22224095463752747,0.14139731228351593,0.1381780058145523,0.003219306468963623
20,919,3,Early,True,-0.0750122144818306,0.14139731228351593,0.1381780058145523,0.003219306468963623
20,919,4,Early,True,-0.07438860833644867,0.14139731228351593,0.1381780058145523,0.003219306468963623
20,919,5,Early,True,-0.08985715359449387,0.14139731228351593,0.1381780058145523,0.003219306468963623
20,919,6,Middle,True,-0.07441946864128113,0.14139731228351593,0.1381780058145523,0.003219306468963623
20,919,7,Middle,True,-0.033851295709609985,0.14139731228351593,0.1381780058145523,0.003219306468963623
20,919,8,Middle,True,-0.06173582375049591,0.14139731228351593,0.1381780058145523,0.003219306468963623
20,919,9,Middle,True,-0.04557330161333084,0.14139731228351593,0.1381780058145523,0.003219306468963623
20,919,10,Middle,True,-0.02738065831363201,0.14139731228351593,0.1381780058145523,0.003219306468963623
20,919,11,Middle,True,-0.001075591892004013,0.14139731228351593,0.1381780058145523,0.003219306468963623
20,919,12,Middle,True,-0.0030113328248262405,0.14139731228351593,0.1381780058145523,0.003219306468963623
20,919,13,Late,False,0.0,0.14139731228351593,0.1381780058145523,0.003219306468963623
20,919,14,Late,False,0.0,0.14139731228351593,0.1381780058145523,0.003219306468963623
20,919,15,Late,False,0.0,0.14139731228351593,0.1381780058145523,0.003219306468963623
20,919,16,Late,False,0.0,0.14139731228351593,0.1381780058145523,0.003219306468963623
20,919,17,Late,False,0.0,0.14139731228351593,0.1381780058145523,0.003219306468963623
20,919,18,Late,False,0.0,0.14139731228351593,0.1381780058145523,0.003219306468963623
20,919,19,Late,False,0.0,0.14139731228351593,0.1381780058145523,0.003219306468963623
20,860,0,Early,True,-0.13138572871685028,0.1349644660949707,0.13219809532165527,0.0027663707733154297
20,860,1,Early,True,-0.21292074024677277,0.1349644660949707,0.13219809532165527,0.0027663707733154297
20,860,2,Early,True,-0.22179827094078064,0.1349644660949707,0.13219809532165527,0.0027663707733154297
20,860,3,Early,True,-0.09470203518867493,0.1349644660949707,0.13219809532165527,0.0027663707733154297
20,860,4,Early,False,0.0,0.1349644660949707,0.13219809532165527,0.0027663707733154297
20,860,5,Early,True,-0.09679728746414185,0.1349644660949707,0.13219809532165527,0.0027663707733154297
20,860,6,Middle,True,-0.07966673374176025,0.1349644660949707,0.13219809532165527,0.0027663707733154297
20,860,7,Middle,True,-0.0626140907406807,0.1349644660949707,0.13219809532165527,0.0027663707733154297
20,860,8,Middle,True,-0.07722459733486176,0.1349644660949707,0.13219809532165527,0.0027663707733154297
20,860,9,Middle,True,-0.05760132521390915,0.1349644660949707,0.13219809532165527,0.0027663707733154297
20,860,10,Middle,True,-0.03735699877142906,0.1349644660949707,0.13219809532165527,0.0027663707733154297
20,860,11,Middle,True,-0.03347551077604294,0.1349644660949707,0.13219809532165527,0.0027663707733154297
20,860,12,Middle,True,-0.016796717420220375,0.1349644660949707,0.13219809532165527,0.0027663707733154297
20,860,13,Late,True,-0.0281156525015831,0.1349644660949707,0.13219809532165527,0.0027663707733154297
20,860,14,Late,False,0.0,0.1349644660949707,0.13219809532165527,0.0027663707733154297
20,860,15,Late,True,-0.004997916519641876,0.1349644660949707,0.13219809532165527,0.0027663707733154297
20,860,16,Late,False,0.0,0.1349644660949707,0.13219809532165527,0.0027663707733154297
20,860,17,Late,False,0.0,0.1349644660949707,0.13219809532165527,0.0027663707733154297
20,860,18,Late,False,0.0,0.1349644660949707,0.13219809532165527,0.0027663707733154297
20,860,19,Late,False,0.0,0.1349644660949707,0.13219809532165527,0.0027663707733154297
20,847,0,Early,False,0.0,0.12997175753116608,0.12997175753116608,0.0
20,847,1,Early,False,0.0,0.12997175753116608,0.12997175753116608,0.0
20,847,2,Early,False,0.0,0.12997175753116608,0.12997175753116608,0.0
20,847,3,Early,False,0.0,0.12997175753116608,0.12997175753116608,0.0
20,847,4,Early,False,0.0,0.12997175753116608,0.12997175753116608,0.0
20,847,5,Early,False,0.0,0.12997175753116608,0.12997175753116608,0.0
20,847,6,Middle,False,0.0,0.12997175753116608,0.12997175753116608,0.0
20,847,7,Middle,False,0.0,0.12997175753116608,0.12997175753116608,0.0
20,847,8,Middle,False,0.0,0.12997175753116608,0.12997175753116608,0.0
20,847,9,Middle,False,0.0,0.12997175753116608,0.12997175753116608,0.0
20,847,10,Middle,False,0.0,0.12997175753116608,0.12997175753116608,0.0
20,847,11,Middle,False,0.0,0.12997175753116608,0.12997175753116608,0.0
20,847,12,Middle,False,0.0,0.12997175753116608,0.12997175753116608,0.0
20,847,13,Late,False,0.0,0.12997175753116608,0.12997175753116608,0.0
20,847,14,Late,False,0.0,0.12997175753116608,0.12997175753116608,0.0
20,847,15,Late,False,0.0,0.12997175753116608,0.12997175753116608,0.0
20,847,16,Late,False,0.0,0.12997175753116608,0.12997175753116608,0.0
20,847,17,Late,False,0.0,0.12997175753116608,0.12997175753116608,0.0
20,847,18,Late,False,0.0,0.12997175753116608,0.12997175753116608,0.0
20,847,19,Late,False,0.0,0.12997175753116608,0.12997175753116608,0.0
20,982,0,Early,True,-0.0683693066239357,0.12010730057954788,0.11712124198675156,0.0029860585927963257
20,982,1,Early,False,0.0,0.12010730057954788,0.11712124198675156,0.0029860585927963257
20,982,2,Early,True,-0.14276450872421265,0.12010730057954788,0.11712124198675156,0.0029860585927963257
20,982,3,Early,True,-0.1995590627193451,0.12010730057954788,0.11712124198675156,0.0029860585927963257
20,982,4,Early,True,-0.11962965875864029,0.12010730057954788,0.11712124198675156,0.0029860585927963257
20,982,5,Early,True,-0.043702028691768646,0.12010730057954788,0.11712124198675156,0.0029860585927963257
20,982,6,Middle,True,-0.023002643138170242,0.12010730057954788,0.11712124198675156,0.0029860585927963257
20,982,7,Middle,True,-0.00987216830253601,0.12010730057954788,0.11712124198675156,0.0029860585927963257
20,982,8,Middle,False,0.0,0.12010730057954788,0.11712124198675156,0.0029860585927963257
20,982,9,Middle,False,0.0,0.12010730057954788,0.11712124198675156,0.0029860585927963257
20,982,10,Middle,True,-0.013746082782745361,0.12010730057954788,0.11712124198675156,0.0029860585927963257
20,982,11,Middle,False,0.0,0.12010730057954788,0.11712124198675156,0.0029860585927963257
20,982,12,Middle,False,0.0,0.12010730057954788,0.11712124198675156,0.0029860585927963257
20,982,13,Late,False,0.0,0.12010730057954788,0.11712124198675156,0.0029860585927963257
20,982,14,Late,False,0.0,0.12010730057954788,0.11712124198675156,0.0029860585927963257
20,982,15,Late,False,0.0,0.12010730057954788,0.11712124198675156,0.0029860585927963257
20,982,16,Late,False,0.0,0.12010730057954788,0.11712124198675156,0.0029860585927963257
20,982,17,Late,False,0.0,0.12010730057954788,0.11712124198675156,0.0029860585927963257
20,982,18,Late,False,0.0,0.12010730057954788,0.11712124198675156,0.0029860585927963257
20,982,19,Late,False,0.0,0.12010730057954788,0.11712124198675156,0.0029860585927963257
20,816,0,Early,True,-0.11114630848169327,0.14071610569953918,0.13740430772304535,0.0033117979764938354
20,816,1,Early,True,-0.0016780272126197815,0.14071610569953918,0.13740430772304535,0.0033117979764938354
20,816,2,Early,True,-0.06262914836406708,0.14071610569953918,0.13740430772304535,0.0033117979764938354
20,816,3,Early,True,-0.13516540825366974,0.14071610569953918,0.13740430772304535,0.0033117979764938354
20,816,4,Early,True,-0.02689250186085701,0.14071610569953918,0.13740430772304535,0.0033117979764938354
20,816,5,Early,True,-0.035865604877471924,0.14071610569953918,0.13740430772304535,0.0033117979764938354
20,816,6,Middle,True,-0.07556791603565216,0.14071610569953918,0.13740430772304535,0.0033117979764938354
20,816,7,Middle,True,-0.07959473133087158,0.14071610569953918,0.13740430772304535,0.0033117979764938354
20,816,8,Middle,True,-0.02443705126643181,0.14071610569953918,0.13740430772304535,0.0033117979764938354
20,816,9,Middle,True,-0.032630931586027145,0.14071610569953918,0.13740430772304535,0.0033117979764938354
20,816,10,Middle,True,-0.033228807151317596,0.14071610569953918,0.13740430772304535,0.0033117979764938354
20,816,11,Middle,True,-0.003068031743168831,0.14071610569953918,0.13740430772304535,0.0033117979764938354
20,816,12,Middle,True,-0.005010087043046951,0.14071610569953918,0.13740430772304535,0.0033117979764938354
20,816,13,Late,True,-0.008335395716130733,0.14071610569953918,0.13740430772304535,0.0033117979764938354
20,816,14,Late,False,0.0,0.14071610569953918,0.13740430772304535,0.0033117979764938354
20,816,15,Late,False,0.0,0.14071610569953918,0.13740430772304535,0.0033117979764938354
20,816,16,Late,False,0.0,0.14071610569953918,0.13740430772304535,0.0033117979764938354
20,816,17,Late,False,0.0,0.14071610569953918,0.13740430772304535,0.0033117979764938354
20,816,18,Late,False,0.0,0.14071610569953918,0.13740430772304535,0.0033117979764938354
20,816,19,Late,False,0.0,0.14071610569953918,0.13740430772304535,0.0033117979764938354
20,911,0,Early,True,-0.19786499440670013,0.13963912427425385,0.13737140595912933,0.0022677183151245117
20,911,1,Early,True,-0.05452386662364006,0.13963912427425385,0.13737140595912933,0.0022677183151245117
20,911,2,Early,True,-0.1067933738231659,0.13963912427425385,0.13737140595912933,0.0022677183151245117
20,911,3,Early,True,-0.0783100500702858,0.13963912427425385,0.13737140595912933,0.0022677183151245117
20,911,4,Early,True,-0.0908437967300415,0.13963912427425385,0.13737140595912933,0.0022677183151245117
20,911,5,Early,True,-0.04230144992470741,0.13963912427425385,0.13737140595912933,0.0022677183151245117
20,911,6,Middle,True,-0.09624452888965607,0.13963912427425385,0.13737140595912933,0.0022677183151245117
20,911,7,Middle,True,-0.051347870379686356,0.13963912427425385,0.13737140595912933,0.0022677183151245117
20,911,8,Middle,True,-0.034149378538131714,0.13963912427425385,0.13737140595912933,0.0022677183151245117
20,911,9,Middle,True,-0.01478118821978569,0.13963912427425385,0.13737140595912933,0.0022677183151245117
20,911,10,Middle,True,-0.021271638572216034,0.13963912427425385,0.13737140595912933,0.0022677183151245117
20,911,11,Middle,False,0.0,0.13963912427425385,0.13737140595912933,0.0022677183151245117
20,911,12,Middle,True,-0.00019319076091051102,0.13963912427425385,0.13737140595912933,0.0022677183151245117
20,911,13,Late,False,0.0,0.13963912427425385,0.13737140595912933,0.0022677183151245117
20,911,14,Late,False,0.0,0.13963912427425385,0.13737140595912933,0.0022677183151245117
20,911,15,Late,False,0.0,0.13963912427425385,0.13737140595912933,0.0022677183151245117
20,911,16,Late,False,0.0,0.13963912427425385,0.13737140595912933,0.0022677183151245117
20,911,17,Late,False,0.0,0.13963912427425385,0.13737140595912933,0.0022677183151245117
20,911,18,Late,False,0.0,0.13963912427425385,0.13737140595912933,0.0022677183151245117
20,911,19,Late,False,0.0,0.13963912427425385,0.13737140595912933,0.0022677183151245117
20,969,0,Early,True,-0.07883740961551666,0.13037821650505066,0.12855921685695648,0.0018189996480941772
20,969,1,Early,True,-0.23534375429153442,0.13037821650505066,0.12855921685695648,0.0018189996480941772
20,969,2,Early,True,-0.15727432072162628,0.13037821650505066,0.12855921685695648,0.0018189996480941772
20,969,3,Early,True,-0.15351493656635284,0.13037821650505066,0.12855921685695648,0.0018189996480941772
20,969,4,Early,True,-0.06892986595630646,0.13037821650505066,0.12855921685695648,0.0018189996480941772
20,969,5,Early,True,-0.023535847663879395,0.13037821650505066,0.12855921685695648,0.0018189996480941772
20,969,6,Middle,True,-0.052819766104221344,0.13037821650505066,0.12855921685695648,0.0018189996480941772
20,969,7,Middle,True,-0.029637515544891357,0.13037821650505066,0.12855921685695648,0.0018189996480941772
20,969,8,Middle,True,-0.04405110701918602,0.13037821650505066,0.12855921685695648,0.0018189996480941772
20,969,9,Middle,True,-0.05793521925806999,0.13037821650505066,0.12855921685695648,0.0018189996480941772
20,969,10,Middle,True,-0.020740870386362076,0.13037821650505066,0.12855921685695648,0.0018189996480941772
20,969,11,Middle,True,-0.03732678294181824,0.13037821650505066,0.12855921685695648,0.0018189996480941772
20,969,12,Middle,True,-0.005814144387841225,0.13037821650505066,0.12855921685695648,0.0018189996480941772
20,969,13,Late,True,-0.0036906618624925613,0.13037821650505066,0.12855921685695648,0.0018189996480941772
20,969,14,Late,True,-0.010752973146736622,0.13037821650505066,0.12855921685695648,0.0018189996480941772
20,969,15,Late,True,-0.006150608882308006,0.13037821650505066,0.12855921685695648,0.0018189996480941772
20,969,16,Late,False,0.0,0.13037821650505066,0.12855921685695648,0.0018189996480941772
20,969,17,Late,False,0.0,0.13037821650505066,0.12855921685695648,0.0018189996480941772
20,969,18,Late,False,0.0,0.13037821650505066,0.12855921685695648,0.0018189996480941772
20,969,19,Late,False,0.0,0.13037821650505066,0.12855921685695648,0.0018189996480941772
20,914,0,Early,True,-0.18344229459762573,0.14131522178649902,0.13690915703773499,0.004406064748764038
20,914,1,Early,True,-0.4102698564529419,0.14131522178649902,0.13690915703773499,0.004406064748764038
20,914,2,Early,True,-0.07450371235609055,0.14131522178649902,0.13690915703773499,0.004406064748764038
20,914,3,Early,True,-0.13438059389591217,0.14131522178649902,0.13690915703773499,0.004406064748764038
20,914,4,Early,True,-0.06446047872304916,0.14131522178649902,0.13690915703773499,0.004406064748764038
20,914,5,Early,True,-0.03365369886159897,0.14131522178649902,0.13690915703773499,0.004406064748764038
20,914,6,Middle,True,-0.059803035110235214,0.14131522178649902,0.13690915703773499,0.004406064748764038
20,914,7,Middle,True,-0.07246974110603333,0.14131522178649902,0.13690915703773499,0.004406064748764038
20,914,8,Middle,True,-0.026262246072292328,0.14131522178649902,0.13690915703773499,0.004406064748764038
20,914,9,Middle,True,-0.007308941334486008,0.14131522178649902,0.13690915703773499,0.004406064748764038
20,914,10,Middle,True,-0.03205312043428421,0.14131522178649902,0.13690915703773499,0.004406064748764038
20,914,11,Middle,False,0.0,0.14131522178649902,0.13690915703773499,0.004406064748764038
20,914,12,Middle,True,-0.005736508406698704,0.14131522178649902,0.13690915703773499,0.004406064748764038
20,914,13,Late,False,0.0,0.14131522178649902,0.13690915703773499,0.004406064748764038
20,914,14,Late,False,0.0,0.14131522178649902,0.13690915703773499,0.004406064748764038
20,914,15,Late,False,0.0,0.14131522178649902,0.13690915703773499,0.004406064748764038
20,914,16,Late,False,0.0,0.14131522178649902,0.13690915703773499,0.004406064748764038
20,914,17,Late,False,0.0,0.14131522178649902,0.13690915703773499,0.004406064748764038
20,914,18,Late,False,0.0,0.14131522178649902,0.13690915703773499,0.004406064748764038
20,914,19,Late,False,0.0,0.14131522178649902,0.13690915703773499,0.004406064748764038
20,937,0,Early,True,-0.5074629783630371,0.1256861835718155,0.12011071294546127,0.0055754706263542175
20,937,1,Early,True,-0.14450150728225708,0.1256861835718155,0.12011071294546127,0.0055754706263542175
20,937,2,Early,False,0.0,0.1256861835718155,0.12011071294546127,0.0055754706263542175
20,937,3,Early,True,-0.03906134143471718,0.1256861835718155,0.12011071294546127,0.0055754706263542175
20,937,4,Early,True,-0.035910431295633316,0.1256861835718155,0.12011071294546127,0.0055754706263542175
20,937,5,Early,True,-0.10633085668087006,0.1256861835718155,0.12011071294546127,0.0055754706263542175
20,937,6,Middle,True,-0.07758811116218567,0.1256861835718155,0.12011071294546127,0.0055754706263542175
20,937,7,Middle,True,-0.03820561617612839,0.1256861835718155,0.12011071294546127,0.0055754706263542175
20,937,8,Middle,True,-0.02649463340640068,0.1256861835718155,0.12011071294546127,0.0055754706263542175
20,937,9,Middle,False,0.0,0.1256861835718155,0.12011071294546127,0.0055754706263542175
20,937,10,Middle,True,-0.001481659710407257,0.1256861835718155,0.12011071294546127,0.0055754706263542175
20,937,11,Middle,False,0.0,0.1256861835718155,0.12011071294546127,0.0055754706263542175
20,937,12,Middle,False,0.0,0.1256861835718155,0.12011071294546127,0.0055754706263542175
20,937,13,Late,False,0.0,0.1256861835718155,0.12011071294546127,0.0055754706263542175
20,937,14,Late,False,0.0,0.1256861835718155,0.12011071294546127,0.0055754706263542175
20,937,15,Late,False,0.0,0.1256861835718155,0.12011071294546127,0.0055754706263542175
20,937,16,Late,False,0.0,0.1256861835718155,0.12011071294546127,0.0055754706263542175
20,937,17,Late,False,0.0,0.1256861835718155,0.12011071294546127,0.0055754706263542175
20,937,18,Late,False,0.0,0.1256861835718155,0.12011071294546127,0.0055754706263542175
20,937,19,Late,False,0.0,0.1256861835718155,0.12011071294546127,0.0055754706263542175
20,810,0,Early,False,0.0,0.13448914885520935,0.1297205537557602,0.004768595099449158
20,810,1,Early,True,-0.004921498708426952,0.13448914885520935,0.1297205537557602,0.004768595099449158
20,810,2,Early,True,-0.15902863442897797,0.13448914885520935,0.1297205537557602,0.004768595099449158
20,810,3,Early,True,-0.06332053244113922,0.13448914885520935,0.1297205537557602,0.004768595099449158
20,810,4,Early,True,-0.0682629942893982,0.13448914885520935,0.1297205537557602,0.004768595099449158
20,810,5,Early,True,-0.10274459421634674,0.13448914885520935,0.1297205537557602,0.004768595099449158
20,810,6,Middle,True,-0.042624425143003464,0.13448914885520935,0.1297205537557602,0.004768595099449158
20,810,7,Middle,True,-0.06355832517147064,0.13448914885520935,0.1297205537557602,0.004768595099449158
20,810,8,Middle,True,-0.040634363889694214,0.13448914885520935,0.1297205537557602,0.004768595099449158
20,810,9,Middle,True,-0.0349465012550354,0.13448914885520935,0.1297205537557602,0.004768595099449158
20,810,10,Middle,True,-0.017707832157611847,0.13448914885520935,0.1297205537557602,0.004768595099449158
20,810,11,Middle,True,-0.006618864834308624,0.13448914885520935,0.1297205537557602,0.004768595099449158
20,810,12,Middle,False,0.0,0.13448914885520935,0.1297205537557602,0.004768595099449158
20,810,13,Late,False,0.0,0.13448914885520935,0.1297205537557602,0.004768595099449158
20,810,14,Late,False,0.0,0.13448914885520935,0.1297205537557602,0.004768595099449158
20,810,15,Late,False,0.0,0.13448914885520935,0.1297205537557602,0.004768595099449158
20,810,16,Late,False,0.0,0.13448914885520935,0.1297205537557602,0.004768595099449158
20,810,17,Late,False,0.0,0.13448914885520935,0.1297205537557602,0.004768595099449158
20,810,18,Late,False,0.0,0.13448914885520935,0.1297205537557602,0.004768595099449158
20,810,19,Late,False,0.0,0.13448914885520935,0.1297205537557602,0.004768595099449158
20,912,0,Early,True,-0.13735051453113556,0.13622507452964783,0.1339147984981537,0.0023102760314941406
20,912,1,Early,True,-0.23124179244041443,0.13622507452964783,0.1339147984981537,0.0023102760314941406
20,912,2,Early,True,-0.10459397733211517,0.13622507452964783,0.1339147984981537,0.0023102760314941406
20,912,3,Early,True,-0.1319517195224762,0.13622507452964783,0.1339147984981537,0.0023102760314941406
20,912,4,Early,True,-0.07887468487024307,0.13622507452964783,0.1339147984981537,0.0023102760314941406
20,912,5,Early,False,0.0,0.13622507452964783,0.1339147984981537,0.0023102760314941406
20,912,6,Middle,True,-0.06330468505620956,0.13622507452964783,0.1339147984981537,0.0023102760314941406
20,912,7,Middle,True,-0.021131277084350586,0.13622507452964783,0.1339147984981537,0.0023102760314941406
20,912,8,Middle,True,-0.02580282837152481,0.13622507452964783,0.1339147984981537,0.0023102760314941406
20,912,9,Middle,True,-0.007639862596988678,0.13622507452964783,0.1339147984981537,0.0023102760314941406
20,912,10,Middle,True,-0.013584703207015991,0.13622507452964783,0.1339147984981537,0.0023102760314941406
20,912,11,Middle,False,0.0,0.13622507452964783,0.1339147984981537,0.0023102760314941406
20,912,12,Middle,True,-0.002200567163527012,0.13622507452964783,0.1339147984981537,0.0023102760314941406
20,912,13,Late,False,0.0,0.13622507452964783,0.1339147984981537,0.0023102760314941406
20,912,14,Late,False,0.0,0.13622507452964783,0.1339147984981537,0.0023102760314941406
20,912,15,Late,False,0.0,0.13622507452964783,0.1339147984981537,0.0023102760314941406
20,912,16,Late,False,0.0,0.13622507452964783,0.1339147984981537,0.0023102760314941406
20,912,17,Late,False,0.0,0.13622507452964783,0.1339147984981537,0.0023102760314941406
20,912,18,Late,False,0.0,0.13622507452964783,0.1339147984981537,0.0023102760314941406
20,912,19,Late,False,0.0,0.13622507452964783,0.1339147984981537,0.0023102760314941406
20,886,0,Early,True,-0.24403782188892365,0.13912145793437958,0.13491740822792053,0.004204049706459045
20,886,1,Early,True,-0.08099865168333054,0.13912145793437958,0.13491740822792053,0.004204049706459045
20,886,2,Early,True,-0.09530793130397797,0.13912145793437958,0.13491740822792053,0.004204049706459045
20,886,3,Early,True,-0.1441085934638977,0.13912145793437958,0.13491740822792053,0.004204049706459045
20,886,4,Early,True,-0.05806281417608261,0.13912145793437958,0.13491740822792053,0.004204049706459045
20,886,5,Early,True,-0.15254363417625427,0.13912145793437958,0.13491740822792053,0.004204049706459045
20,886,6,Middle,True,-0.041368745267391205,0.13912145793437958,0.13491740822792053,0.004204049706459045
20,886,7,Middle,True,-0.07605288922786713,0.13912145793437958,0.13491740822792053,0.004204049706459045
20,886,8,Middle,True,-0.058550409972667694,0.13912145793437958,0.13491740822792053,0.004204049706459045
20,886,9,Middle,True,-0.05992516875267029,0.13912145793437958,0.13491740822792053,0.004204049706459045
20,886,10,Middle,True,-0.054216168820858,0.13912145793437958,0.13491740822792053,0.004204049706459045
20,886,11,Middle,True,-0.02448871172964573,0.13912145793437958,0.13491740822792053,0.004204049706459045
20,886,12,Middle,True,-0.001519104465842247,0.13912145793437958,0.13491740822792053,0.004204049706459045
20,886,13,Late,True,-0.002143319696187973,0.13912145793437958,0.13491740822792053,0.004204049706459045
20,886,14,Late,False,0.0,0.13912145793437958,0.13491740822792053,0.004204049706459045
20,886,15,Late,False,0.0,0.13912145793437958,0.13491740822792053,0.004204049706459045
20,886,16,Late,False,0.0,0.13912145793437958,0.13491740822792053,0.004204049706459045
20,886,17,Late,False,0.0,0.13912145793437958,0.13491740822792053,0.004204049706459045
20,886,18,Late,False,0.0,0.13912145793437958,0.13491740822792053,0.004204049706459045
20,886,19,Late,False,0.0,0.13912145793437958,0.13491740822792053,0.004204049706459045
20,887,0,Early,True,-0.22095565497875214,0.14013385772705078,0.13636836409568787,0.003765493631362915
20,887,1,Early,True,-0.1475437581539154,0.14013385772705078,0.13636836409568787,0.003765493631362915
20,887,2,Early,True,-0.058281559497117996,0.14013385772705078,0.13636836409568787,0.003765493631362915
20,887,3,Early,True,-0.0573389045894146,0.14013385772705078,0.13636836409568787,0.003765493631362915
20,887,4,Early,True,-0.08626355230808258,0.14013385772705078,0.13636836409568787,0.003765493631362915
20,887,5,Early,True,-0.10544980317354202,0.14013385772705078,0.13636836409568787,0.003765493631362915
20,887,6,Middle,True,-0.07216426730155945,0.14013385772705078,0.13636836409568787,0.003765493631362915
20,887,7,Middle,True,-0.090767040848732,0.14013385772705078,0.13636836409568787,0.003765493631362915
20,887,8,Middle,True,-0.052393749356269836,0.14013385772705078,0.13636836409568787,0.003765493631362915
20,887,9,Middle,True,-0.02507409267127514,0.14013385772705078,0.13636836409568787,0.003765493631362915
20,887,10,Middle,True,-0.024594716727733612,0.14013385772705078,0.13636836409568787,0.003765493631362915
20,887,11,Middle,False,0.0,0.14013385772705078,0.13636836409568787,0.003765493631362915
20,887,12,Middle,True,-0.006742747500538826,0.14013385772705078,0.13636836409568787,0.003765493631362915
20,887,13,Late,False,0.0,0.14013385772705078,0.13636836409568787,0.003765493631362915
20,887,14,Late,False,0.0,0.14013385772705078,0.13636836409568787,0.003765493631362915
20,887,15,Late,False,0.0,0.14013385772705078,0.13636836409568787,0.003765493631362915
20,887,16,Late,False,0.0,0.14013385772705078,0.13636836409568787,0.003765493631362915
20,887,17,Late,False,0.0,0.14013385772705078,0.13636836409568787,0.003765493631362915
20,887,18,Late,False,0.0,0.14013385772705078,0.13636836409568787,0.003765493631362915
20,887,19,Late,False,0.0,0.14013385772705078,0.13636836409568787,0.003765493631362915
20,833,0,Early,True,-0.07422433793544769,0.13631853461265564,0.13494333624839783,0.0013751983642578125
20,833,1,Early,True,-0.10797972977161407,0.13631853461265564,0.13494333624839783,0.0013751983642578125
20,833,2,Early,True,-0.15743857622146606,0.13631853461265564,0.13494333624839783,0.0013751983642578125
20,833,3,Early,True,-0.07844361662864685,0.13631853461265564,0.13494333624839783,0.0013751983642578125
20,833,4,Early,True,-0.29250267148017883,0.13631853461265564,0.13494333624839783,0.0013751983642578125
20,833,5,Early,True,-0.08277984708547592,0.13631853461265564,0.13494333624839783,0.0013751983642578125
20,833,6,Middle,True,-0.05385453999042511,0.13631853461265564,0.13494333624839783,0.0013751983642578125
20,833,7,Middle,False,0.0,0.13631853461265564,0.13494333624839783,0.0013751983642578125
20,833,8,Middle,True,-0.02260526269674301,0.13631853461265564,0.13494333624839783,0.0013751983642578125
20,833,9,Middle,True,-0.06206502765417099,0.13631853461265564,0.13494333624839783,0.0013751983642578125
20,833,10,Middle,True,-0.05663042142987251,0.13631853461265564,0.13494333624839783,0.0013751983642578125
20,833,11,Middle,True,-0.02433008700609207,0.13631853461265564,0.13494333624839783,0.0013751983642578125
20,833,12,Middle,True,-0.013324147090315819,0.13631853461265564,0.13494333624839783,0.0013751983642578125
20,833,13,Late,False,0.0,0.13631853461265564,0.13494333624839783,0.0013751983642578125
20,833,14,Late,True,-0.012830561958253384,0.13631853461265564,0.13494333624839783,0.0013751983642578125
20,833,15,Late,True,-0.007233321666717529,0.13631853461265564,0.13494333624839783,0.0013751983642578125
20,833,16,Late,False,0.0,0.13631853461265564,0.13494333624839783,0.0013751983642578125
20,833,17,Late,False,0.0,0.13631853461265564,0.13494333624839783,0.0013751983642578125
20,833,18,Late,False,0.0,0.13631853461265564,0.13494333624839783,0.0013751983642578125
20,833,19,Late,False,0.0,0.13631853461265564,0.13494333624839783,0.0013751983642578125
20,822,0,Early,True,-0.2544291019439697,0.13814863562583923,0.13557161390781403,0.0025770217180252075
20,822,1,Early,True,-0.058654673397541046,0.13814863562583923,0.13557161390781403,0.0025770217180252075
20,822,2,Early,True,-0.05171006917953491,0.13814863562583923,0.13557161390781403,0.0025770217180252075
20,822,3,Early,True,-0.11191771924495697,0.13814863562583923,0.13557161390781403,0.0025770217180252075
20,822,4,Early,True,-0.040756963193416595,0.13814863562583923,0.13557161390781403,0.0025770217180252075
20,822,5,Early,True,-0.06593482196331024,0.13814863562583923,0.13557161390781403,0.0025770217180252075
20,822,6,Middle,True,-0.021429874002933502,0.13814863562583923,0.13557161390781403,0.0025770217180252075
20,822,7,Middle,True,-0.015657756477594376,0.13814863562583923,0.13557161390781403,0.0025770217180252075
20,822,8,Middle,True,-0.019619276747107506,0.13814863562583923,0.13557161390781403,0.0025770217180252075
20,822,9,Middle,True,-0.01328548789024353,0.13814863562583923,0.13557161390781403,0.0025770217180252075
20,822,10,Middle,True,-0.00016324035823345184,0.13814863562583923,0.13557161390781403,0.0025770217180252075
20,822,11,Middle,False,0.0,0.13814863562583923,0.13557161390781403,0.0025770217180252075
20,822,12,Middle,True,-0.007946746423840523,0.13814863562583923,0.13557161390781403,0.0025770217180252075
20,822,13,Late,False,0.0,0.13814863562583923,0.13557161390781403,0.0025770217180252075
20,822,14,Late,False,0.0,0.13814863562583923,0.13557161390781403,0.0025770217180252075
20,822,15,Late,False,0.0,0.13814863562583923,0.13557161390781403,0.0025770217180252075
20,822,16,Late,False,0.0,0.13814863562583923,0.13557161390781403,0.0025770217180252075
20,822,17,Late,False,0.0,0.13814863562583923,0.13557161390781403,0.0025770217180252075
20,822,18,Late,False,0.0,0.13814863562583923,0.13557161390781403,0.0025770217180252075
20,822,19,Late,False,0.0,0.13814863562583923,0.13557161390781403,0.0025770217180252075
20,963,0,Early,True,-0.09220784902572632,0.13082115352153778,0.1280236542224884,0.0027974992990493774
20,963,1,Early,True,-0.12890225648880005,0.13082115352153778,0.1280236542224884,0.0027974992990493774
20,963,2,Early,True,-0.07798841595649719,0.13082115352153778,0.1280236542224884,0.0027974992990493774
20,963,3,Early,True,-0.18132063746452332,0.13082115352153778,0.1280236542224884,0.0027974992990493774
20,963,4,Early,True,-0.06833182275295258,0.13082115352153778,0.1280236542224884,0.0027974992990493774
20,963,5,Early,True,-0.08631129562854767,0.13082115352153778,0.1280236542224884,0.0027974992990493774
20,963,6,Middle,True,-0.011637382209300995,0.13082115352153778,0.1280236542224884,0.0027974992990493774
20,963,7,Middle,True,-0.013275213539600372,0.13082115352153778,0.1280236542224884,0.0027974992990493774
20,963,8,Middle,True,-0.024754304438829422,0.13082115352153778,0.1280236542224884,0.0027974992990493774
20,963,9,Middle,True,-0.05470854416489601,0.13082115352153778,0.1280236542224884,0.0027974992990493774
20,963,10,Middle,True,-0.021414341405034065,0.13082115352153778,0.1280236542224884,0.0027974992990493774
20,963,11,Middle,True,-0.02941048890352249,0.13082115352153778,0.1280236542224884,0.0027974992990493774
20,963,12,Middle,True,-0.012271089479327202,0.13082115352153778,0.1280236542224884,0.0027974992990493774
20,963,13,Late,True,-0.009951921179890633,0.13082115352153778,0.1280236542224884,0.0027974992990493774
20,963,14,Late,True,-0.0026812851428985596,0.13082115352153778,0.1280236542224884,0.0027974992990493774
20,963,15,Late,False,0.0,0.13082115352153778,0.1280236542224884,0.0027974992990493774
20,963,16,Late,False,0.0,0.13082115352153778,0.1280236542224884,0.0027974992990493774
20,963,17,Late,False,0.0,0.13082115352153778,0.1280236542224884,0.0027974992990493774
20,963,18,Late,False,0.0,0.13082115352153778,0.1280236542224884,0.0027974992990493774
20,963,19,Late,False,0.0,0.13082115352153778,0.1280236542224884,0.0027974992990493774
20,809,0,Early,True,-0.15254968404769897,0.12674683332443237,0.1254955232143402,0.001251310110092163
20,809,1,Early,True,-0.007141917943954468,0.12674683332443237,0.1254955232143402,0.001251310110092163
20,809,2,Early,True,-0.2078111469745636,0.12674683332443237,0.1254955232143402,0.001251310110092163
20,809,3,Early,True,-0.05293179303407669,0.12674683332443237,0.1254955232143402,0.001251310110092163
20,809,4,Early,True,-0.22808729112148285,0.12674683332443237,0.1254955232143402,0.001251310110092163
20,809,5,Early,True,-0.014656148850917816,0.12674683332443237,0.1254955232143402,0.001251310110092163
20,809,6,Middle,True,-0.10378926247358322,0.12674683332443237,0.1254955232143402,0.001251310110092163
20,809,7,Middle,True,-0.061151694506406784,0.12674683332443237,0.1254955232143402,0.001251310110092163
20,809,8,Middle,True,-0.038982391357421875,0.12674683332443237,0.1254955232143402,0.001251310110092163
20,809,9,Middle,True,-0.045541681349277496,0.12674683332443237,0.1254955232143402,0.001251310110092163
20,809,10,Middle,True,-0.028417114168405533,0.12674683332443237,0.1254955232143402,0.001251310110092163
20,809,11,Middle,True,-0.020564004778862,0.12674683332443237,0.1254955232143402,0.001251310110092163
20,809,12,Middle,True,-0.030084960162639618,0.12674683332443237,0.1254955232143402,0.001251310110092163
20,809,13,Late,True,-0.021307652816176414,0.12674683332443237,0.1254955232143402,0.001251310110092163
20,809,14,Late,True,-0.010284238494932652,0.12674683332443237,0.1254955232143402,0.001251310110092163
20,809,15,Late,False,0.0,0.12674683332443237,0.1254955232143402,0.001251310110092163
20,809,16,Late,False,0.0,0.12674683332443237,0.1254955232143402,0.001251310110092163
20,809,17,Late,False,0.0,0.12674683332443237,0.1254955232143402,0.001251310110092163
20,809,18,Late,False,0.0,0.12674683332443237,0.1254955232143402,0.001251310110092163
20,809,19,Late,False,0.0,0.12674683332443237,0.1254955232143402,0.001251310110092163
20,819,0,Early,True,-0.19212348759174347,0.13333973288536072,0.13156993687152863,0.0017697960138320923
20,819,1,Early,False,0.0,0.13333973288536072,0.13156993687152863,0.0017697960138320923
20,819,2,Early,True,-0.28385859727859497,0.13333973288536072,0.13156993687152863,0.0017697960138320923
20,819,3,Early,True,-0.22508546710014343,0.13333973288536072,0.13156993687152863,0.0017697960138320923
20,819,4,Early,True,-0.08229175955057144,0.13333973288536072,0.13156993687152863,0.0017697960138320923
20,819,5,Early,True,-0.13611380755901337,0.13333973288536072,0.13156993687152863,0.0017697960138320923
20,819,6,Middle,True,-0.06550325453281403,0.13333973288536072,0.13156993687152863,0.0017697960138320923
20,819,7,Middle,True,-0.052101872861385345,0.13333973288536072,0.13156993687152863,0.0017697960138320923
20,819,8,Middle,True,-0.06568612158298492,0.13333973288536072,0.13156993687152863,0.0017697960138320923
20,819,9,Middle,True,-0.03960918262600899,0.13333973288536072,0.13156993687152863,0.0017697960138320923
20,819,10,Middle,True,-0.01886838674545288,0.13333973288536072,0.13156993687152863,0.0017697960138320923
20,819,11,Middle,True,-0.008807243779301643,0.13333973288536072,0.13156993687152863,0.0017697960138320923
20,819,12,Middle,True,-0.019597945734858513,0.13333973288536072,0.13156993687152863,0.0017697960138320923
20,819,13,Late,True,-0.02322262153029442,0.13333973288536072,0.13156993687152863,0.0017697960138320923
20,819,14,Late,False,0.0,0.13333973288536072,0.13156993687152863,0.0017697960138320923
20,819,15,Late,False,0.0,0.13333973288536072,0.13156993687152863,0.0017697960138320923
20,819,16,Late,False,0.0,0.13333973288536072,0.13156993687152863,0.0017697960138320923
20,819,17,Late,False,0.0,0.13333973288536072,0.13156993687152863,0.0017697960138320923
20,819,18,Late,False,0.0,0.13333973288536072,0.13156993687152863,0.0017697960138320923
20,819,19,Late,False,0.0,0.13333973288536072,0.13156993687152863,0.0017697960138320923
20,877,0,Early,True,-0.1610173135995865,0.13217337429523468,0.13074111938476562,0.0014322549104690552
20,877,1,Early,True,-0.23489081859588623,0.13217337429523468,0.13074111938476562,0.0014322549104690552
20,877,2,Early,True,-0.0962178185582161,0.13217337429523468,0.13074111938476562,0.0014322549104690552
20,877,3,Early,True,-0.09222216159105301,0.13217337429523468,0.13074111938476562,0.0014322549104690552
20,877,4,Early,True,-0.16714394092559814,0.13217337429523468,0.13074111938476562,0.0014322549104690552
20,877,5,Early,True,-0.14960965514183044,0.13217337429523468,0.13074111938476562,0.0014322549104690552
20,877,6,Middle,True,-0.03809458762407303,0.13217337429523468,0.13074111938476562,0.0014322549104690552
20,877,7,Middle,True,-0.1572887897491455,0.13217337429523468,0.13074111938476562,0.0014322549104690552
20,877,8,Middle,True,-0.00521484762430191,0.13217337429523468,0.13074111938476562,0.0014322549104690552
20,877,9,Middle,True,-0.0647985190153122,0.13217337429523468,0.13074111938476562,0.0014322549104690552
20,877,10,Middle,True,-0.04409429430961609,0.13217337429523468,0.13074111938476562,0.0014322549104690552
20,877,11,Middle,True,-0.04385337606072426,0.13217337429523468,0.13074111938476562,0.0014322549104690552
20,877,12,Middle,True,-0.023010436445474625,0.13217337429523468,0.13074111938476562,0.0014322549104690552
20,877,13,Late,True,-0.01663094013929367,0.13217337429523468,0.13074111938476562,0.0014322549104690552
20,877,14,Late,True,-0.004634607583284378,0.13217337429523468,0.13074111938476562,0.0014322549104690552
20,877,15,Late,True,-0.002293689176440239,0.13217337429523468,0.13074111938476562,0.0014322549104690552
20,877,16,Late,False,0.0,0.13217337429523468,0.13074111938476562,0.0014322549104690552
20,877,17,Late,False,0.0,0.13217337429523468,0.13074111938476562,0.0014322549104690552
20,877,18,Late,False,0.0,0.13217337429523468,0.13074111938476562,0.0014322549104690552
20,877,19,Late,False,0.0,0.13217337429523468,0.13074111938476562,0.0014322549104690552
20,817,0,Early,True,-0.011372745037078857,0.13838642835617065,0.13471001386642456,0.0036764144897460938
20,817,1,Early,True,-0.3092724084854126,0.13838642835617065,0.13471001386642456,0.0036764144897460938
20,817,2,Early,True,-0.15203267335891724,0.13838642835617065,0.13471001386642456,0.0036764144897460938
20,817,3,Early,True,-0.02102646976709366,0.13838642835617065,0.13471001386642456,0.0036764144897460938
20,817,4,Early,True,-0.04525893181562424,0.13838642835617065,0.13471001386642456,0.0036764144897460938
20,817,5,Early,True,-0.06954798847436905,0.13838642835617065,0.13471001386642456,0.0036764144897460938
20,817,6,Middle,True,-0.04903070256114006,0.13838642835617065,0.13471001386642456,0.0036764144897460938
20,817,7,Middle,True,-0.10430862754583359,0.13838642835617065,0.13471001386642456,0.0036764144897460938
20,817,8,Middle,True,-0.026272784918546677,0.13838642835617065,0.13471001386642456,0.0036764144897460938
20,817,9,Middle,True,-0.09774236381053925,0.13838642835617065,0.13471001386642456,0.0036764144897460938
20,817,10,Middle,True,-0.012000519782304764,0.13838642835617065,0.13471001386642456,0.0036764144897460938
20,817,11,Middle,True,-0.037276290357112885,0.13838642835617065,0.13471001386642456,0.0036764144897460938
20,817,12,Middle,True,-0.025435497984290123,0.13838642835617065,0.13471001386642456,0.0036764144897460938
20,817,13,Late,True,-0.011208716779947281,0.13838642835617065,0.13471001386642456,0.0036764144897460938
20,817,14,Late,True,-0.007495235651731491,0.13838642835617065,0.13471001386642456,0.0036764144897460938
20,817,15,Late,True,-0.005705312825739384,0.13838642835617065,0.13471001386642456,0.0036764144897460938
20,817,16,Late,False,0.0,0.13838642835617065,0.13471001386642456,0.0036764144897460938
20,817,17,Late,False,0.0,0.13838642835617065,0.13471001386642456,0.0036764144897460938
20,817,18,Late,False,0.0,0.13838642835617065,0.13471001386642456,0.0036764144897460938
20,817,19,Late,False,0.0,0.13838642835617065,0.13471001386642456,0.0036764144897460938
20,987,0,Early,True,-0.1977410912513733,0.13220617175102234,0.13094936311244965,0.0012568086385726929
20,987,1,Early,True,-0.2454444319009781,0.13220617175102234,0.13094936311244965,0.0012568086385726929
20,987,2,Early,True,-0.15084397792816162,0.13220617175102234,0.13094936311244965,0.0012568086385726929
20,987,3,Early,True,-0.3492441475391388,0.13220617175102234,0.13094936311244965,0.0012568086385726929
20,987,4,Early,True,-0.2637239098548889,0.13220617175102234,0.13094936311244965,0.0012568086385726929
20,987,5,Early,True,-0.14051370322704315,0.13220617175102234,0.13094936311244965,0.0012568086385726929
20,987,6,Middle,True,-0.03143520653247833,0.13220617175102234,0.13094936311244965,0.0012568086385726929
20,987,7,Middle,True,-0.03484976291656494,0.13220617175102234,0.13094936311244965,0.0012568086385726929
20,987,8,Middle,True,-0.031295403838157654,0.13220617175102234,0.13094936311244965,0.0012568086385726929
20,987,9,Middle,True,-0.09061793982982635,0.13220617175102234,0.13094936311244965,0.0012568086385726929
20,987,10,Middle,True,-0.018572933971881866,0.13220617175102234,0.13094936311244965,0.0012568086385726929
20,987,11,Middle,True,-0.029193945229053497,0.13220617175102234,0.13094936311244965,0.0012568086385726929
20,987,12,Middle,True,-0.031068969517946243,0.13220617175102234,0.13094936311244965,0.0012568086385726929
20,987,13,Late,True,-0.017798246815800667,0.13220617175102234,0.13094936311244965,0.0012568086385726929
20,987,14,Late,False,0.0,0.13220617175102234,0.13094936311244965,0.0012568086385726929
20,987,15,Late,False,0.0,0.13220617175102234,0.13094936311244965,0.0012568086385726929
20,987,16,Late,False,0.0,0.13220617175102234,0.13094936311244965,0.0012568086385726929
20,987,17,Late,False,0.0,0.13220617175102234,0.13094936311244965,0.0012568086385726929
20,987,18,Late,False,0.0,0.13220617175102234,0.13094936311244965,0.0012568086385726929
20,987,19,Late,False,0.0,0.13220617175102234,0.13094936311244965,0.0012568086385726929
20,954,0,Early,True,-0.3822738528251648,0.13089074194431305,0.126634880900383,0.004255861043930054
20,954,1,Early,True,-0.12748515605926514,0.13089074194431305,0.126634880900383,0.004255861043930054
20,954,2,Early,True,-0.05981030315160751,0.13089074194431305,0.126634880900383,0.004255861043930054
20,954,3,Early,True,-0.0722200870513916,0.13089074194431305,0.126634880900383,0.004255861043930054
20,954,4,Early,True,-0.10719723999500275,0.13089074194431305,0.126634880900383,0.004255861043930054
20,954,5,Early,True,-0.03203452378511429,0.13089074194431305,0.126634880900383,0.004255861043930054
20,954,6,Middle,True,-0.0259166918694973,0.13089074194431305,0.126634880900383,0.004255861043930054
20,954,7,Middle,True,-0.06667175889015198,0.13089074194431305,0.126634880900383,0.004255861043930054
20,954,8,Middle,True,-0.02380938082933426,0.13089074194431305,0.126634880900383,0.004255861043930054
20,954,9,Middle,False,0.0,0.13089074194431305,0.126634880900383,0.004255861043930054
20,954,10,Middle,True,-0.008920397609472275,0.13089074194431305,0.126634880900383,0.004255861043930054
20,954,11,Middle,False,0.0,0.13089074194431305,0.126634880900383,0.004255861043930054
20,954,12,Middle,False,0.0,0.13089074194431305,0.126634880900383,0.004255861043930054
20,954,13,Late,False,0.0,0.13089074194431305,0.126634880900383,0.004255861043930054
20,954,14,Late,False,0.0,0.13089074194431305,0.126634880900383,0.004255861043930054
20,954,15,Late,False,0.0,0.13089074194431305,0.126634880900383,0.004255861043930054
20,954,16,Late,False,0.0,0.13089074194431305,0.126634880900383,0.004255861043930054
20,954,17,Late,False,0.0,0.13089074194431305,0.126634880900383,0.004255861043930054
20,954,18,Late,False,0.0,0.13089074194431305,0.126634880900383,0.004255861043930054
20,954,19,Late,False,0.0,0.13089074194431305,0.126634880900383,0.004255861043930054
20,890,0,Early,True,-0.23671303689479828,0.14160877466201782,0.13777050375938416,0.003838270902633667
20,890,1,Early,True,-0.12430008500814438,0.14160877466201782,0.13777050375938416,0.003838270902633667
20,890,2,Early,True,-0.22215773165225983,0.14160877466201782,0.13777050375938416,0.003838270902633667
20,890,3,Early,False,0.0,0.14160877466201782,0.13777050375938416,0.003838270902633667
20,890,4,Early,True,-0.05731791630387306,0.14160877466201782,0.13777050375938416,0.003838270902633667
20,890,5,Early,True,-0.08462519943714142,0.14160877466201782,0.13777050375938416,0.003838270902633667
20,890,6,Middle,True,-0.08278556913137436,0.14160877466201782,0.13777050375938416,0.003838270902633667
20,890,7,Middle,True,-0.03835742548108101,0.14160877466201782,0.13777050375938416,0.003838270902633667
20,890,8,Middle,True,-0.02037179097533226,0.14160877466201782,0.13777050375938416,0.003838270902633667
20,890,9,Middle,False,0.0,0.14160877466201782,0.13777050375938416,0.003838270902633667
20,890,10,Middle,True,-0.006934817880392075,0.14160877466201782,0.13777050375938416,0.003838270902633667
20,890,11,Middle,False,0.0,0.14160877466201782,0.13777050375938416,0.003838270902633667
20,890,12,Middle,False,0.0,0.14160877466201782,0.13777050375938416,0.003838270902633667
20,890,13,Late,False,0.0,0.14160877466201782,0.13777050375938416,0.003838270902633667
20,890,14,Late,False,0.0,0.14160877466201782,0.13777050375938416,0.003838270902633667
20,890,15,Late,False,0.0,0.14160877466201782,0.13777050375938416,0.003838270902633667
20,890,16,Late,False,0.0,0.14160877466201782,0.13777050375938416,0.003838270902633667
20,890,17,Late,False,0.0,0.14160877466201782,0.13777050375938416,0.003838270902633667
20,890,18,Late,False,0.0,0.14160877466201782,0.13777050375938416,0.003838270902633667
20,890,19,Late,False,0.0,0.14160877466201782,0.13777050375938416,0.003838270902633667
20,831,0,Early,False,0.0,0.16927596926689148,0.16927596926689148,0.0
20,831,1,Early,False,0.0,0.16927596926689148,0.16927596926689148,0.0
20,831,2,Early,False,0.0,0.16927596926689148,0.16927596926689148,0.0
20,831,3,Early,False,0.0,0.16927596926689148,0.16927596926689148,0.0
20,831,4,Early,False,0.0,0.16927596926689148,0.16927596926689148,0.0
20,831,5,Early,False,0.0,0.16927596926689148,0.16927596926689148,0.0
20,831,6,Middle,False,0.0,0.16927596926689148,0.16927596926689148,0.0
20,831,7,Middle,False,0.0,0.16927596926689148,0.16927596926689148,0.0
20,831,8,Middle,False,0.0,0.16927596926689148,0.16927596926689148,0.0
20,831,9,Middle,False,0.0,0.16927596926689148,0.16927596926689148,0.0
20,831,10,Middle,False,0.0,0.16927596926689148,0.16927596926689148,0.0
20,831,11,Middle,False,0.0,0.16927596926689148,0.16927596926689148,0.0
20,831,12,Middle,False,0.0,0.16927596926689148,0.16927596926689148,0.0
20,831,13,Late,False,0.0,0.16927596926689148,0.16927596926689148,0.0
20,831,14,Late,False,0.0,0.16927596926689148,0.16927596926689148,0.0
20,831,15,Late,False,0.0,0.16927596926689148,0.16927596926689148,0.0
20,831,16,Late,False,0.0,0.16927596926689148,0.16927596926689148,0.0
20,831,17,Late,False,0.0,0.16927596926689148,0.16927596926689148,0.0
20,831,18,Late,False,0.0,0.16927596926689148,0.16927596926689148,0.0
20,831,19,Late,False,0.0,0.16927596926689148,0.16927596926689148,0.0
20,862,0,Early,True,-0.05932978168129921,0.11998606473207474,0.1154344230890274,0.004551641643047333
20,862,1,Early,True,-0.08170139789581299,0.11998606473207474,0.1154344230890274,0.004551641643047333
20,862,2,Early,True,-0.14817862212657928,0.11998606473207474,0.1154344230890274,0.004551641643047333
20,862,3,Early,True,-0.13923004269599915,0.11998606473207474,0.1154344230890274,0.004551641643047333
20,862,4,Early,True,-0.04006785899400711,0.11998606473207474,0.1154344230890274,0.004551641643047333
20,862,5,Early,True,-0.04143788665533066,0.11998606473207474,0.1154344230890274,0.004551641643047333
20,862,6,Middle,True,-0.06310019642114639,0.11998606473207474,0.1154344230890274,0.004551641643047333
20,862,7,Middle,True,-0.05905143544077873,0.11998606473207474,0.1154344230890274,0.004551641643047333
20,862,8,Middle,True,-0.034172624349594116,0.11998606473207474,0.1154344230890274,0.004551641643047333
20,862,9,Middle,False,0.0,0.11998606473207474,0.1154344230890274,0.004551641643047333
20,862,10,Middle,True,-0.03632074594497681,0.11998606473207474,0.1154344230890274,0.004551641643047333
20,862,11,Middle,False,0.0,0.11998606473207474,0.1154344230890274,0.004551641643047333
20,862,12,Middle,False,0.0,0.11998606473207474,0.1154344230890274,0.004551641643047333
20,862,13,Late,False,0.0,0.11998606473207474,0.1154344230890274,0.004551641643047333
20,862,14,Late,False,0.0,0.11998606473207474,0.1154344230890274,0.004551641643047333
20,862,15,Late,False,0.0,0.11998606473207474,0.1154344230890274,0.004551641643047333
20,862,16,Late,False,0.0,0.11998606473207474,0.1154344230890274,0.004551641643047333
20,862,17,Late,False,0.0,0.11998606473207474,0.1154344230890274,0.004551641643047333
20,862,18,Late,False,0.0,0.11998606473207474,0.1154344230890274,0.004551641643047333
20,862,19,Late,False,0.0,0.11998606473207474,0.1154344230890274,0.004551641643047333
20,986,0,Early,False,0.0,0.12837354838848114,0.1279723346233368,0.00040121376514434814
20,986,1,Early,True,-0.10736104846000671,0.12837354838848114,0.1279723346233368,0.00040121376514434814
20,986,2,Early,True,-0.029633376747369766,0.12837354838848114,0.1279723346233368,0.00040121376514434814
20,986,3,Early,False,0.0,0.12837354838848114,0.1279723346233368,0.00040121376514434814
20,986,4,Early,False,0.0,0.12837354838848114,0.1279723346233368,0.00040121376514434814
20,986,5,Early,False,0.0,0.12837354838848114,0.1279723346233368,0.00040121376514434814
20,986,6,Middle,False,0.0,0.12837354838848114,0.1279723346233368,0.00040121376514434814
20,986,7,Middle,False,0.0,0.12837354838848114,0.1279723346233368,0.00040121376514434814
20,986,8,Middle,False,0.0,0.12837354838848114,0.1279723346233368,0.00040121376514434814
20,986,9,Middle,False,0.0,0.12837354838848114,0.1279723346233368,0.00040121376514434814
20,986,10,Middle,False,0.0,0.12837354838848114,0.1279723346233368,0.00040121376514434814
20,986,11,Middle,False,0.0,0.12837354838848114,0.1279723346233368,0.00040121376514434814
20,986,12,Middle,False,0.0,0.12837354838848114,0.1279723346233368,0.00040121376514434814
20,986,13,Late,False,0.0,0.12837354838848114,0.1279723346233368,0.00040121376514434814
20,986,14,Late,False,0.0,0.12837354838848114,0.1279723346233368,0.00040121376514434814
20,986,15,Late,False,0.0,0.12837354838848114,0.1279723346233368,0.00040121376514434814
20,986,16,Late,False,0.0,0.12837354838848114,0.1279723346233368,0.00040121376514434814
20,986,17,Late,False,0.0,0.12837354838848114,0.1279723346233368,0.00040121376514434814
20,986,18,Late,False,0.0,0.12837354838848114,0.1279723346233368,0.00040121376514434814
20,986,19,Late,False,0.0,0.12837354838848114,0.1279723346233368,0.00040121376514434814
20,905,0,Early,True,-0.10507424175739288,0.1216655895113945,0.11685523390769958,0.004810355603694916
20,905,1,Early,True,-0.5334819555282593,0.1216655895113945,0.11685523390769958,0.004810355603694916
20,905,2,Early,True,-0.04815416783094406,0.1216655895113945,0.11685523390769958,0.004810355603694916
20,905,3,Early,False,0.0,0.1216655895113945,0.11685523390769958,0.004810355603694916
20,905,4,Early,False,0.0,0.1216655895113945,0.11685523390769958,0.004810355603694916
20,905,5,Early,True,-0.17074526846408844,0.1216655895113945,0.11685523390769958,0.004810355603694916
20,905,6,Middle,True,-0.07828064262866974,0.1216655895113945,0.11685523390769958,0.004810355603694916
20,905,7,Middle,True,-0.0961819738149643,0.1216655895113945,0.11685523390769958,0.004810355603694916
20,905,8,Middle,True,-0.05884562060236931,0.1216655895113945,0.11685523390769958,0.004810355603694916
20,905,9,Middle,True,-0.03538629785180092,0.1216655895113945,0.11685523390769958,0.004810355603694916
20,905,10,Middle,False,0.0,0.1216655895113945,0.11685523390769958,0.004810355603694916
20,905,11,Middle,True,-0.0013177618384361267,0.1216655895113945,0.11685523390769958,0.004810355603694916
20,905,12,Middle,True,-0.00794672779738903,0.1216655895113945,0.11685523390769958,0.004810355603694916
20,905,13,Late,False,0.0,0.1216655895113945,0.11685523390769958,0.004810355603694916
20,905,14,Late,False,0.0,0.1216655895113945,0.11685523390769958,0.004810355603694916
20,905,15,Late,False,0.0,0.1216655895113945,0.11685523390769958,0.004810355603694916
20,905,16,Late,False,0.0,0.1216655895113945,0.11685523390769958,0.004810355603694916
20,905,17,Late,False,0.0,0.1216655895113945,0.11685523390769958,0.004810355603694916
20,905,18,Late,False,0.0,0.1216655895113945,0.11685523390769958,0.004810355603694916
20,905,19,Late,False,0.0,0.1216655895113945,0.11685523390769958,0.004810355603694916
20,917,0,Early,True,-0.14871785044670105,0.1319933980703354,0.13068173825740814,0.001311659812927246
20,917,1,Early,True,-0.2594341039657593,0.1319933980703354,0.13068173825740814,0.001311659812927246
20,917,2,Early,True,-0.11178791522979736,0.1319933980703354,0.13068173825740814,0.001311659812927246
20,917,3,Early,True,-0.1080721765756607,0.1319933980703354,0.13068173825740814,0.001311659812927246
20,917,4,Early,True,-0.06394074857234955,0.1319933980703354,0.13068173825740814,0.001311659812927246
20,917,5,Early,True,-0.05804510414600372,0.1319933980703354,0.13068173825740814,0.001311659812927246
20,917,6,Middle,True,-0.020007632672786713,0.1319933980703354,0.13068173825740814,0.001311659812927246
20,917,7,Middle,True,-0.06906022131443024,0.1319933980703354,0.13068173825740814,0.001311659812927246
20,917,8,Middle,True,-0.06333677470684052,0.1319933980703354,0.13068173825740814,0.001311659812927246
20,917,9,Middle,True,-0.04242298752069473,0.1319933980703354,0.13068173825740814,0.001311659812927246
20,917,10,Middle,True,-0.012676993384957314,0.1319933980703354,0.13068173825740814,0.001311659812927246
20,917,11,Middle,True,-0.027269355952739716,0.1319933980703354,0.13068173825740814,0.001311659812927246
20,917,12,Middle,True,-0.009698554873466492,0.1319933980703354,0.13068173825740814,0.001311659812927246
20,917,13,Late,False,0.0,0.1319933980703354,0.13068173825740814,0.001311659812927246
20,917,14,Late,False,0.0,0.1319933980703354,0.13068173825740814,0.001311659812927246
20,917,15,Late,False,0.0,0.1319933980703354,0.13068173825740814,0.001311659812927246
20,917,16,Late,False,0.0,0.1319933980703354,0.13068173825740814,0.001311659812927246
20,917,17,Late,False,0.0,0.1319933980703354,0.13068173825740814,0.001311659812927246
20,917,18,Late,False,0.0,0.1319933980703354,0.13068173825740814,0.001311659812927246
20,917,19,Late,False,0.0,0.1319933980703354,0.13068173825740814,0.001311659812927246
20,873,0,Early,True,-0.1036883145570755,0.13056011497974396,0.12869657576084137,0.0018635392189025879
20,873,1,Early,True,-0.11566978693008423,0.13056011497974396,0.12869657576084137,0.0018635392189025879
20,873,2,Early,True,-0.09189704805612564,0.13056011497974396,0.12869657576084137,0.0018635392189025879
20,873,3,Early,True,-0.08492747694253922,0.13056011497974396,0.12869657576084137,0.0018635392189025879
20,873,4,Early,True,-0.09179368615150452,0.13056011497974396,0.12869657576084137,0.0018635392189025879
20,873,5,Early,True,-0.05515936762094498,0.13056011497974396,0.12869657576084137,0.0018635392189025879
20,873,6,Middle,True,-0.07280319184064865,0.13056011497974396,0.12869657576084137,0.0018635392189025879
20,873,7,Middle,True,-0.0626615583896637,0.13056011497974396,0.12869657576084137,0.0018635392189025879
20,873,8,Middle,True,-0.0530940443277359,0.13056011497974396,0.12869657576084137,0.0018635392189025879
20,873,9,Middle,True,-0.08626982569694519,0.13056011497974396,0.12869657576084137,0.0018635392189025879
20,873,10,Middle,True,-0.04863542318344116,0.13056011497974396,0.12869657576084137,0.0018635392189025879
20,873,11,Middle,True,-0.029315359890460968,0.13056011497974396,0.12869657576084137,0.0018635392189025879
20,873,12,Middle,True,-0.023421745747327805,0.13056011497974396,0.12869657576084137,0.0018635392189025879
20,873,13,Late,True,-0.017053477466106415,0.13056011497974396,0.12869657576084137,0.0018635392189025879
20,873,14,Late,True,-0.013736750930547714,0.13056011497974396,0.12869657576084137,0.0018635392189025879
20,873,15,Late,False,0.0,0.13056011497974396,0.12869657576084137,0.0018635392189025879
20,873,16,Late,False,0.0,0.13056011497974396,0.12869657576084137,0.0018635392189025879
20,873,17,Late,False,0.0,0.13056011497974396,0.12869657576084137,0.0018635392189025879
20,873,18,Late,False,0.0,0.13056011497974396,0.12869657576084137,0.0018635392189025879
20,873,19,Late,False,0.0,0.13056011497974396,0.12869657576084137,0.0018635392189025879
20,950,0,Early,True,-0.20376504957675934,0.14263489842414856,0.13823537528514862,0.004399523138999939
20,950,1,Early,True,-0.02651803195476532,0.14263489842414856,0.13823537528514862,0.004399523138999939
20,950,2,Early,True,-0.14753054082393646,0.14263489842414856,0.13823537528514862,0.004399523138999939
20,950,3,Early,True,-0.11680105328559875,0.14263489842414856,0.13823537528514862,0.004399523138999939
20,950,4,Early,True,-0.025478877127170563,0.14263489842414856,0.13823537528514862,0.004399523138999939
20,950,5,Early,True,-0.04864910617470741,0.14263489842414856,0.13823537528514862,0.004399523138999939
20,950,6,Middle,True,-0.07924272865056992,0.14263489842414856,0.13823537528514862,0.004399523138999939
20,950,7,Middle,True,-0.04999587684869766,0.14263489842414856,0.13823537528514862,0.004399523138999939
20,950,8,Middle,True,-0.038912199437618256,0.14263489842414856,0.13823537528514862,0.004399523138999939
20,950,9,Middle,True,-0.01652109995484352,0.14263489842414856,0.13823537528514862,0.004399523138999939
20,950,10,Middle,True,-0.0026435479521751404,0.14263489842414856,0.13823537528514862,0.004399523138999939
20,950,11,Middle,True,-0.009292623028159142,0.14263489842414856,0.13823537528514862,0.004399523138999939
20,950,12,Middle,False,0.0,0.14263489842414856,0.13823537528514862,0.004399523138999939
20,950,13,Late,True,-0.0030331946909427643,0.14263489842414856,0.13823537528514862,0.004399523138999939
20,950,14,Late,False,0.0,0.14263489842414856,0.13823537528514862,0.004399523138999939
20,950,15,Late,False,0.0,0.14263489842414856,0.13823537528514862,0.004399523138999939
20,950,16,Late,False,0.0,0.14263489842414856,0.13823537528514862,0.004399523138999939
20,950,17,Late,False,0.0,0.14263489842414856,0.13823537528514862,0.004399523138999939
20,950,18,Late,False,0.0,0.14263489842414856,0.13823537528514862,0.004399523138999939
20,950,19,Late,False,0.0,0.14263489842414856,0.13823537528514862,0.004399523138999939
20,850,0,Early,False,0.0,0.12844283878803253,0.12844283878803253,0.0
20,850,1,Early,False,0.0,0.12844283878803253,0.12844283878803253,0.0
20,850,2,Early,False,0.0,0.12844283878803253,0.12844283878803253,0.0
20,850,3,Early,False,0.0,0.12844283878803253,0.12844283878803253,0.0
20,850,4,Early,False,0.0,0.12844283878803253,0.12844283878803253,0.0
20,850,5,Early,False,0.0,0.12844283878803253,0.12844283878803253,0.0
20,850,6,Middle,False,0.0,0.12844283878803253,0.12844283878803253,0.0
20,850,7,Middle,False,0.0,0.12844283878803253,0.12844283878803253,0.0
20,850,8,Middle,False,0.0,0.12844283878803253,0.12844283878803253,0.0
20,850,9,Middle,False,0.0,0.12844283878803253,0.12844283878803253,0.0
20,850,10,Middle,False,0.0,0.12844283878803253,0.12844283878803253,0.0
20,850,11,Middle,False,0.0,0.12844283878803253,0.12844283878803253,0.0
20,850,12,Middle,False,0.0,0.12844283878803253,0.12844283878803253,0.0
20,850,13,Late,False,0.0,0.12844283878803253,0.12844283878803253,0.0
20,850,14,Late,False,0.0,0.12844283878803253,0.12844283878803253,0.0
20,850,15,Late,False,0.0,0.12844283878803253,0.12844283878803253,0.0
20,850,16,Late,False,0.0,0.12844283878803253,0.12844283878803253,0.0
20,850,17,Late,False,0.0,0.12844283878803253,0.12844283878803253,0.0
20,850,18,Late,False,0.0,0.12844283878803253,0.12844283878803253,0.0
20,850,19,Late,False,0.0,0.12844283878803253,0.12844283878803253,0.0
20,868,0,Early,True,-0.0472358874976635,0.11582895368337631,0.11238454282283783,0.0034444108605384827
20,868,1,Early,True,-0.022682879120111465,0.11582895368337631,0.11238454282283783,0.0034444108605384827
20,868,2,Early,True,-0.1634887307882309,0.11582895368337631,0.11238454282283783,0.0034444108605384827
20,868,3,Early,True,-0.11019311845302582,0.11582895368337631,0.11238454282283783,0.0034444108605384827
20,868,4,Early,True,-0.04190214350819588,0.11582895368337631,0.11238454282283783,0.0034444108605384827
20,868,5,Early,True,-0.01689886674284935,0.11582895368337631,0.11238454282283783,0.0034444108605384827
20,868,6,Middle,True,-0.01631932705640793,0.11582895368337631,0.11238454282283783,0.0034444108605384827
20,868,7,Middle,True,-0.030096890404820442,0.11582895368337631,0.11238454282283783,0.0034444108605384827
20,868,8,Middle,True,-0.022094806656241417,0.11582895368337631,0.11238454282283783,0.0034444108605384827
20,868,9,Middle,False,0.0,0.11582895368337631,0.11238454282283783,0.0034444108605384827
20,868,10,Middle,False,0.0,0.11582895368337631,0.11238454282283783,0.0034444108605384827
20,868,11,Middle,False,0.0,0.11582895368337631,0.11238454282283783,0.0034444108605384827
20,868,12,Middle,False,0.0,0.11582895368337631,0.11238454282283783,0.0034444108605384827
20,868,13,Late,False,0.0,0.11582895368337631,0.11238454282283783,0.0034444108605384827
20,868,14,Late,False,0.0,0.11582895368337631,0.11238454282283783,0.0034444108605384827
20,868,15,Late,False,0.0,0.11582895368337631,0.11238454282283783,0.0034444108605384827
20,868,16,Late,False,0.0,0.11582895368337631,0.11238454282283783,0.0034444108605384827
20,868,17,Late,False,0.0,0.11582895368337631,0.11238454282283783,0.0034444108605384827
20,868,18,Late,False,0.0,0.11582895368337631,0.11238454282283783,0.0034444108605384827
20,868,19,Late,False,0.0,0.11582895368337631,0.11238454282283783,0.0034444108605384827
20,928,0,Early,True,-0.12669126689434052,0.1327170878648758,0.13150542974472046,0.0012116581201553345
20,928,1,Early,True,-0.0692567527294159,0.1327170878648758,0.13150542974472046,0.0012116581201553345
20,928,2,Early,True,-0.2070319801568985,0.1327170878648758,0.13150542974472046,0.0012116581201553345
20,928,3,Early,True,-0.19917187094688416,0.1327170878648758,0.13150542974472046,0.0012116581201553345
20,928,4,Early,True,-0.10528041422367096,0.1327170878648758,0.13150542974472046,0.0012116581201553345
20,928,5,Early,True,-0.06607824563980103,0.1327170878648758,0.13150542974472046,0.0012116581201553345
20,928,6,Middle,True,-0.07754507660865784,0.1327170878648758,0.13150542974472046,0.0012116581201553345
20,928,7,Middle,True,-0.049396805465221405,0.1327170878648758,0.13150542974472046,0.0012116581201553345
20,928,8,Middle,True,-0.07718950510025024,0.1327170878648758,0.13150542974472046,0.0012116581201553345
20,928,9,Middle,True,-0.04374284669756889,0.1327170878648758,0.13150542974472046,0.0012116581201553345
20,928,10,Middle,True,-0.022913042455911636,0.1327170878648758,0.13150542974472046,0.0012116581201553345
20,928,11,Middle,True,-0.00582992285490036,0.1327170878648758,0.13150542974472046,0.0012116581201553345
20,928,12,Middle,True,-0.021373488008975983,0.1327170878648758,0.13150542974472046,0.0012116581201553345
20,928,13,Late,False,0.0,0.1327170878648758,0.13150542974472046,0.0012116581201553345
20,928,14,Late,False,0.0,0.1327170878648758,0.13150542974472046,0.0012116581201553345
20,928,15,Late,False,0.0,0.1327170878648758,0.13150542974472046,0.0012116581201553345
20,928,16,Late,False,0.0,0.1327170878648758,0.13150542974472046,0.0012116581201553345
20,928,17,Late,False,0.0,0.1327170878648758,0.13150542974472046,0.0012116581201553345
20,928,18,Late,False,0.0,0.1327170878648758,0.13150542974472046,0.0012116581201553345
20,928,19,Late,False,0.0,0.1327170878648758,0.13150542974472046,0.0012116581201553345
20,889,0,Early,True,-0.023862671107053757,0.12757423520088196,0.1253949999809265,0.0021792352199554443
20,889,1,Early,True,-0.13454319536685944,0.12757423520088196,0.1253949999809265,0.0021792352199554443
20,889,2,Early,True,-0.07213503867387772,0.12757423520088196,0.1253949999809265,0.0021792352199554443
20,889,3,Early,True,-0.13649307191371918,0.12757423520088196,0.1253949999809265,0.0021792352199554443
20,889,4,Early,True,-0.12167968600988388,0.12757423520088196,0.1253949999809265,0.0021792352199554443
20,889,5,Early,True,-0.0363045409321785,0.12757423520088196,0.1253949999809265,0.0021792352199554443
20,889,6,Middle,True,-0.059854958206415176,0.12757423520088196,0.1253949999809265,0.0021792352199554443
20,889,7,Middle,True,-0.011046802625060081,0.12757423520088196,0.1253949999809265,0.0021792352199554443
20,889,8,Middle,True,-0.021192342042922974,0.12757423520088196,0.1253949999809265,0.0021792352199554443
20,889,9,Middle,False,0.0,0.12757423520088196,0.1253949999809265,0.0021792352199554443
20,889,10,Middle,False,0.0,0.12757423520088196,0.1253949999809265,0.0021792352199554443
20,889,11,Middle,False,0.0,0.12757423520088196,0.1253949999809265,0.0021792352199554443
20,889,12,Middle,False,0.0,0.12757423520088196,0.1253949999809265,0.0021792352199554443
20,889,13,Late,False,0.0,0.12757423520088196,0.1253949999809265,0.0021792352199554443
20,889,14,Late,False,0.0,0.12757423520088196,0.1253949999809265,0.0021792352199554443
20,889,15,Late,False,0.0,0.12757423520088196,0.1253949999809265,0.0021792352199554443
20,889,16,Late,False,0.0,0.12757423520088196,0.1253949999809265,0.0021792352199554443
20,889,17,Late,False,0.0,0.12757423520088196,0.1253949999809265,0.0021792352199554443
20,889,18,Late,False,0.0,0.12757423520088196,0.1253949999809265,0.0021792352199554443
20,889,19,Late,False,0.0,0.12757423520088196,0.1253949999809265,0.0021792352199554443
20,960,0,Early,True,-0.21693415939807892,0.13934217393398285,0.13756094872951508,0.0017812252044677734
20,960,1,Early,True,-0.1930774748325348,0.13934217393398285,0.13756094872951508,0.0017812252044677734
20,960,2,Early,True,-0.20737501978874207,0.13934217393398285,0.13756094872951508,0.0017812252044677734
20,960,3,Early,True,-0.06419394165277481,0.13934217393398285,0.13756094872951508,0.0017812252044677734
20,960,4,Early,True,-0.15238668024539948,0.13934217393398285,0.13756094872951508,0.0017812252044677734
20,960,5,Early,True,-0.03832163289189339,0.13934217393398285,0.13756094872951508,0.0017812252044677734
20,960,6,Middle,True,-0.0061835721135139465,0.13934217393398285,0.13756094872951508,0.0017812252044677734
20,960,7,Middle,True,-0.03290281072258949,0.13934217393398285,0.13756094872951508,0.0017812252044677734
20,960,8,Middle,True,-0.05133260786533356,0.13934217393398285,0.13756094872951508,0.0017812252044677734
20,960,9,Middle,True,-0.04279083013534546,0.13934217393398285,0.13756094872951508,0.0017812252044677734
20,960,10,Middle,True,-0.0017005391418933868,0.13934217393398285,0.13756094872951508,0.0017812252044677734
20,960,11,Middle,True,-0.01883871853351593,0.13934217393398285,0.13756094872951508,0.0017812252044677734
20,960,12,Middle,False,0.0,0.13934217393398285,0.13756094872951508,0.0017812252044677734
20,960,13,Late,False,0.0,0.13934217393398285,0.13756094872951508,0.0017812252044677734
20,960,14,Late,False,0.0,0.13934217393398285,0.13756094872951508,0.0017812252044677734
20,960,15,Late,False,0.0,0.13934217393398285,0.13756094872951508,0.0017812252044677734
20,960,16,Late,False,0.0,0.13934217393398285,0.13756094872951508,0.0017812252044677734
20,960,17,Late,False,0.0,0.13934217393398285,0.13756094872951508,0.0017812252044677734
20,960,18,Late,False,0.0,0.13934217393398285,0.13756094872951508,0.0017812252044677734
20,960,19,Late,False,0.0,0.13934217393398285,0.13756094872951508,0.0017812252044677734
20,811,0,Early,True,-0.17033255100250244,0.1382862776517868,0.13625620305538177,0.0020300745964050293
20,811,1,Early,True,-0.0797397643327713,0.1382862776517868,0.13625620305538177,0.0020300745964050293
20,811,2,Early,True,-0.05438078194856644,0.1382862776517868,0.13625620305538177,0.0020300745964050293
20,811,3,Early,True,-0.06141144782304764,0.1382862776517868,0.13625620305538177,0.0020300745964050293
20,811,4,Early,True,-0.055829066783189774,0.1382862776517868,0.13625620305538177,0.0020300745964050293
20,811,5,Early,True,-0.07264577597379684,0.1382862776517868,0.13625620305538177,0.0020300745964050293
20,811,6,Middle,True,-0.11835399270057678,0.1382862776517868,0.13625620305538177,0.0020300745964050293
20,811,7,Middle,True,-0.03408361226320267,0.1382862776517868,0.13625620305538177,0.0020300745964050293
20,811,8,Middle,True,-0.005163371562957764,0.1382862776517868,0.13625620305538177,0.0020300745964050293
20,811,9,Middle,True,-0.023962197825312614,0.1382862776517868,0.13625620305538177,0.0020300745964050293
20,811,10,Middle,True,-0.015188978984951973,0.1382862776517868,0.13625620305538177,0.0020300745964050293
20,811,11,Middle,False,0.0,0.1382862776517868,0.13625620305538177,0.0020300745964050293
20,811,12,Middle,False,0.0,0.1382862776517868,0.13625620305538177,0.0020300745964050293
20,811,13,Late,False,0.0,0.1382862776517868,0.13625620305538177,0.0020300745964050293
20,811,14,Late,False,0.0,0.1382862776517868,0.13625620305538177,0.0020300745964050293
20,811,15,Late,False,0.0,0.1382862776517868,0.13625620305538177,0.0020300745964050293
20,811,16,Late,False,0.0,0.1382862776517868,0.13625620305538177,0.0020300745964050293
20,811,17,Late,False,0.0,0.1382862776517868,0.13625620305538177,0.0020300745964050293
20,811,18,Late,False,0.0,0.1382862776517868,0.13625620305538177,0.0020300745964050293
20,811,19,Late,False,0.0,0.1382862776517868,0.13625620305538177,0.0020300745964050293
20,944,0,Early,True,-0.10888110846281052,0.12882964313030243,0.12749303877353668,0.001336604356765747
20,944,1,Early,True,-0.07210876047611237,0.12882964313030243,0.12749303877353668,0.001336604356765747
20,944,2,Early,True,-0.13550540804862976,0.12882964313030243,0.12749303877353668,0.001336604356765747
20,944,3,Early,True,-0.053950656205415726,0.12882964313030243,0.12749303877353668,0.001336604356765747
20,944,4,Early,True,-0.046603742986917496,0.12882964313030243,0.12749303877353668,0.001336604356765747
20,944,5,Early,True,-0.04951468110084534,0.12882964313030243,0.12749303877353668,0.001336604356765747
20,944,6,Middle,True,-0.10970233380794525,0.12882964313030243,0.12749303877353668,0.001336604356765747
20,944,7,Middle,True,-0.10635603964328766,0.12882964313030243,0.12749303877353668,0.001336604356765747
20,944,8,Middle,True,-0.061221830546855927,0.12882964313030243,0.12749303877353668,0.001336604356765747
20,944,9,Middle,True,-0.017191775143146515,0.12882964313030243,0.12749303877353668,0.001336604356765747
20,944,10,Middle,False,0.0,0.12882964313030243,0.12749303877353668,0.001336604356765747
20,944,11,Middle,True,-0.014665814116597176,0.12882964313030243,0.12749303877353668,0.001336604356765747
20,944,12,Middle,False,0.0,0.12882964313030243,0.12749303877353668,0.001336604356765747
20,944,13,Late,False,0.0,0.12882964313030243,0.12749303877353668,0.001336604356765747
20,944,14,Late,False,0.0,0.12882964313030243,0.12749303877353668,0.001336604356765747
20,944,15,Late,False,0.0,0.12882964313030243,0.12749303877353668,0.001336604356765747
20,944,16,Late,False,0.0,0.12882964313030243,0.12749303877353668,0.001336604356765747
20,944,17,Late,False,0.0,0.12882964313030243,0.12749303877353668,0.001336604356765747
20,944,18,Late,False,0.0,0.12882964313030243,0.12749303877353668,0.001336604356765747
20,944,19,Late,False,0.0,0.12882964313030243,0.12749303877353668,0.001336604356765747
20,881,0,Early,True,-0.3875807821750641,0.12556317448616028,0.11955244094133377,0.006010733544826508
20,881,1,Early,True,-0.04722246527671814,0.12556317448616028,0.11955244094133377,0.006010733544826508
20,881,2,Early,True,-0.17504122853279114,0.12556317448616028,0.11955244094133377,0.006010733544826508
20,881,3,Early,True,-0.060286372900009155,0.12556317448616028,0.11955244094133377,0.006010733544826508
20,881,4,Early,False,0.0,0.12556317448616028,0.11955244094133377,0.006010733544826508
20,881,5,Early,True,-0.08586844056844711,0.12556317448616028,0.11955244094133377,0.006010733544826508
20,881,6,Middle,True,-0.05262092128396034,0.12556317448616028,0.11955244094133377,0.006010733544826508
20,881,7,Middle,True,-0.035706281661987305,0.12556317448616028,0.11955244094133377,0.006010733544826508
20,881,8,Middle,True,-0.10390011221170425,0.12556317448616028,0.11955244094133377,0.006010733544826508
20,881,9,Middle,True,-0.015742380172014236,0.12556317448616028,0.11955244094133377,0.006010733544826508
20,881,10,Middle,False,0.0,0.12556317448616028,0.11955244094133377,0.006010733544826508
20,881,11,Middle,True,-0.0012863390147686005,0.12556317448616028,0.11955244094133377,0.006010733544826508
20,881,12,Middle,False,0.0,0.12556317448616028,0.11955244094133377,0.006010733544826508
20,881,13,Late,False,0.0,0.12556317448616028,0.11955244094133377,0.006010733544826508
20,881,14,Late,False,0.0,0.12556317448616028,0.11955244094133377,0.006010733544826508
20,881,15,Late,False,0.0,0.12556317448616028,0.11955244094133377,0.006010733544826508
20,881,16,Late,False,0.0,0.12556317448616028,0.11955244094133377,0.006010733544826508
20,881,17,Late,False,0.0,0.12556317448616028,0.11955244094133377,0.006010733544826508
20,881,18,Late,False,0.0,0.12556317448616028,0.11955244094133377,0.006010733544826508
20,881,19,Late,False,0.0,0.12556317448616028,0.11955244094133377,0.006010733544826508
20,882,0,Early,False,0.0,0.12579531967639923,0.12389075756072998,0.0019045621156692505
20,882,1,Early,True,-0.1743442714214325,0.12579531967639923,0.12389075756072998,0.0019045621156692505
20,882,2,Early,True,-0.10545559227466583,0.12579531967639923,0.12389075756072998,0.0019045621156692505
20,882,3,Early,True,-0.15006883442401886,0.12579531967639923,0.12389075756072998,0.0019045621156692505
20,882,4,Early,True,-0.15122085809707642,0.12579531967639923,0.12389075756072998,0.0019045621156692505
20,882,5,Early,True,-0.09276073426008224,0.12579531967639923,0.12389075756072998,0.0019045621156692505
20,882,6,Middle,True,-0.023128926753997803,0.12579531967639923,0.12389075756072998,0.0019045621156692505
20,882,7,Middle,True,-0.04919930920004845,0.12579531967639923,0.12389075756072998,0.0019045621156692505
20,882,8,Middle,False,0.0,0.12579531967639923,0.12389075756072998,0.0019045621156692505
20,882,9,Middle,True,-0.03395066037774086,0.12579531967639923,0.12389075756072998,0.0019045621156692505
20,882,10,Middle,True,-0.03617256134748459,0.12579531967639923,0.12389075756072998,0.0019045621156692505
20,882,11,Middle,True,-0.02901507541537285,0.12579531967639923,0.12389075756072998,0.0019045621156692505
20,882,12,Middle,True,-0.010051803663372993,0.12579531967639923,0.12389075756072998,0.0019045621156692505
20,882,13,Late,False,0.0,0.12579531967639923,0.12389075756072998,0.0019045621156692505
20,882,14,Late,False,0.0,0.12579531967639923,0.12389075756072998,0.0019045621156692505
20,882,15,Late,False,0.0,0.12579531967639923,0.12389075756072998,0.0019045621156692505
20,882,16,Late,False,0.0,0.12579531967639923,0.12389075756072998,0.0019045621156692505
20,882,17,Late,False,0.0,0.12579531967639923,0.12389075756072998,0.0019045621156692505
20,882,18,Late,False,0.0,0.12579531967639923,0.12389075756072998,0.0019045621156692505
20,882,19,Late,False,0.0,0.12579531967639923,0.12389075756072998,0.0019045621156692505
20,898,0,Early,True,-0.08046016097068787,0.11523512750864029,0.11236964911222458,0.0028654783964157104
20,898,1,Early,True,-0.11667338758707047,0.11523512750864029,0.11236964911222458,0.0028654783964157104
20,898,2,Early,True,-0.0976518839597702,0.11523512750864029,0.11236964911222458,0.0028654783964157104
20,898,3,Early,True,-0.003458108752965927,0.11523512750864029,0.11236964911222458,0.0028654783964157104
20,898,4,Early,True,-0.0933603048324585,0.11523512750864029,0.11236964911222458,0.0028654783964157104
20,898,5,Early,True,-0.09922241419553757,0.11523512750864029,0.11236964911222458,0.0028654783964157104
20,898,6,Middle,True,-0.04854739457368851,0.11523512750864029,0.11236964911222458,0.0028654783964157104
20,898,7,Middle,True,-0.03337198123335838,0.11523512750864029,0.11236964911222458,0.0028654783964157104
20,898,8,Middle,False,0.0,0.11523512750864029,0.11236964911222458,0.0028654783964157104
20,898,9,Middle,True,-0.006896400824189186,0.11523512750864029,0.11236964911222458,0.0028654783964157104
20,898,10,Middle,False,0.0,0.11523512750864029,0.11236964911222458,0.0028654783964157104
20,898,11,Middle,False,0.0,0.11523512750864029,0.11236964911222458,0.0028654783964157104
20,898,12,Middle,False,0.0,0.11523512750864029,0.11236964911222458,0.0028654783964157104
20,898,13,Late,False,0.0,0.11523512750864029,0.11236964911222458,0.0028654783964157104
20,898,14,Late,False,0.0,0.11523512750864029,0.11236964911222458,0.0028654783964157104
20,898,15,Late,False,0.0,0.11523512750864029,0.11236964911222458,0.0028654783964157104
20,898,16,Late,False,0.0,0.11523512750864029,0.11236964911222458,0.0028654783964157104
20,898,17,Late,False,0.0,0.11523512750864029,0.11236964911222458,0.0028654783964157104
20,898,18,Late,False,0.0,0.11523512750864029,0.11236964911222458,0.0028654783964157104
20,898,19,Late,False,0.0,0.11523512750864029,0.11236964911222458,0.0028654783964157104
20,848,0,Early,False,0.0,0.12801004946231842,0.1271798312664032,0.0008302181959152222
20,848,1,Early,True,-0.13263098895549774,0.12801004946231842,0.1271798312664032,0.0008302181959152222
20,848,2,Early,True,-0.05230787768959999,0.12801004946231842,0.1271798312664032,0.0008302181959152222
20,848,3,Early,True,-0.19263498485088348,0.12801004946231842,0.1271798312664032,0.0008302181959152222
20,848,4,Early,True,-0.0811220109462738,0.12801004946231842,0.1271798312664032,0.0008302181959152222
20,848,5,Early,True,-0.16538038849830627,0.12801004946231842,0.1271798312664032,0.0008302181959152222
20,848,6,Middle,True,-0.09686225652694702,0.12801004946231842,0.1271798312664032,0.0008302181959152222
20,848,7,Middle,True,-0.07592311501502991,0.12801004946231842,0.1271798312664032,0.0008302181959152222
20,848,8,Middle,True,-0.06549219787120819,0.12801004946231842,0.1271798312664032,0.0008302181959152222
20,848,9,Middle,False,0.0,0.12801004946231842,0.1271798312664032,0.0008302181959152222
20,848,10,Middle,True,-0.022055022418498993,0.12801004946231842,0.1271798312664032,0.0008302181959152222
20,848,11,Middle,True,-0.053381238132715225,0.12801004946231842,0.1271798312664032,0.0008302181959152222
20,848,12,Middle,True,-0.026421740651130676,0.12801004946231842,0.1271798312664032,0.0008302181959152222
20,848,13,Late,True,-0.02657127007842064,0.12801004946231842,0.1271798312664032,0.0008302181959152222
20,848,14,Late,True,-0.02195792645215988,0.12801004946231842,0.1271798312664032,0.0008302181959152222
20,848,15,Late,False,0.0,0.12801004946231842,0.1271798312664032,0.0008302181959152222
20,848,16,Late,False,0.0,0.12801004946231842,0.1271798312664032,0.0008302181959152222
20,848,17,Late,False,0.0,0.12801004946231842,0.1271798312664032,0.0008302181959152222
20,848,18,Late,False,0.0,0.12801004946231842,0.1271798312664032,0.0008302181959152222
20,848,19,Late,False,0.0,0.12801004946231842,0.1271798312664032,0.0008302181959152222
20,973,0,Early,True,-0.22044669091701508,0.13859689235687256,0.13719892501831055,0.0013979673385620117
20,973,1,Early,True,-0.06391026079654694,0.13859689235687256,0.13719892501831055,0.0013979673385620117
20,973,2,Early,True,-0.08635014295578003,0.13859689235687256,0.13719892501831055,0.0013979673385620117
20,973,3,Early,True,-0.10133130848407745,0.13859689235687256,0.13719892501831055,0.0013979673385620117
20,973,4,Early,True,-0.04894505441188812,0.13859689235687256,0.13719892501831055,0.0013979673385620117
20,973,5,Early,True,-0.0616072416305542,0.13859689235687256,0.13719892501831055,0.0013979673385620117
20,973,6,Middle,True,-0.06930822134017944,0.13859689235687256,0.13719892501831055,0.0013979673385620117
20,973,7,Middle,True,-0.05229770019650459,0.13859689235687256,0.13719892501831055,0.0013979673385620117
20,973,8,Middle,True,-0.030884943902492523,0.13859689235687256,0.13719892501831055,0.0013979673385620117
20,973,9,Middle,True,-0.03111061081290245,0.13859689235687256,0.13719892501831055,0.0013979673385620117
20,973,10,Middle,True,-0.021708067506551743,0.13859689235687256,0.13719892501831055,0.0013979673385620117
20,973,11,Middle,True,-0.004208870232105255,0.13859689235687256,0.13719892501831055,0.0013979673385620117
20,973,12,Middle,True,-0.014189116656780243,0.13859689235687256,0.13719892501831055,0.0013979673385620117
20,973,13,Late,False,0.0,0.13859689235687256,0.13719892501831055,0.0013979673385620117
20,973,14,Late,False,0.0,0.13859689235687256,0.13719892501831055,0.0013979673385620117
20,973,15,Late,False,0.0,0.13859689235687256,0.13719892501831055,0.0013979673385620117
20,973,16,Late,False,0.0,0.13859689235687256,0.13719892501831055,0.0013979673385620117
20,973,17,Late,False,0.0,0.13859689235687256,0.13719892501831055,0.0013979673385620117
20,973,18,Late,False,0.0,0.13859689235687256,0.13719892501831055,0.0013979673385620117
20,973,19,Late,False,0.0,0.13859689235687256,0.13719892501831055,0.0013979673385620117
20,838,0,Early,False,0.0,0.11962562054395676,0.11962562054395676,0.0
20,838,1,Early,False,0.0,0.11962562054395676,0.11962562054395676,0.0
20,838,2,Early,False,0.0,0.11962562054395676,0.11962562054395676,0.0
20,838,3,Early,False,0.0,0.11962562054395676,0.11962562054395676,0.0
20,838,4,Early,False,0.0,0.11962562054395676,0.11962562054395676,0.0
20,838,5,Early,False,0.0,0.11962562054395676,0.11962562054395676,0.0
20,838,6,Middle,False,0.0,0.11962562054395676,0.11962562054395676,0.0
20,838,7,Middle,False,0.0,0.11962562054395676,0.11962562054395676,0.0
20,838,8,Middle,False,0.0,0.11962562054395676,0.11962562054395676,0.0
20,838,9,Middle,False,0.0,0.11962562054395676,0.11962562054395676,0.0
20,838,10,Middle,False,0.0,0.11962562054395676,0.11962562054395676,0.0
20,838,11,Middle,False,0.0,0.11962562054395676,0.11962562054395676,0.0
20,838,12,Middle,False,0.0,0.11962562054395676,0.11962562054395676,0.0
20,838,13,Late,False,0.0,0.11962562054395676,0.11962562054395676,0.0
20,838,14,Late,False,0.0,0.11962562054395676,0.11962562054395676,0.0
20,838,15,Late,False,0.0,0.11962562054395676,0.11962562054395676,0.0
20,838,16,Late,False,0.0,0.11962562054395676,0.11962562054395676,0.0
20,838,17,Late,False,0.0,0.11962562054395676,0.11962562054395676,0.0
20,838,18,Late,False,0.0,0.11962562054395676,0.11962562054395676,0.0
20,838,19,Late,False,0.0,0.11962562054395676,0.11962562054395676,0.0
20,924,0,Early,False,0.0,0.1291295439004898,0.1291295439004898,0.0
20,924,1,Early,False,0.0,0.1291295439004898,0.1291295439004898,0.0
20,924,2,Early,False,0.0,0.1291295439004898,0.1291295439004898,0.0
20,924,3,Early,False,0.0,0.1291295439004898,0.1291295439004898,0.0
20,924,4,Early,False,0.0,0.1291295439004898,0.1291295439004898,0.0
20,924,5,Early,False,0.0,0.1291295439004898,0.1291295439004898,0.0
20,924,6,Middle,False,0.0,0.1291295439004898,0.1291295439004898,0.0
20,924,7,Middle,False,0.0,0.1291295439004898,0.1291295439004898,0.0
20,924,8,Middle,False,0.0,0.1291295439004898,0.1291295439004898,0.0
20,924,9,Middle,False,0.0,0.1291295439004898,0.1291295439004898,0.0
20,924,10,Middle,False,0.0,0.1291295439004898,0.1291295439004898,0.0
20,924,11,Middle,False,0.0,0.1291295439004898,0.1291295439004898,0.0
20,924,12,Middle,False,0.0,0.1291295439004898,0.1291295439004898,0.0
20,924,13,Late,False,0.0,0.1291295439004898,0.1291295439004898,0.0
20,924,14,Late,False,0.0,0.1291295439004898,0.1291295439004898,0.0
20,924,15,Late,False,0.0,0.1291295439004898,0.1291295439004898,0.0
20,924,16,Late,False,0.0,0.1291295439004898,0.1291295439004898,0.0
20,924,17,Late,False,0.0,0.1291295439004898,0.1291295439004898,0.0
20,924,18,Late,False,0.0,0.1291295439004898,0.1291295439004898,0.0
20,924,19,Late,False,0.0,0.1291295439004898,0.1291295439004898,0.0
20,812,0,Early,True,-0.3084254562854767,0.13704781234264374,0.13527339696884155,0.001774415373802185
20,812,1,Early,True,-0.06053157523274422,0.13704781234264374,0.13527339696884155,0.001774415373802185
20,812,2,Early,True,-0.2549789249897003,0.13704781234264374,0.13527339696884155,0.001774415373802185
20,812,3,Early,True,-0.05666506290435791,0.13704781234264374,0.13527339696884155,0.001774415373802185
20,812,4,Early,True,-0.08888810873031616,0.13704781234264374,0.13527339696884155,0.001774415373802185
20,812,5,Early,True,-0.05305379256606102,0.13704781234264374,0.13527339696884155,0.001774415373802185
20,812,6,Middle,True,-0.08367861807346344,0.13704781234264374,0.13527339696884155,0.001774415373802185
20,812,7,Middle,True,-0.014484208077192307,0.13704781234264374,0.13527339696884155,0.001774415373802185
20,812,8,Middle,True,-0.023106485605239868,0.13704781234264374,0.13527339696884155,0.001774415373802185
20,812,9,Middle,True,-0.061831265687942505,0.13704781234264374,0.13527339696884155,0.001774415373802185
20,812,10,Middle,True,-0.010756587609648705,0.13704781234264374,0.13527339696884155,0.001774415373802185
20,812,11,Middle,True,-0.023090608417987823,0.13704781234264374,0.13527339696884155,0.001774415373802185
20,812,12,Middle,True,-0.019866956397891045,0.13704781234264374,0.13527339696884155,0.001774415373802185
20,812,13,Late,False,0.0,0.13704781234264374,0.13527339696884155,0.001774415373802185
20,812,14,Late,True,-0.00035268813371658325,0.13704781234264374,0.13527339696884155,0.001774415373802185
20,812,15,Late,False,0.0,0.13704781234264374,0.13527339696884155,0.001774415373802185
20,812,16,Late,False,0.0,0.13704781234264374,0.13527339696884155,0.001774415373802185
20,812,17,Late,False,0.0,0.13704781234264374,0.13527339696884155,0.001774415373802185
20,812,18,Late,False,0.0,0.13704781234264374,0.13527339696884155,0.001774415373802185
20,812,19,Late,False,0.0,0.13704781234264374,0.13527339696884155,0.001774415373802185
20,945,0,Early,True,-0.2657727301120758,0.13925695419311523,0.1372280865907669,0.0020288676023483276
20,945,1,Early,True,-0.36901551485061646,0.13925695419311523,0.1372280865907669,0.0020288676023483276
20,945,2,Early,True,-0.10122491419315338,0.13925695419311523,0.1372280865907669,0.0020288676023483276
20,945,3,Early,True,-0.04671834409236908,0.13925695419311523,0.1372280865907669,0.0020288676023483276
20,945,4,Early,True,-0.038838714361190796,0.13925695419311523,0.1372280865907669,0.0020288676023483276
20,945,5,Early,True,-0.07739204168319702,0.13925695419311523,0.1372280865907669,0.0020288676023483276
20,945,6,Middle,True,-0.05085144191980362,0.13925695419311523,0.1372280865907669,0.0020288676023483276
20,945,7,Middle,True,-0.034744150936603546,0.13925695419311523,0.1372280865907669,0.0020288676023483276
20,945,8,Middle,True,-0.031056486070156097,0.13925695419311523,0.1372280865907669,0.0020288676023483276
20,945,9,Middle,True,-0.015702610835433006,0.13925695419311523,0.1372280865907669,0.0020288676023483276
20,945,10,Middle,True,-0.0014178641140460968,0.13925695419311523,0.1372280865907669,0.0020288676023483276
20,945,11,Middle,True,-0.0017295032739639282,0.13925695419311523,0.1372280865907669,0.0020288676023483276
20,945,12,Middle,True,-0.006823837757110596,0.13925695419311523,0.1372280865907669,0.0020288676023483276
20,945,13,Late,False,0.0,0.13925695419311523,0.1372280865907669,0.0020288676023483276
20,945,14,Late,False,0.0,0.13925695419311523,0.1372280865907669,0.0020288676023483276
20,945,15,Late,False,0.0,0.13925695419311523,0.1372280865907669,0.0020288676023483276
20,945,16,Late,False,0.0,0.13925695419311523,0.1372280865907669,0.0020288676023483276
20,945,17,Late,False,0.0,0.13925695419311523,0.1372280865907669,0.0020288676023483276
20,945,18,Late,False,0.0,0.13925695419311523,0.1372280865907669,0.0020288676023483276
20,945,19,Late,False,0.0,0.13925695419311523,0.1372280865907669,0.0020288676023483276
20,933,0,Early,True,-0.3206857740879059,0.13877740502357483,0.13484503328800201,0.003932371735572815
20,933,1,Early,True,-0.04900764673948288,0.13877740502357483,0.13484503328800201,0.003932371735572815
20,933,2,Early,True,-0.010916836559772491,0.13877740502357483,0.13484503328800201,0.003932371735572815
20,933,3,Early,True,-0.1367601752281189,0.13877740502357483,0.13484503328800201,0.003932371735572815
20,933,4,Early,True,-0.00645136833190918,0.13877740502357483,0.13484503328800201,0.003932371735572815
20,933,5,Early,True,-0.08022599667310715,0.13877740502357483,0.13484503328800201,0.003932371735572815
20,933,6,Middle,False,0.0,0.13877740502357483,0.13484503328800201,0.003932371735572815
20,933,7,Middle,True,-0.03669050335884094,0.13877740502357483,0.13484503328800201,0.003932371735572815
20,933,8,Middle,True,-0.008515987545251846,0.13877740502357483,0.13484503328800201,0.003932371735572815
20,933,9,Middle,False,0.0,0.13877740502357483,0.13484503328800201,0.003932371735572815
20,933,10,Middle,False,0.0,0.13877740502357483,0.13484503328800201,0.003932371735572815
20,933,11,Middle,False,0.0,0.13877740502357483,0.13484503328800201,0.003932371735572815
20,933,12,Middle,False,0.0,0.13877740502357483,0.13484503328800201,0.003932371735572815
20,933,13,Late,False,0.0,0.13877740502357483,0.13484503328800201,0.003932371735572815
20,933,14,Late,False,0.0,0.13877740502357483,0.13484503328800201,0.003932371735572815
20,933,15,Late,False,0.0,0.13877740502357483,0.13484503328800201,0.003932371735572815
20,933,16,Late,False,0.0,0.13877740502357483,0.13484503328800201,0.003932371735572815
20,933,17,Late,False,0.0,0.13877740502357483,0.13484503328800201,0.003932371735572815
20,933,18,Late,False,0.0,0.13877740502357483,0.13484503328800201,0.003932371735572815
20,933,19,Late,False,0.0,0.13877740502357483,0.13484503328800201,0.003932371735572815
20,851,0,Early,True,-0.19539466500282288,0.14047026634216309,0.13780826330184937,0.0026620030403137207
20,851,1,Early,False,0.0,0.14047026634216309,0.13780826330184937,0.0026620030403137207
20,851,2,Early,True,-0.061171770095825195,0.14047026634216309,0.13780826330184937,0.0026620030403137207
20,851,3,Early,True,-0.06869529187679291,0.14047026634216309,0.13780826330184937,0.0026620030403137207
20,851,4,Early,True,-0.05380832031369209,0.14047026634216309,0.13780826330184937,0.0026620030403137207
20,851,5,Early,True,-0.06383226811885834,0.14047026634216309,0.13780826330184937,0.0026620030403137207
20,851,6,Middle,True,-0.050131671130657196,0.14047026634216309,0.13780826330184937,0.0026620030403137207
20,851,7,Middle,True,-0.03182052820920944,0.14047026634216309,0.13780826330184937,0.0026620030403137207
20,851,8,Middle,True,-0.028167538344860077,0.14047026634216309,0.13780826330184937,0.0026620030403137207
20,851,9,Middle,True,-0.02339417301118374,0.14047026634216309,0.13780826330184937,0.0026620030403137207
20,851,10,Middle,True,-0.009367207065224648,0.14047026634216309,0.13780826330184937,0.0026620030403137207
20,851,11,Middle,True,-0.003171827644109726,0.14047026634216309,0.13780826330184937,0.0026620030403137207
20,851,12,Middle,False,0.0,0.14047026634216309,0.13780826330184937,0.0026620030403137207
20,851,13,Late,False,0.0,0.14047026634216309,0.13780826330184937,0.0026620030403137207
20,851,14,Late,False,0.0,0.14047026634216309,0.13780826330184937,0.0026620030403137207
20,851,15,Late,False,0.0,0.14047026634216309,0.13780826330184937,0.0026620030403137207
20,851,16,Late,False,0.0,0.14047026634216309,0.13780826330184937,0.0026620030403137207
20,851,17,Late,False,0.0,0.14047026634216309,0.13780826330184937,0.0026620030403137207
20,851,18,Late,False,0.0,0.14047026634216309,0.13780826330184937,0.0026620030403137207
20,851,19,Late,False,0.0,0.14047026634216309,0.13780826330184937,0.0026620030403137207
20,844,0,Early,True,-0.2727123200893402,0.1401117444038391,0.1378200203180313,0.0022917240858078003
20,844,1,Early,True,-0.1328078657388687,0.1401117444038391,0.1378200203180313,0.0022917240858078003
20,844,2,Early,True,-0.09356845915317535,0.1401117444038391,0.1378200203180313,0.0022917240858078003
20,844,3,Early,True,-0.019282564520835876,0.1401117444038391,0.1378200203180313,0.0022917240858078003
20,844,4,Early,True,-0.12522603571414948,0.1401117444038391,0.1378200203180313,0.0022917240858078003
20,844,5,Early,False,0.0,0.1401117444038391,0.1378200203180313,0.0022917240858078003
20,844,6,Middle,True,-0.05461427569389343,0.1401117444038391,0.1378200203180313,0.0022917240858078003
20,844,7,Middle,True,-0.08939473330974579,0.1401117444038391,0.1378200203180313,0.0022917240858078003
20,844,8,Middle,False,0.0,0.1401117444038391,0.1378200203180313,0.0022917240858078003
20,844,9,Middle,True,-0.015651477500796318,0.1401117444038391,0.1378200203180313,0.0022917240858078003
20,844,10,Middle,True,-0.00749640166759491,0.1401117444038391,0.1378200203180313,0.0022917240858078003
20,844,11,Middle,False,0.0,0.1401117444038391,0.1378200203180313,0.0022917240858078003
20,844,12,Middle,False,0.0,0.1401117444038391,0.1378200203180313,0.0022917240858078003
20,844,13,Late,False,0.0,0.1401117444038391,0.1378200203180313,0.0022917240858078003
20,844,14,Late,False,0.0,0.1401117444038391,0.1378200203180313,0.0022917240858078003
20,844,15,Late,False,0.0,0.1401117444038391,0.1378200203180313,0.0022917240858078003
20,844,16,Late,False,0.0,0.1401117444038391,0.1378200203180313,0.0022917240858078003
20,844,17,Late,False,0.0,0.1401117444038391,0.1378200203180313,0.0022917240858078003
20,844,18,Late,False,0.0,0.1401117444038391,0.1378200203180313,0.0022917240858078003
20,844,19,Late,False,0.0,0.1401117444038391,0.1378200203180313,0.0022917240858078003
20,916,0,Early,True,-0.1760311722755432,0.13273094594478607,0.1301659494638443,0.0025649964809417725
20,916,1,Early,True,-0.07524629682302475,0.13273094594478607,0.1301659494638443,0.0025649964809417725
20,916,2,Early,True,-0.16240078210830688,0.13273094594478607,0.1301659494638443,0.0025649964809417725
20,916,3,Early,True,-0.04600374028086662,0.13273094594478607,0.1301659494638443,0.0025649964809417725
20,916,4,Early,True,-0.0459839403629303,0.13273094594478607,0.1301659494638443,0.0025649964809417725
20,916,5,Early,True,-0.13478896021842957,0.13273094594478607,0.1301659494638443,0.0025649964809417725
20,916,6,Middle,True,-0.030395057052373886,0.13273094594478607,0.1301659494638443,0.0025649964809417725
20,916,7,Middle,True,-0.06064094603061676,0.13273094594478607,0.1301659494638443,0.0025649964809417725
20,916,8,Middle,True,-0.05447427183389664,0.13273094594478607,0.1301659494638443,0.0025649964809417725
20,916,9,Middle,True,-0.030174653977155685,0.13273094594478607,0.1301659494638443,0.0025649964809417725
20,916,10,Middle,True,-0.04958052188158035,0.13273094594478607,0.1301659494638443,0.0025649964809417725
20,916,11,Middle,True,-0.02047046460211277,0.13273094594478607,0.1301659494638443,0.0025649964809417725
20,916,12,Middle,True,-0.006268640980124474,0.13273094594478607,0.1301659494638443,0.0025649964809417725
20,916,13,Late,True,-0.002380644902586937,0.13273094594478607,0.1301659494638443,0.0025649964809417725
20,916,14,Late,False,0.0,0.13273094594478607,0.1301659494638443,0.0025649964809417725
20,916,15,Late,False,0.0,0.13273094594478607,0.1301659494638443,0.0025649964809417725
20,916,16,Late,False,0.0,0.13273094594478607,0.1301659494638443,0.0025649964809417725
20,916,17,Late,False,0.0,0.13273094594478607,0.1301659494638443,0.0025649964809417725
20,916,18,Late,False,0.0,0.13273094594478607,0.1301659494638443,0.0025649964809417725
20,916,19,Late,False,0.0,0.13273094594478607,0.1301659494638443,0.0025649964809417725
20,855,0,Early,True,-0.23566679656505585,0.14129236340522766,0.1381574422121048,0.0031349211931228638
20,855,1,Early,True,-0.08124922215938568,0.14129236340522766,0.1381574422121048,0.0031349211931228638
20,855,2,Early,True,-0.10036194324493408,0.14129236340522766,0.1381574422121048,0.0031349211931228638
20,855,3,Early,True,-0.023791082203388214,0.14129236340522766,0.1381574422121048,0.0031349211931228638
20,855,4,Early,True,-0.029099486768245697,0.14129236340522766,0.1381574422121048,0.0031349211931228638
20,855,5,Early,True,-0.09340468049049377,0.14129236340522766,0.1381574422121048,0.0031349211931228638
20,855,6,Middle,True,-0.04473111033439636,0.14129236340522766,0.1381574422121048,0.0031349211931228638
20,855,7,Middle,True,-0.03989049047231674,0.14129236340522766,0.1381574422121048,0.0031349211931228638
20,855,8,Middle,True,-0.029897324740886688,0.14129236340522766,0.1381574422121048,0.0031349211931228638
20,855,9,Middle,True,-0.03746103122830391,0.14129236340522766,0.1381574422121048,0.0031349211931228638
20,855,10,Middle,True,-0.043186627328395844,0.14129236340522766,0.1381574422121048,0.0031349211931228638
20,855,11,Middle,True,-0.00038919784128665924,0.14129236340522766,0.1381574422121048,0.0031349211931228638
20,855,12,Middle,True,-0.011428700760006905,0.14129236340522766,0.1381574422121048,0.0031349211931228638
20,855,13,Late,False,0.0,0.14129236340522766,0.1381574422121048,0.0031349211931228638
20,855,14,Late,True,-0.007354988716542721,0.14129236340522766,0.1381574422121048,0.0031349211931228638
20,855,15,Late,False,0.0,0.14129236340522766,0.1381574422121048,0.0031349211931228638
20,855,16,Late,False,0.0,0.14129236340522766,0.1381574422121048,0.0031349211931228638
20,855,17,Late,False,0.0,0.14129236340522766,0.1381574422121048,0.0031349211931228638
20,855,18,Late,False,0.0,0.14129236340522766,0.1381574422121048,0.0031349211931228638
20,855,19,Late,False,0.0,0.14129236340522766,0.1381574422121048,0.0031349211931228638
20,883,0,Early,True,-0.2433958798646927,0.1374238133430481,0.13532398641109467,0.00209982693195343
20,883,1,Early,True,-0.15113970637321472,0.1374238133430481,0.13532398641109467,0.00209982693195343
20,883,2,Early,True,-0.10347229987382889,0.1374238133430481,0.13532398641109467,0.00209982693195343
20,883,3,Early,True,-0.11042102426290512,0.1374238133430481,0.13532398641109467,0.00209982693195343
20,883,4,Early,True,-0.02728380262851715,0.1374238133430481,0.13532398641109467,0.00209982693195343
20,883,5,Early,True,-0.0965689867734909,0.1374238133430481,0.13532398641109467,0.00209982693195343
20,883,6,Middle,True,-0.05748112499713898,0.1374238133430481,0.13532398641109467,0.00209982693195343
20,883,7,Middle,True,-0.048550788313150406,0.1374238133430481,0.13532398641109467,0.00209982693195343
20,883,8,Middle,True,-0.032430145889520645,0.1374238133430481,0.13532398641109467,0.00209982693195343
20,883,9,Middle,True,-0.03479289263486862,0.1374238133430481,0.13532398641109467,0.00209982693195343
20,883,10,Middle,True,-0.024369969964027405,0.1374238133430481,0.13532398641109467,0.00209982693195343
20,883,11,Middle,True,-0.01816573552787304,0.1374238133430481,0.13532398641109467,0.00209982693195343
20,883,12,Middle,False,0.0,0.1374238133430481,0.13532398641109467,0.00209982693195343
20,883,13,Late,False,0.0,0.1374238133430481,0.13532398641109467,0.00209982693195343
20,883,14,Late,False,0.0,0.1374238133430481,0.13532398641109467,0.00209982693195343
20,883,15,Late,False,0.0,0.1374238133430481,0.13532398641109467,0.00209982693195343
20,883,16,Late,False,0.0,0.1374238133430481,0.13532398641109467,0.00209982693195343
20,883,17,Late,False,0.0,0.1374238133430481,0.13532398641109467,0.00209982693195343
20,883,18,Late,False,0.0,0.1374238133430481,0.13532398641109467,0.00209982693195343
20,883,19,Late,False,0.0,0.1374238133430481,0.13532398641109467,0.00209982693195343
20,874,0,Early,True,-0.3469103276729584,0.12607714533805847,0.12418553978204727,0.0018916055560112
20,874,1,Early,True,-0.08092263340950012,0.12607714533805847,0.12418553978204727,0.0018916055560112
20,874,2,Early,True,-0.008909657597541809,0.12607714533805847,0.12418553978204727,0.0018916055560112
20,874,3,Early,True,-0.035899918526411057,0.12607714533805847,0.12418553978204727,0.0018916055560112
20,874,4,Early,True,-0.17304152250289917,0.12607714533805847,0.12418553978204727,0.0018916055560112
20,874,5,Early,True,-0.13287915289402008,0.12607714533805847,0.12418553978204727,0.0018916055560112
20,874,6,Middle,True,-0.04165539890527725,0.12607714533805847,0.12418553978204727,0.0018916055560112
20,874,7,Middle,True,-0.05427595600485802,0.12607714533805847,0.12418553978204727,0.0018916055560112
20,874,8,Middle,True,-0.08346922695636749,0.12607714533805847,0.12418553978204727,0.0018916055560112
20,874,9,Middle,True,-0.01977119967341423,0.12607714533805847,0.12418553978204727,0.0018916055560112
20,874,10,Middle,True,-0.039521072059869766,0.12607714533805847,0.12418553978204727,0.0018916055560112
20,874,11,Middle,True,-0.01769065111875534,0.12607714533805847,0.12418553978204727,0.0018916055560112
20,874,12,Middle,False,0.0,0.12607714533805847,0.12418553978204727,0.0018916055560112
20,874,13,Late,False,0.0,0.12607714533805847,0.12418553978204727,0.0018916055560112
20,874,14,Late,False,0.0,0.12607714533805847,0.12418553978204727,0.0018916055560112
20,874,15,Late,False,0.0,0.12607714533805847,0.12418553978204727,0.0018916055560112
20,874,16,Late,False,0.0,0.12607714533805847,0.12418553978204727,0.0018916055560112
20,874,17,Late,False,0.0,0.12607714533805847,0.12418553978204727,0.0018916055560112
20,874,18,Late,False,0.0,0.12607714533805847,0.12418553978204727,0.0018916055560112
20,874,19,Late,False,0.0,0.12607714533805847,0.12418553978204727,0.0018916055560112
20,896,0,Early,True,-0.06114508956670761,0.12468837946653366,0.12371207028627396,0.0009763091802597046
20,896,1,Early,True,-0.1223439872264862,0.12468837946653366,0.12371207028627396,0.0009763091802597046
20,896,2,Early,True,-0.09357026219367981,0.12468837946653366,0.12371207028627396,0.0009763091802597046
20,896,3,Early,True,-0.05520014837384224,0.12468837946653366,0.12371207028627396,0.0009763091802597046
20,896,4,Early,True,-0.025736279785633087,0.12468837946653366,0.12371207028627396,0.0009763091802597046
20,896,5,Early,True,-0.05506232753396034,0.12468837946653366,0.12371207028627396,0.0009763091802597046
20,896,6,Middle,True,-0.056128181517124176,0.12468837946653366,0.12371207028627396,0.0009763091802597046
20,896,7,Middle,True,-0.045606911182403564,0.12468837946653366,0.12371207028627396,0.0009763091802597046
20,896,8,Middle,True,-0.035183876752853394,0.12468837946653366,0.12371207028627396,0.0009763091802597046
20,896,9,Middle,True,-0.043033938854932785,0.12468837946653366,0.12371207028627396,0.0009763091802597046
20,896,10,Middle,True,-0.07475747168064117,0.12468837946653366,0.12371207028627396,0.0009763091802597046
20,896,11,Middle,True,-0.02001943439245224,0.12468837946653366,0.12371207028627396,0.0009763091802597046
20,896,12,Middle,True,-0.013867409899830818,0.12468837946653366,0.12371207028627396,0.0009763091802597046
20,896,13,Late,True,-0.008606666699051857,0.12468837946653366,0.12371207028627396,0.0009763091802597046
20,896,14,Late,False,0.0,0.12468837946653366,0.12371207028627396,0.0009763091802597046
20,896,15,Late,True,-0.003768114373087883,0.12468837946653366,0.12371207028627396,0.0009763091802597046
20,896,16,Late,True,-0.00041747139766812325,0.12468837946653366,0.12371207028627396,0.0009763091802597046
20,896,17,Late,True,-0.0011040931567549706,0.12468837946653366,0.12371207028627396,0.0009763091802597046
20,896,18,Late,False,0.0,0.12468837946653366,0.12371207028627396,0.0009763091802597046
20,896,19,Late,False,0.0,0.12468837946653366,0.12371207028627396,0.0009763091802597046
20,818,0,Early,True,-0.3541310131549835,0.13578377664089203,0.1343517303466797,0.0014320462942123413
20,818,1,Early,True,-0.14293120801448822,0.13578377664089203,0.1343517303466797,0.0014320462942123413
20,818,2,Early,True,-0.11049830168485641,0.13578377664089203,0.1343517303466797,0.0014320462942123413
20,818,3,Early,False,0.0,0.13578377664089203,0.1343517303466797,0.0014320462942123413
20,818,4,Early,True,-0.07647304236888885,0.13578377664089203,0.1343517303466797,0.0014320462942123413
20,818,5,Early,True,-0.05915873125195503,0.13578377664089203,0.1343517303466797,0.0014320462942123413
20,818,6,Middle,True,-0.031120887026190758,0.13578377664089203,0.1343517303466797,0.0014320462942123413
20,818,7,Middle,True,-0.004559135064482689,0.13578377664089203,0.1343517303466797,0.0014320462942123413
20,818,8,Middle,True,-0.029795756563544273,0.13578377664089203,0.1343517303466797,0.0014320462942123413
20,818,9,Middle,True,-0.019824955612421036,0.13578377664089203,0.1343517303466797,0.0014320462942123413
20,818,10,Middle,False,0.0,0.13578377664089203,0.1343517303466797,0.0014320462942123413
20,818,11,Middle,False,0.0,0.13578377664089203,0.1343517303466797,0.0014320462942123413
20,818,12,Middle,False,0.0,0.13578377664089203,0.1343517303466797,0.0014320462942123413
20,818,13,Late,False,0.0,0.13578377664089203,0.1343517303466797,0.0014320462942123413
20,818,14,Late,False,0.0,0.13578377664089203,0.1343517303466797,0.0014320462942123413
20,818,15,Late,False,0.0,0.13578377664089203,0.1343517303466797,0.0014320462942123413
20,818,16,Late,False,0.0,0.13578377664089203,0.1343517303466797,0.0014320462942123413
20,818,17,Late,False,0.0,0.13578377664089203,0.1343517303466797,0.0014320462942123413
20,818,18,Late,False,0.0,0.13578377664089203,0.1343517303466797,0.0014320462942123413
20,818,19,Late,False,0.0,0.13578377664089203,0.1343517303466797,0.0014320462942123413
20,940,0,Early,True,-0.021014874801039696,0.12861938774585724,0.12293189018964767,0.005687497556209564
20,940,1,Early,True,-0.06636801362037659,0.12861938774585724,0.12293189018964767,0.005687497556209564
20,940,2,Early,True,-0.08555108308792114,0.12861938774585724,0.12293189018964767,0.005687497556209564
20,940,3,Early,True,-0.07405673712491989,0.12861938774585724,0.12293189018964767,0.005687497556209564
20,940,4,Early,True,-0.06231887638568878,0.12861938774585724,0.12293189018964767,0.005687497556209564
20,940,5,Early,True,-0.06470048427581787,0.12861938774585724,0.12293189018964767,0.005687497556209564
20,940,6,Middle,True,-0.07254127413034439,0.12861938774585724,0.12293189018964767,0.005687497556209564
20,940,7,Middle,True,-0.03815789893269539,0.12861938774585724,0.12293189018964767,0.005687497556209564
20,940,8,Middle,True,-0.019661761820316315,0.12861938774585724,0.12293189018964767,0.005687497556209564
20,940,9,Middle,True,-0.016474463045597076,0.12861938774585724,0.12293189018964767,0.005687497556209564
20,940,10,Middle,False,0.0,0.12861938774585724,0.12293189018964767,0.005687497556209564
20,940,11,Middle,False,0.0,0.12861938774585724,0.12293189018964767,0.005687497556209564
20,940,12,Middle,False,0.0,0.12861938774585724,0.12293189018964767,0.005687497556209564
20,940,13,Late,False,0.0,0.12861938774585724,0.12293189018964767,0.005687497556209564
20,940,14,Late,False,0.0,0.12861938774585724,0.12293189018964767,0.005687497556209564
20,940,15,Late,False,0.0,0.12861938774585724,0.12293189018964767,0.005687497556209564
20,940,16,Late,False,0.0,0.12861938774585724,0.12293189018964767,0.005687497556209564
20,940,17,Late,False,0.0,0.12861938774585724,0.12293189018964767,0.005687497556209564
20,940,18,Late,False,0.0,0.12861938774585724,0.12293189018964767,0.005687497556209564
20,940,19,Late,False,0.0,0.12861938774585724,0.12293189018964767,0.005687497556209564
20,958,0,Early,True,-0.31698930263519287,0.1402653157711029,0.1376299411058426,0.002635374665260315
20,958,1,Early,True,-0.12655752897262573,0.1402653157711029,0.1376299411058426,0.002635374665260315
20,958,2,Early,True,-0.034677475690841675,0.1402653157711029,0.1376299411058426,0.002635374665260315
20,958,3,Early,True,-0.13787129521369934,0.1402653157711029,0.1376299411058426,0.002635374665260315
20,958,4,Early,True,-0.052181657403707504,0.1402653157711029,0.1376299411058426,0.002635374665260315
20,958,5,Early,True,-0.10712534934282303,0.1402653157711029,0.1376299411058426,0.002635374665260315
20,958,6,Middle,True,-0.04028167575597763,0.1402653157711029,0.1376299411058426,0.002635374665260315
20,958,7,Middle,True,-0.045887090265750885,0.1402653157711029,0.1376299411058426,0.002635374665260315
20,958,8,Middle,True,-0.01403919979929924,0.1402653157711029,0.1376299411058426,0.002635374665260315
20,958,9,Middle,True,-0.0313829705119133,0.1402653157711029,0.1376299411058426,0.002635374665260315
20,958,10,Middle,True,-0.038634609431028366,0.1402653157711029,0.1376299411058426,0.002635374665260315
20,958,11,Middle,True,-0.02067049965262413,0.1402653157711029,0.1376299411058426,0.002635374665260315
20,958,12,Middle,False,0.0,0.1402653157711029,0.1376299411058426,0.002635374665260315
20,958,13,Late,False,0.0,0.1402653157711029,0.1376299411058426,0.002635374665260315
20,958,14,Late,False,0.0,0.1402653157711029,0.1376299411058426,0.002635374665260315
20,958,15,Late,False,0.0,0.1402653157711029,0.1376299411058426,0.002635374665260315
20,958,16,Late,False,0.0,0.1402653157711029,0.1376299411058426,0.002635374665260315
20,958,17,Late,False,0.0,0.1402653157711029,0.1376299411058426,0.002635374665260315
20,958,18,Late,False,0.0,0.1402653157711029,0.1376299411058426,0.002635374665260315
20,958,19,Late,False,0.0,0.1402653157711029,0.1376299411058426,0.002635374665260315
20,943,0,Early,False,0.0,0.13211318850517273,0.12806940078735352,0.004043787717819214
20,943,1,Early,True,-0.0590963251888752,0.13211318850517273,0.12806940078735352,0.004043787717819214
20,943,2,Early,True,-0.023533746600151062,0.13211318850517273,0.12806940078735352,0.004043787717819214
20,943,3,Early,True,-0.0692095160484314,0.13211318850517273,0.12806940078735352,0.004043787717819214
20,943,4,Early,True,-0.09364631772041321,0.13211318850517273,0.12806940078735352,0.004043787717819214
20,943,5,Early,True,-0.13446299731731415,0.13211318850517273,0.12806940078735352,0.004043787717819214
20,943,6,Middle,True,-0.08748693764209747,0.13211318850517273,0.12806940078735352,0.004043787717819214
20,943,7,Middle,True,-0.06542991101741791,0.13211318850517273,0.12806940078735352,0.004043787717819214
20,943,8,Middle,True,-0.006992768496274948,0.13211318850517273,0.12806940078735352,0.004043787717819214
20,943,9,Middle,True,-0.022826792672276497,0.13211318850517273,0.12806940078735352,0.004043787717819214
20,943,10,Middle,True,-0.015991250053048134,0.13211318850517273,0.12806940078735352,0.004043787717819214
20,943,11,Middle,True,-0.0035374611616134644,0.13211318850517273,0.12806940078735352,0.004043787717819214
20,943,12,Middle,False,0.0,0.13211318850517273,0.12806940078735352,0.004043787717819214
20,943,13,Late,False,0.0,0.13211318850517273,0.12806940078735352,0.004043787717819214
20,943,14,Late,False,0.0,0.13211318850517273,0.12806940078735352,0.004043787717819214
20,943,15,Late,False,0.0,0.13211318850517273,0.12806940078735352,0.004043787717819214
20,943,16,Late,False,0.0,0.13211318850517273,0.12806940078735352,0.004043787717819214
20,943,17,Late,False,0.0,0.13211318850517273,0.12806940078735352,0.004043787717819214
20,943,18,Late,False,0.0,0.13211318850517273,0.12806940078735352,0.004043787717819214
20,943,19,Late,False,0.0,0.13211318850517273,0.12806940078735352,0.004043787717819214
20,941,0,Early,True,-0.015435378067195415,0.13258996605873108,0.1265021711587906,0.006087794899940491
20,941,1,Early,True,-0.07143372297286987,0.13258996605873108,0.1265021711587906,0.006087794899940491
20,941,2,Early,True,-0.084166020154953,0.13258996605873108,0.1265021711587906,0.006087794899940491
20,941,3,Early,True,-0.09299524128437042,0.13258996605873108,0.1265021711587906,0.006087794899940491
20,941,4,Early,True,-0.10684334486722946,0.13258996605873108,0.1265021711587906,0.006087794899940491
20,941,5,Early,True,-0.06578794121742249,0.13258996605873108,0.1265021711587906,0.006087794899940491
20,941,6,Middle,True,-0.0783376470208168,0.13258996605873108,0.1265021711587906,0.006087794899940491
20,941,7,Middle,True,-0.03835073485970497,0.13258996605873108,0.1265021711587906,0.006087794899940491
20,941,8,Middle,True,-0.008916933089494705,0.13258996605873108,0.1265021711587906,0.006087794899940491
20,941,9,Middle,True,-0.028308626264333725,0.13258996605873108,0.1265021711587906,0.006087794899940491
20,941,10,Middle,False,0.0,0.13258996605873108,0.1265021711587906,0.006087794899940491
20,941,11,Middle,False,0.0,0.13258996605873108,0.1265021711587906,0.006087794899940491
20,941,12,Middle,False,0.0,0.13258996605873108,0.1265021711587906,0.006087794899940491
20,941,13,Late,False,0.0,0.13258996605873108,0.1265021711587906,0.006087794899940491
20,941,14,Late,False,0.0,0.13258996605873108,0.1265021711587906,0.006087794899940491
20,941,15,Late,False,0.0,0.13258996605873108,0.1265021711587906,0.006087794899940491
20,941,16,Late,False,0.0,0.13258996605873108,0.1265021711587906,0.006087794899940491
20,941,17,Late,False,0.0,0.13258996605873108,0.1265021711587906,0.006087794899940491
20,941,18,Late,False,0.0,0.13258996605873108,0.1265021711587906,0.006087794899940491
20,941,19,Late,False,0.0,0.13258996605873108,0.1265021711587906,0.006087794899940491
20,859,0,Early,True,-0.19482050836086273,0.14150038361549377,0.13640591502189636,0.005094468593597412
20,859,1,Early,True,-0.3609224855899811,0.14150038361549377,0.13640591502189636,0.005094468593597412
20,859,2,Early,True,-0.21269644796848297,0.14150038361549377,0.13640591502189636,0.005094468593597412
20,859,3,Early,True,-0.1759171038866043,0.14150038361549377,0.13640591502189636,0.005094468593597412
20,859,4,Early,True,-0.05920291692018509,0.14150038361549377,0.13640591502189636,0.005094468593597412
20,859,5,Early,True,-0.07296574115753174,0.14150038361549377,0.13640591502189636,0.005094468593597412
20,859,6,Middle,True,-0.08182606846094131,0.14150038361549377,0.13640591502189636,0.005094468593597412
20,859,7,Middle,True,-0.07276009023189545,0.14150038361549377,0.13640591502189636,0.005094468593597412
20,859,8,Middle,True,-0.021819498389959335,0.14150038361549377,0.13640591502189636,0.005094468593597412
20,859,9,Middle,True,-0.056307826191186905,0.14150038361549377,0.13640591502189636,0.005094468593597412
20,859,10,Middle,True,-0.04087544605135918,0.14150038361549377,0.13640591502189636,0.005094468593597412
20,859,11,Middle,True,-0.022242585197091103,0.14150038361549377,0.13640591502189636,0.005094468593597412
20,859,12,Middle,True,-0.02540689706802368,0.14150038361549377,0.13640591502189636,0.005094468593597412
20,859,13,Late,True,-0.010289611294865608,0.14150038361549377,0.13640591502189636,0.005094468593597412
20,859,14,Late,False,0.0,0.14150038361549377,0.13640591502189636,0.005094468593597412
20,859,15,Late,False,0.0,0.14150038361549377,0.13640591502189636,0.005094468593597412
20,859,16,Late,False,0.0,0.14150038361549377,0.13640591502189636,0.005094468593597412
20,859,17,Late,False,0.0,0.14150038361549377,0.13640591502189636,0.005094468593597412
20,859,18,Late,False,0.0,0.14150038361549377,0.13640591502189636,0.005094468593597412
20,859,19,Late,False,0.0,0.14150038361549377,0.13640591502189636,0.005094468593597412
