Case,Method,PhysicalStep,Q,RemainingBudget,SelectedPatches,FrameError
250,CoarseOnly,0,0,32,[],0.07752317190170288
250,CoarseOnly,1,0,32,[],0.10908333212137222
250,CoarseOnly,2,0,32,[],0.13396112620830536
250,CoarseOnly,3,0,32,[],0.16786980628967285
250,CoarseOnly,4,0,32,[],0.29358741641044617
250,CoarseOnly,5,0,32,[],0.6353527307510376
250,CoarseOnly,6,0,32,[],0.9587995409965515
250,CoarseOnly,7,0,32,[],1.0784107446670532
250,CoarseOnly,8,0,32,[],1.0259621143341064
250,CoarseOnly,9,0,32,[],0.95293128490448
250,CoarseOnly,10,0,32,[],0.8643790483474731
250,CoarseOnly,11,0,32,[],0.8370980024337769
250,CoarseOnly,12,0,32,[],0.9288714528083801
250,CoarseOnly,13,0,32,[],0.909062385559082
250,CoarseOnly,14,0,32,[],0.9321489334106445
250,CoarseOnly,15,0,32,[],1.024984359741211
250,CoarseOnly,16,0,32,[],1.053898572921753
251,CoarseOnly,0,0,32,[],0.07753004133701324
251,CoarseOnly,1,0,32,[],0.10899525880813599
251,CoarseOnly,2,0,32,[],0.13299007713794708
251,CoarseOnly,3,0,32,[],0.1591726541519165
251,CoarseOnly,4,0,32,[],0.242196723818779
251,CoarseOnly,5,0,32,[],0.5183101892471313
251,CoarseOnly,6,0,32,[],0.8552380204200745
251,CoarseOnly,7,0,32,[],0.9967320561408997
251,CoarseOnly,8,0,32,[],0.969924807548523
251,CoarseOnly,9,0,32,[],0.9217183589935303
251,CoarseOnly,10,0,32,[],0.9148035049438477
251,CoarseOnly,11,0,32,[],0.9515736699104309
251,CoarseOnly,12,0,32,[],0.9528130292892456
251,CoarseOnly,13,0,32,[],0.9885191917419434
251,CoarseOnly,14,0,32,[],1.0998862981796265
251,CoarseOnly,15,0,32,[],1.1335618495941162
251,CoarseOnly,16,0,32,[],1.1024131774902344
252,CoarseOnly,0,0,32,[],0.07755328714847565
252,CoarseOnly,1,0,32,[],0.1094459742307663
252,CoarseOnly,2,0,32,[],0.13781268894672394
252,CoarseOnly,3,0,32,[],0.1973760575056076
252,CoarseOnly,4,0,32,[],0.4112773537635803
252,CoarseOnly,5,0,32,[],0.7624804377555847
252,CoarseOnly,6,0,32,[],0.9854061603546143
252,CoarseOnly,7,0,32,[],1.0504010915756226
252,CoarseOnly,8,0,32,[],1.0378975868225098
252,CoarseOnly,9,0,32,[],0.9907457232475281
252,CoarseOnly,10,0,32,[],1.0057350397109985
252,CoarseOnly,11,0,32,[],1.0744882822036743
252,CoarseOnly,12,0,32,[],1.086294174194336
252,CoarseOnly,13,0,32,[],1.0942256450653076
252,CoarseOnly,14,0,32,[],1.0780762434005737
252,CoarseOnly,15,0,32,[],1.0985054969787598
252,CoarseOnly,16,0,32,[],1.125885009765625
253,CoarseOnly,0,0,32,[],0.07740157842636108
253,CoarseOnly,1,0,32,[],0.10909140855073929
253,CoarseOnly,2,0,32,[],0.1355271190404892
253,CoarseOnly,3,0,32,[],0.18100406229496002
253,CoarseOnly,4,0,32,[],0.3480721116065979
253,CoarseOnly,5,0,32,[],0.6829978823661804
253,CoarseOnly,6,0,32,[],0.9395117163658142
253,CoarseOnly,7,0,32,[],1.007428765296936
253,CoarseOnly,8,0,32,[],1.023107886314392
253,CoarseOnly,9,0,32,[],1.0352505445480347
253,CoarseOnly,10,0,32,[],1.0684105157852173
253,CoarseOnly,11,0,32,[],1.113359808921814
253,CoarseOnly,12,0,32,[],1.1707912683486938
253,CoarseOnly,13,0,32,[],1.1150075197219849
253,CoarseOnly,14,0,32,[],1.0808732509613037
253,CoarseOnly,15,0,32,[],1.087803602218628
253,CoarseOnly,16,0,32,[],1.0629053115844727
254,CoarseOnly,0,0,32,[],0.07754454761743546
254,CoarseOnly,1,0,32,[],0.10991481691598892
254,CoarseOnly,2,0,32,[],0.14215399324893951
254,CoarseOnly,3,0,32,[],0.22175051271915436
254,CoarseOnly,4,0,32,[],0.4593649208545685
254,CoarseOnly,5,0,32,[],0.7591694593429565
254,CoarseOnly,6,0,32,[],0.9545857310295105
254,CoarseOnly,7,0,32,[],1.0835932493209839
254,CoarseOnly,8,0,32,[],1.1105430126190186
254,CoarseOnly,9,0,32,[],1.0994770526885986
254,CoarseOnly,10,0,32,[],1.0601407289505005
254,CoarseOnly,11,0,32,[],1.0567104816436768
254,CoarseOnly,12,0,32,[],1.0341752767562866
254,CoarseOnly,13,0,32,[],1.126794457435608
254,CoarseOnly,14,0,32,[],1.1275185346603394
254,CoarseOnly,15,0,32,[],1.0600371360778809
254,CoarseOnly,16,0,32,[],1.083148717880249
255,CoarseOnly,0,0,32,[],0.0775337815284729
255,CoarseOnly,1,0,32,[],0.10927094519138336
255,CoarseOnly,2,0,32,[],0.13589774072170258
255,CoarseOnly,3,0,32,[],0.1833239495754242
255,CoarseOnly,4,0,32,[],0.3630756735801697
255,CoarseOnly,5,0,32,[],0.7252448201179504
255,CoarseOnly,6,0,32,[],0.9837177395820618
255,CoarseOnly,7,0,32,[],1.0643171072006226
255,CoarseOnly,8,0,32,[],1.0347354412078857
255,CoarseOnly,9,0,32,[],0.9890514016151428
255,CoarseOnly,10,0,32,[],0.9226921200752258
255,CoarseOnly,11,0,32,[],0.9765770435333252
255,CoarseOnly,12,0,32,[],1.0005359649658203
255,CoarseOnly,13,0,32,[],1.1009869575500488
255,CoarseOnly,14,0,32,[],1.1234396696090698
255,CoarseOnly,15,0,32,[],1.147168517112732
255,CoarseOnly,16,0,32,[],1.1173471212387085
256,CoarseOnly,0,0,32,[],0.07753876596689224
256,CoarseOnly,1,0,32,[],0.10968980938196182
256,CoarseOnly,2,0,32,[],0.14029695093631744
256,CoarseOnly,3,0,32,[],0.2134471833705902
256,CoarseOnly,4,0,32,[],0.45138272643089294
256,CoarseOnly,5,0,32,[],0.7746737003326416
256,CoarseOnly,6,0,32,[],0.9735535979270935
256,CoarseOnly,7,0,32,[],1.0376561880111694
256,CoarseOnly,8,0,32,[],1.0547760725021362
256,CoarseOnly,9,0,32,[],1.037407398223877
256,CoarseOnly,10,0,32,[],1.1204043626785278
256,CoarseOnly,11,0,32,[],1.1397210359573364
256,CoarseOnly,12,0,32,[],1.0823769569396973
256,CoarseOnly,13,0,32,[],1.0676605701446533
256,CoarseOnly,14,0,32,[],1.0907573699951172
256,CoarseOnly,15,0,32,[],1.1052182912826538
256,CoarseOnly,16,0,32,[],1.0988892316818237
257,CoarseOnly,0,0,32,[],0.07753735035657883
257,CoarseOnly,1,0,32,[],0.10898952186107635
257,CoarseOnly,2,0,32,[],0.13290829956531525
257,CoarseOnly,3,0,32,[],0.15851600468158722
257,CoarseOnly,4,0,32,[],0.23805171251296997
257,CoarseOnly,5,0,32,[],0.5081971883773804
257,CoarseOnly,6,0,32,[],0.85125333070755
257,CoarseOnly,7,0,32,[],1.000831127166748
257,CoarseOnly,8,0,32,[],0.981674313545227
257,CoarseOnly,9,0,32,[],0.9105502963066101
257,CoarseOnly,10,0,32,[],0.8999554514884949
257,CoarseOnly,11,0,32,[],0.9299598932266235
257,CoarseOnly,12,0,32,[],0.9511505961418152
257,CoarseOnly,13,0,32,[],0.9889523983001709
257,CoarseOnly,14,0,32,[],1.079717993736267
257,CoarseOnly,15,0,32,[],1.106413722038269
257,CoarseOnly,16,0,32,[],1.072372555732727
258,CoarseOnly,0,0,32,[],0.07772039622068405
258,CoarseOnly,1,0,32,[],0.1104203388094902
258,CoarseOnly,2,0,32,[],0.14544641971588135
258,CoarseOnly,3,0,32,[],0.2404545247554779
258,CoarseOnly,4,0,32,[],0.5023936629295349
258,CoarseOnly,5,0,32,[],0.790108859539032
258,CoarseOnly,6,0,32,[],0.9713718295097351
258,CoarseOnly,7,0,32,[],1.0934306383132935
258,CoarseOnly,8,0,32,[],1.1198259592056274
258,CoarseOnly,9,0,32,[],1.1046009063720703
258,CoarseOnly,10,0,32,[],1.0871946811676025
258,CoarseOnly,11,0,32,[],1.072206974029541
258,CoarseOnly,12,0,32,[],1.0388392210006714
258,CoarseOnly,13,0,32,[],1.0785002708435059
258,CoarseOnly,14,0,32,[],1.0569450855255127
258,CoarseOnly,15,0,32,[],0.9895931482315063
258,CoarseOnly,16,0,32,[],0.9806744456291199
259,CoarseOnly,0,0,32,[],0.077554851770401
259,CoarseOnly,1,0,32,[],0.10900121182203293
259,CoarseOnly,2,0,32,[],0.13274306058883667
259,CoarseOnly,3,0,32,[],0.15678219497203827
259,CoarseOnly,4,0,32,[],0.22594843804836273
259,CoarseOnly,5,0,32,[],0.47013789415359497
259,CoarseOnly,6,0,32,[],0.8057553172111511
259,CoarseOnly,7,0,32,[],0.9574002623558044
259,CoarseOnly,8,0,32,[],0.9683173894882202
259,CoarseOnly,9,0,32,[],0.9305989146232605
259,CoarseOnly,10,0,32,[],0.9287624955177307
259,CoarseOnly,11,0,32,[],0.9627065062522888
259,CoarseOnly,12,0,32,[],0.9700443148612976
259,CoarseOnly,13,0,32,[],0.9983461499214172
259,CoarseOnly,14,0,32,[],1.0472615957260132
259,CoarseOnly,15,0,32,[],1.0279388427734375
259,CoarseOnly,16,0,32,[],0.964568018913269
260,CoarseOnly,0,0,32,[],0.07739123702049255
260,CoarseOnly,1,0,32,[],0.10897628962993622
260,CoarseOnly,2,0,32,[],0.13437937200069427
260,CoarseOnly,3,0,32,[],0.17193388938903809
260,CoarseOnly,4,0,32,[],0.30870339274406433
260,CoarseOnly,5,0,32,[],0.6251804828643799
260,CoarseOnly,6,0,32,[],0.8998881578445435
260,CoarseOnly,7,0,32,[],0.9916936755180359
260,CoarseOnly,8,0,32,[],1.0046467781066895
260,CoarseOnly,9,0,32,[],1.0136003494262695
260,CoarseOnly,10,0,32,[],1.0341424942016602
260,CoarseOnly,11,0,32,[],1.061617136001587
260,CoarseOnly,12,0,32,[],1.1429699659347534
260,CoarseOnly,13,0,32,[],1.11074697971344
260,CoarseOnly,14,0,32,[],1.0856876373291016
260,CoarseOnly,15,0,32,[],1.0471198558807373
260,CoarseOnly,16,0,32,[],1.0237733125686646
261,CoarseOnly,0,0,32,[],0.07803158462047577
261,CoarseOnly,1,0,32,[],0.11087420582771301
261,CoarseOnly,2,0,32,[],0.1459236443042755
261,CoarseOnly,3,0,32,[],0.23692920804023743
261,CoarseOnly,4,0,32,[],0.4837106764316559
261,CoarseOnly,5,0,32,[],0.763731837272644
261,CoarseOnly,6,0,32,[],0.9604187607765198
261,CoarseOnly,7,0,32,[],1.1133806705474854
261,CoarseOnly,8,0,32,[],1.1342580318450928
261,CoarseOnly,9,0,32,[],1.0906792879104614
261,CoarseOnly,10,0,32,[],1.0622950792312622
261,CoarseOnly,11,0,32,[],1.082768201828003
261,CoarseOnly,12,0,32,[],1.0210144519805908
261,CoarseOnly,13,0,32,[],1.0973182916641235
261,CoarseOnly,14,0,32,[],1.162894368171692
261,CoarseOnly,15,0,32,[],1.1070246696472168
261,CoarseOnly,16,0,32,[],1.08867347240448
262,CoarseOnly,0,0,32,[],0.07743950933218002
262,CoarseOnly,1,0,32,[],0.1095341220498085
262,CoarseOnly,2,0,32,[],0.13961337506771088
262,CoarseOnly,3,0,32,[],0.2083945870399475
262,CoarseOnly,4,0,32,[],0.4311509430408478
262,CoarseOnly,5,0,32,[],0.7466154098510742
262,CoarseOnly,6,0,32,[],0.9526504874229431
262,CoarseOnly,7,0,32,[],1.0505614280700684
262,CoarseOnly,8,0,32,[],1.0876400470733643
262,CoarseOnly,9,0,32,[],1.0870370864868164
262,CoarseOnly,10,0,32,[],1.0748411417007446
262,CoarseOnly,11,0,32,[],1.1025267839431763
262,CoarseOnly,12,0,32,[],1.082741618156433
262,CoarseOnly,13,0,32,[],1.090460181236267
262,CoarseOnly,14,0,32,[],1.0956079959869385
262,CoarseOnly,15,0,32,[],1.103731393814087
262,CoarseOnly,16,0,32,[],1.0958400964736938
263,CoarseOnly,0,0,32,[],0.07739906758069992
263,CoarseOnly,1,0,32,[],0.10939133912324905
263,CoarseOnly,2,0,32,[],0.1385161578655243
263,CoarseOnly,3,0,32,[],0.2010064274072647
263,CoarseOnly,4,0,32,[],0.40904664993286133
263,CoarseOnly,5,0,32,[],0.7258621454238892
263,CoarseOnly,6,0,32,[],0.9430035948753357
263,CoarseOnly,7,0,32,[],1.05295991897583
263,CoarseOnly,8,0,32,[],1.0895309448242188
263,CoarseOnly,9,0,32,[],1.0879055261611938
263,CoarseOnly,10,0,32,[],1.0679917335510254
263,CoarseOnly,11,0,32,[],1.1100717782974243
263,CoarseOnly,12,0,32,[],1.1042695045471191
263,CoarseOnly,13,0,32,[],1.1450539827346802
263,CoarseOnly,14,0,32,[],1.1266303062438965
263,CoarseOnly,15,0,32,[],1.086361050605774
263,CoarseOnly,16,0,32,[],1.080213189125061
264,CoarseOnly,0,0,32,[],0.07741512358188629
264,CoarseOnly,1,0,32,[],0.10889484733343124
264,CoarseOnly,2,0,32,[],0.13320395350456238
264,CoarseOnly,3,0,32,[],0.16197462379932404
264,CoarseOnly,4,0,32,[],0.2574130892753601
264,CoarseOnly,5,0,32,[],0.5309409499168396
264,CoarseOnly,6,0,32,[],0.8239318132400513
264,CoarseOnly,7,0,32,[],0.9594010710716248
264,CoarseOnly,8,0,32,[],0.9674400091171265
264,CoarseOnly,9,0,32,[],0.9718483090400696
264,CoarseOnly,10,0,32,[],0.9836530685424805
264,CoarseOnly,11,0,32,[],1.006592869758606
264,CoarseOnly,12,0,32,[],1.0946788787841797
264,CoarseOnly,13,0,32,[],1.0788472890853882
264,CoarseOnly,14,0,32,[],1.0636026859283447
264,CoarseOnly,15,0,32,[],1.0652587413787842
264,CoarseOnly,16,0,32,[],1.0426982641220093
265,CoarseOnly,0,0,32,[],0.07747720927000046
265,CoarseOnly,1,0,32,[],0.10963426530361176
265,CoarseOnly,2,0,32,[],0.13991816341876984
265,CoarseOnly,3,0,32,[],0.20687294006347656
265,CoarseOnly,4,0,32,[],0.4173735976219177
265,CoarseOnly,5,0,32,[],0.7163213491439819
265,CoarseOnly,6,0,32,[],0.929646372795105
265,CoarseOnly,7,0,32,[],1.077256441116333
265,CoarseOnly,8,0,32,[],1.1114784479141235
265,CoarseOnly,9,0,32,[],1.0928605794906616
265,CoarseOnly,10,0,32,[],1.06057870388031
265,CoarseOnly,11,0,32,[],1.0753854513168335
265,CoarseOnly,12,0,32,[],1.0383455753326416
265,CoarseOnly,13,0,32,[],1.1429219245910645
265,CoarseOnly,14,0,32,[],1.1848769187927246
265,CoarseOnly,15,0,32,[],1.1038755178451538
265,CoarseOnly,16,0,32,[],1.0947295427322388
266,CoarseOnly,0,0,32,[],0.07745138555765152
266,CoarseOnly,1,0,32,[],0.10894379019737244
266,CoarseOnly,2,0,32,[],0.13333585858345032
266,CoarseOnly,3,0,32,[],0.1631176918745041
266,CoarseOnly,4,0,32,[],0.2650124728679657
266,CoarseOnly,5,0,32,[],0.5556833148002625
266,CoarseOnly,6,0,32,[],0.8575342297554016
266,CoarseOnly,7,0,32,[],0.9804102182388306
266,CoarseOnly,8,0,32,[],0.9519198536872864
266,CoarseOnly,9,0,32,[],0.9667359590530396
266,CoarseOnly,10,0,32,[],0.9756604433059692
266,CoarseOnly,11,0,32,[],1.005260705947876
266,CoarseOnly,12,0,32,[],1.075486421585083
266,CoarseOnly,13,0,32,[],1.003208041191101
266,CoarseOnly,14,0,32,[],0.9879435896873474
266,CoarseOnly,15,0,32,[],1.0289756059646606
266,CoarseOnly,16,0,32,[],1.0335720777511597
267,CoarseOnly,0,0,32,[],0.07746633887290955
267,CoarseOnly,1,0,32,[],0.10898962616920471
267,CoarseOnly,2,0,32,[],0.13356201350688934
267,CoarseOnly,3,0,32,[],0.16470393538475037
267,CoarseOnly,4,0,32,[],0.2746453285217285
267,CoarseOnly,5,0,32,[],0.5830053091049194
267,CoarseOnly,6,0,32,[],0.8889704346656799
267,CoarseOnly,7,0,32,[],0.9973471164703369
267,CoarseOnly,8,0,32,[],0.9484328627586365
267,CoarseOnly,9,0,32,[],0.9646996855735779
267,CoarseOnly,10,0,32,[],0.9690826535224915
267,CoarseOnly,11,0,32,[],0.9796422719955444
267,CoarseOnly,12,0,32,[],1.015883445739746
267,CoarseOnly,13,0,32,[],0.9411487579345703
267,CoarseOnly,14,0,32,[],0.9186164736747742
267,CoarseOnly,15,0,32,[],0.9493564367294312
267,CoarseOnly,16,0,32,[],0.9229485392570496
268,CoarseOnly,0,0,32,[],0.0772930160164833
268,CoarseOnly,1,0,32,[],0.10897406190633774
268,CoarseOnly,2,0,32,[],0.1354682445526123
268,CoarseOnly,3,0,32,[],0.1796826869249344
268,CoarseOnly,4,0,32,[],0.3353562355041504
268,CoarseOnly,5,0,32,[],0.6391787528991699
268,CoarseOnly,6,0,32,[],0.8858716487884521
268,CoarseOnly,7,0,32,[],1.0110759735107422
268,CoarseOnly,8,0,32,[],1.0694799423217773
268,CoarseOnly,9,0,32,[],1.060809850692749
268,CoarseOnly,10,0,32,[],1.0542412996292114
268,CoarseOnly,11,0,32,[],1.100571870803833
268,CoarseOnly,12,0,32,[],1.1178489923477173
268,CoarseOnly,13,0,32,[],1.1534806489944458
268,CoarseOnly,14,0,32,[],1.1386264562606812
268,CoarseOnly,15,0,32,[],1.1212273836135864
268,CoarseOnly,16,0,32,[],1.0643254518508911
269,CoarseOnly,0,0,32,[],0.07748665660619736
269,CoarseOnly,1,0,32,[],0.10912621021270752
269,CoarseOnly,2,0,32,[],0.13500621914863586
269,CoarseOnly,3,0,32,[],0.17673076689243317
269,CoarseOnly,4,0,32,[],0.33476611971855164
269,CoarseOnly,5,0,32,[],0.6894594430923462
269,CoarseOnly,6,0,32,[],0.970303475856781
269,CoarseOnly,7,0,32,[],1.0545849800109863
269,CoarseOnly,8,0,32,[],1.013822317123413
269,CoarseOnly,9,0,32,[],0.9576626420021057
269,CoarseOnly,10,0,32,[],0.8822212815284729
269,CoarseOnly,11,0,32,[],0.9466406106948853
269,CoarseOnly,12,0,32,[],1.0237843990325928
269,CoarseOnly,13,0,32,[],1.0499773025512695
269,CoarseOnly,14,0,32,[],1.0392322540283203
269,CoarseOnly,15,0,32,[],1.0739647150039673
269,CoarseOnly,16,0,32,[],1.0466923713684082
270,CoarseOnly,0,0,32,[],0.07733946293592453
270,CoarseOnly,1,0,32,[],0.10923143476247787
270,CoarseOnly,2,0,32,[],0.13745105266571045
270,CoarseOnly,3,0,32,[],0.19281898438930511
270,CoarseOnly,4,0,32,[],0.37960851192474365
270,CoarseOnly,5,0,32,[],0.6865289211273193
270,CoarseOnly,6,0,32,[],0.9140661358833313
270,CoarseOnly,7,0,32,[],1.048781156539917
270,CoarseOnly,8,0,32,[],1.0947728157043457
270,CoarseOnly,9,0,32,[],1.0853463411331177
270,CoarseOnly,10,0,32,[],1.0621734857559204
270,CoarseOnly,11,0,32,[],1.0951329469680786
270,CoarseOnly,12,0,32,[],1.0728434324264526
270,CoarseOnly,13,0,32,[],1.1465399265289307
270,CoarseOnly,14,0,32,[],1.1661304235458374
270,CoarseOnly,15,0,32,[],1.1059887409210205
270,CoarseOnly,16,0,32,[],1.0553126335144043
271,CoarseOnly,0,0,32,[],0.07748588174581528
271,CoarseOnly,1,0,32,[],0.10901188850402832
271,CoarseOnly,2,0,32,[],0.13358864188194275
271,CoarseOnly,3,0,32,[],0.16479919850826263
271,CoarseOnly,4,0,32,[],0.2757636308670044
271,CoarseOnly,5,0,32,[],0.5925391316413879
271,CoarseOnly,6,0,32,[],0.909118115901947
271,CoarseOnly,7,0,32,[],1.0179603099822998
271,CoarseOnly,8,0,32,[],0.9664706587791443
271,CoarseOnly,9,0,32,[],0.9496102333068848
271,CoarseOnly,10,0,32,[],0.8972000479698181
271,CoarseOnly,11,0,32,[],0.8842712640762329
271,CoarseOnly,12,0,32,[],0.8876204490661621
271,CoarseOnly,13,0,32,[],0.8639519810676575
271,CoarseOnly,14,0,32,[],0.9573482275009155
271,CoarseOnly,15,0,32,[],1.0329904556274414
271,CoarseOnly,16,0,32,[],0.9978882074356079
272,CoarseOnly,0,0,32,[],0.07762632519006729
272,CoarseOnly,1,0,32,[],0.11008117347955704
272,CoarseOnly,2,0,32,[],0.14339566230773926
272,CoarseOnly,3,0,32,[],0.2312285155057907
272,CoarseOnly,4,0,32,[],0.489911824464798
272,CoarseOnly,5,0,32,[],0.7901768684387207
272,CoarseOnly,6,0,32,[],0.9693716764450073
272,CoarseOnly,7,0,32,[],1.0586379766464233
272,CoarseOnly,8,0,32,[],1.0789358615875244
272,CoarseOnly,9,0,32,[],1.0799680948257446
272,CoarseOnly,10,0,32,[],1.131753921508789
272,CoarseOnly,11,0,32,[],1.1344690322875977
272,CoarseOnly,12,0,32,[],1.1065880060195923
272,CoarseOnly,13,0,32,[],1.0767048597335815
272,CoarseOnly,14,0,32,[],1.1581281423568726
272,CoarseOnly,15,0,32,[],1.2121031284332275
272,CoarseOnly,16,0,32,[],1.213733196258545
273,CoarseOnly,0,0,32,[],0.07736677676439285
273,CoarseOnly,1,0,32,[],0.10880041867494583
273,CoarseOnly,2,0,32,[],0.13281917572021484
273,CoarseOnly,3,0,32,[],0.15902550518512726
273,CoarseOnly,4,0,32,[],0.23927313089370728
273,CoarseOnly,5,0,32,[],0.4833911657333374
273,CoarseOnly,6,0,32,[],0.7742636203765869
273,CoarseOnly,7,0,32,[],0.9330883622169495
273,CoarseOnly,8,0,32,[],0.9836047887802124
273,CoarseOnly,9,0,32,[],0.980050802230835
273,CoarseOnly,10,0,32,[],0.9734827876091003
273,CoarseOnly,11,0,32,[],1.0310876369476318
273,CoarseOnly,12,0,32,[],1.1076314449310303
273,CoarseOnly,13,0,32,[],1.1090574264526367
273,CoarseOnly,14,0,32,[],1.0575108528137207
273,CoarseOnly,15,0,32,[],1.0586382150650024
273,CoarseOnly,16,0,32,[],1.0416115522384644
274,CoarseOnly,0,0,32,[],0.07751662284135818
274,CoarseOnly,1,0,32,[],0.10899680852890015
274,CoarseOnly,2,0,32,[],0.13316871225833893
274,CoarseOnly,3,0,32,[],0.16101574897766113
274,CoarseOnly,4,0,32,[],0.25385352969169617
274,CoarseOnly,5,0,32,[],0.5476533770561218
274,CoarseOnly,6,0,32,[],0.8820760846138
274,CoarseOnly,7,0,32,[],1.0132261514663696
274,CoarseOnly,8,0,32,[],0.9713969826698303
274,CoarseOnly,9,0,32,[],0.9322041273117065
274,CoarseOnly,10,0,32,[],0.896273136138916
274,CoarseOnly,11,0,32,[],0.9136468172073364
274,CoarseOnly,12,0,32,[],0.915436863899231
274,CoarseOnly,13,0,32,[],0.9275995492935181
274,CoarseOnly,14,0,32,[],1.0731418132781982
274,CoarseOnly,15,0,32,[],1.1427271366119385
274,CoarseOnly,16,0,32,[],1.117357850074768
275,CoarseOnly,0,0,32,[],0.07752619683742523
275,CoarseOnly,1,0,32,[],0.10906711220741272
275,CoarseOnly,2,0,32,[],0.13382486999034882
275,CoarseOnly,3,0,32,[],0.16673699021339417
275,CoarseOnly,4,0,32,[],0.2878265678882599
275,CoarseOnly,5,0,32,[],0.6261400580406189
275,CoarseOnly,6,0,32,[],0.9553916454315186
275,CoarseOnly,7,0,32,[],1.0793027877807617
275,CoarseOnly,8,0,32,[],1.0266757011413574
275,CoarseOnly,9,0,32,[],0.9496521949768066
275,CoarseOnly,10,0,32,[],0.8656789660453796
275,CoarseOnly,11,0,32,[],0.8217662572860718
275,CoarseOnly,12,0,32,[],0.8888854384422302
275,CoarseOnly,13,0,32,[],0.8628395795822144
275,CoarseOnly,14,0,32,[],0.8977047801017761
275,CoarseOnly,15,0,32,[],0.9786081314086914
275,CoarseOnly,16,0,32,[],1.0118017196655273
276,CoarseOnly,0,0,32,[],0.07783915847539902
276,CoarseOnly,1,0,32,[],0.1107187569141388
276,CoarseOnly,2,0,32,[],0.14690324664115906
276,CoarseOnly,3,0,32,[],0.24640600383281708
276,CoarseOnly,4,0,32,[],0.5107863545417786
276,CoarseOnly,5,0,32,[],0.7919308543205261
276,CoarseOnly,6,0,32,[],0.9734589457511902
276,CoarseOnly,7,0,32,[],1.1067876815795898
276,CoarseOnly,8,0,32,[],1.131525993347168
276,CoarseOnly,9,0,32,[],1.1032650470733643
276,CoarseOnly,10,0,32,[],1.07194983959198
276,CoarseOnly,11,0,32,[],1.05808424949646
276,CoarseOnly,12,0,32,[],1.0334933996200562
276,CoarseOnly,13,0,32,[],1.111060619354248
276,CoarseOnly,14,0,32,[],1.0889302492141724
276,CoarseOnly,15,0,32,[],1.0203744173049927
276,CoarseOnly,16,0,32,[],1.0388141870498657
277,CoarseOnly,0,0,32,[],0.07741955667734146
277,CoarseOnly,1,0,32,[],0.10908147692680359
277,CoarseOnly,2,0,32,[],0.13516490161418915
277,CoarseOnly,3,0,32,[],0.17821304500102997
277,CoarseOnly,4,0,32,[],0.3378542363643646
277,CoarseOnly,5,0,32,[],0.6755572557449341
277,CoarseOnly,6,0,32,[],0.941347599029541
277,CoarseOnly,7,0,32,[],1.0096051692962646
277,CoarseOnly,8,0,32,[],1.0113325119018555
277,CoarseOnly,9,0,32,[],1.0178823471069336
277,CoarseOnly,10,0,32,[],1.0409698486328125
277,CoarseOnly,11,0,32,[],1.0766578912734985
277,CoarseOnly,12,0,32,[],1.1806493997573853
277,CoarseOnly,13,0,32,[],1.0861485004425049
277,CoarseOnly,14,0,32,[],1.0318902730941772
277,CoarseOnly,15,0,32,[],1.0736212730407715
277,CoarseOnly,16,0,32,[],1.0578900575637817
278,CoarseOnly,0,0,32,[],0.07752139866352081
278,CoarseOnly,1,0,32,[],0.10976018756628036
278,CoarseOnly,2,0,32,[],0.140529602766037
278,CoarseOnly,3,0,32,[],0.2100682407617569
278,CoarseOnly,4,0,32,[],0.42541590332984924
278,CoarseOnly,5,0,32,[],0.7232875227928162
278,CoarseOnly,6,0,32,[],0.935019314289093
278,CoarseOnly,7,0,32,[],1.0824096202850342
278,CoarseOnly,8,0,32,[],1.115275502204895
278,CoarseOnly,9,0,32,[],1.0941071510314941
278,CoarseOnly,10,0,32,[],1.0641226768493652
278,CoarseOnly,11,0,32,[],1.0787380933761597
278,CoarseOnly,12,0,32,[],1.036747932434082
278,CoarseOnly,13,0,32,[],1.1363039016723633
278,CoarseOnly,14,0,32,[],1.1852178573608398
278,CoarseOnly,15,0,32,[],1.1013894081115723
278,CoarseOnly,16,0,32,[],1.101067066192627
279,CoarseOnly,0,0,32,[],0.07754132896661758
279,CoarseOnly,1,0,32,[],0.10898315906524658
279,CoarseOnly,2,0,32,[],0.13276486098766327
279,CoarseOnly,3,0,32,[],0.15732432901859283
279,CoarseOnly,4,0,32,[],0.22968721389770508
279,CoarseOnly,5,0,32,[],0.4773407280445099
279,CoarseOnly,6,0,32,[],0.796478271484375
279,CoarseOnly,7,0,32,[],0.9463742971420288
279,CoarseOnly,8,0,32,[],0.9526878595352173
279,CoarseOnly,9,0,32,[],0.9422985315322876
279,CoarseOnly,10,0,32,[],0.9400516748428345
279,CoarseOnly,11,0,32,[],1.0056180953979492
279,CoarseOnly,12,0,32,[],1.008725643157959
279,CoarseOnly,13,0,32,[],1.0021734237670898
279,CoarseOnly,14,0,32,[],1.0542329549789429
279,CoarseOnly,15,0,32,[],1.0615555047988892
279,CoarseOnly,16,0,32,[],1.0341213941574097
280,CoarseOnly,0,0,32,[],0.07735220342874527
280,CoarseOnly,1,0,32,[],0.10891012847423553
280,CoarseOnly,2,0,32,[],0.13419115543365479
280,CoarseOnly,3,0,32,[],0.17051848769187927
280,CoarseOnly,4,0,32,[],0.30076420307159424
280,CoarseOnly,5,0,32,[],0.6061527729034424
280,CoarseOnly,6,0,32,[],0.8770867586135864
280,CoarseOnly,7,0,32,[],0.9817085266113281
280,CoarseOnly,8,0,32,[],1.0123536586761475
280,CoarseOnly,9,0,32,[],1.0154191255569458
280,CoarseOnly,10,0,32,[],1.0295708179473877
280,CoarseOnly,11,0,32,[],1.066293478012085
280,CoarseOnly,12,0,32,[],1.126975417137146
280,CoarseOnly,13,0,32,[],1.1473332643508911
280,CoarseOnly,14,0,32,[],1.1183841228485107
280,CoarseOnly,15,0,32,[],1.065980315208435
280,CoarseOnly,16,0,32,[],1.0212345123291016
281,CoarseOnly,0,0,32,[],0.0775192379951477
281,CoarseOnly,1,0,32,[],0.10963351279497147
281,CoarseOnly,2,0,32,[],0.13998351991176605
281,CoarseOnly,3,0,32,[],0.21155576407909393
281,CoarseOnly,4,0,32,[],0.44630110263824463
281,CoarseOnly,5,0,32,[],0.7706893682479858
281,CoarseOnly,6,0,32,[],0.9718458652496338
281,CoarseOnly,7,0,32,[],1.035143256187439
281,CoarseOnly,8,0,32,[],1.0529605150222778
281,CoarseOnly,9,0,32,[],1.0415375232696533
281,CoarseOnly,10,0,32,[],1.131628155708313
281,CoarseOnly,11,0,32,[],1.1512207984924316
281,CoarseOnly,12,0,32,[],1.0927350521087646
281,CoarseOnly,13,0,32,[],1.076165795326233
281,CoarseOnly,14,0,32,[],1.1121047735214233
281,CoarseOnly,15,0,32,[],1.1519362926483154
281,CoarseOnly,16,0,32,[],1.114020586013794
282,CoarseOnly,0,0,32,[],0.07754980772733688
282,CoarseOnly,1,0,32,[],0.1090010330080986
282,CoarseOnly,2,0,32,[],0.1328064501285553
282,CoarseOnly,3,0,32,[],0.15741033852100372
282,CoarseOnly,4,0,32,[],0.23041120171546936
282,CoarseOnly,5,0,32,[],0.48404091596603394
282,CoarseOnly,6,0,32,[],0.8209314346313477
282,CoarseOnly,7,0,32,[],0.9726388454437256
282,CoarseOnly,8,0,32,[],0.9702743887901306
282,CoarseOnly,9,0,32,[],0.9210723042488098
282,CoarseOnly,10,0,32,[],0.9152228832244873
282,CoarseOnly,11,0,32,[],0.9534348845481873
282,CoarseOnly,12,0,32,[],0.9650607705116272
282,CoarseOnly,13,0,32,[],0.994583249092102
282,CoarseOnly,14,0,32,[],1.0584295988082886
282,CoarseOnly,15,0,32,[],1.058012843132019
282,CoarseOnly,16,0,32,[],0.9997290968894958
283,CoarseOnly,0,0,32,[],0.07778335362672806
283,CoarseOnly,1,0,32,[],0.11055351793766022
283,CoarseOnly,2,0,32,[],0.14595288038253784
283,CoarseOnly,3,0,32,[],0.24168623983860016
283,CoarseOnly,4,0,32,[],0.5019962787628174
283,CoarseOnly,5,0,32,[],0.7887924909591675
283,CoarseOnly,6,0,32,[],0.975914478302002
283,CoarseOnly,7,0,32,[],1.1109799146652222
283,CoarseOnly,8,0,32,[],1.1340123414993286
283,CoarseOnly,9,0,32,[],1.1031895875930786
283,CoarseOnly,10,0,32,[],1.069117784500122
283,CoarseOnly,11,0,32,[],1.0590084791183472
283,CoarseOnly,12,0,32,[],1.0253559350967407
283,CoarseOnly,13,0,32,[],1.0889089107513428
283,CoarseOnly,14,0,32,[],1.075413703918457
283,CoarseOnly,15,0,32,[],1.0073511600494385
283,CoarseOnly,16,0,32,[],1.0204250812530518
284,CoarseOnly,0,0,32,[],0.07784786075353622
284,CoarseOnly,1,0,32,[],0.11049918830394745
284,CoarseOnly,2,0,32,[],0.14433008432388306
284,CoarseOnly,3,0,32,[],0.22954578697681427
284,CoarseOnly,4,0,32,[],0.4688842296600342
284,CoarseOnly,5,0,32,[],0.7531636357307434
284,CoarseOnly,6,0,32,[],0.9517512917518616
284,CoarseOnly,7,0,32,[],1.1040704250335693
284,CoarseOnly,8,0,32,[],1.1251782178878784
284,CoarseOnly,9,0,32,[],1.0895414352416992
284,CoarseOnly,10,0,32,[],1.0605684518814087
284,CoarseOnly,11,0,32,[],1.0769230127334595
284,CoarseOnly,12,0,32,[],1.0210851430892944
284,CoarseOnly,13,0,32,[],1.1145923137664795
284,CoarseOnly,14,0,32,[],1.1741032600402832
284,CoarseOnly,15,0,32,[],1.1041101217269897
284,CoarseOnly,16,0,32,[],1.0898762941360474
285,CoarseOnly,0,0,32,[],0.07754451036453247
285,CoarseOnly,1,0,32,[],0.10964813083410263
285,CoarseOnly,2,0,32,[],0.13982021808624268
285,CoarseOnly,3,0,32,[],0.21059063076972961
285,CoarseOnly,4,0,32,[],0.4456609785556793
285,CoarseOnly,5,0,32,[],0.7746249437332153
285,CoarseOnly,6,0,32,[],0.9760248064994812
285,CoarseOnly,7,0,32,[],1.0366308689117432
285,CoarseOnly,8,0,32,[],1.0441019535064697
285,CoarseOnly,9,0,32,[],1.0170624256134033
285,CoarseOnly,10,0,32,[],1.0716935396194458
285,CoarseOnly,11,0,32,[],1.1214321851730347
285,CoarseOnly,12,0,32,[],1.0861554145812988
285,CoarseOnly,13,0,32,[],1.047308325767517
285,CoarseOnly,14,0,32,[],1.0184588432312012
285,CoarseOnly,15,0,32,[],1.0160319805145264
285,CoarseOnly,16,0,32,[],1.0064160823822021
286,CoarseOnly,0,0,32,[],0.07757068425416946
286,CoarseOnly,1,0,32,[],0.10999856889247894
286,CoarseOnly,2,0,32,[],0.1429000347852707
286,CoarseOnly,3,0,32,[],0.22697843611240387
286,CoarseOnly,4,0,32,[],0.4739038348197937
286,CoarseOnly,5,0,32,[],0.7725901007652283
286,CoarseOnly,6,0,32,[],0.9619670510292053
286,CoarseOnly,7,0,32,[],1.0794068574905396
286,CoarseOnly,8,0,32,[],1.1101576089859009
286,CoarseOnly,9,0,32,[],1.0994938611984253
286,CoarseOnly,10,0,32,[],1.068610429763794
286,CoarseOnly,11,0,32,[],1.0568811893463135
286,CoarseOnly,12,0,32,[],1.033569097518921
286,CoarseOnly,13,0,32,[],1.0729891061782837
286,CoarseOnly,14,0,32,[],1.0732702016830444
286,CoarseOnly,15,0,32,[],1.0573292970657349
286,CoarseOnly,16,0,32,[],1.0748432874679565
287,CoarseOnly,0,0,32,[],0.07735741138458252
287,CoarseOnly,1,0,32,[],0.10911218076944351
287,CoarseOnly,2,0,32,[],0.1361851543188095
287,CoarseOnly,3,0,32,[],0.18564864993095398
287,CoarseOnly,4,0,32,[],0.3616280257701874
287,CoarseOnly,5,0,32,[],0.6836552619934082
287,CoarseOnly,6,0,32,[],0.9246484041213989
287,CoarseOnly,7,0,32,[],1.0177029371261597
287,CoarseOnly,8,0,32,[],1.0569405555725098
287,CoarseOnly,9,0,32,[],1.0640548467636108
287,CoarseOnly,10,0,32,[],1.0634762048721313
287,CoarseOnly,11,0,32,[],1.1302903890609741
287,CoarseOnly,12,0,32,[],1.1325973272323608
287,CoarseOnly,13,0,32,[],1.1471368074417114
287,CoarseOnly,14,0,32,[],1.1216959953308105
287,CoarseOnly,15,0,32,[],1.0782389640808105
287,CoarseOnly,16,0,32,[],1.0394970178604126
288,CoarseOnly,0,0,32,[],0.0774141252040863
288,CoarseOnly,1,0,32,[],0.10937005281448364
288,CoarseOnly,2,0,32,[],0.13819576799869537
288,CoarseOnly,3,0,32,[],0.19958648085594177
288,CoarseOnly,4,0,32,[],0.4087376296520233
288,CoarseOnly,5,0,32,[],0.7357034087181091
288,CoarseOnly,6,0,32,[],0.9558131694793701
288,CoarseOnly,7,0,32,[],1.034475326538086
288,CoarseOnly,8,0,32,[],1.0712679624557495
288,CoarseOnly,9,0,32,[],1.0738548040390015
288,CoarseOnly,10,0,32,[],1.0907436609268188
288,CoarseOnly,11,0,32,[],1.1480293273925781
288,CoarseOnly,12,0,32,[],1.1151975393295288
288,CoarseOnly,13,0,32,[],1.0957471132278442
288,CoarseOnly,14,0,32,[],1.107836365699768
288,CoarseOnly,15,0,32,[],1.1160180568695068
288,CoarseOnly,16,0,32,[],1.0888985395431519
289,CoarseOnly,0,0,32,[],0.07736977189779282
289,CoarseOnly,1,0,32,[],0.10933777689933777
289,CoarseOnly,2,0,32,[],0.13814930617809296
289,CoarseOnly,3,0,32,[],0.1970590054988861
289,CoarseOnly,4,0,32,[],0.3920454978942871
289,CoarseOnly,5,0,32,[],0.6980734467506409
289,CoarseOnly,6,0,32,[],0.9208313822746277
289,CoarseOnly,7,0,32,[],1.0568526983261108
289,CoarseOnly,8,0,32,[],1.0984134674072266
289,CoarseOnly,9,0,32,[],1.0909472703933716
289,CoarseOnly,10,0,32,[],1.0590769052505493
289,CoarseOnly,11,0,32,[],1.0814532041549683
289,CoarseOnly,12,0,32,[],1.0614126920700073
289,CoarseOnly,13,0,32,[],1.1547355651855469
289,CoarseOnly,14,0,32,[],1.1735631227493286
289,CoarseOnly,15,0,32,[],1.0907950401306152
289,CoarseOnly,16,0,32,[],1.0653648376464844
290,CoarseOnly,0,0,32,[],0.07746275514364243
290,CoarseOnly,1,0,32,[],0.10904620587825775
290,CoarseOnly,2,0,32,[],0.13435563445091248
290,CoarseOnly,3,0,32,[],0.1715097874403
290,CoarseOnly,4,0,32,[],0.3094385266304016
290,CoarseOnly,5,0,32,[],0.6443953514099121
290,CoarseOnly,6,0,32,[],0.9344276785850525
290,CoarseOnly,7,0,32,[],1.0216394662857056
290,CoarseOnly,8,0,32,[],0.9935322999954224
290,CoarseOnly,9,0,32,[],0.989657998085022
290,CoarseOnly,10,0,32,[],0.9627642035484314
290,CoarseOnly,11,0,32,[],0.9712559580802917
290,CoarseOnly,12,0,32,[],1.0784615278244019
290,CoarseOnly,13,0,32,[],1.004763126373291
290,CoarseOnly,14,0,32,[],0.9665923118591309
290,CoarseOnly,15,0,32,[],0.9765780568122864
290,CoarseOnly,16,0,32,[],0.9611107110977173
291,CoarseOnly,0,0,32,[],0.07750094681978226
291,CoarseOnly,1,0,32,[],0.10892386734485626
291,CoarseOnly,2,0,32,[],0.13256941735744476
291,CoarseOnly,3,0,32,[],0.15595170855522156
291,CoarseOnly,4,0,32,[],0.2197740375995636
291,CoarseOnly,5,0,32,[],0.43690595030784607
291,CoarseOnly,6,0,32,[],0.7262552380561829
291,CoarseOnly,7,0,32,[],0.8889937996864319
291,CoarseOnly,8,0,32,[],0.9361786246299744
291,CoarseOnly,9,0,32,[],0.942825198173523
291,CoarseOnly,10,0,32,[],0.9320184588432312
291,CoarseOnly,11,0,32,[],1.0334447622299194
291,CoarseOnly,12,0,32,[],1.043290376663208
291,CoarseOnly,13,0,32,[],1.0085312128067017
291,CoarseOnly,14,0,32,[],0.9353156685829163
291,CoarseOnly,15,0,32,[],0.9803853034973145
291,CoarseOnly,16,0,32,[],0.99787837266922
292,CoarseOnly,0,0,32,[],0.07796404510736465
292,CoarseOnly,1,0,32,[],0.11082857102155685
292,CoarseOnly,2,0,32,[],0.14640094339847565
292,CoarseOnly,3,0,32,[],0.24091634154319763
292,CoarseOnly,4,0,32,[],0.49409621953964233
292,CoarseOnly,5,0,32,[],0.773859441280365
292,CoarseOnly,6,0,32,[],0.964609682559967
292,CoarseOnly,7,0,32,[],1.112436056137085
292,CoarseOnly,8,0,32,[],1.1304295063018799
292,CoarseOnly,9,0,32,[],1.0956263542175293
292,CoarseOnly,10,0,32,[],1.0527489185333252
292,CoarseOnly,11,0,32,[],1.0558269023895264
292,CoarseOnly,12,0,32,[],1.0160191059112549
292,CoarseOnly,13,0,32,[],1.1165013313293457
292,CoarseOnly,14,0,32,[],1.1631375551223755
292,CoarseOnly,15,0,32,[],1.0990724563598633
292,CoarseOnly,16,0,32,[],1.1056530475616455
293,CoarseOnly,0,0,32,[],0.07769350707530975
293,CoarseOnly,1,0,32,[],0.1103585958480835
293,CoarseOnly,2,0,32,[],0.14526216685771942
293,CoarseOnly,3,0,32,[],0.24012525379657745
293,CoarseOnly,4,0,32,[],0.5039795637130737
293,CoarseOnly,5,0,32,[],0.7943413853645325
293,CoarseOnly,6,0,32,[],0.9738413691520691
293,CoarseOnly,7,0,32,[],1.0868996381759644
293,CoarseOnly,8,0,32,[],1.1109700202941895
293,CoarseOnly,9,0,32,[],1.1050293445587158
293,CoarseOnly,10,0,32,[],1.097953200340271
293,CoarseOnly,11,0,32,[],1.0817914009094238
293,CoarseOnly,12,0,32,[],1.0458050966262817
293,CoarseOnly,13,0,32,[],1.063358187675476
293,CoarseOnly,14,0,32,[],1.0715408325195312
293,CoarseOnly,15,0,32,[],1.0291821956634521
293,CoarseOnly,16,0,32,[],1.045019268989563
294,CoarseOnly,0,0,32,[],0.07756714522838593
294,CoarseOnly,1,0,32,[],0.10979809612035751
294,CoarseOnly,2,0,32,[],0.14120352268218994
294,CoarseOnly,3,0,32,[],0.21890884637832642
294,CoarseOnly,4,0,32,[],0.46423280239105225
294,CoarseOnly,5,0,32,[],0.7786393165588379
294,CoarseOnly,6,0,32,[],0.9667529463768005
294,CoarseOnly,7,0,32,[],1.037793517112732
294,CoarseOnly,8,0,32,[],1.0569899082183838
294,CoarseOnly,9,0,32,[],1.0396225452423096
294,CoarseOnly,10,0,32,[],1.1100882291793823
294,CoarseOnly,11,0,32,[],1.1480801105499268
294,CoarseOnly,12,0,32,[],1.1218738555908203
294,CoarseOnly,13,0,32,[],1.0862592458724976
294,CoarseOnly,14,0,32,[],1.1107600927352905
294,CoarseOnly,15,0,32,[],1.1838809251785278
294,CoarseOnly,16,0,32,[],1.1538174152374268
295,CoarseOnly,0,0,32,[],0.07743062824010849
295,CoarseOnly,1,0,32,[],0.10895463824272156
295,CoarseOnly,2,0,32,[],0.1336486041545868
295,CoarseOnly,3,0,32,[],0.16584011912345886
295,CoarseOnly,4,0,32,[],0.28008896112442017
295,CoarseOnly,5,0,32,[],0.585823118686676
295,CoarseOnly,6,0,32,[],0.8824017643928528
295,CoarseOnly,7,0,32,[],0.992355227470398
295,CoarseOnly,8,0,32,[],0.9656381011009216
295,CoarseOnly,9,0,32,[],0.9769750833511353
295,CoarseOnly,10,0,32,[],0.9906815886497498
295,CoarseOnly,11,0,32,[],1.0071792602539062
295,CoarseOnly,12,0,32,[],1.094336748123169
295,CoarseOnly,13,0,32,[],1.0241897106170654
295,CoarseOnly,14,0,32,[],1.0108616352081299
295,CoarseOnly,15,0,32,[],1.050383448600769
295,CoarseOnly,16,0,32,[],1.050325870513916
296,CoarseOnly,0,0,32,[],0.07730180770158768
296,CoarseOnly,1,0,32,[],0.10883446037769318
296,CoarseOnly,2,0,32,[],0.133780375123024
296,CoarseOnly,3,0,32,[],0.16698050498962402
296,CoarseOnly,4,0,32,[],0.2818128764629364
296,CoarseOnly,5,0,32,[],0.5659523010253906
296,CoarseOnly,6,0,32,[],0.8383042216300964
296,CoarseOnly,7,0,32,[],0.9708998203277588
296,CoarseOnly,8,0,32,[],1.0310105085372925
296,CoarseOnly,9,0,32,[],1.0147205591201782
296,CoarseOnly,10,0,32,[],1.0294963121414185
296,CoarseOnly,11,0,32,[],1.0737428665161133
296,CoarseOnly,12,0,32,[],1.135517954826355
296,CoarseOnly,13,0,32,[],1.1490683555603027
296,CoarseOnly,14,0,32,[],1.1095540523529053
296,CoarseOnly,15,0,32,[],1.0779292583465576
296,CoarseOnly,16,0,32,[],1.0245269536972046
297,CoarseOnly,0,0,32,[],0.07751984894275665
297,CoarseOnly,1,0,32,[],0.1093723475933075
297,CoarseOnly,2,0,32,[],0.13732647895812988
297,CoarseOnly,3,0,32,[],0.19413352012634277
297,CoarseOnly,4,0,32,[],0.4002768099308014
297,CoarseOnly,5,0,32,[],0.752814769744873
297,CoarseOnly,6,0,32,[],0.9842832088470459
297,CoarseOnly,7,0,32,[],1.0473097562789917
297,CoarseOnly,8,0,32,[],1.0272942781448364
297,CoarseOnly,9,0,32,[],0.9822115898132324
297,CoarseOnly,10,0,32,[],0.9972767233848572
297,CoarseOnly,11,0,32,[],1.0713483095169067
297,CoarseOnly,12,0,32,[],1.0777723789215088
297,CoarseOnly,13,0,32,[],1.0810306072235107
297,CoarseOnly,14,0,32,[],1.0545871257781982
297,CoarseOnly,15,0,32,[],1.0918231010437012
297,CoarseOnly,16,0,32,[],1.1318604946136475
298,CoarseOnly,0,0,32,[],0.07748246192932129
298,CoarseOnly,1,0,32,[],0.10887892544269562
298,CoarseOnly,2,0,32,[],0.1323419064283371
298,CoarseOnly,3,0,32,[],0.15412715077400208
298,CoarseOnly,4,0,32,[],0.20656763017177582
298,CoarseOnly,5,0,32,[],0.3877820074558258
298,CoarseOnly,6,0,32,[],0.6496065258979797
298,CoarseOnly,7,0,32,[],0.8183872699737549
298,CoarseOnly,8,0,32,[],0.9191202521324158
298,CoarseOnly,9,0,32,[],0.9501974582672119
298,CoarseOnly,10,0,32,[],0.9365292191505432
298,CoarseOnly,11,0,32,[],1.040467619895935
298,CoarseOnly,12,0,32,[],1.0819557905197144
298,CoarseOnly,13,0,32,[],1.127151370048523
298,CoarseOnly,14,0,32,[],1.0493406057357788
298,CoarseOnly,15,0,32,[],1.0132263898849487
298,CoarseOnly,16,0,32,[],1.0775740146636963
299,CoarseOnly,0,0,32,[],0.07748029381036758
299,CoarseOnly,1,0,32,[],0.10897563397884369
299,CoarseOnly,2,0,32,[],0.1332808881998062
299,CoarseOnly,3,0,32,[],0.16218529641628265
299,CoarseOnly,4,0,32,[],0.259986013174057
299,CoarseOnly,5,0,32,[],0.5493783354759216
299,CoarseOnly,6,0,32,[],0.8578744530677795
299,CoarseOnly,7,0,32,[],0.9834529161453247
299,CoarseOnly,8,0,32,[],0.9409456849098206
299,CoarseOnly,9,0,32,[],0.9575281739234924
299,CoarseOnly,10,0,32,[],0.9638678431510925
299,CoarseOnly,11,0,32,[],0.9949400424957275
299,CoarseOnly,12,0,32,[],1.0266534090042114
299,CoarseOnly,13,0,32,[],0.9468767046928406
299,CoarseOnly,14,0,32,[],0.9079406261444092
299,CoarseOnly,15,0,32,[],0.948598325252533
299,CoarseOnly,16,0,32,[],0.9347627758979797
250,RandomMacro,0,2,30,"[14, 30]",0.06653647124767303
250,RandomMacro,1,4,26,"[13, 29, 45, 22]",0.07248876243829727
250,RandomMacro,2,4,22,"[13, 29, 45, 22]",0.08527498692274094
250,RandomMacro,3,2,20,"[13, 29]",0.12194854766130447
250,RandomMacro,4,4,16,"[53, 13, 29, 54]",0.2129553109407425
250,RandomMacro,5,4,12,"[5, 61, 21, 45]",0.4580288529396057
250,RandomMacro,6,4,8,"[61, 5, 37, 21]",0.6748075485229492
250,RandomMacro,7,0,8,[],0.7470377087593079
250,RandomMacro,8,4,4,"[61, 21, 5, 62]",0.8802010416984558
250,RandomMacro,9,2,2,"[61, 37]",0.9168418645858765
250,RandomMacro,10,2,0,"[53, 6]",0.842698872089386
250,RandomMacro,11,0,0,[],0.8400381803512573
250,RandomMacro,12,0,0,[],0.8905113339424133
250,RandomMacro,13,0,0,[],0.8813312649726868
250,RandomMacro,14,0,0,[],0.9275572299957275
250,RandomMacro,15,0,0,[],0.9887329339981079
250,RandomMacro,16,0,0,[],0.9693781733512878
251,RandomMacro,0,4,28,"[14, 30, 45, 61]",0.0584103949368
251,RandomMacro,1,0,28,[],0.0847066193819046
251,RandomMacro,2,1,27,[13],0.14089344441890717
251,RandomMacro,3,2,25,"[45, 29]",0.20902620255947113
251,RandomMacro,4,2,23,"[5, 21]",0.3006007671356201
251,RandomMacro,5,1,22,[61],0.4912453591823578
251,RandomMacro,6,0,22,[],0.7668678164482117
251,RandomMacro,7,4,18,"[13, 29, 45, 61]",0.9016777276992798
251,RandomMacro,8,0,18,[],0.9851729869842529
251,RandomMacro,9,2,16,"[53, 30]",0.9491893649101257
251,RandomMacro,10,0,16,[],0.9588736891746521
251,RandomMacro,11,4,12,"[30, 53, 14, 22]",0.9214159250259399
251,RandomMacro,12,1,11,[38],0.923037588596344
251,RandomMacro,13,4,7,"[38, 6, 22, 46]",0.9389341473579407
251,RandomMacro,14,4,3,"[38, 6, 46, 21]",0.9838680028915405
251,RandomMacro,15,2,1,"[38, 22]",1.019989013671875
251,RandomMacro,16,1,0,[46],1.0930509567260742
252,RandomMacro,0,1,31,[14],0.07225482165813446
252,RandomMacro,1,4,27,"[29, 14, 45, 61]",0.07200224697589874
252,RandomMacro,2,2,25,"[13, 29]",0.10434702783823013
252,RandomMacro,3,4,21,"[13, 29, 45, 61]",0.19543305039405823
252,RandomMacro,4,4,17,"[13, 37, 61, 22]",0.4291963577270508
252,RandomMacro,5,2,15,"[5, 53]",0.7415120601654053
252,RandomMacro,6,2,13,"[53, 37]",0.9310362935066223
252,RandomMacro,7,0,13,[],1.0646729469299316
252,RandomMacro,8,2,11,"[61, 21]",1.0071996450424194
252,RandomMacro,9,2,9,"[61, 5]",0.9993466138839722
252,RandomMacro,10,0,9,[],1.0381723642349243
252,RandomMacro,11,4,5,"[62, 6, 38, 21]",0.9927143454551697
252,RandomMacro,12,4,1,"[46, 14, 30, 53]",1.0173295736312866
252,RandomMacro,13,0,1,[],0.9761194586753845
252,RandomMacro,14,1,0,[14],0.9848206639289856
252,RandomMacro,15,0,0,[],1.0501246452331543
252,RandomMacro,16,0,0,[],1.102343201637268
253,RandomMacro,0,1,31,[14],0.07220041006803513
253,RandomMacro,1,1,30,[29],0.0945764034986496
253,RandomMacro,2,4,26,"[13, 29, 45, 61]",0.09401743113994598
253,RandomMacro,3,2,24,"[13, 29]",0.16144944727420807
253,RandomMacro,4,4,20,"[45, 13, 29, 61]",0.3744334280490875
253,RandomMacro,5,0,20,[],0.7443174719810486
253,RandomMacro,6,4,16,"[53, 21, 37, 54]",0.914760410785675
253,RandomMacro,7,0,16,[],0.9886429309844971
253,RandomMacro,8,1,15,[53],0.9327436089515686
253,RandomMacro,9,2,13,"[37, 13]",0.9433544874191284
253,RandomMacro,10,1,12,[30],1.0004470348358154
253,RandomMacro,11,2,10,"[53, 13]",0.989088237285614
253,RandomMacro,12,2,8,"[38, 22]",1.0316412448883057
253,RandomMacro,13,0,8,[],1.0889495611190796
253,RandomMacro,14,0,8,[],1.1343662738800049
253,RandomMacro,15,4,4,"[38, 22, 13, 29]",1.0994222164154053
253,RandomMacro,16,4,0,"[22, 53, 38, 29]",1.061060905456543
254,RandomMacro,0,4,28,"[14, 30, 45, 61]",0.05956946313381195
254,RandomMacro,1,1,27,[13],0.08524974435567856
254,RandomMacro,2,0,27,[],0.16251718997955322
254,RandomMacro,3,1,26,[45],0.3108103275299072
254,RandomMacro,4,0,26,[],0.5933588147163391
254,RandomMacro,5,0,26,[],0.7944027185440063
254,RandomMacro,6,4,22,"[21, 61, 37, 5]",0.846209704875946
254,RandomMacro,7,0,22,[],0.9617732167243958
254,RandomMacro,8,2,20,"[5, 46]",1.0272244215011597
254,RandomMacro,9,0,20,[],1.087536334991455
254,RandomMacro,10,2,18,"[14, 54]",1.0467116832733154
254,RandomMacro,11,2,16,"[14, 54]",0.9652870297431946
254,RandomMacro,12,2,14,"[14, 37]",0.972986102104187
254,RandomMacro,13,2,12,"[54, 22]",1.0304561853408813
254,RandomMacro,14,4,8,"[38, 22, 6, 45]",1.0102894306182861
254,RandomMacro,15,4,4,"[6, 62, 30, 13]",1.034916877746582
254,RandomMacro,16,4,0,"[62, 14, 38, 45]",1.0118898153305054
255,RandomMacro,0,2,30,"[14, 30]",0.06666145473718643
255,RandomMacro,1,2,28,"[13, 29]",0.08462800830602646
255,RandomMacro,2,4,24,"[13, 29, 45, 22]",0.0983056128025055
255,RandomMacro,3,0,24,[],0.16973625123500824
255,RandomMacro,4,2,22,"[13, 53]",0.37210002541542053
255,RandomMacro,5,0,22,[],0.6967472434043884
255,RandomMacro,6,2,20,"[53, 5]",0.855636715888977
255,RandomMacro,7,0,20,[],0.9927880167961121
255,RandomMacro,8,1,19,[45],1.0317440032958984
255,RandomMacro,9,0,19,[],1.0808417797088623
255,RandomMacro,10,0,19,[],1.1222862005233765
255,RandomMacro,11,4,15,"[46, 14, 30, 61]",1.024343490600586
255,RandomMacro,12,2,13,"[14, 46]",1.0115008354187012
255,RandomMacro,13,4,9,"[30, 46, 14, 61]",0.9729732275009155
255,RandomMacro,14,4,5,"[54, 30, 37, 14]",0.9466854929924011
255,RandomMacro,15,1,4,[54],0.9499350786209106
255,RandomMacro,16,4,0,"[38, 6, 45, 29]",0.9797020554542542
256,RandomMacro,0,2,30,"[14, 30]",0.06703997403383255
256,RandomMacro,1,2,28,"[13, 29]",0.0865263119339943
256,RandomMacro,2,2,26,"[13, 29]",0.12052520364522934
256,RandomMacro,3,2,24,"[13, 29]",0.2235979586839676
256,RandomMacro,4,0,24,[],0.48504364490509033
256,RandomMacro,5,0,24,[],0.7436938285827637
256,RandomMacro,6,1,23,[53],0.8992270231246948
256,RandomMacro,7,1,22,[13],1.0574904680252075
256,RandomMacro,8,1,21,[37],1.100035548210144
256,RandomMacro,9,0,21,[],1.0926872491836548
256,RandomMacro,10,2,19,"[14, 5]",0.9785834550857544
256,RandomMacro,11,1,18,[46],0.9950966835021973
256,RandomMacro,12,2,16,"[46, 22]",0.9442394375801086
256,RandomMacro,13,4,12,"[22, 5, 53, 37]",0.929797351360321
256,RandomMacro,14,4,8,"[22, 54, 5, 37]",0.9359963536262512
256,RandomMacro,15,4,4,"[45, 22, 54, 13]",0.980741024017334
256,RandomMacro,16,4,0,"[6, 30, 62, 45]",1.0165741443634033
257,RandomMacro,0,2,30,"[14, 30]",0.06646386533975601
257,RandomMacro,1,0,30,[],0.09488556534051895
257,RandomMacro,2,2,28,"[13, 29]",0.11099649965763092
257,RandomMacro,3,0,28,[],0.1748289316892624
257,RandomMacro,4,4,24,"[53, 37, 13, 54]",0.256683349609375
257,RandomMacro,5,2,22,"[5, 37]",0.4387897551059723
257,RandomMacro,6,2,20,"[45, 61]",0.6959572434425354
257,RandomMacro,7,4,16,"[13, 29, 45, 62]",0.9009767174720764
257,RandomMacro,8,0,16,[],1.0383787155151367
257,RandomMacro,9,2,14,"[61, 54]",0.9817848205566406
257,RandomMacro,10,1,13,[14],0.9404460191726685
257,RandomMacro,11,0,13,[],0.9566546082496643
257,RandomMacro,12,4,9,"[5, 21, 45, 62]",0.9274128079414368
257,RandomMacro,13,2,7,"[14, 38]",0.8793197870254517
257,RandomMacro,14,2,5,"[6, 38]",0.9055805206298828
257,RandomMacro,15,1,4,[13],0.9513896703720093
257,RandomMacro,16,4,0,"[38, 53, 22, 6]",1.0049920082092285
258,RandomMacro,0,4,28,"[14, 30, 45, 61]",0.059713538736104965
258,RandomMacro,1,4,24,"[13, 29, 45, 22]",0.07578198611736298
258,RandomMacro,2,2,22,"[13, 29]",0.13480037450790405
258,RandomMacro,3,4,18,"[13, 45, 29, 61]",0.266798734664917
258,RandomMacro,4,1,17,[21],0.5200308561325073
258,RandomMacro,5,4,13,"[5, 37, 61, 6]",0.7090023756027222
258,RandomMacro,6,1,12,[5],0.8130401968955994
258,RandomMacro,7,2,10,"[61, 5]",0.9986661076545715
258,RandomMacro,8,4,6,"[5, 45, 21, 6]",0.9677847623825073
258,RandomMacro,9,4,2,"[45, 6, 61, 38]",0.8982816934585571
258,RandomMacro,10,2,0,"[22, 6]",0.9185202121734619
258,RandomMacro,11,0,0,[],0.9767156839370728
258,RandomMacro,12,0,0,[],1.08360755443573
258,RandomMacro,13,0,0,[],1.1909923553466797
258,RandomMacro,14,0,0,[],1.2520567178726196
258,RandomMacro,15,0,0,[],1.2131448984146118
258,RandomMacro,16,0,0,[],1.0841020345687866
259,RandomMacro,0,0,32,[],0.077554851770401
259,RandomMacro,1,1,31,[13],0.10000589489936829
259,RandomMacro,2,4,27,"[29, 13, 45, 61]",0.08250225335359573
259,RandomMacro,3,2,25,"[13, 29]",0.10606677085161209
259,RandomMacro,4,1,24,[13],0.1936822384595871
259,RandomMacro,5,4,20,"[61, 45, 5, 29]",0.338169664144516
259,RandomMacro,6,0,20,[],0.6349944472312927
259,RandomMacro,7,4,16,"[13, 53, 29, 6]",0.8309375047683716
259,RandomMacro,8,0,16,[],0.9279862642288208
259,RandomMacro,9,2,14,"[21, 53]",0.9305040240287781
259,RandomMacro,10,0,14,[],0.972190260887146
259,RandomMacro,11,0,14,[],1.05909264087677
259,RandomMacro,12,1,13,[14],1.022322177886963
259,RandomMacro,13,1,12,[62],0.9019137620925903
259,RandomMacro,14,4,8,"[22, 6, 45, 13]",0.8741976022720337
259,RandomMacro,15,4,4,"[6, 30, 53, 63]",0.8592362999916077
259,RandomMacro,16,4,0,"[22, 6, 61, 45]",0.886381208896637
260,RandomMacro,0,1,31,[14],0.07215924561023712
260,RandomMacro,1,0,31,[],0.10211154818534851
260,RandomMacro,2,4,27,"[13, 29, 45, 61]",0.0929386243224144
260,RandomMacro,3,4,23,"[13, 29, 45, 22]",0.13301634788513184
260,RandomMacro,4,0,23,[],0.32056280970573425
260,RandomMacro,5,4,19,"[5, 53, 29, 45]",0.6699280142784119
260,RandomMacro,6,1,18,[53],0.8808637261390686
260,RandomMacro,7,4,14,"[29, 45, 61, 22]",0.8944249749183655
260,RandomMacro,8,1,13,[53],0.889500617980957
260,RandomMacro,9,1,12,[13],0.9278904795646667
260,RandomMacro,10,2,10,"[54, 30]",0.9464786052703857
260,RandomMacro,11,0,10,[],1.004319190979004
260,RandomMacro,12,1,9,[6],1.021279215812683
260,RandomMacro,13,0,9,[],1.1137163639068604
260,RandomMacro,14,1,8,[38],1.128570795059204
260,RandomMacro,15,4,4,"[22, 62, 14, 38]",1.0903887748718262
260,RandomMacro,16,4,0,"[22, 38, 13, 6]",1.0286787748336792
261,RandomMacro,0,0,32,[],0.07803158462047577
261,RandomMacro,1,1,31,[13],0.10264021158218384
261,RandomMacro,2,1,30,[29],0.13522249460220337
261,RandomMacro,3,4,26,"[13, 29, 45, 61]",0.24601443111896515
261,RandomMacro,4,0,26,[],0.5490350127220154
261,RandomMacro,5,2,24,"[37, 13]",0.832667887210846
261,RandomMacro,6,1,23,[53],0.9774319529533386
261,RandomMacro,7,4,19,"[53, 37, 5, 22]",1.0479710102081299
261,RandomMacro,8,1,18,[53],1.0463836193084717
261,RandomMacro,9,2,16,"[45, 5]",0.96993088722229
261,RandomMacro,10,4,12,"[37, 13, 30, 6]",0.9676962494850159
261,RandomMacro,11,1,11,[30],0.9181371927261353
261,RandomMacro,12,4,7,"[13, 38, 54, 14]",0.8777474761009216
261,RandomMacro,13,0,7,[],0.9349908828735352
261,RandomMacro,14,2,5,"[38, 29]",0.9706122875213623
261,RandomMacro,15,1,4,[62],0.9964746236801147
261,RandomMacro,16,4,0,"[45, 6, 38, 21]",0.9629566073417664
262,RandomMacro,0,4,28,"[14, 30, 45, 61]",0.05913497880101204
262,RandomMacro,1,1,27,[13],0.08376561105251312
262,RandomMacro,2,4,23,"[29, 13, 45, 61]",0.12765580415725708
262,RandomMacro,3,2,21,"[13, 45]",0.23152826726436615
262,RandomMacro,4,2,19,"[5, 29]",0.46888962388038635
262,RandomMacro,5,0,19,[],0.7214512825012207
262,RandomMacro,6,4,15,"[21, 5, 61, 37]",0.832980215549469
262,RandomMacro,7,4,11,"[29, 5, 53, 14]",0.9365984797477722
262,RandomMacro,8,2,9,"[29, 13]",0.989967942237854
262,RandomMacro,9,4,5,"[53, 6, 46, 21]",0.9507025480270386
262,RandomMacro,10,2,3,"[14, 54]",0.9240411520004272
262,RandomMacro,11,2,1,"[61, 14]",0.9455836415290833
262,RandomMacro,12,0,1,[],1.025381326675415
262,RandomMacro,13,1,0,[54],1.0779869556427002
262,RandomMacro,14,0,0,[],1.1331709623336792
262,RandomMacro,15,0,0,[],1.1176947355270386
262,RandomMacro,16,0,0,[],1.0175143480300903
263,RandomMacro,0,1,31,[14],0.07258177548646927
263,RandomMacro,1,0,31,[],0.10333767533302307
263,RandomMacro,2,4,27,"[13, 29, 45, 61]",0.10372187942266464
263,RandomMacro,3,1,26,[13],0.19550499320030212
263,RandomMacro,4,0,26,[],0.46850526332855225
263,RandomMacro,5,4,22,"[5, 45, 29, 46]",0.7681065797805786
263,RandomMacro,6,0,22,[],0.9079156517982483
263,RandomMacro,7,2,20,"[21, 61]",0.8640999794006348
263,RandomMacro,8,2,18,"[45, 13]",0.8662753105163574
263,RandomMacro,9,4,14,"[37, 62, 30, 13]",0.9113836288452148
263,RandomMacro,10,1,13,[54],1.0168672800064087
263,RandomMacro,11,2,11,"[38, 53]",1.0137767791748047
263,RandomMacro,12,1,10,[21],1.0653196573257446
263,RandomMacro,13,4,6,"[6, 46, 53, 14]",1.085577368736267
263,RandomMacro,14,1,5,[14],1.0741288661956787
263,RandomMacro,15,1,4,[14],1.091273307800293
263,RandomMacro,16,4,0,"[22, 61, 5, 46]",1.00899076461792
264,RandomMacro,0,1,31,[14],0.0720880851149559
264,RandomMacro,1,1,30,[29],0.09403795003890991
264,RandomMacro,2,1,29,[13],0.1132911965250969
264,RandomMacro,3,1,28,[29],0.16191062331199646
264,RandomMacro,4,0,28,[],0.3233455717563629
264,RandomMacro,5,1,27,[53],0.6372149586677551
264,RandomMacro,6,0,27,[],0.9138330221176147
264,RandomMacro,7,4,23,"[5, 29, 61, 45]",0.9010688662528992
264,RandomMacro,8,1,22,[21],0.8979731798171997
264,RandomMacro,9,2,20,"[54, 13]",0.88777756690979
264,RandomMacro,10,4,16,"[45, 5, 30, 61]",0.9061917662620544
264,RandomMacro,11,1,15,[38],0.900784969329834
264,RandomMacro,12,4,11,"[6, 38, 61, 21]",0.8946006894111633
264,RandomMacro,13,4,7,"[6, 14, 53, 37]",0.8553704023361206
264,RandomMacro,14,1,6,[14],0.8235880732536316
264,RandomMacro,15,2,4,"[14, 61]",0.8473951816558838
264,RandomMacro,16,4,0,"[14, 46, 37, 5]",0.9095054864883423
265,RandomMacro,0,1,31,[14],0.07310516387224197
265,RandomMacro,1,0,31,[],0.10422535240650177
265,RandomMacro,2,0,31,[],0.14438222348690033
265,RandomMacro,3,4,27,"[13, 29, 45, 61]",0.2164364457130432
265,RandomMacro,4,4,23,"[29, 13, 45, 61]",0.4908252954483032
265,RandomMacro,5,4,19,"[13, 29, 53, 5]",0.8118170499801636
265,RandomMacro,6,1,18,[53],0.9605029225349426
265,RandomMacro,7,0,18,[],1.006428837776184
265,RandomMacro,8,1,17,[37],0.981545090675354
265,RandomMacro,9,2,15,"[37, 21]",0.9846621155738831
265,RandomMacro,10,1,14,[22],1.0541425943374634
265,RandomMacro,11,4,10,"[38, 5, 62, 14]",1.0243101119995117
265,RandomMacro,12,0,10,[],1.0350950956344604
265,RandomMacro,13,2,8,"[46, 5]",1.0743281841278076
265,RandomMacro,14,2,6,"[38, 61]",1.0982366800308228
265,RandomMacro,15,2,4,"[46, 22]",1.108313798904419
265,RandomMacro,16,4,0,"[22, 61, 5, 45]",1.0660412311553955
266,RandomMacro,0,0,32,[],0.07745138555765152
266,RandomMacro,1,0,32,[],0.10894379019737244
266,RandomMacro,2,2,30,"[13, 29]",0.11087248474359512
266,RandomMacro,3,2,28,"[13, 29]",0.1293274313211441
266,RandomMacro,4,4,24,"[13, 29, 45, 5]",0.22309865057468414
266,RandomMacro,5,1,23,[13],0.5167328715324402
266,RandomMacro,6,1,22,[53],0.8215243816375732
266,RandomMacro,7,2,20,"[21, 37]",0.9904482364654541
266,RandomMacro,8,2,18,"[37, 61]",0.964847981929779
266,RandomMacro,9,0,18,[],0.8721157312393188
266,RandomMacro,10,4,14,"[21, 37, 22, 13]",0.8770570158958435
266,RandomMacro,11,4,10,"[13, 6, 38, 14]",0.8952652812004089
266,RandomMacro,12,2,8,"[14, 5]",0.9030991792678833
266,RandomMacro,13,0,8,[],0.9667115211486816
266,RandomMacro,14,0,8,[],1.0493015050888062
266,RandomMacro,15,4,4,"[54, 30, 14, 61]",0.9893944263458252
266,RandomMacro,16,4,0,"[30, 62, 38, 6]",1.005074381828308
267,RandomMacro,0,2,30,"[14, 30]",0.06656178086996078
267,RandomMacro,1,2,28,"[13, 29]",0.08388534933328629
267,RandomMacro,2,0,28,[],0.11780237406492233
267,RandomMacro,3,4,24,"[13, 29, 45, 61]",0.14867646992206573
267,RandomMacro,4,4,20,"[13, 37, 53, 5]",0.2732972502708435
267,RandomMacro,5,2,18,"[29, 53]",0.5801917910575867
267,RandomMacro,6,1,17,[37],0.8498430252075195
267,RandomMacro,7,1,16,[53],0.992985188961029
267,RandomMacro,8,2,14,"[29, 22]",1.0381433963775635
267,RandomMacro,9,0,14,[],1.0080469846725464
267,RandomMacro,10,2,12,"[45, 21]",0.9118896722793579
267,RandomMacro,11,2,10,"[62, 30]",0.8729305267333984
267,RandomMacro,12,0,10,[],0.8738124370574951
267,RandomMacro,13,4,6,"[30, 6, 62, 22]",0.8271362781524658
267,RandomMacro,14,0,6,[],0.8527094721794128
267,RandomMacro,15,2,4,"[14, 38]",0.8717601895332336
267,RandomMacro,16,4,0,"[14, 30, 6, 53]",0.9049070477485657
268,RandomMacro,0,0,32,[],0.0772930160164833
268,RandomMacro,1,0,32,[],0.10897406190633774
268,RandomMacro,2,0,32,[],0.1354682445526123
268,RandomMacro,3,4,28,"[13, 29, 45, 61]",0.15435507893562317
268,RandomMacro,4,1,27,[13],0.3456588089466095
268,RandomMacro,5,2,25,"[53, 13]",0.6795163154602051
268,RandomMacro,6,0,25,[],0.9257289171218872
268,RandomMacro,7,4,21,"[5, 53, 29, 14]",0.9573028087615967
268,RandomMacro,8,2,19,"[45, 13]",0.9730899333953857
268,RandomMacro,9,4,15,"[45, 29, 6, 61]",0.964373767375946
268,RandomMacro,10,4,11,"[45, 6, 62, 13]",0.9789838790893555
268,RandomMacro,11,2,9,"[6, 61]",1.0129239559173584
268,RandomMacro,12,4,5,"[46, 6, 22, 45]",1.0163418054580688
268,RandomMacro,13,2,3,"[6, 22]",1.0234501361846924
268,RandomMacro,14,2,1,"[14, 53]",1.0011979341506958
268,RandomMacro,15,1,0,[14],1.0295604467391968
268,RandomMacro,16,0,0,[],1.0438027381896973
269,RandomMacro,0,4,28,"[14, 30, 45, 61]",0.05855700373649597
269,RandomMacro,1,1,27,[13],0.08123135566711426
269,RandomMacro,2,1,26,[29],0.13641567528247833
269,RandomMacro,3,1,25,[13],0.24632155895233154
269,RandomMacro,4,0,25,[],0.4729195535182953
269,RandomMacro,5,4,21,"[61, 37, 13, 62]",0.648718535900116
269,RandomMacro,6,2,19,"[21, 61]",0.7511888742446899
269,RandomMacro,7,0,19,[],0.8485512733459473
269,RandomMacro,8,0,19,[],0.9607647061347961
269,RandomMacro,9,2,17,"[46, 6]",1.0007447004318237
269,RandomMacro,10,4,13,"[14, 61, 37, 5]",0.9243699312210083
269,RandomMacro,11,0,13,[],0.9616714119911194
269,RandomMacro,12,0,13,[],1.0551759004592896
269,RandomMacro,13,4,9,"[22, 62, 5, 45]",1.0069283246994019
269,RandomMacro,14,4,5,"[14, 30, 5, 61]",0.9442487359046936
269,RandomMacro,15,4,1,"[30, 45, 6, 61]",0.908672034740448
269,RandomMacro,16,1,0,[30],0.9038405418395996
270,RandomMacro,0,2,30,"[14, 30]",0.06730501353740692
270,RandomMacro,1,1,29,[13],0.09130286425352097
270,RandomMacro,2,1,28,[29],0.13157659769058228
270,RandomMacro,3,1,27,[13],0.2319096028804779
270,RandomMacro,4,4,23,"[53, 37, 5, 21]",0.48506128787994385
270,RandomMacro,5,4,19,"[5, 61, 37, 21]",0.725289523601532
270,RandomMacro,6,4,15,"[61, 45, 5, 62]",0.8418468236923218
270,RandomMacro,7,0,15,[],1.016935110092163
270,RandomMacro,8,1,14,[37],1.0727999210357666
270,RandomMacro,9,4,10,"[61, 14, 45, 62]",1.0096653699874878
270,RandomMacro,10,1,9,[14],0.9875327348709106
270,RandomMacro,11,1,8,[46],1.0413349866867065
270,RandomMacro,12,4,4,"[22, 6, 46, 14]",1.067107915878296
270,RandomMacro,13,2,2,"[22, 6]",1.0841684341430664
270,RandomMacro,14,2,0,"[61, 14]",1.0665955543518066
270,RandomMacro,15,0,0,[],1.072122573852539
270,RandomMacro,16,0,0,[],1.0904251337051392
271,RandomMacro,0,1,31,[14],0.07198093086481094
271,RandomMacro,1,4,27,"[29, 14, 45, 61]",0.07000868767499924
271,RandomMacro,2,2,25,"[13, 29]",0.0928664356470108
271,RandomMacro,3,0,25,[],0.1731565147638321
271,RandomMacro,4,2,23,"[37, 13]",0.328900009393692
271,RandomMacro,5,2,21,"[5, 53]",0.5883040428161621
271,RandomMacro,6,1,20,[53],0.8143698573112488
271,RandomMacro,7,2,18,"[5, 37]",0.9213837385177612
271,RandomMacro,8,0,18,[],0.8722977042198181
271,RandomMacro,9,2,16,"[37, 54]",0.8413450121879578
271,RandomMacro,10,2,14,"[22, 37]",0.8365938663482666
271,RandomMacro,11,2,12,"[38, 62]",0.8881120085716248
271,RandomMacro,12,0,12,[],0.9241303205490112
271,RandomMacro,13,0,12,[],0.985395073890686
271,RandomMacro,14,4,8,"[38, 14, 62, 21]",0.9888569712638855
271,RandomMacro,15,4,4,"[46, 22, 62, 5]",0.9417830109596252
271,RandomMacro,16,4,0,"[46, 6, 22, 53]",0.93796706199646
272,RandomMacro,0,1,31,[14],0.07274172455072403
272,RandomMacro,1,0,31,[],0.10431371629238129
272,RandomMacro,2,4,27,"[13, 29, 45, 61]",0.11131661385297775
272,RandomMacro,3,2,25,"[13, 29]",0.2300569713115692
272,RandomMacro,4,1,24,[13],0.527245044708252
272,RandomMacro,5,4,20,"[5, 29, 45, 61]",0.8242071270942688
272,RandomMacro,6,1,19,[13],0.9349892139434814
272,RandomMacro,7,1,18,[29],0.9382653832435608
272,RandomMacro,8,2,16,"[6, 37]",1.0130211114883423
272,RandomMacro,9,4,12,"[5, 22, 29, 62]",1.018275260925293
272,RandomMacro,10,1,11,[22],1.1051050424575806
272,RandomMacro,11,2,9,"[62, 45]",1.0848639011383057
272,RandomMacro,12,4,5,"[30, 14, 5, 45]",1.088854193687439
272,RandomMacro,13,4,1,"[38, 14, 46, 29]",1.106886863708496
272,RandomMacro,14,1,0,[38],1.1179618835449219
272,RandomMacro,15,0,0,[],1.1660375595092773
272,RandomMacro,16,0,0,[],1.1842637062072754
273,RandomMacro,0,2,30,"[14, 30]",0.06668414175510406
273,RandomMacro,1,1,29,[13],0.08912123739719391
273,RandomMacro,2,1,28,[29],0.1195494681596756
273,RandomMacro,3,0,28,[],0.19085285067558289
273,RandomMacro,4,4,24,"[53, 37, 13, 54]",0.33911627531051636
273,RandomMacro,5,4,20,"[5, 37, 61, 21]",0.6233586668968201
273,RandomMacro,6,0,20,[],0.8318905830383301
273,RandomMacro,7,0,20,[],0.9849392771720886
273,RandomMacro,8,4,16,"[37, 53, 5, 21]",0.9973527789115906
273,RandomMacro,9,2,14,"[6, 13]",1.0040334463119507
273,RandomMacro,10,0,14,[],0.9822143316268921
273,RandomMacro,11,2,12,"[14, 30]",0.9896679520606995
273,RandomMacro,12,0,12,[],1.0620970726013184
273,RandomMacro,13,0,12,[],1.0522866249084473
273,RandomMacro,14,4,8,"[22, 30, 54, 38]",1.0803041458129883
273,RandomMacro,15,4,4,"[30, 54, 14, 38]",1.063657283782959
273,RandomMacro,16,4,0,"[30, 6, 38, 22]",1.0425212383270264
274,RandomMacro,0,4,28,"[14, 30, 45, 61]",0.05842972919344902
274,RandomMacro,1,1,27,[13],0.08050277084112167
274,RandomMacro,2,4,23,"[29, 13, 45, 61]",0.10945206880569458
274,RandomMacro,3,4,19,"[13, 29, 45, 61]",0.13534238934516907
274,RandomMacro,4,1,18,[21],0.17672255635261536
274,RandomMacro,5,2,16,"[37, 5]",0.34494662284851074
274,RandomMacro,6,2,14,"[21, 61]",0.5906206369400024
274,RandomMacro,7,1,13,[13],0.772735059261322
274,RandomMacro,8,1,12,[5],0.8836363554000854
274,RandomMacro,9,4,8,"[14, 37, 46, 62]",0.9456709623336792
274,RandomMacro,10,0,8,[],0.8868544697761536
274,RandomMacro,11,0,8,[],0.9595267176628113
274,RandomMacro,12,4,4,"[30, 14, 62, 37]",0.9810758233070374
274,RandomMacro,13,1,3,[6],1.0049344301223755
274,RandomMacro,14,2,1,"[54, 6]",1.0015724897384644
274,RandomMacro,15,1,0,[14],1.052696943283081
274,RandomMacro,16,0,0,[],1.0478180646896362
275,RandomMacro,0,4,28,"[14, 30, 45, 61]",0.058458831161260605
275,RandomMacro,1,4,24,"[13, 29, 45, 22]",0.06997764110565186
275,RandomMacro,2,2,22,"[13, 29]",0.1083737388253212
275,RandomMacro,3,1,21,[13],0.19241908192634583
275,RandomMacro,4,2,19,"[53, 37]",0.308735191822052
275,RandomMacro,5,1,18,[5],0.4774692952632904
275,RandomMacro,6,4,14,"[37, 5, 61, 21]",0.6791683435440063
275,RandomMacro,7,2,12,"[13, 61]",0.7903876304626465
275,RandomMacro,8,1,11,[5],0.921405017375946
275,RandomMacro,9,2,9,"[53, 46]",1.0013463497161865
275,RandomMacro,10,0,9,[],0.9995369911193848
275,RandomMacro,11,1,8,[14],0.9688295722007751
275,RandomMacro,12,1,7,[62],0.9383816123008728
275,RandomMacro,13,0,7,[],0.918030321598053
275,RandomMacro,14,2,5,"[62, 22]",0.8739479184150696
275,RandomMacro,15,1,4,[62],0.891265869140625
275,RandomMacro,16,4,0,"[22, 6, 30, 61]",0.8894694447517395
276,RandomMacro,0,4,28,"[14, 30, 45, 61]",0.06003504619002342
276,RandomMacro,1,2,26,"[13, 29]",0.08220365643501282
276,RandomMacro,2,0,26,[],0.16118811070919037
276,RandomMacro,3,2,24,"[13, 29]",0.3355521857738495
276,RandomMacro,4,2,22,"[5, 53]",0.6103614568710327
276,RandomMacro,5,2,20,"[37, 13]",0.8053009510040283
276,RandomMacro,6,1,19,[37],0.9106579422950745
276,RandomMacro,7,1,18,[5],1.0448634624481201
276,RandomMacro,8,2,16,"[29, 5]",1.054154634475708
276,RandomMacro,9,4,12,"[46, 29, 6, 61]",1.004770040512085
276,RandomMacro,10,4,8,"[30, 14, 37, 5]",0.9435977339744568
276,RandomMacro,11,4,4,"[30, 6, 22, 37]",0.9237746596336365
276,RandomMacro,12,4,0,"[38, 14, 21, 45]",0.9961930513381958
276,RandomMacro,13,0,0,[],1.0725113153457642
276,RandomMacro,14,0,0,[],1.0919115543365479
276,RandomMacro,15,0,0,[],1.146126389503479
276,RandomMacro,16,0,0,[],1.1540634632110596
277,RandomMacro,0,4,28,"[14, 30, 45, 61]",0.05865567922592163
277,RandomMacro,1,0,28,[],0.08585866540670395
277,RandomMacro,2,1,27,[13],0.1462598592042923
277,RandomMacro,3,2,25,"[45, 29]",0.23262447118759155
277,RandomMacro,4,1,24,[5],0.40505003929138184
277,RandomMacro,5,4,20,"[61, 29, 13, 6]",0.6497347950935364
277,RandomMacro,6,0,20,[],0.8224486112594604
277,RandomMacro,7,1,19,[13],0.9640417098999023
277,RandomMacro,8,0,19,[],1.1273679733276367
277,RandomMacro,9,1,18,[13],1.0981675386428833
277,RandomMacro,10,1,17,[14],1.012385606765747
277,RandomMacro,11,0,17,[],1.0566269159317017
277,RandomMacro,12,4,13,"[14, 5, 54, 21]",1.0581879615783691
277,RandomMacro,13,1,12,[37],1.1461007595062256
277,RandomMacro,14,4,8,"[22, 62, 38, 6]",1.0854698419570923
277,RandomMacro,15,4,4,"[45, 22, 62, 38]",1.0001574754714966
277,RandomMacro,16,4,0,"[45, 14, 30, 37]",0.900105357170105
278,RandomMacro,0,1,31,[14],0.07320518791675568
278,RandomMacro,1,2,29,"[29, 14]",0.09172332286834717
278,RandomMacro,2,0,29,[],0.13456343114376068
278,RandomMacro,3,1,28,[13],0.24796274304389954
278,RandomMacro,4,4,24,"[37, 21, 5, 53]",0.5175361633300781
278,RandomMacro,5,0,24,[],0.8156678676605225
278,RandomMacro,6,2,22,"[53, 37]",0.9115382432937622
278,RandomMacro,7,4,18,"[5, 53, 29, 14]",0.8529049754142761
278,RandomMacro,8,2,16,"[45, 13]",0.824551522731781
278,RandomMacro,9,4,12,"[37, 54, 6, 30]",0.8756873607635498
278,RandomMacro,10,0,12,[],1.0034074783325195
278,RandomMacro,11,2,10,"[38, 21]",0.9874224662780762
278,RandomMacro,12,2,8,"[6, 45]",1.0098432302474976
278,RandomMacro,13,4,4,"[14, 6, 61, 46]",0.9768736958503723
278,RandomMacro,14,0,4,[],0.9616090059280396
278,RandomMacro,15,4,0,"[22, 54, 5, 38]",0.9216567277908325
278,RandomMacro,16,0,0,[],0.899924099445343
279,RandomMacro,0,2,30,"[14, 30]",0.06646955758333206
279,RandomMacro,1,1,29,[13],0.08854588866233826
279,RandomMacro,2,0,29,[],0.12512312829494476
279,RandomMacro,3,4,25,"[13, 29, 45, 61]",0.1330830305814743
279,RandomMacro,4,4,21,"[53, 13, 29, 5]",0.17487123608589172
279,RandomMacro,5,0,21,[],0.39831846952438354
279,RandomMacro,6,4,17,"[13, 61, 37, 6]",0.6991764903068542
279,RandomMacro,7,1,16,[13],0.8844955563545227
279,RandomMacro,8,4,12,"[29, 5, 53, 62]",0.9282011389732361
279,RandomMacro,9,4,8,"[45, 14, 53, 46]",0.9310107231140137
279,RandomMacro,10,0,8,[],0.9419706463813782
279,RandomMacro,11,0,8,[],0.9399315118789673
279,RandomMacro,12,4,4,"[14, 30, 5, 53]",0.9218379259109497
279,RandomMacro,13,0,4,[],1.0393303632736206
279,RandomMacro,14,2,2,"[30, 14]",1.039298415184021
279,RandomMacro,15,2,0,"[14, 30]",1.0474766492843628
279,RandomMacro,16,0,0,[],1.1135622262954712
280,RandomMacro,0,2,30,"[14, 30]",0.06676512956619263
280,RandomMacro,1,0,30,[],0.09598120301961899
280,RandomMacro,2,0,30,[],0.14067721366882324
280,RandomMacro,3,4,26,"[29, 13, 45, 61]",0.18277151882648468
280,RandomMacro,4,2,24,"[53, 29]",0.3712865114212036
280,RandomMacro,5,1,23,[5],0.7313616275787354
280,RandomMacro,6,4,19,"[45, 5, 46, 61]",0.9473223686218262
280,RandomMacro,7,4,15,"[45, 29, 13, 54]",1.0119084119796753
280,RandomMacro,8,0,15,[],1.0602672100067139
280,RandomMacro,9,2,13,"[46, 14]",1.0424867868423462
280,RandomMacro,10,4,9,"[5, 30, 45, 54]",1.06197988986969
280,RandomMacro,11,1,8,[37],1.0399408340454102
280,RandomMacro,12,0,8,[],0.9709439873695374
280,RandomMacro,13,4,4,"[62, 38, 29, 6]",0.9641150832176208
280,RandomMacro,14,1,3,[53],0.9783734083175659
280,RandomMacro,15,2,1,"[37, 7]",0.9564915895462036
280,RandomMacro,16,1,0,[62],1.0050694942474365
281,RandomMacro,0,4,28,"[14, 30, 45, 61]",0.05898990109562874
281,RandomMacro,1,1,27,[13],0.0834256112575531
281,RandomMacro,2,2,25,"[29, 13]",0.14046978950500488
281,RandomMacro,3,1,24,[45],0.26138103008270264
281,RandomMacro,4,4,20,"[5, 21, 53, 37]",0.477863609790802
281,RandomMacro,5,1,19,[13],0.7282824516296387
281,RandomMacro,6,2,17,"[5, 61]",0.9055953025817871
281,RandomMacro,7,2,15,"[61, 29]",1.0192184448242188
281,RandomMacro,8,0,15,[],1.0571386814117432
281,RandomMacro,9,1,14,[29],0.9999163150787354
281,RandomMacro,10,0,14,[],0.9804949164390564
281,RandomMacro,11,1,13,[62],1.0207407474517822
281,RandomMacro,12,4,9,"[37, 14, 61, 30]",1.0114511251449585
281,RandomMacro,13,0,9,[],1.0416127443313599
281,RandomMacro,14,4,5,"[14, 61, 45, 6]",0.9724629521369934
281,RandomMacro,15,1,4,[6],0.9605516791343689
281,RandomMacro,16,4,0,"[6, 30, 54, 22]",0.896645188331604
282,RandomMacro,0,1,31,[14],0.071904256939888
282,RandomMacro,1,4,27,"[29, 14, 45, 61]",0.06942351162433624
282,RandomMacro,2,0,27,[],0.10417233407497406
282,RandomMacro,3,0,27,[],0.1908891797065735
282,RandomMacro,4,0,27,[],0.394000381231308
282,RandomMacro,5,2,25,"[53, 5]",0.6133032441139221
282,RandomMacro,6,2,23,"[53, 29]",0.7206428647041321
282,RandomMacro,7,4,19,"[5, 53, 21, 54]",0.7940801382064819
282,RandomMacro,8,2,17,"[54, 37]",0.8911873698234558
282,RandomMacro,9,2,15,"[54, 29]",0.9140914678573608
282,RandomMacro,10,1,14,[22],0.9045148491859436
282,RandomMacro,11,1,13,[22],0.8941254019737244
282,RandomMacro,12,1,12,[54],0.8861835598945618
282,RandomMacro,13,0,12,[],0.9486557841300964
282,RandomMacro,14,4,8,"[62, 14, 37, 45]",0.9536236524581909
282,RandomMacro,15,4,4,"[14, 22, 61, 5]",0.9695011973381042
282,RandomMacro,16,4,0,"[46, 22, 6, 45]",0.9418110847473145
283,RandomMacro,0,4,28,"[14, 30, 45, 61]",0.05997244641184807
283,RandomMacro,1,0,28,[],0.0908270925283432
283,RandomMacro,2,4,24,"[13, 29, 45, 61]",0.1434689462184906
283,RandomMacro,3,0,24,[],0.30090805888175964
283,RandomMacro,4,2,22,"[53, 5]",0.5813883543014526
283,RandomMacro,5,4,18,"[29, 45, 61, 13]",0.7397758364677429
283,RandomMacro,6,1,17,[37],0.8656421899795532
283,RandomMacro,7,1,16,[5],0.9503040313720703
283,RandomMacro,8,0,16,[],0.9800879955291748
283,RandomMacro,9,4,12,"[37, 61, 46, 6]",0.9223620295524597
283,RandomMacro,10,0,12,[],0.9275678396224976
283,RandomMacro,11,2,10,"[14, 30]",0.984298050403595
283,RandomMacro,12,2,8,"[5, 46]",1.003969669342041
283,RandomMacro,13,4,4,"[30, 14, 54, 37]",1.0438419580459595
283,RandomMacro,14,2,2,"[14, 30]",1.0612268447875977
283,RandomMacro,15,2,0,"[62, 38]",1.0409916639328003
283,RandomMacro,16,0,0,[],1.0183258056640625
284,RandomMacro,0,0,32,[],0.07784786075353622
284,RandomMacro,1,0,32,[],0.11049918830394745
284,RandomMacro,2,2,30,"[13, 29]",0.12787875533103943
284,RandomMacro,3,1,29,[13],0.223883718252182
284,RandomMacro,4,2,27,"[37, 13]",0.515122652053833
284,RandomMacro,5,4,23,"[13, 45, 29, 5]",0.8066075444221497
284,RandomMacro,6,1,22,[13],0.9523409605026245
284,RandomMacro,7,1,21,[5],1.061888575553894
284,RandomMacro,8,0,21,[],1.1463080644607544
284,RandomMacro,9,0,21,[],1.0991673469543457
284,RandomMacro,10,0,21,[],1.073294758796692
284,RandomMacro,11,1,20,[29],1.0678215026855469
284,RandomMacro,12,4,16,"[46, 6, 62, 53]",0.9434610605239868
284,RandomMacro,13,4,12,"[54, 14, 29, 5]",0.9470681548118591
284,RandomMacro,14,4,8,"[38, 6, 53, 22]",0.9622634053230286
284,RandomMacro,15,4,4,"[14, 37, 53, 29]",0.9540151357650757
284,RandomMacro,16,4,0,"[14, 62, 45, 29]",0.9828335642814636
285,RandomMacro,0,1,31,[14],0.07241778820753098
285,RandomMacro,1,2,29,"[29, 14]",0.08998391032218933
285,RandomMacro,2,0,29,[],0.1329507976770401
285,RandomMacro,3,0,29,[],0.2585325539112091
285,RandomMacro,4,4,25,"[37, 21, 5, 53]",0.5147461295127869
285,RandomMacro,5,0,25,[],0.8317666053771973
285,RandomMacro,6,4,21,"[53, 37, 62, 46]",0.9017602205276489
285,RandomMacro,7,0,21,[],0.9578059911727905
285,RandomMacro,8,0,21,[],0.880393922328949
285,RandomMacro,9,1,20,[13],0.8408158421516418
285,RandomMacro,10,4,16,"[38, 62, 29, 45]",0.8700880408287048
285,RandomMacro,11,2,14,"[61, 6]",0.9117305278778076
285,RandomMacro,12,2,12,"[22, 6]",0.9075116515159607
285,RandomMacro,13,2,10,"[6, 54]",0.842576265335083
285,RandomMacro,14,2,8,"[6, 54]",0.8343204855918884
285,RandomMacro,15,4,4,"[6, 29, 22, 53]",0.8900399208068848
285,RandomMacro,16,4,0,"[46, 6, 37, 61]",0.9088543653488159
286,RandomMacro,0,0,32,[],0.07757068425416946
286,RandomMacro,1,1,31,[13],0.10153654962778091
286,RandomMacro,2,2,29,"[29, 13]",0.12333507835865021
286,RandomMacro,3,1,28,[13],0.22769330441951752
286,RandomMacro,4,4,24,"[13, 37, 53, 5]",0.5256409049034119
286,RandomMacro,5,0,24,[],0.8081212043762207
286,RandomMacro,6,2,22,"[37, 13]",0.9537782669067383
286,RandomMacro,7,4,18,"[53, 37, 54, 61]",0.9819049835205078
286,RandomMacro,8,2,16,"[53, 21]",0.9598800539970398
286,RandomMacro,9,0,16,[],0.9309542775154114
286,RandomMacro,10,4,12,"[13, 37, 46, 6]",0.9726384282112122
286,RandomMacro,11,0,12,[],1.0134365558624268
286,RandomMacro,12,2,10,"[14, 29]",0.988137423992157
286,RandomMacro,13,1,9,[14],1.0495461225509644
286,RandomMacro,14,4,5,"[54, 14, 37, 61]",1.07891047000885
286,RandomMacro,15,4,1,"[14, 54, 37, 5]",1.044045329093933
286,RandomMacro,16,1,0,[22],1.0259231328964233
287,RandomMacro,0,1,31,[14],0.07235679030418396
287,RandomMacro,1,1,30,[29],0.09493104368448257
287,RandomMacro,2,4,26,"[13, 29, 45, 61]",0.09657974541187286
287,RandomMacro,3,4,22,"[13, 29, 45, 61]",0.16706658899784088
287,RandomMacro,4,4,18,"[13, 37, 53, 5]",0.41744470596313477
287,RandomMacro,5,4,14,"[53, 29, 5, 14]",0.765657901763916
287,RandomMacro,6,4,10,"[53, 54, 45, 5]",0.9237671494483948
287,RandomMacro,7,1,9,[5],0.9770449995994568
287,RandomMacro,8,4,5,"[29, 53, 5, 62]",0.9666814208030701
287,RandomMacro,9,1,4,[54],1.0040004253387451
287,RandomMacro,10,2,2,"[54, 30]",0.9970795512199402
287,RandomMacro,11,2,0,"[29, 13]",1.010582685470581
287,RandomMacro,12,0,0,[],1.0802536010742188
287,RandomMacro,13,0,0,[],1.1077033281326294
287,RandomMacro,14,0,0,[],1.061648964881897
287,RandomMacro,15,0,0,[],1.0366101264953613
287,RandomMacro,16,0,0,[],1.0602387189865112
288,RandomMacro,0,0,32,[],0.0774141252040863
288,RandomMacro,1,0,32,[],0.10937005281448364
288,RandomMacro,2,0,32,[],0.13819576799869537
288,RandomMacro,3,4,28,"[13, 29, 45, 61]",0.1772117167711258
288,RandomMacro,4,2,26,"[13, 29]",0.41672036051750183
288,RandomMacro,5,4,22,"[53, 13, 29, 45]",0.758750319480896
288,RandomMacro,6,0,22,[],0.9523195028305054
288,RandomMacro,7,4,18,"[5, 29, 61, 6]",0.9305095672607422
288,RandomMacro,8,0,18,[],1.001173496246338
288,RandomMacro,9,4,14,"[45, 13, 62, 29]",0.9837825298309326
288,RandomMacro,10,1,13,[30],1.0276165008544922
288,RandomMacro,11,1,12,[46],1.0577352046966553
288,RandomMacro,12,1,11,[14],1.0227994918823242
288,RandomMacro,13,4,7,"[13, 54, 29, 22]",1.0009251832962036
288,RandomMacro,14,1,6,[22],0.98084557056427
288,RandomMacro,15,4,2,"[62, 6, 53, 30]",0.9770758748054504
288,RandomMacro,16,2,0,"[6, 62]",0.9276343584060669
289,RandomMacro,0,4,28,"[14, 30, 45, 61]",0.059381309896707535
289,RandomMacro,1,2,26,"[13, 29]",0.07827188074588776
289,RandomMacro,2,2,24,"[13, 29]",0.13582351803779602
289,RandomMacro,3,2,22,"[13, 45]",0.24880734086036682
289,RandomMacro,4,4,18,"[5, 29, 61, 6]",0.48131024837493896
289,RandomMacro,5,0,18,[],0.7930886149406433
289,RandomMacro,6,0,18,[],1.0241572856903076
289,RandomMacro,7,0,18,[],1.0883868932724
289,RandomMacro,8,4,14,"[37, 30, 54, 21]",0.9686412215232849
289,RandomMacro,9,2,12,"[14, 62]",0.9443053603172302
289,RandomMacro,10,4,8,"[22, 38, 6, 30]",0.9710166454315186
289,RandomMacro,11,4,4,"[6, 38, 61, 22]",0.9973355531692505
289,RandomMacro,12,2,2,"[6, 21]",0.987996518611908
289,RandomMacro,13,1,1,[38],1.0415899753570557
289,RandomMacro,14,0,1,[],1.0834304094314575
289,RandomMacro,15,0,1,[],1.1539263725280762
289,RandomMacro,16,1,0,[22],1.1175185441970825
290,RandomMacro,0,1,31,[14],0.07206562906503677
290,RandomMacro,1,0,31,[],0.10191803425550461
290,RandomMacro,2,2,29,"[13, 29]",0.11204084008932114
290,RandomMacro,3,1,28,[13],0.15824072062969208
290,RandomMacro,4,4,24,"[37, 5, 53, 21]",0.3010355532169342
290,RandomMacro,5,0,24,[],0.641839861869812
290,RandomMacro,6,1,23,[53],0.8535129427909851
290,RandomMacro,7,0,23,[],0.9495564103126526
290,RandomMacro,8,4,19,"[37, 13, 53, 22]",0.8493620157241821
290,RandomMacro,9,4,15,"[54, 14, 37, 61]",0.8440506458282471
290,RandomMacro,10,2,13,"[30, 13]",0.8580015897750854
290,RandomMacro,11,4,9,"[22, 6, 62, 46]",0.8829954266548157
290,RandomMacro,12,4,5,"[30, 6, 61, 38]",0.8370455503463745
290,RandomMacro,13,0,5,[],0.8665740489959717
290,RandomMacro,14,1,4,[38],0.8927805423736572
290,RandomMacro,15,0,4,[],0.8931853771209717
290,RandomMacro,16,4,0,"[22, 30, 61, 6]",0.889553964138031
291,RandomMacro,0,4,28,"[14, 30, 45, 61]",0.058440737426280975
291,RandomMacro,1,1,27,[13],0.08048484474420547
291,RandomMacro,2,1,26,[29],0.13416022062301636
291,RandomMacro,3,2,24,"[13, 45]",0.2119218409061432
291,RandomMacro,4,0,24,[],0.37471699714660645
291,RandomMacro,5,2,22,"[13, 37]",0.5512149930000305
291,RandomMacro,6,0,22,[],0.7474338412284851
291,RandomMacro,7,2,20,"[14, 29]",0.8084003329277039
291,RandomMacro,8,0,20,[],0.8395481705665588
291,RandomMacro,9,1,19,[14],0.9389938116073608
291,RandomMacro,10,0,19,[],0.9857243299484253
291,RandomMacro,11,4,15,"[54, 61, 22, 37]",0.9087265133857727
291,RandomMacro,12,1,14,[61],0.9122123718261719
291,RandomMacro,13,4,10,"[30, 13, 37, 6]",0.9419171214103699
291,RandomMacro,14,4,6,"[62, 6, 30, 45]",0.9931254386901855
291,RandomMacro,15,4,2,"[62, 6, 21, 53]",1.0189850330352783
291,RandomMacro,16,2,0,"[62, 38]",1.0193636417388916
292,RandomMacro,0,1,31,[14],0.07381444424390793
292,RandomMacro,1,4,27,"[29, 14, 45, 61]",0.07807614654302597
292,RandomMacro,2,2,25,"[13, 29]",0.12674622237682343
292,RandomMacro,3,2,23,"[13, 29]",0.2846911549568176
292,RandomMacro,4,2,21,"[61, 13]",0.5968652963638306
292,RandomMacro,5,4,17,"[5, 45, 29, 61]",0.8304562568664551
292,RandomMacro,6,1,16,[13],0.9212828874588013
292,RandomMacro,7,2,14,"[61, 5]",0.9280474781990051
292,RandomMacro,8,0,14,[],1.0081135034561157
292,RandomMacro,9,4,10,"[45, 54, 29, 5]",1.0775660276412964
292,RandomMacro,10,1,9,[5],1.0397400856018066
292,RandomMacro,11,4,5,"[38, 22, 5, 62]",0.9701210260391235
292,RandomMacro,12,0,5,[],0.9977856874465942
292,RandomMacro,13,2,3,"[46, 14]",1.0452377796173096
292,RandomMacro,14,0,3,[],1.067564606666565
292,RandomMacro,15,2,1,"[45, 22]",1.0437185764312744
292,RandomMacro,16,1,0,[13],1.0300612449645996
293,RandomMacro,0,2,30,"[14, 30]",0.06761851161718369
293,RandomMacro,1,0,30,[],0.09947679191827774
293,RandomMacro,2,2,28,"[13, 29]",0.13855405151844025
293,RandomMacro,3,1,27,[13],0.2786470651626587
293,RandomMacro,4,1,26,[53],0.5819363594055176
293,RandomMacro,5,1,25,[5],0.8160730004310608
293,RandomMacro,6,1,24,[45],0.9360194802284241
293,RandomMacro,7,2,22,"[13, 53]",1.0448672771453857
293,RandomMacro,8,4,18,"[37, 13, 54, 30]",1.00089430809021
293,RandomMacro,9,0,18,[],1.0096091032028198
293,RandomMacro,10,4,14,"[14, 54, 38, 21]",0.9519996047019958
293,RandomMacro,11,4,10,"[22, 45, 13, 29]",0.8912956714630127
293,RandomMacro,12,2,8,"[5, 30]",0.9032991528511047
293,RandomMacro,13,1,7,[62],0.9645297527313232
293,RandomMacro,14,2,5,"[6, 38]",1.0038639307022095
293,RandomMacro,15,4,1,"[14, 38, 62, 6]",1.0537792444229126
293,RandomMacro,16,1,0,[14],1.0647114515304565
294,RandomMacro,0,0,32,[],0.07756714522838593
294,RandomMacro,1,4,28,"[13, 29, 45, 61]",0.07300271093845367
294,RandomMacro,2,0,28,[],0.1174466609954834
294,RandomMacro,3,1,27,[13],0.24598123133182526
294,RandomMacro,4,1,26,[45],0.5072815418243408
294,RandomMacro,5,4,22,"[5, 37, 21, 53]",0.7483342885971069
294,RandomMacro,6,1,21,[13],0.8740692138671875
294,RandomMacro,7,1,20,[53],0.9144823551177979
294,RandomMacro,8,0,20,[],1.0644124746322632
294,RandomMacro,9,2,18,"[21, 54]",1.0446680784225464
294,RandomMacro,10,0,18,[],1.0225294828414917
294,RandomMacro,11,0,18,[],1.0885772705078125
294,RandomMacro,12,2,16,"[30, 14]",1.0965356826782227
294,RandomMacro,13,4,12,"[62, 5, 30, 45]",1.047049641609192
294,RandomMacro,14,4,8,"[14, 38, 5, 45]",1.0479342937469482
294,RandomMacro,15,4,4,"[38, 6, 21, 61]",1.0239834785461426
294,RandomMacro,16,4,0,"[14, 38, 30, 45]",0.9684799909591675
295,RandomMacro,0,2,30,"[14, 30]",0.06661249697208405
295,RandomMacro,1,1,29,[13],0.08915252983570099
295,RandomMacro,2,1,28,[29],0.1189001053571701
295,RandomMacro,3,4,24,"[13, 45, 29, 61]",0.13894152641296387
295,RandomMacro,4,2,22,"[13, 53]",0.24683928489685059
295,RandomMacro,5,0,22,[],0.5243530869483948
295,RandomMacro,6,0,22,[],0.7480672597885132
295,RandomMacro,7,1,21,[29],0.8482001423835754
295,RandomMacro,8,2,19,"[5, 29]",0.9274729490280151
295,RandomMacro,9,4,15,"[22, 6, 45, 62]",0.919762134552002
295,RandomMacro,10,1,14,[13],0.9436072111129761
295,RandomMacro,11,4,10,"[30, 14, 38, 62]",0.9537568688392639
295,RandomMacro,12,1,9,[30],0.9722165465354919
295,RandomMacro,13,2,7,"[30, 6]",0.9777752757072449
295,RandomMacro,14,2,5,"[38, 13]",1.058945655822754
295,RandomMacro,15,4,1,"[38, 13, 53, 29]",1.0850539207458496
295,RandomMacro,16,1,0,[62],1.142523169517517
296,RandomMacro,0,4,28,"[14, 30, 45, 61]",0.05878497660160065
296,RandomMacro,1,4,24,"[13, 29, 45, 22]",0.07099282741546631
296,RandomMacro,2,4,20,"[13, 29, 45, 22]",0.10627447068691254
296,RandomMacro,3,4,16,"[13, 29, 45, 61]",0.16664914786815643
296,RandomMacro,4,4,12,"[21, 53, 5, 37]",0.3558405637741089
296,RandomMacro,5,1,11,[5],0.6904951333999634
296,RandomMacro,6,1,10,[37],0.8650066256523132
296,RandomMacro,7,0,10,[],0.9743101596832275
296,RandomMacro,8,4,6,"[21, 5, 61, 37]",1.0103554725646973
296,RandomMacro,9,1,5,[37],0.9860170483589172
296,RandomMacro,10,4,1,"[37, 21, 54, 38]",0.9432827830314636
296,RandomMacro,11,0,1,[],0.9727733731269836
296,RandomMacro,12,1,0,[30],1.044714331626892
296,RandomMacro,13,0,0,[],1.0677604675292969
296,RandomMacro,14,0,0,[],1.0659315586090088
296,RandomMacro,15,0,0,[],1.0131471157073975
296,RandomMacro,16,0,0,[],1.0036985874176025
297,RandomMacro,0,2,30,"[14, 30]",0.06678299605846405
297,RandomMacro,1,4,26,"[13, 29, 45, 22]",0.07377448678016663
297,RandomMacro,2,0,26,[],0.10732260346412659
297,RandomMacro,3,4,22,"[13, 29, 45, 61]",0.16804972290992737
297,RandomMacro,4,4,18,"[53, 13, 29, 5]",0.3611564636230469
297,RandomMacro,5,4,14,"[5, 29, 6, 61]",0.6610041856765747
297,RandomMacro,6,0,14,[],0.8119062185287476
297,RandomMacro,7,1,13,[5],0.9220327734947205
297,RandomMacro,8,1,12,[53],0.9555539488792419
297,RandomMacro,9,2,10,"[45, 13]",0.9695174098014832
297,RandomMacro,10,2,8,"[13, 22]",1.0147813558578491
297,RandomMacro,11,4,4,"[38, 14, 5, 29]",1.0089998245239258
297,RandomMacro,12,2,2,"[14, 46]",1.0017404556274414
297,RandomMacro,13,0,2,[],1.054283618927002
297,RandomMacro,14,1,1,[30],1.0964937210083008
297,RandomMacro,15,0,1,[],1.1706403493881226
297,RandomMacro,16,1,0,[38],1.176051139831543
298,RandomMacro,0,0,32,[],0.07748246192932129
298,RandomMacro,1,0,32,[],0.10887892544269562
298,RandomMacro,2,1,31,[13],0.12195445597171783
298,RandomMacro,3,0,31,[],0.14471036195755005
298,RandomMacro,4,4,27,"[37, 13, 45, 5]",0.15946277976036072
298,RandomMacro,5,1,26,[53],0.3159767687320709
298,RandomMacro,6,1,25,[53],0.6583095192909241
298,RandomMacro,7,4,21,"[13, 37, 54, 5]",0.9201512932777405
298,RandomMacro,8,0,21,[],1.0591317415237427
298,RandomMacro,9,0,21,[],1.0622618198394775
298,RandomMacro,10,4,17,"[29, 45, 6, 13]",0.9329821467399597
298,RandomMacro,11,0,17,[],0.8662213087081909
298,RandomMacro,12,4,13,"[14, 54, 30, 45]",0.8466690182685852
298,RandomMacro,13,4,9,"[14, 30, 45, 13]",0.9164100885391235
298,RandomMacro,14,4,5,"[14, 22, 38, 6]",0.9327523112297058
298,RandomMacro,15,4,1,"[14, 30, 5, 54]",0.9424355030059814
298,RandomMacro,16,1,0,[22],0.9413017630577087
299,RandomMacro,0,1,31,[14],0.07200847566127777
299,RandomMacro,1,2,29,"[29, 14]",0.08760678023099899
299,RandomMacro,2,0,29,[],0.11878270655870438
299,RandomMacro,3,2,27,"[13, 29]",0.15893670916557312
299,RandomMacro,4,2,25,"[45, 13]",0.2728942632675171
299,RandomMacro,5,1,24,[5],0.6016150712966919
299,RandomMacro,6,2,22,"[53, 37]",0.8478996157646179
299,RandomMacro,7,0,22,[],0.9510184526443481
299,RandomMacro,8,0,22,[],0.9241918921470642
299,RandomMacro,9,0,22,[],0.9038695096969604
299,RandomMacro,10,0,22,[],0.9193145632743835
299,RandomMacro,11,4,18,"[38, 45, 21, 46]",0.9056569933891296
299,RandomMacro,12,2,16,"[38, 6]",0.8576540350914001
299,RandomMacro,13,4,12,"[6, 22, 46, 29]",0.8372961282730103
299,RandomMacro,14,4,8,"[14, 53, 30, 46]",0.9207803606987
299,RandomMacro,15,4,4,"[14, 37, 54, 22]",0.9925957918167114
299,RandomMacro,16,4,0,"[14, 54, 5, 22]",1.028611183166504
250,UniformMacro,0,2,30,"[14, 30]",0.06653647124767303
250,UniformMacro,1,2,28,"[13, 29]",0.08384262770414352
250,UniformMacro,2,2,26,"[13, 29]",0.1042720302939415
250,UniformMacro,3,2,24,"[13, 29]",0.14645911753177643
250,UniformMacro,4,2,22,"[53, 13]",0.25422951579093933
250,UniformMacro,5,2,20,"[13, 45]",0.5051866173744202
250,UniformMacro,6,2,18,"[61, 5]",0.8237740993499756
250,UniformMacro,7,2,16,"[53, 37]",1.0054351091384888
250,UniformMacro,8,2,14,"[29, 5]",1.1145193576812744
250,UniformMacro,9,2,12,"[61, 21]",1.032429575920105
250,UniformMacro,10,2,10,"[38, 54]",0.9620105028152466
250,UniformMacro,11,2,8,"[38, 13]",0.9433888792991638
250,UniformMacro,12,2,6,"[37, 22]",0.9490763545036316
250,UniformMacro,13,2,4,"[54, 37]",0.9168553352355957
250,UniformMacro,14,2,2,"[6, 62]",0.8985483646392822
250,UniformMacro,15,2,0,"[45, 22]",0.9043610095977783
250,UniformMacro,16,0,0,[],0.9249814748764038
251,UniformMacro,0,2,30,"[14, 30]",0.0664777010679245
251,UniformMacro,1,2,28,"[13, 29]",0.08345102518796921
251,UniformMacro,2,2,26,"[13, 29]",0.10185109078884125
251,UniformMacro,3,2,24,"[13, 29]",0.13477450609207153
251,UniformMacro,4,2,22,"[53, 13]",0.1985260248184204
251,UniformMacro,5,2,20,"[13, 45]",0.3645090162754059
251,UniformMacro,6,2,18,"[5, 54]",0.6837598085403442
251,UniformMacro,7,2,16,"[13, 37]",0.978676974773407
251,UniformMacro,8,2,14,"[53, 13]",1.0581450462341309
251,UniformMacro,9,2,12,"[37, 61]",1.0338419675827026
251,UniformMacro,10,2,10,"[13, 38]",0.9859476685523987
251,UniformMacro,11,2,8,"[62, 45]",1.006736397743225
251,UniformMacro,12,2,6,"[37, 5]",0.9877912402153015
251,UniformMacro,13,2,4,"[54, 13]",0.9481160640716553
251,UniformMacro,14,2,2,"[37, 6]",0.9504151344299316
251,UniformMacro,15,2,0,"[54, 22]",0.9364413619041443
251,UniformMacro,16,0,0,[],1.0625262260437012
252,UniformMacro,0,2,30,"[14, 30]",0.06681057065725327
252,UniformMacro,1,2,28,"[13, 29]",0.08540792018175125
252,UniformMacro,2,2,26,"[13, 29]",0.1136680617928505
252,UniformMacro,3,2,24,"[13, 29]",0.19204959273338318
252,UniformMacro,4,2,22,"[53, 13]",0.40947237610816956
252,UniformMacro,5,2,20,"[13, 29]",0.7130439877510071
252,UniformMacro,6,2,18,"[53, 5]",0.8956583738327026
252,UniformMacro,7,2,16,"[13, 37]",1.0597100257873535
252,UniformMacro,8,2,14,"[29, 53]",1.1070809364318848
252,UniformMacro,9,2,12,"[21, 61]",1.0891417264938354
252,UniformMacro,10,2,10,"[13, 38]",1.0533952713012695
252,UniformMacro,11,2,8,"[62, 45]",1.0328893661499023
252,UniformMacro,12,2,6,"[46, 6]",1.0303022861480713
252,UniformMacro,13,2,4,"[30, 6]",1.0256470441818237
252,UniformMacro,14,2,2,"[22, 6]",1.0010877847671509
252,UniformMacro,15,2,0,"[53, 14]",1.0096670389175415
252,UniformMacro,16,0,0,[],0.9800875186920166
253,UniformMacro,0,2,30,"[14, 30]",0.06676552444696426
253,UniformMacro,1,2,28,"[13, 29]",0.08485939353704453
253,UniformMacro,2,2,26,"[13, 29]",0.11073079705238342
253,UniformMacro,3,2,24,"[13, 29]",0.18019366264343262
253,UniformMacro,4,2,22,"[53, 13]",0.38400617241859436
253,UniformMacro,5,2,20,"[13, 29]",0.6916992664337158
253,UniformMacro,6,2,18,"[53, 5]",0.8971538543701172
253,UniformMacro,7,2,16,"[13, 37]",1.084132432937622
253,UniformMacro,8,2,14,"[61, 13]",1.1020172834396362
253,UniformMacro,9,2,12,"[61, 38]",1.0689382553100586
253,UniformMacro,10,2,10,"[14, 53]",1.0717166662216187
253,UniformMacro,11,2,8,"[46, 29]",1.0465068817138672
253,UniformMacro,12,2,6,"[14, 38]",1.0472427606582642
253,UniformMacro,13,2,4,"[14, 62]",1.0535480976104736
253,UniformMacro,14,2,2,"[14, 37]",1.0264396667480469
253,UniformMacro,15,2,0,"[14, 54]",1.0025944709777832
253,UniformMacro,16,0,0,[],1.0440562963485718
254,UniformMacro,0,2,30,"[14, 30]",0.06757649034261703
254,UniformMacro,1,2,28,"[13, 29]",0.08798927068710327
254,UniformMacro,2,2,26,"[13, 29]",0.12806974351406097
254,UniformMacro,3,2,24,"[13, 29]",0.25502535700798035
254,UniformMacro,4,2,22,"[53, 13]",0.5472062826156616
254,UniformMacro,5,2,20,"[13, 29]",0.8085107803344727
254,UniformMacro,6,2,18,"[54, 5]",0.95919269323349
254,UniformMacro,7,2,16,"[13, 37]",1.0761265754699707
254,UniformMacro,8,2,14,"[61, 13]",1.1103566884994507
254,UniformMacro,9,2,12,"[61, 37]",1.0919994115829468
254,UniformMacro,10,2,10,"[14, 45]",1.0976530313491821
254,UniformMacro,11,2,8,"[46, 13]",1.0530534982681274
254,UniformMacro,12,2,6,"[46, 14]",1.0859116315841675
254,UniformMacro,13,2,4,"[37, 14]",1.108847975730896
254,UniformMacro,14,2,2,"[54, 14]",1.0837972164154053
254,UniformMacro,15,2,0,"[14, 22]",1.0369369983673096
254,UniformMacro,16,0,0,[],1.040725588798523
255,UniformMacro,0,2,30,"[14, 30]",0.06666145473718643
255,UniformMacro,1,2,28,"[13, 29]",0.08462800830602646
255,UniformMacro,2,2,26,"[13, 29]",0.10902317613363266
255,UniformMacro,3,2,24,"[13, 29]",0.16966192424297333
255,UniformMacro,4,2,22,"[53, 13]",0.34210479259490967
255,UniformMacro,5,2,20,"[13, 29]",0.6519361138343811
255,UniformMacro,6,2,18,"[53, 5]",0.8664586544036865
255,UniformMacro,7,2,16,"[37, 53]",1.0247188806533813
255,UniformMacro,8,2,14,"[13, 37]",1.0637654066085815
255,UniformMacro,9,2,12,"[61, 21]",1.0296396017074585
255,UniformMacro,10,2,10,"[14, 38]",1.0434160232543945
255,UniformMacro,11,2,8,"[45, 62]",1.0153298377990723
255,UniformMacro,12,2,6,"[22, 6]",1.0226056575775146
255,UniformMacro,13,2,4,"[46, 29]",1.0236486196517944
255,UniformMacro,14,2,2,"[22, 6]",1.0085221529006958
255,UniformMacro,15,2,0,"[54, 22]",1.0414152145385742
255,UniformMacro,16,0,0,[],1.0921571254730225
256,UniformMacro,0,2,30,"[14, 30]",0.06703997403383255
256,UniformMacro,1,2,28,"[13, 29]",0.0865263119339943
256,UniformMacro,2,2,26,"[13, 29]",0.12052520364522934
256,UniformMacro,3,2,24,"[13, 29]",0.2235979586839676
256,UniformMacro,4,2,22,"[53, 13]",0.48469921946525574
256,UniformMacro,5,2,20,"[13, 29]",0.7630372643470764
256,UniformMacro,6,2,18,"[54, 5]",0.9208653569221497
256,UniformMacro,7,2,16,"[13, 37]",1.0576021671295166
256,UniformMacro,8,2,14,"[61, 13]",1.0946458578109741
256,UniformMacro,9,2,12,"[61, 14]",1.0939770936965942
256,UniformMacro,10,2,10,"[45, 38]",1.1009342670440674
256,UniformMacro,11,2,8,"[46, 22]",1.0823813676834106
256,UniformMacro,12,2,6,"[21, 6]",1.0547879934310913
256,UniformMacro,13,2,4,"[62, 22]",1.0667356252670288
256,UniformMacro,14,2,2,"[37, 54]",1.03902268409729
256,UniformMacro,15,2,0,"[54, 6]",1.0425219535827637
256,UniformMacro,16,0,0,[],1.0942962169647217
257,UniformMacro,0,2,30,"[14, 30]",0.06646386533975601
257,UniformMacro,1,2,28,"[13, 29]",0.08339355140924454
257,UniformMacro,2,2,26,"[13, 29]",0.10148869454860687
257,UniformMacro,3,2,24,"[13, 29]",0.13316890597343445
257,UniformMacro,4,2,22,"[53, 13]",0.1886734813451767
257,UniformMacro,5,2,20,"[13, 45]",0.33052781224250793
257,UniformMacro,6,2,18,"[5, 54]",0.6394978761672974
257,UniformMacro,7,2,16,"[13, 37]",0.9568076729774475
257,UniformMacro,8,2,14,"[53, 13]",1.0539309978485107
257,UniformMacro,9,2,12,"[37, 61]",1.0317513942718506
257,UniformMacro,10,2,10,"[13, 38]",0.9911594986915588
257,UniformMacro,11,2,8,"[62, 45]",1.0157454013824463
257,UniformMacro,12,2,6,"[37, 5]",0.987402081489563
257,UniformMacro,13,2,4,"[54, 13]",0.9425262212753296
257,UniformMacro,14,2,2,"[37, 6]",0.950497031211853
257,UniformMacro,15,2,0,"[54, 22]",0.9334789514541626
257,UniformMacro,16,0,0,[],1.0539168119430542
258,UniformMacro,0,2,30,"[14, 30]",0.06771142035722733
258,UniformMacro,1,2,28,"[13, 29]",0.08906345814466476
258,UniformMacro,2,2,26,"[13, 29]",0.13378553092479706
258,UniformMacro,3,2,24,"[13, 29]",0.2751496732234955
258,UniformMacro,4,2,22,"[53, 13]",0.5760090351104736
258,UniformMacro,5,2,20,"[13, 29]",0.820705771446228
258,UniformMacro,6,2,18,"[54, 5]",0.958624541759491
258,UniformMacro,7,2,16,"[13, 37]",1.0666570663452148
258,UniformMacro,8,2,14,"[13, 61]",1.1198070049285889
258,UniformMacro,9,2,12,"[61, 38]",1.1194961071014404
258,UniformMacro,10,2,10,"[14, 38]",1.0485018491744995
258,UniformMacro,11,2,8,"[46, 13]",1.0235146284103394
258,UniformMacro,12,2,6,"[38, 14]",1.0351625680923462
258,UniformMacro,13,2,4,"[37, 21]",1.098018765449524
258,UniformMacro,14,2,2,"[14, 54]",1.0708694458007812
258,UniformMacro,15,2,0,"[22, 6]",0.9855743646621704
258,UniformMacro,16,0,0,[],0.9566404223442078
259,UniformMacro,0,2,30,"[14, 30]",0.06644798815250397
259,UniformMacro,1,2,28,"[13, 29]",0.08331315964460373
259,UniformMacro,2,2,26,"[13, 29]",0.10099729895591736
259,UniformMacro,3,2,24,"[13, 29]",0.13105593621730804
259,UniformMacro,4,2,22,"[53, 13]",0.17555321753025055
259,UniformMacro,5,2,20,"[13, 45]",0.2807338535785675
259,UniformMacro,6,2,18,"[5, 54]",0.5584624409675598
259,UniformMacro,7,2,16,"[13, 37]",0.9156662225723267
259,UniformMacro,8,2,14,"[53, 13]",1.0436562299728394
259,UniformMacro,9,2,12,"[37, 61]",1.0391595363616943
259,UniformMacro,10,2,10,"[13, 38]",1.0040088891983032
259,UniformMacro,11,2,8,"[62, 45]",1.0219565629959106
259,UniformMacro,12,2,6,"[37, 5]",1.0087151527404785
259,UniformMacro,13,2,4,"[54, 13]",0.9530343413352966
259,UniformMacro,14,2,2,"[37, 6]",0.9300403594970703
259,UniformMacro,15,2,0,"[54, 22]",0.8811140656471252
259,UniformMacro,16,0,0,[],0.9650588631629944
260,UniformMacro,0,2,30,"[14, 30]",0.06672514230012894
260,UniformMacro,1,2,28,"[13, 29]",0.08450982719659805
260,UniformMacro,2,2,26,"[13, 29]",0.10845670104026794
260,UniformMacro,3,2,24,"[13, 29]",0.16907641291618347
260,UniformMacro,4,2,22,"[53, 13]",0.3505955934524536
260,UniformMacro,5,2,20,"[13, 29]",0.6611163020133972
260,UniformMacro,6,2,18,"[53, 5]",0.8873579502105713
260,UniformMacro,7,2,16,"[37, 53]",1.0444170236587524
260,UniformMacro,8,2,14,"[21, 37]",1.0885202884674072
260,UniformMacro,9,2,12,"[61, 21]",1.0108609199523926
260,UniformMacro,10,2,10,"[38, 5]",1.0438482761383057
260,UniformMacro,11,2,8,"[62, 5]",1.017942190170288
260,UniformMacro,12,2,6,"[46, 6]",0.9957861304283142
260,UniformMacro,13,2,4,"[46, 14]",1.0178301334381104
260,UniformMacro,14,2,2,"[37, 6]",1.062917709350586
260,UniformMacro,15,2,0,"[22, 54]",1.1136316061019897
260,UniformMacro,16,0,0,[],1.095996618270874
261,UniformMacro,0,2,30,"[14, 30]",0.06861386448144913
261,UniformMacro,1,2,28,"[13, 29]",0.09037098288536072
261,UniformMacro,2,2,26,"[13, 29]",0.13630414009094238
261,UniformMacro,3,2,24,"[13, 29]",0.28267526626586914
261,UniformMacro,4,2,22,"[53, 13]",0.5896627306938171
261,UniformMacro,5,2,20,"[13, 37]",0.8424287438392639
261,UniformMacro,6,2,18,"[54, 5]",0.9859514236450195
261,UniformMacro,7,2,16,"[13, 37]",1.0822422504425049
261,UniformMacro,8,2,14,"[13, 61]",1.1528511047363281
261,UniformMacro,9,2,12,"[61, 38]",1.1343666315078735
261,UniformMacro,10,2,10,"[14, 38]",1.068579077720642
261,UniformMacro,11,2,8,"[46, 13]",1.0012755393981934
261,UniformMacro,12,2,6,"[46, 13]",0.9902634620666504
261,UniformMacro,13,2,4,"[37, 54]",0.9784976243972778
261,UniformMacro,14,2,2,"[54, 22]",0.9740512371063232
261,UniformMacro,15,2,0,"[22, 45]",0.9804692268371582
261,UniformMacro,16,0,0,[],0.9742069244384766
262,UniformMacro,0,2,30,"[14, 30]",0.06715773046016693
262,UniformMacro,1,2,28,"[13, 29]",0.08666359633207321
262,UniformMacro,2,2,26,"[13, 29]",0.12154562771320343
262,UniformMacro,3,2,24,"[13, 29]",0.2293017953634262
262,UniformMacro,4,2,22,"[53, 13]",0.5001452565193176
262,UniformMacro,5,2,20,"[13, 29]",0.7774879932403564
262,UniformMacro,6,2,18,"[54, 5]",0.939245879650116
262,UniformMacro,7,2,16,"[13, 37]",1.072864055633545
262,UniformMacro,8,2,14,"[61, 13]",1.102423071861267
262,UniformMacro,9,2,12,"[61, 38]",1.1003596782684326
262,UniformMacro,10,2,10,"[14, 38]",1.0955806970596313
262,UniformMacro,11,2,8,"[29, 13]",1.0866931676864624
262,UniformMacro,12,2,6,"[14, 62]",1.0875829458236694
262,UniformMacro,13,2,4,"[21, 46]",1.1531356573104858
262,UniformMacro,14,2,2,"[22, 6]",1.0945708751678467
262,UniformMacro,15,2,0,"[22, 53]",1.036407232284546
262,UniformMacro,16,0,0,[],1.0645629167556763
263,UniformMacro,0,2,30,"[14, 30]",0.06715689599514008
263,UniformMacro,1,2,28,"[13, 29]",0.08638755977153778
263,UniformMacro,2,2,26,"[13, 29]",0.11974090337753296
263,UniformMacro,3,2,24,"[13, 29]",0.22210972011089325
263,UniformMacro,4,2,22,"[53, 13]",0.4871205687522888
263,UniformMacro,5,2,20,"[13, 29]",0.7728811502456665
263,UniformMacro,6,2,18,"[53, 5]",0.9458447694778442
263,UniformMacro,7,2,16,"[13, 37]",1.082592487335205
263,UniformMacro,8,2,14,"[61, 13]",1.1078931093215942
263,UniformMacro,9,2,12,"[61, 38]",1.0952569246292114
263,UniformMacro,10,2,10,"[38, 5]",1.094618797302246
263,UniformMacro,11,2,8,"[22, 38]",1.0922021865844727
263,UniformMacro,12,2,6,"[14, 62]",1.0903748273849487
263,UniformMacro,13,2,4,"[37, 14]",1.1272859573364258
263,UniformMacro,14,2,2,"[29, 14]",1.100597858428955
263,UniformMacro,15,2,0,"[54, 14]",1.045112133026123
263,UniformMacro,16,0,0,[],1.067838430404663
264,UniformMacro,0,2,30,"[14, 30]",0.06664300709962845
264,UniformMacro,1,2,28,"[13, 29]",0.0840269923210144
264,UniformMacro,2,2,26,"[13, 29]",0.10526163876056671
264,UniformMacro,3,2,24,"[13, 29]",0.15301257371902466
264,UniformMacro,4,2,22,"[53, 13]",0.29161614179611206
264,UniformMacro,5,2,20,"[13, 45]",0.5917022228240967
264,UniformMacro,6,2,18,"[6, 54]",0.8738548159599304
264,UniformMacro,7,2,16,"[13, 37]",1.0747398138046265
264,UniformMacro,8,2,14,"[61, 13]",1.1205499172210693
264,UniformMacro,9,2,12,"[61, 37]",1.0469297170639038
264,UniformMacro,10,2,10,"[14, 38]",1.0201691389083862
264,UniformMacro,11,2,8,"[62, 13]",1.0183459520339966
264,UniformMacro,12,2,6,"[37, 14]",1.0093191862106323
264,UniformMacro,13,2,4,"[37, 62]",1.0406863689422607
264,UniformMacro,14,2,2,"[14, 54]",1.0371426343917847
264,UniformMacro,15,2,0,"[54, 22]",1.0346466302871704
264,UniformMacro,16,0,0,[],1.0860787630081177
265,UniformMacro,0,2,30,"[14, 30]",0.06768888235092163
265,UniformMacro,1,2,28,"[13, 29]",0.08742135018110275
265,UniformMacro,2,2,26,"[13, 29]",0.12377040088176727
265,UniformMacro,3,2,24,"[13, 29]",0.23892493546009064
265,UniformMacro,4,2,22,"[53, 13]",0.5211644172668457
265,UniformMacro,5,2,20,"[13, 29]",0.7975755333900452
265,UniformMacro,6,2,18,"[54, 5]",0.9592063426971436
265,UniformMacro,7,2,16,"[37, 13]",1.0855251550674438
265,UniformMacro,8,2,14,"[61, 13]",1.1059637069702148
265,UniformMacro,9,2,12,"[61, 37]",1.0657799243927002
265,UniformMacro,10,2,10,"[38, 5]",1.079981803894043
265,UniformMacro,11,2,8,"[6, 62]",1.028952717781067
265,UniformMacro,12,2,6,"[21, 46]",1.0390595197677612
265,UniformMacro,13,2,4,"[14, 46]",1.0742186307907104
265,UniformMacro,14,2,2,"[14, 6]",1.0614715814590454
265,UniformMacro,15,2,0,"[54, 14]",0.9924588799476624
265,UniformMacro,16,0,0,[],0.9781548380851746
266,UniformMacro,0,2,30,"[14, 30]",0.0665922462940216
266,UniformMacro,1,2,28,"[13, 29]",0.08393099904060364
266,UniformMacro,2,2,26,"[13, 29]",0.10465917736291885
266,UniformMacro,3,2,24,"[13, 29]",0.14909955859184265
266,UniformMacro,4,2,22,"[53, 13]",0.274381160736084
266,UniformMacro,5,2,20,"[13, 45]",0.5557737350463867
266,UniformMacro,6,2,18,"[6, 54]",0.8469187021255493
266,UniformMacro,7,2,16,"[13, 37]",1.061898946762085
266,UniformMacro,8,2,14,"[61, 13]",1.114017367362976
266,UniformMacro,9,2,12,"[61, 37]",1.039961814880371
266,UniformMacro,10,2,10,"[14, 38]",0.9924592971801758
266,UniformMacro,11,2,8,"[62, 46]",0.9764809608459473
266,UniformMacro,12,2,6,"[37, 21]",0.967481791973114
266,UniformMacro,13,2,4,"[37, 14]",0.9910398721694946
266,UniformMacro,14,2,2,"[14, 54]",0.9718353152275085
266,UniformMacro,15,2,0,"[54, 14]",0.9431005120277405
266,UniformMacro,16,0,0,[],1.0267438888549805
267,UniformMacro,0,2,30,"[14, 30]",0.06656178086996078
267,UniformMacro,1,2,28,"[13, 29]",0.08388534933328629
267,UniformMacro,2,2,26,"[13, 29]",0.10443956404924393
267,UniformMacro,3,2,24,"[13, 29]",0.1476045697927475
267,UniformMacro,4,2,22,"[53, 13]",0.26700785756111145
267,UniformMacro,5,2,20,"[13, 29]",0.5455470681190491
267,UniformMacro,6,2,18,"[53, 5]",0.8142915368080139
267,UniformMacro,7,2,16,"[53, 37]",1.0080639123916626
267,UniformMacro,8,2,14,"[21, 37]",1.0769784450531006
267,UniformMacro,9,2,12,"[61, 21]",0.9856550097465515
267,UniformMacro,10,2,10,"[38, 5]",0.9830783605575562
267,UniformMacro,11,2,8,"[62, 5]",0.9629446864128113
267,UniformMacro,12,2,6,"[45, 46]",0.943709135055542
267,UniformMacro,13,2,4,"[29, 14]",0.9330232739448547
267,UniformMacro,14,2,2,"[37, 6]",0.9490571022033691
267,UniformMacro,15,2,0,"[22, 46]",0.9502506852149963
267,UniformMacro,16,0,0,[],0.932793140411377
268,UniformMacro,0,2,30,"[14, 30]",0.06706231832504272
268,UniformMacro,1,2,28,"[13, 29]",0.0853390246629715
268,UniformMacro,2,2,26,"[13, 29]",0.113177590072155
268,UniformMacro,3,2,24,"[13, 29]",0.19391565024852753
268,UniformMacro,4,2,22,"[53, 13]",0.42441093921661377
268,UniformMacro,5,2,20,"[13, 29]",0.7335250973701477
268,UniformMacro,6,2,18,"[53, 5]",0.9275503158569336
268,UniformMacro,7,2,16,"[37, 53]",1.0464321374893188
268,UniformMacro,8,2,14,"[21, 37]",1.0711969137191772
268,UniformMacro,9,2,12,"[61, 21]",1.051255226135254
268,UniformMacro,10,2,10,"[38, 5]",1.0493643283843994
268,UniformMacro,11,2,8,"[62, 5]",1.0196655988693237
268,UniformMacro,12,2,6,"[46, 29]",1.0421230792999268
268,UniformMacro,13,2,4,"[14, 46]",1.120397925376892
268,UniformMacro,14,2,2,"[46, 6]",1.1410325765609741
268,UniformMacro,15,2,0,"[14, 46]",1.0848153829574585
268,UniformMacro,16,0,0,[],1.0657552480697632
269,UniformMacro,0,2,30,"[14, 30]",0.06662137061357498
269,UniformMacro,1,2,28,"[13, 29]",0.08432042598724365
269,UniformMacro,2,2,26,"[13, 29]",0.10722026973962784
269,UniformMacro,3,2,24,"[13, 29]",0.16176746785640717
269,UniformMacro,4,2,22,"[53, 13]",0.31915244460105896
269,UniformMacro,5,2,20,"[13, 29]",0.623071551322937
269,UniformMacro,6,2,18,"[53, 5]",0.8501163125038147
269,UniformMacro,7,2,16,"[13, 37]",1.0625050067901611
269,UniformMacro,8,2,14,"[61, 13]",1.0868083238601685
269,UniformMacro,9,2,12,"[61, 38]",1.053763508796692
269,UniformMacro,10,2,10,"[14, 38]",1.0429009199142456
269,UniformMacro,11,2,8,"[29, 45]",0.9966931343078613
269,UniformMacro,12,2,6,"[6, 62]",1.017749547958374
269,UniformMacro,13,2,4,"[29, 54]",0.9971057176589966
269,UniformMacro,14,2,2,"[54, 14]",0.9716187715530396
269,UniformMacro,15,2,0,"[14, 37]",0.9918683171272278
269,UniformMacro,16,0,0,[],1.0578339099884033
270,UniformMacro,0,2,30,"[14, 30]",0.06730501353740692
270,UniformMacro,1,2,28,"[13, 29]",0.0862327516078949
270,UniformMacro,2,2,26,"[13, 29]",0.11809924989938736
270,UniformMacro,3,2,24,"[13, 29]",0.2160453498363495
270,UniformMacro,4,2,22,"[53, 13]",0.47618168592453003
270,UniformMacro,5,2,20,"[13, 29]",0.7701483964920044
270,UniformMacro,6,2,18,"[53, 5]",0.9453153610229492
270,UniformMacro,7,2,16,"[13, 37]",1.080991268157959
270,UniformMacro,8,2,14,"[61, 13]",1.1034796237945557
270,UniformMacro,9,2,12,"[61, 37]",1.0637047290802002
270,UniformMacro,10,2,10,"[53, 38]",1.0692569017410278
270,UniformMacro,11,2,8,"[13, 45]",1.032533049583435
270,UniformMacro,12,2,6,"[6, 38]",1.0295531749725342
270,UniformMacro,13,2,4,"[21, 6]",1.0777102708816528
270,UniformMacro,14,2,2,"[14, 54]",1.0415832996368408
270,UniformMacro,15,2,0,"[14, 53]",1.0233358144760132
270,UniformMacro,16,0,0,[],1.0669411420822144
271,UniformMacro,0,2,30,"[14, 30]",0.06653597950935364
271,UniformMacro,1,2,28,"[13, 29]",0.08379030227661133
271,UniformMacro,2,2,26,"[13, 29]",0.10388955473899841
271,UniformMacro,3,2,24,"[13, 29]",0.14472085237503052
271,UniformMacro,4,2,22,"[53, 13]",0.25206515192985535
271,UniformMacro,5,2,20,"[13, 29]",0.518645167350769
271,UniformMacro,6,2,18,"[53, 5]",0.7908321022987366
271,UniformMacro,7,2,16,"[53, 37]",0.9884483814239502
271,UniformMacro,8,2,14,"[21, 37]",1.0712864398956299
271,UniformMacro,9,2,12,"[61, 21]",0.9852461218833923
271,UniformMacro,10,2,10,"[38, 5]",0.9733343720436096
271,UniformMacro,11,2,8,"[62, 5]",0.9631022214889526
271,UniformMacro,12,2,6,"[45, 22]",0.9425874352455139
271,UniformMacro,13,2,4,"[14, 38]",0.9314934015274048
271,UniformMacro,14,2,2,"[37, 6]",0.9237493872642517
271,UniformMacro,15,2,0,"[22, 46]",0.9373044967651367
271,UniformMacro,16,0,0,[],0.9147477149963379
272,UniformMacro,0,2,30,"[14, 30]",0.06732025742530823
272,UniformMacro,1,2,28,"[13, 29]",0.08786055445671082
272,UniformMacro,2,2,26,"[13, 29]",0.12780559062957764
272,UniformMacro,3,2,24,"[13, 29]",0.25250405073165894
272,UniformMacro,4,2,22,"[53, 13]",0.538125216960907
272,UniformMacro,5,2,20,"[13, 29]",0.7952038049697876
272,UniformMacro,6,2,18,"[54, 5]",0.9377207159996033
272,UniformMacro,7,2,16,"[13, 37]",1.055325984954834
272,UniformMacro,8,2,14,"[13, 53]",1.1096776723861694
272,UniformMacro,9,2,12,"[61, 5]",1.1307543516159058
272,UniformMacro,10,2,10,"[14, 45]",1.0867888927459717
272,UniformMacro,11,2,8,"[46, 45]",1.0730184316635132
272,UniformMacro,12,2,6,"[46, 14]",1.081339955329895
272,UniformMacro,13,2,4,"[46, 21]",1.118890643119812
272,UniformMacro,14,2,2,"[14, 54]",1.0501399040222168
272,UniformMacro,15,2,0,"[29, 54]",0.9789760708808899
272,UniformMacro,16,0,0,[],0.986900269985199
273,UniformMacro,0,2,30,"[14, 30]",0.06668414175510406
273,UniformMacro,1,2,28,"[13, 29]",0.08398738503456116
273,UniformMacro,2,2,26,"[13, 29]",0.10465901345014572
273,UniformMacro,3,2,24,"[13, 29]",0.15079717338085175
273,UniformMacro,4,2,22,"[53, 13]",0.28320175409317017
273,UniformMacro,5,2,20,"[13, 45]",0.5860940217971802
273,UniformMacro,6,2,18,"[6, 54]",0.8765712976455688
273,UniformMacro,7,2,16,"[13, 37]",1.0716625452041626
273,UniformMacro,8,2,14,"[61, 13]",1.1100220680236816
273,UniformMacro,9,2,12,"[61, 37]",1.0413732528686523
273,UniformMacro,10,2,10,"[14, 54]",1.0151656866073608
273,UniformMacro,11,2,8,"[46, 13]",1.0114028453826904
273,UniformMacro,12,2,6,"[37, 46]",1.021068811416626
273,UniformMacro,13,2,4,"[37, 14]",1.0464065074920654
273,UniformMacro,14,2,2,"[14, 54]",1.0872248411178589
273,UniformMacro,15,2,0,"[14, 54]",1.0671273469924927
273,UniformMacro,16,0,0,[],1.0799990892410278
274,UniformMacro,0,2,30,"[14, 30]",0.06650341302156448
274,UniformMacro,1,2,28,"[13, 29]",0.08357682079076767
274,UniformMacro,2,2,26,"[13, 29]",0.10258108377456665
274,UniformMacro,3,2,24,"[13, 29]",0.1380310207605362
274,UniformMacro,4,2,22,"[53, 13]",0.21746233105659485
274,UniformMacro,5,2,20,"[13, 45]",0.4214782416820526
274,UniformMacro,6,2,18,"[5, 54]",0.739648699760437
274,UniformMacro,7,2,16,"[13, 37]",1.0065706968307495
274,UniformMacro,8,2,14,"[53, 13]",1.0630565881729126
274,UniformMacro,9,2,12,"[37, 61]",1.0376427173614502
274,UniformMacro,10,2,10,"[13, 38]",0.9790494441986084
274,UniformMacro,11,2,8,"[62, 46]",0.9766785502433777
274,UniformMacro,12,2,6,"[37, 21]",0.9743661284446716
274,UniformMacro,13,2,4,"[54, 21]",0.9426361322402954
274,UniformMacro,14,2,2,"[14, 54]",0.9292986392974854
274,UniformMacro,15,2,0,"[45, 22]",0.9067710638046265
274,UniformMacro,16,0,0,[],1.016074299812317
275,UniformMacro,0,2,30,"[14, 30]",0.06651676446199417
275,UniformMacro,1,2,28,"[13, 29]",0.08378563076257706
275,UniformMacro,2,2,26,"[13, 29]",0.10391378402709961
275,UniformMacro,3,2,24,"[13, 29]",0.14457844197750092
275,UniformMacro,4,2,22,"[53, 13]",0.24511133134365082
275,UniformMacro,5,2,20,"[13, 45]",0.4856427311897278
275,UniformMacro,6,2,18,"[21, 5]",0.7878262400627136
275,UniformMacro,7,2,16,"[53, 5]",0.950234055519104
275,UniformMacro,8,2,14,"[29, 5]",1.0749770402908325
275,UniformMacro,9,2,12,"[61, 46]",1.055168628692627
275,UniformMacro,10,2,10,"[37, 30]",0.9798909425735474
275,UniformMacro,11,2,8,"[22, 5]",0.9686048626899719
275,UniformMacro,12,2,6,"[38, 6]",0.9315943121910095
275,UniformMacro,13,2,4,"[53, 22]",0.9055167436599731
275,UniformMacro,14,2,2,"[45, 14]",0.9546768069267273
275,UniformMacro,15,2,0,"[6, 38]",1.0100780725479126
275,UniformMacro,16,0,0,[],1.0755195617675781
276,UniformMacro,0,2,30,"[14, 30]",0.06801533699035645
276,UniformMacro,1,2,28,"[13, 29]",0.08991074562072754
276,UniformMacro,2,2,26,"[13, 29]",0.137292742729187
276,UniformMacro,3,2,24,"[13, 29]",0.287124365568161
276,UniformMacro,4,2,22,"[53, 13]",0.5937826633453369
276,UniformMacro,5,2,20,"[13, 29]",0.8323799967765808
276,UniformMacro,6,2,18,"[54, 5]",0.9687939286231995
276,UniformMacro,7,2,16,"[13, 37]",1.0742740631103516
276,UniformMacro,8,2,14,"[13, 61]",1.123119831085205
276,UniformMacro,9,2,12,"[61, 38]",1.1156656742095947
276,UniformMacro,10,2,10,"[14, 38]",1.0476378202438354
276,UniformMacro,11,2,8,"[13, 46]",0.9993767142295837
276,UniformMacro,12,2,6,"[14, 38]",1.0197629928588867
276,UniformMacro,13,2,4,"[37, 21]",1.0741150379180908
276,UniformMacro,14,2,2,"[14, 54]",1.0601253509521484
276,UniformMacro,15,2,0,"[22, 53]",0.9812957644462585
276,UniformMacro,16,0,0,[],0.9619455933570862
277,UniformMacro,0,2,30,"[14, 30]",0.06670910865068436
277,UniformMacro,1,2,28,"[13, 29]",0.08464475721120834
277,UniformMacro,2,2,26,"[13, 29]",0.10925379395484924
277,UniformMacro,3,2,24,"[13, 29]",0.17265930771827698
277,UniformMacro,4,2,22,"[53, 13]",0.3606318235397339
277,UniformMacro,5,2,20,"[13, 29]",0.6685133576393127
277,UniformMacro,6,2,18,"[53, 5]",0.8825693726539612
277,UniformMacro,7,2,16,"[13, 37]",1.0797141790390015
277,UniformMacro,8,2,14,"[61, 13]",1.0972882509231567
277,UniformMacro,9,2,12,"[61, 38]",1.0580211877822876
277,UniformMacro,10,2,10,"[14, 53]",1.0623607635498047
277,UniformMacro,11,2,8,"[46, 29]",1.0261493921279907
277,UniformMacro,12,2,6,"[14, 38]",1.0400625467300415
277,UniformMacro,13,2,4,"[14, 62]",1.0277541875839233
277,UniformMacro,14,2,2,"[14, 37]",1.016853928565979
277,UniformMacro,15,2,0,"[14, 54]",1.0213533639907837
277,UniformMacro,16,0,0,[],1.0455559492111206
278,UniformMacro,0,2,30,"[14, 30]",0.06778636574745178
278,UniformMacro,1,2,28,"[13, 29]",0.08770832419395447
278,UniformMacro,2,2,26,"[13, 29]",0.1249636709690094
278,UniformMacro,3,2,24,"[13, 29]",0.2434646636247635
278,UniformMacro,4,2,22,"[53, 13]",0.5293893814086914
278,UniformMacro,5,2,20,"[13, 29]",0.8032714128494263
278,UniformMacro,6,2,18,"[54, 5]",0.9628341794013977
278,UniformMacro,7,2,16,"[37, 13]",1.086509346961975
278,UniformMacro,8,2,14,"[61, 13]",1.1066805124282837
278,UniformMacro,9,2,12,"[61, 37]",1.0700016021728516
278,UniformMacro,10,2,10,"[38, 5]",1.0863428115844727
278,UniformMacro,11,2,8,"[21, 6]",1.0480711460113525
278,UniformMacro,12,2,6,"[6, 46]",1.0413689613342285
278,UniformMacro,13,2,4,"[62, 46]",1.0738065242767334
278,UniformMacro,14,2,2,"[14, 37]",1.0588480234146118
278,UniformMacro,15,2,0,"[14, 54]",1.0099905729293823
278,UniformMacro,16,0,0,[],0.9941939115524292
279,UniformMacro,0,2,30,"[14, 30]",0.06646955758333206
279,UniformMacro,1,2,28,"[13, 29]",0.08339916169643402
279,UniformMacro,2,2,26,"[13, 29]",0.10146760195493698
279,UniformMacro,3,2,24,"[13, 29]",0.13305222988128662
279,UniformMacro,4,2,22,"[53, 13]",0.18975131213665009
279,UniformMacro,5,2,20,"[13, 45]",0.339158296585083
279,UniformMacro,6,2,18,"[5, 54]",0.6652228832244873
279,UniformMacro,7,2,16,"[13, 37]",0.9816742539405823
279,UniformMacro,8,2,14,"[53, 13]",1.0698591470718384
279,UniformMacro,9,2,12,"[37, 61]",1.0434277057647705
279,UniformMacro,10,2,10,"[13, 38]",0.9934518337249756
279,UniformMacro,11,2,8,"[62, 46]",1.0094352960586548
279,UniformMacro,12,2,6,"[37, 21]",1.0151461362838745
279,UniformMacro,13,2,4,"[54, 21]",0.9795801639556885
279,UniformMacro,14,2,2,"[14, 45]",0.949292004108429
279,UniformMacro,15,2,0,"[22, 45]",0.9205471873283386
279,UniformMacro,16,0,0,[],0.999794602394104
280,UniformMacro,0,2,30,"[14, 30]",0.06676512956619263
280,UniformMacro,1,2,28,"[13, 29]",0.0845484584569931
280,UniformMacro,2,2,26,"[13, 29]",0.10863050818443298
280,UniformMacro,3,2,24,"[13, 29]",0.1704651415348053
280,UniformMacro,4,2,22,"[53, 13]",0.3555856943130493
280,UniformMacro,5,2,20,"[13, 45]",0.6719405651092529
280,UniformMacro,6,2,18,"[6, 54]",0.9059346318244934
280,UniformMacro,7,2,16,"[13, 37]",1.0812805891036987
280,UniformMacro,8,2,14,"[61, 13]",1.1229830980300903
280,UniformMacro,9,2,12,"[61, 37]",1.0611238479614258
280,UniformMacro,10,2,10,"[14, 38]",1.0464344024658203
280,UniformMacro,11,2,8,"[62, 13]",1.057511806488037
280,UniformMacro,12,2,6,"[37, 14]",1.0301930904388428
280,UniformMacro,13,2,4,"[37, 54]",1.0958105325698853
280,UniformMacro,14,2,2,"[14, 45]",1.0776640176773071
280,UniformMacro,15,2,0,"[22, 54]",1.0490357875823975
280,UniformMacro,16,0,0,[],1.0753529071807861
281,UniformMacro,0,2,30,"[14, 30]",0.067018523812294
281,UniformMacro,1,2,28,"[13, 29]",0.08644035458564758
281,UniformMacro,2,2,26,"[13, 29]",0.11999011784791946
281,UniformMacro,3,2,24,"[13, 29]",0.22136661410331726
281,UniformMacro,4,2,22,"[53, 13]",0.48048943281173706
281,UniformMacro,5,2,20,"[13, 29]",0.760781466960907
281,UniformMacro,6,2,18,"[54, 5]",0.9210860729217529
281,UniformMacro,7,2,16,"[13, 37]",1.0605953931808472
281,UniformMacro,8,2,14,"[61, 13]",1.0949110984802246
281,UniformMacro,9,2,12,"[61, 38]",1.1191929578781128
281,UniformMacro,10,2,10,"[14, 38]",1.090273141860962
281,UniformMacro,11,2,8,"[29, 45]",1.0691890716552734
281,UniformMacro,12,2,6,"[14, 62]",1.05076265335083
281,UniformMacro,13,2,4,"[14, 54]",1.075570821762085
281,UniformMacro,14,2,2,"[54, 37]",1.0459293127059937
281,UniformMacro,15,2,0,"[22, 54]",0.9788690209388733
281,UniformMacro,16,0,0,[],0.965662956237793
282,UniformMacro,0,2,30,"[14, 30]",0.06645401567220688
282,UniformMacro,1,2,28,"[13, 29]",0.08334168046712875
282,UniformMacro,2,2,26,"[13, 29]",0.10117124766111374
282,UniformMacro,3,2,24,"[13, 29]",0.13174478709697723
282,UniformMacro,4,2,22,"[53, 13]",0.18067118525505066
282,UniformMacro,5,2,20,"[13, 45]",0.30168581008911133
282,UniformMacro,6,2,18,"[5, 54]",0.5979747772216797
282,UniformMacro,7,2,16,"[13, 37]",0.9382833242416382
282,UniformMacro,8,2,14,"[53, 13]",1.052040934562683
282,UniformMacro,9,2,12,"[37, 61]",1.0361138582229614
282,UniformMacro,10,2,10,"[13, 38]",0.9983827471733093
282,UniformMacro,11,2,8,"[62, 45]",1.0232218503952026
282,UniformMacro,12,2,6,"[37, 5]",1.001816987991333
282,UniformMacro,13,2,4,"[54, 13]",0.9562463760375977
282,UniformMacro,14,2,2,"[37, 6]",0.9451196789741516
282,UniformMacro,15,2,0,"[54, 22]",0.9134367108345032
282,UniformMacro,16,0,0,[],1.0104089975357056
283,UniformMacro,0,2,30,"[14, 30]",0.0679505243897438
283,UniformMacro,1,2,28,"[13, 29]",0.08954502642154694
283,UniformMacro,2,2,26,"[13, 29]",0.13552823662757874
283,UniformMacro,3,2,24,"[13, 29]",0.28132662177085876
283,UniformMacro,4,2,22,"[53, 13]",0.5865634679794312
283,UniformMacro,5,2,20,"[13, 29]",0.8304259777069092
283,UniformMacro,6,2,18,"[54, 5]",0.9715341925621033
283,UniformMacro,7,2,16,"[13, 37]",1.0781930685043335
283,UniformMacro,8,2,14,"[61, 13]",1.1212464570999146
283,UniformMacro,9,2,12,"[61, 38]",1.1133488416671753
283,UniformMacro,10,2,10,"[14, 38]",1.0592597723007202
283,UniformMacro,11,2,8,"[13, 46]",1.0139470100402832
283,UniformMacro,12,2,6,"[38, 14]",1.033109188079834
283,UniformMacro,13,2,4,"[37, 21]",1.0859589576721191
283,UniformMacro,14,2,2,"[14, 54]",1.071661114692688
283,UniformMacro,15,2,0,"[22, 6]",1.0050266981124878
283,UniformMacro,16,0,0,[],0.9742072820663452
284,UniformMacro,0,2,30,"[14, 30]",0.06833665072917938
284,UniformMacro,1,2,28,"[13, 29]",0.08956417441368103
284,UniformMacro,2,2,26,"[13, 29]",0.13319139182567596
284,UniformMacro,3,2,24,"[13, 29]",0.2725221812725067
284,UniformMacro,4,2,22,"[53, 13]",0.5752923488616943
284,UniformMacro,5,2,20,"[13, 37]",0.8349753618240356
284,UniformMacro,6,2,18,"[54, 5]",0.9816099405288696
284,UniformMacro,7,2,16,"[13, 37]",1.0795003175735474
284,UniformMacro,8,2,14,"[13, 61]",1.1474943161010742
284,UniformMacro,9,2,12,"[61, 38]",1.1274545192718506
284,UniformMacro,10,2,10,"[14, 38]",1.069573163986206
284,UniformMacro,11,2,8,"[46, 13]",1.001041054725647
284,UniformMacro,12,2,6,"[37, 13]",0.9951831698417664
284,UniformMacro,13,2,4,"[54, 21]",1.023281216621399
284,UniformMacro,14,2,2,"[54, 14]",1.0050407648086548
284,UniformMacro,15,2,0,"[30, 54]",0.9938353896141052
284,UniformMacro,16,0,0,[],1.0162177085876465
285,UniformMacro,0,2,30,"[14, 30]",0.06698264181613922
285,UniformMacro,1,2,28,"[13, 29]",0.08628316968679428
285,UniformMacro,2,2,26,"[13, 29]",0.11904637515544891
285,UniformMacro,3,2,24,"[13, 29]",0.21696555614471436
285,UniformMacro,4,2,22,"[53, 13]",0.4704842269420624
285,UniformMacro,5,2,20,"[13, 29]",0.7546914219856262
285,UniformMacro,6,2,18,"[53, 5]",0.9164804816246033
285,UniformMacro,7,2,16,"[13, 37]",1.05521821975708
285,UniformMacro,8,2,14,"[13, 53]",1.086008906364441
285,UniformMacro,9,2,12,"[61, 38]",1.1279019117355347
285,UniformMacro,10,2,10,"[14, 38]",1.076369285583496
285,UniformMacro,11,2,8,"[46, 29]",1.06134831905365
285,UniformMacro,12,2,6,"[14, 46]",1.0482522249221802
285,UniformMacro,13,2,4,"[14, 62]",1.0645085573196411
285,UniformMacro,14,2,2,"[54, 14]",1.0250612497329712
285,UniformMacro,15,2,0,"[14, 37]",1.0188995599746704
285,UniformMacro,16,0,0,[],1.0398823022842407
286,UniformMacro,0,2,30,"[14, 30]",0.06750065088272095
286,UniformMacro,1,2,28,"[13, 29]",0.08808218687772751
286,UniformMacro,2,2,26,"[13, 29]",0.12896719574928284
286,UniformMacro,3,2,24,"[13, 29]",0.25804731249809265
286,UniformMacro,4,2,22,"[53, 13]",0.5507156848907471
286,UniformMacro,5,2,20,"[13, 29]",0.8079898953437805
286,UniformMacro,6,2,18,"[54, 5]",0.9558502435684204
286,UniformMacro,7,2,16,"[13, 37]",1.0717934370040894
286,UniformMacro,8,2,14,"[61, 13]",1.111539363861084
286,UniformMacro,9,2,12,"[61, 38]",1.109623670578003
286,UniformMacro,10,2,10,"[14, 38]",1.0722332000732422
286,UniformMacro,11,2,8,"[29, 13]",1.0439972877502441
286,UniformMacro,12,2,6,"[14, 46]",1.0762035846710205
286,UniformMacro,13,2,4,"[37, 21]",1.1420656442642212
286,UniformMacro,14,2,2,"[14, 22]",1.1126731634140015
286,UniformMacro,15,2,0,"[54, 14]",1.026746153831482
286,UniformMacro,16,0,0,[],1.0376673936843872
287,UniformMacro,0,2,30,"[14, 30]",0.06692176312208176
287,UniformMacro,1,2,28,"[13, 29]",0.0853826105594635
287,UniformMacro,2,2,26,"[13, 29]",0.1138831377029419
287,UniformMacro,3,2,24,"[13, 29]",0.19613078236579895
287,UniformMacro,4,2,22,"[53, 13]",0.4283948540687561
287,UniformMacro,5,2,20,"[13, 29]",0.7317334413528442
287,UniformMacro,6,2,18,"[53, 5]",0.923378586769104
287,UniformMacro,7,2,16,"[13, 37]",1.0834367275238037
287,UniformMacro,8,2,14,"[61, 13]",1.1026917695999146
287,UniformMacro,9,2,12,"[61, 38]",1.0774030685424805
287,UniformMacro,10,2,10,"[53, 38]",1.0786207914352417
287,UniformMacro,11,2,8,"[21, 14]",1.0758137702941895
287,UniformMacro,12,2,6,"[38, 6]",1.0601674318313599
287,UniformMacro,13,2,4,"[62, 14]",1.0824750661849976
287,UniformMacro,14,2,2,"[14, 37]",1.031099796295166
287,UniformMacro,15,2,0,"[14, 54]",1.0166372060775757
287,UniformMacro,16,0,0,[],1.0537161827087402
288,UniformMacro,0,2,30,"[14, 30]",0.06699632108211517
288,UniformMacro,1,2,28,"[13, 29]",0.08599913120269775
288,UniformMacro,2,2,26,"[13, 29]",0.11767076700925827
288,UniformMacro,3,2,24,"[13, 29]",0.2127370983362198
288,UniformMacro,4,2,22,"[53, 13]",0.46587541699409485
288,UniformMacro,5,2,20,"[13, 29]",0.7554726600646973
288,UniformMacro,6,2,18,"[53, 5]",0.9305251240730286
288,UniformMacro,7,2,16,"[13, 37]",1.0767322778701782
288,UniformMacro,8,2,14,"[61, 13]",1.100230097770691
288,UniformMacro,9,2,12,"[61, 38]",1.0975393056869507
288,UniformMacro,10,2,10,"[14, 38]",1.0913324356079102
288,UniformMacro,11,2,8,"[29, 13]",1.099595308303833
288,UniformMacro,12,2,6,"[14, 62]",1.0903781652450562
288,UniformMacro,13,2,4,"[37, 14]",1.1279432773590088
288,UniformMacro,14,2,2,"[29, 6]",1.0866466760635376
288,UniformMacro,15,2,0,"[54, 22]",1.003188967704773
288,UniformMacro,16,0,0,[],1.0208938121795654
289,UniformMacro,0,2,30,"[14, 30]",0.06740698218345642
289,UniformMacro,1,2,28,"[13, 29]",0.08655187487602234
289,UniformMacro,2,2,26,"[13, 29]",0.11970218271017075
289,UniformMacro,3,2,24,"[13, 29]",0.22277022898197174
289,UniformMacro,4,2,22,"[53, 13]",0.4902198016643524
289,UniformMacro,5,2,20,"[13, 29]",0.7791948914527893
289,UniformMacro,6,2,18,"[53, 5]",0.9495104551315308
289,UniformMacro,7,2,16,"[13, 37]",1.0803362131118774
289,UniformMacro,8,2,14,"[61, 13]",1.1060041189193726
289,UniformMacro,9,2,12,"[61, 37]",1.0691739320755005
289,UniformMacro,10,2,10,"[53, 38]",1.0739295482635498
289,UniformMacro,11,2,8,"[13, 45]",1.0285730361938477
289,UniformMacro,12,2,6,"[6, 21]",1.0407129526138306
289,UniformMacro,13,2,4,"[46, 14]",1.0663692951202393
289,UniformMacro,14,2,2,"[14, 37]",1.046749472618103
289,UniformMacro,15,2,0,"[14, 53]",1.0322599411010742
289,UniformMacro,16,0,0,[],1.078117847442627
290,UniformMacro,0,2,30,"[14, 30]",0.0666210949420929
290,UniformMacro,1,2,28,"[13, 29]",0.08420803397893906
290,UniformMacro,2,2,26,"[13, 29]",0.10647940635681152
290,UniformMacro,3,2,24,"[13, 29]",0.1582372635602951
290,UniformMacro,4,2,22,"[53, 13]",0.3092103600502014
290,UniformMacro,5,2,20,"[13, 29]",0.608413815498352
290,UniformMacro,6,2,18,"[53, 5]",0.8471680283546448
290,UniformMacro,7,2,16,"[37, 53]",1.022411823272705
290,UniformMacro,8,2,14,"[21, 37]",1.0869040489196777
290,UniformMacro,9,2,12,"[61, 21]",0.9904439449310303
290,UniformMacro,10,2,10,"[38, 5]",1.0194729566574097
290,UniformMacro,11,2,8,"[62, 5]",0.992794930934906
290,UniformMacro,12,2,6,"[46, 22]",0.9629168510437012
290,UniformMacro,13,2,4,"[38, 14]",0.9530421495437622
290,UniformMacro,14,2,2,"[37, 6]",0.9769695401191711
290,UniformMacro,15,2,0,"[22, 53]",1.0280226469039917
290,UniformMacro,16,0,0,[],1.008068561553955
291,UniformMacro,0,2,30,"[14, 30]",0.06651587039232254
291,UniformMacro,1,2,28,"[13, 29]",0.0835254043340683
291,UniformMacro,2,2,26,"[13, 29]",0.10204943269491196
291,UniformMacro,3,2,24,"[13, 29]",0.13626214861869812
291,UniformMacro,4,2,22,"[53, 13]",0.2093329280614853
291,UniformMacro,5,2,20,"[13, 45]",0.4145511984825134
291,UniformMacro,6,2,18,"[6, 54]",0.7659499049186707
291,UniformMacro,7,2,16,"[13, 37]",1.0322039127349854
291,UniformMacro,8,2,14,"[53, 13]",1.0873997211456299
291,UniformMacro,9,2,12,"[37, 61]",1.0367463827133179
291,UniformMacro,10,2,10,"[13, 38]",0.9766244888305664
291,UniformMacro,11,2,8,"[62, 5]",0.967570960521698
291,UniformMacro,12,2,6,"[37, 21]",1.0039150714874268
291,UniformMacro,13,2,4,"[54, 37]",1.0140935182571411
291,UniformMacro,14,2,2,"[14, 29]",0.9792301058769226
291,UniformMacro,15,2,0,"[14, 54]",0.9157058000564575
291,UniformMacro,16,0,0,[],0.9275795817375183
292,UniformMacro,0,2,30,"[14, 30]",0.0684192031621933
292,UniformMacro,1,2,28,"[13, 29]",0.09031268954277039
292,UniformMacro,2,2,26,"[13, 29]",0.13731570541858673
292,UniformMacro,3,2,24,"[13, 29]",0.2866443395614624
292,UniformMacro,4,2,22,"[53, 13]",0.5948924422264099
292,UniformMacro,5,2,20,"[13, 29]",0.8372355699539185
292,UniformMacro,6,2,18,"[54, 5]",0.9801189303398132
292,UniformMacro,7,2,16,"[13, 37]",1.0883066654205322
292,UniformMacro,8,2,14,"[61, 13]",1.1166945695877075
292,UniformMacro,9,2,12,"[61, 37]",1.1028461456298828
292,UniformMacro,10,2,10,"[38, 5]",1.0669935941696167
292,UniformMacro,11,2,8,"[46, 14]",1.0104670524597168
292,UniformMacro,12,2,6,"[14, 38]",1.027213215827942
292,UniformMacro,13,2,4,"[21, 46]",1.0623857975006104
292,UniformMacro,14,2,2,"[14, 22]",1.0684399604797363
292,UniformMacro,15,2,0,"[54, 22]",0.9975687265396118
292,UniformMacro,16,0,0,[],0.9720245003700256
293,UniformMacro,0,2,30,"[14, 30]",0.06761851161718369
293,UniformMacro,1,2,28,"[13, 29]",0.08884432166814804
293,UniformMacro,2,2,26,"[13, 29]",0.13285648822784424
293,UniformMacro,3,2,24,"[13, 29]",0.27182242274284363
293,UniformMacro,4,2,22,"[53, 13]",0.5704978108406067
293,UniformMacro,5,2,20,"[13, 29]",0.816464364528656
293,UniformMacro,6,2,18,"[54, 5]",0.9529650211334229
293,UniformMacro,7,2,16,"[13, 37]",1.0619828701019287
293,UniformMacro,8,2,14,"[13, 61]",1.1189299821853638
293,UniformMacro,9,2,12,"[61, 38]",1.1228443384170532
293,UniformMacro,10,2,10,"[14, 38]",1.0491375923156738
293,UniformMacro,11,2,8,"[46, 29]",1.01706862449646
293,UniformMacro,12,2,6,"[14, 46]",1.0190092325210571
293,UniformMacro,13,2,4,"[46, 21]",1.0860267877578735
293,UniformMacro,14,2,2,"[14, 45]",1.0584925413131714
293,UniformMacro,15,2,0,"[22, 54]",0.985296368598938
293,UniformMacro,16,0,0,[],0.9598437547683716
294,UniformMacro,0,2,30,"[14, 30]",0.06710973381996155
294,UniformMacro,1,2,28,"[13, 29]",0.0868864506483078
294,UniformMacro,2,2,26,"[13, 29]",0.12251140177249908
294,UniformMacro,3,2,24,"[13, 29]",0.2315773069858551
294,UniformMacro,4,2,22,"[53, 13]",0.4998507797718048
294,UniformMacro,5,2,20,"[13, 29]",0.7709381580352783
294,UniformMacro,6,2,18,"[54, 5]",0.9203882217407227
294,UniformMacro,7,2,16,"[13, 37]",1.0481852293014526
294,UniformMacro,8,2,14,"[13, 53]",1.094271183013916
294,UniformMacro,9,2,12,"[61, 5]",1.1234813928604126
294,UniformMacro,10,2,10,"[14, 45]",1.098117470741272
294,UniformMacro,11,2,8,"[46, 45]",1.0889227390289307
294,UniformMacro,12,2,6,"[46, 14]",1.069211721420288
294,UniformMacro,13,2,4,"[46, 14]",1.0963072776794434
294,UniformMacro,14,2,2,"[14, 54]",1.0370229482650757
294,UniformMacro,15,2,0,"[54, 14]",0.9815570116043091
294,UniformMacro,16,0,0,[],1.000557541847229
295,UniformMacro,0,2,30,"[14, 30]",0.06661249697208405
295,UniformMacro,1,2,28,"[13, 29]",0.08407595008611679
295,UniformMacro,2,2,26,"[13, 29]",0.10563977807760239
295,UniformMacro,3,2,24,"[13, 29]",0.15409307181835175
295,UniformMacro,4,2,22,"[53, 13]",0.2953340709209442
295,UniformMacro,5,2,20,"[13, 29]",0.5918973684310913
295,UniformMacro,6,2,18,"[53, 5]",0.8508292436599731
295,UniformMacro,7,2,16,"[53, 37]",1.0337105989456177
295,UniformMacro,8,2,14,"[21, 37]",1.0850696563720703
295,UniformMacro,9,2,12,"[61, 21]",0.9942470192909241
295,UniformMacro,10,2,10,"[38, 5]",1.010406494140625
295,UniformMacro,11,2,8,"[62, 5]",0.9828812479972839
295,UniformMacro,12,2,6,"[46, 6]",0.9573369026184082
295,UniformMacro,13,2,4,"[46, 6]",0.9641708731651306
295,UniformMacro,14,2,2,"[37, 6]",1.008734941482544
295,UniformMacro,15,2,0,"[22, 46]",1.0484219789505005
295,UniformMacro,16,0,0,[],1.0809946060180664
296,UniformMacro,0,2,30,"[14, 30]",0.066852867603302
296,UniformMacro,1,2,28,"[13, 29]",0.08453407138586044
296,UniformMacro,2,2,26,"[13, 29]",0.10818295925855637
296,UniformMacro,3,2,24,"[13, 29]",0.16942881047725677
296,UniformMacro,4,2,22,"[53, 13]",0.3532800078392029
296,UniformMacro,5,2,20,"[13, 45]",0.6759036183357239
296,UniformMacro,6,2,18,"[6, 21]",0.9032445549964905
296,UniformMacro,7,2,16,"[53, 13]",1.0466411113739014
296,UniformMacro,8,2,14,"[29, 13]",1.1273642778396606
296,UniformMacro,9,2,12,"[61, 14]",1.063698172569275
296,UniformMacro,10,2,10,"[45, 54]",1.0693391561508179
296,UniformMacro,11,2,8,"[37, 13]",1.055537223815918
296,UniformMacro,12,2,6,"[54, 30]",0.9922891855239868
296,UniformMacro,13,2,4,"[6, 62]",0.9868586659431458
296,UniformMacro,14,2,2,"[45, 30]",0.9787195920944214
296,UniformMacro,15,2,0,"[14, 45]",0.9245090484619141
296,UniformMacro,16,0,0,[],0.9499863386154175
297,UniformMacro,0,2,30,"[14, 30]",0.06678299605846405
297,UniformMacro,1,2,28,"[13, 29]",0.0852278545498848
297,UniformMacro,2,2,26,"[13, 29]",0.11273570358753204
297,UniformMacro,3,2,24,"[13, 29]",0.18827661871910095
297,UniformMacro,4,2,22,"[53, 13]",0.4004015624523163
297,UniformMacro,5,2,20,"[13, 29]",0.7051423788070679
297,UniformMacro,6,2,18,"[53, 5]",0.8926966190338135
297,UniformMacro,7,2,16,"[13, 37]",1.063949465751648
297,UniformMacro,8,2,14,"[29, 53]",1.1065585613250732
297,UniformMacro,9,2,12,"[21, 61]",1.086464524269104
297,UniformMacro,10,2,10,"[13, 38]",1.0525188446044922
297,UniformMacro,11,2,8,"[62, 45]",1.0271612405776978
297,UniformMacro,12,2,6,"[46, 6]",1.024989128112793
297,UniformMacro,13,2,4,"[62, 13]",1.0222971439361572
297,UniformMacro,14,2,2,"[6, 53]",0.979803204536438
297,UniformMacro,15,2,0,"[22, 45]",1.0033546686172485
297,UniformMacro,16,0,0,[],0.9738579988479614
298,UniformMacro,0,2,30,"[14, 30]",0.0665489062666893
298,UniformMacro,1,2,28,"[13, 29]",0.08348583430051804
298,UniformMacro,2,2,26,"[13, 29]",0.10162238031625748
298,UniformMacro,3,2,24,"[13, 29]",0.1350470781326294
298,UniformMacro,4,2,22,"[53, 13]",0.20471160113811493
298,UniformMacro,5,2,20,"[13, 45]",0.41071638464927673
298,UniformMacro,6,2,18,"[6, 54]",0.7658836841583252
298,UniformMacro,7,2,16,"[13, 37]",1.0312175750732422
298,UniformMacro,8,2,14,"[53, 13]",1.083875298500061
298,UniformMacro,9,2,12,"[37, 61]",1.0244488716125488
298,UniformMacro,10,2,10,"[13, 38]",0.9890668988227844
298,UniformMacro,11,2,8,"[62, 5]",0.9523203372955322
298,UniformMacro,12,2,6,"[37, 21]",0.9684949517250061
298,UniformMacro,13,2,4,"[54, 37]",0.981364905834198
298,UniformMacro,14,2,2,"[14, 29]",1.0252432823181152
298,UniformMacro,15,2,0,"[14, 54]",1.0160385370254517
298,UniformMacro,16,0,0,[],1.04348886013031
299,UniformMacro,0,2,30,"[14, 30]",0.06655943393707275
299,UniformMacro,1,2,28,"[13, 29]",0.08381795883178711
299,UniformMacro,2,2,26,"[13, 29]",0.1039464920759201
299,UniformMacro,3,2,24,"[13, 29]",0.14501112699508667
299,UniformMacro,4,2,22,"[53, 13]",0.2551206350326538
299,UniformMacro,5,2,20,"[13, 45]",0.5165238976478577
299,UniformMacro,6,2,18,"[6, 54]",0.8204247355461121
299,UniformMacro,7,2,16,"[13, 37]",1.047221302986145
299,UniformMacro,8,2,14,"[53, 13]",1.0823163986206055
299,UniformMacro,9,2,12,"[37, 61]",1.0403915643692017
299,UniformMacro,10,2,10,"[13, 38]",0.9851210117340088
299,UniformMacro,11,2,8,"[62, 46]",0.969614565372467
299,UniformMacro,12,2,6,"[37, 5]",0.9750484824180603
299,UniformMacro,13,2,4,"[54, 13]",0.9807075262069702
299,UniformMacro,14,2,2,"[37, 14]",0.9393078088760376
299,UniformMacro,15,2,0,"[53, 14]",0.9084675312042236
299,UniformMacro,16,0,0,[],0.9682590365409851
250,GradientMacro,0,4,28,"[14, 30, 45, 61]",0.05847490206360817
250,GradientMacro,1,4,24,"[13, 29, 45, 22]",0.070032998919487
250,GradientMacro,2,4,20,"[13, 29, 45, 22]",0.10061215609312057
250,GradientMacro,3,4,16,"[13, 29, 45, 61]",0.134828582406044
250,GradientMacro,4,4,12,"[21, 53, 5, 37]",0.20032572746276855
250,GradientMacro,5,4,8,"[5, 37, 21, 61]",0.44210851192474365
250,GradientMacro,6,4,4,"[37, 5, 29, 53]",0.6998166441917419
250,GradientMacro,7,4,0,"[13, 61, 45, 29]",0.8522144556045532
250,GradientMacro,8,0,0,[],0.9755663275718689
250,GradientMacro,9,0,0,[],1.072314739227295
250,GradientMacro,10,0,0,[],1.0994240045547485
250,GradientMacro,11,0,0,[],1.1259831190109253
250,GradientMacro,12,0,0,[],1.1318862438201904
250,GradientMacro,13,0,0,[],1.1657962799072266
250,GradientMacro,14,0,0,[],1.2434967756271362
250,GradientMacro,15,0,0,[],1.3298289775848389
250,GradientMacro,16,0,0,[],1.3523311614990234
251,GradientMacro,0,4,28,"[14, 30, 45, 61]",0.0584103949368
251,GradientMacro,1,4,24,"[13, 29, 45, 22]",0.06966613978147507
251,GradientMacro,2,4,20,"[13, 29, 45, 22]",0.09924910217523575
251,GradientMacro,3,4,16,"[13, 29, 45, 61]",0.1278938353061676
251,GradientMacro,4,4,12,"[21, 53, 5, 37]",0.1586395800113678
251,GradientMacro,5,4,8,"[5, 37, 21, 61]",0.32128408551216125
251,GradientMacro,6,4,4,"[37, 5, 29, 53]",0.6021057963371277
251,GradientMacro,7,4,0,"[13, 61, 45, 29]",0.8164117932319641
251,GradientMacro,8,0,0,[],0.929314911365509
251,GradientMacro,9,0,0,[],1.0448086261749268
251,GradientMacro,10,0,0,[],1.0602656602859497
251,GradientMacro,11,0,0,[],1.1310126781463623
251,GradientMacro,12,0,0,[],1.128470778465271
251,GradientMacro,13,0,0,[],1.158425211906433
251,GradientMacro,14,0,0,[],1.2104759216308594
251,GradientMacro,15,0,0,[],1.279396414756775
251,GradientMacro,16,0,0,[],1.3053687810897827
252,GradientMacro,0,4,28,"[14, 30, 45, 61]",0.05875147134065628
252,GradientMacro,1,4,24,"[13, 29, 45, 22]",0.07163739949464798
252,GradientMacro,2,4,20,"[13, 29, 45, 22]",0.10834193229675293
252,GradientMacro,3,4,16,"[13, 29, 45, 61]",0.17651771008968353
252,GradientMacro,4,4,12,"[21, 53, 5, 37]",0.3705611824989319
252,GradientMacro,5,4,8,"[5, 37, 21, 61]",0.6683205962181091
252,GradientMacro,6,4,4,"[37, 5, 29, 61]",0.809525728225708
252,GradientMacro,7,4,0,"[61, 5, 21, 45]",0.9185999631881714
252,GradientMacro,8,0,0,[],1.042864203453064
252,GradientMacro,9,0,0,[],1.1163917779922485
252,GradientMacro,10,0,0,[],1.1769646406173706
252,GradientMacro,11,0,0,[],1.1865274906158447
252,GradientMacro,12,0,0,[],1.1416149139404297
252,GradientMacro,13,0,0,[],1.0857906341552734
252,GradientMacro,14,0,0,[],1.0888243913650513
252,GradientMacro,15,0,0,[],1.1119011640548706
252,GradientMacro,16,0,0,[],1.1013318300247192
253,GradientMacro,0,4,28,"[14, 30, 45, 61]",0.05871421843767166
253,GradientMacro,1,4,24,"[13, 29, 45, 22]",0.07107377797365189
253,GradientMacro,2,4,20,"[13, 29, 45, 22]",0.10676465928554535
253,GradientMacro,3,4,16,"[13, 29, 45, 61]",0.170771524310112
253,GradientMacro,4,4,12,"[21, 53, 5, 37]",0.36374256014823914
253,GradientMacro,5,4,8,"[5, 37, 21, 61]",0.6749147176742554
253,GradientMacro,6,4,4,"[37, 5, 61, 29]",0.8189599514007568
253,GradientMacro,7,4,0,"[61, 5, 21, 45]",0.933961033821106
253,GradientMacro,8,0,0,[],1.0653722286224365
253,GradientMacro,9,0,0,[],1.1094547510147095
253,GradientMacro,10,0,0,[],1.1415566205978394
253,GradientMacro,11,0,0,[],1.171004056930542
253,GradientMacro,12,0,0,[],1.1323801279067993
253,GradientMacro,13,0,0,[],1.1063010692596436
253,GradientMacro,14,0,0,[],1.155530571937561
253,GradientMacro,15,0,0,[],1.185041904449463
253,GradientMacro,16,0,0,[],1.1642107963562012
254,GradientMacro,0,4,28,"[14, 30, 45, 61]",0.05956946313381195
254,GradientMacro,1,4,24,"[13, 29, 45, 22]",0.0747075080871582
254,GradientMacro,2,4,20,"[13, 29, 45, 22]",0.12497547268867493
254,GradientMacro,3,4,16,"[13, 29, 45, 61]",0.24850119650363922
254,GradientMacro,4,4,12,"[21, 53, 5, 37]",0.5459951162338257
254,GradientMacro,5,4,8,"[5, 37, 21, 61]",0.7905562520027161
254,GradientMacro,6,4,4,"[37, 5, 61, 29]",0.8783546686172485
254,GradientMacro,7,4,0,"[61, 13, 45, 29]",1.007818579673767
254,GradientMacro,8,0,0,[],1.0797525644302368
254,GradientMacro,9,0,0,[],1.087403655052185
254,GradientMacro,10,0,0,[],1.0930626392364502
254,GradientMacro,11,0,0,[],1.0684164762496948
254,GradientMacro,12,0,0,[],1.064213752746582
254,GradientMacro,13,0,0,[],1.1455192565917969
254,GradientMacro,14,0,0,[],1.2051352262496948
254,GradientMacro,15,0,0,[],1.185308575630188
254,GradientMacro,16,0,0,[],1.1094743013381958
255,GradientMacro,0,4,28,"[14, 30, 45, 61]",0.058599576354026794
255,GradientMacro,1,4,24,"[13, 29, 45, 22]",0.07085540890693665
255,GradientMacro,2,4,20,"[13, 29, 45, 22]",0.10428928583860397
255,GradientMacro,3,4,16,"[13, 29, 45, 61]",0.15469874441623688
255,GradientMacro,4,4,12,"[21, 53, 5, 37]",0.29346784949302673
255,GradientMacro,5,4,8,"[5, 37, 21, 61]",0.5927594900131226
255,GradientMacro,6,4,4,"[37, 5, 29, 53]",0.7801450490951538
255,GradientMacro,7,4,0,"[13, 61, 45, 29]",0.8927722573280334
255,GradientMacro,8,0,0,[],1.0170639753341675
255,GradientMacro,9,0,0,[],1.0955027341842651
255,GradientMacro,10,0,0,[],1.1527873277664185
255,GradientMacro,11,0,0,[],1.1479426622390747
255,GradientMacro,12,0,0,[],1.1357945203781128
255,GradientMacro,13,0,0,[],1.1505117416381836
255,GradientMacro,14,0,0,[],1.2002898454666138
255,GradientMacro,15,0,0,[],1.2609399557113647
255,GradientMacro,16,0,0,[],1.2871421575546265
256,GradientMacro,0,4,28,"[14, 30, 45, 61]",0.059005655348300934
256,GradientMacro,1,4,24,"[13, 29, 45, 22]",0.0728197991847992
256,GradientMacro,2,4,20,"[13, 29, 45, 22]",0.11517293006181717
256,GradientMacro,3,4,16,"[13, 29, 45, 61]",0.21009641885757446
256,GradientMacro,4,4,12,"[21, 53, 5, 37]",0.46158090233802795
256,GradientMacro,5,4,8,"[5, 37, 21, 61]",0.7310066223144531
256,GradientMacro,6,4,4,"[37, 5, 61, 29]",0.8321763873100281
256,GradientMacro,7,4,0,"[61, 5, 21, 45]",0.9490092396736145
256,GradientMacro,8,0,0,[],1.0583114624023438
256,GradientMacro,9,0,0,[],1.110060453414917
256,GradientMacro,10,0,0,[],1.1491864919662476
256,GradientMacro,11,0,0,[],1.172959804534912
256,GradientMacro,12,0,0,[],1.126744031906128
256,GradientMacro,13,0,0,[],1.1021181344985962
256,GradientMacro,14,0,0,[],1.1156550645828247
256,GradientMacro,15,0,0,[],1.0908191204071045
256,GradientMacro,16,0,0,[],1.0204646587371826
257,GradientMacro,0,4,28,"[14, 30, 45, 61]",0.05839422345161438
257,GradientMacro,1,4,24,"[13, 29, 45, 22]",0.0696067288517952
257,GradientMacro,2,4,20,"[13, 29, 45, 22]",0.0990389883518219
257,GradientMacro,3,4,16,"[13, 29, 45, 61]",0.126854807138443
257,GradientMacro,4,4,12,"[21, 53, 5, 37]",0.1497810184955597
257,GradientMacro,5,4,8,"[5, 37, 21, 61]",0.2827719748020172
257,GradientMacro,6,4,4,"[37, 5, 29, 53]",0.5496945977210999
257,GradientMacro,7,4,0,"[13, 61, 45, 29]",0.7885177731513977
257,GradientMacro,8,0,0,[],0.9188767671585083
257,GradientMacro,9,0,0,[],1.0365415811538696
257,GradientMacro,10,0,0,[],1.051770567893982
257,GradientMacro,11,0,0,[],1.1391725540161133
257,GradientMacro,12,0,0,[],1.1304893493652344
257,GradientMacro,13,0,0,[],1.166436791419983
257,GradientMacro,14,0,0,[],1.2143871784210205
257,GradientMacro,15,0,0,[],1.2856242656707764
257,GradientMacro,16,0,0,[],1.309792399406433
258,GradientMacro,0,4,28,"[14, 30, 45, 61]",0.059713538736104965
258,GradientMacro,1,4,24,"[13, 29, 45, 22]",0.07578198611736298
258,GradientMacro,2,4,20,"[13, 29, 45, 22]",0.12980923056602478
258,GradientMacro,3,4,16,"[13, 29, 45, 61]",0.2663875222206116
258,GradientMacro,4,4,12,"[21, 53, 5, 37]",0.5698795914649963
258,GradientMacro,5,4,8,"[5, 37, 21, 61]",0.794424295425415
258,GradientMacro,6,4,4,"[37, 5, 61, 29]",0.8764355182647705
258,GradientMacro,7,4,0,"[61, 13, 45, 29]",1.0040534734725952
258,GradientMacro,8,0,0,[],1.062495231628418
258,GradientMacro,9,0,0,[],1.090457558631897
258,GradientMacro,10,0,0,[],1.0947273969650269
258,GradientMacro,11,0,0,[],1.0689374208450317
258,GradientMacro,12,0,0,[],1.0591598749160767
258,GradientMacro,13,0,0,[],1.1465790271759033
258,GradientMacro,14,0,0,[],1.1705963611602783
258,GradientMacro,15,0,0,[],1.1342968940734863
258,GradientMacro,16,0,0,[],1.0665638446807861
259,GradientMacro,0,4,28,"[14, 30, 45, 61]",0.05837738886475563
259,GradientMacro,1,4,24,"[13, 29, 45, 22]",0.06954488903284073
259,GradientMacro,2,4,20,"[13, 29, 45, 22]",0.09889091551303864
259,GradientMacro,3,4,16,"[13, 29, 45, 61]",0.1262272149324417
259,GradientMacro,4,4,12,"[21, 53, 5, 37]",0.1451539695262909
259,GradientMacro,5,4,8,"[5, 37, 21, 61]",0.2526250183582306
259,GradientMacro,6,4,4,"[37, 5, 29, 53]",0.4904256761074066
259,GradientMacro,7,4,0,"[13, 61, 45, 29]",0.757420539855957
259,GradientMacro,8,0,0,[],0.8925450444221497
259,GradientMacro,9,0,0,[],1.0019233226776123
259,GradientMacro,10,0,0,[],1.027182936668396
259,GradientMacro,11,0,0,[],1.1197558641433716
259,GradientMacro,12,0,0,[],1.1144633293151855
259,GradientMacro,13,0,0,[],1.1679426431655884
259,GradientMacro,14,0,0,[],1.220188856124878
259,GradientMacro,15,0,0,[],1.308391809463501
259,GradientMacro,16,0,0,[],1.3419300317764282
260,GradientMacro,0,4,28,"[14, 30, 45, 61]",0.05866384506225586
260,GradientMacro,1,4,24,"[13, 29, 45, 22]",0.07077780365943909
260,GradientMacro,2,4,20,"[13, 29, 45, 22]",0.10524974763393402
260,GradientMacro,3,4,16,"[13, 29, 45, 61]",0.16196443140506744
260,GradientMacro,4,4,12,"[21, 53, 5, 37]",0.335019588470459
260,GradientMacro,5,4,8,"[5, 37, 21, 61]",0.656879723072052
260,GradientMacro,6,4,4,"[37, 5, 61, 29]",0.8277233839035034
260,GradientMacro,7,4,0,"[61, 5, 21, 45]",0.9465368986129761
260,GradientMacro,8,0,0,[],1.0731196403503418
260,GradientMacro,9,0,0,[],1.108376145362854
260,GradientMacro,10,0,0,[],1.124118447303772
260,GradientMacro,11,0,0,[],1.16190505027771
260,GradientMacro,12,0,0,[],1.130719780921936
260,GradientMacro,13,0,0,[],1.1176238059997559
260,GradientMacro,14,0,0,[],1.1827057600021362
260,GradientMacro,15,0,0,[],1.2241201400756836
260,GradientMacro,16,0,0,[],1.2145483493804932
261,GradientMacro,0,4,28,"[14, 30, 45, 61]",0.060648854821920395
261,GradientMacro,1,4,24,"[14, 29, 45, 61]",0.0826079472899437
261,GradientMacro,2,4,20,"[13, 29, 45, 22]",0.14143699407577515
261,GradientMacro,3,4,16,"[13, 29, 45, 61]",0.29325735569000244
261,GradientMacro,4,4,12,"[13, 29, 53, 5]",0.5978949069976807
261,GradientMacro,5,4,8,"[5, 21, 37, 53]",0.8702074289321899
261,GradientMacro,6,4,4,"[21, 5, 53, 37]",0.9922806620597839
261,GradientMacro,7,4,0,"[37, 13, 61, 30]",1.0881054401397705
261,GradientMacro,8,0,0,[],1.1961694955825806
261,GradientMacro,9,0,0,[],1.2643986940383911
261,GradientMacro,10,0,0,[],1.1829694509506226
261,GradientMacro,11,0,0,[],1.052179217338562
261,GradientMacro,12,0,0,[],1.013010025024414
261,GradientMacro,13,0,0,[],1.0818413496017456
261,GradientMacro,14,0,0,[],1.0876699686050415
261,GradientMacro,15,0,0,[],1.1260223388671875
261,GradientMacro,16,0,0,[],1.104634404182434
262,GradientMacro,0,4,28,"[14, 30, 45, 61]",0.05913497880101204
262,GradientMacro,1,4,24,"[13, 29, 45, 22]",0.07310381531715393
262,GradientMacro,2,4,20,"[13, 29, 45, 22]",0.11759872734546661
262,GradientMacro,3,4,16,"[13, 29, 45, 61]",0.22063910961151123
262,GradientMacro,4,4,12,"[21, 53, 5, 37]",0.49140629172325134
262,GradientMacro,5,4,8,"[5, 37, 21, 61]",0.7587127685546875
262,GradientMacro,6,4,4,"[37, 5, 61, 29]",0.8547497987747192
262,GradientMacro,7,4,0,"[61, 5, 21, 45]",0.9869821071624756
262,GradientMacro,8,0,0,[],1.0965076684951782
262,GradientMacro,9,0,0,[],1.111499547958374
262,GradientMacro,10,0,0,[],1.1226108074188232
262,GradientMacro,11,0,0,[],1.121050477027893
262,GradientMacro,12,0,0,[],1.1049960851669312
262,GradientMacro,13,0,0,[],1.0975420475006104
262,GradientMacro,14,0,0,[],1.1425938606262207
262,GradientMacro,15,0,0,[],1.1490832567214966
262,GradientMacro,16,0,0,[],1.0672630071640015
263,GradientMacro,0,4,28,"[14, 30, 45, 61]",0.05912156403064728
263,GradientMacro,1,4,24,"[13, 29, 45, 22]",0.07286494225263596
263,GradientMacro,2,4,20,"[13, 29, 45, 22]",0.11645791679620743
263,GradientMacro,3,4,16,"[13, 29, 45, 61]",0.21531204879283905
263,GradientMacro,4,4,12,"[21, 53, 5, 37]",0.482822984457016
263,GradientMacro,5,4,8,"[5, 37, 21, 61]",0.7605169415473938
263,GradientMacro,6,4,4,"[37, 5, 61, 29]",0.8635132312774658
263,GradientMacro,7,4,0,"[61, 5, 21, 45]",0.9984696507453918
263,GradientMacro,8,0,0,[],1.110079050064087
263,GradientMacro,9,0,0,[],1.113662838935852
263,GradientMacro,10,0,0,[],1.12498939037323
263,GradientMacro,11,0,0,[],1.1115409135818481
263,GradientMacro,12,0,0,[],1.1040624380111694
263,GradientMacro,13,0,0,[],1.1050195693969727
263,GradientMacro,14,0,0,[],1.1605685949325562
263,GradientMacro,15,0,0,[],1.174210786819458
263,GradientMacro,16,0,0,[],1.1076325178146362
264,GradientMacro,0,4,28,"[14, 30, 45, 61]",0.058574747294187546
264,GradientMacro,1,4,24,"[13, 29, 45, 22]",0.07033094018697739
264,GradientMacro,2,4,20,"[13, 29, 45, 22]",0.10281436145305634
264,GradientMacro,3,4,16,"[13, 29, 45, 61]",0.14810724556446075
264,GradientMacro,4,4,12,"[21, 53, 5, 37]",0.2792174518108368
264,GradientMacro,5,4,8,"[5, 37, 21, 61]",0.6003555655479431
264,GradientMacro,6,4,4,"[37, 5, 29, 53]",0.8233909606933594
264,GradientMacro,7,4,0,"[13, 61, 45, 29]",0.9532769322395325
264,GradientMacro,8,0,0,[],1.0485334396362305
264,GradientMacro,9,0,0,[],1.0906001329421997
264,GradientMacro,10,0,0,[],1.078454613685608
264,GradientMacro,11,0,0,[],1.0959376096725464
264,GradientMacro,12,0,0,[],1.090623378753662
264,GradientMacro,13,0,0,[],1.1729462146759033
264,GradientMacro,14,0,0,[],1.2546831369400024
264,GradientMacro,15,0,0,[],1.2848289012908936
264,GradientMacro,16,0,0,[],1.316023826599121
265,GradientMacro,0,4,28,"[14, 30, 45, 61]",0.059685301035642624
265,GradientMacro,1,4,24,"[13, 29, 45, 22]",0.07426390796899796
265,GradientMacro,2,4,20,"[13, 29, 45, 22]",0.12185634672641754
265,GradientMacro,3,4,16,"[13, 29, 45, 61]",0.2352258712053299
265,GradientMacro,4,4,12,"[21, 53, 5, 37]",0.5268672704696655
265,GradientMacro,5,4,8,"[5, 37, 21, 61]",0.7882674336433411
265,GradientMacro,6,4,4,"[37, 5, 61, 29]",0.8818113207817078
265,GradientMacro,7,4,0,"[61, 13, 45, 29]",1.0062165260314941
265,GradientMacro,8,0,0,[],1.0998070240020752
265,GradientMacro,9,0,0,[],1.091335415840149
265,GradientMacro,10,0,0,[],1.0912787914276123
265,GradientMacro,11,0,0,[],1.0680925846099854
265,GradientMacro,12,0,0,[],1.0648003816604614
265,GradientMacro,13,0,0,[],1.1381323337554932
265,GradientMacro,14,0,0,[],1.234659194946289
265,GradientMacro,15,0,0,[],1.2739800214767456
265,GradientMacro,16,0,0,[],1.2186431884765625
266,GradientMacro,0,4,28,"[14, 30, 45, 61]",0.0585254542529583
266,GradientMacro,1,4,24,"[13, 29, 45, 22]",0.07015474885702133
266,GradientMacro,2,4,20,"[13, 29, 45, 22]",0.10173913836479187
266,GradientMacro,3,4,16,"[13, 29, 45, 61]",0.14227212965488434
266,GradientMacro,4,4,12,"[21, 53, 5, 37]",0.25042977929115295
266,GradientMacro,5,4,8,"[5, 37, 21, 61]",0.5503501892089844
266,GradientMacro,6,4,4,"[37, 5, 29, 53]",0.7854379415512085
266,GradientMacro,7,4,0,"[13, 61, 45, 29]",0.9185886979103088
266,GradientMacro,8,0,0,[],1.0060065984725952
266,GradientMacro,9,0,0,[],1.08015775680542
266,GradientMacro,10,0,0,[],1.0723508596420288
266,GradientMacro,11,0,0,[],1.084948182106018
266,GradientMacro,12,0,0,[],1.0928131341934204
266,GradientMacro,13,0,0,[],1.1791789531707764
266,GradientMacro,14,0,0,[],1.2558561563491821
266,GradientMacro,15,0,0,[],1.3163148164749146
266,GradientMacro,16,0,0,[],1.3588875532150269
267,GradientMacro,0,4,28,"[14, 30, 45, 61]",0.058495789766311646
267,GradientMacro,1,4,24,"[13, 29, 45, 22]",0.07006978243589401
267,GradientMacro,2,4,20,"[13, 29, 45, 22]",0.10112679749727249
267,GradientMacro,3,4,16,"[13, 29, 45, 61]",0.13893045485019684
267,GradientMacro,4,4,12,"[21, 53, 5, 37]",0.23265580832958221
267,GradientMacro,5,4,8,"[5, 37, 21, 61]",0.513918399810791
267,GradientMacro,6,4,4,"[37, 5, 29, 53]",0.7502046227455139
267,GradientMacro,7,4,0,"[13, 61, 45, 29]",0.8843969106674194
267,GradientMacro,8,0,0,[],0.9782485961914062
267,GradientMacro,9,0,0,[],1.073377251625061
267,GradientMacro,10,0,0,[],1.077063798904419
267,GradientMacro,11,0,0,[],1.0908266305923462
267,GradientMacro,12,0,0,[],1.1092535257339478
267,GradientMacro,13,0,0,[],1.1637474298477173
267,GradientMacro,14,0,0,[],1.2405378818511963
267,GradientMacro,15,0,0,[],1.3086068630218506
267,GradientMacro,16,0,0,[],1.351552963256836
268,GradientMacro,0,4,28,"[14, 30, 45, 61]",0.059008605778217316
268,GradientMacro,1,4,24,"[13, 29, 45, 22]",0.07187272608280182
268,GradientMacro,2,4,20,"[13, 29, 45, 22]",0.11106280237436295
268,GradientMacro,3,4,16,"[13, 29, 45, 61]",0.19058583676815033
268,GradientMacro,4,4,12,"[21, 53, 5, 37]",0.4285097122192383
268,GradientMacro,5,4,8,"[5, 37, 21, 61]",0.7420454025268555
268,GradientMacro,6,4,4,"[37, 5, 53, 38]",0.8832457065582275
268,GradientMacro,7,4,0,"[13, 61, 37, 22]",1.037693738937378
268,GradientMacro,8,0,0,[],1.1475611925125122
268,GradientMacro,9,0,0,[],1.1476272344589233
268,GradientMacro,10,0,0,[],1.140559434890747
268,GradientMacro,11,0,0,[],1.111398696899414
268,GradientMacro,12,0,0,[],1.1284005641937256
268,GradientMacro,13,0,0,[],1.1483497619628906
268,GradientMacro,14,0,0,[],1.1795156002044678
268,GradientMacro,15,0,0,[],1.2575030326843262
268,GradientMacro,16,0,0,[],1.2330737113952637
269,GradientMacro,0,4,28,"[14, 30, 45, 61]",0.05855700373649597
269,GradientMacro,1,4,24,"[13, 29, 45, 22]",0.07049038261175156
269,GradientMacro,2,4,20,"[13, 29, 45, 22]",0.10290932655334473
269,GradientMacro,3,4,16,"[13, 29, 45, 61]",0.1486080288887024
269,GradientMacro,4,4,12,"[21, 53, 5, 37]",0.27386021614074707
269,GradientMacro,5,4,8,"[5, 37, 21, 61]",0.5689332485198975
269,GradientMacro,6,4,4,"[37, 5, 29, 53]",0.7625969648361206
269,GradientMacro,7,4,0,"[13, 61, 45, 29]",0.8791542649269104
269,GradientMacro,8,0,0,[],1.0031888484954834
269,GradientMacro,9,0,0,[],1.0825855731964111
269,GradientMacro,10,0,0,[],1.1307666301727295
269,GradientMacro,11,0,0,[],1.1302356719970703
269,GradientMacro,12,0,0,[],1.1278643608093262
269,GradientMacro,13,0,0,[],1.1564531326293945
269,GradientMacro,14,0,0,[],1.2270065546035767
269,GradientMacro,15,0,0,[],1.2911806106567383
269,GradientMacro,16,0,0,[],1.3198258876800537
270,GradientMacro,0,4,28,"[14, 30, 45, 61]",0.05927073955535889
270,GradientMacro,1,4,24,"[13, 29, 45, 22]",0.07288216799497604
270,GradientMacro,2,4,20,"[13, 29, 45, 22]",0.11598136276006699
270,GradientMacro,3,4,16,"[13, 29, 45, 61]",0.2123769074678421
270,GradientMacro,4,4,12,"[21, 53, 5, 37]",0.48104700446128845
270,GradientMacro,5,4,8,"[5, 37, 21, 61]",0.7688952684402466
270,GradientMacro,6,4,4,"[37, 5, 61, 29]",0.8786356449127197
270,GradientMacro,7,4,0,"[61, 13, 45, 29]",0.9989854693412781
270,GradientMacro,8,0,0,[],1.0985918045043945
270,GradientMacro,9,0,0,[],1.0923547744750977
270,GradientMacro,10,0,0,[],1.0975106954574585
270,GradientMacro,11,0,0,[],1.0743881464004517
270,GradientMacro,12,0,0,[],1.0878314971923828
270,GradientMacro,13,0,0,[],1.1509796380996704
270,GradientMacro,14,0,0,[],1.2336852550506592
270,GradientMacro,15,0,0,[],1.2530109882354736
270,GradientMacro,16,0,0,[],1.1810376644134521
271,GradientMacro,0,4,28,"[14, 30, 45, 61]",0.058472372591495514
271,GradientMacro,1,4,24,"[13, 29, 45, 22]",0.06996826082468033
271,GradientMacro,2,4,20,"[13, 29, 45, 22]",0.10049901902675629
271,GradientMacro,3,4,16,"[13, 29, 45, 61]",0.13519202172756195
271,GradientMacro,4,4,12,"[21, 53, 5, 37]",0.21023033559322357
271,GradientMacro,5,4,8,"[5, 37, 21, 61]",0.467204749584198
271,GradientMacro,6,4,4,"[37, 5, 29, 53]",0.7166346311569214
271,GradientMacro,7,4,0,"[13, 61, 45, 29]",0.861217200756073
271,GradientMacro,8,0,0,[],0.9622079133987427
271,GradientMacro,9,0,0,[],1.067388892173767
271,GradientMacro,10,0,0,[],1.0792245864868164
271,GradientMacro,11,0,0,[],1.103655219078064
271,GradientMacro,12,0,0,[],1.1238023042678833
271,GradientMacro,13,0,0,[],1.1634217500686646
271,GradientMacro,14,0,0,[],1.2370984554290771
271,GradientMacro,15,0,0,[],1.3294968605041504
271,GradientMacro,16,0,0,[],1.360291600227356
272,GradientMacro,0,4,28,"[14, 30, 45, 61]",0.05930538475513458
272,GradientMacro,1,4,24,"[13, 29, 45, 22]",0.07431463897228241
272,GradientMacro,2,4,20,"[13, 29, 45, 22]",0.12263454496860504
272,GradientMacro,3,4,16,"[13, 29, 45, 61]",0.2404533475637436
272,GradientMacro,4,4,12,"[21, 53, 5, 37]",0.5223992466926575
272,GradientMacro,5,4,8,"[37, 21, 5, 61]",0.764764130115509
272,GradientMacro,6,4,4,"[37, 5, 61, 29]",0.852633535861969
272,GradientMacro,7,4,0,"[61, 5, 21, 45]",0.9739863276481628
272,GradientMacro,8,0,0,[],1.068890929222107
272,GradientMacro,9,0,0,[],1.1082615852355957
272,GradientMacro,10,0,0,[],1.1271370649337769
272,GradientMacro,11,0,0,[],1.1294552087783813
272,GradientMacro,12,0,0,[],1.1018627882003784
272,GradientMacro,13,0,0,[],1.0827287435531616
272,GradientMacro,14,0,0,[],1.0970605611801147
272,GradientMacro,15,0,0,[],1.0881927013397217
272,GradientMacro,16,0,0,[],1.0063239336013794
273,GradientMacro,0,4,28,"[14, 30, 45, 61]",0.058611515909433365
273,GradientMacro,1,4,24,"[13, 29, 45, 22]",0.07036516815423965
273,GradientMacro,2,4,20,"[13, 29, 45, 22]",0.10279879719018936
273,GradientMacro,3,4,16,"[13, 29, 45, 61]",0.14787715673446655
273,GradientMacro,4,4,12,"[21, 53, 5, 37]",0.28037580847740173
273,GradientMacro,5,4,8,"[5, 37, 21, 61]",0.6079201698303223
273,GradientMacro,6,4,4,"[37, 5, 29, 53]",0.8437199592590332
273,GradientMacro,7,4,0,"[13, 61, 45, 29]",0.9792583584785461
273,GradientMacro,8,0,0,[],1.0725561380386353
273,GradientMacro,9,0,0,[],1.1049691438674927
273,GradientMacro,10,0,0,[],1.0653636455535889
273,GradientMacro,11,0,0,[],1.0946170091629028
273,GradientMacro,12,0,0,[],1.1102828979492188
273,GradientMacro,13,0,0,[],1.1807786226272583
273,GradientMacro,14,0,0,[],1.278641700744629
273,GradientMacro,15,0,0,[],1.317375898361206
273,GradientMacro,16,0,0,[],1.3143662214279175
274,GradientMacro,0,4,28,"[14, 30, 45, 61]",0.05842972919344902
274,GradientMacro,1,4,24,"[13, 29, 45, 22]",0.06978221237659454
274,GradientMacro,2,4,20,"[13, 29, 45, 22]",0.09967291355133057
274,GradientMacro,3,4,16,"[13, 29, 45, 61]",0.13006427884101868
274,GradientMacro,4,4,12,"[21, 53, 5, 37]",0.17561495304107666
274,GradientMacro,5,4,8,"[5, 37, 21, 61]",0.38031983375549316
274,GradientMacro,6,4,4,"[37, 5, 29, 53]",0.6595029830932617
274,GradientMacro,7,4,0,"[13, 61, 45, 29]",0.8414990901947021
274,GradientMacro,8,0,0,[],0.9416199922561646
274,GradientMacro,9,0,0,[],1.0569517612457275
274,GradientMacro,10,0,0,[],1.0718647241592407
274,GradientMacro,11,0,0,[],1.122377872467041
274,GradientMacro,12,0,0,[],1.125948190689087
274,GradientMacro,13,0,0,[],1.1621310710906982
274,GradientMacro,14,0,0,[],1.2208319902420044
274,GradientMacro,15,0,0,[],1.2816187143325806
274,GradientMacro,16,0,0,[],1.313018560409546
275,GradientMacro,0,4,28,"[14, 30, 45, 61]",0.058458831161260605
275,GradientMacro,1,4,24,"[13, 29, 45, 22]",0.06997764110565186
275,GradientMacro,2,4,20,"[13, 29, 45, 22]",0.10039228200912476
275,GradientMacro,3,4,16,"[13, 29, 45, 61]",0.13340070843696594
275,GradientMacro,4,4,12,"[21, 53, 5, 37]",0.19073767960071564
275,GradientMacro,5,4,8,"[5, 37, 21, 61]",0.41921767592430115
275,GradientMacro,6,4,4,"[37, 5, 29, 53]",0.68480384349823
275,GradientMacro,7,4,0,"[13, 61, 45, 29]",0.846094012260437
275,GradientMacro,8,0,0,[],0.9687122702598572
275,GradientMacro,9,0,0,[],1.0697091817855835
275,GradientMacro,10,0,0,[],1.095210313796997
275,GradientMacro,11,0,0,[],1.1271685361862183
275,GradientMacro,12,0,0,[],1.131056308746338
275,GradientMacro,13,0,0,[],1.167128562927246
275,GradientMacro,14,0,0,[],1.245044469833374
275,GradientMacro,15,0,0,[],1.3270699977874756
275,GradientMacro,16,0,0,[],1.3462169170379639
276,GradientMacro,0,4,28,"[14, 30, 45, 61]",0.06003504619002342
276,GradientMacro,1,4,24,"[13, 29, 45, 22]",0.07683097571134567
276,GradientMacro,2,4,20,"[13, 29, 45, 22]",0.13394826650619507
276,GradientMacro,3,4,16,"[13, 29, 45, 61]",0.27962154150009155
276,GradientMacro,4,4,12,"[21, 53, 5, 37]",0.59126216173172
276,GradientMacro,5,4,8,"[5, 37, 21, 61]",0.8072212338447571
276,GradientMacro,6,4,4,"[37, 5, 61, 29]",0.8880308866500854
276,GradientMacro,7,4,0,"[61, 13, 45, 29]",1.0195802450180054
276,GradientMacro,8,0,0,[],1.0742255449295044
276,GradientMacro,9,0,0,[],1.087923526763916
276,GradientMacro,10,0,0,[],1.0851720571517944
276,GradientMacro,11,0,0,[],1.058347225189209
276,GradientMacro,12,0,0,[],1.0440540313720703
276,GradientMacro,13,0,0,[],1.1411277055740356
276,GradientMacro,14,0,0,[],1.1902457475662231
276,GradientMacro,15,0,0,[],1.1732068061828613
276,GradientMacro,16,0,0,[],1.087079405784607
277,GradientMacro,0,4,28,"[14, 30, 45, 61]",0.05865567922592163
277,GradientMacro,1,4,24,"[13, 29, 45, 22]",0.07082043588161469
277,GradientMacro,2,4,20,"[13, 29, 45, 22]",0.10517320781946182
277,GradientMacro,3,4,16,"[13, 29, 45, 61]",0.16238796710968018
277,GradientMacro,4,4,12,"[21, 53, 5, 37]",0.33465930819511414
277,GradientMacro,5,4,8,"[5, 37, 21, 61]",0.6459612846374512
277,GradientMacro,6,4,4,"[37, 5, 61, 29]",0.8039662837982178
277,GradientMacro,7,4,0,"[61, 5, 21, 45]",0.9145808219909668
277,GradientMacro,8,0,0,[],1.0479211807250977
277,GradientMacro,9,0,0,[],1.1039601564407349
277,GradientMacro,10,0,0,[],1.1400048732757568
277,GradientMacro,11,0,0,[],1.163991093635559
277,GradientMacro,12,0,0,[],1.1377360820770264
277,GradientMacro,13,0,0,[],1.1057449579238892
277,GradientMacro,14,0,0,[],1.153846025466919
277,GradientMacro,15,0,0,[],1.2191061973571777
277,GradientMacro,16,0,0,[],1.2092716693878174
278,GradientMacro,0,4,28,"[14, 30, 45, 61]",0.059781983494758606
278,GradientMacro,1,4,24,"[13, 29, 45, 22]",0.07456766813993454
278,GradientMacro,2,4,20,"[13, 29, 45, 22]",0.1229982003569603
278,GradientMacro,3,4,16,"[13, 29, 45, 61]",0.23953600227832794
278,GradientMacro,4,4,12,"[21, 53, 5, 37]",0.5347899794578552
278,GradientMacro,5,4,8,"[5, 37, 21, 61]",0.7913570404052734
278,GradientMacro,6,4,4,"[37, 5, 61, 29]",0.882005512714386
278,GradientMacro,7,4,0,"[61, 5, 21, 38]",1.019301414489746
278,GradientMacro,8,0,0,[],1.125862717628479
278,GradientMacro,9,0,0,[],1.1283559799194336
278,GradientMacro,10,0,0,[],1.102351427078247
278,GradientMacro,11,0,0,[],1.0785479545593262
278,GradientMacro,12,0,0,[],1.0481892824172974
278,GradientMacro,13,0,0,[],1.0897241830825806
278,GradientMacro,14,0,0,[],1.171532392501831
278,GradientMacro,15,0,0,[],1.247270107269287
278,GradientMacro,16,0,0,[],1.2288867235183716
279,GradientMacro,0,4,28,"[14, 30, 45, 61]",0.058403246104717255
279,GradientMacro,1,4,24,"[13, 29, 45, 22]",0.06963104009628296
279,GradientMacro,2,4,20,"[13, 29, 45, 22]",0.09917277842760086
279,GradientMacro,3,4,16,"[13, 29, 45, 61]",0.12777182459831238
279,GradientMacro,4,4,12,"[21, 53, 5, 37]",0.1591687947511673
279,GradientMacro,5,4,8,"[5, 37, 21, 61]",0.32058051228523254
279,GradientMacro,6,4,4,"[37, 5, 29, 53]",0.6139428019523621
279,GradientMacro,7,4,0,"[13, 61, 45, 29]",0.843101978302002
279,GradientMacro,8,0,0,[],0.9383887648582458
279,GradientMacro,9,0,0,[],1.0360432863235474
279,GradientMacro,10,0,0,[],1.0402005910873413
279,GradientMacro,11,0,0,[],1.1057300567626953
279,GradientMacro,12,0,0,[],1.116064429283142
279,GradientMacro,13,0,0,[],1.1554365158081055
279,GradientMacro,14,0,0,[],1.2196295261383057
279,GradientMacro,15,0,0,[],1.317123293876648
279,GradientMacro,16,0,0,[],1.3425334692001343
280,GradientMacro,0,4,28,"[14, 30, 45, 61]",0.05870276689529419
280,GradientMacro,1,4,24,"[13, 29, 45, 22]",0.07089295983314514
280,GradientMacro,2,4,20,"[13, 29, 45, 22]",0.10595454275608063
280,GradientMacro,3,4,16,"[13, 29, 45, 61]",0.1652066856622696
280,GradientMacro,4,4,12,"[21, 53, 5, 37]",0.34789133071899414
280,GradientMacro,5,4,8,"[5, 37, 21, 61]",0.6765117049217224
280,GradientMacro,6,4,4,"[37, 5, 53, 29]",0.8440994620323181
280,GradientMacro,7,4,0,"[13, 61, 45, 29]",0.959455668926239
280,GradientMacro,8,0,0,[],1.0696277618408203
280,GradientMacro,9,0,0,[],1.09725022315979
280,GradientMacro,10,0,0,[],1.1076228618621826
280,GradientMacro,11,0,0,[],1.1141397953033447
280,GradientMacro,12,0,0,[],1.1226892471313477
280,GradientMacro,13,0,0,[],1.1755118370056152
280,GradientMacro,14,0,0,[],1.2521190643310547
280,GradientMacro,15,0,0,[],1.2292401790618896
280,GradientMacro,16,0,0,[],1.2320098876953125
281,GradientMacro,0,4,28,"[14, 30, 45, 61]",0.05898990109562874
281,GradientMacro,1,4,24,"[13, 29, 45, 22]",0.07271336019039154
281,GradientMacro,2,4,20,"[13, 29, 45, 22]",0.11469295620918274
281,GradientMacro,3,4,16,"[13, 29, 45, 61]",0.2080635279417038
281,GradientMacro,4,4,12,"[21, 53, 5, 37]",0.4574727714061737
281,GradientMacro,5,4,8,"[5, 37, 21, 61]",0.7290979027748108
281,GradientMacro,6,4,4,"[37, 5, 61, 29]",0.8312027454376221
281,GradientMacro,7,4,0,"[61, 5, 21, 45]",0.94856858253479
281,GradientMacro,8,0,0,[],1.0593374967575073
281,GradientMacro,9,0,0,[],1.1097043752670288
281,GradientMacro,10,0,0,[],1.1494958400726318
281,GradientMacro,11,0,0,[],1.174367904663086
281,GradientMacro,12,0,0,[],1.1279168128967285
281,GradientMacro,13,0,0,[],1.1045193672180176
281,GradientMacro,14,0,0,[],1.1184396743774414
281,GradientMacro,15,0,0,[],1.0937811136245728
281,GradientMacro,16,0,0,[],1.0261688232421875
282,GradientMacro,0,4,28,"[14, 30, 45, 61]",0.058383695781230927
282,GradientMacro,1,4,24,"[13, 29, 45, 22]",0.06955813616514206
282,GradientMacro,2,4,20,"[13, 29, 45, 22]",0.09893240034580231
282,GradientMacro,3,4,16,"[13, 29, 45, 61]",0.12646310031414032
282,GradientMacro,4,4,12,"[21, 53, 5, 37]",0.14723314344882965
282,GradientMacro,5,4,8,"[5, 37, 21, 61]",0.2668001353740692
282,GradientMacro,6,4,4,"[37, 5, 29, 53]",0.5223884582519531
282,GradientMacro,7,4,0,"[13, 61, 45, 29]",0.7773119807243347
282,GradientMacro,8,0,0,[],0.9040703773498535
282,GradientMacro,9,0,0,[],1.0200668573379517
282,GradientMacro,10,0,0,[],1.0362074375152588
282,GradientMacro,11,0,0,[],1.1303229331970215
282,GradientMacro,12,0,0,[],1.1200573444366455
282,GradientMacro,13,0,0,[],1.1676311492919922
282,GradientMacro,14,0,0,[],1.2169878482818604
282,GradientMacro,15,0,0,[],1.3015871047973633
282,GradientMacro,16,0,0,[],1.3326164484024048
283,GradientMacro,0,4,28,"[14, 30, 45, 61]",0.05997244641184807
283,GradientMacro,1,4,24,"[13, 29, 45, 22]",0.07642917335033417
283,GradientMacro,2,4,20,"[13, 29, 45, 22]",0.1323377788066864
283,GradientMacro,3,4,16,"[13, 29, 45, 61]",0.2741791009902954
283,GradientMacro,4,4,12,"[21, 53, 5, 37]",0.5845072865486145
283,GradientMacro,5,4,8,"[5, 37, 21, 61]",0.8055163025856018
283,GradientMacro,6,4,4,"[37, 5, 61, 29]",0.8873145580291748
283,GradientMacro,7,4,0,"[61, 13, 45, 29]",1.0192729234695435
283,GradientMacro,8,0,0,[],1.0776466131210327
283,GradientMacro,9,0,0,[],1.0862990617752075
283,GradientMacro,10,0,0,[],1.0847870111465454
283,GradientMacro,11,0,0,[],1.0580185651779175
283,GradientMacro,12,0,0,[],1.0439972877502441
283,GradientMacro,13,0,0,[],1.140324354171753
283,GradientMacro,14,0,0,[],1.1969259977340698
283,GradientMacro,15,0,0,[],1.1844737529754639
283,GradientMacro,16,0,0,[],1.0997122526168823
284,GradientMacro,0,4,28,"[14, 30, 45, 61]",0.06036771461367607
284,GradientMacro,1,4,24,"[14, 29, 45, 61]",0.08166421949863434
284,GradientMacro,2,4,20,"[13, 29, 45, 22]",0.13821429014205933
284,GradientMacro,3,4,16,"[13, 29, 45, 61]",0.28322404623031616
284,GradientMacro,4,4,12,"[13, 29, 53, 5]",0.582899808883667
284,GradientMacro,5,4,8,"[5, 21, 37, 53]",0.8624256253242493
284,GradientMacro,6,4,4,"[21, 5, 53, 37]",0.9873532056808472
284,GradientMacro,7,4,0,"[37, 13, 61, 30]",1.0837377309799194
284,GradientMacro,8,0,0,[],1.1938937902450562
284,GradientMacro,9,0,0,[],1.2554141283035278
284,GradientMacro,10,0,0,[],1.178242802619934
284,GradientMacro,11,0,0,[],1.0529788732528687
284,GradientMacro,12,0,0,[],1.0194894075393677
284,GradientMacro,13,0,0,[],1.1056420803070068
284,GradientMacro,14,0,0,[],1.1243823766708374
284,GradientMacro,15,0,0,[],1.1732009649276733
284,GradientMacro,16,0,0,[],1.162662386894226
285,GradientMacro,0,4,28,"[14, 30, 45, 61]",0.058945681899785995
285,GradientMacro,1,4,24,"[13, 29, 45, 22]",0.0725550577044487
285,GradientMacro,2,4,20,"[13, 29, 45, 22]",0.11359526962041855
285,GradientMacro,3,4,16,"[13, 29, 45, 61]",0.20279881358146667
285,GradientMacro,4,4,12,"[21, 53, 5, 37]",0.44370660185813904
285,GradientMacro,5,4,8,"[37, 21, 5, 61]",0.7199518084526062
285,GradientMacro,6,4,4,"[37, 5, 61, 29]",0.8276125192642212
285,GradientMacro,7,4,0,"[61, 5, 21, 45]",0.9418191909790039
285,GradientMacro,8,0,0,[],1.0536627769470215
285,GradientMacro,9,0,0,[],1.111753225326538
285,GradientMacro,10,0,0,[],1.159820795059204
285,GradientMacro,11,0,0,[],1.18201744556427
285,GradientMacro,12,0,0,[],1.1326199769973755
285,GradientMacro,13,0,0,[],1.1052348613739014
285,GradientMacro,14,0,0,[],1.1104804277420044
285,GradientMacro,15,0,0,[],1.0920604467391968
285,GradientMacro,16,0,0,[],1.0405288934707642
286,GradientMacro,0,4,28,"[14, 30, 45, 61]",0.05949592962861061
286,GradientMacro,1,4,24,"[13, 29, 45, 22]",0.07472608238458633
286,GradientMacro,2,4,20,"[13, 29, 45, 22]",0.12517058849334717
286,GradientMacro,3,4,16,"[13, 29, 45, 61]",0.24973388016223907
286,GradientMacro,4,4,12,"[21, 53, 5, 37]",0.5451033711433411
286,GradientMacro,5,4,8,"[5, 37, 21, 61]",0.7852581143379211
286,GradientMacro,6,4,4,"[37, 5, 61, 29]",0.8710708618164062
286,GradientMacro,7,4,0,"[61, 13, 45, 29]",0.9993634223937988
286,GradientMacro,8,0,0,[],1.0670883655548096
286,GradientMacro,9,0,0,[],1.0895437002182007
286,GradientMacro,10,0,0,[],1.096170425415039
286,GradientMacro,11,0,0,[],1.075186848640442
286,GradientMacro,12,0,0,[],1.0687443017959595
286,GradientMacro,13,0,0,[],1.1474601030349731
286,GradientMacro,14,0,0,[],1.1839052438735962
286,GradientMacro,15,0,0,[],1.1562068462371826
286,GradientMacro,16,0,0,[],1.0864466428756714
287,GradientMacro,0,4,28,"[14, 30, 45, 61]",0.05887236446142197
287,GradientMacro,1,4,24,"[13, 29, 45, 22]",0.07172450423240662
287,GradientMacro,2,4,20,"[13, 29, 45, 22]",0.11061342060565948
287,GradientMacro,3,4,16,"[13, 29, 45, 61]",0.18949005007743835
287,GradientMacro,4,4,12,"[21, 53, 5, 37]",0.42139360308647156
287,GradientMacro,5,4,8,"[5, 37, 21, 61]",0.7263942956924438
287,GradientMacro,6,4,4,"[37, 5, 61, 29]",0.8521376252174377
287,GradientMacro,7,4,0,"[61, 5, 21, 45]",0.9804478883743286
287,GradientMacro,8,0,0,[],1.1027891635894775
287,GradientMacro,9,0,0,[],1.1166832447052002
287,GradientMacro,10,0,0,[],1.1336075067520142
287,GradientMacro,11,0,0,[],1.1482105255126953
287,GradientMacro,12,0,0,[],1.1378190517425537
287,GradientMacro,13,0,0,[],1.1244436502456665
287,GradientMacro,14,0,0,[],1.1925756931304932
287,GradientMacro,15,0,0,[],1.1975303888320923
287,GradientMacro,16,0,0,[],1.122439980506897
288,GradientMacro,0,4,28,"[14, 30, 45, 61]",0.058966923505067825
288,GradientMacro,1,4,24,"[13, 29, 45, 22]",0.0723227933049202
288,GradientMacro,2,4,20,"[13, 29, 45, 22]",0.11351683735847473
288,GradientMacro,3,4,16,"[13, 29, 45, 61]",0.20339925587177277
288,GradientMacro,4,4,12,"[21, 53, 5, 37]",0.45314309000968933
288,GradientMacro,5,4,8,"[5, 37, 21, 61]",0.736661434173584
288,GradientMacro,6,4,4,"[37, 5, 61, 29]",0.8432204127311707
288,GradientMacro,7,4,0,"[61, 5, 21, 45]",0.969957172870636
288,GradientMacro,8,0,0,[],1.087742567062378
288,GradientMacro,9,0,0,[],1.1137933731079102
288,GradientMacro,10,0,0,[],1.13382089138031
288,GradientMacro,11,0,0,[],1.1527129411697388
288,GradientMacro,12,0,0,[],1.1265983581542969
288,GradientMacro,13,0,0,[],1.110802412033081
288,GradientMacro,14,0,0,[],1.160407304763794
288,GradientMacro,15,0,0,[],1.1562474966049194
288,GradientMacro,16,0,0,[],1.066468358039856
289,GradientMacro,0,4,28,"[14, 30, 45, 61]",0.059381309896707535
289,GradientMacro,1,4,24,"[13, 29, 45, 22]",0.07324512302875519
289,GradientMacro,2,4,20,"[13, 29, 45, 22]",0.11761603504419327
289,GradientMacro,3,4,16,"[13, 29, 45, 61]",0.21910148859024048
289,GradientMacro,4,4,12,"[21, 53, 5, 37]",0.4954723119735718
289,GradientMacro,5,4,8,"[5, 37, 21, 61]",0.7757105827331543
289,GradientMacro,6,4,4,"[37, 5, 61, 29]",0.8803268671035767
289,GradientMacro,7,4,0,"[61, 13, 45, 29]",1.001516342163086
289,GradientMacro,8,0,0,[],1.0998963117599487
289,GradientMacro,9,0,0,[],1.0927056074142456
289,GradientMacro,10,0,0,[],1.0967531204223633
289,GradientMacro,11,0,0,[],1.073142647743225
289,GradientMacro,12,0,0,[],1.0812509059906006
289,GradientMacro,13,0,0,[],1.1460078954696655
289,GradientMacro,14,0,0,[],1.233980417251587
289,GradientMacro,15,0,0,[],1.2582746744155884
289,GradientMacro,16,0,0,[],1.1899421215057373
290,GradientMacro,0,4,28,"[14, 30, 45, 61]",0.058557625859975815
290,GradientMacro,1,4,24,"[13, 29, 45, 22]",0.07035672664642334
290,GradientMacro,2,4,20,"[13, 29, 45, 22]",0.10248607397079468
290,GradientMacro,3,4,16,"[13, 29, 45, 61]",0.14719630777835846
290,GradientMacro,4,4,12,"[21, 53, 5, 37]",0.27267491817474365
290,GradientMacro,5,4,8,"[5, 37, 21, 61]",0.571814775466919
290,GradientMacro,6,4,4,"[37, 5, 61, 29]",0.7696306109428406
290,GradientMacro,7,4,0,"[61, 5, 21, 45]",0.8795783519744873
290,GradientMacro,8,0,0,[],1.013288974761963
290,GradientMacro,9,0,0,[],1.090464472770691
290,GradientMacro,10,0,0,[],1.1188737154006958
290,GradientMacro,11,0,0,[],1.1336374282836914
290,GradientMacro,12,0,0,[],1.1302273273468018
290,GradientMacro,13,0,0,[],1.1174912452697754
290,GradientMacro,14,0,0,[],1.1916542053222656
290,GradientMacro,15,0,0,[],1.2805473804473877
290,GradientMacro,16,0,0,[],1.2624059915542603
291,GradientMacro,0,4,28,"[14, 30, 45, 61]",0.058440737426280975
291,GradientMacro,1,4,24,"[13, 29, 45, 22]",0.06978099048137665
291,GradientMacro,2,4,20,"[13, 29, 45, 22]",0.10000433772802353
291,GradientMacro,3,4,16,"[13, 29, 45, 61]",0.132284477353096
291,GradientMacro,4,4,12,"[21, 53, 5, 37]",0.1916997879743576
291,GradientMacro,5,4,8,"[5, 37, 21, 61]",0.42693719267845154
291,GradientMacro,6,4,4,"[37, 5, 29, 53]",0.7456244230270386
291,GradientMacro,7,4,0,"[13, 61, 45, 29]",0.9373772740364075
291,GradientMacro,8,0,0,[],1.0245449542999268
291,GradientMacro,9,0,0,[],1.065354824066162
291,GradientMacro,10,0,0,[],1.0171335935592651
291,GradientMacro,11,0,0,[],1.0288805961608887
291,GradientMacro,12,0,0,[],1.077620029449463
291,GradientMacro,13,0,0,[],1.1697998046875
291,GradientMacro,14,0,0,[],1.275215744972229
291,GradientMacro,15,0,0,[],1.3491872549057007
291,GradientMacro,16,0,0,[],1.4007400274276733
292,GradientMacro,0,4,28,"[14, 30, 45, 61]",0.060444824397563934
292,GradientMacro,1,4,24,"[13, 29, 45, 22]",0.07743945717811584
292,GradientMacro,2,4,20,"[13, 29, 45, 22]",0.13504239916801453
292,GradientMacro,3,4,16,"[13, 29, 45, 61]",0.28126612305641174
292,GradientMacro,4,4,12,"[21, 53, 5, 37]",0.5974801778793335
292,GradientMacro,5,4,8,"[37, 5, 21, 61]",0.8150359988212585
292,GradientMacro,6,4,4,"[37, 5, 61, 29]",0.8966177701950073
292,GradientMacro,7,4,0,"[61, 13, 38, 62]",1.0401718616485596
292,GradientMacro,8,0,0,[],1.1193480491638184
292,GradientMacro,9,0,0,[],1.1192673444747925
292,GradientMacro,10,0,0,[],1.075723648071289
292,GradientMacro,11,0,0,[],1.0591460466384888
292,GradientMacro,12,0,0,[],1.0480635166168213
292,GradientMacro,13,0,0,[],1.1312824487686157
292,GradientMacro,14,0,0,[],1.207209825515747
292,GradientMacro,15,0,0,[],1.2392139434814453
292,GradientMacro,16,0,0,[],1.2087401151657104
293,GradientMacro,0,4,28,"[14, 30, 45, 61]",0.05962333083152771
293,GradientMacro,1,4,24,"[13, 29, 45, 22]",0.0755174532532692
293,GradientMacro,2,4,20,"[13, 29, 45, 22]",0.12856820225715637
293,GradientMacro,3,4,16,"[13, 29, 45, 61]",0.26217374205589294
293,GradientMacro,4,4,12,"[21, 53, 5, 37]",0.5622296929359436
293,GradientMacro,5,4,8,"[5, 37, 21, 61]",0.7889394760131836
293,GradientMacro,6,4,4,"[37, 5, 61, 29]",0.8708683252334595
293,GradientMacro,7,4,0,"[61, 13, 45, 29]",0.9959423542022705
293,GradientMacro,8,0,0,[],1.0566071271896362
293,GradientMacro,9,0,0,[],1.0916904211044312
293,GradientMacro,10,0,0,[],1.0980103015899658
293,GradientMacro,11,0,0,[],1.0756146907806396
293,GradientMacro,12,0,0,[],1.066107153892517
293,GradientMacro,13,0,0,[],1.1452800035476685
293,GradientMacro,14,0,0,[],1.160774827003479
293,GradientMacro,15,0,0,[],1.1287833452224731
293,GradientMacro,16,0,0,[],1.0680561065673828
294,GradientMacro,0,4,28,"[14, 30, 45, 61]",0.05907810106873512
294,GradientMacro,1,4,24,"[13, 29, 45, 22]",0.0732189193367958
294,GradientMacro,2,4,20,"[13, 29, 45, 22]",0.1170479878783226
294,GradientMacro,3,4,16,"[13, 29, 45, 61]",0.2180594950914383
294,GradientMacro,4,4,12,"[21, 53, 5, 37]",0.4780534505844116
294,GradientMacro,5,4,8,"[37, 21, 5, 61]",0.7395135164260864
294,GradientMacro,6,4,4,"[37, 5, 61, 29]",0.8363267779350281
294,GradientMacro,7,4,0,"[61, 5, 21, 45]",0.9530997276306152
294,GradientMacro,8,0,0,[],1.057938575744629
294,GradientMacro,9,0,0,[],1.109537124633789
294,GradientMacro,10,0,0,[],1.1440298557281494
294,GradientMacro,11,0,0,[],1.1660805940628052
294,GradientMacro,12,0,0,[],1.1223667860031128
294,GradientMacro,13,0,0,[],1.0961800813674927
294,GradientMacro,14,0,0,[],1.1084554195404053
294,GradientMacro,15,0,0,[],1.0845670700073242
294,GradientMacro,16,0,0,[],1.0029295682907104
295,GradientMacro,0,4,28,"[14, 30, 45, 61]",0.0585499107837677
295,GradientMacro,1,4,24,"[13, 29, 45, 22]",0.07028340548276901
295,GradientMacro,2,4,20,"[13, 29, 45, 22]",0.10246675461530685
295,GradientMacro,3,4,16,"[13, 29, 45, 61]",0.14657175540924072
295,GradientMacro,4,4,12,"[21, 53, 5, 37]",0.2713349163532257
295,GradientMacro,5,4,8,"[5, 37, 21, 61]",0.5806123614311218
295,GradientMacro,6,4,4,"[37, 5, 29, 53]",0.7929337024688721
295,GradientMacro,7,4,0,"[13, 61, 45, 29]",0.9163188934326172
295,GradientMacro,8,0,0,[],1.012868881225586
295,GradientMacro,9,0,0,[],1.0837253332138062
295,GradientMacro,10,0,0,[],1.086703896522522
295,GradientMacro,11,0,0,[],1.0974180698394775
295,GradientMacro,12,0,0,[],1.0961906909942627
295,GradientMacro,13,0,0,[],1.1665875911712646
295,GradientMacro,14,0,0,[],1.2394541501998901
295,GradientMacro,15,0,0,[],1.287880778312683
295,GradientMacro,16,0,0,[],1.3392075300216675
296,GradientMacro,0,4,28,"[14, 30, 45, 61]",0.05878497660160065
296,GradientMacro,1,4,24,"[13, 29, 45, 22]",0.07099282741546631
296,GradientMacro,2,4,20,"[13, 29, 45, 22]",0.10627447068691254
296,GradientMacro,3,4,16,"[13, 29, 45, 61]",0.16664914786815643
296,GradientMacro,4,4,12,"[21, 53, 5, 37]",0.3558405637741089
296,GradientMacro,5,4,8,"[5, 37, 21, 61]",0.6915674805641174
296,GradientMacro,6,4,4,"[37, 5, 53, 29]",0.8622636198997498
296,GradientMacro,7,4,0,"[13, 61, 45, 29]",0.9796645641326904
296,GradientMacro,8,0,0,[],1.0965827703475952
296,GradientMacro,9,0,0,[],1.1110955476760864
296,GradientMacro,10,0,0,[],1.10309636592865
296,GradientMacro,11,0,0,[],1.0903310775756836
296,GradientMacro,12,0,0,[],1.1454558372497559
296,GradientMacro,13,0,0,[],1.1753733158111572
296,GradientMacro,14,0,0,[],1.2669464349746704
296,GradientMacro,15,0,0,[],1.273555874824524
296,GradientMacro,16,0,0,[],1.217822551727295
297,GradientMacro,0,4,28,"[14, 30, 45, 61]",0.058723192662000656
297,GradientMacro,1,4,24,"[13, 29, 45, 22]",0.07143333554267883
297,GradientMacro,2,4,20,"[13, 29, 45, 22]",0.10753834247589111
297,GradientMacro,3,4,16,"[13, 29, 45, 61]",0.17315702140331268
297,GradientMacro,4,4,12,"[21, 53, 5, 37]",0.36195850372314453
297,GradientMacro,5,4,8,"[5, 37, 21, 61]",0.6611253619194031
297,GradientMacro,6,4,4,"[37, 5, 61, 29]",0.8040815591812134
297,GradientMacro,7,4,0,"[61, 5, 21, 45]",0.9139479398727417
297,GradientMacro,8,0,0,[],1.040177822113037
297,GradientMacro,9,0,0,[],1.1129605770111084
297,GradientMacro,10,0,0,[],1.1728899478912354
297,GradientMacro,11,0,0,[],1.1826859712600708
297,GradientMacro,12,0,0,[],1.1411733627319336
297,GradientMacro,13,0,0,[],1.0844141244888306
297,GradientMacro,14,0,0,[],1.0956040620803833
297,GradientMacro,15,0,0,[],1.127404808998108
297,GradientMacro,16,0,0,[],1.11587655544281
298,GradientMacro,0,4,28,"[14, 30, 45, 61]",0.05846071243286133
298,GradientMacro,1,4,24,"[13, 29, 45, 22]",0.06978679448366165
298,GradientMacro,2,4,20,"[13, 29, 45, 22]",0.09995229542255402
298,GradientMacro,3,4,16,"[13, 29, 45, 61]",0.13249967992305756
298,GradientMacro,4,4,12,"[21, 53, 5, 37]",0.19711261987686157
298,GradientMacro,5,4,8,"[5, 37, 21, 61]",0.4419919550418854
298,GradientMacro,6,4,4,"[37, 5, 29, 53]",0.771803617477417
298,GradientMacro,7,4,0,"[13, 61, 45, 29]",0.9655735492706299
298,GradientMacro,8,0,0,[],1.0633127689361572
298,GradientMacro,9,0,0,[],1.0794092416763306
298,GradientMacro,10,0,0,[],0.9897143244743347
298,GradientMacro,11,0,0,[],1.0165750980377197
298,GradientMacro,12,0,0,[],1.0645633935928345
298,GradientMacro,13,0,0,[],1.1649035215377808
298,GradientMacro,14,0,0,[],1.2850643396377563
298,GradientMacro,15,0,0,[],1.3770661354064941
298,GradientMacro,16,0,0,[],1.4237909317016602
299,GradientMacro,0,4,28,"[14, 30, 45, 61]",0.05849602818489075
299,GradientMacro,1,4,24,"[13, 29, 45, 22]",0.0700320452451706
299,GradientMacro,2,4,20,"[13, 29, 45, 22]",0.10095846652984619
299,GradientMacro,3,4,16,"[13, 29, 45, 61]",0.1376689076423645
299,GradientMacro,4,4,12,"[21, 53, 5, 37]",0.2250860631465912
299,GradientMacro,5,4,8,"[5, 37, 21, 61]",0.5025911331176758
299,GradientMacro,6,4,4,"[37, 5, 29, 53]",0.7551445364952087
299,GradientMacro,7,4,0,"[13, 61, 45, 29]",0.8977254033088684
299,GradientMacro,8,0,0,[],0.9811371564865112
299,GradientMacro,9,0,0,[],1.0729687213897705
299,GradientMacro,10,0,0,[],1.0642493963241577
299,GradientMacro,11,0,0,[],1.079526424407959
299,GradientMacro,12,0,0,[],1.1011992692947388
299,GradientMacro,13,0,0,[],1.1741114854812622
299,GradientMacro,14,0,0,[],1.2519062757492065
299,GradientMacro,15,0,0,[],1.3204106092453003
299,GradientMacro,16,0,0,[],1.3700711727142334
250,SetAwareMyopicMacro,0,2,30,"[14, 30]",0.06653647124767303
250,SetAwareMyopicMacro,1,2,28,"[13, 29]",0.08384262770414352
250,SetAwareMyopicMacro,2,2,26,"[13, 29]",0.1042720302939415
250,SetAwareMyopicMacro,3,2,24,"[13, 29]",0.14645911753177643
250,SetAwareMyopicMacro,4,2,22,"[53, 13]",0.25422951579093933
250,SetAwareMyopicMacro,5,2,20,"[13, 45]",0.5051866173744202
250,SetAwareMyopicMacro,6,2,18,"[61, 5]",0.8237740993499756
250,SetAwareMyopicMacro,7,2,16,"[53, 37]",1.0054351091384888
250,SetAwareMyopicMacro,8,2,14,"[29, 5]",1.1145193576812744
250,SetAwareMyopicMacro,9,2,12,"[61, 21]",1.032429575920105
250,SetAwareMyopicMacro,10,2,10,"[38, 54]",0.9620105028152466
250,SetAwareMyopicMacro,11,2,8,"[38, 13]",0.9433888792991638
250,SetAwareMyopicMacro,12,2,6,"[37, 22]",0.9490763545036316
250,SetAwareMyopicMacro,13,2,4,"[54, 37]",0.9168553352355957
250,SetAwareMyopicMacro,14,2,2,"[6, 62]",0.8985483646392822
250,SetAwareMyopicMacro,15,2,0,"[45, 22]",0.9043610095977783
250,SetAwareMyopicMacro,16,0,0,[],0.9249814748764038
251,SetAwareMyopicMacro,0,2,30,"[14, 30]",0.0664777010679245
251,SetAwareMyopicMacro,1,2,28,"[13, 29]",0.08345102518796921
251,SetAwareMyopicMacro,2,2,26,"[13, 29]",0.10185109078884125
251,SetAwareMyopicMacro,3,2,24,"[13, 29]",0.13477450609207153
251,SetAwareMyopicMacro,4,2,22,"[53, 13]",0.1985260248184204
251,SetAwareMyopicMacro,5,2,20,"[13, 45]",0.3645090162754059
251,SetAwareMyopicMacro,6,2,18,"[5, 54]",0.6837598085403442
251,SetAwareMyopicMacro,7,2,16,"[13, 37]",0.978676974773407
251,SetAwareMyopicMacro,8,2,14,"[53, 13]",1.0581450462341309
251,SetAwareMyopicMacro,9,2,12,"[37, 61]",1.0338419675827026
251,SetAwareMyopicMacro,10,2,10,"[13, 38]",0.9859476685523987
251,SetAwareMyopicMacro,11,2,8,"[62, 45]",1.006736397743225
251,SetAwareMyopicMacro,12,2,6,"[37, 5]",0.9877912402153015
251,SetAwareMyopicMacro,13,2,4,"[54, 13]",0.9481160640716553
251,SetAwareMyopicMacro,14,2,2,"[37, 6]",0.9504151344299316
251,SetAwareMyopicMacro,15,2,0,"[54, 22]",0.9364413619041443
251,SetAwareMyopicMacro,16,0,0,[],1.0625262260437012
252,SetAwareMyopicMacro,0,2,30,"[14, 30]",0.06681057065725327
252,SetAwareMyopicMacro,1,2,28,"[13, 29]",0.08540792018175125
252,SetAwareMyopicMacro,2,2,26,"[13, 29]",0.1136680617928505
252,SetAwareMyopicMacro,3,2,24,"[13, 29]",0.19204959273338318
252,SetAwareMyopicMacro,4,2,22,"[53, 13]",0.40947237610816956
252,SetAwareMyopicMacro,5,2,20,"[13, 29]",0.7130439877510071
252,SetAwareMyopicMacro,6,2,18,"[53, 5]",0.8956583738327026
252,SetAwareMyopicMacro,7,2,16,"[13, 37]",1.0597100257873535
252,SetAwareMyopicMacro,8,2,14,"[29, 53]",1.1070809364318848
252,SetAwareMyopicMacro,9,2,12,"[21, 61]",1.0891417264938354
252,SetAwareMyopicMacro,10,2,10,"[13, 38]",1.0533952713012695
252,SetAwareMyopicMacro,11,2,8,"[62, 45]",1.0328893661499023
252,SetAwareMyopicMacro,12,2,6,"[46, 6]",1.0303022861480713
252,SetAwareMyopicMacro,13,2,4,"[30, 6]",1.0256470441818237
252,SetAwareMyopicMacro,14,2,2,"[22, 6]",1.0010877847671509
252,SetAwareMyopicMacro,15,2,0,"[53, 14]",1.0096670389175415
252,SetAwareMyopicMacro,16,0,0,[],0.9800875186920166
253,SetAwareMyopicMacro,0,2,30,"[14, 30]",0.06676552444696426
253,SetAwareMyopicMacro,1,2,28,"[13, 29]",0.08485939353704453
253,SetAwareMyopicMacro,2,2,26,"[13, 29]",0.11073079705238342
253,SetAwareMyopicMacro,3,2,24,"[13, 29]",0.18019366264343262
253,SetAwareMyopicMacro,4,2,22,"[53, 13]",0.38400617241859436
253,SetAwareMyopicMacro,5,2,20,"[13, 29]",0.6916992664337158
253,SetAwareMyopicMacro,6,2,18,"[53, 5]",0.8971538543701172
253,SetAwareMyopicMacro,7,2,16,"[13, 37]",1.084132432937622
253,SetAwareMyopicMacro,8,2,14,"[61, 13]",1.1020172834396362
253,SetAwareMyopicMacro,9,2,12,"[61, 38]",1.0689382553100586
253,SetAwareMyopicMacro,10,2,10,"[14, 53]",1.0717166662216187
253,SetAwareMyopicMacro,11,2,8,"[46, 29]",1.0465068817138672
253,SetAwareMyopicMacro,12,2,6,"[14, 38]",1.0472427606582642
253,SetAwareMyopicMacro,13,2,4,"[14, 62]",1.0535480976104736
253,SetAwareMyopicMacro,14,2,2,"[14, 37]",1.0264396667480469
253,SetAwareMyopicMacro,15,2,0,"[14, 54]",1.0025944709777832
253,SetAwareMyopicMacro,16,0,0,[],1.0440562963485718
254,SetAwareMyopicMacro,0,2,30,"[14, 30]",0.06757649034261703
254,SetAwareMyopicMacro,1,2,28,"[13, 29]",0.08798927068710327
254,SetAwareMyopicMacro,2,2,26,"[13, 29]",0.12806974351406097
254,SetAwareMyopicMacro,3,2,24,"[13, 29]",0.25502535700798035
254,SetAwareMyopicMacro,4,2,22,"[53, 13]",0.5472062826156616
254,SetAwareMyopicMacro,5,2,20,"[13, 29]",0.8085107803344727
254,SetAwareMyopicMacro,6,2,18,"[54, 5]",0.95919269323349
254,SetAwareMyopicMacro,7,2,16,"[13, 37]",1.0761265754699707
254,SetAwareMyopicMacro,8,2,14,"[61, 13]",1.1103566884994507
254,SetAwareMyopicMacro,9,2,12,"[61, 37]",1.0919994115829468
254,SetAwareMyopicMacro,10,2,10,"[14, 45]",1.0976530313491821
254,SetAwareMyopicMacro,11,2,8,"[46, 13]",1.0530534982681274
254,SetAwareMyopicMacro,12,2,6,"[46, 14]",1.0859116315841675
254,SetAwareMyopicMacro,13,2,4,"[37, 14]",1.108847975730896
254,SetAwareMyopicMacro,14,2,2,"[54, 14]",1.0837972164154053
254,SetAwareMyopicMacro,15,2,0,"[14, 22]",1.0369369983673096
254,SetAwareMyopicMacro,16,0,0,[],1.040725588798523
255,SetAwareMyopicMacro,0,2,30,"[14, 30]",0.06666145473718643
255,SetAwareMyopicMacro,1,2,28,"[13, 29]",0.08462800830602646
255,SetAwareMyopicMacro,2,2,26,"[13, 29]",0.10902317613363266
255,SetAwareMyopicMacro,3,2,24,"[13, 29]",0.16966192424297333
255,SetAwareMyopicMacro,4,2,22,"[53, 13]",0.34210479259490967
255,SetAwareMyopicMacro,5,2,20,"[13, 29]",0.6519361138343811
255,SetAwareMyopicMacro,6,2,18,"[53, 5]",0.8664586544036865
255,SetAwareMyopicMacro,7,2,16,"[37, 53]",1.0247188806533813
255,SetAwareMyopicMacro,8,2,14,"[13, 37]",1.0637654066085815
255,SetAwareMyopicMacro,9,2,12,"[61, 21]",1.0296396017074585
255,SetAwareMyopicMacro,10,2,10,"[14, 38]",1.0434160232543945
255,SetAwareMyopicMacro,11,2,8,"[45, 62]",1.0153298377990723
255,SetAwareMyopicMacro,12,2,6,"[22, 6]",1.0226056575775146
255,SetAwareMyopicMacro,13,2,4,"[46, 29]",1.0236486196517944
255,SetAwareMyopicMacro,14,2,2,"[22, 6]",1.0085221529006958
255,SetAwareMyopicMacro,15,2,0,"[54, 22]",1.0414152145385742
255,SetAwareMyopicMacro,16,0,0,[],1.0921571254730225
256,SetAwareMyopicMacro,0,2,30,"[14, 30]",0.06703997403383255
256,SetAwareMyopicMacro,1,2,28,"[13, 29]",0.0865263119339943
256,SetAwareMyopicMacro,2,2,26,"[13, 29]",0.12052520364522934
256,SetAwareMyopicMacro,3,2,24,"[13, 29]",0.2235979586839676
256,SetAwareMyopicMacro,4,2,22,"[53, 13]",0.48469921946525574
256,SetAwareMyopicMacro,5,2,20,"[13, 29]",0.7630372643470764
256,SetAwareMyopicMacro,6,2,18,"[54, 5]",0.9208653569221497
256,SetAwareMyopicMacro,7,2,16,"[13, 37]",1.0576021671295166
256,SetAwareMyopicMacro,8,2,14,"[61, 13]",1.0946458578109741
256,SetAwareMyopicMacro,9,2,12,"[61, 14]",1.0939770936965942
256,SetAwareMyopicMacro,10,2,10,"[45, 38]",1.1009342670440674
256,SetAwareMyopicMacro,11,2,8,"[46, 22]",1.0823813676834106
256,SetAwareMyopicMacro,12,2,6,"[21, 6]",1.0547879934310913
256,SetAwareMyopicMacro,13,2,4,"[62, 22]",1.0667356252670288
256,SetAwareMyopicMacro,14,2,2,"[37, 54]",1.03902268409729
256,SetAwareMyopicMacro,15,2,0,"[54, 6]",1.0425219535827637
256,SetAwareMyopicMacro,16,0,0,[],1.0942962169647217
257,SetAwareMyopicMacro,0,2,30,"[14, 30]",0.06646386533975601
257,SetAwareMyopicMacro,1,2,28,"[13, 29]",0.08339355140924454
257,SetAwareMyopicMacro,2,2,26,"[13, 29]",0.10148869454860687
257,SetAwareMyopicMacro,3,2,24,"[13, 29]",0.13316890597343445
257,SetAwareMyopicMacro,4,2,22,"[53, 13]",0.1886734813451767
257,SetAwareMyopicMacro,5,2,20,"[13, 45]",0.33052781224250793
257,SetAwareMyopicMacro,6,2,18,"[5, 54]",0.6394978761672974
257,SetAwareMyopicMacro,7,2,16,"[13, 37]",0.9568076729774475
257,SetAwareMyopicMacro,8,2,14,"[53, 13]",1.0539309978485107
257,SetAwareMyopicMacro,9,2,12,"[37, 61]",1.0317513942718506
257,SetAwareMyopicMacro,10,2,10,"[13, 38]",0.9911594986915588
257,SetAwareMyopicMacro,11,2,8,"[62, 45]",1.0157454013824463
257,SetAwareMyopicMacro,12,2,6,"[37, 5]",0.987402081489563
257,SetAwareMyopicMacro,13,2,4,"[54, 13]",0.9425262212753296
257,SetAwareMyopicMacro,14,2,2,"[37, 6]",0.950497031211853
257,SetAwareMyopicMacro,15,2,0,"[54, 22]",0.9334789514541626
257,SetAwareMyopicMacro,16,0,0,[],1.0539168119430542
258,SetAwareMyopicMacro,0,2,30,"[14, 30]",0.06771142035722733
258,SetAwareMyopicMacro,1,2,28,"[13, 29]",0.08906345814466476
258,SetAwareMyopicMacro,2,2,26,"[13, 29]",0.13378553092479706
258,SetAwareMyopicMacro,3,2,24,"[13, 29]",0.2751496732234955
258,SetAwareMyopicMacro,4,2,22,"[53, 13]",0.5760090351104736
258,SetAwareMyopicMacro,5,2,20,"[13, 29]",0.820705771446228
258,SetAwareMyopicMacro,6,2,18,"[54, 5]",0.958624541759491
258,SetAwareMyopicMacro,7,2,16,"[13, 37]",1.0666570663452148
258,SetAwareMyopicMacro,8,2,14,"[13, 61]",1.1198070049285889
258,SetAwareMyopicMacro,9,2,12,"[61, 38]",1.1194961071014404
258,SetAwareMyopicMacro,10,2,10,"[14, 38]",1.0485018491744995
258,SetAwareMyopicMacro,11,2,8,"[46, 13]",1.0235146284103394
258,SetAwareMyopicMacro,12,2,6,"[38, 14]",1.0351625680923462
258,SetAwareMyopicMacro,13,2,4,"[37, 21]",1.098018765449524
258,SetAwareMyopicMacro,14,2,2,"[14, 54]",1.0708694458007812
258,SetAwareMyopicMacro,15,2,0,"[22, 6]",0.9855743646621704
258,SetAwareMyopicMacro,16,0,0,[],0.9566404223442078
259,SetAwareMyopicMacro,0,2,30,"[14, 30]",0.06644798815250397
259,SetAwareMyopicMacro,1,2,28,"[13, 29]",0.08331315964460373
259,SetAwareMyopicMacro,2,2,26,"[13, 29]",0.10099729895591736
259,SetAwareMyopicMacro,3,2,24,"[13, 29]",0.13105593621730804
259,SetAwareMyopicMacro,4,2,22,"[53, 13]",0.17555321753025055
259,SetAwareMyopicMacro,5,2,20,"[13, 45]",0.2807338535785675
259,SetAwareMyopicMacro,6,2,18,"[5, 54]",0.5584624409675598
259,SetAwareMyopicMacro,7,2,16,"[13, 37]",0.9156662225723267
259,SetAwareMyopicMacro,8,2,14,"[53, 13]",1.0436562299728394
259,SetAwareMyopicMacro,9,2,12,"[37, 61]",1.0391595363616943
259,SetAwareMyopicMacro,10,2,10,"[13, 38]",1.0040088891983032
259,SetAwareMyopicMacro,11,2,8,"[62, 45]",1.0219565629959106
259,SetAwareMyopicMacro,12,2,6,"[37, 5]",1.0087151527404785
259,SetAwareMyopicMacro,13,2,4,"[54, 13]",0.9530343413352966
259,SetAwareMyopicMacro,14,2,2,"[37, 6]",0.9300403594970703
259,SetAwareMyopicMacro,15,2,0,"[54, 22]",0.8811140656471252
259,SetAwareMyopicMacro,16,0,0,[],0.9650588631629944
260,SetAwareMyopicMacro,0,2,30,"[14, 30]",0.06672514230012894
260,SetAwareMyopicMacro,1,2,28,"[13, 29]",0.08450982719659805
260,SetAwareMyopicMacro,2,2,26,"[13, 29]",0.10845670104026794
260,SetAwareMyopicMacro,3,2,24,"[13, 29]",0.16907641291618347
260,SetAwareMyopicMacro,4,2,22,"[53, 13]",0.3505955934524536
260,SetAwareMyopicMacro,5,2,20,"[13, 29]",0.6611163020133972
260,SetAwareMyopicMacro,6,2,18,"[53, 5]",0.8873579502105713
260,SetAwareMyopicMacro,7,2,16,"[37, 53]",1.0444170236587524
260,SetAwareMyopicMacro,8,2,14,"[21, 37]",1.0885202884674072
260,SetAwareMyopicMacro,9,2,12,"[61, 21]",1.0108609199523926
260,SetAwareMyopicMacro,10,2,10,"[38, 5]",1.0438482761383057
260,SetAwareMyopicMacro,11,2,8,"[62, 5]",1.017942190170288
260,SetAwareMyopicMacro,12,2,6,"[46, 6]",0.9957861304283142
260,SetAwareMyopicMacro,13,2,4,"[46, 14]",1.0178301334381104
260,SetAwareMyopicMacro,14,2,2,"[37, 6]",1.062917709350586
260,SetAwareMyopicMacro,15,2,0,"[22, 54]",1.1136316061019897
260,SetAwareMyopicMacro,16,0,0,[],1.095996618270874
261,SetAwareMyopicMacro,0,2,30,"[14, 30]",0.06861386448144913
261,SetAwareMyopicMacro,1,2,28,"[13, 29]",0.09037098288536072
261,SetAwareMyopicMacro,2,2,26,"[13, 29]",0.13630414009094238
261,SetAwareMyopicMacro,3,2,24,"[13, 29]",0.28267526626586914
261,SetAwareMyopicMacro,4,2,22,"[53, 13]",0.5896627306938171
261,SetAwareMyopicMacro,5,2,20,"[13, 37]",0.8424287438392639
261,SetAwareMyopicMacro,6,2,18,"[54, 5]",0.9859514236450195
261,SetAwareMyopicMacro,7,2,16,"[13, 37]",1.0822422504425049
261,SetAwareMyopicMacro,8,2,14,"[13, 61]",1.1528511047363281
261,SetAwareMyopicMacro,9,2,12,"[61, 38]",1.1343666315078735
261,SetAwareMyopicMacro,10,2,10,"[14, 38]",1.068579077720642
261,SetAwareMyopicMacro,11,2,8,"[46, 13]",1.0012755393981934
261,SetAwareMyopicMacro,12,2,6,"[46, 13]",0.9902634620666504
261,SetAwareMyopicMacro,13,2,4,"[37, 54]",0.9784976243972778
261,SetAwareMyopicMacro,14,2,2,"[54, 22]",0.9740512371063232
261,SetAwareMyopicMacro,15,2,0,"[22, 45]",0.9804692268371582
261,SetAwareMyopicMacro,16,0,0,[],0.9742069244384766
262,SetAwareMyopicMacro,0,2,30,"[14, 30]",0.06715773046016693
262,SetAwareMyopicMacro,1,2,28,"[13, 29]",0.08666359633207321
262,SetAwareMyopicMacro,2,2,26,"[13, 29]",0.12154562771320343
262,SetAwareMyopicMacro,3,2,24,"[13, 29]",0.2293017953634262
262,SetAwareMyopicMacro,4,2,22,"[53, 13]",0.5001452565193176
262,SetAwareMyopicMacro,5,2,20,"[13, 29]",0.7774879932403564
262,SetAwareMyopicMacro,6,2,18,"[54, 5]",0.939245879650116
262,SetAwareMyopicMacro,7,2,16,"[13, 37]",1.072864055633545
262,SetAwareMyopicMacro,8,2,14,"[61, 13]",1.102423071861267
262,SetAwareMyopicMacro,9,2,12,"[61, 38]",1.1003596782684326
262,SetAwareMyopicMacro,10,2,10,"[14, 38]",1.0955806970596313
262,SetAwareMyopicMacro,11,2,8,"[29, 13]",1.0866931676864624
262,SetAwareMyopicMacro,12,2,6,"[14, 62]",1.0875829458236694
262,SetAwareMyopicMacro,13,2,4,"[21, 46]",1.1531356573104858
262,SetAwareMyopicMacro,14,2,2,"[22, 6]",1.0945708751678467
262,SetAwareMyopicMacro,15,2,0,"[22, 53]",1.036407232284546
262,SetAwareMyopicMacro,16,0,0,[],1.0645629167556763
263,SetAwareMyopicMacro,0,2,30,"[14, 30]",0.06715689599514008
263,SetAwareMyopicMacro,1,2,28,"[13, 29]",0.08638755977153778
263,SetAwareMyopicMacro,2,2,26,"[13, 29]",0.11974090337753296
263,SetAwareMyopicMacro,3,2,24,"[13, 29]",0.22210972011089325
263,SetAwareMyopicMacro,4,2,22,"[53, 13]",0.4871205687522888
263,SetAwareMyopicMacro,5,2,20,"[13, 29]",0.7728811502456665
263,SetAwareMyopicMacro,6,2,18,"[53, 5]",0.9458447694778442
263,SetAwareMyopicMacro,7,2,16,"[13, 37]",1.082592487335205
263,SetAwareMyopicMacro,8,2,14,"[61, 13]",1.1078931093215942
263,SetAwareMyopicMacro,9,2,12,"[61, 38]",1.0952569246292114
263,SetAwareMyopicMacro,10,2,10,"[38, 5]",1.094618797302246
263,SetAwareMyopicMacro,11,2,8,"[22, 38]",1.0922021865844727
263,SetAwareMyopicMacro,12,2,6,"[14, 62]",1.0903748273849487
263,SetAwareMyopicMacro,13,2,4,"[37, 14]",1.1272859573364258
263,SetAwareMyopicMacro,14,2,2,"[29, 14]",1.100597858428955
263,SetAwareMyopicMacro,15,2,0,"[54, 14]",1.045112133026123
263,SetAwareMyopicMacro,16,0,0,[],1.067838430404663
264,SetAwareMyopicMacro,0,2,30,"[14, 30]",0.06664300709962845
264,SetAwareMyopicMacro,1,2,28,"[13, 29]",0.0840269923210144
264,SetAwareMyopicMacro,2,2,26,"[13, 29]",0.10526163876056671
264,SetAwareMyopicMacro,3,2,24,"[13, 29]",0.15301257371902466
264,SetAwareMyopicMacro,4,2,22,"[53, 13]",0.29161614179611206
264,SetAwareMyopicMacro,5,2,20,"[13, 45]",0.5917022228240967
264,SetAwareMyopicMacro,6,2,18,"[6, 54]",0.8738548159599304
264,SetAwareMyopicMacro,7,2,16,"[13, 37]",1.0747398138046265
264,SetAwareMyopicMacro,8,2,14,"[61, 13]",1.1205499172210693
264,SetAwareMyopicMacro,9,2,12,"[61, 37]",1.0469297170639038
264,SetAwareMyopicMacro,10,2,10,"[14, 38]",1.0201691389083862
264,SetAwareMyopicMacro,11,2,8,"[62, 13]",1.0183459520339966
264,SetAwareMyopicMacro,12,2,6,"[37, 14]",1.0093191862106323
264,SetAwareMyopicMacro,13,2,4,"[37, 62]",1.0406863689422607
264,SetAwareMyopicMacro,14,2,2,"[14, 54]",1.0371426343917847
264,SetAwareMyopicMacro,15,2,0,"[54, 22]",1.0346466302871704
264,SetAwareMyopicMacro,16,0,0,[],1.0860787630081177
265,SetAwareMyopicMacro,0,2,30,"[14, 30]",0.06768888235092163
265,SetAwareMyopicMacro,1,2,28,"[13, 29]",0.08742135018110275
265,SetAwareMyopicMacro,2,2,26,"[13, 29]",0.12377040088176727
265,SetAwareMyopicMacro,3,2,24,"[13, 29]",0.23892493546009064
265,SetAwareMyopicMacro,4,2,22,"[53, 13]",0.5211644172668457
265,SetAwareMyopicMacro,5,2,20,"[13, 29]",0.7975755333900452
265,SetAwareMyopicMacro,6,2,18,"[54, 5]",0.9592063426971436
265,SetAwareMyopicMacro,7,2,16,"[37, 13]",1.0855251550674438
265,SetAwareMyopicMacro,8,2,14,"[61, 13]",1.1059637069702148
265,SetAwareMyopicMacro,9,2,12,"[61, 37]",1.0657799243927002
265,SetAwareMyopicMacro,10,2,10,"[38, 5]",1.079981803894043
265,SetAwareMyopicMacro,11,2,8,"[6, 62]",1.028952717781067
265,SetAwareMyopicMacro,12,2,6,"[21, 46]",1.0390595197677612
265,SetAwareMyopicMacro,13,2,4,"[14, 46]",1.0742186307907104
265,SetAwareMyopicMacro,14,2,2,"[14, 6]",1.0614715814590454
265,SetAwareMyopicMacro,15,2,0,"[54, 14]",0.9924588799476624
265,SetAwareMyopicMacro,16,0,0,[],0.9781548380851746
266,SetAwareMyopicMacro,0,2,30,"[14, 30]",0.0665922462940216
266,SetAwareMyopicMacro,1,2,28,"[13, 29]",0.08393099904060364
266,SetAwareMyopicMacro,2,2,26,"[13, 29]",0.10465917736291885
266,SetAwareMyopicMacro,3,2,24,"[13, 29]",0.14909955859184265
266,SetAwareMyopicMacro,4,2,22,"[53, 13]",0.274381160736084
266,SetAwareMyopicMacro,5,2,20,"[13, 45]",0.5557737350463867
266,SetAwareMyopicMacro,6,2,18,"[6, 54]",0.8469187021255493
266,SetAwareMyopicMacro,7,2,16,"[13, 37]",1.061898946762085
266,SetAwareMyopicMacro,8,2,14,"[61, 13]",1.114017367362976
266,SetAwareMyopicMacro,9,2,12,"[61, 37]",1.039961814880371
266,SetAwareMyopicMacro,10,2,10,"[14, 38]",0.9924592971801758
266,SetAwareMyopicMacro,11,2,8,"[62, 46]",0.9764809608459473
266,SetAwareMyopicMacro,12,2,6,"[37, 21]",0.967481791973114
266,SetAwareMyopicMacro,13,2,4,"[37, 14]",0.9910398721694946
266,SetAwareMyopicMacro,14,2,2,"[14, 54]",0.9718353152275085
266,SetAwareMyopicMacro,15,2,0,"[54, 14]",0.9431005120277405
266,SetAwareMyopicMacro,16,0,0,[],1.0267438888549805
267,SetAwareMyopicMacro,0,2,30,"[14, 30]",0.06656178086996078
267,SetAwareMyopicMacro,1,2,28,"[13, 29]",0.08388534933328629
267,SetAwareMyopicMacro,2,2,26,"[13, 29]",0.10443956404924393
267,SetAwareMyopicMacro,3,2,24,"[13, 29]",0.1476045697927475
267,SetAwareMyopicMacro,4,2,22,"[53, 13]",0.26700785756111145
267,SetAwareMyopicMacro,5,2,20,"[13, 29]",0.5455470681190491
267,SetAwareMyopicMacro,6,2,18,"[53, 5]",0.8142915368080139
267,SetAwareMyopicMacro,7,2,16,"[53, 37]",1.0080639123916626
267,SetAwareMyopicMacro,8,2,14,"[21, 37]",1.0769784450531006
267,SetAwareMyopicMacro,9,2,12,"[61, 21]",0.9856550097465515
267,SetAwareMyopicMacro,10,2,10,"[38, 5]",0.9830783605575562
267,SetAwareMyopicMacro,11,2,8,"[62, 5]",0.9629446864128113
267,SetAwareMyopicMacro,12,2,6,"[45, 46]",0.943709135055542
267,SetAwareMyopicMacro,13,2,4,"[29, 14]",0.9330232739448547
267,SetAwareMyopicMacro,14,2,2,"[37, 6]",0.9490571022033691
267,SetAwareMyopicMacro,15,2,0,"[22, 46]",0.9502506852149963
267,SetAwareMyopicMacro,16,0,0,[],0.932793140411377
268,SetAwareMyopicMacro,0,2,30,"[14, 30]",0.06706231832504272
268,SetAwareMyopicMacro,1,2,28,"[13, 29]",0.0853390246629715
268,SetAwareMyopicMacro,2,2,26,"[13, 29]",0.113177590072155
268,SetAwareMyopicMacro,3,2,24,"[13, 29]",0.19391565024852753
268,SetAwareMyopicMacro,4,2,22,"[53, 13]",0.42441093921661377
268,SetAwareMyopicMacro,5,2,20,"[13, 29]",0.7335250973701477
268,SetAwareMyopicMacro,6,2,18,"[53, 5]",0.9275503158569336
268,SetAwareMyopicMacro,7,2,16,"[37, 53]",1.0464321374893188
268,SetAwareMyopicMacro,8,2,14,"[21, 37]",1.0711969137191772
268,SetAwareMyopicMacro,9,2,12,"[61, 21]",1.051255226135254
268,SetAwareMyopicMacro,10,2,10,"[38, 5]",1.0493643283843994
268,SetAwareMyopicMacro,11,2,8,"[62, 5]",1.0196655988693237
268,SetAwareMyopicMacro,12,2,6,"[46, 29]",1.0421230792999268
268,SetAwareMyopicMacro,13,2,4,"[14, 46]",1.120397925376892
268,SetAwareMyopicMacro,14,2,2,"[46, 6]",1.1410325765609741
268,SetAwareMyopicMacro,15,2,0,"[14, 46]",1.0848153829574585
268,SetAwareMyopicMacro,16,0,0,[],1.0657552480697632
269,SetAwareMyopicMacro,0,2,30,"[14, 30]",0.06662137061357498
269,SetAwareMyopicMacro,1,2,28,"[13, 29]",0.08432042598724365
269,SetAwareMyopicMacro,2,2,26,"[13, 29]",0.10722026973962784
269,SetAwareMyopicMacro,3,2,24,"[13, 29]",0.16176746785640717
269,SetAwareMyopicMacro,4,2,22,"[53, 13]",0.31915244460105896
269,SetAwareMyopicMacro,5,2,20,"[13, 29]",0.623071551322937
269,SetAwareMyopicMacro,6,2,18,"[53, 5]",0.8501163125038147
269,SetAwareMyopicMacro,7,2,16,"[13, 37]",1.0625050067901611
269,SetAwareMyopicMacro,8,2,14,"[61, 13]",1.0868083238601685
269,SetAwareMyopicMacro,9,2,12,"[61, 38]",1.053763508796692
269,SetAwareMyopicMacro,10,2,10,"[14, 38]",1.0429009199142456
269,SetAwareMyopicMacro,11,2,8,"[29, 45]",0.9966931343078613
269,SetAwareMyopicMacro,12,2,6,"[6, 62]",1.017749547958374
269,SetAwareMyopicMacro,13,2,4,"[29, 54]",0.9971057176589966
269,SetAwareMyopicMacro,14,2,2,"[54, 14]",0.9716187715530396
269,SetAwareMyopicMacro,15,2,0,"[14, 37]",0.9918683171272278
269,SetAwareMyopicMacro,16,0,0,[],1.0578339099884033
270,SetAwareMyopicMacro,0,2,30,"[14, 30]",0.06730501353740692
270,SetAwareMyopicMacro,1,2,28,"[13, 29]",0.0862327516078949
270,SetAwareMyopicMacro,2,2,26,"[13, 29]",0.11809924989938736
270,SetAwareMyopicMacro,3,2,24,"[13, 29]",0.2160453498363495
270,SetAwareMyopicMacro,4,2,22,"[53, 13]",0.47618168592453003
270,SetAwareMyopicMacro,5,2,20,"[13, 29]",0.7701483964920044
270,SetAwareMyopicMacro,6,2,18,"[53, 5]",0.9453153610229492
270,SetAwareMyopicMacro,7,2,16,"[13, 37]",1.080991268157959
270,SetAwareMyopicMacro,8,2,14,"[61, 13]",1.1034796237945557
270,SetAwareMyopicMacro,9,2,12,"[61, 37]",1.0637047290802002
270,SetAwareMyopicMacro,10,2,10,"[53, 38]",1.0692569017410278
270,SetAwareMyopicMacro,11,2,8,"[13, 45]",1.032533049583435
270,SetAwareMyopicMacro,12,2,6,"[6, 38]",1.0295531749725342
270,SetAwareMyopicMacro,13,2,4,"[21, 6]",1.0777102708816528
270,SetAwareMyopicMacro,14,2,2,"[14, 54]",1.0415832996368408
270,SetAwareMyopicMacro,15,2,0,"[14, 53]",1.0233358144760132
270,SetAwareMyopicMacro,16,0,0,[],1.0669411420822144
271,SetAwareMyopicMacro,0,2,30,"[14, 30]",0.06653597950935364
271,SetAwareMyopicMacro,1,2,28,"[13, 29]",0.08379030227661133
271,SetAwareMyopicMacro,2,2,26,"[13, 29]",0.10388955473899841
271,SetAwareMyopicMacro,3,2,24,"[13, 29]",0.14472085237503052
271,SetAwareMyopicMacro,4,2,22,"[53, 13]",0.25206515192985535
271,SetAwareMyopicMacro,5,2,20,"[13, 29]",0.518645167350769
271,SetAwareMyopicMacro,6,2,18,"[53, 5]",0.7908321022987366
271,SetAwareMyopicMacro,7,2,16,"[53, 37]",0.9884483814239502
271,SetAwareMyopicMacro,8,2,14,"[21, 37]",1.0712864398956299
271,SetAwareMyopicMacro,9,2,12,"[61, 21]",0.9852461218833923
271,SetAwareMyopicMacro,10,2,10,"[38, 5]",0.9733343720436096
271,SetAwareMyopicMacro,11,2,8,"[62, 5]",0.9631022214889526
271,SetAwareMyopicMacro,12,2,6,"[45, 22]",0.9425874352455139
271,SetAwareMyopicMacro,13,2,4,"[14, 38]",0.9314934015274048
271,SetAwareMyopicMacro,14,2,2,"[37, 6]",0.9237493872642517
271,SetAwareMyopicMacro,15,2,0,"[22, 46]",0.9373044967651367
271,SetAwareMyopicMacro,16,0,0,[],0.9147477149963379
272,SetAwareMyopicMacro,0,2,30,"[14, 30]",0.06732025742530823
272,SetAwareMyopicMacro,1,2,28,"[13, 29]",0.08786055445671082
272,SetAwareMyopicMacro,2,2,26,"[13, 29]",0.12780559062957764
272,SetAwareMyopicMacro,3,2,24,"[13, 29]",0.25250405073165894
272,SetAwareMyopicMacro,4,2,22,"[53, 13]",0.538125216960907
272,SetAwareMyopicMacro,5,2,20,"[13, 29]",0.7952038049697876
272,SetAwareMyopicMacro,6,2,18,"[54, 5]",0.9377207159996033
272,SetAwareMyopicMacro,7,2,16,"[13, 37]",1.055325984954834
272,SetAwareMyopicMacro,8,2,14,"[13, 53]",1.1096776723861694
272,SetAwareMyopicMacro,9,2,12,"[61, 5]",1.1307543516159058
272,SetAwareMyopicMacro,10,2,10,"[14, 45]",1.0867888927459717
272,SetAwareMyopicMacro,11,2,8,"[46, 45]",1.0730184316635132
272,SetAwareMyopicMacro,12,2,6,"[46, 14]",1.081339955329895
272,SetAwareMyopicMacro,13,2,4,"[46, 21]",1.118890643119812
272,SetAwareMyopicMacro,14,2,2,"[14, 54]",1.0501399040222168
272,SetAwareMyopicMacro,15,2,0,"[29, 54]",0.9789760708808899
272,SetAwareMyopicMacro,16,0,0,[],0.986900269985199
273,SetAwareMyopicMacro,0,2,30,"[14, 30]",0.06668414175510406
273,SetAwareMyopicMacro,1,2,28,"[13, 29]",0.08398738503456116
273,SetAwareMyopicMacro,2,2,26,"[13, 29]",0.10465901345014572
273,SetAwareMyopicMacro,3,2,24,"[13, 29]",0.15079717338085175
273,SetAwareMyopicMacro,4,2,22,"[53, 13]",0.28320175409317017
273,SetAwareMyopicMacro,5,2,20,"[13, 45]",0.5860940217971802
273,SetAwareMyopicMacro,6,2,18,"[6, 54]",0.8765712976455688
273,SetAwareMyopicMacro,7,2,16,"[13, 37]",1.0716625452041626
273,SetAwareMyopicMacro,8,2,14,"[61, 13]",1.1100220680236816
273,SetAwareMyopicMacro,9,2,12,"[61, 37]",1.0413732528686523
273,SetAwareMyopicMacro,10,2,10,"[14, 54]",1.0151656866073608
273,SetAwareMyopicMacro,11,2,8,"[46, 13]",1.0114028453826904
273,SetAwareMyopicMacro,12,2,6,"[37, 46]",1.021068811416626
273,SetAwareMyopicMacro,13,2,4,"[37, 14]",1.0464065074920654
273,SetAwareMyopicMacro,14,2,2,"[14, 54]",1.0872248411178589
273,SetAwareMyopicMacro,15,2,0,"[14, 54]",1.0671273469924927
273,SetAwareMyopicMacro,16,0,0,[],1.0799990892410278
274,SetAwareMyopicMacro,0,2,30,"[14, 30]",0.06650341302156448
274,SetAwareMyopicMacro,1,2,28,"[13, 29]",0.08357682079076767
274,SetAwareMyopicMacro,2,2,26,"[13, 29]",0.10258108377456665
274,SetAwareMyopicMacro,3,2,24,"[13, 29]",0.1380310207605362
274,SetAwareMyopicMacro,4,2,22,"[53, 13]",0.21746233105659485
274,SetAwareMyopicMacro,5,2,20,"[13, 45]",0.4214782416820526
274,SetAwareMyopicMacro,6,2,18,"[5, 54]",0.739648699760437
274,SetAwareMyopicMacro,7,2,16,"[13, 37]",1.0065706968307495
274,SetAwareMyopicMacro,8,2,14,"[53, 13]",1.0630565881729126
274,SetAwareMyopicMacro,9,2,12,"[37, 61]",1.0376427173614502
274,SetAwareMyopicMacro,10,2,10,"[13, 38]",0.9790494441986084
274,SetAwareMyopicMacro,11,2,8,"[62, 46]",0.9766785502433777
274,SetAwareMyopicMacro,12,2,6,"[37, 21]",0.9743661284446716
274,SetAwareMyopicMacro,13,2,4,"[54, 21]",0.9426361322402954
274,SetAwareMyopicMacro,14,2,2,"[14, 54]",0.9292986392974854
274,SetAwareMyopicMacro,15,2,0,"[45, 22]",0.9067710638046265
274,SetAwareMyopicMacro,16,0,0,[],1.016074299812317
275,SetAwareMyopicMacro,0,2,30,"[14, 30]",0.06651676446199417
275,SetAwareMyopicMacro,1,2,28,"[13, 29]",0.08378563076257706
275,SetAwareMyopicMacro,2,2,26,"[13, 29]",0.10391378402709961
275,SetAwareMyopicMacro,3,2,24,"[13, 29]",0.14457844197750092
275,SetAwareMyopicMacro,4,2,22,"[53, 13]",0.24511133134365082
275,SetAwareMyopicMacro,5,2,20,"[13, 45]",0.4856427311897278
275,SetAwareMyopicMacro,6,2,18,"[21, 5]",0.7878262400627136
275,SetAwareMyopicMacro,7,2,16,"[53, 5]",0.950234055519104
275,SetAwareMyopicMacro,8,2,14,"[29, 5]",1.0749770402908325
275,SetAwareMyopicMacro,9,2,12,"[61, 46]",1.055168628692627
275,SetAwareMyopicMacro,10,2,10,"[37, 30]",0.9798909425735474
275,SetAwareMyopicMacro,11,2,8,"[22, 5]",0.9686048626899719
275,SetAwareMyopicMacro,12,2,6,"[38, 6]",0.9315943121910095
275,SetAwareMyopicMacro,13,2,4,"[53, 22]",0.9055167436599731
275,SetAwareMyopicMacro,14,2,2,"[45, 14]",0.9546768069267273
275,SetAwareMyopicMacro,15,2,0,"[6, 38]",1.0100780725479126
275,SetAwareMyopicMacro,16,0,0,[],1.0755195617675781
276,SetAwareMyopicMacro,0,2,30,"[14, 30]",0.06801533699035645
276,SetAwareMyopicMacro,1,2,28,"[13, 29]",0.08991074562072754
276,SetAwareMyopicMacro,2,2,26,"[13, 29]",0.137292742729187
276,SetAwareMyopicMacro,3,2,24,"[13, 29]",0.287124365568161
276,SetAwareMyopicMacro,4,2,22,"[53, 13]",0.5937826633453369
276,SetAwareMyopicMacro,5,2,20,"[13, 29]",0.8323799967765808
276,SetAwareMyopicMacro,6,2,18,"[54, 5]",0.9687939286231995
276,SetAwareMyopicMacro,7,2,16,"[13, 37]",1.0742740631103516
276,SetAwareMyopicMacro,8,2,14,"[13, 61]",1.123119831085205
276,SetAwareMyopicMacro,9,2,12,"[61, 38]",1.1156656742095947
276,SetAwareMyopicMacro,10,2,10,"[14, 38]",1.0476378202438354
276,SetAwareMyopicMacro,11,2,8,"[13, 46]",0.9993767142295837
276,SetAwareMyopicMacro,12,2,6,"[14, 38]",1.0197629928588867
276,SetAwareMyopicMacro,13,2,4,"[37, 21]",1.0741150379180908
276,SetAwareMyopicMacro,14,2,2,"[14, 54]",1.0601253509521484
276,SetAwareMyopicMacro,15,2,0,"[22, 53]",0.9812957644462585
276,SetAwareMyopicMacro,16,0,0,[],0.9619455933570862
277,SetAwareMyopicMacro,0,2,30,"[14, 30]",0.06670910865068436
277,SetAwareMyopicMacro,1,2,28,"[13, 29]",0.08464475721120834
277,SetAwareMyopicMacro,2,2,26,"[13, 29]",0.10925379395484924
277,SetAwareMyopicMacro,3,2,24,"[13, 29]",0.17265930771827698
277,SetAwareMyopicMacro,4,2,22,"[53, 13]",0.3606318235397339
277,SetAwareMyopicMacro,5,2,20,"[13, 29]",0.6685133576393127
277,SetAwareMyopicMacro,6,2,18,"[53, 5]",0.8825693726539612
277,SetAwareMyopicMacro,7,2,16,"[13, 37]",1.0797141790390015
277,SetAwareMyopicMacro,8,2,14,"[61, 13]",1.0972882509231567
277,SetAwareMyopicMacro,9,2,12,"[61, 38]",1.0580211877822876
277,SetAwareMyopicMacro,10,2,10,"[14, 53]",1.0623607635498047
277,SetAwareMyopicMacro,11,2,8,"[46, 29]",1.0261493921279907
277,SetAwareMyopicMacro,12,2,6,"[14, 38]",1.0400625467300415
277,SetAwareMyopicMacro,13,2,4,"[14, 62]",1.0277541875839233
277,SetAwareMyopicMacro,14,2,2,"[14, 37]",1.016853928565979
277,SetAwareMyopicMacro,15,2,0,"[14, 54]",1.0213533639907837
277,SetAwareMyopicMacro,16,0,0,[],1.0455559492111206
278,SetAwareMyopicMacro,0,2,30,"[14, 30]",0.06778636574745178
278,SetAwareMyopicMacro,1,2,28,"[13, 29]",0.08770832419395447
278,SetAwareMyopicMacro,2,2,26,"[13, 29]",0.1249636709690094
278,SetAwareMyopicMacro,3,2,24,"[13, 29]",0.2434646636247635
278,SetAwareMyopicMacro,4,2,22,"[53, 13]",0.5293893814086914
278,SetAwareMyopicMacro,5,2,20,"[13, 29]",0.8032714128494263
278,SetAwareMyopicMacro,6,2,18,"[54, 5]",0.9628341794013977
278,SetAwareMyopicMacro,7,2,16,"[37, 13]",1.086509346961975
278,SetAwareMyopicMacro,8,2,14,"[61, 13]",1.1066805124282837
278,SetAwareMyopicMacro,9,2,12,"[61, 37]",1.0700016021728516
278,SetAwareMyopicMacro,10,2,10,"[38, 5]",1.0863428115844727
278,SetAwareMyopicMacro,11,2,8,"[21, 6]",1.0480711460113525
278,SetAwareMyopicMacro,12,2,6,"[6, 46]",1.0413689613342285
278,SetAwareMyopicMacro,13,2,4,"[62, 46]",1.0738065242767334
278,SetAwareMyopicMacro,14,2,2,"[14, 37]",1.0588480234146118
278,SetAwareMyopicMacro,15,2,0,"[14, 54]",1.0099905729293823
278,SetAwareMyopicMacro,16,0,0,[],0.9941939115524292
279,SetAwareMyopicMacro,0,2,30,"[14, 30]",0.06646955758333206
279,SetAwareMyopicMacro,1,2,28,"[13, 29]",0.08339916169643402
279,SetAwareMyopicMacro,2,2,26,"[13, 29]",0.10146760195493698
279,SetAwareMyopicMacro,3,2,24,"[13, 29]",0.13305222988128662
279,SetAwareMyopicMacro,4,2,22,"[53, 13]",0.18975131213665009
279,SetAwareMyopicMacro,5,2,20,"[13, 45]",0.339158296585083
279,SetAwareMyopicMacro,6,2,18,"[5, 54]",0.6652228832244873
279,SetAwareMyopicMacro,7,2,16,"[13, 37]",0.9816742539405823
279,SetAwareMyopicMacro,8,2,14,"[53, 13]",1.0698591470718384
279,SetAwareMyopicMacro,9,2,12,"[37, 61]",1.0434277057647705
279,SetAwareMyopicMacro,10,2,10,"[13, 38]",0.9934518337249756
279,SetAwareMyopicMacro,11,2,8,"[62, 46]",1.0094352960586548
279,SetAwareMyopicMacro,12,2,6,"[37, 21]",1.0151461362838745
279,SetAwareMyopicMacro,13,2,4,"[54, 21]",0.9795801639556885
279,SetAwareMyopicMacro,14,2,2,"[14, 45]",0.949292004108429
279,SetAwareMyopicMacro,15,2,0,"[22, 45]",0.9205471873283386
279,SetAwareMyopicMacro,16,0,0,[],0.999794602394104
280,SetAwareMyopicMacro,0,2,30,"[14, 30]",0.06676512956619263
280,SetAwareMyopicMacro,1,2,28,"[13, 29]",0.0845484584569931
280,SetAwareMyopicMacro,2,2,26,"[13, 29]",0.10863050818443298
280,SetAwareMyopicMacro,3,2,24,"[13, 29]",0.1704651415348053
280,SetAwareMyopicMacro,4,2,22,"[53, 13]",0.3555856943130493
280,SetAwareMyopicMacro,5,2,20,"[13, 45]",0.6719405651092529
280,SetAwareMyopicMacro,6,2,18,"[6, 54]",0.9059346318244934
280,SetAwareMyopicMacro,7,2,16,"[13, 37]",1.0812805891036987
280,SetAwareMyopicMacro,8,2,14,"[61, 13]",1.1229830980300903
280,SetAwareMyopicMacro,9,2,12,"[61, 37]",1.0611238479614258
280,SetAwareMyopicMacro,10,2,10,"[14, 38]",1.0464344024658203
280,SetAwareMyopicMacro,11,2,8,"[62, 13]",1.057511806488037
280,SetAwareMyopicMacro,12,2,6,"[37, 14]",1.0301930904388428
280,SetAwareMyopicMacro,13,2,4,"[37, 54]",1.0958105325698853
280,SetAwareMyopicMacro,14,2,2,"[14, 45]",1.0776640176773071
280,SetAwareMyopicMacro,15,2,0,"[22, 54]",1.0490357875823975
280,SetAwareMyopicMacro,16,0,0,[],1.0753529071807861
281,SetAwareMyopicMacro,0,2,30,"[14, 30]",0.067018523812294
281,SetAwareMyopicMacro,1,2,28,"[13, 29]",0.08644035458564758
281,SetAwareMyopicMacro,2,2,26,"[13, 29]",0.11999011784791946
281,SetAwareMyopicMacro,3,2,24,"[13, 29]",0.22136661410331726
281,SetAwareMyopicMacro,4,2,22,"[53, 13]",0.48048943281173706
281,SetAwareMyopicMacro,5,2,20,"[13, 29]",0.760781466960907
281,SetAwareMyopicMacro,6,2,18,"[54, 5]",0.9210860729217529
281,SetAwareMyopicMacro,7,2,16,"[13, 37]",1.0605953931808472
281,SetAwareMyopicMacro,8,2,14,"[61, 13]",1.0949110984802246
281,SetAwareMyopicMacro,9,2,12,"[61, 38]",1.1191929578781128
281,SetAwareMyopicMacro,10,2,10,"[14, 38]",1.090273141860962
281,SetAwareMyopicMacro,11,2,8,"[29, 45]",1.0691890716552734
281,SetAwareMyopicMacro,12,2,6,"[14, 62]",1.05076265335083
281,SetAwareMyopicMacro,13,2,4,"[14, 54]",1.075570821762085
281,SetAwareMyopicMacro,14,2,2,"[54, 37]",1.0459293127059937
281,SetAwareMyopicMacro,15,2,0,"[22, 54]",0.9788690209388733
281,SetAwareMyopicMacro,16,0,0,[],0.965662956237793
282,SetAwareMyopicMacro,0,2,30,"[14, 30]",0.06645401567220688
282,SetAwareMyopicMacro,1,2,28,"[13, 29]",0.08334168046712875
282,SetAwareMyopicMacro,2,2,26,"[13, 29]",0.10117124766111374
282,SetAwareMyopicMacro,3,2,24,"[13, 29]",0.13174478709697723
282,SetAwareMyopicMacro,4,2,22,"[53, 13]",0.18067118525505066
282,SetAwareMyopicMacro,5,2,20,"[13, 45]",0.30168581008911133
282,SetAwareMyopicMacro,6,2,18,"[5, 54]",0.5979747772216797
282,SetAwareMyopicMacro,7,2,16,"[13, 37]",0.9382833242416382
282,SetAwareMyopicMacro,8,2,14,"[53, 13]",1.052040934562683
282,SetAwareMyopicMacro,9,2,12,"[37, 61]",1.0361138582229614
282,SetAwareMyopicMacro,10,2,10,"[13, 38]",0.9983827471733093
282,SetAwareMyopicMacro,11,2,8,"[62, 45]",1.0232218503952026
282,SetAwareMyopicMacro,12,2,6,"[37, 5]",1.001816987991333
282,SetAwareMyopicMacro,13,2,4,"[54, 13]",0.9562463760375977
282,SetAwareMyopicMacro,14,2,2,"[37, 6]",0.9451196789741516
282,SetAwareMyopicMacro,15,2,0,"[54, 22]",0.9134367108345032
282,SetAwareMyopicMacro,16,0,0,[],1.0104089975357056
283,SetAwareMyopicMacro,0,2,30,"[14, 30]",0.0679505243897438
283,SetAwareMyopicMacro,1,2,28,"[13, 29]",0.08954502642154694
283,SetAwareMyopicMacro,2,2,26,"[13, 29]",0.13552823662757874
283,SetAwareMyopicMacro,3,2,24,"[13, 29]",0.28132662177085876
283,SetAwareMyopicMacro,4,2,22,"[53, 13]",0.5865634679794312
283,SetAwareMyopicMacro,5,2,20,"[13, 29]",0.8304259777069092
283,SetAwareMyopicMacro,6,2,18,"[54, 5]",0.9715341925621033
283,SetAwareMyopicMacro,7,2,16,"[13, 37]",1.0781930685043335
283,SetAwareMyopicMacro,8,2,14,"[61, 13]",1.1212464570999146
283,SetAwareMyopicMacro,9,2,12,"[61, 38]",1.1133488416671753
283,SetAwareMyopicMacro,10,2,10,"[14, 38]",1.0592597723007202
283,SetAwareMyopicMacro,11,2,8,"[13, 46]",1.0139470100402832
283,SetAwareMyopicMacro,12,2,6,"[38, 14]",1.033109188079834
283,SetAwareMyopicMacro,13,2,4,"[37, 21]",1.0859589576721191
283,SetAwareMyopicMacro,14,2,2,"[14, 54]",1.071661114692688
283,SetAwareMyopicMacro,15,2,0,"[22, 6]",1.0050266981124878
283,SetAwareMyopicMacro,16,0,0,[],0.9742072820663452
284,SetAwareMyopicMacro,0,2,30,"[14, 30]",0.06833665072917938
284,SetAwareMyopicMacro,1,2,28,"[13, 29]",0.08956417441368103
284,SetAwareMyopicMacro,2,2,26,"[13, 29]",0.13319139182567596
284,SetAwareMyopicMacro,3,2,24,"[13, 29]",0.2725221812725067
284,SetAwareMyopicMacro,4,2,22,"[53, 13]",0.5752923488616943
284,SetAwareMyopicMacro,5,2,20,"[13, 37]",0.8349753618240356
284,SetAwareMyopicMacro,6,2,18,"[54, 5]",0.9816099405288696
284,SetAwareMyopicMacro,7,2,16,"[13, 37]",1.0795003175735474
284,SetAwareMyopicMacro,8,2,14,"[13, 61]",1.1474943161010742
284,SetAwareMyopicMacro,9,2,12,"[61, 38]",1.1274545192718506
284,SetAwareMyopicMacro,10,2,10,"[14, 38]",1.069573163986206
284,SetAwareMyopicMacro,11,2,8,"[46, 13]",1.001041054725647
284,SetAwareMyopicMacro,12,2,6,"[37, 13]",0.9951831698417664
284,SetAwareMyopicMacro,13,2,4,"[54, 21]",1.023281216621399
284,SetAwareMyopicMacro,14,2,2,"[54, 14]",1.0050407648086548
284,SetAwareMyopicMacro,15,2,0,"[30, 54]",0.9938353896141052
284,SetAwareMyopicMacro,16,0,0,[],1.0162177085876465
285,SetAwareMyopicMacro,0,2,30,"[14, 30]",0.06698264181613922
285,SetAwareMyopicMacro,1,2,28,"[13, 29]",0.08628316968679428
285,SetAwareMyopicMacro,2,2,26,"[13, 29]",0.11904637515544891
285,SetAwareMyopicMacro,3,2,24,"[13, 29]",0.21696555614471436
285,SetAwareMyopicMacro,4,2,22,"[53, 13]",0.4704842269420624
285,SetAwareMyopicMacro,5,2,20,"[13, 29]",0.7546914219856262
285,SetAwareMyopicMacro,6,2,18,"[53, 5]",0.9164804816246033
285,SetAwareMyopicMacro,7,2,16,"[13, 37]",1.05521821975708
285,SetAwareMyopicMacro,8,2,14,"[13, 53]",1.086008906364441
285,SetAwareMyopicMacro,9,2,12,"[61, 38]",1.1279019117355347
285,SetAwareMyopicMacro,10,2,10,"[14, 38]",1.076369285583496
285,SetAwareMyopicMacro,11,2,8,"[46, 29]",1.06134831905365
285,SetAwareMyopicMacro,12,2,6,"[14, 46]",1.0482522249221802
285,SetAwareMyopicMacro,13,2,4,"[14, 62]",1.0645085573196411
285,SetAwareMyopicMacro,14,2,2,"[54, 14]",1.0250612497329712
285,SetAwareMyopicMacro,15,2,0,"[14, 37]",1.0188995599746704
285,SetAwareMyopicMacro,16,0,0,[],1.0398823022842407
286,SetAwareMyopicMacro,0,2,30,"[14, 30]",0.06750065088272095
286,SetAwareMyopicMacro,1,2,28,"[13, 29]",0.08808218687772751
286,SetAwareMyopicMacro,2,2,26,"[13, 29]",0.12896719574928284
286,SetAwareMyopicMacro,3,2,24,"[13, 29]",0.25804731249809265
286,SetAwareMyopicMacro,4,2,22,"[53, 13]",0.5507156848907471
286,SetAwareMyopicMacro,5,2,20,"[13, 29]",0.8079898953437805
286,SetAwareMyopicMacro,6,2,18,"[54, 5]",0.9558502435684204
286,SetAwareMyopicMacro,7,2,16,"[13, 37]",1.0717934370040894
286,SetAwareMyopicMacro,8,2,14,"[61, 13]",1.111539363861084
286,SetAwareMyopicMacro,9,2,12,"[61, 38]",1.109623670578003
286,SetAwareMyopicMacro,10,2,10,"[14, 38]",1.0722332000732422
286,SetAwareMyopicMacro,11,2,8,"[29, 13]",1.0439972877502441
286,SetAwareMyopicMacro,12,2,6,"[14, 46]",1.0762035846710205
286,SetAwareMyopicMacro,13,2,4,"[37, 21]",1.1420656442642212
286,SetAwareMyopicMacro,14,2,2,"[14, 22]",1.1126731634140015
286,SetAwareMyopicMacro,15,2,0,"[54, 14]",1.026746153831482
286,SetAwareMyopicMacro,16,0,0,[],1.0376673936843872
287,SetAwareMyopicMacro,0,2,30,"[14, 30]",0.06692176312208176
287,SetAwareMyopicMacro,1,2,28,"[13, 29]",0.0853826105594635
287,SetAwareMyopicMacro,2,2,26,"[13, 29]",0.1138831377029419
287,SetAwareMyopicMacro,3,2,24,"[13, 29]",0.19613078236579895
287,SetAwareMyopicMacro,4,2,22,"[53, 13]",0.4283948540687561
287,SetAwareMyopicMacro,5,2,20,"[13, 29]",0.7317334413528442
287,SetAwareMyopicMacro,6,2,18,"[53, 5]",0.923378586769104
287,SetAwareMyopicMacro,7,2,16,"[13, 37]",1.0834367275238037
287,SetAwareMyopicMacro,8,2,14,"[61, 13]",1.1026917695999146
287,SetAwareMyopicMacro,9,2,12,"[61, 38]",1.0774030685424805
287,SetAwareMyopicMacro,10,2,10,"[53, 38]",1.0786207914352417
287,SetAwareMyopicMacro,11,2,8,"[21, 14]",1.0758137702941895
287,SetAwareMyopicMacro,12,2,6,"[38, 6]",1.0601674318313599
287,SetAwareMyopicMacro,13,2,4,"[62, 14]",1.0824750661849976
287,SetAwareMyopicMacro,14,2,2,"[14, 37]",1.031099796295166
287,SetAwareMyopicMacro,15,2,0,"[14, 54]",1.0166372060775757
287,SetAwareMyopicMacro,16,0,0,[],1.0537161827087402
288,SetAwareMyopicMacro,0,2,30,"[14, 30]",0.06699632108211517
288,SetAwareMyopicMacro,1,2,28,"[13, 29]",0.08599913120269775
288,SetAwareMyopicMacro,2,2,26,"[13, 29]",0.11767076700925827
288,SetAwareMyopicMacro,3,2,24,"[13, 29]",0.2127370983362198
288,SetAwareMyopicMacro,4,2,22,"[53, 13]",0.46587541699409485
288,SetAwareMyopicMacro,5,2,20,"[13, 29]",0.7554726600646973
288,SetAwareMyopicMacro,6,2,18,"[53, 5]",0.9305251240730286
288,SetAwareMyopicMacro,7,2,16,"[13, 37]",1.0767322778701782
288,SetAwareMyopicMacro,8,2,14,"[61, 13]",1.100230097770691
288,SetAwareMyopicMacro,9,2,12,"[61, 38]",1.0975393056869507
288,SetAwareMyopicMacro,10,2,10,"[14, 38]",1.0913324356079102
288,SetAwareMyopicMacro,11,2,8,"[29, 13]",1.099595308303833
288,SetAwareMyopicMacro,12,2,6,"[14, 62]",1.0903781652450562
288,SetAwareMyopicMacro,13,2,4,"[37, 14]",1.1279432773590088
288,SetAwareMyopicMacro,14,2,2,"[29, 6]",1.0866466760635376
288,SetAwareMyopicMacro,15,2,0,"[54, 22]",1.003188967704773
288,SetAwareMyopicMacro,16,0,0,[],1.0208938121795654
289,SetAwareMyopicMacro,0,2,30,"[14, 30]",0.06740698218345642
289,SetAwareMyopicMacro,1,2,28,"[13, 29]",0.08655187487602234
289,SetAwareMyopicMacro,2,2,26,"[13, 29]",0.11970218271017075
289,SetAwareMyopicMacro,3,2,24,"[13, 29]",0.22277022898197174
289,SetAwareMyopicMacro,4,2,22,"[53, 13]",0.4902198016643524
289,SetAwareMyopicMacro,5,2,20,"[13, 29]",0.7791948914527893
289,SetAwareMyopicMacro,6,2,18,"[53, 5]",0.9495104551315308
289,SetAwareMyopicMacro,7,2,16,"[13, 37]",1.0803362131118774
289,SetAwareMyopicMacro,8,2,14,"[61, 13]",1.1060041189193726
289,SetAwareMyopicMacro,9,2,12,"[61, 37]",1.0691739320755005
289,SetAwareMyopicMacro,10,2,10,"[53, 38]",1.0739295482635498
289,SetAwareMyopicMacro,11,2,8,"[13, 45]",1.0285730361938477
289,SetAwareMyopicMacro,12,2,6,"[6, 21]",1.0407129526138306
289,SetAwareMyopicMacro,13,2,4,"[46, 14]",1.0663692951202393
289,SetAwareMyopicMacro,14,2,2,"[14, 37]",1.046749472618103
289,SetAwareMyopicMacro,15,2,0,"[14, 53]",1.0322599411010742
289,SetAwareMyopicMacro,16,0,0,[],1.078117847442627
290,SetAwareMyopicMacro,0,2,30,"[14, 30]",0.0666210949420929
290,SetAwareMyopicMacro,1,2,28,"[13, 29]",0.08420803397893906
290,SetAwareMyopicMacro,2,2,26,"[13, 29]",0.10647940635681152
290,SetAwareMyopicMacro,3,2,24,"[13, 29]",0.1582372635602951
290,SetAwareMyopicMacro,4,2,22,"[53, 13]",0.3092103600502014
290,SetAwareMyopicMacro,5,2,20,"[13, 29]",0.608413815498352
290,SetAwareMyopicMacro,6,2,18,"[53, 5]",0.8471680283546448
290,SetAwareMyopicMacro,7,2,16,"[37, 53]",1.022411823272705
290,SetAwareMyopicMacro,8,2,14,"[21, 37]",1.0869040489196777
290,SetAwareMyopicMacro,9,2,12,"[61, 21]",0.9904439449310303
290,SetAwareMyopicMacro,10,2,10,"[38, 5]",1.0194729566574097
290,SetAwareMyopicMacro,11,2,8,"[62, 5]",0.992794930934906
290,SetAwareMyopicMacro,12,2,6,"[46, 22]",0.9629168510437012
290,SetAwareMyopicMacro,13,2,4,"[38, 14]",0.9530421495437622
290,SetAwareMyopicMacro,14,2,2,"[37, 6]",0.9769695401191711
290,SetAwareMyopicMacro,15,2,0,"[22, 53]",1.0280226469039917
290,SetAwareMyopicMacro,16,0,0,[],1.008068561553955
291,SetAwareMyopicMacro,0,2,30,"[14, 30]",0.06651587039232254
291,SetAwareMyopicMacro,1,2,28,"[13, 29]",0.0835254043340683
291,SetAwareMyopicMacro,2,2,26,"[13, 29]",0.10204943269491196
291,SetAwareMyopicMacro,3,2,24,"[13, 29]",0.13626214861869812
291,SetAwareMyopicMacro,4,2,22,"[53, 13]",0.2093329280614853
291,SetAwareMyopicMacro,5,2,20,"[13, 45]",0.4145511984825134
291,SetAwareMyopicMacro,6,2,18,"[6, 54]",0.7659499049186707
291,SetAwareMyopicMacro,7,2,16,"[13, 37]",1.0322039127349854
291,SetAwareMyopicMacro,8,2,14,"[53, 13]",1.0873997211456299
291,SetAwareMyopicMacro,9,2,12,"[37, 61]",1.0367463827133179
291,SetAwareMyopicMacro,10,2,10,"[13, 38]",0.9766244888305664
291,SetAwareMyopicMacro,11,2,8,"[62, 5]",0.967570960521698
291,SetAwareMyopicMacro,12,2,6,"[37, 21]",1.0039150714874268
291,SetAwareMyopicMacro,13,2,4,"[54, 37]",1.0140935182571411
291,SetAwareMyopicMacro,14,2,2,"[14, 29]",0.9792301058769226
291,SetAwareMyopicMacro,15,2,0,"[14, 54]",0.9157058000564575
291,SetAwareMyopicMacro,16,0,0,[],0.9275795817375183
292,SetAwareMyopicMacro,0,2,30,"[14, 30]",0.0684192031621933
292,SetAwareMyopicMacro,1,2,28,"[13, 29]",0.09031268954277039
292,SetAwareMyopicMacro,2,2,26,"[13, 29]",0.13731570541858673
292,SetAwareMyopicMacro,3,2,24,"[13, 29]",0.2866443395614624
292,SetAwareMyopicMacro,4,2,22,"[53, 13]",0.5948924422264099
292,SetAwareMyopicMacro,5,2,20,"[13, 29]",0.8372355699539185
292,SetAwareMyopicMacro,6,2,18,"[54, 5]",0.9801189303398132
292,SetAwareMyopicMacro,7,2,16,"[13, 37]",1.0883066654205322
292,SetAwareMyopicMacro,8,2,14,"[61, 13]",1.1166945695877075
292,SetAwareMyopicMacro,9,2,12,"[61, 37]",1.1028461456298828
292,SetAwareMyopicMacro,10,2,10,"[38, 5]",1.0669935941696167
292,SetAwareMyopicMacro,11,2,8,"[46, 14]",1.0104670524597168
292,SetAwareMyopicMacro,12,2,6,"[14, 38]",1.027213215827942
292,SetAwareMyopicMacro,13,2,4,"[21, 46]",1.0623857975006104
292,SetAwareMyopicMacro,14,2,2,"[14, 22]",1.0684399604797363
292,SetAwareMyopicMacro,15,2,0,"[54, 22]",0.9975687265396118
292,SetAwareMyopicMacro,16,0,0,[],0.9720245003700256
293,SetAwareMyopicMacro,0,2,30,"[14, 30]",0.06761851161718369
293,SetAwareMyopicMacro,1,2,28,"[13, 29]",0.08884432166814804
293,SetAwareMyopicMacro,2,2,26,"[13, 29]",0.13285648822784424
293,SetAwareMyopicMacro,3,2,24,"[13, 29]",0.27182242274284363
293,SetAwareMyopicMacro,4,2,22,"[53, 13]",0.5704978108406067
293,SetAwareMyopicMacro,5,2,20,"[13, 29]",0.816464364528656
293,SetAwareMyopicMacro,6,2,18,"[54, 5]",0.9529650211334229
293,SetAwareMyopicMacro,7,2,16,"[13, 37]",1.0619828701019287
293,SetAwareMyopicMacro,8,2,14,"[13, 61]",1.1189299821853638
293,SetAwareMyopicMacro,9,2,12,"[61, 38]",1.1228443384170532
293,SetAwareMyopicMacro,10,2,10,"[14, 38]",1.0491375923156738
293,SetAwareMyopicMacro,11,2,8,"[46, 29]",1.01706862449646
293,SetAwareMyopicMacro,12,2,6,"[14, 46]",1.0190092325210571
293,SetAwareMyopicMacro,13,2,4,"[46, 21]",1.0860267877578735
293,SetAwareMyopicMacro,14,2,2,"[14, 45]",1.0584925413131714
293,SetAwareMyopicMacro,15,2,0,"[22, 54]",0.985296368598938
293,SetAwareMyopicMacro,16,0,0,[],0.9598437547683716
294,SetAwareMyopicMacro,0,2,30,"[14, 30]",0.06710973381996155
294,SetAwareMyopicMacro,1,2,28,"[13, 29]",0.0868864506483078
294,SetAwareMyopicMacro,2,2,26,"[13, 29]",0.12251140177249908
294,SetAwareMyopicMacro,3,2,24,"[13, 29]",0.2315773069858551
294,SetAwareMyopicMacro,4,2,22,"[53, 13]",0.4998507797718048
294,SetAwareMyopicMacro,5,2,20,"[13, 29]",0.7709381580352783
294,SetAwareMyopicMacro,6,2,18,"[54, 5]",0.9203882217407227
294,SetAwareMyopicMacro,7,2,16,"[13, 37]",1.0481852293014526
294,SetAwareMyopicMacro,8,2,14,"[13, 53]",1.094271183013916
294,SetAwareMyopicMacro,9,2,12,"[61, 5]",1.1234813928604126
294,SetAwareMyopicMacro,10,2,10,"[14, 45]",1.098117470741272
294,SetAwareMyopicMacro,11,2,8,"[46, 45]",1.0889227390289307
294,SetAwareMyopicMacro,12,2,6,"[46, 14]",1.069211721420288
294,SetAwareMyopicMacro,13,2,4,"[46, 14]",1.0963072776794434
294,SetAwareMyopicMacro,14,2,2,"[14, 54]",1.0370229482650757
294,SetAwareMyopicMacro,15,2,0,"[54, 14]",0.9815570116043091
294,SetAwareMyopicMacro,16,0,0,[],1.000557541847229
295,SetAwareMyopicMacro,0,2,30,"[14, 30]",0.06661249697208405
295,SetAwareMyopicMacro,1,2,28,"[13, 29]",0.08407595008611679
295,SetAwareMyopicMacro,2,2,26,"[13, 29]",0.10563977807760239
295,SetAwareMyopicMacro,3,2,24,"[13, 29]",0.15409307181835175
295,SetAwareMyopicMacro,4,2,22,"[53, 13]",0.2953340709209442
295,SetAwareMyopicMacro,5,2,20,"[13, 29]",0.5918973684310913
295,SetAwareMyopicMacro,6,2,18,"[53, 5]",0.8508292436599731
295,SetAwareMyopicMacro,7,2,16,"[53, 37]",1.0337105989456177
295,SetAwareMyopicMacro,8,2,14,"[21, 37]",1.0850696563720703
295,SetAwareMyopicMacro,9,2,12,"[61, 21]",0.9942470192909241
295,SetAwareMyopicMacro,10,2,10,"[38, 5]",1.010406494140625
295,SetAwareMyopicMacro,11,2,8,"[62, 5]",0.9828812479972839
295,SetAwareMyopicMacro,12,2,6,"[46, 6]",0.9573369026184082
295,SetAwareMyopicMacro,13,2,4,"[46, 6]",0.9641708731651306
295,SetAwareMyopicMacro,14,2,2,"[37, 6]",1.008734941482544
295,SetAwareMyopicMacro,15,2,0,"[22, 46]",1.0484219789505005
295,SetAwareMyopicMacro,16,0,0,[],1.0809946060180664
296,SetAwareMyopicMacro,0,2,30,"[14, 30]",0.066852867603302
296,SetAwareMyopicMacro,1,2,28,"[13, 29]",0.08453407138586044
296,SetAwareMyopicMacro,2,2,26,"[13, 29]",0.10818295925855637
296,SetAwareMyopicMacro,3,2,24,"[13, 29]",0.16942881047725677
296,SetAwareMyopicMacro,4,2,22,"[53, 13]",0.3532800078392029
296,SetAwareMyopicMacro,5,2,20,"[13, 45]",0.6759036183357239
296,SetAwareMyopicMacro,6,2,18,"[6, 21]",0.9032445549964905
296,SetAwareMyopicMacro,7,2,16,"[53, 13]",1.0466411113739014
296,SetAwareMyopicMacro,8,2,14,"[29, 13]",1.1273642778396606
296,SetAwareMyopicMacro,9,2,12,"[61, 14]",1.063698172569275
296,SetAwareMyopicMacro,10,2,10,"[45, 54]",1.0693391561508179
296,SetAwareMyopicMacro,11,2,8,"[37, 13]",1.055537223815918
296,SetAwareMyopicMacro,12,2,6,"[54, 30]",0.9922891855239868
296,SetAwareMyopicMacro,13,2,4,"[6, 62]",0.9868586659431458
296,SetAwareMyopicMacro,14,2,2,"[45, 30]",0.9787195920944214
296,SetAwareMyopicMacro,15,2,0,"[14, 45]",0.9245090484619141
296,SetAwareMyopicMacro,16,0,0,[],0.9499863386154175
297,SetAwareMyopicMacro,0,2,30,"[14, 30]",0.06678299605846405
297,SetAwareMyopicMacro,1,2,28,"[13, 29]",0.0852278545498848
297,SetAwareMyopicMacro,2,2,26,"[13, 29]",0.11273570358753204
297,SetAwareMyopicMacro,3,2,24,"[13, 29]",0.18827661871910095
297,SetAwareMyopicMacro,4,2,22,"[53, 13]",0.4004015624523163
297,SetAwareMyopicMacro,5,2,20,"[13, 29]",0.7051423788070679
297,SetAwareMyopicMacro,6,2,18,"[53, 5]",0.8926966190338135
297,SetAwareMyopicMacro,7,2,16,"[13, 37]",1.063949465751648
297,SetAwareMyopicMacro,8,2,14,"[29, 53]",1.1065585613250732
297,SetAwareMyopicMacro,9,2,12,"[21, 61]",1.086464524269104
297,SetAwareMyopicMacro,10,2,10,"[13, 38]",1.0525188446044922
297,SetAwareMyopicMacro,11,2,8,"[62, 45]",1.0271612405776978
297,SetAwareMyopicMacro,12,2,6,"[46, 6]",1.024989128112793
297,SetAwareMyopicMacro,13,2,4,"[62, 13]",1.0222971439361572
297,SetAwareMyopicMacro,14,2,2,"[6, 53]",0.979803204536438
297,SetAwareMyopicMacro,15,2,0,"[22, 45]",1.0033546686172485
297,SetAwareMyopicMacro,16,0,0,[],0.9738579988479614
298,SetAwareMyopicMacro,0,2,30,"[14, 30]",0.0665489062666893
298,SetAwareMyopicMacro,1,2,28,"[13, 29]",0.08348583430051804
298,SetAwareMyopicMacro,2,2,26,"[13, 29]",0.10162238031625748
298,SetAwareMyopicMacro,3,2,24,"[13, 29]",0.1350470781326294
298,SetAwareMyopicMacro,4,2,22,"[53, 13]",0.20471160113811493
298,SetAwareMyopicMacro,5,2,20,"[13, 45]",0.41071638464927673
298,SetAwareMyopicMacro,6,2,18,"[6, 54]",0.7658836841583252
298,SetAwareMyopicMacro,7,2,16,"[13, 37]",1.0312175750732422
298,SetAwareMyopicMacro,8,2,14,"[53, 13]",1.083875298500061
298,SetAwareMyopicMacro,9,2,12,"[37, 61]",1.0244488716125488
298,SetAwareMyopicMacro,10,2,10,"[13, 38]",0.9890668988227844
298,SetAwareMyopicMacro,11,2,8,"[62, 5]",0.9523203372955322
298,SetAwareMyopicMacro,12,2,6,"[37, 21]",0.9684949517250061
298,SetAwareMyopicMacro,13,2,4,"[54, 37]",0.981364905834198
298,SetAwareMyopicMacro,14,2,2,"[14, 29]",1.0252432823181152
298,SetAwareMyopicMacro,15,2,0,"[14, 54]",1.0160385370254517
298,SetAwareMyopicMacro,16,0,0,[],1.04348886013031
299,SetAwareMyopicMacro,0,2,30,"[14, 30]",0.06655943393707275
299,SetAwareMyopicMacro,1,2,28,"[13, 29]",0.08381795883178711
299,SetAwareMyopicMacro,2,2,26,"[13, 29]",0.1039464920759201
299,SetAwareMyopicMacro,3,2,24,"[13, 29]",0.14501112699508667
299,SetAwareMyopicMacro,4,2,22,"[53, 13]",0.2551206350326538
299,SetAwareMyopicMacro,5,2,20,"[13, 45]",0.5165238976478577
299,SetAwareMyopicMacro,6,2,18,"[6, 54]",0.8204247355461121
299,SetAwareMyopicMacro,7,2,16,"[13, 37]",1.047221302986145
299,SetAwareMyopicMacro,8,2,14,"[53, 13]",1.0823163986206055
299,SetAwareMyopicMacro,9,2,12,"[37, 61]",1.0403915643692017
299,SetAwareMyopicMacro,10,2,10,"[13, 38]",0.9851210117340088
299,SetAwareMyopicMacro,11,2,8,"[62, 46]",0.969614565372467
299,SetAwareMyopicMacro,12,2,6,"[37, 5]",0.9750484824180603
299,SetAwareMyopicMacro,13,2,4,"[54, 13]",0.9807075262069702
299,SetAwareMyopicMacro,14,2,2,"[37, 14]",0.9393078088760376
299,SetAwareMyopicMacro,15,2,0,"[53, 14]",0.9084675312042236
299,SetAwareMyopicMacro,16,0,0,[],0.9682590365409851
250,BeamBC,0,2,30,"[14, 30]",0.06653647124767303
250,BeamBC,1,2,28,"[13, 29]",0.08384262770414352
250,BeamBC,2,2,26,"[13, 29]",0.1042720302939415
250,BeamBC,3,2,24,"[13, 29]",0.14645911753177643
250,BeamBC,4,1,23,[53],0.2629600465297699
250,BeamBC,5,1,22,[13],0.5444674491882324
250,BeamBC,6,4,18,"[53, 29, 5, 54]",0.8274152874946594
250,BeamBC,7,4,14,"[53, 29, 13, 37]",1.023637056350708
250,BeamBC,8,4,10,"[30, 5, 61, 37]",1.0890369415283203
250,BeamBC,9,4,6,"[61, 21, 14, 38]",0.9849733114242554
250,BeamBC,10,4,2,"[38, 54, 13, 45]",0.9238007068634033
250,BeamBC,11,1,1,[38],0.9257176518440247
250,BeamBC,12,1,0,[21],0.9674667716026306
250,BeamBC,13,0,0,[],1.0339478254318237
250,BeamBC,14,0,0,[],0.9986803531646729
250,BeamBC,15,0,0,[],0.9547605514526367
250,BeamBC,16,0,0,[],0.9847266674041748
251,BeamBC,0,2,30,"[14, 30]",0.0664777010679245
251,BeamBC,1,2,28,"[13, 29]",0.08345102518796921
251,BeamBC,2,2,26,"[13, 29]",0.10185109078884125
251,BeamBC,3,2,24,"[13, 29]",0.13477450609207153
251,BeamBC,4,1,23,[53],0.2093200385570526
251,BeamBC,5,1,22,[13],0.41300082206726074
251,BeamBC,6,4,18,"[53, 29, 5, 54]",0.7095969319343567
251,BeamBC,7,4,14,"[53, 29, 13, 37]",0.9616663455963135
251,BeamBC,8,4,10,"[61, 37, 5, 30]",1.0486135482788086
251,BeamBC,9,4,6,"[61, 21, 14, 38]",0.9869021773338318
251,BeamBC,10,4,2,"[54, 38, 13, 53]",0.9423223733901978
251,BeamBC,11,1,1,[38],0.9795968532562256
251,BeamBC,12,1,0,[22],0.971824049949646
251,BeamBC,13,0,0,[],0.9716268181800842
251,BeamBC,14,0,0,[],0.9620089530944824
251,BeamBC,15,0,0,[],0.9029818177223206
251,BeamBC,16,0,0,[],0.9288827180862427
252,BeamBC,0,2,30,"[14, 30]",0.06681057065725327
252,BeamBC,1,2,28,"[13, 29]",0.08540792018175125
252,BeamBC,2,2,26,"[13, 29]",0.1136680617928505
252,BeamBC,3,2,24,"[13, 29]",0.19204959273338318
252,BeamBC,4,1,23,[53],0.41496938467025757
252,BeamBC,5,1,22,[13],0.7239601612091064
252,BeamBC,6,4,18,"[53, 29, 5, 54]",0.9240037202835083
252,BeamBC,7,4,14,"[13, 37, 53, 30]",1.0457934141159058
252,BeamBC,8,4,10,"[13, 30, 61, 6]",1.0853302478790283
252,BeamBC,9,4,6,"[61, 13, 37, 30]",1.0362870693206787
252,BeamBC,10,4,2,"[38, 21, 54, 6]",1.007381796836853
252,BeamBC,11,2,0,"[38, 13]",1.008143424987793
252,BeamBC,12,0,0,[],1.066893458366394
252,BeamBC,13,0,0,[],1.102973461151123
252,BeamBC,14,0,0,[],1.1110988855361938
252,BeamBC,15,0,0,[],1.1249608993530273
252,BeamBC,16,0,0,[],1.1743426322937012
253,BeamBC,0,2,30,"[14, 30]",0.06676552444696426
253,BeamBC,1,2,28,"[13, 29]",0.08485939353704453
253,BeamBC,2,2,26,"[13, 29]",0.11073079705238342
253,BeamBC,3,2,24,"[13, 29]",0.18019366264343262
253,BeamBC,4,1,23,[53],0.3897055983543396
253,BeamBC,5,1,22,[13],0.7035804390907288
253,BeamBC,6,4,18,"[53, 29, 5, 54]",0.9217075109481812
253,BeamBC,7,4,14,"[13, 53, 37, 30]",1.0613901615142822
253,BeamBC,8,4,10,"[13, 61, 30, 37]",1.092982292175293
253,BeamBC,9,4,6,"[61, 14, 30, 54]",1.0366748571395874
253,BeamBC,10,4,2,"[38, 5, 53, 21]",1.0374871492385864
253,BeamBC,11,2,0,"[45, 5]",1.055863618850708
253,BeamBC,12,0,0,[],1.0683660507202148
253,BeamBC,13,0,0,[],1.1104347705841064
253,BeamBC,14,0,0,[],1.1716523170471191
253,BeamBC,15,0,0,[],1.2398873567581177
253,BeamBC,16,0,0,[],1.2680010795593262
254,BeamBC,0,2,30,"[14, 30]",0.06757649034261703
254,BeamBC,1,2,28,"[13, 29]",0.08798927068710327
254,BeamBC,2,2,26,"[13, 29]",0.12806974351406097
254,BeamBC,3,2,24,"[13, 29]",0.25502535700798035
254,BeamBC,4,1,23,[53],0.5510908365249634
254,BeamBC,5,1,22,[13],0.8148937821388245
254,BeamBC,6,1,21,[29],0.9704668521881104
254,BeamBC,7,4,17,"[13, 53, 37, 54]",1.033859372138977
254,BeamBC,8,4,13,"[37, 21, 61, 5]",1.0746979713439941
254,BeamBC,9,4,9,"[14, 61, 38, 21]",1.0261822938919067
254,BeamBC,10,2,7,"[38, 6]",0.9998824000358582
254,BeamBC,11,4,3,"[46, 5, 22, 61]",0.9728804230690002
254,BeamBC,12,2,1,"[38, 14]",1.0210704803466797
254,BeamBC,13,1,0,[46],1.0924819707870483
254,BeamBC,14,0,0,[],1.1219639778137207
254,BeamBC,15,0,0,[],1.1206222772598267
254,BeamBC,16,0,0,[],1.1016079187393188
255,BeamBC,0,2,30,"[14, 30]",0.06666145473718643
255,BeamBC,1,2,28,"[13, 29]",0.08462800830602646
255,BeamBC,2,2,26,"[13, 29]",0.10902317613363266
255,BeamBC,3,2,24,"[13, 29]",0.16966192424297333
255,BeamBC,4,1,23,[53],0.3486540913581848
255,BeamBC,5,1,22,[13],0.6645643711090088
255,BeamBC,6,4,18,"[53, 29, 5, 54]",0.8958844542503357
255,BeamBC,7,4,14,"[53, 29, 5, 22]",1.0563766956329346
255,BeamBC,8,4,10,"[61, 13, 30, 37]",1.0815906524658203
255,BeamBC,9,4,6,"[61, 13, 38, 53]",1.0235962867736816
255,BeamBC,10,4,2,"[14, 38, 21, 54]",0.9859333634376526
255,BeamBC,11,2,0,"[13, 38]",0.9631026983261108
255,BeamBC,12,0,0,[],0.9790232181549072
255,BeamBC,13,0,0,[],0.9837679862976074
255,BeamBC,14,0,0,[],1.0287173986434937
255,BeamBC,15,0,0,[],1.0575613975524902
255,BeamBC,16,0,0,[],1.0484592914581299
256,BeamBC,0,2,30,"[14, 30]",0.06703997403383255
256,BeamBC,1,2,28,"[13, 29]",0.0865263119339943
256,BeamBC,2,2,26,"[13, 29]",0.12052520364522934
256,BeamBC,3,2,24,"[13, 29]",0.2235979586839676
256,BeamBC,4,1,23,[53],0.48934265971183777
256,BeamBC,5,1,22,[13],0.7725428342819214
256,BeamBC,6,1,21,[29],0.9423597455024719
256,BeamBC,7,4,17,"[13, 53, 37, 61]",1.0053942203521729
256,BeamBC,8,4,13,"[13, 30, 61, 37]",1.0516546964645386
256,BeamBC,9,4,9,"[14, 61, 38, 13]",1.035814881324768
256,BeamBC,10,2,7,"[38, 6]",1.0215823650360107
256,BeamBC,11,4,3,"[5, 61, 38, 22]",1.0126745700836182
256,BeamBC,12,1,2,[46],1.0330570936203003
256,BeamBC,13,2,0,"[46, 14]",1.0758856534957886
256,BeamBC,14,0,0,[],1.0792156457901
256,BeamBC,15,0,0,[],1.091070294380188
256,BeamBC,16,0,0,[],1.0449583530426025
257,BeamBC,0,2,30,"[14, 30]",0.06646386533975601
257,BeamBC,1,2,28,"[13, 29]",0.08339355140924454
257,BeamBC,2,2,26,"[13, 29]",0.10148869454860687
257,BeamBC,3,2,24,"[13, 29]",0.13316890597343445
257,BeamBC,4,1,23,[53],0.19999492168426514
257,BeamBC,5,1,22,[13],0.38516291975975037
257,BeamBC,6,4,18,"[53, 29, 5, 54]",0.6719096899032593
257,BeamBC,7,4,14,"[53, 29, 13, 37]",0.9386351704597473
257,BeamBC,8,4,10,"[61, 37, 5, 30]",1.0399266481399536
257,BeamBC,9,4,6,"[61, 21, 14, 38]",0.9846757054328918
257,BeamBC,10,4,2,"[54, 38, 13, 53]",0.9505894780158997
257,BeamBC,11,1,1,[38],0.9941243529319763
257,BeamBC,12,1,0,[21],0.9843054413795471
257,BeamBC,13,0,0,[],0.9800395965576172
257,BeamBC,14,0,0,[],0.9759966135025024
257,BeamBC,15,0,0,[],0.9145824313163757
257,BeamBC,16,0,0,[],0.9114770889282227
258,BeamBC,0,2,30,"[14, 30]",0.06771142035722733
258,BeamBC,1,2,28,"[13, 29]",0.08906345814466476
258,BeamBC,2,2,26,"[13, 29]",0.13378553092479706
258,BeamBC,3,2,24,"[13, 29]",0.2751496732234955
258,BeamBC,4,1,23,[53],0.5798589587211609
258,BeamBC,5,1,22,[13],0.8269806504249573
258,BeamBC,6,1,21,[29],0.9675626158714294
258,BeamBC,7,4,17,"[13, 53, 37, 22]",1.0255517959594727
258,BeamBC,8,4,13,"[13, 30, 61, 37]",1.0636121034622192
258,BeamBC,9,4,9,"[14, 61, 38, 13]",1.0296857357025146
258,BeamBC,10,2,7,"[38, 61]",0.9817859530448914
258,BeamBC,11,4,3,"[22, 46, 5, 38]",0.9452570676803589
258,BeamBC,12,2,1,"[46, 22]",0.9706226587295532
258,BeamBC,13,1,0,[46],1.0620535612106323
258,BeamBC,14,0,0,[],1.1207727193832397
258,BeamBC,15,0,0,[],1.1082255840301514
258,BeamBC,16,0,0,[],1.0218623876571655
259,BeamBC,0,2,30,"[14, 30]",0.06644798815250397
259,BeamBC,1,2,28,"[13, 29]",0.08331315964460373
259,BeamBC,2,2,26,"[13, 29]",0.10099729895591736
259,BeamBC,3,2,24,"[13, 29]",0.13105593621730804
259,BeamBC,4,1,23,[53],0.18760883808135986
259,BeamBC,5,1,22,[13],0.3394460678100586
259,BeamBC,6,4,18,"[53, 29, 5, 54]",0.5969893932342529
259,BeamBC,7,4,14,"[53, 29, 13, 37]",0.8914499282836914
259,BeamBC,8,4,10,"[61, 37, 5, 30]",1.0111050605773926
259,BeamBC,9,4,6,"[61, 21, 14, 38]",0.9821740984916687
259,BeamBC,10,4,2,"[54, 38, 13, 53]",0.9532943367958069
259,BeamBC,11,1,1,[38],1.0089006423950195
259,BeamBC,12,1,0,[22],1.0060290098190308
259,BeamBC,13,0,0,[],0.9853880405426025
259,BeamBC,14,0,0,[],0.9539210796356201
259,BeamBC,15,0,0,[],0.8753374814987183
259,BeamBC,16,0,0,[],0.8324639201164246
260,BeamBC,0,2,30,"[14, 30]",0.06672514230012894
260,BeamBC,1,2,28,"[13, 29]",0.08450982719659805
260,BeamBC,2,2,26,"[13, 29]",0.10845670104026794
260,BeamBC,3,2,24,"[13, 29]",0.16907641291618347
260,BeamBC,4,1,23,[53],0.3567817509174347
260,BeamBC,5,1,22,[13],0.673751950263977
260,BeamBC,6,4,18,"[53, 29, 5, 54]",0.9103642702102661
260,BeamBC,7,4,14,"[53, 13, 37, 30]",1.0603621006011963
260,BeamBC,8,4,10,"[13, 61, 37, 30]",1.088554859161377
260,BeamBC,9,4,6,"[61, 30, 14, 54]",1.024654507637024
260,BeamBC,10,4,2,"[38, 5, 53, 37]",1.0256532430648804
260,BeamBC,11,1,1,[38],1.0502690076828003
260,BeamBC,12,1,0,[37],1.0358142852783203
260,BeamBC,13,0,0,[],1.0889863967895508
260,BeamBC,14,0,0,[],1.105294942855835
260,BeamBC,15,0,0,[],1.152295708656311
260,BeamBC,16,0,0,[],1.1590542793273926
261,BeamBC,0,2,30,"[14, 30]",0.06861386448144913
261,BeamBC,1,2,28,"[13, 29]",0.09037098288536072
261,BeamBC,2,2,26,"[13, 29]",0.13630414009094238
261,BeamBC,3,2,24,"[13, 29]",0.28267526626586914
261,BeamBC,4,1,23,[53],0.5932493805885315
261,BeamBC,5,1,22,[13],0.8389616012573242
261,BeamBC,6,1,21,[29],0.9824185371398926
261,BeamBC,7,4,17,"[13, 53, 37, 54]",1.0498688220977783
261,BeamBC,8,4,13,"[13, 37, 30, 61]",1.039563536643982
261,BeamBC,9,4,9,"[14, 61, 38, 45]",1.019391417503357
261,BeamBC,10,2,7,"[38, 5]",1.0080794095993042
261,BeamBC,11,4,3,"[46, 22, 5, 38]",0.9658141732215881
261,BeamBC,12,2,1,"[38, 13]",1.0034209489822388
261,BeamBC,13,1,0,[46],1.0338630676269531
261,BeamBC,14,0,0,[],1.0421500205993652
261,BeamBC,15,0,0,[],1.0828864574432373
261,BeamBC,16,0,0,[],1.1150243282318115
262,BeamBC,0,2,30,"[14, 30]",0.06715773046016693
262,BeamBC,1,2,28,"[13, 29]",0.08666359633207321
262,BeamBC,2,2,26,"[13, 29]",0.12154562771320343
262,BeamBC,3,2,24,"[13, 29]",0.2293017953634262
262,BeamBC,4,1,23,[53],0.5044785737991333
262,BeamBC,5,1,22,[13],0.7858074307441711
262,BeamBC,6,1,21,[29],0.9573015570640564
262,BeamBC,7,4,17,"[13, 53, 37, 54]",1.0278759002685547
262,BeamBC,8,4,13,"[61, 37, 5, 21]",1.0720490217208862
262,BeamBC,9,4,9,"[14, 61, 38, 21]",1.0312525033950806
262,BeamBC,10,2,7,"[38, 6]",1.0133076906204224
262,BeamBC,11,4,3,"[46, 6, 62, 22]",1.004578709602356
262,BeamBC,12,2,1,"[38, 13]",1.0512880086898804
262,BeamBC,13,1,0,[21],1.1473006010055542
262,BeamBC,14,0,0,[],1.1405678987503052
262,BeamBC,15,0,0,[],1.1048024892807007
262,BeamBC,16,0,0,[],1.1018750667572021
263,BeamBC,0,2,30,"[14, 30]",0.06715689599514008
263,BeamBC,1,2,28,"[13, 29]",0.08638755977153778
263,BeamBC,2,2,26,"[13, 29]",0.11974090337753296
263,BeamBC,3,2,24,"[13, 29]",0.22210972011089325
263,BeamBC,4,1,23,[53],0.4915650486946106
263,BeamBC,5,1,22,[13],0.7817486524581909
263,BeamBC,6,1,21,[29],0.9643100500106812
263,BeamBC,7,4,17,"[53, 13, 37, 62]",1.0308927297592163
263,BeamBC,8,4,13,"[13, 37, 61, 22]",1.0584255456924438
263,BeamBC,9,4,9,"[61, 38, 14, 45]",1.0207756757736206
263,BeamBC,10,4,5,"[38, 45, 5, 61]",1.01129150390625
263,BeamBC,11,2,3,"[46, 22]",1.0404354333877563
263,BeamBC,12,2,1,"[38, 14]",1.0946210622787476
263,BeamBC,13,1,0,[46],1.1787266731262207
263,BeamBC,14,0,0,[],1.17299222946167
263,BeamBC,15,0,0,[],1.1302906274795532
263,BeamBC,16,0,0,[],1.1196131706237793
264,BeamBC,0,2,30,"[14, 30]",0.06664300709962845
264,BeamBC,1,2,28,"[13, 29]",0.0840269923210144
264,BeamBC,2,2,26,"[13, 29]",0.10526163876056671
264,BeamBC,3,2,24,"[13, 29]",0.15301257371902466
264,BeamBC,4,1,23,[53],0.29894816875457764
264,BeamBC,5,1,22,[13],0.6038245558738708
264,BeamBC,6,4,18,"[53, 29, 5, 54]",0.8762356638908386
264,BeamBC,7,4,14,"[53, 37, 13, 30]",1.045387864112854
264,BeamBC,8,4,10,"[61, 13, 37, 30]",1.0752172470092773
264,BeamBC,9,4,6,"[61, 30, 54, 14]",1.0138105154037476
264,BeamBC,10,4,2,"[37, 5, 38, 53]",1.0007212162017822
264,BeamBC,11,1,1,[38],1.0178512334823608
264,BeamBC,12,1,0,[37],1.006813645362854
264,BeamBC,13,0,0,[],1.0523680448532104
264,BeamBC,14,0,0,[],1.0408921241760254
264,BeamBC,15,0,0,[],1.0792920589447021
264,BeamBC,16,0,0,[],1.112356424331665
265,BeamBC,0,2,30,"[14, 30]",0.06768888235092163
265,BeamBC,1,2,28,"[13, 29]",0.08742135018110275
265,BeamBC,2,2,26,"[13, 29]",0.12377040088176727
265,BeamBC,3,2,24,"[13, 29]",0.23892493546009064
265,BeamBC,4,1,23,[53],0.5251774191856384
265,BeamBC,5,1,22,[13],0.8044173121452332
265,BeamBC,6,1,21,[29],0.9731560349464417
265,BeamBC,7,4,17,"[13, 53, 37, 54]",1.0385863780975342
265,BeamBC,8,4,13,"[61, 37, 21, 5]",1.0631002187728882
265,BeamBC,9,4,9,"[61, 14, 38, 45]",1.0252585411071777
265,BeamBC,10,2,7,"[38, 6]",1.0145683288574219
265,BeamBC,11,4,3,"[45, 6, 30, 62]",0.9813536405563354
265,BeamBC,12,2,1,"[46, 14]",1.0036201477050781
265,BeamBC,13,1,0,[46],1.0886867046356201
265,BeamBC,14,0,0,[],1.097497820854187
265,BeamBC,15,0,0,[],1.0660454034805298
265,BeamBC,16,0,0,[],1.0867135524749756
266,BeamBC,0,2,30,"[14, 30]",0.0665922462940216
266,BeamBC,1,2,28,"[13, 29]",0.08393099904060364
266,BeamBC,2,2,26,"[13, 29]",0.10465917736291885
266,BeamBC,3,2,24,"[13, 29]",0.14909955859184265
266,BeamBC,4,1,23,[53],0.282246470451355
266,BeamBC,5,1,22,[13],0.5748462677001953
266,BeamBC,6,4,18,"[53, 29, 5, 54]",0.8561410903930664
266,BeamBC,7,4,14,"[53, 37, 13, 30]",1.0418916940689087
266,BeamBC,8,4,10,"[61, 13, 37, 30]",1.0878841876983643
266,BeamBC,9,4,6,"[61, 14, 30, 54]",1.0083461999893188
266,BeamBC,10,4,2,"[38, 5, 53, 21]",0.9843071699142456
266,BeamBC,11,2,0,"[45, 38]",0.9784882068634033
266,BeamBC,12,0,0,[],0.9959739446640015
266,BeamBC,13,0,0,[],1.0251320600509644
266,BeamBC,14,0,0,[],1.0047022104263306
266,BeamBC,15,0,0,[],1.0326818227767944
266,BeamBC,16,0,0,[],1.0471093654632568
267,BeamBC,0,2,30,"[14, 30]",0.06656178086996078
267,BeamBC,1,2,28,"[13, 29]",0.08388534933328629
267,BeamBC,2,2,26,"[13, 29]",0.10443956404924393
267,BeamBC,3,2,24,"[13, 29]",0.1476045697927475
267,BeamBC,4,1,23,[53],0.2751286029815674
267,BeamBC,5,1,22,[13],0.5613248348236084
267,BeamBC,6,4,18,"[53, 29, 5, 54]",0.8415113687515259
267,BeamBC,7,4,14,"[53, 29, 13, 37]",1.0362647771835327
267,BeamBC,8,4,10,"[61, 13, 37, 30]",1.0874077081680298
267,BeamBC,9,4,6,"[61, 13, 38, 54]",1.010974645614624
267,BeamBC,10,2,4,"[38, 5]",1.0010188817977905
267,BeamBC,11,4,0,"[38, 62, 5, 22]",0.9816800951957703
267,BeamBC,12,0,0,[],0.9957873821258545
267,BeamBC,13,0,0,[],1.030289888381958
267,BeamBC,14,0,0,[],1.0586836338043213
267,BeamBC,15,0,0,[],1.1356513500213623
267,BeamBC,16,0,0,[],1.1948357820510864
268,BeamBC,0,2,30,"[14, 30]",0.06706231832504272
268,BeamBC,1,2,28,"[13, 29]",0.0853390246629715
268,BeamBC,2,2,26,"[13, 29]",0.113177590072155
268,BeamBC,3,2,24,"[13, 29]",0.19391565024852753
268,BeamBC,4,1,23,[53],0.42937684059143066
268,BeamBC,5,1,22,[13],0.7433751225471497
268,BeamBC,6,4,18,"[53, 5, 29, 54]",0.9430593848228455
268,BeamBC,7,4,14,"[53, 13, 37, 30]",1.043526530265808
268,BeamBC,8,4,10,"[13, 61, 37, 30]",1.0539042949676514
268,BeamBC,9,4,6,"[61, 30, 54, 37]",1.0378152132034302
268,BeamBC,10,4,2,"[5, 38, 53, 21]",1.031203031539917
268,BeamBC,11,1,1,[38],1.0217093229293823
268,BeamBC,12,1,0,[29],1.066470980644226
268,BeamBC,13,0,0,[],1.182193398475647
268,BeamBC,14,0,0,[],1.1874276399612427
268,BeamBC,15,0,0,[],1.1548575162887573
268,BeamBC,16,0,0,[],1.1049379110336304
269,BeamBC,0,2,30,"[14, 30]",0.06662137061357498
269,BeamBC,1,2,28,"[13, 29]",0.08432042598724365
269,BeamBC,2,2,26,"[13, 29]",0.10722026973962784
269,BeamBC,3,2,24,"[13, 29]",0.16176746785640717
269,BeamBC,4,1,23,[53],0.3260658085346222
269,BeamBC,5,1,22,[13],0.6366493701934814
269,BeamBC,6,4,18,"[53, 29, 5, 54]",0.878864049911499
269,BeamBC,7,4,14,"[53, 37, 21, 5]",1.039001703262329
269,BeamBC,8,4,10,"[61, 37, 13, 22]",1.0846307277679443
269,BeamBC,9,4,6,"[61, 38, 14, 54]",1.007057547569275
269,BeamBC,10,4,2,"[38, 21, 5, 53]",1.0161348581314087
269,BeamBC,11,2,0,"[46, 22]",1.0050257444381714
269,BeamBC,12,0,0,[],1.0562852621078491
269,BeamBC,13,0,0,[],1.0655930042266846
269,BeamBC,14,0,0,[],1.1200050115585327
269,BeamBC,15,0,0,[],1.1893413066864014
269,BeamBC,16,0,0,[],1.2456854581832886
270,BeamBC,0,2,30,"[14, 30]",0.06730501353740692
270,BeamBC,1,2,28,"[13, 29]",0.0862327516078949
270,BeamBC,2,2,26,"[13, 29]",0.11809924989938736
270,BeamBC,3,2,24,"[13, 29]",0.2160453498363495
270,BeamBC,4,1,23,[53],0.48056039214134216
270,BeamBC,5,1,22,[13],0.7783145308494568
270,BeamBC,6,1,21,[53],0.9731252193450928
270,BeamBC,7,4,17,"[13, 37, 53, 30]",1.0250847339630127
270,BeamBC,8,4,13,"[29, 13, 61, 38]",1.0595622062683105
270,BeamBC,9,4,9,"[61, 30, 14, 53]",1.0165245532989502
270,BeamBC,10,4,5,"[38, 5, 45, 14]",1.0159443616867065
270,BeamBC,11,2,3,"[46, 29]",1.0022757053375244
270,BeamBC,12,1,2,[13],1.0141857862472534
270,BeamBC,13,2,0,"[54, 14]",1.0733319520950317
270,BeamBC,14,0,0,[],1.1212066411972046
270,BeamBC,15,0,0,[],1.116093397140503
270,BeamBC,16,0,0,[],1.1202234029769897
271,BeamBC,0,2,30,"[14, 30]",0.06653597950935364
271,BeamBC,1,2,28,"[13, 29]",0.08379030227661133
271,BeamBC,2,2,26,"[13, 29]",0.10388955473899841
271,BeamBC,3,2,24,"[13, 29]",0.14472085237503052
271,BeamBC,4,1,23,[53],0.26067066192626953
271,BeamBC,5,1,22,[13],0.5352587699890137
271,BeamBC,6,4,18,"[53, 29, 5, 54]",0.8196755647659302
271,BeamBC,7,4,14,"[53, 29, 13, 37]",1.022105097770691
271,BeamBC,8,4,10,"[29, 13, 61, 38]",1.0966333150863647
271,BeamBC,9,4,6,"[61, 13, 38, 53]",1.0186948776245117
271,BeamBC,10,4,2,"[38, 5, 54, 14]",0.9773489832878113
271,BeamBC,11,2,0,"[38, 29]",0.9680050611495972
271,BeamBC,12,0,0,[],1.000601887702942
271,BeamBC,13,0,0,[],1.018810510635376
271,BeamBC,14,0,0,[],0.999804675579071
271,BeamBC,15,0,0,[],1.0731778144836426
271,BeamBC,16,0,0,[],1.1011708974838257
272,BeamBC,0,2,30,"[14, 30]",0.06732025742530823
272,BeamBC,1,2,28,"[13, 29]",0.08786055445671082
272,BeamBC,2,2,26,"[13, 29]",0.12780559062957764
272,BeamBC,3,2,24,"[13, 29]",0.25250405073165894
272,BeamBC,4,1,23,[53],0.5422864556312561
272,BeamBC,5,1,22,[13],0.8027297258377075
272,BeamBC,6,1,21,[29],0.9519073367118835
272,BeamBC,7,4,17,"[13, 53, 37, 54]",1.018930196762085
272,BeamBC,8,4,13,"[30, 5, 61, 21]",1.0942445993423462
272,BeamBC,9,4,9,"[14, 61, 37, 13]",1.0536258220672607
272,BeamBC,10,2,7,"[38, 45]",1.0087705850601196
272,BeamBC,11,4,3,"[46, 6, 61, 22]",0.9589133262634277
272,BeamBC,12,2,1,"[46, 13]",0.9804978370666504
272,BeamBC,13,1,0,[30],1.055000901222229
272,BeamBC,14,0,0,[],1.05942702293396
272,BeamBC,15,0,0,[],1.063480019569397
272,BeamBC,16,0,0,[],0.9805722832679749
273,BeamBC,0,2,30,"[14, 30]",0.06668414175510406
273,BeamBC,1,2,28,"[13, 29]",0.08398738503456116
273,BeamBC,2,2,26,"[13, 29]",0.10465901345014572
273,BeamBC,3,2,24,"[13, 29]",0.15079717338085175
273,BeamBC,4,1,23,[53],0.2907679080963135
273,BeamBC,5,1,22,[13],0.594018280506134
273,BeamBC,6,4,18,"[53, 29, 5, 54]",0.871530294418335
273,BeamBC,7,4,14,"[53, 37, 13, 30]",1.0360466241836548
273,BeamBC,8,4,10,"[61, 37, 13, 30]",1.0506950616836548
273,BeamBC,9,4,6,"[61, 30, 54, 14]",1.0101804733276367
273,BeamBC,10,4,2,"[37, 5, 38, 53]",1.0077815055847168
273,BeamBC,11,2,0,"[38, 45]",1.0282480716705322
273,BeamBC,12,0,0,[],1.0706592798233032
273,BeamBC,13,0,0,[],1.1305749416351318
273,BeamBC,14,0,0,[],1.123351812362671
273,BeamBC,15,0,0,[],1.131550669670105
273,BeamBC,16,0,0,[],1.1570802927017212
274,BeamBC,0,2,30,"[14, 30]",0.06650341302156448
274,BeamBC,1,2,28,"[13, 29]",0.08357682079076767
274,BeamBC,2,2,26,"[13, 29]",0.10258108377456665
274,BeamBC,3,2,24,"[13, 29]",0.1380310207605362
274,BeamBC,4,1,23,[53],0.22732828557491302
274,BeamBC,5,1,22,[13],0.46232572197914124
274,BeamBC,6,4,18,"[53, 29, 5, 54]",0.7611830830574036
274,BeamBC,7,4,14,"[53, 29, 13, 37]",0.9902422428131104
274,BeamBC,8,4,10,"[29, 61, 13, 38]",1.0809916257858276
274,BeamBC,9,4,6,"[61, 13, 38, 53]",1.0135929584503174
274,BeamBC,10,4,2,"[38, 5, 54, 21]",0.969848096370697
274,BeamBC,11,2,0,"[38, 14]",0.9781761169433594
274,BeamBC,12,0,0,[],1.0036957263946533
274,BeamBC,13,0,0,[],1.033315658569336
274,BeamBC,14,0,0,[],1.0389362573623657
274,BeamBC,15,0,0,[],1.1147797107696533
274,BeamBC,16,0,0,[],1.107466697692871
275,BeamBC,0,2,30,"[14, 30]",0.06651676446199417
275,BeamBC,1,2,28,"[13, 29]",0.08378563076257706
275,BeamBC,2,2,26,"[13, 29]",0.10391378402709961
275,BeamBC,3,2,24,"[13, 29]",0.14457844197750092
275,BeamBC,4,1,23,[53],0.2541401982307434
275,BeamBC,5,1,22,[13],0.5273386836051941
275,BeamBC,6,4,18,"[53, 29, 5, 54]",0.8149375319480896
275,BeamBC,7,4,14,"[53, 29, 13, 37]",1.0169222354888916
275,BeamBC,8,4,10,"[30, 5, 61, 37]",1.0871371030807495
275,BeamBC,9,4,6,"[61, 21, 14, 38]",0.9862224459648132
275,BeamBC,10,4,2,"[38, 54, 13, 45]",0.9203546047210693
275,BeamBC,11,1,1,[38],0.9258641600608826
275,BeamBC,12,1,0,[21],0.9618750810623169
275,BeamBC,13,0,0,[],1.0259594917297363
275,BeamBC,14,0,0,[],0.9973779320716858
275,BeamBC,15,0,0,[],0.9503260254859924
275,BeamBC,16,0,0,[],0.9675716161727905
276,BeamBC,0,2,30,"[14, 30]",0.06801533699035645
276,BeamBC,1,2,28,"[13, 29]",0.08991074562072754
276,BeamBC,2,2,26,"[13, 29]",0.137292742729187
276,BeamBC,3,2,24,"[13, 29]",0.287124365568161
276,BeamBC,4,1,23,[53],0.597490131855011
276,BeamBC,5,1,22,[13],0.8376051783561707
276,BeamBC,6,1,21,[29],0.9738762378692627
276,BeamBC,7,4,17,"[13, 53, 37, 22]",1.0309709310531616
276,BeamBC,8,4,13,"[13, 30, 37, 14]",1.066331386566162
276,BeamBC,9,4,9,"[14, 61, 38, 13]",1.0325599908828735
276,BeamBC,10,2,7,"[38, 14]",0.9900071024894714
276,BeamBC,11,4,3,"[46, 22, 61, 5]",0.929759681224823
276,BeamBC,12,2,1,"[46, 22]",0.96568363904953
276,BeamBC,13,1,0,[46],0.9983522295951843
276,BeamBC,14,0,0,[],1.0473227500915527
276,BeamBC,15,0,0,[],1.052549123764038
276,BeamBC,16,0,0,[],0.9989149570465088
277,BeamBC,0,2,30,"[14, 30]",0.06670910865068436
277,BeamBC,1,2,28,"[13, 29]",0.08464475721120834
277,BeamBC,2,2,26,"[13, 29]",0.10925379395484924
277,BeamBC,3,2,24,"[13, 29]",0.17265930771827698
277,BeamBC,4,1,23,[53],0.36669161915779114
277,BeamBC,5,1,22,[13],0.6808944344520569
277,BeamBC,6,4,18,"[53, 29, 5, 54]",0.9081363081932068
277,BeamBC,7,4,14,"[53, 13, 37, 30]",1.058800458908081
277,BeamBC,8,4,10,"[13, 61, 30, 37]",1.095670223236084
277,BeamBC,9,4,6,"[61, 14, 30, 54]",1.0283771753311157
277,BeamBC,10,4,2,"[38, 5, 53, 21]",1.0364317893981934
277,BeamBC,11,2,0,"[45, 5]",1.0473169088363647
277,BeamBC,12,0,0,[],1.0650171041488647
277,BeamBC,13,0,0,[],1.0860708951950073
277,BeamBC,14,0,0,[],1.1492974758148193
277,BeamBC,15,0,0,[],1.2379950284957886
277,BeamBC,16,0,0,[],1.2664165496826172
278,BeamBC,0,2,30,"[14, 30]",0.06778636574745178
278,BeamBC,1,2,28,"[13, 29]",0.08770832419395447
278,BeamBC,2,2,26,"[13, 29]",0.1249636709690094
278,BeamBC,3,2,24,"[13, 29]",0.2434646636247635
278,BeamBC,4,1,23,[53],0.533336877822876
278,BeamBC,5,1,22,[13],0.8097888827323914
278,BeamBC,6,1,21,[29],0.9762484431266785
278,BeamBC,7,4,17,"[53, 13, 37, 54]",1.0404276847839355
278,BeamBC,8,4,13,"[61, 37, 21, 5]",1.0627981424331665
278,BeamBC,9,4,9,"[61, 14, 38, 45]",1.026682734489441
278,BeamBC,10,2,7,"[38, 6]",1.0157359838485718
278,BeamBC,11,4,3,"[46, 6, 22, 45]",0.9897931218147278
278,BeamBC,12,2,1,"[46, 14]",1.0296303033828735
278,BeamBC,13,1,0,[46],1.1131551265716553
278,BeamBC,14,0,0,[],1.1389210224151611
278,BeamBC,15,0,0,[],1.1230772733688354
278,BeamBC,16,0,0,[],1.0869910717010498
279,BeamBC,0,2,30,"[14, 30]",0.06646955758333206
279,BeamBC,1,2,28,"[13, 29]",0.08339916169643402
279,BeamBC,2,2,26,"[13, 29]",0.10146760195493698
279,BeamBC,3,2,24,"[13, 29]",0.13305222988128662
279,BeamBC,4,1,23,[53],0.20094425976276398
279,BeamBC,5,1,22,[13],0.38461270928382874
279,BeamBC,6,4,18,"[53, 29, 5, 54]",0.680996298789978
279,BeamBC,7,4,14,"[53, 29, 13, 37]",0.9536725282669067
279,BeamBC,8,4,10,"[61, 37, 5, 30]",1.027937889099121
279,BeamBC,9,4,6,"[61, 21, 14, 38]",0.9826250672340393
279,BeamBC,10,4,2,"[54, 38, 5, 21]",0.9530575275421143
279,BeamBC,11,1,1,[38],0.9935563206672668
279,BeamBC,12,1,0,[14],1.0084059238433838
279,BeamBC,13,0,0,[],1.0119516849517822
279,BeamBC,14,0,0,[],0.9717947244644165
279,BeamBC,15,0,0,[],0.9151713252067566
279,BeamBC,16,0,0,[],0.9324303865432739
280,BeamBC,0,2,30,"[14, 30]",0.06676512956619263
280,BeamBC,1,2,28,"[13, 29]",0.0845484584569931
280,BeamBC,2,2,26,"[13, 29]",0.10863050818443298
280,BeamBC,3,2,24,"[13, 29]",0.1704651415348053
280,BeamBC,4,1,23,[53],0.36158910393714905
280,BeamBC,5,1,22,[13],0.6812784075737
280,BeamBC,6,4,18,"[53, 5, 29, 54]",0.9148100018501282
280,BeamBC,7,4,14,"[53, 13, 37, 30]",1.0557596683502197
280,BeamBC,8,4,10,"[61, 13, 37, 30]",1.0767149925231934
280,BeamBC,9,4,6,"[61, 30, 54, 14]",1.0271505117416382
280,BeamBC,10,4,2,"[38, 5, 53, 37]",1.0222365856170654
280,BeamBC,11,1,1,[38],1.0546648502349854
280,BeamBC,12,1,0,[37],1.0363706350326538
280,BeamBC,13,0,0,[],1.1241238117218018
280,BeamBC,14,0,0,[],1.1409279108047485
280,BeamBC,15,0,0,[],1.1464264392852783
280,BeamBC,16,0,0,[],1.1493427753448486
281,BeamBC,0,2,30,"[14, 30]",0.067018523812294
281,BeamBC,1,2,28,"[13, 29]",0.08644035458564758
281,BeamBC,2,2,26,"[13, 29]",0.11999011784791946
281,BeamBC,3,2,24,"[13, 29]",0.22136661410331726
281,BeamBC,4,1,23,[53],0.4851716160774231
281,BeamBC,5,1,22,[13],0.7704105973243713
281,BeamBC,6,1,21,[29],0.9427404999732971
281,BeamBC,7,4,17,"[53, 13, 37, 61]",1.0071786642074585
281,BeamBC,8,4,13,"[13, 30, 61, 37]",1.051932692527771
281,BeamBC,9,4,9,"[14, 61, 38, 13]",1.0364421606063843
281,BeamBC,10,2,7,"[38, 6]",1.0249160528182983
281,BeamBC,11,4,3,"[5, 61, 38, 22]",1.0151649713516235
281,BeamBC,12,1,2,[46],1.034245252609253
281,BeamBC,13,2,0,"[46, 14]",1.074858546257019
281,BeamBC,14,0,0,[],1.0776907205581665
281,BeamBC,15,0,0,[],1.0848344564437866
281,BeamBC,16,0,0,[],1.04011869430542
282,BeamBC,0,2,30,"[14, 30]",0.06645401567220688
282,BeamBC,1,2,28,"[13, 29]",0.08334168046712875
282,BeamBC,2,2,26,"[13, 29]",0.10117124766111374
282,BeamBC,3,2,24,"[13, 29]",0.13174478709697723
282,BeamBC,4,1,23,[53],0.19239173829555511
282,BeamBC,5,1,22,[13],0.3578629791736603
282,BeamBC,6,4,18,"[53, 29, 5, 54]",0.6314630508422852
282,BeamBC,7,4,14,"[53, 29, 13, 37]",0.9162830710411072
282,BeamBC,8,4,10,"[61, 37, 5, 30]",1.0250022411346436
282,BeamBC,9,4,6,"[61, 21, 14, 38]",0.9830248951911926
282,BeamBC,10,4,2,"[54, 38, 13, 53]",0.9540588855743408
282,BeamBC,11,1,1,[38],1.0067909955978394
282,BeamBC,12,1,0,[22],0.9981750249862671
282,BeamBC,13,0,0,[],0.9922935962677002
282,BeamBC,14,0,0,[],0.9638597965240479
282,BeamBC,15,0,0,[],0.8837054371833801
282,BeamBC,16,0,0,[],0.8572806119918823
283,BeamBC,0,2,30,"[14, 30]",0.0679505243897438
283,BeamBC,1,2,28,"[13, 29]",0.08954502642154694
283,BeamBC,2,2,26,"[13, 29]",0.13552823662757874
283,BeamBC,3,2,24,"[13, 29]",0.28132662177085876
283,BeamBC,4,1,23,[53],0.5903116464614868
283,BeamBC,5,1,22,[13],0.8359711170196533
283,BeamBC,6,1,21,[29],0.9777042865753174
283,BeamBC,7,4,17,"[13, 53, 37, 22]",1.0318264961242676
283,BeamBC,8,4,13,"[13, 30, 37, 61]",1.0587276220321655
283,BeamBC,9,4,9,"[14, 61, 38, 45]",1.016423225402832
283,BeamBC,10,2,7,"[38, 61]",0.9869605898857117
283,BeamBC,11,2,5,"[46, 22]",0.9688817262649536
283,BeamBC,12,4,1,"[46, 13, 30, 6]",1.0022164583206177
283,BeamBC,13,1,0,[46],1.0460337400436401
283,BeamBC,14,0,0,[],1.0748910903930664
283,BeamBC,15,0,0,[],1.075107216835022
283,BeamBC,16,0,0,[],1.0532536506652832
284,BeamBC,0,2,30,"[14, 30]",0.06833665072917938
284,BeamBC,1,2,28,"[13, 29]",0.08956417441368103
284,BeamBC,2,2,26,"[13, 29]",0.13319139182567596
284,BeamBC,3,2,24,"[13, 29]",0.2725221812725067
284,BeamBC,4,1,23,[53],0.5789200067520142
284,BeamBC,5,1,22,[13],0.8314567804336548
284,BeamBC,6,1,21,[29],0.9790613651275635
284,BeamBC,7,4,17,"[13, 53, 37, 54]",1.0452700853347778
284,BeamBC,8,4,13,"[13, 37, 61, 22]",1.0564863681793213
284,BeamBC,9,4,9,"[14, 61, 38, 45]",1.023445963859558
284,BeamBC,10,4,5,"[38, 45, 6, 61]",1.0184485912322998
284,BeamBC,11,2,3,"[46, 22]",0.9998174905776978
284,BeamBC,12,2,1,"[46, 13]",1.044456958770752
284,BeamBC,13,1,0,[46],1.0697823762893677
284,BeamBC,14,0,0,[],1.075377345085144
284,BeamBC,15,0,0,[],1.0973435640335083
284,BeamBC,16,0,0,[],1.113155722618103
285,BeamBC,0,2,30,"[14, 30]",0.06698264181613922
285,BeamBC,1,2,28,"[13, 29]",0.08628316968679428
285,BeamBC,2,2,26,"[13, 29]",0.11904637515544891
285,BeamBC,3,2,24,"[13, 29]",0.21696555614471436
285,BeamBC,4,1,23,[53],0.4752815365791321
285,BeamBC,5,1,22,[13],0.7644995450973511
285,BeamBC,6,1,21,[29],0.9395353198051453
285,BeamBC,7,4,17,"[61, 13, 54, 37]",1.0001602172851562
285,BeamBC,8,4,13,"[13, 29, 61, 38]",1.0612438917160034
285,BeamBC,9,4,9,"[61, 14, 38, 13]",1.0497668981552124
285,BeamBC,10,2,7,"[38, 6]",1.046779751777649
285,BeamBC,11,4,3,"[5, 61, 38, 45]",1.042259693145752
285,BeamBC,12,1,2,[13],1.061679482460022
285,BeamBC,13,2,0,"[46, 14]",1.0657894611358643
285,BeamBC,14,0,0,[],1.0863043069839478
285,BeamBC,15,0,0,[],1.0971287488937378
285,BeamBC,16,0,0,[],1.0524078607559204
286,BeamBC,0,2,30,"[14, 30]",0.06750065088272095
286,BeamBC,1,2,28,"[13, 29]",0.08808218687772751
286,BeamBC,2,2,26,"[13, 29]",0.12896719574928284
286,BeamBC,3,2,24,"[13, 29]",0.25804731249809265
286,BeamBC,4,1,23,[53],0.5547036528587341
286,BeamBC,5,1,22,[13],0.815105676651001
286,BeamBC,6,1,21,[29],0.9682079553604126
286,BeamBC,7,4,17,"[13, 53, 37, 54]",1.0312235355377197
286,BeamBC,8,4,13,"[29, 61, 13, 38]",1.0734511613845825
286,BeamBC,9,4,9,"[14, 61, 38, 13]",1.0629304647445679
286,BeamBC,10,4,5,"[38, 61, 6, 45]",1.0175533294677734
286,BeamBC,11,4,1,"[22, 46, 5, 29]",1.0023952722549438
286,BeamBC,12,1,0,[46],1.0444035530090332
286,BeamBC,13,0,0,[],1.134636640548706
286,BeamBC,14,0,0,[],1.1187084913253784
286,BeamBC,15,0,0,[],1.1281827688217163
286,BeamBC,16,0,0,[],1.1539994478225708
287,BeamBC,0,2,30,"[14, 30]",0.06692176312208176
287,BeamBC,1,2,28,"[13, 29]",0.0853826105594635
287,BeamBC,2,2,26,"[13, 29]",0.1138831377029419
287,BeamBC,3,2,24,"[13, 29]",0.19613078236579895
287,BeamBC,4,1,23,[53],0.43340444564819336
287,BeamBC,5,1,22,[13],0.7418874502182007
287,BeamBC,6,1,21,[53],0.9547237157821655
287,BeamBC,7,4,17,"[13, 37, 53, 29]",1.042672872543335
287,BeamBC,8,4,13,"[29, 13, 61, 14]",1.1092137098312378
287,BeamBC,9,4,9,"[61, 45, 30, 14]",1.0314855575561523
287,BeamBC,10,4,5,"[38, 5, 46, 29]",1.0170416831970215
287,BeamBC,11,2,3,"[46, 5]",1.0240298509597778
287,BeamBC,12,1,2,[37],0.9950714111328125
287,BeamBC,13,2,0,"[54, 21]",1.033120036125183
287,BeamBC,14,0,0,[],1.065531611442566
287,BeamBC,15,0,0,[],1.1141040325164795
287,BeamBC,16,0,0,[],1.1507045030593872
288,BeamBC,0,2,30,"[14, 30]",0.06699632108211517
288,BeamBC,1,2,28,"[13, 29]",0.08599913120269775
288,BeamBC,2,2,26,"[13, 29]",0.11767076700925827
288,BeamBC,3,2,24,"[13, 29]",0.2127370983362198
288,BeamBC,4,1,23,[53],0.47058749198913574
288,BeamBC,5,1,22,[13],0.7653239965438843
288,BeamBC,6,1,21,[29],0.9527683854103088
288,BeamBC,7,4,17,"[53, 13, 37, 62]",1.0240403413772583
288,BeamBC,8,4,13,"[13, 37, 61, 22]",1.0562008619308472
288,BeamBC,9,4,9,"[61, 14, 38, 45]",1.0279669761657715
288,BeamBC,10,4,5,"[38, 45, 5, 61]",1.0243213176727295
288,BeamBC,11,4,1,"[46, 22, 6, 29]",1.0256956815719604
288,BeamBC,12,1,0,[38],1.0922435522079468
288,BeamBC,13,0,0,[],1.1906590461730957
288,BeamBC,14,0,0,[],1.1715015172958374
288,BeamBC,15,0,0,[],1.1151171922683716
288,BeamBC,16,0,0,[],1.1090691089630127
289,BeamBC,0,2,30,"[14, 30]",0.06740698218345642
289,BeamBC,1,2,28,"[13, 29]",0.08655187487602234
289,BeamBC,2,2,26,"[13, 29]",0.11970218271017075
289,BeamBC,3,2,24,"[13, 29]",0.22277022898197174
289,BeamBC,4,1,23,[53],0.49447473883628845
289,BeamBC,5,1,22,[13],0.7870633602142334
289,BeamBC,6,1,21,[53],0.9773613810539246
289,BeamBC,7,4,17,"[13, 37, 53, 38]",1.0535101890563965
289,BeamBC,8,4,13,"[13, 29, 61, 38]",1.0688291788101196
289,BeamBC,9,4,9,"[61, 30, 14, 38]",1.0110681056976318
289,BeamBC,10,4,5,"[38, 5, 61, 14]",0.9939179420471191
289,BeamBC,11,2,3,"[46, 29]",0.990905225276947
289,BeamBC,12,2,1,"[46, 13]",1.010924220085144
289,BeamBC,13,1,0,[46],1.0469716787338257
289,BeamBC,14,0,0,[],1.0706539154052734
289,BeamBC,15,0,0,[],1.0966064929962158
289,BeamBC,16,0,0,[],1.1035058498382568
290,BeamBC,0,2,30,"[14, 30]",0.0666210949420929
290,BeamBC,1,2,28,"[13, 29]",0.08420803397893906
290,BeamBC,2,2,26,"[13, 29]",0.10647940635681152
290,BeamBC,3,2,24,"[13, 29]",0.1582372635602951
290,BeamBC,4,1,23,[53],0.3163699507713318
290,BeamBC,5,1,22,[13],0.6228139400482178
290,BeamBC,6,4,18,"[53, 29, 5, 54]",0.875433087348938
290,BeamBC,7,4,14,"[53, 13, 37, 30]",1.0492498874664307
290,BeamBC,8,4,10,"[13, 61, 30, 37]",1.1007853746414185
290,BeamBC,9,4,6,"[61, 13, 30, 54]",1.0097354650497437
290,BeamBC,10,4,2,"[38, 5, 53, 14]",1.0100864171981812
290,BeamBC,11,2,0,"[38, 45]",1.0008691549301147
290,BeamBC,12,0,0,[],1.043438196182251
290,BeamBC,13,0,0,[],1.045571208000183
290,BeamBC,14,0,0,[],1.0706578493118286
290,BeamBC,15,0,0,[],1.1742497682571411
290,BeamBC,16,0,0,[],1.2173970937728882
291,BeamBC,0,2,30,"[14, 30]",0.06651587039232254
291,BeamBC,1,2,28,"[13, 29]",0.0835254043340683
291,BeamBC,2,2,26,"[13, 29]",0.10204943269491196
291,BeamBC,3,2,24,"[13, 29]",0.13626214861869812
291,BeamBC,4,1,23,[53],0.21954163908958435
291,BeamBC,5,1,22,[13],0.44028446078300476
291,BeamBC,6,4,18,"[53, 29, 5, 54]",0.7588368654251099
291,BeamBC,7,4,14,"[53, 29, 13, 37]",0.9962040185928345
291,BeamBC,8,4,10,"[61, 37, 13, 30]",1.04198157787323
291,BeamBC,9,4,6,"[61, 14, 38, 54]",0.9933050274848938
291,BeamBC,10,4,2,"[38, 5, 53, 21]",0.9580509662628174
291,BeamBC,11,2,0,"[38, 21]",0.9549233317375183
291,BeamBC,12,0,0,[],0.9914031028747559
291,BeamBC,13,0,0,[],1.0276259183883667
291,BeamBC,14,0,0,[],1.008937120437622
291,BeamBC,15,0,0,[],0.978588879108429
291,BeamBC,16,0,0,[],0.957500696182251
292,BeamBC,0,2,30,"[14, 30]",0.0684192031621933
292,BeamBC,1,2,28,"[13, 29]",0.09031268954277039
292,BeamBC,2,2,26,"[13, 29]",0.13731570541858673
292,BeamBC,3,2,24,"[13, 29]",0.2866443395614624
292,BeamBC,4,1,23,[53],0.5984814167022705
292,BeamBC,5,1,22,[13],0.8415166139602661
292,BeamBC,6,1,21,[29],0.983038067817688
292,BeamBC,7,4,17,"[13, 53, 37, 22]",1.0370862483978271
292,BeamBC,8,4,13,"[13, 30, 37, 61]",1.047440767288208
292,BeamBC,9,4,9,"[14, 61, 38, 45]",1.015500545501709
292,BeamBC,10,2,7,"[38, 61]",1.0009032487869263
292,BeamBC,11,4,3,"[46, 22, 5, 38]",0.9686309099197388
292,BeamBC,12,2,1,"[46, 13]",1.0167608261108398
292,BeamBC,13,1,0,[46],1.0328365564346313
292,BeamBC,14,0,0,[],1.040031909942627
292,BeamBC,15,0,0,[],1.0649842023849487
292,BeamBC,16,0,0,[],1.1120373010635376
293,BeamBC,0,2,30,"[14, 30]",0.06761851161718369
293,BeamBC,1,2,28,"[13, 29]",0.08884432166814804
293,BeamBC,2,2,26,"[13, 29]",0.13285648822784424
293,BeamBC,3,2,24,"[13, 29]",0.27182242274284363
293,BeamBC,4,1,23,[53],0.5743903517723083
293,BeamBC,5,1,22,[13],0.8229211568832397
293,BeamBC,6,1,21,[29],0.9633076190948486
293,BeamBC,7,4,17,"[13, 53, 37, 22]",1.022313117980957
293,BeamBC,8,4,13,"[13, 30, 61, 6]",1.0867908000946045
293,BeamBC,9,4,9,"[14, 37, 61, 30]",1.0270538330078125
293,BeamBC,10,2,7,"[38, 6]",0.9758994579315186
293,BeamBC,11,4,3,"[22, 61, 46, 5]",0.938904345035553
293,BeamBC,12,2,1,"[46, 21]",0.9463254809379578
293,BeamBC,13,1,0,[37],1.0266516208648682
293,BeamBC,14,0,0,[],1.0856974124908447
293,BeamBC,15,0,0,[],1.0981262922286987
293,BeamBC,16,0,0,[],1.0503836870193481
294,BeamBC,0,2,30,"[14, 30]",0.06710973381996155
294,BeamBC,1,2,28,"[13, 29]",0.0868864506483078
294,BeamBC,2,2,26,"[13, 29]",0.12251140177249908
294,BeamBC,3,2,24,"[13, 29]",0.2315773069858551
294,BeamBC,4,1,23,[53],0.5043036937713623
294,BeamBC,5,1,22,[13],0.7793926000595093
294,BeamBC,6,1,21,[29],0.9387386441230774
294,BeamBC,7,4,17,"[13, 53, 37, 61]",1.0008530616760254
294,BeamBC,8,4,13,"[13, 30, 61, 37]",1.0502831935882568
294,BeamBC,9,4,9,"[14, 61, 38, 13]",1.035352110862732
294,BeamBC,10,2,7,"[38, 6]",1.01219642162323
294,BeamBC,11,4,3,"[5, 61, 38, 22]",0.9987665414810181
294,BeamBC,12,1,2,[46],1.025317907333374
294,BeamBC,13,2,0,"[30, 14]",1.0845823287963867
294,BeamBC,14,0,0,[],1.0878413915634155
294,BeamBC,15,0,0,[],1.0939065217971802
294,BeamBC,16,0,0,[],1.038048505783081
295,BeamBC,0,2,30,"[14, 30]",0.06661249697208405
295,BeamBC,1,2,28,"[13, 29]",0.08407595008611679
295,BeamBC,2,2,26,"[13, 29]",0.10563977807760239
295,BeamBC,3,2,24,"[13, 29]",0.15409307181835175
295,BeamBC,4,1,23,[53],0.3027375042438507
295,BeamBC,5,1,22,[13],0.6065849661827087
295,BeamBC,6,4,18,"[53, 29, 5, 54]",0.8756086826324463
295,BeamBC,7,4,14,"[53, 37, 13, 30]",1.052817940711975
295,BeamBC,8,4,10,"[61, 13, 37, 30]",1.0928056240081787
295,BeamBC,9,4,6,"[61, 30, 14, 54]",1.0119446516036987
295,BeamBC,10,4,2,"[38, 5, 53, 21]",0.9993777871131897
295,BeamBC,11,2,0,"[45, 38]",0.9930048584938049
295,BeamBC,12,0,0,[],1.008318543434143
295,BeamBC,13,0,0,[],1.0343501567840576
295,BeamBC,14,0,0,[],1.0265370607376099
295,BeamBC,15,0,0,[],1.0763100385665894
295,BeamBC,16,0,0,[],1.0904178619384766
296,BeamBC,0,2,30,"[14, 30]",0.066852867603302
296,BeamBC,1,2,28,"[13, 29]",0.08453407138586044
296,BeamBC,2,2,26,"[13, 29]",0.10818295925855637
296,BeamBC,3,2,24,"[13, 29]",0.16942881047725677
296,BeamBC,4,1,23,[53],0.35929208993911743
296,BeamBC,5,1,22,[13],0.6818084716796875
296,BeamBC,6,4,18,"[53, 5, 29, 54]",0.912523627281189
296,BeamBC,7,4,14,"[53, 37, 13, 30]",1.0431239604949951
296,BeamBC,8,4,10,"[61, 13, 37, 30]",1.0501774549484253
296,BeamBC,9,4,6,"[61, 30, 54, 53]",1.032067060470581
296,BeamBC,10,4,2,"[38, 5, 53, 21]",1.0338456630706787
296,BeamBC,11,1,1,[38],1.0455328226089478
296,BeamBC,12,1,0,[62],1.050196886062622
296,BeamBC,13,0,0,[],1.1434524059295654
296,BeamBC,14,0,0,[],1.189231276512146
296,BeamBC,15,0,0,[],1.1342902183532715
296,BeamBC,16,0,0,[],1.0863988399505615
297,BeamBC,0,2,30,"[14, 30]",0.06678299605846405
297,BeamBC,1,2,28,"[13, 29]",0.0852278545498848
297,BeamBC,2,2,26,"[13, 29]",0.11273570358753204
297,BeamBC,3,2,24,"[13, 29]",0.18827661871910095
297,BeamBC,4,1,23,[53],0.4060186743736267
297,BeamBC,5,1,22,[13],0.71657794713974
297,BeamBC,6,4,18,"[53, 29, 5, 54]",0.9214019775390625
297,BeamBC,7,4,14,"[13, 53, 37, 30]",1.049290657043457
297,BeamBC,8,4,10,"[13, 30, 61, 37]",1.0811859369277954
297,BeamBC,9,4,6,"[61, 13, 37, 14]",1.0497443675994873
297,BeamBC,10,4,2,"[38, 21, 54, 5]",1.0388603210449219
297,BeamBC,11,2,0,"[38, 14]",1.0373114347457886
297,BeamBC,12,0,0,[],1.0941689014434814
297,BeamBC,13,0,0,[],1.1374150514602661
297,BeamBC,14,0,0,[],1.1428351402282715
297,BeamBC,15,0,0,[],1.1637892723083496
297,BeamBC,16,0,0,[],1.2078503370285034
298,BeamBC,0,2,30,"[14, 30]",0.0665489062666893
298,BeamBC,1,2,28,"[13, 29]",0.08348583430051804
298,BeamBC,2,2,26,"[13, 29]",0.10162238031625748
298,BeamBC,3,2,24,"[13, 29]",0.1350470781326294
298,BeamBC,4,1,23,[53],0.21515068411827087
298,BeamBC,5,1,22,[13],0.4300449788570404
298,BeamBC,6,4,18,"[53, 29, 5, 54]",0.7496277093887329
298,BeamBC,7,4,14,"[53, 29, 13, 37]",0.9888587594032288
298,BeamBC,8,4,10,"[61, 37, 30, 5]",1.001301884651184
298,BeamBC,9,4,6,"[61, 21, 38, 53]",0.9655261039733887
298,BeamBC,10,4,2,"[38, 5, 54, 14]",0.9501622915267944
298,BeamBC,11,2,0,"[38, 6]",0.9544752836227417
298,BeamBC,12,0,0,[],0.9914594292640686
298,BeamBC,13,0,0,[],1.0402671098709106
298,BeamBC,14,0,0,[],1.0656911134719849
298,BeamBC,15,0,0,[],1.0504660606384277
298,BeamBC,16,0,0,[],1.0265154838562012
299,BeamBC,0,2,30,"[14, 30]",0.06655943393707275
299,BeamBC,1,2,28,"[13, 29]",0.08381795883178711
299,BeamBC,2,2,26,"[13, 29]",0.1039464920759201
299,BeamBC,3,2,24,"[13, 29]",0.14501112699508667
299,BeamBC,4,1,23,[53],0.2635803818702698
299,BeamBC,5,1,22,[13],0.5408204197883606
299,BeamBC,6,4,18,"[53, 29, 5, 54]",0.8319942355155945
299,BeamBC,7,4,14,"[53, 29, 13, 37]",1.031392216682434
299,BeamBC,8,4,10,"[61, 13, 37, 30]",1.0812568664550781
299,BeamBC,9,4,6,"[61, 14, 38, 54]",1.0143159627914429
299,BeamBC,10,2,4,"[38, 5]",1.006067156791687
299,BeamBC,11,4,0,"[38, 29, 62, 5]",0.9814331531524658
299,BeamBC,12,0,0,[],0.9854044914245605
299,BeamBC,13,0,0,[],1.0252336263656616
299,BeamBC,14,0,0,[],1.04563570022583
299,BeamBC,15,0,0,[],1.086295485496521
299,BeamBC,16,0,0,[],1.1229305267333984
250,RV-PI,0,2,30,"[14, 30]",0.06653647124767303
250,RV-PI,1,2,28,"[13, 29]",0.08384262770414352
250,RV-PI,2,2,26,"[13, 29]",0.1042720302939415
250,RV-PI,3,1,25,[13],0.15694878995418549
250,RV-PI,4,1,24,[37],0.2754102349281311
250,RV-PI,5,1,23,[21],0.5354564785957336
250,RV-PI,6,4,19,"[53, 5, 21, 46]",0.754332423210144
250,RV-PI,7,2,17,"[13, 29]",0.9633466005325317
250,RV-PI,8,2,15,"[53, 29]",0.9725738763809204
250,RV-PI,9,2,13,"[54, 14]",0.9747411012649536
250,RV-PI,10,2,11,"[14, 54]",0.8953163623809814
250,RV-PI,11,2,9,"[22, 45]",0.8792123794555664
250,RV-PI,12,2,7,"[22, 62]",0.8245505690574646
250,RV-PI,13,2,5,"[22, 45]",0.7911475896835327
250,RV-PI,14,2,3,"[6, 22]",0.8344568014144897
250,RV-PI,15,2,1,"[6, 53]",0.8991807699203491
250,RV-PI,16,1,0,[14],0.9438304305076599
251,RV-PI,0,2,30,"[14, 30]",0.0664777010679245
251,RV-PI,1,2,28,"[13, 29]",0.08345102518796921
251,RV-PI,2,2,26,"[13, 29]",0.10185109078884125
251,RV-PI,3,1,25,[13],0.14450013637542725
251,RV-PI,4,1,24,[37],0.23215025663375854
251,RV-PI,5,1,23,[21],0.44069141149520874
251,RV-PI,6,4,19,"[53, 5, 21, 45]",0.6955842971801758
251,RV-PI,7,2,17,"[13, 29]",0.9022097587585449
251,RV-PI,8,2,15,"[53, 29]",0.9673458337783813
251,RV-PI,9,2,13,"[54, 14]",0.9805856943130493
251,RV-PI,10,2,11,"[14, 54]",0.9059950113296509
251,RV-PI,11,2,9,"[22, 45]",0.899793803691864
251,RV-PI,12,2,7,"[22, 45]",0.8787446022033691
251,RV-PI,13,2,5,"[22, 6]",0.9072243571281433
251,RV-PI,14,2,3,"[53, 6]",0.989573061466217
251,RV-PI,15,2,1,"[30, 6]",0.9964536428451538
251,RV-PI,16,1,0,[22],1.048802137374878
252,RV-PI,0,2,30,"[14, 30]",0.06681057065725327
252,RV-PI,1,2,28,"[13, 29]",0.08540792018175125
252,RV-PI,2,2,26,"[13, 29]",0.1136680617928505
252,RV-PI,3,1,25,[13],0.19948171079158783
252,RV-PI,4,1,24,[37],0.4103536307811737
252,RV-PI,5,1,23,[21],0.6803871393203735
252,RV-PI,6,4,19,"[53, 5, 21, 46]",0.8167576193809509
252,RV-PI,7,2,17,"[13, 29]",0.9835395216941833
252,RV-PI,8,2,15,"[53, 29]",0.9967270493507385
252,RV-PI,9,2,13,"[54, 14]",1.0032604932785034
252,RV-PI,10,2,11,"[14, 54]",0.9415301084518433
252,RV-PI,11,2,9,"[14, 45]",0.923300564289093
252,RV-PI,12,2,7,"[62, 22]",0.8835754990577698
252,RV-PI,13,2,5,"[22, 6]",0.8657868504524231
252,RV-PI,14,2,3,"[6, 30]",0.9100379943847656
252,RV-PI,15,2,1,"[6, 30]",0.9461535215377808
252,RV-PI,16,1,0,[14],0.9453989267349243
253,RV-PI,0,2,30,"[14, 30]",0.06676552444696426
253,RV-PI,1,2,28,"[13, 29]",0.08485939353704453
253,RV-PI,2,2,26,"[13, 29]",0.11073079705238342
253,RV-PI,3,1,25,[13],0.18401937186717987
253,RV-PI,4,1,24,[37],0.3875027596950531
253,RV-PI,5,1,23,[5],0.6890642046928406
253,RV-PI,6,4,19,"[45, 5, 29, 54]",0.8614908456802368
253,RV-PI,7,2,17,"[13, 29]",1.0117642879486084
253,RV-PI,8,2,15,"[61, 30]",1.0516798496246338
253,RV-PI,9,2,13,"[61, 54]",1.01480233669281
253,RV-PI,10,2,11,"[14, 38]",1.013332486152649
253,RV-PI,11,2,9,"[30, 62]",1.0215498208999634
253,RV-PI,12,2,7,"[62, 30]",0.9946014881134033
253,RV-PI,13,2,5,"[14, 45]",1.017398715019226
253,RV-PI,14,2,3,"[38, 6]",1.038082480430603
253,RV-PI,15,2,1,"[62, 6]",1.0302013158798218
253,RV-PI,16,1,0,[46],0.9902511239051819
254,RV-PI,0,2,30,"[14, 30]",0.06757649034261703
254,RV-PI,1,2,28,"[13, 29]",0.08798927068710327
254,RV-PI,2,2,26,"[13, 29]",0.12806974351406097
254,RV-PI,3,1,25,[13],0.2503604292869568
254,RV-PI,4,1,24,[37],0.5445181131362915
254,RV-PI,5,1,23,[5],0.7942362427711487
254,RV-PI,6,4,19,"[29, 5, 53, 46]",0.9169280529022217
254,RV-PI,7,2,17,"[13, 29]",0.987684428691864
254,RV-PI,8,2,15,"[53, 29]",1.0282870531082153
254,RV-PI,9,2,13,"[6, 53]",1.0514634847640991
254,RV-PI,10,2,11,"[14, 38]",0.9873732328414917
254,RV-PI,11,2,9,"[30, 53]",0.9628102779388428
254,RV-PI,12,2,7,"[22, 5]",0.9920090436935425
254,RV-PI,13,2,5,"[21, 5]",1.0486053228378296
254,RV-PI,14,2,3,"[38, 53]",1.1072009801864624
254,RV-PI,15,2,1,"[62, 38]",1.115032434463501
254,RV-PI,16,1,0,[21],1.1171183586120605
255,RV-PI,0,2,30,"[14, 30]",0.06666145473718643
255,RV-PI,1,2,28,"[13, 29]",0.08462800830602646
255,RV-PI,2,2,26,"[13, 29]",0.10902317613363266
255,RV-PI,3,1,25,[13],0.17924799025058746
255,RV-PI,4,1,24,[37],0.3504379391670227
255,RV-PI,5,1,23,[21],0.6322609186172485
255,RV-PI,6,4,19,"[53, 5, 21, 46]",0.7980422973632812
255,RV-PI,7,2,17,"[13, 29]",0.9882099032402039
255,RV-PI,8,2,15,"[53, 29]",0.9907201528549194
255,RV-PI,9,2,13,"[54, 14]",0.9862276911735535
255,RV-PI,10,2,11,"[14, 54]",0.9292149543762207
255,RV-PI,11,2,9,"[45, 14]",0.9030928611755371
255,RV-PI,12,2,7,"[22, 62]",0.8537313342094421
255,RV-PI,13,2,5,"[22, 45]",0.8242400884628296
255,RV-PI,14,2,3,"[6, 22]",0.8488252758979797
255,RV-PI,15,2,1,"[30, 6]",0.8472467660903931
255,RV-PI,16,1,0,[14],0.8388594388961792
256,RV-PI,0,2,30,"[14, 30]",0.06703997403383255
256,RV-PI,1,2,28,"[13, 29]",0.0865263119339943
256,RV-PI,2,2,26,"[13, 29]",0.12052520364522934
256,RV-PI,3,1,25,[13],0.22634302079677582
256,RV-PI,4,1,24,[37],0.47958049178123474
256,RV-PI,5,1,23,[21],0.723534345626831
256,RV-PI,6,4,19,"[5, 53, 21, 46]",0.8314457535743713
256,RV-PI,7,2,17,"[13, 29]",0.9717565774917603
256,RV-PI,8,2,15,"[53, 29]",1.0147781372070312
256,RV-PI,9,2,13,"[54, 6]",1.0288727283477783
256,RV-PI,10,2,11,"[14, 53]",0.957608699798584
256,RV-PI,11,2,9,"[14, 30]",0.9771972298622131
256,RV-PI,12,2,7,"[62, 22]",0.9543720483779907
256,RV-PI,13,2,5,"[22, 45]",0.9703063368797302
256,RV-PI,14,2,3,"[6, 29]",0.9787171483039856
256,RV-PI,15,2,1,"[22, 6]",1.0083017349243164
256,RV-PI,16,1,0,[22],1.07550847530365
257,RV-PI,0,2,30,"[14, 30]",0.06646386533975601
257,RV-PI,1,2,28,"[13, 29]",0.08339355140924454
257,RV-PI,2,2,26,"[13, 29]",0.10148869454860687
257,RV-PI,3,1,25,[13],0.14309684932231903
257,RV-PI,4,1,24,[37],0.22577524185180664
257,RV-PI,5,1,23,[21],0.4211576282978058
257,RV-PI,6,4,19,"[53, 5, 21, 45]",0.6682606935501099
257,RV-PI,7,2,17,"[13, 29]",0.8909429907798767
257,RV-PI,8,2,15,"[53, 29]",0.9616773128509521
257,RV-PI,9,2,13,"[54, 14]",0.9791845083236694
257,RV-PI,10,2,11,"[14, 54]",0.917189359664917
257,RV-PI,11,2,9,"[22, 45]",0.9087495803833008
257,RV-PI,12,2,7,"[22, 45]",0.8952980041503906
257,RV-PI,13,2,5,"[22, 45]",0.9124138951301575
257,RV-PI,14,2,3,"[14, 29]",0.971551239490509
257,RV-PI,15,2,1,"[14, 30]",1.013269066810608
257,RV-PI,16,1,0,[14],1.0479629039764404
258,RV-PI,0,2,30,"[14, 30]",0.06771142035722733
258,RV-PI,1,2,28,"[13, 29]",0.08906345814466476
258,RV-PI,2,2,26,"[13, 29]",0.13378553092479706
258,RV-PI,3,1,25,[13],0.2710959017276764
258,RV-PI,4,1,24,[37],0.5693997740745544
258,RV-PI,5,1,23,[21],0.7863549590110779
258,RV-PI,6,4,19,"[5, 45, 61, 21]",0.8772229552268982
258,RV-PI,7,2,17,"[13, 29]",0.9492197632789612
258,RV-PI,8,2,15,"[29, 53]",1.0255517959594727
258,RV-PI,9,2,13,"[5, 53]",1.0321004390716553
258,RV-PI,10,2,11,"[14, 54]",0.9560900330543518
258,RV-PI,11,2,9,"[14, 38]",0.9674364924430847
258,RV-PI,12,2,7,"[5, 62]",0.957021176815033
258,RV-PI,13,2,5,"[30, 14]",1.0363876819610596
258,RV-PI,14,2,3,"[6, 38]",1.1091922521591187
258,RV-PI,15,2,1,"[14, 38]",1.1096543073654175
258,RV-PI,16,1,0,[38],1.1597563028335571
259,RV-PI,0,2,30,"[14, 30]",0.06644798815250397
259,RV-PI,1,2,28,"[13, 29]",0.08331315964460373
259,RV-PI,2,2,26,"[13, 29]",0.10099729895591736
259,RV-PI,3,1,25,[13],0.14075608551502228
259,RV-PI,4,1,24,[37],0.21803417801856995
259,RV-PI,5,1,23,[21],0.3958030343055725
259,RV-PI,6,4,19,"[53, 5, 21, 45]",0.6308534145355225
259,RV-PI,7,2,17,"[13, 29]",0.8750312924385071
259,RV-PI,8,2,15,"[53, 29]",0.9558767080307007
259,RV-PI,9,2,13,"[54, 14]",0.9818122386932373
259,RV-PI,10,2,11,"[14, 54]",0.9325030446052551
259,RV-PI,11,2,9,"[22, 45]",0.9213576316833496
259,RV-PI,12,2,7,"[22, 45]",0.9166932106018066
259,RV-PI,13,2,5,"[22, 45]",0.9096575379371643
259,RV-PI,14,2,3,"[14, 30]",0.9473642110824585
259,RV-PI,15,2,1,"[22, 6]",0.9670005440711975
259,RV-PI,16,1,0,[14],0.9616121053695679
260,RV-PI,0,2,30,"[14, 30]",0.06672514230012894
260,RV-PI,1,2,28,"[13, 29]",0.08450982719659805
260,RV-PI,2,2,26,"[13, 29]",0.10845670104026794
260,RV-PI,3,1,25,[13],0.17300401628017426
260,RV-PI,4,1,24,[37],0.35963326692581177
260,RV-PI,5,1,23,[5],0.6729446053504944
260,RV-PI,6,4,19,"[53, 5, 29, 45]",0.8716913461685181
260,RV-PI,7,2,17,"[13, 29]",1.0109200477600098
260,RV-PI,8,2,15,"[53, 29]",1.020261526107788
260,RV-PI,9,2,13,"[54, 6]",1.0291398763656616
260,RV-PI,10,2,11,"[14, 54]",0.9624890089035034
260,RV-PI,11,2,9,"[45, 30]",0.9744445085525513
260,RV-PI,12,2,7,"[5, 62]",0.9737843871116638
260,RV-PI,13,2,5,"[30, 54]",1.019528865814209
260,RV-PI,14,2,3,"[14, 5]",1.1072039604187012
260,RV-PI,15,2,1,"[62, 38]",1.1724507808685303
260,RV-PI,16,1,0,[53],1.1571253538131714
261,RV-PI,0,2,30,"[14, 30]",0.06861386448144913
261,RV-PI,1,2,28,"[13, 29]",0.09037098288536072
261,RV-PI,2,2,26,"[13, 29]",0.13630414009094238
261,RV-PI,3,1,25,[13],0.27393975853919983
261,RV-PI,4,1,24,[37],0.5899006724357605
261,RV-PI,5,1,23,[5],0.8257890939712524
261,RV-PI,6,4,19,"[29, 5, 45, 61]",0.9516947269439697
261,RV-PI,7,2,17,"[13, 29]",0.9947778582572937
261,RV-PI,8,2,15,"[29, 61]",1.011993646621704
261,RV-PI,9,2,13,"[61, 21]",1.0169745683670044
261,RV-PI,10,2,11,"[14, 21]",0.9846705198287964
261,RV-PI,11,2,9,"[45, 62]",0.9739254117012024
261,RV-PI,12,2,7,"[30, 14]",0.9791402816772461
261,RV-PI,13,2,5,"[30, 6]",1.0273123979568481
261,RV-PI,14,2,3,"[54, 29]",1.0349884033203125
261,RV-PI,15,2,1,"[22, 54]",1.0020513534545898
261,RV-PI,16,1,0,[38],1.0156710147857666
262,RV-PI,0,2,30,"[14, 30]",0.06715773046016693
262,RV-PI,1,2,28,"[13, 29]",0.08666359633207321
262,RV-PI,2,2,26,"[13, 29]",0.12154562771320343
262,RV-PI,3,1,25,[13],0.2280212789773941
262,RV-PI,4,1,24,[37],0.4969745874404907
262,RV-PI,5,1,23,[5],0.761820912361145
262,RV-PI,6,4,19,"[29, 5, 53, 46]",0.8961814045906067
262,RV-PI,7,2,17,"[13, 29]",1.0027130842208862
262,RV-PI,8,2,15,"[53, 29]",1.0310219526290894
262,RV-PI,9,2,13,"[6, 53]",1.0464147329330444
262,RV-PI,10,2,11,"[14, 54]",0.9617717862129211
262,RV-PI,11,2,9,"[38, 22]",0.968503475189209
262,RV-PI,12,2,7,"[5, 22]",0.992640495300293
262,RV-PI,13,2,5,"[62, 13]",1.0394349098205566
262,RV-PI,14,2,3,"[38, 13]",1.1113910675048828
262,RV-PI,15,2,1,"[62, 38]",1.164667010307312
262,RV-PI,16,1,0,[21],1.158600926399231
263,RV-PI,0,2,30,"[14, 30]",0.06715689599514008
263,RV-PI,1,2,28,"[13, 29]",0.08638755977153778
263,RV-PI,2,2,26,"[13, 29]",0.11974090337753296
263,RV-PI,3,1,25,[13],0.22022809088230133
263,RV-PI,4,1,24,[37],0.4866897463798523
263,RV-PI,5,1,23,[5],0.7641366124153137
263,RV-PI,6,4,19,"[45, 5, 29, 61]",0.917628824710846
263,RV-PI,7,2,17,"[13, 61]",1.03175950050354
263,RV-PI,8,2,15,"[37, 30]",1.040527582168579
263,RV-PI,9,2,13,"[61, 21]",1.0390604734420776
263,RV-PI,10,2,11,"[14, 54]",0.9797738790512085
263,RV-PI,11,2,9,"[21, 45]",0.9953407049179077
263,RV-PI,12,2,7,"[30, 14]",1.0224883556365967
263,RV-PI,13,2,5,"[13, 6]",1.0845686197280884
263,RV-PI,14,2,3,"[30, 5]",1.058563232421875
263,RV-PI,15,2,1,"[54, 21]",1.0558676719665527
263,RV-PI,16,1,0,[6],1.0801576375961304
264,RV-PI,0,2,30,"[14, 30]",0.06664300709962845
264,RV-PI,1,2,28,"[13, 29]",0.0840269923210144
264,RV-PI,2,2,26,"[13, 29]",0.10526163876056671
264,RV-PI,3,1,25,[13],0.15801063179969788
264,RV-PI,4,1,24,[37],0.3115614354610443
264,RV-PI,5,1,23,[5],0.6270725131034851
264,RV-PI,6,4,19,"[53, 5, 29, 45]",0.8762072324752808
264,RV-PI,7,2,17,"[13, 29]",1.0088798999786377
264,RV-PI,8,2,15,"[61, 29]",1.0333307981491089
264,RV-PI,9,2,13,"[61, 54]",1.0161800384521484
264,RV-PI,10,2,11,"[14, 54]",0.9634349346160889
264,RV-PI,11,2,9,"[30, 45]",0.9694822430610657
264,RV-PI,12,2,7,"[62, 6]",0.9636785984039307
264,RV-PI,13,2,5,"[38, 21]",0.9925790429115295
264,RV-PI,14,2,3,"[62, 14]",1.01419198513031
264,RV-PI,15,2,1,"[62, 38]",1.0131568908691406
264,RV-PI,16,1,0,[61],1.0023250579833984
265,RV-PI,0,2,30,"[14, 30]",0.06768888235092163
265,RV-PI,1,2,28,"[13, 29]",0.08742135018110275
265,RV-PI,2,2,26,"[13, 29]",0.12377040088176727
265,RV-PI,3,1,25,[13],0.23288094997406006
265,RV-PI,4,1,24,[37],0.5240875482559204
265,RV-PI,5,1,23,[5],0.7944660186767578
265,RV-PI,6,4,19,"[45, 5, 29, 61]",0.9391840696334839
265,RV-PI,7,2,17,"[13, 61]",1.024886965751648
265,RV-PI,8,2,15,"[37, 30]",1.0195567607879639
265,RV-PI,9,2,13,"[61, 21]",1.003861665725708
265,RV-PI,10,2,11,"[14, 54]",0.9724575877189636
265,RV-PI,11,2,9,"[22, 45]",0.9702598452568054
265,RV-PI,12,2,7,"[14, 30]",0.9992371201515198
265,RV-PI,13,2,5,"[13, 6]",1.0629068613052368
265,RV-PI,14,2,3,"[30, 5]",1.0362681150436401
265,RV-PI,15,2,1,"[54, 30]",1.0040687322616577
265,RV-PI,16,1,0,[53],1.025288462638855
266,RV-PI,0,2,30,"[14, 30]",0.0665922462940216
266,RV-PI,1,2,28,"[13, 29]",0.08393099904060364
266,RV-PI,2,2,26,"[13, 29]",0.10465917736291885
266,RV-PI,3,1,25,[13],0.15576623380184174
266,RV-PI,4,1,24,[37],0.29316264390945435
266,RV-PI,5,1,23,[5],0.5920171141624451
266,RV-PI,6,4,19,"[53, 5, 29, 45]",0.8463712930679321
266,RV-PI,7,2,17,"[13, 29]",1.005081295967102
266,RV-PI,8,2,15,"[53, 29]",1.0144977569580078
266,RV-PI,9,2,13,"[54, 6]",1.007327914237976
266,RV-PI,10,2,11,"[14, 54]",0.9382784962654114
266,RV-PI,11,2,9,"[45, 30]",0.9442126750946045
266,RV-PI,12,2,7,"[5, 62]",0.9142845273017883
266,RV-PI,13,2,5,"[30, 54]",0.9551145434379578
266,RV-PI,14,2,3,"[14, 38]",1.024214506149292
266,RV-PI,15,2,1,"[62, 14]",1.0692386627197266
266,RV-PI,16,1,0,[38],1.0892783403396606
267,RV-PI,0,2,30,"[14, 30]",0.06656178086996078
267,RV-PI,1,2,28,"[13, 29]",0.08388534933328629
267,RV-PI,2,2,26,"[13, 29]",0.10443956404924393
267,RV-PI,3,1,25,[13],0.15552234649658203
267,RV-PI,4,1,24,[37],0.28435197472572327
267,RV-PI,5,1,23,[21],0.5583979487419128
267,RV-PI,6,4,19,"[45, 5, 54, 21]",0.780652642250061
267,RV-PI,7,2,17,"[13, 29]",0.943801999092102
267,RV-PI,8,2,15,"[61, 29]",1.02403724193573
267,RV-PI,9,2,13,"[61, 14]",0.9912369251251221
267,RV-PI,10,2,11,"[54, 61]",0.8904489278793335
267,RV-PI,11,2,9,"[22, 62]",0.8649793863296509
267,RV-PI,12,2,7,"[22, 45]",0.86148601770401
267,RV-PI,13,2,5,"[14, 30]",0.8344069719314575
267,RV-PI,14,2,3,"[6, 53]",0.817631721496582
267,RV-PI,15,2,1,"[22, 38]",0.8148519992828369
267,RV-PI,16,1,0,[14],0.856834352016449
268,RV-PI,0,2,30,"[14, 30]",0.06706231832504272
268,RV-PI,1,2,28,"[13, 29]",0.0853390246629715
268,RV-PI,2,2,26,"[13, 29]",0.113177590072155
268,RV-PI,3,1,25,[13],0.19228345155715942
268,RV-PI,4,1,24,[37],0.4330233931541443
268,RV-PI,5,1,23,[5],0.7439330220222473
268,RV-PI,6,4,19,"[53, 5, 29, 45]",0.913199245929718
268,RV-PI,7,2,17,"[13, 29]",0.9903275370597839
268,RV-PI,8,2,15,"[53, 29]",0.9906634092330933
268,RV-PI,9,2,13,"[54, 6]",1.038590431213379
268,RV-PI,10,2,11,"[14, 54]",0.9884854555130005
268,RV-PI,11,2,9,"[45, 14]",0.9508678913116455
268,RV-PI,12,2,7,"[30, 5]",0.9918754696846008
268,RV-PI,13,2,5,"[62, 45]",1.0729297399520874
268,RV-PI,14,2,3,"[14, 38]",1.1029959917068481
268,RV-PI,15,2,1,"[62, 38]",1.114911675453186
268,RV-PI,16,1,0,[6],1.088763952255249
269,RV-PI,0,2,30,"[14, 30]",0.06662137061357498
269,RV-PI,1,2,28,"[13, 29]",0.08432042598724365
269,RV-PI,2,2,26,"[13, 29]",0.10722026973962784
269,RV-PI,3,1,25,[13],0.17061589658260345
269,RV-PI,4,1,24,[37],0.32852622866630554
269,RV-PI,5,1,23,[21],0.6088158488273621
269,RV-PI,6,4,19,"[45, 5, 21, 54]",0.7784578204154968
269,RV-PI,7,2,17,"[13, 29]",0.9565237164497375
269,RV-PI,8,2,15,"[53, 29]",0.9835729598999023
269,RV-PI,9,2,13,"[54, 14]",0.9698872566223145
269,RV-PI,10,2,11,"[14, 54]",0.9032500386238098
269,RV-PI,11,2,9,"[45, 22]",0.8751488924026489
269,RV-PI,12,2,7,"[22, 62]",0.8347986340522766
269,RV-PI,13,2,5,"[22, 45]",0.7872914671897888
269,RV-PI,14,2,3,"[22, 6]",0.7935391068458557
269,RV-PI,15,2,1,"[22, 6]",0.8581721186637878
269,RV-PI,16,1,0,[14],0.931792676448822
270,RV-PI,0,2,30,"[14, 30]",0.06730501353740692
270,RV-PI,1,2,28,"[13, 29]",0.0862327516078949
270,RV-PI,2,2,26,"[13, 29]",0.11809924989938736
270,RV-PI,3,1,25,[13],0.21224316954612732
270,RV-PI,4,1,24,[37],0.4811753034591675
270,RV-PI,5,1,23,[5],0.7719501256942749
270,RV-PI,6,4,19,"[45, 5, 29, 54]",0.9176440834999084
270,RV-PI,7,2,17,"[13, 29]",0.9786022901535034
270,RV-PI,8,2,15,"[61, 30]",1.0051344633102417
270,RV-PI,9,2,13,"[61, 21]",1.010968804359436
270,RV-PI,10,2,11,"[54, 14]",0.9800125360488892
270,RV-PI,11,2,9,"[30, 45]",0.9797425270080566
270,RV-PI,12,2,7,"[30, 6]",0.9910672903060913
270,RV-PI,13,2,5,"[6, 21]",1.031426191329956
270,RV-PI,14,2,3,"[38, 6]",1.0488203763961792
270,RV-PI,15,2,1,"[62, 6]",1.0805795192718506
270,RV-PI,16,1,0,[14],1.0923480987548828
271,RV-PI,0,2,30,"[14, 30]",0.06653597950935364
271,RV-PI,1,2,28,"[13, 29]",0.08379030227661133
271,RV-PI,2,2,26,"[13, 29]",0.10388955473899841
271,RV-PI,3,1,25,[13],0.15368147194385529
271,RV-PI,4,1,24,[37],0.2715440094470978
271,RV-PI,5,1,23,[21],0.5308646559715271
271,RV-PI,6,4,19,"[45, 5, 21, 54]",0.755901038646698
271,RV-PI,7,2,17,"[13, 29]",0.9341444969177246
271,RV-PI,8,2,15,"[61, 29]",1.016423225402832
271,RV-PI,9,2,13,"[14, 61]",0.9883207082748413
271,RV-PI,10,2,11,"[54, 61]",0.8811232447624207
271,RV-PI,11,2,9,"[22, 62]",0.8732748031616211
271,RV-PI,12,2,7,"[22, 6]",0.8542260527610779
271,RV-PI,13,2,5,"[45, 22]",0.8101791143417358
271,RV-PI,14,2,3,"[14, 6]",0.8194723725318909
271,RV-PI,15,2,1,"[22, 6]",0.9123355150222778
271,RV-PI,16,1,0,[14],0.9512901902198792
272,RV-PI,0,2,30,"[14, 30]",0.06732025742530823
272,RV-PI,1,2,28,"[13, 29]",0.08786055445671082
272,RV-PI,2,2,26,"[13, 29]",0.12780559062957764
272,RV-PI,3,1,25,[13],0.2524275779724121
272,RV-PI,4,1,24,[37],0.5306355953216553
272,RV-PI,5,1,23,[21],0.753186047077179
272,RV-PI,6,4,19,"[5, 45, 61, 21]",0.8510602712631226
272,RV-PI,7,2,17,"[13, 29]",0.9409929513931274
272,RV-PI,8,2,15,"[29, 53]",1.0143828392028809
272,RV-PI,9,2,13,"[61, 6]",1.0373561382293701
272,RV-PI,10,2,11,"[54, 14]",0.9684574604034424
272,RV-PI,11,2,9,"[38, 22]",0.9811204671859741
272,RV-PI,12,2,7,"[22, 62]",0.9834797382354736
272,RV-PI,13,2,5,"[14, 38]",1.007550597190857
272,RV-PI,14,2,3,"[6, 38]",1.0579147338867188
272,RV-PI,15,2,1,"[38, 14]",1.0752394199371338
272,RV-PI,16,1,0,[38],1.102908968925476
273,RV-PI,0,2,30,"[14, 30]",0.06668414175510406
273,RV-PI,1,2,28,"[13, 29]",0.08398738503456116
273,RV-PI,2,2,26,"[13, 29]",0.10465901345014572
273,RV-PI,3,1,25,[13],0.15487146377563477
273,RV-PI,4,1,24,[37],0.3081796169281006
273,RV-PI,5,1,23,[21],0.6256505250930786
273,RV-PI,6,4,19,"[53, 5, 21, 45]",0.8606791496276855
273,RV-PI,7,2,17,"[13, 29]",0.9641411900520325
273,RV-PI,8,2,15,"[53, 29]",0.97390216588974
273,RV-PI,9,2,13,"[54, 14]",1.0016566514968872
273,RV-PI,10,2,11,"[14, 54]",0.965471088886261
273,RV-PI,11,2,9,"[22, 37]",0.937816858291626
273,RV-PI,12,2,7,"[22, 62]",0.9196251034736633
273,RV-PI,13,2,5,"[22, 45]",0.9278784394264221
273,RV-PI,14,2,3,"[6, 61]",0.9381579160690308
273,RV-PI,15,2,1,"[30, 6]",0.9247088432312012
273,RV-PI,16,1,0,[6],0.9220917820930481
274,RV-PI,0,2,30,"[14, 30]",0.06650341302156448
274,RV-PI,1,2,28,"[13, 29]",0.08357682079076767
274,RV-PI,2,2,26,"[13, 29]",0.10258108377456665
274,RV-PI,3,1,25,[13],0.14754246175289154
274,RV-PI,4,1,24,[37],0.2451470047235489
274,RV-PI,5,1,23,[21],0.47549551725387573
274,RV-PI,6,4,19,"[45, 5, 54, 21]",0.7265693545341492
274,RV-PI,7,2,17,"[13, 29]",0.9181371927261353
274,RV-PI,8,2,15,"[61, 29]",1.0013681650161743
274,RV-PI,9,2,13,"[14, 61]",0.9964179992675781
274,RV-PI,10,2,11,"[54, 61]",0.8964154124259949
274,RV-PI,11,2,9,"[22, 62]",0.8981255888938904
274,RV-PI,12,2,7,"[22, 6]",0.8821644186973572
274,RV-PI,13,2,5,"[45, 22]",0.8524754047393799
274,RV-PI,14,2,3,"[14, 61]",0.8975348472595215
274,RV-PI,15,2,1,"[22, 6]",0.969514787197113
274,RV-PI,16,1,0,[14],0.9854638576507568
275,RV-PI,0,2,30,"[14, 30]",0.06651676446199417
275,RV-PI,1,2,28,"[13, 29]",0.08378563076257706
275,RV-PI,2,2,26,"[13, 29]",0.10391378402709961
275,RV-PI,3,1,25,[13],0.1551761031150818
275,RV-PI,4,1,24,[37],0.2684057652950287
275,RV-PI,5,1,23,[21],0.522592306137085
275,RV-PI,6,4,19,"[53, 5, 21, 45]",0.740184485912323
275,RV-PI,7,2,17,"[13, 29]",0.9433185458183289
275,RV-PI,8,2,15,"[53, 29]",0.9750696420669556
275,RV-PI,9,2,13,"[54, 14]",0.9801506400108337
275,RV-PI,10,2,11,"[14, 54]",0.8941469192504883
275,RV-PI,11,2,9,"[45, 13]",0.8675302267074585
275,RV-PI,12,2,7,"[22, 5]",0.820941150188446
275,RV-PI,13,2,5,"[22, 6]",0.8190665245056152
275,RV-PI,14,2,3,"[6, 30]",0.8860140442848206
275,RV-PI,15,2,1,"[30, 14]",0.9519497156143188
275,RV-PI,16,1,0,[14],1.0109272003173828
276,RV-PI,0,2,30,"[14, 30]",0.06801533699035645
276,RV-PI,1,2,28,"[13, 29]",0.08991074562072754
276,RV-PI,2,2,26,"[13, 29]",0.137292742729187
276,RV-PI,3,1,25,[13],0.28129473328590393
276,RV-PI,4,1,24,[37],0.5884222388267517
276,RV-PI,5,1,23,[5],0.8128647804260254
276,RV-PI,6,4,19,"[29, 5, 61, 45]",0.930478572845459
276,RV-PI,7,2,17,"[13, 29]",0.9839051961898804
276,RV-PI,8,2,15,"[30, 53]",1.03279447555542
276,RV-PI,9,2,13,"[6, 53]",1.0490490198135376
276,RV-PI,10,2,11,"[14, 38]",0.9858362078666687
276,RV-PI,11,2,9,"[14, 45]",0.9792484045028687
276,RV-PI,12,2,7,"[30, 14]",1.034745216369629
276,RV-PI,13,2,5,"[5, 46]",1.0593475103378296
276,RV-PI,14,2,3,"[38, 22]",1.0659931898117065
276,RV-PI,15,2,1,"[54, 29]",1.0767658948898315
276,RV-PI,16,1,0,[46],1.0526028871536255
277,RV-PI,0,2,30,"[14, 30]",0.06670910865068436
277,RV-PI,1,2,28,"[13, 29]",0.08464475721120834
277,RV-PI,2,2,26,"[13, 29]",0.10925379395484924
277,RV-PI,3,1,25,[13],0.17784510552883148
277,RV-PI,4,1,24,[37],0.3653755784034729
277,RV-PI,5,1,23,[21],0.6543183326721191
277,RV-PI,6,4,19,"[45, 5, 21, 54]",0.807711660861969
277,RV-PI,7,2,17,"[13, 29]",0.9598824381828308
277,RV-PI,8,2,15,"[61, 29]",1.036870002746582
277,RV-PI,9,2,13,"[61, 14]",0.9937804937362671
277,RV-PI,10,2,11,"[54, 22]",0.951848030090332
277,RV-PI,11,2,9,"[62, 22]",0.9050280451774597
277,RV-PI,12,2,7,"[22, 45]",0.8972836136817932
277,RV-PI,13,2,5,"[6, 22]",0.9061604738235474
277,RV-PI,14,2,3,"[6, 22]",0.904963493347168
277,RV-PI,15,2,1,"[14, 38]",0.9067339897155762
277,RV-PI,16,1,0,[14],0.8742563724517822
278,RV-PI,0,2,30,"[14, 30]",0.06778636574745178
278,RV-PI,1,2,28,"[13, 29]",0.08770832419395447
278,RV-PI,2,2,26,"[13, 29]",0.1249636709690094
278,RV-PI,3,1,25,[13],0.23700127005577087
278,RV-PI,4,1,24,[37],0.5322080254554749
278,RV-PI,5,1,23,[5],0.7998926639556885
278,RV-PI,6,4,19,"[45, 5, 29, 61]",0.9427232146263123
278,RV-PI,7,2,17,"[13, 61]",1.025835633277893
278,RV-PI,8,2,15,"[37, 30]",1.0189015865325928
278,RV-PI,9,2,13,"[61, 21]",1.0034241676330566
278,RV-PI,10,2,11,"[14, 54]",0.9751548767089844
278,RV-PI,11,2,9,"[22, 45]",0.9719357490539551
278,RV-PI,12,2,7,"[14, 30]",1.0019986629486084
278,RV-PI,13,2,5,"[13, 6]",1.0640052556991577
278,RV-PI,14,2,3,"[30, 5]",1.0371125936508179
278,RV-PI,15,2,1,"[54, 30]",0.9985944032669067
278,RV-PI,16,1,0,[53],1.0139942169189453
279,RV-PI,0,2,30,"[14, 30]",0.06646955758333206
279,RV-PI,1,2,28,"[13, 29]",0.08339916169643402
279,RV-PI,2,2,26,"[13, 29]",0.10146760195493698
279,RV-PI,3,1,25,[13],0.14222174882888794
279,RV-PI,4,1,24,[37],0.22689683735370636
279,RV-PI,5,1,23,[21],0.4302065670490265
279,RV-PI,6,4,19,"[53, 5, 21, 45]",0.7035835385322571
279,RV-PI,7,2,17,"[13, 29]",0.9133680462837219
279,RV-PI,8,2,15,"[53, 29]",0.9742067456245422
279,RV-PI,9,2,13,"[54, 14]",0.9851778745651245
279,RV-PI,10,2,11,"[14, 54]",0.9165250062942505
279,RV-PI,11,2,9,"[22, 45]",0.9094505906105042
279,RV-PI,12,2,7,"[22, 45]",0.895989179611206
279,RV-PI,13,2,5,"[22, 6]",0.9020720720291138
279,RV-PI,14,2,3,"[53, 6]",0.9741297960281372
279,RV-PI,15,2,1,"[30, 6]",0.9729738235473633
279,RV-PI,16,1,0,[14],1.013086199760437
280,RV-PI,0,2,30,"[14, 30]",0.06676512956619263
280,RV-PI,1,2,28,"[13, 29]",0.0845484584569931
280,RV-PI,2,2,26,"[13, 29]",0.10863050818443298
280,RV-PI,3,1,25,[13],0.17317204177379608
280,RV-PI,4,1,24,[37],0.36710330843925476
280,RV-PI,5,1,23,[5],0.687372624874115
280,RV-PI,6,4,19,"[53, 5, 29, 45]",0.8893038630485535
280,RV-PI,7,2,17,"[13, 29]",1.007075309753418
280,RV-PI,8,2,15,"[53, 29]",1.0070403814315796
280,RV-PI,9,2,13,"[54, 6]",1.0326489210128784
280,RV-PI,10,2,11,"[14, 54]",0.9667193293571472
280,RV-PI,11,2,9,"[45, 30]",0.9791380167007446
280,RV-PI,12,2,7,"[5, 30]",1.0023823976516724
280,RV-PI,13,2,5,"[62, 45]",1.0380548238754272
280,RV-PI,14,2,3,"[14, 38]",1.1227912902832031
280,RV-PI,15,2,1,"[62, 38]",1.1478575468063354
280,RV-PI,16,1,0,[6],1.1412038803100586
281,RV-PI,0,2,30,"[14, 30]",0.067018523812294
281,RV-PI,1,2,28,"[13, 29]",0.08644035458564758
281,RV-PI,2,2,26,"[13, 29]",0.11999011784791946
281,RV-PI,3,1,25,[13],0.2240820825099945
281,RV-PI,4,1,24,[37],0.4756840169429779
281,RV-PI,5,1,23,[21],0.7223337292671204
281,RV-PI,6,4,19,"[5, 45, 21, 61]",0.8394660949707031
281,RV-PI,7,2,17,"[13, 29]",0.9499402642250061
281,RV-PI,8,2,15,"[29, 61]",1.012319564819336
281,RV-PI,9,2,13,"[61, 14]",1.0126298666000366
281,RV-PI,10,2,11,"[54, 14]",0.9866217970848083
281,RV-PI,11,2,9,"[37, 22]",1.002721905708313
281,RV-PI,12,2,7,"[6, 62]",1.011751413345337
281,RV-PI,13,2,5,"[38, 6]",1.054895043373108
281,RV-PI,14,2,3,"[38, 6]",1.067131757736206
281,RV-PI,15,2,1,"[38, 6]",1.0875346660614014
281,RV-PI,16,1,0,[22],1.064754605293274
282,RV-PI,0,2,30,"[14, 30]",0.06645401567220688
282,RV-PI,1,2,28,"[13, 29]",0.08334168046712875
282,RV-PI,2,2,26,"[13, 29]",0.10117124766111374
282,RV-PI,3,1,25,[13],0.14145775139331818
282,RV-PI,4,1,24,[37],0.22062639892101288
282,RV-PI,5,1,23,[21],0.4055478274822235
282,RV-PI,6,4,19,"[53, 5, 21, 45]",0.6508160829544067
282,RV-PI,7,2,17,"[13, 29]",0.8849861025810242
282,RV-PI,8,2,15,"[53, 29]",0.9620991349220276
282,RV-PI,9,2,13,"[54, 14]",0.9819060564041138
282,RV-PI,10,2,11,"[14, 54]",0.9254241585731506
282,RV-PI,11,2,9,"[22, 45]",0.9151611328125
282,RV-PI,12,2,7,"[22, 45]",0.906423032283783
282,RV-PI,13,2,5,"[22, 45]",0.9076095223426819
282,RV-PI,14,2,3,"[14, 29]",0.9525117874145508
282,RV-PI,15,2,1,"[14, 30]",0.9830588102340698
282,RV-PI,16,1,0,[14],1.0003656148910522
283,RV-PI,0,2,30,"[14, 30]",0.0679505243897438
283,RV-PI,1,2,28,"[13, 29]",0.08954502642154694
283,RV-PI,2,2,26,"[13, 29]",0.13552823662757874
283,RV-PI,3,1,25,[13],0.2754669189453125
283,RV-PI,4,1,24,[37],0.5820566415786743
283,RV-PI,5,1,23,[5],0.8129907846450806
283,RV-PI,6,4,19,"[29, 5, 61, 45]",0.935143232345581
283,RV-PI,7,2,17,"[13, 29]",0.9861669540405273
283,RV-PI,8,2,15,"[30, 61]",1.0285296440124512
283,RV-PI,9,2,13,"[61, 21]",1.0406994819641113
283,RV-PI,10,2,11,"[14, 54]",0.9859662055969238
283,RV-PI,11,2,9,"[30, 45]",0.9825184345245361
283,RV-PI,12,2,7,"[22, 6]",1.0053290128707886
283,RV-PI,13,2,5,"[38, 21]",1.0446150302886963
283,RV-PI,14,2,3,"[14, 54]",1.0382585525512695
283,RV-PI,15,2,1,"[54, 30]",1.0314302444458008
283,RV-PI,16,1,0,[54],1.0529547929763794
284,RV-PI,0,2,30,"[14, 30]",0.06833665072917938
284,RV-PI,1,2,28,"[13, 29]",0.08956417441368103
284,RV-PI,2,2,26,"[13, 29]",0.13319139182567596
284,RV-PI,3,1,25,[13],0.26433995366096497
284,RV-PI,4,1,24,[37],0.5759435892105103
284,RV-PI,5,1,23,[5],0.8186345100402832
284,RV-PI,6,4,19,"[29, 5, 45, 61]",0.9476161599159241
284,RV-PI,7,2,17,"[13, 29]",0.9920164942741394
284,RV-PI,8,2,15,"[29, 61]",1.0092320442199707
284,RV-PI,9,2,13,"[61, 14]",1.0192389488220215
284,RV-PI,10,2,11,"[14, 54]",0.9925331473350525
284,RV-PI,11,2,9,"[45, 22]",0.966095507144928
284,RV-PI,12,2,7,"[22, 6]",0.9658042192459106
284,RV-PI,13,2,5,"[5, 30]",1.0272012948989868
284,RV-PI,14,2,3,"[29, 46]",1.0191398859024048
284,RV-PI,15,2,1,"[14, 30]",0.9821630120277405
284,RV-PI,16,1,0,[21],0.9764626026153564
285,RV-PI,0,2,30,"[14, 30]",0.06698264181613922
285,RV-PI,1,2,28,"[13, 29]",0.08628316968679428
285,RV-PI,2,2,26,"[13, 29]",0.11904637515544891
285,RV-PI,3,1,25,[13],0.2208523452281952
285,RV-PI,4,1,24,[37],0.4661965072154999
285,RV-PI,5,1,23,[21],0.7154108285903931
285,RV-PI,6,4,19,"[5, 53, 21, 46]",0.8287495374679565
285,RV-PI,7,2,17,"[13, 29]",0.9748467803001404
285,RV-PI,8,2,15,"[53, 29]",1.0129390954971313
285,RV-PI,9,2,13,"[54, 14]",1.0188302993774414
285,RV-PI,10,2,11,"[14, 53]",0.9519416689872742
285,RV-PI,11,2,9,"[14, 30]",0.9663376212120056
285,RV-PI,12,2,7,"[62, 22]",0.9355460405349731
285,RV-PI,13,2,5,"[22, 6]",0.9483063817024231
285,RV-PI,14,2,3,"[6, 61]",0.9811230897903442
285,RV-PI,15,2,1,"[30, 6]",1.0524756908416748
285,RV-PI,16,1,0,[22],1.1012376546859741
286,RV-PI,0,2,30,"[14, 30]",0.06750065088272095
286,RV-PI,1,2,28,"[13, 29]",0.08808218687772751
286,RV-PI,2,2,26,"[13, 29]",0.12896719574928284
286,RV-PI,3,1,25,[13],0.2545187473297119
286,RV-PI,4,1,24,[37],0.54588782787323
286,RV-PI,5,1,23,[21],0.7783675193786621
286,RV-PI,6,4,19,"[5, 45, 61, 21]",0.8789678812026978
286,RV-PI,7,2,17,"[13, 29]",0.9504523873329163
286,RV-PI,8,2,15,"[29, 61]",1.018749713897705
286,RV-PI,9,2,13,"[61, 14]",1.0230939388275146
286,RV-PI,10,2,11,"[54, 14]",0.9843446612358093
286,RV-PI,11,2,9,"[38, 22]",0.9891828894615173
286,RV-PI,12,2,7,"[62, 6]",0.995730459690094
286,RV-PI,13,2,5,"[30, 14]",1.0768423080444336
286,RV-PI,14,2,3,"[6, 38]",1.1200212240219116
286,RV-PI,15,2,1,"[6, 38]",1.1004565954208374
286,RV-PI,16,1,0,[6],1.1199482679367065
287,RV-PI,0,2,30,"[14, 30]",0.06692176312208176
287,RV-PI,1,2,28,"[13, 29]",0.0853826105594635
287,RV-PI,2,2,26,"[13, 29]",0.1138831377029419
287,RV-PI,3,1,25,[13],0.1966187208890915
287,RV-PI,4,1,24,[37],0.4316372275352478
287,RV-PI,5,1,23,[5],0.7310416102409363
287,RV-PI,6,4,19,"[45, 5, 29, 54]",0.8896577954292297
287,RV-PI,7,2,17,"[13, 29]",0.9983082413673401
287,RV-PI,8,2,15,"[61, 30]",1.0343010425567627
287,RV-PI,9,2,13,"[61, 54]",1.0246226787567139
287,RV-PI,10,2,11,"[14, 38]",1.0083281993865967
287,RV-PI,11,2,9,"[30, 62]",1.0238842964172363
287,RV-PI,12,2,7,"[62, 30]",0.9977612495422363
287,RV-PI,13,2,5,"[13, 45]",1.059173822402954
287,RV-PI,14,2,3,"[38, 6]",1.0865660905838013
287,RV-PI,15,2,1,"[62, 6]",1.1088714599609375
287,RV-PI,16,1,0,[46],1.0681854486465454
288,RV-PI,0,2,30,"[14, 30]",0.06699632108211517
288,RV-PI,1,2,28,"[13, 29]",0.08599913120269775
288,RV-PI,2,2,26,"[13, 29]",0.11767076700925827
288,RV-PI,3,1,25,[13],0.2132708877325058
288,RV-PI,4,1,24,[37],0.4638884663581848
288,RV-PI,5,1,23,[21],0.7299145460128784
288,RV-PI,6,4,19,"[45, 5, 21, 61]",0.8574817776679993
288,RV-PI,7,2,17,"[13, 61]",0.9727044105529785
288,RV-PI,8,2,15,"[37, 53]",1.005756139755249
288,RV-PI,9,2,13,"[54, 21]",0.9978956580162048
288,RV-PI,10,2,11,"[38, 14]",0.9830290079116821
288,RV-PI,11,2,9,"[13, 62]",0.9886914491653442
288,RV-PI,12,2,7,"[30, 62]",0.9573367238044739
288,RV-PI,13,2,5,"[13, 30]",1.0051860809326172
288,RV-PI,14,2,3,"[6, 53]",1.0391665697097778
288,RV-PI,15,2,1,"[38, 6]",1.085230827331543
288,RV-PI,16,1,0,[38],1.0644837617874146
289,RV-PI,0,2,30,"[14, 30]",0.06740698218345642
289,RV-PI,1,2,28,"[13, 29]",0.08655187487602234
289,RV-PI,2,2,26,"[13, 29]",0.11970218271017075
289,RV-PI,3,1,25,[13],0.21830035746097565
289,RV-PI,4,1,24,[37],0.4944664239883423
289,RV-PI,5,1,23,[5],0.7792436480522156
289,RV-PI,6,4,19,"[45, 5, 29, 61]",0.9326337575912476
289,RV-PI,7,2,17,"[13, 61]",1.0234521627426147
289,RV-PI,8,2,15,"[37, 30]",1.0211513042449951
289,RV-PI,9,2,13,"[61, 21]",1.0079171657562256
289,RV-PI,10,2,11,"[14, 54]",0.9666527509689331
289,RV-PI,11,2,9,"[22, 45]",0.9730085730552673
289,RV-PI,12,2,7,"[30, 14]",0.9953404068946838
289,RV-PI,13,2,5,"[13, 6]",1.0690444707870483
289,RV-PI,14,2,3,"[30, 6]",1.042615294456482
289,RV-PI,15,2,1,"[53, 21]",1.00399649143219
289,RV-PI,16,1,0,[54],1.0313667058944702
290,RV-PI,0,2,30,"[14, 30]",0.0666210949420929
290,RV-PI,1,2,28,"[13, 29]",0.08420803397893906
290,RV-PI,2,2,26,"[13, 29]",0.10647940635681152
290,RV-PI,3,1,25,[13],0.16575053334236145
290,RV-PI,4,1,24,[37],0.31929194927215576
290,RV-PI,5,1,23,[21],0.6014415621757507
290,RV-PI,6,4,19,"[45, 5, 21, 54]",0.7832620739936829
290,RV-PI,7,2,17,"[13, 29]",0.9538758993148804
290,RV-PI,8,2,15,"[61, 29]",1.0328762531280518
290,RV-PI,9,2,13,"[61, 14]",0.9831634759902954
290,RV-PI,10,2,11,"[54, 61]",0.9096755385398865
290,RV-PI,11,2,9,"[22, 62]",0.8697768449783325
290,RV-PI,12,2,7,"[22, 45]",0.8492552042007446
290,RV-PI,13,2,5,"[22, 6]",0.8111871480941772
290,RV-PI,14,2,3,"[22, 6]",0.8247315883636475
290,RV-PI,15,2,1,"[14, 38]",0.8292496204376221
290,RV-PI,16,1,0,[14],0.8611087799072266
291,RV-PI,0,2,30,"[14, 30]",0.06651587039232254
291,RV-PI,1,2,28,"[13, 29]",0.0835254043340683
291,RV-PI,2,2,26,"[13, 29]",0.10204943269491196
291,RV-PI,3,1,25,[13],0.14391277730464935
291,RV-PI,4,1,24,[37],0.24497833847999573
291,RV-PI,5,1,23,[21],0.49248871207237244
291,RV-PI,6,4,19,"[53, 5, 21, 45]",0.7859095931053162
291,RV-PI,7,2,17,"[13, 29]",0.950281023979187
291,RV-PI,8,2,15,"[53, 29]",0.9816502332687378
291,RV-PI,9,2,13,"[54, 14]",0.98158860206604
291,RV-PI,10,2,11,"[14, 54]",0.9198495745658875
291,RV-PI,11,2,9,"[22, 45]",0.9090433120727539
291,RV-PI,12,2,7,"[22, 45]",0.8969920873641968
291,RV-PI,13,2,5,"[22, 6]",0.8844783306121826
291,RV-PI,14,2,3,"[6, 53]",0.8834689259529114
291,RV-PI,15,2,1,"[30, 6]",0.9174312353134155
291,RV-PI,16,1,0,[14],0.9718146920204163
292,RV-PI,0,2,30,"[14, 30]",0.0684192031621933
292,RV-PI,1,2,28,"[13, 29]",0.09031268954277039
292,RV-PI,2,2,26,"[13, 29]",0.13731570541858673
292,RV-PI,3,1,25,[13],0.27862226963043213
292,RV-PI,4,1,24,[37],0.5932674407958984
292,RV-PI,5,1,23,[5],0.8248287439346313
292,RV-PI,6,4,19,"[29, 5, 61, 45]",0.9480370879173279
292,RV-PI,7,2,17,"[13, 29]",0.9905362725257874
292,RV-PI,8,2,15,"[29, 61]",1.0181716680526733
292,RV-PI,9,2,13,"[61, 21]",1.023593544960022
292,RV-PI,10,2,11,"[14, 21]",0.9905347228050232
292,RV-PI,11,2,9,"[62, 45]",0.9782529473304749
292,RV-PI,12,2,7,"[30, 14]",0.989760160446167
292,RV-PI,13,2,5,"[30, 6]",1.0314861536026
292,RV-PI,14,2,3,"[54, 22]",1.0300946235656738
292,RV-PI,15,2,1,"[54, 14]",1.019141674041748
292,RV-PI,16,1,0,[38],1.0302762985229492
293,RV-PI,0,2,30,"[14, 30]",0.06761851161718369
293,RV-PI,1,2,28,"[13, 29]",0.08884432166814804
293,RV-PI,2,2,26,"[13, 29]",0.13285648822784424
293,RV-PI,3,1,25,[13],0.26857566833496094
293,RV-PI,4,1,24,[37],0.5634876489639282
293,RV-PI,5,1,23,[21],0.7799909710884094
293,RV-PI,6,4,19,"[5, 45, 61, 21]",0.870710015296936
293,RV-PI,7,2,17,"[13, 29]",0.9462530016899109
293,RV-PI,8,2,15,"[29, 53]",1.0252702236175537
293,RV-PI,9,2,13,"[5, 53]",1.0292179584503174
293,RV-PI,10,2,11,"[14, 54]",0.9527053833007812
293,RV-PI,11,2,9,"[14, 38]",0.968704104423523
293,RV-PI,12,2,7,"[5, 62]",0.9585771560668945
293,RV-PI,13,2,5,"[30, 14]",1.0362474918365479
293,RV-PI,14,2,3,"[6, 38]",1.1169424057006836
293,RV-PI,15,2,1,"[14, 38]",1.1258801221847534
293,RV-PI,16,1,0,[38],1.1787821054458618
294,RV-PI,0,2,30,"[14, 30]",0.06710973381996155
294,RV-PI,1,2,28,"[13, 29]",0.0868864506483078
294,RV-PI,2,2,26,"[13, 29]",0.12251140177249908
294,RV-PI,3,1,25,[13],0.23382337391376495
294,RV-PI,4,1,24,[37],0.4940326511859894
294,RV-PI,5,1,23,[21],0.7297080159187317
294,RV-PI,6,4,19,"[5, 53, 21, 46]",0.8312965631484985
294,RV-PI,7,2,17,"[13, 29]",0.9646809101104736
294,RV-PI,8,2,15,"[53, 29]",1.018094539642334
294,RV-PI,9,2,13,"[53, 6]",1.030839443206787
294,RV-PI,10,2,11,"[14, 54]",0.9486440420150757
294,RV-PI,11,2,9,"[14, 53]",0.9553138613700867
294,RV-PI,12,2,7,"[22, 5]",0.9550628662109375
294,RV-PI,13,2,5,"[22, 45]",0.9822719693183899
294,RV-PI,14,2,3,"[6, 29]",1.0003050565719604
294,RV-PI,15,2,1,"[22, 6]",1.0188016891479492
294,RV-PI,16,1,0,[22],1.0844603776931763
295,RV-PI,0,2,30,"[14, 30]",0.06661249697208405
295,RV-PI,1,2,28,"[13, 29]",0.08407595008611679
295,RV-PI,2,2,26,"[13, 29]",0.10563977807760239
295,RV-PI,3,1,25,[13],0.16032369434833527
295,RV-PI,4,1,24,[37],0.3102683126926422
295,RV-PI,5,1,23,[21],0.6054295301437378
295,RV-PI,6,4,19,"[45, 5, 54, 21]",0.8153789639472961
295,RV-PI,7,2,17,"[13, 29]",0.9577240347862244
295,RV-PI,8,2,15,"[61, 29]",1.0321873426437378
295,RV-PI,9,2,13,"[61, 14]",0.9990732669830322
295,RV-PI,10,2,11,"[54, 22]",0.9295445084571838
295,RV-PI,11,2,9,"[62, 22]",0.8750101923942566
295,RV-PI,12,2,7,"[14, 45]",0.8869165778160095
295,RV-PI,13,2,5,"[30, 6]",0.9177718758583069
295,RV-PI,14,2,3,"[6, 22]",0.9172609448432922
295,RV-PI,15,2,1,"[14, 38]",0.8985676169395447
295,RV-PI,16,1,0,[22],0.8373923301696777
296,RV-PI,0,2,30,"[14, 30]",0.066852867603302
296,RV-PI,1,2,28,"[13, 29]",0.08453407138586044
296,RV-PI,2,2,26,"[13, 29]",0.10818295925855637
296,RV-PI,3,1,25,[13],0.17057572305202484
296,RV-PI,4,1,24,[37],0.36920273303985596
296,RV-PI,5,1,23,[5],0.6974115967750549
296,RV-PI,6,4,19,"[53, 5, 29, 45]",0.9044170379638672
296,RV-PI,7,2,17,"[13, 29]",1.002261996269226
296,RV-PI,8,2,15,"[61, 29]",1.0070042610168457
296,RV-PI,9,2,13,"[61, 54]",1.0225111246109009
296,RV-PI,10,2,11,"[14, 54]",0.9927077293395996
296,RV-PI,11,2,9,"[30, 45]",0.9932520389556885
296,RV-PI,12,2,7,"[62, 6]",1.0077354907989502
296,RV-PI,13,2,5,"[38, 21]",1.0548065900802612
296,RV-PI,14,2,3,"[62, 14]",1.0795502662658691
296,RV-PI,15,2,1,"[62, 38]",1.0800021886825562
296,RV-PI,16,1,0,[14],1.0412945747375488
297,RV-PI,0,2,30,"[14, 30]",0.06678299605846405
297,RV-PI,1,2,28,"[13, 29]",0.0852278545498848
297,RV-PI,2,2,26,"[13, 29]",0.11273570358753204
297,RV-PI,3,1,25,[13],0.19549448788166046
297,RV-PI,4,1,24,[37],0.4015919268131256
297,RV-PI,5,1,23,[21],0.6738162636756897
297,RV-PI,6,4,19,"[53, 5, 21, 46]",0.8128244280815125
297,RV-PI,7,2,17,"[13, 29]",0.984846830368042
297,RV-PI,8,2,15,"[53, 29]",0.99671870470047
297,RV-PI,9,2,13,"[54, 14]",1.0001477003097534
297,RV-PI,10,2,11,"[14, 54]",0.9385637640953064
297,RV-PI,11,2,9,"[14, 45]",0.9203457236289978
297,RV-PI,12,2,7,"[62, 22]",0.8785975575447083
297,RV-PI,13,2,5,"[22, 6]",0.8678392767906189
297,RV-PI,14,2,3,"[6, 61]",0.9096739888191223
297,RV-PI,15,2,1,"[30, 6]",0.9431870579719543
297,RV-PI,16,1,0,[14],0.9791046380996704
298,RV-PI,0,2,30,"[14, 30]",0.0665489062666893
298,RV-PI,1,2,28,"[13, 29]",0.08348583430051804
298,RV-PI,2,2,26,"[13, 29]",0.10162238031625748
298,RV-PI,3,1,25,[13],0.14198045432567596
298,RV-PI,4,1,24,[37],0.24431371688842773
298,RV-PI,5,1,23,[21],0.4959043264389038
298,RV-PI,6,4,19,"[53, 5, 21, 45]",0.7954925894737244
298,RV-PI,7,2,17,"[13, 29]",0.9555628895759583
298,RV-PI,8,2,15,"[53, 29]",0.9673482775688171
298,RV-PI,9,2,13,"[54, 14]",0.9737157821655273
298,RV-PI,10,2,11,"[14, 54]",0.9494025707244873
298,RV-PI,11,2,9,"[22, 45]",0.9370760321617126
298,RV-PI,12,2,7,"[22, 45]",0.9435364603996277
298,RV-PI,13,2,5,"[22, 6]",0.9478110074996948
298,RV-PI,14,2,3,"[53, 6]",0.957425057888031
298,RV-PI,15,2,1,"[30, 6]",0.9710828065872192
298,RV-PI,16,1,0,[14],1.0068962574005127
299,RV-PI,0,2,30,"[14, 30]",0.06655943393707275
299,RV-PI,1,2,28,"[13, 29]",0.08381795883178711
299,RV-PI,2,2,26,"[13, 29]",0.1039464920759201
299,RV-PI,3,1,25,[13],0.15265803039073944
299,RV-PI,4,1,24,[37],0.2760497033596039
299,RV-PI,5,1,23,[5],0.559465765953064
299,RV-PI,6,4,19,"[53, 5, 29, 45]",0.8245265483856201
299,RV-PI,7,2,17,"[13, 29]",0.9981512427330017
299,RV-PI,8,2,15,"[53, 29]",1.0163463354110718
299,RV-PI,9,2,13,"[54, 6]",1.001495599746704
299,RV-PI,10,2,11,"[14, 54]",0.9250033497810364
299,RV-PI,11,2,9,"[45, 30]",0.9212861061096191
299,RV-PI,12,2,7,"[5, 62]",0.8961739540100098
299,RV-PI,13,2,5,"[30, 45]",0.9342236518859863
299,RV-PI,14,2,3,"[14, 38]",1.002101182937622
299,RV-PI,15,2,1,"[62, 14]",1.0093283653259277
299,RV-PI,16,1,0,[38],1.0080121755599976
250,ImmediateOnlyPI,0,2,30,"[14, 30]",0.06653647124767303
250,ImmediateOnlyPI,1,2,28,"[13, 29]",0.08384262770414352
250,ImmediateOnlyPI,2,2,26,"[13, 29]",0.1042720302939415
250,ImmediateOnlyPI,3,2,24,"[13, 29]",0.14645911753177643
250,ImmediateOnlyPI,4,2,22,"[53, 13]",0.25422951579093933
250,ImmediateOnlyPI,5,2,20,"[13, 45]",0.5051866173744202
250,ImmediateOnlyPI,6,1,19,[21],0.784447968006134
250,ImmediateOnlyPI,7,4,15,"[13, 53, 37, 6]",0.9216198921203613
250,ImmediateOnlyPI,8,4,11,"[29, 5, 53, 14]",1.0175697803497314
250,ImmediateOnlyPI,9,4,7,"[61, 13, 45, 54]",1.0103265047073364
250,ImmediateOnlyPI,10,4,3,"[38, 14, 54, 29]",0.9170389771461487
250,ImmediateOnlyPI,11,2,1,"[14, 45]",0.9105361104011536
250,ImmediateOnlyPI,12,1,0,[13],0.922507107257843
250,ImmediateOnlyPI,13,0,0,[],0.979952335357666
250,ImmediateOnlyPI,14,0,0,[],1.0816360712051392
250,ImmediateOnlyPI,15,0,0,[],1.1740939617156982
250,ImmediateOnlyPI,16,0,0,[],1.2068294286727905
251,ImmediateOnlyPI,0,2,30,"[14, 30]",0.0664777010679245
251,ImmediateOnlyPI,1,2,28,"[13, 29]",0.08345102518796921
251,ImmediateOnlyPI,2,2,26,"[13, 29]",0.10185109078884125
251,ImmediateOnlyPI,3,2,24,"[13, 29]",0.13477450609207153
251,ImmediateOnlyPI,4,2,22,"[53, 13]",0.1985260248184204
251,ImmediateOnlyPI,5,2,20,"[13, 45]",0.3645090162754059
251,ImmediateOnlyPI,6,1,19,[6],0.7013407945632935
251,ImmediateOnlyPI,7,4,15,"[53, 13, 37, 30]",0.9167339205741882
251,ImmediateOnlyPI,8,4,11,"[29, 5, 53, 38]",1.011177659034729
251,ImmediateOnlyPI,9,4,7,"[21, 61, 14, 54]",0.9891095161437988
251,ImmediateOnlyPI,10,4,3,"[38, 13, 53, 62]",0.9384321570396423
251,ImmediateOnlyPI,11,2,1,"[29, 62]",0.9874941110610962
251,ImmediateOnlyPI,12,1,0,[22],1.0080996751785278
251,ImmediateOnlyPI,13,0,0,[],0.9897662997245789
251,ImmediateOnlyPI,14,0,0,[],1.0432748794555664
251,ImmediateOnlyPI,15,0,0,[],1.1165674924850464
251,ImmediateOnlyPI,16,0,0,[],1.0748955011367798
252,ImmediateOnlyPI,0,2,30,"[14, 30]",0.06681057065725327
252,ImmediateOnlyPI,1,2,28,"[13, 29]",0.08540792018175125
252,ImmediateOnlyPI,2,2,26,"[13, 29]",0.1136680617928505
252,ImmediateOnlyPI,3,2,24,"[13, 29]",0.19204959273338318
252,ImmediateOnlyPI,4,2,22,"[53, 13]",0.40947237610816956
252,ImmediateOnlyPI,5,2,20,"[13, 29]",0.7130439877510071
252,ImmediateOnlyPI,6,4,16,"[53, 5, 54, 21]",0.8872260451316833
252,ImmediateOnlyPI,7,4,12,"[13, 37, 53, 30]",0.9900324940681458
252,ImmediateOnlyPI,8,4,8,"[29, 13, 53, 5]",1.0276157855987549
252,ImmediateOnlyPI,9,4,4,"[61, 45, 13, 54]",1.0438255071640015
252,ImmediateOnlyPI,10,4,0,"[38, 14, 54, 29]",1.002274751663208
252,ImmediateOnlyPI,11,0,0,[],0.9978015422821045
252,ImmediateOnlyPI,12,0,0,[],0.9920270442962646
252,ImmediateOnlyPI,13,0,0,[],0.9878536462783813
252,ImmediateOnlyPI,14,0,0,[],0.9584261178970337
252,ImmediateOnlyPI,15,0,0,[],0.9395425915718079
252,ImmediateOnlyPI,16,0,0,[],1.0037420988082886
253,ImmediateOnlyPI,0,2,30,"[14, 30]",0.06676552444696426
253,ImmediateOnlyPI,1,2,28,"[13, 29]",0.08485939353704453
253,ImmediateOnlyPI,2,2,26,"[13, 29]",0.11073079705238342
253,ImmediateOnlyPI,3,2,24,"[13, 29]",0.18019366264343262
253,ImmediateOnlyPI,4,2,22,"[53, 13]",0.38400617241859436
253,ImmediateOnlyPI,5,2,20,"[13, 29]",0.6916992664337158
253,ImmediateOnlyPI,6,4,16,"[53, 5, 54, 21]",0.883796215057373
253,ImmediateOnlyPI,7,4,12,"[53, 13, 37, 22]",1.0145928859710693
253,ImmediateOnlyPI,8,4,8,"[13, 37, 61, 14]",1.0594830513000488
253,ImmediateOnlyPI,9,4,4,"[61, 14, 37, 54]",0.9914074540138245
253,ImmediateOnlyPI,10,4,0,"[38, 53, 5, 29]",1.0172804594039917
253,ImmediateOnlyPI,11,0,0,[],1.0406242609024048
253,ImmediateOnlyPI,12,0,0,[],1.068008542060852
253,ImmediateOnlyPI,13,0,0,[],1.100266456604004
253,ImmediateOnlyPI,14,0,0,[],1.0726927518844604
253,ImmediateOnlyPI,15,0,0,[],1.0506893396377563
253,ImmediateOnlyPI,16,0,0,[],1.0415619611740112
254,ImmediateOnlyPI,0,2,30,"[14, 30]",0.06757649034261703
254,ImmediateOnlyPI,1,2,28,"[13, 29]",0.08798927068710327
254,ImmediateOnlyPI,2,2,26,"[13, 29]",0.12806974351406097
254,ImmediateOnlyPI,3,2,24,"[13, 29]",0.25502535700798035
254,ImmediateOnlyPI,4,2,22,"[53, 13]",0.5472062826156616
254,ImmediateOnlyPI,5,2,20,"[13, 29]",0.8085107803344727
254,ImmediateOnlyPI,6,1,19,[54],0.946704089641571
254,ImmediateOnlyPI,7,4,15,"[13, 37, 53, 30]",1.0099774599075317
254,ImmediateOnlyPI,8,4,11,"[13, 37, 61, 22]",1.0465044975280762
254,ImmediateOnlyPI,9,4,7,"[61, 14, 38, 45]",1.0313090085983276
254,ImmediateOnlyPI,10,4,3,"[38, 5, 45, 61]",0.9958243370056152
254,ImmediateOnlyPI,11,2,1,"[22, 45]",0.9809538722038269
254,ImmediateOnlyPI,12,1,0,[62],1.0353349447250366
254,ImmediateOnlyPI,13,0,0,[],1.1555819511413574
254,ImmediateOnlyPI,14,0,0,[],1.212061882019043
254,ImmediateOnlyPI,15,0,0,[],1.2389795780181885
254,ImmediateOnlyPI,16,0,0,[],1.2023184299468994
255,ImmediateOnlyPI,0,2,30,"[14, 30]",0.06666145473718643
255,ImmediateOnlyPI,1,2,28,"[13, 29]",0.08462800830602646
255,ImmediateOnlyPI,2,2,26,"[13, 29]",0.10902317613363266
255,ImmediateOnlyPI,3,2,24,"[13, 29]",0.16966192424297333
255,ImmediateOnlyPI,4,2,22,"[53, 13]",0.34210479259490967
255,ImmediateOnlyPI,5,2,20,"[13, 29]",0.6519361138343811
255,ImmediateOnlyPI,6,4,16,"[53, 5, 54, 21]",0.8590118885040283
255,ImmediateOnlyPI,7,4,12,"[53, 37, 5, 21]",0.9873607754707336
255,ImmediateOnlyPI,8,4,8,"[53, 21, 37, 5]",1.001457929611206
255,ImmediateOnlyPI,9,4,4,"[61, 37, 21, 54]",0.9937112331390381
255,ImmediateOnlyPI,10,4,0,"[14, 38, 54, 13]",0.9807822704315186
255,ImmediateOnlyPI,11,0,0,[],0.9814385175704956
255,ImmediateOnlyPI,12,0,0,[],0.9680826663970947
255,ImmediateOnlyPI,13,0,0,[],0.9331558346748352
255,ImmediateOnlyPI,14,0,0,[],0.88844233751297
255,ImmediateOnlyPI,15,0,0,[],0.8794108629226685
255,ImmediateOnlyPI,16,0,0,[],0.8344736695289612
256,ImmediateOnlyPI,0,2,30,"[14, 30]",0.06703997403383255
256,ImmediateOnlyPI,1,2,28,"[13, 29]",0.0865263119339943
256,ImmediateOnlyPI,2,2,26,"[13, 29]",0.12052520364522934
256,ImmediateOnlyPI,3,2,24,"[13, 29]",0.2235979586839676
256,ImmediateOnlyPI,4,2,22,"[53, 13]",0.48469921946525574
256,ImmediateOnlyPI,5,2,20,"[13, 29]",0.7630372643470764
256,ImmediateOnlyPI,6,2,18,"[54, 5]",0.9208653569221497
256,ImmediateOnlyPI,7,4,14,"[13, 37, 53, 30]",1.021727204322815
256,ImmediateOnlyPI,8,4,10,"[13, 29, 53, 38]",1.0721399784088135
256,ImmediateOnlyPI,9,4,6,"[14, 61, 37, 54]",1.062485694885254
256,ImmediateOnlyPI,10,4,2,"[38, 14, 53, 5]",1.040523648262024
256,ImmediateOnlyPI,11,2,0,"[46, 29]",1.0398056507110596
256,ImmediateOnlyPI,12,0,0,[],1.0414303541183472
256,ImmediateOnlyPI,13,0,0,[],1.078895092010498
256,ImmediateOnlyPI,14,0,0,[],1.1313709020614624
256,ImmediateOnlyPI,15,0,0,[],1.1983991861343384
256,ImmediateOnlyPI,16,0,0,[],1.2032358646392822
257,ImmediateOnlyPI,0,2,30,"[14, 30]",0.06646386533975601
257,ImmediateOnlyPI,1,2,28,"[13, 29]",0.08339355140924454
257,ImmediateOnlyPI,2,2,26,"[13, 29]",0.10148869454860687
257,ImmediateOnlyPI,3,2,24,"[13, 29]",0.13316890597343445
257,ImmediateOnlyPI,4,2,22,"[53, 13]",0.1886734813451767
257,ImmediateOnlyPI,5,2,20,"[13, 45]",0.33052781224250793
257,ImmediateOnlyPI,6,1,19,[5],0.6621788740158081
257,ImmediateOnlyPI,7,4,15,"[53, 37, 5, 21]",0.8950280547142029
257,ImmediateOnlyPI,8,4,11,"[37, 5, 21, 53]",0.9838979244232178
257,ImmediateOnlyPI,9,4,7,"[61, 13, 54, 37]",0.9768307209014893
257,ImmediateOnlyPI,10,4,3,"[38, 14, 54, 21]",0.9520769715309143
257,ImmediateOnlyPI,11,2,1,"[37, 62]",0.9681234359741211
257,ImmediateOnlyPI,12,1,0,[22],0.9569036960601807
257,ImmediateOnlyPI,13,0,0,[],0.9724704623222351
257,ImmediateOnlyPI,14,0,0,[],1.1009044647216797
257,ImmediateOnlyPI,15,0,0,[],1.1541404724121094
257,ImmediateOnlyPI,16,0,0,[],1.1063001155853271
258,ImmediateOnlyPI,0,2,30,"[14, 30]",0.06771142035722733
258,ImmediateOnlyPI,1,2,28,"[13, 29]",0.08906345814466476
258,ImmediateOnlyPI,2,2,26,"[13, 29]",0.13378553092479706
258,ImmediateOnlyPI,3,2,24,"[13, 29]",0.2751496732234955
258,ImmediateOnlyPI,4,2,22,"[53, 13]",0.5760090351104736
258,ImmediateOnlyPI,5,2,20,"[13, 29]",0.820705771446228
258,ImmediateOnlyPI,6,1,19,[54],0.9475072622299194
258,ImmediateOnlyPI,7,4,15,"[13, 37, 22, 6]",1.013735294342041
258,ImmediateOnlyPI,8,4,11,"[61, 29, 13, 38]",1.0589901208877563
258,ImmediateOnlyPI,9,4,7,"[61, 14, 45, 30]",1.047691822052002
258,ImmediateOnlyPI,10,4,3,"[5, 38, 45, 61]",1.0174450874328613
258,ImmediateOnlyPI,11,2,1,"[22, 38]",1.0038478374481201
258,ImmediateOnlyPI,12,1,0,[21],1.0514582395553589
258,ImmediateOnlyPI,13,0,0,[],1.1614813804626465
258,ImmediateOnlyPI,14,0,0,[],1.2102278470993042
258,ImmediateOnlyPI,15,0,0,[],1.2160342931747437
258,ImmediateOnlyPI,16,0,0,[],1.1896740198135376
259,ImmediateOnlyPI,0,2,30,"[14, 30]",0.06644798815250397
259,ImmediateOnlyPI,1,2,28,"[13, 29]",0.08331315964460373
259,ImmediateOnlyPI,2,2,26,"[13, 29]",0.10099729895591736
259,ImmediateOnlyPI,3,2,24,"[13, 29]",0.13105593621730804
259,ImmediateOnlyPI,4,2,22,"[53, 13]",0.17555321753025055
259,ImmediateOnlyPI,5,2,20,"[13, 45]",0.2807338535785675
259,ImmediateOnlyPI,6,1,19,[5],0.5890322923660278
259,ImmediateOnlyPI,7,4,15,"[53, 37, 5, 21]",0.8614415526390076
259,ImmediateOnlyPI,8,4,11,"[37, 5, 21, 53]",0.9644025564193726
259,ImmediateOnlyPI,9,4,7,"[61, 13, 54, 37]",0.9612359404563904
259,ImmediateOnlyPI,10,4,3,"[38, 14, 54, 21]",0.9544379115104675
259,ImmediateOnlyPI,11,2,1,"[37, 62]",0.9815599918365479
259,ImmediateOnlyPI,12,1,0,[22],0.9918128848075867
259,ImmediateOnlyPI,13,0,0,[],0.9917609691619873
259,ImmediateOnlyPI,14,0,0,[],1.0825012922286987
259,ImmediateOnlyPI,15,0,0,[],1.1231478452682495
259,ImmediateOnlyPI,16,0,0,[],1.060489296913147
260,ImmediateOnlyPI,0,2,30,"[14, 30]",0.06672514230012894
260,ImmediateOnlyPI,1,2,28,"[13, 29]",0.08450982719659805
260,ImmediateOnlyPI,2,2,26,"[13, 29]",0.10845670104026794
260,ImmediateOnlyPI,3,2,24,"[13, 29]",0.16907641291618347
260,ImmediateOnlyPI,4,2,22,"[53, 13]",0.3505955934524536
260,ImmediateOnlyPI,5,2,20,"[13, 29]",0.6611163020133972
260,ImmediateOnlyPI,6,4,16,"[53, 5, 54, 21]",0.8728442192077637
260,ImmediateOnlyPI,7,4,12,"[53, 37, 13, 22]",1.0167487859725952
260,ImmediateOnlyPI,8,4,8,"[13, 37, 61, 14]",1.059351921081543
260,ImmediateOnlyPI,9,4,4,"[61, 37, 14, 54]",0.9767720699310303
260,ImmediateOnlyPI,10,4,0,"[38, 53, 5, 29]",0.9968370795249939
260,ImmediateOnlyPI,11,0,0,[],1.0350193977355957
260,ImmediateOnlyPI,12,0,0,[],1.0705480575561523
260,ImmediateOnlyPI,13,0,0,[],1.1185088157653809
260,ImmediateOnlyPI,14,0,0,[],1.096323847770691
260,ImmediateOnlyPI,15,0,0,[],1.0739423036575317
260,ImmediateOnlyPI,16,0,0,[],1.082079529762268
261,ImmediateOnlyPI,0,2,30,"[14, 30]",0.06861386448144913
261,ImmediateOnlyPI,1,2,28,"[13, 29]",0.09037098288536072
261,ImmediateOnlyPI,2,2,26,"[13, 29]",0.13630414009094238
261,ImmediateOnlyPI,3,2,24,"[13, 29]",0.28267526626586914
261,ImmediateOnlyPI,4,2,22,"[53, 13]",0.5896627306938171
261,ImmediateOnlyPI,5,2,20,"[13, 37]",0.8424287438392639
261,ImmediateOnlyPI,6,1,19,[54],0.9751793742179871
261,ImmediateOnlyPI,7,4,15,"[13, 37, 22, 6]",1.0306639671325684
261,ImmediateOnlyPI,8,4,11,"[61, 29, 13, 45]",1.065392255783081
261,ImmediateOnlyPI,9,4,7,"[14, 61, 37, 30]",1.0544315576553345
261,ImmediateOnlyPI,10,4,3,"[5, 61, 22, 38]",1.0094199180603027
261,ImmediateOnlyPI,11,2,1,"[22, 29]",0.946302592754364
261,ImmediateOnlyPI,12,1,0,[46],0.9302276968955994
261,ImmediateOnlyPI,13,0,0,[],0.9262807965278625
261,ImmediateOnlyPI,14,0,0,[],0.9358791708946228
261,ImmediateOnlyPI,15,0,0,[],1.0062857866287231
261,ImmediateOnlyPI,16,0,0,[],1.0516608953475952
262,ImmediateOnlyPI,0,2,30,"[14, 30]",0.06715773046016693
262,ImmediateOnlyPI,1,2,28,"[13, 29]",0.08666359633207321
262,ImmediateOnlyPI,2,2,26,"[13, 29]",0.12154562771320343
262,ImmediateOnlyPI,3,2,24,"[13, 29]",0.2293017953634262
262,ImmediateOnlyPI,4,2,22,"[53, 13]",0.5001452565193176
262,ImmediateOnlyPI,5,2,20,"[13, 29]",0.7774879932403564
262,ImmediateOnlyPI,6,1,19,[54],0.9258741140365601
262,ImmediateOnlyPI,7,4,15,"[13, 37, 53, 30]",1.0057421922683716
262,ImmediateOnlyPI,8,4,11,"[13, 37, 61, 22]",1.0536080598831177
262,ImmediateOnlyPI,9,4,7,"[61, 14, 38, 45]",1.0345654487609863
262,ImmediateOnlyPI,10,4,3,"[38, 5, 54, 14]",1.0065550804138184
262,ImmediateOnlyPI,11,2,1,"[45, 5]",1.025113821029663
262,ImmediateOnlyPI,12,1,0,[38],1.0429432392120361
262,ImmediateOnlyPI,13,0,0,[],1.120713233947754
262,ImmediateOnlyPI,14,0,0,[],1.1386719942092896
262,ImmediateOnlyPI,15,0,0,[],1.1592432260513306
262,ImmediateOnlyPI,16,0,0,[],1.1693487167358398
263,ImmediateOnlyPI,0,2,30,"[14, 30]",0.06715689599514008
263,ImmediateOnlyPI,1,2,28,"[13, 29]",0.08638755977153778
263,ImmediateOnlyPI,2,2,26,"[13, 29]",0.11974090337753296
263,ImmediateOnlyPI,3,2,24,"[13, 29]",0.22210972011089325
263,ImmediateOnlyPI,4,2,22,"[53, 13]",0.4871205687522888
263,ImmediateOnlyPI,5,2,20,"[13, 29]",0.7728811502456665
263,ImmediateOnlyPI,6,2,18,"[53, 5]",0.9458447694778442
263,ImmediateOnlyPI,7,4,14,"[13, 37, 53, 30]",1.0419765710830688
263,ImmediateOnlyPI,8,4,10,"[13, 37, 53, 30]",1.0497463941574097
263,ImmediateOnlyPI,9,4,6,"[61, 21, 38, 5]",1.0582107305526733
263,ImmediateOnlyPI,10,4,2,"[5, 54, 38, 22]",1.0309317111968994
263,ImmediateOnlyPI,11,2,0,"[45, 5]",1.0510152578353882
263,ImmediateOnlyPI,12,0,0,[],1.0993125438690186
263,ImmediateOnlyPI,13,0,0,[],1.1717119216918945
263,ImmediateOnlyPI,14,0,0,[],1.1975963115692139
263,ImmediateOnlyPI,15,0,0,[],1.2067877054214478
263,ImmediateOnlyPI,16,0,0,[],1.1920267343521118
264,ImmediateOnlyPI,0,2,30,"[14, 30]",0.06664300709962845
264,ImmediateOnlyPI,1,2,28,"[13, 29]",0.0840269923210144
264,ImmediateOnlyPI,2,2,26,"[13, 29]",0.10526163876056671
264,ImmediateOnlyPI,3,2,24,"[13, 29]",0.15301257371902466
264,ImmediateOnlyPI,4,2,22,"[53, 13]",0.29161614179611206
264,ImmediateOnlyPI,5,2,20,"[13, 45]",0.5917022228240967
264,ImmediateOnlyPI,6,1,19,[6],0.8825303316116333
264,ImmediateOnlyPI,7,4,15,"[53, 13, 37, 30]",1.0277211666107178
264,ImmediateOnlyPI,8,4,11,"[29, 13, 53, 5]",1.0856744050979614
264,ImmediateOnlyPI,9,4,7,"[61, 37, 14, 54]",1.0371135473251343
264,ImmediateOnlyPI,10,4,3,"[38, 13, 54, 29]",1.005664348602295
264,ImmediateOnlyPI,11,2,1,"[13, 29]",0.9932706952095032
264,ImmediateOnlyPI,12,1,0,[22],0.9502066969871521
264,ImmediateOnlyPI,13,0,0,[],0.980120837688446
264,ImmediateOnlyPI,14,0,0,[],1.0367928743362427
264,ImmediateOnlyPI,15,0,0,[],0.9848830103874207
264,ImmediateOnlyPI,16,0,0,[],1.0047001838684082
265,ImmediateOnlyPI,0,2,30,"[14, 30]",0.06768888235092163
265,ImmediateOnlyPI,1,2,28,"[13, 29]",0.08742135018110275
265,ImmediateOnlyPI,2,2,26,"[13, 29]",0.12377040088176727
265,ImmediateOnlyPI,3,2,24,"[13, 29]",0.23892493546009064
265,ImmediateOnlyPI,4,2,22,"[53, 13]",0.5211644172668457
265,ImmediateOnlyPI,5,2,20,"[13, 29]",0.7975755333900452
265,ImmediateOnlyPI,6,1,19,[54],0.9466466307640076
265,ImmediateOnlyPI,7,4,15,"[13, 37, 53, 30]",1.0086537599563599
265,ImmediateOnlyPI,8,4,11,"[13, 37, 61, 22]",1.0412043333053589
265,ImmediateOnlyPI,9,4,7,"[61, 38, 14, 45]",1.018787145614624
265,ImmediateOnlyPI,10,4,3,"[38, 5, 54, 37]",0.9955165386199951
265,ImmediateOnlyPI,11,2,1,"[22, 45]",0.9776285290718079
265,ImmediateOnlyPI,12,1,0,[38],1.0142570734024048
265,ImmediateOnlyPI,13,0,0,[],1.129747986793518
265,ImmediateOnlyPI,14,0,0,[],1.1698150634765625
265,ImmediateOnlyPI,15,0,0,[],1.1708683967590332
265,ImmediateOnlyPI,16,0,0,[],1.1307250261306763
266,ImmediateOnlyPI,0,2,30,"[14, 30]",0.0665922462940216
266,ImmediateOnlyPI,1,2,28,"[13, 29]",0.08393099904060364
266,ImmediateOnlyPI,2,2,26,"[13, 29]",0.10465917736291885
266,ImmediateOnlyPI,3,2,24,"[13, 29]",0.14909955859184265
266,ImmediateOnlyPI,4,2,22,"[53, 13]",0.274381160736084
266,ImmediateOnlyPI,5,2,20,"[13, 45]",0.5557737350463867
266,ImmediateOnlyPI,6,1,19,[6],0.8564471006393433
266,ImmediateOnlyPI,7,4,15,"[53, 13, 37, 22]",1.0212217569351196
266,ImmediateOnlyPI,8,4,11,"[29, 13, 53, 5]",1.0874266624450684
266,ImmediateOnlyPI,9,4,7,"[61, 14, 45, 54]",1.0264836549758911
266,ImmediateOnlyPI,10,4,3,"[38, 13, 53, 29]",0.9768525958061218
266,ImmediateOnlyPI,11,2,1,"[62, 13]",0.9564844965934753
266,ImmediateOnlyPI,12,1,0,[37],0.9278163313865662
266,ImmediateOnlyPI,13,0,0,[],0.9852821826934814
266,ImmediateOnlyPI,14,0,0,[],1.0783697366714478
266,ImmediateOnlyPI,15,0,0,[],1.0908561944961548
266,ImmediateOnlyPI,16,0,0,[],1.0987085103988647
267,ImmediateOnlyPI,0,2,30,"[14, 30]",0.06656178086996078
267,ImmediateOnlyPI,1,2,28,"[13, 29]",0.08388534933328629
267,ImmediateOnlyPI,2,2,26,"[13, 29]",0.10443956404924393
267,ImmediateOnlyPI,3,2,24,"[13, 29]",0.1476045697927475
267,ImmediateOnlyPI,4,2,22,"[53, 13]",0.26700785756111145
267,ImmediateOnlyPI,5,2,20,"[13, 29]",0.5455470681190491
267,ImmediateOnlyPI,6,4,16,"[53, 5, 54, 21]",0.8027498126029968
267,ImmediateOnlyPI,7,4,12,"[53, 37, 13, 22]",0.9815049767494202
267,ImmediateOnlyPI,8,4,8,"[13, 37, 61, 53]",1.0161831378936768
267,ImmediateOnlyPI,9,4,4,"[37, 14, 53, 54]",0.9616514444351196
267,ImmediateOnlyPI,10,4,0,"[38, 5, 54, 14]",0.9520454406738281
267,ImmediateOnlyPI,11,0,0,[],0.9845716953277588
267,ImmediateOnlyPI,12,0,0,[],0.9583689570426941
267,ImmediateOnlyPI,13,0,0,[],0.9511190056800842
267,ImmediateOnlyPI,14,0,0,[],0.9740424156188965
267,ImmediateOnlyPI,15,0,0,[],0.9845497012138367
267,ImmediateOnlyPI,16,0,0,[],1.0689480304718018
268,ImmediateOnlyPI,0,2,30,"[14, 30]",0.06706231832504272
268,ImmediateOnlyPI,1,2,28,"[13, 29]",0.0853390246629715
268,ImmediateOnlyPI,2,2,26,"[13, 29]",0.113177590072155
268,ImmediateOnlyPI,3,2,24,"[13, 29]",0.19391565024852753
268,ImmediateOnlyPI,4,2,22,"[53, 13]",0.42441093921661377
268,ImmediateOnlyPI,5,2,20,"[13, 29]",0.7335250973701477
268,ImmediateOnlyPI,6,4,16,"[53, 5, 54, 21]",0.9107601046562195
268,ImmediateOnlyPI,7,4,12,"[53, 37, 13, 22]",1.0153899192810059
268,ImmediateOnlyPI,8,4,8,"[13, 37, 61, 14]",1.037454605102539
268,ImmediateOnlyPI,9,4,4,"[61, 37, 21, 54]",0.9970476031303406
268,ImmediateOnlyPI,10,4,0,"[53, 38, 5, 22]",1.0119189023971558
268,ImmediateOnlyPI,11,0,0,[],1.065643548965454
268,ImmediateOnlyPI,12,0,0,[],1.1063499450683594
268,ImmediateOnlyPI,13,0,0,[],1.137791633605957
268,ImmediateOnlyPI,14,0,0,[],1.1283780336380005
268,ImmediateOnlyPI,15,0,0,[],1.12056303024292
268,ImmediateOnlyPI,16,0,0,[],1.1182472705841064
269,ImmediateOnlyPI,0,2,30,"[14, 30]",0.06662137061357498
269,ImmediateOnlyPI,1,2,28,"[13, 29]",0.08432042598724365
269,ImmediateOnlyPI,2,2,26,"[13, 29]",0.10722026973962784
269,ImmediateOnlyPI,3,2,24,"[13, 29]",0.16176746785640717
269,ImmediateOnlyPI,4,2,22,"[53, 13]",0.31915244460105896
269,ImmediateOnlyPI,5,2,20,"[13, 29]",0.623071551322937
269,ImmediateOnlyPI,6,4,16,"[53, 5, 54, 21]",0.8412677049636841
269,ImmediateOnlyPI,7,4,12,"[53, 37, 5, 21]",0.9760901927947998
269,ImmediateOnlyPI,8,4,8,"[53, 21, 37, 5]",0.9974861145019531
269,ImmediateOnlyPI,9,4,4,"[61, 37, 54, 14]",0.980157732963562
269,ImmediateOnlyPI,10,4,0,"[38, 13, 54, 29]",0.9561352729797363
269,ImmediateOnlyPI,11,0,0,[],0.9336843490600586
269,ImmediateOnlyPI,12,0,0,[],0.9119676351547241
269,ImmediateOnlyPI,13,0,0,[],0.8677452206611633
269,ImmediateOnlyPI,14,0,0,[],0.8530044555664062
269,ImmediateOnlyPI,15,0,0,[],0.8152212500572205
269,ImmediateOnlyPI,16,0,0,[],0.8419195413589478
270,ImmediateOnlyPI,0,2,30,"[14, 30]",0.06730501353740692
270,ImmediateOnlyPI,1,2,28,"[13, 29]",0.0862327516078949
270,ImmediateOnlyPI,2,2,26,"[13, 29]",0.11809924989938736
270,ImmediateOnlyPI,3,2,24,"[13, 29]",0.2160453498363495
270,ImmediateOnlyPI,4,2,22,"[53, 13]",0.47618168592453003
270,ImmediateOnlyPI,5,2,20,"[13, 29]",0.7701483964920044
270,ImmediateOnlyPI,6,4,16,"[53, 5, 54, 21]",0.9282470941543579
270,ImmediateOnlyPI,7,4,12,"[53, 13, 37, 22]",1.0144191980361938
270,ImmediateOnlyPI,8,4,8,"[13, 37, 61, 14]",1.0309580564498901
270,ImmediateOnlyPI,9,4,4,"[61, 37, 21, 54]",1.0064396858215332
270,ImmediateOnlyPI,10,4,0,"[53, 5, 38, 22]",1.0136771202087402
270,ImmediateOnlyPI,11,0,0,[],1.0415555238723755
270,ImmediateOnlyPI,12,0,0,[],1.067716121673584
270,ImmediateOnlyPI,13,0,0,[],1.1424695253372192
270,ImmediateOnlyPI,14,0,0,[],1.153380274772644
270,ImmediateOnlyPI,15,0,0,[],1.173283576965332
270,ImmediateOnlyPI,16,0,0,[],1.1326324939727783
271,ImmediateOnlyPI,0,2,30,"[14, 30]",0.06653597950935364
271,ImmediateOnlyPI,1,2,28,"[13, 29]",0.08379030227661133
271,ImmediateOnlyPI,2,2,26,"[13, 29]",0.10388955473899841
271,ImmediateOnlyPI,3,2,24,"[13, 29]",0.14472085237503052
271,ImmediateOnlyPI,4,2,22,"[53, 13]",0.25206515192985535
271,ImmediateOnlyPI,5,2,20,"[13, 29]",0.518645167350769
271,ImmediateOnlyPI,6,4,16,"[53, 5, 54, 21]",0.780551552772522
271,ImmediateOnlyPI,7,4,12,"[53, 37, 13, 22]",0.9635146856307983
271,ImmediateOnlyPI,8,4,8,"[29, 13, 53, 38]",1.0240002870559692
271,ImmediateOnlyPI,9,4,4,"[61, 14, 37, 54]",1.000482439994812
271,ImmediateOnlyPI,10,4,0,"[38, 5, 53, 14]",0.9839033484458923
271,ImmediateOnlyPI,11,0,0,[],1.0403475761413574
271,ImmediateOnlyPI,12,0,0,[],1.0206735134124756
271,ImmediateOnlyPI,13,0,0,[],0.9546892642974854
271,ImmediateOnlyPI,14,0,0,[],0.9138128161430359
271,ImmediateOnlyPI,15,0,0,[],0.9219838380813599
271,ImmediateOnlyPI,16,0,0,[],1.000474452972412
272,ImmediateOnlyPI,0,2,30,"[14, 30]",0.06732025742530823
272,ImmediateOnlyPI,1,2,28,"[13, 29]",0.08786055445671082
272,ImmediateOnlyPI,2,2,26,"[13, 29]",0.12780559062957764
272,ImmediateOnlyPI,3,2,24,"[13, 29]",0.25250405073165894
272,ImmediateOnlyPI,4,2,22,"[53, 13]",0.538125216960907
272,ImmediateOnlyPI,5,2,20,"[13, 29]",0.7952038049697876
272,ImmediateOnlyPI,6,1,19,[54],0.9251745343208313
272,ImmediateOnlyPI,7,4,15,"[13, 37, 61, 30]",1.0065054893493652
272,ImmediateOnlyPI,8,4,11,"[13, 53, 29, 14]",1.0796940326690674
272,ImmediateOnlyPI,9,4,7,"[61, 45, 21, 5]",1.0595982074737549
272,ImmediateOnlyPI,10,4,3,"[38, 5, 53, 14]",0.9823319911956787
272,ImmediateOnlyPI,11,2,1,"[38, 5]",0.9964074492454529
272,ImmediateOnlyPI,12,1,0,[22],1.0013258457183838
272,ImmediateOnlyPI,13,0,0,[],1.0396394729614258
272,ImmediateOnlyPI,14,0,0,[],1.082641839981079
272,ImmediateOnlyPI,15,0,0,[],1.1439749002456665
272,ImmediateOnlyPI,16,0,0,[],1.1175566911697388
273,ImmediateOnlyPI,0,2,30,"[14, 30]",0.06668414175510406
273,ImmediateOnlyPI,1,2,28,"[13, 29]",0.08398738503456116
273,ImmediateOnlyPI,2,2,26,"[13, 29]",0.10465901345014572
273,ImmediateOnlyPI,3,2,24,"[13, 29]",0.15079717338085175
273,ImmediateOnlyPI,4,2,22,"[53, 13]",0.28320175409317017
273,ImmediateOnlyPI,5,2,20,"[13, 45]",0.5860940217971802
273,ImmediateOnlyPI,6,1,19,[6],0.8854050040245056
273,ImmediateOnlyPI,7,4,15,"[53, 13, 37, 30]",1.0272763967514038
273,ImmediateOnlyPI,8,4,11,"[29, 5, 53, 14]",1.0568478107452393
273,ImmediateOnlyPI,9,4,7,"[61, 13, 37, 54]",1.0299228429794312
273,ImmediateOnlyPI,10,4,3,"[38, 14, 54, 29]",1.004531979560852
273,ImmediateOnlyPI,11,2,1,"[13, 29]",1.0013792514801025
273,ImmediateOnlyPI,12,1,0,[37],0.9955368638038635
273,ImmediateOnlyPI,13,0,0,[],0.9925231337547302
273,ImmediateOnlyPI,14,0,0,[],1.0300624370574951
273,ImmediateOnlyPI,15,0,0,[],1.080355167388916
273,ImmediateOnlyPI,16,0,0,[],1.051682949066162
274,ImmediateOnlyPI,0,2,30,"[14, 30]",0.06650341302156448
274,ImmediateOnlyPI,1,2,28,"[13, 29]",0.08357682079076767
274,ImmediateOnlyPI,2,2,26,"[13, 29]",0.10258108377456665
274,ImmediateOnlyPI,3,2,24,"[13, 29]",0.1380310207605362
274,ImmediateOnlyPI,4,2,22,"[53, 13]",0.21746233105659485
274,ImmediateOnlyPI,5,2,20,"[13, 45]",0.4214782416820526
274,ImmediateOnlyPI,6,1,19,[6],0.7524374127388
274,ImmediateOnlyPI,7,4,15,"[53, 13, 37, 30]",0.944239616394043
274,ImmediateOnlyPI,8,4,11,"[29, 5, 53, 38]",1.029915690422058
274,ImmediateOnlyPI,9,4,7,"[21, 61, 14, 54]",0.9942353367805481
274,ImmediateOnlyPI,10,4,3,"[38, 13, 53, 54]",0.9367913603782654
274,ImmediateOnlyPI,11,2,1,"[45, 22]",0.9672924876213074
274,ImmediateOnlyPI,12,1,0,[37],0.9527704119682312
274,ImmediateOnlyPI,13,0,0,[],0.9691101908683777
274,ImmediateOnlyPI,14,0,0,[],1.0387321710586548
274,ImmediateOnlyPI,15,0,0,[],1.0989470481872559
274,ImmediateOnlyPI,16,0,0,[],1.0808466672897339
275,ImmediateOnlyPI,0,2,30,"[14, 30]",0.06651676446199417
275,ImmediateOnlyPI,1,2,28,"[13, 29]",0.08378563076257706
275,ImmediateOnlyPI,2,2,26,"[13, 29]",0.10391378402709961
275,ImmediateOnlyPI,3,2,24,"[13, 29]",0.14457844197750092
275,ImmediateOnlyPI,4,2,22,"[53, 13]",0.24511133134365082
275,ImmediateOnlyPI,5,2,20,"[13, 45]",0.4856427311897278
275,ImmediateOnlyPI,6,1,19,[21],0.7724200487136841
275,ImmediateOnlyPI,7,4,15,"[13, 53, 37, 6]",0.9148837924003601
275,ImmediateOnlyPI,8,4,11,"[29, 5, 53, 14]",1.013944149017334
275,ImmediateOnlyPI,9,4,7,"[61, 13, 45, 54]",1.0104519128799438
275,ImmediateOnlyPI,10,4,3,"[38, 14, 54, 29]",0.9140950441360474
275,ImmediateOnlyPI,11,2,1,"[14, 45]",0.9154168367385864
275,ImmediateOnlyPI,12,1,0,[13],0.9323306679725647
275,ImmediateOnlyPI,13,0,0,[],0.9958760142326355
275,ImmediateOnlyPI,14,0,0,[],1.0994956493377686
275,ImmediateOnlyPI,15,0,0,[],1.1875616312026978
275,ImmediateOnlyPI,16,0,0,[],1.2078526020050049
276,ImmediateOnlyPI,0,2,30,"[14, 30]",0.06801533699035645
276,ImmediateOnlyPI,1,2,28,"[13, 29]",0.08991074562072754
276,ImmediateOnlyPI,2,2,26,"[13, 29]",0.137292742729187
276,ImmediateOnlyPI,3,2,24,"[13, 29]",0.287124365568161
276,ImmediateOnlyPI,4,2,22,"[53, 13]",0.5937826633453369
276,ImmediateOnlyPI,5,2,20,"[13, 29]",0.8323799967765808
276,ImmediateOnlyPI,6,1,19,[54],0.9581562280654907
276,ImmediateOnlyPI,7,4,15,"[13, 37, 22, 6]",1.020779013633728
276,ImmediateOnlyPI,8,4,11,"[61, 29, 13, 38]",1.053810954093933
276,ImmediateOnlyPI,9,4,7,"[61, 14, 45, 30]",1.0394947528839111
276,ImmediateOnlyPI,10,4,3,"[5, 38, 45, 61]",1.0034898519515991
276,ImmediateOnlyPI,11,2,1,"[22, 38]",0.978787362575531
276,ImmediateOnlyPI,12,1,0,[21],1.0441803932189941
276,ImmediateOnlyPI,13,0,0,[],1.1455434560775757
276,ImmediateOnlyPI,14,0,0,[],1.1884009838104248
276,ImmediateOnlyPI,15,0,0,[],1.1763352155685425
276,ImmediateOnlyPI,16,0,0,[],1.1247069835662842
277,ImmediateOnlyPI,0,2,30,"[14, 30]",0.06670910865068436
277,ImmediateOnlyPI,1,2,28,"[13, 29]",0.08464475721120834
277,ImmediateOnlyPI,2,2,26,"[13, 29]",0.10925379395484924
277,ImmediateOnlyPI,3,2,24,"[13, 29]",0.17265930771827698
277,ImmediateOnlyPI,4,2,22,"[53, 13]",0.3606318235397339
277,ImmediateOnlyPI,5,2,20,"[13, 29]",0.6685133576393127
277,ImmediateOnlyPI,6,4,16,"[53, 5, 54, 21]",0.87027907371521
277,ImmediateOnlyPI,7,4,12,"[53, 37, 13, 22]",1.0086798667907715
277,ImmediateOnlyPI,8,4,8,"[13, 37, 61, 14]",1.0577807426452637
277,ImmediateOnlyPI,9,4,4,"[61, 14, 37, 54]",0.981280505657196
277,ImmediateOnlyPI,10,4,0,"[38, 53, 5, 29]",1.013639211654663
277,ImmediateOnlyPI,11,0,0,[],1.0283392667770386
277,ImmediateOnlyPI,12,0,0,[],1.048319935798645
277,ImmediateOnlyPI,13,0,0,[],1.070194959640503
277,ImmediateOnlyPI,14,0,0,[],1.0458396673202515
277,ImmediateOnlyPI,15,0,0,[],1.0102901458740234
277,ImmediateOnlyPI,16,0,0,[],0.989142656326294
278,ImmediateOnlyPI,0,2,30,"[14, 30]",0.06778636574745178
278,ImmediateOnlyPI,1,2,28,"[13, 29]",0.08770832419395447
278,ImmediateOnlyPI,2,2,26,"[13, 29]",0.1249636709690094
278,ImmediateOnlyPI,3,2,24,"[13, 29]",0.2434646636247635
278,ImmediateOnlyPI,4,2,22,"[53, 13]",0.5293893814086914
278,ImmediateOnlyPI,5,2,20,"[13, 29]",0.8032714128494263
278,ImmediateOnlyPI,6,1,19,[54],0.9508295655250549
278,ImmediateOnlyPI,7,4,15,"[13, 37, 53, 30]",1.0107876062393188
278,ImmediateOnlyPI,8,4,11,"[13, 37, 61, 22]",1.0415412187576294
278,ImmediateOnlyPI,9,4,7,"[61, 38, 14, 45]",1.021091103553772
278,ImmediateOnlyPI,10,4,3,"[38, 5, 54, 37]",0.9980313777923584
278,ImmediateOnlyPI,11,2,1,"[22, 45]",0.9798038601875305
278,ImmediateOnlyPI,12,1,0,[38],1.0183627605438232
278,ImmediateOnlyPI,13,0,0,[],1.1247049570083618
278,ImmediateOnlyPI,14,0,0,[],1.160878300666809
278,ImmediateOnlyPI,15,0,0,[],1.159922480583191
278,ImmediateOnlyPI,16,0,0,[],1.1179652214050293
279,ImmediateOnlyPI,0,2,30,"[14, 30]",0.06646955758333206
279,ImmediateOnlyPI,1,2,28,"[13, 29]",0.08339916169643402
279,ImmediateOnlyPI,2,2,26,"[13, 29]",0.10146760195493698
279,ImmediateOnlyPI,3,2,24,"[13, 29]",0.13305222988128662
279,ImmediateOnlyPI,4,2,22,"[53, 13]",0.18975131213665009
279,ImmediateOnlyPI,5,2,20,"[13, 45]",0.339158296585083
279,ImmediateOnlyPI,6,1,19,[6],0.6887691020965576
279,ImmediateOnlyPI,7,4,15,"[53, 13, 37, 30]",0.9356969594955444
279,ImmediateOnlyPI,8,4,11,"[29, 5, 53, 38]",0.9937297105789185
279,ImmediateOnlyPI,9,4,7,"[21, 61, 14, 54]",0.9791468977928162
279,ImmediateOnlyPI,10,4,3,"[38, 13, 53, 62]",0.9439695477485657
279,ImmediateOnlyPI,11,2,1,"[45, 29]",0.9958066940307617
279,ImmediateOnlyPI,12,1,0,[22],1.0031802654266357
279,ImmediateOnlyPI,13,0,0,[],1.0091512203216553
279,ImmediateOnlyPI,14,0,0,[],1.0189709663391113
279,ImmediateOnlyPI,15,0,0,[],1.0396231412887573
279,ImmediateOnlyPI,16,0,0,[],1.0370701551437378
280,ImmediateOnlyPI,0,2,30,"[14, 30]",0.06676512956619263
280,ImmediateOnlyPI,1,2,28,"[13, 29]",0.0845484584569931
280,ImmediateOnlyPI,2,2,26,"[13, 29]",0.10863050818443298
280,ImmediateOnlyPI,3,2,24,"[13, 29]",0.1704651415348053
280,ImmediateOnlyPI,4,2,22,"[53, 13]",0.3555856943130493
280,ImmediateOnlyPI,5,2,20,"[13, 45]",0.6719405651092529
280,ImmediateOnlyPI,6,1,19,[6],0.912444531917572
280,ImmediateOnlyPI,7,4,15,"[13, 53, 37, 30]",1.0356357097625732
280,ImmediateOnlyPI,8,4,11,"[29, 13, 53, 38]",1.0789759159088135
280,ImmediateOnlyPI,9,4,7,"[14, 61, 54, 37]",1.0417898893356323
280,ImmediateOnlyPI,10,4,3,"[38, 14, 53, 21]",1.0345239639282227
280,ImmediateOnlyPI,11,2,1,"[38, 13]",1.0194634199142456
280,ImmediateOnlyPI,12,1,0,[37],0.9613716006278992
280,ImmediateOnlyPI,13,0,0,[],1.0265045166015625
280,ImmediateOnlyPI,14,0,0,[],1.0841038227081299
280,ImmediateOnlyPI,15,0,0,[],1.0759422779083252
280,ImmediateOnlyPI,16,0,0,[],1.0237802267074585
281,ImmediateOnlyPI,0,2,30,"[14, 30]",0.067018523812294
281,ImmediateOnlyPI,1,2,28,"[13, 29]",0.08644035458564758
281,ImmediateOnlyPI,2,2,26,"[13, 29]",0.11999011784791946
281,ImmediateOnlyPI,3,2,24,"[13, 29]",0.22136661410331726
281,ImmediateOnlyPI,4,2,22,"[53, 13]",0.48048943281173706
281,ImmediateOnlyPI,5,2,20,"[13, 29]",0.760781466960907
281,ImmediateOnlyPI,6,2,18,"[54, 5]",0.9210860729217529
281,ImmediateOnlyPI,7,4,14,"[13, 37, 53, 30]",1.023980975151062
281,ImmediateOnlyPI,8,4,10,"[13, 29, 53, 38]",1.0722647905349731
281,ImmediateOnlyPI,9,4,6,"[14, 61, 37, 54]",1.0632413625717163
281,ImmediateOnlyPI,10,4,2,"[38, 14, 53, 5]",1.0422645807266235
281,ImmediateOnlyPI,11,2,0,"[46, 29]",1.0411657094955444
281,ImmediateOnlyPI,12,0,0,[],1.043131709098816
281,ImmediateOnlyPI,13,0,0,[],1.0823965072631836
281,ImmediateOnlyPI,14,0,0,[],1.1328085660934448
281,ImmediateOnlyPI,15,0,0,[],1.1988682746887207
281,ImmediateOnlyPI,16,0,0,[],1.1974819898605347
282,ImmediateOnlyPI,0,2,30,"[14, 30]",0.06645401567220688
282,ImmediateOnlyPI,1,2,28,"[13, 29]",0.08334168046712875
282,ImmediateOnlyPI,2,2,26,"[13, 29]",0.10117124766111374
282,ImmediateOnlyPI,3,2,24,"[13, 29]",0.13174478709697723
282,ImmediateOnlyPI,4,2,22,"[53, 13]",0.18067118525505066
282,ImmediateOnlyPI,5,2,20,"[13, 45]",0.30168581008911133
282,ImmediateOnlyPI,6,1,19,[5],0.6251682043075562
282,ImmediateOnlyPI,7,4,15,"[53, 37, 5, 21]",0.8818733096122742
282,ImmediateOnlyPI,8,4,11,"[37, 5, 21, 53]",0.9751826524734497
282,ImmediateOnlyPI,9,4,7,"[61, 13, 54, 37]",0.9664160013198853
282,ImmediateOnlyPI,10,4,3,"[38, 14, 54, 21]",0.9536830186843872
282,ImmediateOnlyPI,11,2,1,"[37, 62]",0.9771784543991089
282,ImmediateOnlyPI,12,1,0,[22],0.9753748774528503
282,ImmediateOnlyPI,13,0,0,[],0.9790835380554199
282,ImmediateOnlyPI,14,0,0,[],1.0832514762878418
282,ImmediateOnlyPI,15,0,0,[],1.1274796724319458
282,ImmediateOnlyPI,16,0,0,[],1.0694090127944946
283,ImmediateOnlyPI,0,2,30,"[14, 30]",0.0679505243897438
283,ImmediateOnlyPI,1,2,28,"[13, 29]",0.08954502642154694
283,ImmediateOnlyPI,2,2,26,"[13, 29]",0.13552823662757874
283,ImmediateOnlyPI,3,2,24,"[13, 29]",0.28132662177085876
283,ImmediateOnlyPI,4,2,22,"[53, 13]",0.5865634679794312
283,ImmediateOnlyPI,5,2,20,"[13, 29]",0.8304259777069092
283,ImmediateOnlyPI,6,1,19,[54],0.960730254650116
283,ImmediateOnlyPI,7,4,15,"[13, 37, 22, 53]",1.025370717048645
283,ImmediateOnlyPI,8,4,11,"[13, 29, 14, 61]",1.0811729431152344
283,ImmediateOnlyPI,9,4,7,"[61, 45, 14, 38]",1.044486403465271
283,ImmediateOnlyPI,10,4,3,"[5, 61, 38, 45]",0.9923853278160095
283,ImmediateOnlyPI,11,2,1,"[38, 22]",0.9619642496109009
283,ImmediateOnlyPI,12,1,0,[13],0.9410215616226196
283,ImmediateOnlyPI,13,0,0,[],0.9807501435279846
283,ImmediateOnlyPI,14,0,0,[],1.0666897296905518
283,ImmediateOnlyPI,15,0,0,[],1.1346542835235596
283,ImmediateOnlyPI,16,0,0,[],1.1412036418914795
284,ImmediateOnlyPI,0,2,30,"[14, 30]",0.06833665072917938
284,ImmediateOnlyPI,1,2,28,"[13, 29]",0.08956417441368103
284,ImmediateOnlyPI,2,2,26,"[13, 29]",0.13319139182567596
284,ImmediateOnlyPI,3,2,24,"[13, 29]",0.2725221812725067
284,ImmediateOnlyPI,4,2,22,"[53, 13]",0.5752923488616943
284,ImmediateOnlyPI,5,2,20,"[13, 37]",0.8349753618240356
284,ImmediateOnlyPI,6,1,19,[54],0.9706065058708191
284,ImmediateOnlyPI,7,4,15,"[13, 37, 22, 6]",1.028523564338684
284,ImmediateOnlyPI,8,4,11,"[61, 29, 13, 46]",1.0724773406982422
284,ImmediateOnlyPI,9,4,7,"[61, 14, 37, 46]",1.047644019126892
284,ImmediateOnlyPI,10,4,3,"[38, 61, 14, 5]",1.0139721632003784
284,ImmediateOnlyPI,11,2,1,"[29, 46]",0.955055832862854
284,ImmediateOnlyPI,12,1,0,[46],0.9493066668510437
284,ImmediateOnlyPI,13,0,0,[],0.9567784070968628
284,ImmediateOnlyPI,14,0,0,[],0.9387012124061584
284,ImmediateOnlyPI,15,0,0,[],0.9924838542938232
284,ImmediateOnlyPI,16,0,0,[],0.9911731481552124
285,ImmediateOnlyPI,0,2,30,"[14, 30]",0.06698264181613922
285,ImmediateOnlyPI,1,2,28,"[13, 29]",0.08628316968679428
285,ImmediateOnlyPI,2,2,26,"[13, 29]",0.11904637515544891
285,ImmediateOnlyPI,3,2,24,"[13, 29]",0.21696555614471436
285,ImmediateOnlyPI,4,2,22,"[53, 13]",0.4704842269420624
285,ImmediateOnlyPI,5,2,20,"[13, 29]",0.7546914219856262
285,ImmediateOnlyPI,6,4,16,"[53, 5, 54, 21]",0.9058616161346436
285,ImmediateOnlyPI,7,4,12,"[13, 37, 53, 6]",0.9875069260597229
285,ImmediateOnlyPI,8,4,8,"[29, 13, 53, 38]",1.046366572380066
285,ImmediateOnlyPI,9,4,4,"[61, 14, 37, 54]",1.0490280389785767
285,ImmediateOnlyPI,10,4,0,"[38, 14, 54, 5]",1.0390084981918335
285,ImmediateOnlyPI,11,0,0,[],1.054597020149231
285,ImmediateOnlyPI,12,0,0,[],1.0352965593338013
285,ImmediateOnlyPI,13,0,0,[],1.0568832159042358
285,ImmediateOnlyPI,14,0,0,[],1.1061869859695435
285,ImmediateOnlyPI,15,0,0,[],1.110491156578064
285,ImmediateOnlyPI,16,0,0,[],1.0840122699737549
286,ImmediateOnlyPI,0,2,30,"[14, 30]",0.06750065088272095
286,ImmediateOnlyPI,1,2,28,"[13, 29]",0.08808218687772751
286,ImmediateOnlyPI,2,2,26,"[13, 29]",0.12896719574928284
286,ImmediateOnlyPI,3,2,24,"[13, 29]",0.25804731249809265
286,ImmediateOnlyPI,4,2,22,"[53, 13]",0.5507156848907471
286,ImmediateOnlyPI,5,2,20,"[13, 29]",0.8079898953437805
286,ImmediateOnlyPI,6,1,19,[54],0.9438908696174622
286,ImmediateOnlyPI,7,4,15,"[13, 37, 53, 30]",1.0102003812789917
286,ImmediateOnlyPI,8,4,11,"[13, 37, 61, 22]",1.0507346391677856
286,ImmediateOnlyPI,9,4,7,"[61, 14, 38, 45]",1.0371686220169067
286,ImmediateOnlyPI,10,4,3,"[38, 5, 61, 45]",0.9962800741195679
286,ImmediateOnlyPI,11,2,1,"[22, 45]",0.9919268488883972
286,ImmediateOnlyPI,12,1,0,[62],1.05501389503479
286,ImmediateOnlyPI,13,0,0,[],1.1655417680740356
286,ImmediateOnlyPI,14,0,0,[],1.2004228830337524
286,ImmediateOnlyPI,15,0,0,[],1.2234077453613281
286,ImmediateOnlyPI,16,0,0,[],1.203893780708313
287,ImmediateOnlyPI,0,2,30,"[14, 30]",0.06692176312208176
287,ImmediateOnlyPI,1,2,28,"[13, 29]",0.0853826105594635
287,ImmediateOnlyPI,2,2,26,"[13, 29]",0.1138831377029419
287,ImmediateOnlyPI,3,2,24,"[13, 29]",0.19613078236579895
287,ImmediateOnlyPI,4,2,22,"[53, 13]",0.4283948540687561
287,ImmediateOnlyPI,5,2,20,"[13, 29]",0.7317334413528442
287,ImmediateOnlyPI,6,4,16,"[53, 5, 54, 21]",0.9071076512336731
287,ImmediateOnlyPI,7,4,12,"[53, 13, 37, 22]",1.016134262084961
287,ImmediateOnlyPI,8,4,8,"[13, 37, 61, 14]",1.0493593215942383
287,ImmediateOnlyPI,9,4,4,"[61, 37, 14, 54]",0.9993616342544556
287,ImmediateOnlyPI,10,4,0,"[38, 5, 53, 29]",1.0089699029922485
287,ImmediateOnlyPI,11,0,0,[],1.042366862297058
287,ImmediateOnlyPI,12,0,0,[],1.07274329662323
287,ImmediateOnlyPI,13,0,0,[],1.1296061277389526
287,ImmediateOnlyPI,14,0,0,[],1.1334717273712158
287,ImmediateOnlyPI,15,0,0,[],1.1591196060180664
287,ImmediateOnlyPI,16,0,0,[],1.1729648113250732
288,ImmediateOnlyPI,0,2,30,"[14, 30]",0.06699632108211517
288,ImmediateOnlyPI,1,2,28,"[13, 29]",0.08599913120269775
288,ImmediateOnlyPI,2,2,26,"[13, 29]",0.11767076700925827
288,ImmediateOnlyPI,3,2,24,"[13, 29]",0.2127370983362198
288,ImmediateOnlyPI,4,2,22,"[53, 13]",0.46587541699409485
288,ImmediateOnlyPI,5,2,20,"[13, 29]",0.7554726600646973
288,ImmediateOnlyPI,6,4,16,"[53, 5, 21, 54]",0.9152357578277588
288,ImmediateOnlyPI,7,4,12,"[13, 37, 53, 22]",1.0121283531188965
288,ImmediateOnlyPI,8,4,8,"[13, 29, 61, 14]",1.0829473733901978
288,ImmediateOnlyPI,9,4,4,"[61, 45, 14, 54]",1.0421360731124878
288,ImmediateOnlyPI,10,4,0,"[38, 5, 53, 29]",1.0126241445541382
288,ImmediateOnlyPI,11,0,0,[],1.0125515460968018
288,ImmediateOnlyPI,12,0,0,[],1.0300848484039307
288,ImmediateOnlyPI,13,0,0,[],1.0546778440475464
288,ImmediateOnlyPI,14,0,0,[],1.012656331062317
288,ImmediateOnlyPI,15,0,0,[],1.0183473825454712
288,ImmediateOnlyPI,16,0,0,[],0.9889971017837524
289,ImmediateOnlyPI,0,2,30,"[14, 30]",0.06740698218345642
289,ImmediateOnlyPI,1,2,28,"[13, 29]",0.08655187487602234
289,ImmediateOnlyPI,2,2,26,"[13, 29]",0.11970218271017075
289,ImmediateOnlyPI,3,2,24,"[13, 29]",0.22277022898197174
289,ImmediateOnlyPI,4,2,22,"[53, 13]",0.4902198016643524
289,ImmediateOnlyPI,5,2,20,"[13, 29]",0.7791948914527893
289,ImmediateOnlyPI,6,4,16,"[53, 5, 54, 21]",0.9325552582740784
289,ImmediateOnlyPI,7,4,12,"[13, 53, 37, 22]",1.015397310256958
289,ImmediateOnlyPI,8,4,8,"[13, 37, 61, 14]",1.0304627418518066
289,ImmediateOnlyPI,9,4,4,"[61, 37, 21, 54]",1.0111346244812012
289,ImmediateOnlyPI,10,4,0,"[53, 5, 38, 22]",1.0145022869110107
289,ImmediateOnlyPI,11,0,0,[],1.0341750383377075
289,ImmediateOnlyPI,12,0,0,[],1.054801344871521
289,ImmediateOnlyPI,13,0,0,[],1.1364891529083252
289,ImmediateOnlyPI,14,0,0,[],1.1557530164718628
289,ImmediateOnlyPI,15,0,0,[],1.1806663274765015
289,ImmediateOnlyPI,16,0,0,[],1.1298679113388062
290,ImmediateOnlyPI,0,2,30,"[14, 30]",0.0666210949420929
290,ImmediateOnlyPI,1,2,28,"[13, 29]",0.08420803397893906
290,ImmediateOnlyPI,2,2,26,"[13, 29]",0.10647940635681152
290,ImmediateOnlyPI,3,2,24,"[13, 29]",0.1582372635602951
290,ImmediateOnlyPI,4,2,22,"[53, 13]",0.3092103600502014
290,ImmediateOnlyPI,5,2,20,"[13, 29]",0.608413815498352
290,ImmediateOnlyPI,6,4,16,"[53, 5, 54, 21]",0.8364686369895935
290,ImmediateOnlyPI,7,4,12,"[53, 37, 13, 22]",0.9956774711608887
290,ImmediateOnlyPI,8,4,8,"[13, 37, 53, 14]",1.0213370323181152
290,ImmediateOnlyPI,9,4,4,"[37, 53, 14, 54]",0.9741647839546204
290,ImmediateOnlyPI,10,4,0,"[5, 38, 14, 54]",0.9865009188652039
290,ImmediateOnlyPI,11,0,0,[],0.990005373954773
290,ImmediateOnlyPI,12,0,0,[],0.942710280418396
290,ImmediateOnlyPI,13,0,0,[],0.931597888469696
290,ImmediateOnlyPI,14,0,0,[],0.9840294122695923
290,ImmediateOnlyPI,15,0,0,[],0.978034257888794
290,ImmediateOnlyPI,16,0,0,[],1.0261715650558472
291,ImmediateOnlyPI,0,2,30,"[14, 30]",0.06651587039232254
291,ImmediateOnlyPI,1,2,28,"[13, 29]",0.0835254043340683
291,ImmediateOnlyPI,2,2,26,"[13, 29]",0.10204943269491196
291,ImmediateOnlyPI,3,2,24,"[13, 29]",0.13626214861869812
291,ImmediateOnlyPI,4,2,22,"[53, 13]",0.2093329280614853
291,ImmediateOnlyPI,5,2,20,"[13, 45]",0.4145511984825134
291,ImmediateOnlyPI,6,1,19,[6],0.7826011180877686
291,ImmediateOnlyPI,7,4,15,"[53, 13, 37, 30]",0.9950559735298157
291,ImmediateOnlyPI,8,4,11,"[29, 5, 53, 38]",0.9975537061691284
291,ImmediateOnlyPI,9,4,7,"[21, 61, 14, 54]",0.9876584410667419
291,ImmediateOnlyPI,10,4,3,"[38, 13, 53, 62]",0.9384512305259705
291,ImmediateOnlyPI,11,2,1,"[45, 29]",0.9576867818832397
291,ImmediateOnlyPI,12,1,0,[22],0.9658998847007751
291,ImmediateOnlyPI,13,0,0,[],1.029892921447754
291,ImmediateOnlyPI,14,0,0,[],1.0586234331130981
291,ImmediateOnlyPI,15,0,0,[],1.0331273078918457
291,ImmediateOnlyPI,16,0,0,[],1.0144586563110352
292,ImmediateOnlyPI,0,2,30,"[14, 30]",0.0684192031621933
292,ImmediateOnlyPI,1,2,28,"[13, 29]",0.09031268954277039
292,ImmediateOnlyPI,2,2,26,"[13, 29]",0.13731570541858673
292,ImmediateOnlyPI,3,2,24,"[13, 29]",0.2866443395614624
292,ImmediateOnlyPI,4,2,22,"[53, 13]",0.5948924422264099
292,ImmediateOnlyPI,5,2,20,"[13, 29]",0.8372355699539185
292,ImmediateOnlyPI,6,1,19,[5],0.9864929914474487
292,ImmediateOnlyPI,7,4,15,"[53, 37, 13, 54]",1.0710340738296509
292,ImmediateOnlyPI,8,4,11,"[37, 13, 30, 61]",1.046229362487793
292,ImmediateOnlyPI,9,4,7,"[61, 14, 38, 45]",1.0288352966308594
292,ImmediateOnlyPI,10,4,3,"[38, 5, 61, 45]",1.0320377349853516
292,ImmediateOnlyPI,11,2,1,"[38, 22]",1.0180683135986328
292,ImmediateOnlyPI,12,1,0,[38],1.0683581829071045
292,ImmediateOnlyPI,13,0,0,[],1.118274211883545
292,ImmediateOnlyPI,14,0,0,[],1.1417524814605713
292,ImmediateOnlyPI,15,0,0,[],1.1518388986587524
292,ImmediateOnlyPI,16,0,0,[],1.1004465818405151
293,ImmediateOnlyPI,0,2,30,"[14, 30]",0.06761851161718369
293,ImmediateOnlyPI,1,2,28,"[13, 29]",0.08884432166814804
293,ImmediateOnlyPI,2,2,26,"[13, 29]",0.13285648822784424
293,ImmediateOnlyPI,3,2,24,"[13, 29]",0.27182242274284363
293,ImmediateOnlyPI,4,2,22,"[53, 13]",0.5704978108406067
293,ImmediateOnlyPI,5,2,20,"[13, 29]",0.816464364528656
293,ImmediateOnlyPI,6,1,19,[54],0.9416916966438293
293,ImmediateOnlyPI,7,4,15,"[13, 37, 22, 6]",1.009687066078186
293,ImmediateOnlyPI,8,4,11,"[61, 29, 13, 38]",1.0613847970962524
293,ImmediateOnlyPI,9,4,7,"[61, 14, 45, 30]",1.052591323852539
293,ImmediateOnlyPI,10,4,3,"[5, 38, 61, 45]",1.0215929746627808
293,ImmediateOnlyPI,11,2,1,"[22, 38]",1.0136399269104004
293,ImmediateOnlyPI,12,1,0,[21],1.0504560470581055
293,ImmediateOnlyPI,13,0,0,[],1.1526603698730469
293,ImmediateOnlyPI,14,0,0,[],1.2048397064208984
293,ImmediateOnlyPI,15,0,0,[],1.2175954580307007
293,ImmediateOnlyPI,16,0,0,[],1.2030044794082642
294,ImmediateOnlyPI,0,2,30,"[14, 30]",0.06710973381996155
294,ImmediateOnlyPI,1,2,28,"[13, 29]",0.0868864506483078
294,ImmediateOnlyPI,2,2,26,"[13, 29]",0.12251140177249908
294,ImmediateOnlyPI,3,2,24,"[13, 29]",0.2315773069858551
294,ImmediateOnlyPI,4,2,22,"[53, 13]",0.4998507797718048
294,ImmediateOnlyPI,5,2,20,"[13, 29]",0.7709381580352783
294,ImmediateOnlyPI,6,1,19,[54],0.9068036675453186
294,ImmediateOnlyPI,7,4,15,"[13, 37, 61, 22]",1.0039653778076172
294,ImmediateOnlyPI,8,4,11,"[13, 53, 29, 14]",1.0709543228149414
294,ImmediateOnlyPI,9,4,7,"[61, 45, 5, 21]",1.051673173904419
294,ImmediateOnlyPI,10,4,3,"[38, 5, 61, 45]",1.0142886638641357
294,ImmediateOnlyPI,11,2,1,"[22, 38]",1.018425703048706
294,ImmediateOnlyPI,12,1,0,[38],1.0038789510726929
294,ImmediateOnlyPI,13,0,0,[],1.0671460628509521
294,ImmediateOnlyPI,14,0,0,[],1.0767573118209839
294,ImmediateOnlyPI,15,0,0,[],1.0785216093063354
294,ImmediateOnlyPI,16,0,0,[],1.0455305576324463
295,ImmediateOnlyPI,0,2,30,"[14, 30]",0.06661249697208405
295,ImmediateOnlyPI,1,2,28,"[13, 29]",0.08407595008611679
295,ImmediateOnlyPI,2,2,26,"[13, 29]",0.10563977807760239
295,ImmediateOnlyPI,3,2,24,"[13, 29]",0.15409307181835175
295,ImmediateOnlyPI,4,2,22,"[53, 13]",0.2953340709209442
295,ImmediateOnlyPI,5,2,20,"[13, 29]",0.5918973684310913
295,ImmediateOnlyPI,6,4,16,"[53, 5, 54, 21]",0.8371550440788269
295,ImmediateOnlyPI,7,4,12,"[53, 37, 13, 22]",1.005362868309021
295,ImmediateOnlyPI,8,4,8,"[13, 37, 61, 14]",1.0614371299743652
295,ImmediateOnlyPI,9,4,4,"[61, 37, 14, 54]",0.9677303433418274
295,ImmediateOnlyPI,10,4,0,"[38, 53, 5, 29]",0.9691591262817383
295,ImmediateOnlyPI,11,0,0,[],1.0014339685440063
295,ImmediateOnlyPI,12,0,0,[],1.017565131187439
295,ImmediateOnlyPI,13,0,0,[],1.0510982275009155
295,ImmediateOnlyPI,14,0,0,[],1.0345946550369263
295,ImmediateOnlyPI,15,0,0,[],0.9777113795280457
295,ImmediateOnlyPI,16,0,0,[],0.9587756395339966
296,ImmediateOnlyPI,0,2,30,"[14, 30]",0.066852867603302
296,ImmediateOnlyPI,1,2,28,"[13, 29]",0.08453407138586044
296,ImmediateOnlyPI,2,2,26,"[13, 29]",0.10818295925855637
296,ImmediateOnlyPI,3,2,24,"[13, 29]",0.16942881047725677
296,ImmediateOnlyPI,4,2,22,"[53, 13]",0.3532800078392029
296,ImmediateOnlyPI,5,2,20,"[13, 45]",0.6759036183357239
296,ImmediateOnlyPI,6,1,19,[6],0.9166809916496277
296,ImmediateOnlyPI,7,4,15,"[53, 13, 37, 30]",1.0278658866882324
296,ImmediateOnlyPI,8,4,11,"[29, 13, 53, 38]",1.0537946224212646
296,ImmediateOnlyPI,9,4,7,"[14, 61, 54, 13]",1.046975016593933
296,ImmediateOnlyPI,10,4,3,"[38, 14, 53, 21]",1.0328036546707153
296,ImmediateOnlyPI,11,2,1,"[13, 38]",1.0113271474838257
296,ImmediateOnlyPI,12,1,0,[37],0.9817535281181335
296,ImmediateOnlyPI,13,0,0,[],1.0297284126281738
296,ImmediateOnlyPI,14,0,0,[],1.0919649600982666
296,ImmediateOnlyPI,15,0,0,[],1.1063075065612793
296,ImmediateOnlyPI,16,0,0,[],1.0772085189819336
297,ImmediateOnlyPI,0,2,30,"[14, 30]",0.06678299605846405
297,ImmediateOnlyPI,1,2,28,"[13, 29]",0.0852278545498848
297,ImmediateOnlyPI,2,2,26,"[13, 29]",0.11273570358753204
297,ImmediateOnlyPI,3,2,24,"[13, 29]",0.18827661871910095
297,ImmediateOnlyPI,4,2,22,"[53, 13]",0.4004015624523163
297,ImmediateOnlyPI,5,2,20,"[13, 29]",0.7051423788070679
297,ImmediateOnlyPI,6,4,16,"[53, 5, 54, 21]",0.88399738073349
297,ImmediateOnlyPI,7,4,12,"[13, 37, 53, 30]",0.9930881261825562
297,ImmediateOnlyPI,8,4,8,"[29, 13, 53, 5]",1.0299752950668335
297,ImmediateOnlyPI,9,4,4,"[61, 45, 13, 54]",1.0435596704483032
297,ImmediateOnlyPI,10,4,0,"[38, 14, 54, 29]",1.0018059015274048
297,ImmediateOnlyPI,11,0,0,[],0.9918014407157898
297,ImmediateOnlyPI,12,0,0,[],0.9734674096107483
297,ImmediateOnlyPI,13,0,0,[],0.9587621688842773
297,ImmediateOnlyPI,14,0,0,[],0.9290671348571777
297,ImmediateOnlyPI,15,0,0,[],0.9278045296669006
297,ImmediateOnlyPI,16,0,0,[],1.0055568218231201
298,ImmediateOnlyPI,0,2,30,"[14, 30]",0.0665489062666893
298,ImmediateOnlyPI,1,2,28,"[13, 29]",0.08348583430051804
298,ImmediateOnlyPI,2,2,26,"[13, 29]",0.10162238031625748
298,ImmediateOnlyPI,3,2,24,"[13, 29]",0.1350470781326294
298,ImmediateOnlyPI,4,2,22,"[53, 13]",0.20471160113811493
298,ImmediateOnlyPI,5,2,20,"[13, 45]",0.41071638464927673
298,ImmediateOnlyPI,6,1,19,[6],0.781611442565918
298,ImmediateOnlyPI,7,4,15,"[53, 13, 37, 30]",0.9996437430381775
298,ImmediateOnlyPI,8,4,11,"[29, 5, 53, 38]",0.9818293452262878
298,ImmediateOnlyPI,9,4,7,"[21, 61, 14, 54]",0.9770764112472534
298,ImmediateOnlyPI,10,4,3,"[38, 13, 53, 62]",0.939444363117218
298,ImmediateOnlyPI,11,2,1,"[45, 62]",0.9300692081451416
298,ImmediateOnlyPI,12,1,0,[37],0.9408919811248779
298,ImmediateOnlyPI,13,0,0,[],0.9814528226852417
298,ImmediateOnlyPI,14,0,0,[],1.0121123790740967
298,ImmediateOnlyPI,15,0,0,[],1.0425618886947632
298,ImmediateOnlyPI,16,0,0,[],1.0356295108795166
299,ImmediateOnlyPI,0,2,30,"[14, 30]",0.06655943393707275
299,ImmediateOnlyPI,1,2,28,"[13, 29]",0.08381795883178711
299,ImmediateOnlyPI,2,2,26,"[13, 29]",0.1039464920759201
299,ImmediateOnlyPI,3,2,24,"[13, 29]",0.14501112699508667
299,ImmediateOnlyPI,4,2,22,"[53, 13]",0.2551206350326538
299,ImmediateOnlyPI,5,2,20,"[13, 45]",0.5165238976478577
299,ImmediateOnlyPI,6,1,19,[6],0.8314231038093567
299,ImmediateOnlyPI,7,4,15,"[53, 13, 37, 22]",1.00555419921875
299,ImmediateOnlyPI,8,4,11,"[29, 13, 53, 5]",1.0784004926681519
299,ImmediateOnlyPI,9,4,7,"[61, 13, 45, 54]",1.0251511335372925
299,ImmediateOnlyPI,10,4,3,"[38, 14, 53, 29]",0.9562816619873047
299,ImmediateOnlyPI,11,2,1,"[13, 62]",0.9441123008728027
299,ImmediateOnlyPI,12,1,0,[37],0.9485548138618469
299,ImmediateOnlyPI,13,0,0,[],0.9861740469932556
299,ImmediateOnlyPI,14,0,0,[],1.0925167798995972
299,ImmediateOnlyPI,15,0,0,[],1.1223317384719849
299,ImmediateOnlyPI,16,0,0,[],1.146527647972107
