variant,state,candidate,q,return,horizon,pearson,spearman,pairwise,top1,top2,Seed
verified_screening,0,supervised,-0.06842221319675446,0.010559701011516154,5,,,,,,42
verified_screening,0,actor,-0.06842221319675446,0.010559701011516154,5,,,,,,42
verified_screening,0,zero,-0.2831810712814331,0.012560793082229793,5,,,,,,42
verified_screening,0,random,-0.22566747665405273,0.01114713738206774,5,,,,,,42
verified_screening,0,shuffled,-0.10147518664598465,0.014924878370948136,5,,,,,,42
verified_screening,0,perturb_0.25sigma,-0.0894763246178627,0.010115137265529484,5,,,,,,42
verified_screening,0,perturb_0.5sigma,-0.12131978571414948,0.01097219018265605,5,,,,,,42
verified_screening,0,perturb_1sigma,-0.07368278503417969,0.014390758122317493,5,,,,,,42
verified_screening,0,perturb_2sigma,-0.27359747886657715,0.009430491190869361,5,,,,,,42
verified_screening,1,supervised,-0.13646671175956726,0.007555431337095797,5,,,,,,42
verified_screening,1,actor,-0.13646671175956726,0.007555431337095797,5,,,,,,42
verified_screening,1,zero,-0.32595306634902954,0.009053332381881773,5,,,,,,42
verified_screening,1,random,-0.26290518045425415,0.009156125946901739,5,,,,,,42
verified_screening,1,shuffled,-0.23346059024333954,0.011032998678274453,5,,,,,,42
verified_screening,1,perturb_0.25sigma,-0.18231913447380066,0.0072515212232246995,5,,,,,,42
verified_screening,1,perturb_0.5sigma,-0.19385109841823578,0.0072614121017977595,5,,,,,,42
verified_screening,1,perturb_1sigma,-0.13608373701572418,0.006839108013082296,5,,,,,,42
verified_screening,1,perturb_2sigma,0.32807281613349915,0.0111058329930529,5,,,,,,42
verified_screening,2,supervised,-0.2820015251636505,0.005309184663929045,5,,,,,,42
verified_screening,2,actor,-0.2820015251636505,0.005309184663929045,5,,,,,,42
verified_screening,2,zero,-0.3760312795639038,0.006377317942678928,5,,,,,,42
verified_screening,2,random,-0.3201523423194885,0.005041939439252019,5,,,,,,42
verified_screening,2,shuffled,-0.20915581285953522,0.007965134805999696,5,,,,,,42
verified_screening,2,perturb_0.25sigma,-0.30326440930366516,0.005166301038116217,5,,,,,,42
verified_screening,2,perturb_0.5sigma,-0.3338505029678345,0.006412469665519893,5,,,,,,42
verified_screening,2,perturb_1sigma,-0.4290064871311188,0.0045603912440128624,5,,,,,,42
verified_screening,2,perturb_2sigma,-0.38322940468788147,0.004741626442410052,5,,,,,,42
verified_screening,3,supervised,-0.4969300925731659,0.0035429183626547456,5,,,,,,42
verified_screening,3,actor,-0.4969300925731659,0.0035429183626547456,5,,,,,,42
verified_screening,3,zero,-0.331747829914093,0.004332878859713674,5,,,,,,42
verified_screening,3,random,0.10848942399024963,0.005443260888569057,5,,,,,,42
verified_screening,3,shuffled,-0.012790992856025696,0.005607503466308117,5,,,,,,42
verified_screening,3,perturb_0.25sigma,-0.5421078205108643,0.0033734398894011974,5,,,,,,42
verified_screening,3,perturb_0.5sigma,-0.5786506533622742,0.0031981238862499595,5,,,,,,42
verified_screening,3,perturb_1sigma,-0.39748719334602356,0.003925560391508043,5,,,,,,42
verified_screening,3,perturb_2sigma,-0.6882918477058411,0.002405380248092115,5,,,,,,42
verified_screening,4,supervised,-0.692316472530365,0.002059194492176175,5,,,,,,42
verified_screening,4,actor,-0.692316472530365,0.002059194492176175,5,,,,,,42
verified_screening,4,zero,-0.33077093958854675,0.0026903452817350626,5,,,,,,42
verified_screening,4,random,-0.38066521286964417,0.002733619185164571,5,,,,,,42
verified_screening,4,shuffled,0.034538038074970245,0.0037402957677841187,5,,,,,,42
verified_screening,4,perturb_0.25sigma,-0.7101122140884399,0.002014819299802184,5,,,,,,42
verified_screening,4,perturb_0.5sigma,-0.8226969838142395,0.0018713175086304545,5,,,,,,42
verified_screening,4,perturb_1sigma,-0.7356449961662292,0.0022282195277512074,5,,,,,,42
verified_screening,4,perturb_2sigma,-0.19938121736049652,0.003054315224289894,5,,,,,,42
verified_screening,5,supervised,-0.06842221319675446,0.010559701011516154,5,,,,,,42
verified_screening,5,actor,-0.06842221319675446,0.010559701011516154,5,,,,,,42
verified_screening,5,zero,-0.2831810712814331,0.012560793082229793,5,,,,,,42
verified_screening,5,random,-0.1973942369222641,0.013374178786762059,5,,,,,,42
verified_screening,5,shuffled,-0.10147518664598465,0.014924878370948136,5,,,,,,42
verified_screening,5,perturb_0.25sigma,-0.07768324762582779,0.010620833723805845,5,,,,,,42
verified_screening,5,perturb_0.5sigma,-0.23820364475250244,0.009473357640672475,5,,,,,,42
verified_screening,5,perturb_1sigma,-0.24972860515117645,0.009413998399395496,5,,,,,,42
verified_screening,5,perturb_2sigma,-0.03519421070814133,0.01312010467518121,5,,,,,,42
verified_screening,6,supervised,-0.13334690034389496,0.008660795399919152,5,,,,,,42
verified_screening,6,actor,-0.13334690034389496,0.008660795399919152,5,,,,,,42
verified_screening,6,zero,-0.3349509835243225,0.010094431694597006,5,,,,,,42
verified_screening,6,random,-0.0021031945943832397,0.012534885783679783,5,,,,,,42
verified_screening,6,shuffled,-0.25093984603881836,0.012161833001300693,5,,,,,,42
verified_screening,6,perturb_0.25sigma,-0.14873050153255463,0.00829087314195931,5,,,,,,42
verified_screening,6,perturb_0.5sigma,-0.13589349389076233,0.009015347575768828,5,,,,,,42
verified_screening,6,perturb_1sigma,-0.12169523537158966,0.008891412289813161,5,,,,,,42
verified_screening,6,perturb_2sigma,-0.5547525882720947,0.006151098757982254,5,,,,,,42
verified_screening,7,supervised,-0.3085402846336365,0.006239298149012029,5,,,,,,42
verified_screening,7,actor,-0.3085402846336365,0.006239298149012029,5,,,,,,42
verified_screening,7,zero,-0.37202197313308716,0.007238612626679242,5,,,,,,42
verified_screening,7,random,-0.30968648195266724,0.007190653355792165,5,,,,,,42
verified_screening,7,shuffled,-0.22995299100875854,0.009007835411466658,5,,,,,,42
verified_screening,7,perturb_0.25sigma,-0.3173474669456482,0.006398531841114163,5,,,,,,42
verified_screening,7,perturb_0.5sigma,-0.34708553552627563,0.006881506298668683,5,,,,,,42
verified_screening,7,perturb_1sigma,-0.3129512071609497,0.00638134719338268,5,,,,,,42
verified_screening,7,perturb_2sigma,-0.30066078901290894,0.004176401533186436,5,,,,,,42
verified_screening,8,supervised,-0.35337018966674805,0.004874495672993362,5,,,,,,42
verified_screening,8,actor,-0.35337018966674805,0.004874495672993362,5,,,,,,42
verified_screening,8,zero,-0.26278507709503174,0.005565291969105601,5,,,,,,42
verified_screening,8,random,-0.38774263858795166,0.0038678230484947562,5,,,,,,42
verified_screening,8,shuffled,-0.03032965585589409,0.00671516265720129,5,,,,,,42
verified_screening,8,perturb_0.25sigma,-0.3376199007034302,0.0050984767731279135,5,,,,,,42
verified_screening,8,perturb_0.5sigma,-0.37151408195495605,0.004560695379041135,5,,,,,,42
verified_screening,8,perturb_1sigma,-0.21547476947307587,0.005726375384256244,5,,,,,,42
verified_screening,8,perturb_2sigma,0.08602660149335861,0.007972318679094315,5,,,,,,42
verified_screening,9,supervised,-0.34941989183425903,0.003223648527637124,5,,,,,,42
verified_screening,9,actor,-0.34941989183425903,0.003223648527637124,5,,,,,,42
verified_screening,9,zero,-0.18693162500858307,0.0037130978889763355,5,,,,,,42
verified_screening,9,random,-0.21344228088855743,0.003639695467427373,5,,,,,,42
verified_screening,9,shuffled,0.0046875253319740295,0.004524424206465483,5,,,,,,42
verified_screening,9,perturb_0.25sigma,-0.30027246475219727,0.003351381979882717,5,,,,,,42
verified_screening,9,perturb_0.5sigma,-0.3553377389907837,0.0032166368328034878,5,,,,,,42
verified_screening,9,perturb_1sigma,-0.31608664989471436,0.0033333164174109697,5,,,,,,42
verified_screening,9,perturb_2sigma,-0.4716835618019104,0.00216372380964458,5,,,,,,42
verified_screening,10,supervised,-0.3998871445655823,0.0024492258380632848,5,,,,,,42
verified_screening,10,actor,-0.3998871445655823,0.0024492258380632848,5,,,,,,42
verified_screening,10,zero,-0.29647213220596313,0.0032816469902172685,5,,,,,,42
verified_screening,10,random,-0.0876835286617279,0.00291748670861125,5,,,,,,42
verified_screening,10,shuffled,0.2673190236091614,0.0033497435797471553,5,,,,,,42
verified_screening,10,perturb_0.25sigma,-0.38439059257507324,0.00249736534897238,5,,,,,,42
verified_screening,10,perturb_0.5sigma,-0.4221566915512085,0.0023990769404917955,5,,,,,,42
verified_screening,10,perturb_1sigma,-0.3744930624961853,0.0023578460386488587,5,,,,,,42
verified_screening,10,perturb_2sigma,-0.4037105441093445,0.002359755802899599,5,,,,,,42
verified_screening,11,supervised,-0.34210020303726196,0.0010715954849729314,5,,,,,,42
verified_screening,11,actor,-0.34210020303726196,0.0010715954849729314,5,,,,,,42
verified_screening,11,zero,-0.36521613597869873,0.0018951852835016325,5,,,,,,42
verified_screening,11,random,-0.2375940978527069,0.001678770873695612,5,,,,,,42
verified_screening,11,shuffled,0.25613027811050415,0.002165775338653475,5,,,,,,42
verified_screening,11,perturb_0.25sigma,-0.3411533832550049,0.0010761132289189845,5,,,,,,42
verified_screening,11,perturb_0.5sigma,-0.3721107244491577,0.0011224697664147243,5,,,,,,42
verified_screening,11,perturb_1sigma,-0.3013068437576294,0.0011108087637694553,5,,,,,,42
verified_screening,11,perturb_2sigma,-0.3326147794723511,0.0010363308974774554,5,,,,,,42
verified_screening,12,supervised,-0.2920609414577484,0.00047856099627097137,5,,,,,,42
verified_screening,12,actor,-0.2920609414577484,0.00047856099627097137,5,,,,,,42
verified_screening,12,zero,-0.36542922258377075,0.0012450387002900243,5,,,,,,42
verified_screening,12,random,-0.216844841837883,0.0004822730043088086,5,,,,,,42
verified_screening,12,shuffled,0.2112991362810135,0.0016059955669334158,5,,,,,,42
verified_screening,12,perturb_0.25sigma,-0.3133479356765747,0.000498334502481157,5,,,,,,42
verified_screening,12,perturb_0.5sigma,-0.3016994297504425,0.0005662502735503949,5,,,,,,42
verified_screening,12,perturb_1sigma,-0.3061400055885315,0.0003450853400863707,5,,,,,,42
verified_screening,12,perturb_2sigma,-0.2438865602016449,0.00038465279430965893,5,,,,,,42
verified_screening,13,supervised,-0.362740695476532,0.0004518736277532298,5,,,,,,42
verified_screening,13,actor,-0.362740695476532,0.0004518736277532298,5,,,,,,42
verified_screening,13,zero,-0.258705735206604,0.0010550855367910117,5,,,,,,42
verified_screening,13,random,-0.3368028402328491,0.000818281841930002,5,,,,,,42
verified_screening,13,shuffled,-0.06180950999259949,0.0014486598374787718,5,,,,,,42
verified_screening,13,perturb_0.25sigma,-0.36228305101394653,0.00042601694440236315,5,,,,,,42
verified_screening,13,perturb_0.5sigma,-0.3813994526863098,0.00039610366366105154,5,,,,,,42
verified_screening,13,perturb_1sigma,-0.4116673469543457,0.0005020204225729685,5,,,,,,42
verified_screening,13,perturb_2sigma,-0.37089258432388306,0.0005854410665051546,5,,,,,,42
verified_screening,14,supervised,-0.5512120723724365,0.0005451863398775458,5,,,,,,42
verified_screening,14,actor,-0.5512120723724365,0.0005451863398775458,5,,,,,,42
verified_screening,14,zero,-0.18519748747348785,0.00086799735436216,5,,,,,,42
verified_screening,14,random,-0.49796152114868164,0.0002601568412501365,5,,,,,,42
verified_screening,14,shuffled,-0.18831394612789154,0.00123054429423064,5,,,,,,42
verified_screening,14,perturb_0.25sigma,-0.5500410199165344,0.0005199272418394685,5,,,,,,42
verified_screening,14,perturb_0.5sigma,-0.5290575623512268,0.0004685766180045903,5,,,,,,42
verified_screening,14,perturb_1sigma,-0.4733198881149292,0.000517905515152961,5,,,,,,42
verified_screening,14,perturb_2sigma,-0.5727183818817139,0.000566155300475657,5,,,,,,42
verified_screening,15,supervised,-0.3732442259788513,0.0028572400369739626,5,,,,,,42
verified_screening,15,actor,-0.3732442259788513,0.0028572400369739626,5,,,,,,42
verified_screening,15,zero,-0.28473880887031555,0.0041447668481851,5,,,,,,42
verified_screening,15,random,-0.2846395969390869,0.004399099183501676,5,,,,,,42
verified_screening,15,shuffled,0.2061949521303177,0.004386138985864818,5,,,,,,42
verified_screening,15,perturb_0.25sigma,-0.4153361916542053,0.00279610379220685,5,,,,,,42
verified_screening,15,perturb_0.5sigma,-0.3482881188392639,0.00296278979658382,5,,,,,,42
verified_screening,15,perturb_1sigma,-0.34196937084198,0.0029208203704911284,5,,,,,,42
verified_screening,15,perturb_2sigma,-0.40028709173202515,0.00313769109925488,5,,,,,,42
verified_screening,16,supervised,-0.3549472689628601,0.0009051758679561317,5,,,,,,42
verified_screening,16,actor,-0.3549472689628601,0.0009051758679561317,5,,,,,,42
verified_screening,16,zero,-0.3500843048095703,0.002038424403508543,5,,,,,,42
verified_screening,16,random,-0.2631179988384247,0.0018996909338966361,5,,,,,,42
verified_screening,16,shuffled,0.1530826985836029,0.0026984353607986122,5,,,,,,42
verified_screening,16,perturb_0.25sigma,-0.4067225456237793,0.0008450709938188083,5,,,,,,42
verified_screening,16,perturb_0.5sigma,-0.1587817519903183,0.0012731929673464037,5,,,,,,42
verified_screening,16,perturb_1sigma,-0.30607229471206665,0.000991308166703675,5,,,,,,42
verified_screening,16,perturb_2sigma,-0.39794856309890747,0.0008624510082881898,5,,,,,,42
verified_screening,17,supervised,-0.3898247182369232,9.063955076271668e-06,5,,,,,,42
verified_screening,17,actor,-0.3898247182369232,9.063955076271668e-06,5,,,,,,42
verified_screening,17,zero,-0.3815227746963501,0.000999109193799086,5,,,,,,42
verified_screening,17,random,0.045534342527389526,0.001670256955549121,5,,,,,,42
verified_screening,17,shuffled,0.13606488704681396,0.0018961834721267223,5,,,,,,42
verified_screening,17,perturb_0.25sigma,-0.4011984169483185,-3.4435117413522676e-05,5,,,,,,42
verified_screening,17,perturb_0.5sigma,-0.41739919781684875,-2.6217148842988536e-05,5,,,,,,42
verified_screening,17,perturb_1sigma,-0.331586092710495,-6.316202234302182e-05,5,,,,,,42
verified_screening,17,perturb_2sigma,-0.3015998303890228,7.926484613562934e-05,5,,,,,,42
verified_screening,18,supervised,-0.45998719334602356,-0.0001013182190945372,5,,,,,,42
verified_screening,18,actor,-0.45998719334602356,-0.0001013182190945372,5,,,,,,42
verified_screening,18,zero,-0.296521931886673,0.0007029207627056167,5,,,,,,42
verified_screening,18,random,-0.29125142097473145,0.0007294750976143405,5,,,,,,42
verified_screening,18,shuffled,-0.17912188172340393,0.0017031649404088967,5,,,,,,42
verified_screening,18,perturb_0.25sigma,-0.4791485071182251,-0.00018593724234960973,5,,,,,,42
verified_screening,18,perturb_0.5sigma,-0.48040056228637695,-0.00022097444161772728,5,,,,,,42
verified_screening,18,perturb_1sigma,-0.5148549675941467,6.25405227765441e-05,5,,,,,,42
verified_screening,18,perturb_2sigma,-0.2262241244316101,0.0009890045985230245,5,,,,,,42
verified_screening,19,supervised,-0.7211050391197205,0.00018697051564231515,5,,,,,,42
verified_screening,19,actor,-0.7211050391197205,0.00018697051564231515,5,,,,,,42
verified_screening,19,zero,-0.23534652590751648,0.0007304313476197422,5,,,,,,42
verified_screening,19,random,0.02764565497636795,0.0012191690038889647,5,,,,,,42
verified_screening,19,shuffled,-0.2212544083595276,0.0017459746450185776,5,,,,,,42
verified_screening,19,perturb_0.25sigma,-0.7331612706184387,0.00035977104562334716,5,,,,,,42
verified_screening,19,perturb_0.5sigma,-0.7376117706298828,0.0003760963736567646,5,,,,,,42
verified_screening,19,perturb_1sigma,-0.6172707080841064,-8.653527038404718e-05,5,,,,,,42
verified_screening,19,perturb_2sigma,-0.43862688541412354,0.00015777121006976813,5,,,,,,42
verified_screening,20,supervised,-0.116958849132061,0.023978129494935274,5,,,,,,42
verified_screening,20,actor,-0.116958849132061,0.023978129494935274,5,,,,,,42
verified_screening,20,zero,-0.28547918796539307,0.024624954676255584,5,,,,,,42
verified_screening,20,random,-0.23356984555721283,0.027871844824403524,5,,,,,,42
verified_screening,20,shuffled,-0.18608957529067993,0.025421777740120888,5,,,,,,42
verified_screening,20,perturb_0.25sigma,-0.13224105536937714,0.025014282437041402,5,,,,,,42
verified_screening,20,perturb_0.5sigma,-0.07466515153646469,0.02137425635010004,5,,,,,,42
verified_screening,20,perturb_1sigma,-0.1902492791414261,0.02348145260475576,5,,,,,,42
verified_screening,20,perturb_2sigma,-0.12370005995035172,0.030286972876638174,5,,,,,,42
verified_screening,21,supervised,-0.24301445484161377,0.019967088475823402,5,,,,,,42
verified_screening,21,actor,-0.24301445484161377,0.019967088475823402,5,,,,,,42
verified_screening,21,zero,-0.31157511472702026,0.020192617550492287,5,,,,,,42
verified_screening,21,random,-0.2193831503391266,0.01853478397242725,5,,,,,,42
verified_screening,21,shuffled,-0.28014305233955383,0.020449829287827015,5,,,,,,42
verified_screening,21,perturb_0.25sigma,-0.23752599954605103,0.020216737873852253,5,,,,,,42
verified_screening,21,perturb_0.5sigma,-0.2547624707221985,0.020597883500158787,5,,,,,,42
verified_screening,21,perturb_1sigma,-0.10398577153682709,0.020408385433256626,5,,,,,,42
verified_screening,21,perturb_2sigma,-0.25869855284690857,0.015076575567945838,5,,,,,,42
verified_screening,22,supervised,-0.3331843614578247,0.015956012066453695,5,,,,,,42
verified_screening,22,actor,-0.3331843614578247,0.015956012066453695,5,,,,,,42
verified_screening,22,zero,-0.35793691873550415,0.01587226241827011,5,,,,,,42
verified_screening,22,random,-0.2902677655220032,0.01707227947190404,5,,,,,,42
verified_screening,22,shuffled,-0.3681083917617798,0.015783526934683323,5,,,,,,42
verified_screening,22,perturb_0.25sigma,-0.3331465721130371,0.016022557858377695,5,,,,,,42
verified_screening,22,perturb_0.5sigma,-0.3210713267326355,0.01568414643406868,5,,,,,,42
verified_screening,22,perturb_1sigma,-0.36091601848602295,0.014910012017935514,5,,,,,,42
verified_screening,22,perturb_2sigma,-0.13764259219169617,0.01714822882786393,5,,,,,,42
verified_screening,23,supervised,-0.3245623707771301,0.011672606226056814,5,,,,,,42
verified_screening,23,actor,-0.3245623707771301,0.011672606226056814,5,,,,,,42
verified_screening,23,zero,-0.3335734009742737,0.01143514784052968,5,,,,,,42
verified_screening,23,random,-0.008691564202308655,0.013151049613952637,5,,,,,,42
verified_screening,23,shuffled,-0.3350788950920105,0.011207612697035074,5,,,,,,42
verified_screening,23,perturb_0.25sigma,-0.2669000029563904,0.012201199773699045,5,,,,,,42
verified_screening,23,perturb_0.5sigma,-0.2899931073188782,0.012131863739341497,5,,,,,,42
verified_screening,23,perturb_1sigma,0.023514412343502045,0.013955255970358849,5,,,,,,42
verified_screening,23,perturb_2sigma,-0.4007209837436676,0.010060966946184635,5,,,,,,42
verified_screening,24,supervised,-0.2842509150505066,0.0068142893724143505,5,,,,,,42
verified_screening,24,actor,-0.2842509150505066,0.0068142893724143505,5,,,,,,42
verified_screening,24,zero,-0.3485291600227356,0.006586340256035328,5,,,,,,42
verified_screening,24,random,-0.47490763664245605,0.00610386673361063,5,,,,,,42
verified_screening,24,shuffled,-0.37289464473724365,0.006316406186670065,5,,,,,,42
verified_screening,24,perturb_0.25sigma,-0.4275898039340973,0.006327779497951269,5,,,,,,42
verified_screening,24,perturb_0.5sigma,-0.4850572347640991,0.006097234319895506,5,,,,,,42
verified_screening,24,perturb_1sigma,-0.6570307016372681,0.0053207287564873695,5,,,,,,42
verified_screening,24,perturb_2sigma,-0.3594803810119629,0.011759179644286633,5,,,,,,42
verified_screening,25,supervised,-0.116958849132061,0.023978129494935274,5,,,,,,42
verified_screening,25,actor,-0.116958849132061,0.023978129494935274,5,,,,,,42
verified_screening,25,zero,-0.28547918796539307,0.024624954676255584,5,,,,,,42
verified_screening,25,random,-0.2539273798465729,0.0219565334264189,5,,,,,,42
verified_screening,25,shuffled,-0.18608957529067993,0.025421777740120888,5,,,,,,42
verified_screening,25,perturb_0.25sigma,-0.1402968466281891,0.02433854271657765,5,,,,,,42
verified_screening,25,perturb_0.5sigma,-0.14305248856544495,0.023416590644046664,5,,,,,,42
verified_screening,25,perturb_1sigma,-0.05552004277706146,0.02706896560266614,5,,,,,,42
verified_screening,25,perturb_2sigma,-0.18291428685188293,0.019722944125533104,5,,,,,,42
verified_screening,26,supervised,-0.248337522149086,0.020078737754374743,5,,,,,,42
verified_screening,26,actor,-0.248337522149086,0.020078737754374743,5,,,,,,42
verified_screening,26,zero,-0.327078640460968,0.02013103337958455,5,,,,,,42
verified_screening,26,random,-0.2213684469461441,0.016309737460687757,5,,,,,,42
verified_screening,26,shuffled,-0.2942759692668915,0.020179315470159054,5,,,,,,42
verified_screening,26,perturb_0.25sigma,-0.2547221779823303,0.020259873708710074,5,,,,,,42
verified_screening,26,perturb_0.5sigma,-0.18266691267490387,0.01896226918324828,5,,,,,,42
verified_screening,26,perturb_1sigma,-0.09925583750009537,0.018067796248942614,5,,,,,,42
verified_screening,26,perturb_2sigma,-0.11587478220462799,0.017035900615155697,5,,,,,,42
verified_screening,27,supervised,-0.34613680839538574,0.015050690621137619,5,,,,,,42
verified_screening,27,actor,-0.34613680839538574,0.015050690621137619,5,,,,,,42
verified_screening,27,zero,-0.3686900734901428,0.01475538033992052,5,,,,,,42
verified_screening,27,random,-0.2872779965400696,0.00996559951454401,5,,,,,,42
verified_screening,27,shuffled,-0.3751581311225891,0.014449936803430319,5,,,,,,42
verified_screening,27,perturb_0.25sigma,-0.34720778465270996,0.015066366642713547,5,,,,,,42
verified_screening,27,perturb_0.5sigma,-0.308117151260376,0.012135526398196816,5,,,,,,42
verified_screening,27,perturb_1sigma,-0.34895533323287964,0.014144273940473795,5,,,,,,42
verified_screening,27,perturb_2sigma,-0.25794118642807007,0.010945513378828764,5,,,,,,42
verified_screening,28,supervised,-0.25049954652786255,0.011582022067159414,5,,,,,,42
verified_screening,28,actor,-0.25049954652786255,0.011582022067159414,5,,,,,,42
verified_screening,28,zero,-0.2653304934501648,0.011138218455016613,5,,,,,,42
verified_screening,28,random,0.03602980077266693,0.013743174728006124,5,,,,,,42
verified_screening,28,shuffled,-0.2761440873146057,0.010688340291380882,5,,,,,,42
verified_screening,28,perturb_0.25sigma,-0.19626623392105103,0.01212920481339097,5,,,,,,42
verified_screening,28,perturb_0.5sigma,-0.2826407551765442,0.010947769973427057,5,,,,,,42
verified_screening,28,perturb_1sigma,0.046951718628406525,0.014573576860129833,5,,,,,,42
verified_screening,28,perturb_2sigma,0.03494871407747269,0.01334995822981,5,,,,,,42
verified_screening,29,supervised,-0.18814045190811157,0.005982891656458378,5,,,,,,42
verified_screening,29,actor,-0.18814045190811157,0.005982891656458378,5,,,,,,42
verified_screening,29,zero,-0.18872785568237305,0.0054831737652421,5,,,,,,42
verified_screening,29,random,-0.0783536359667778,0.006318779196590185,5,,,,,,42
verified_screening,29,shuffled,-0.20993433892726898,0.004993288312107325,5,,,,,,42
verified_screening,29,perturb_0.25sigma,-0.1830178201198578,0.006039889063686132,5,,,,,,42
verified_screening,29,perturb_0.5sigma,-0.12222278118133545,0.006509125232696533,5,,,,,,42
verified_screening,29,perturb_1sigma,0.01746920496225357,0.008036374114453793,5,,,,,,42
verified_screening,29,perturb_2sigma,-0.5753276944160461,-0.0007551937596872449,5,,,,,,42
verified_screening,30,supervised,-0.37898290157318115,0.0027249100130575243,5,,,,,,42
verified_screening,30,actor,-0.37898290157318115,0.0027249100130575243,5,,,,,,42
verified_screening,30,zero,-0.2856941223144531,0.003964827541494742,5,,,,,,42
verified_screening,30,random,-0.27512913942337036,0.003222328203264624,5,,,,,,42
verified_screening,30,shuffled,0.2136482447385788,0.004167554041487165,5,,,,,,42
verified_screening,30,perturb_0.25sigma,-0.35748744010925293,0.002758989059657324,5,,,,,,42
verified_screening,30,perturb_0.5sigma,-0.4431454539299011,0.002529300436435733,5,,,,,,42
verified_screening,30,perturb_1sigma,-0.4915146231651306,0.0025968283298425376,5,,,,,,42
verified_screening,30,perturb_2sigma,-0.480071485042572,0.0026007577289419714,5,,,,,,42
verified_screening,31,supervised,-0.3584398627281189,0.0008649744268041104,5,,,,,,42
verified_screening,31,actor,-0.3584398627281189,0.0008649744268041104,5,,,,,,42
verified_screening,31,zero,-0.35143280029296875,0.0019710104388650507,5,,,,,,42
verified_screening,31,random,-0.2631501853466034,0.00117808990762569,5,,,,,,42
verified_screening,31,shuffled,0.17162539064884186,0.002568926825915696,5,,,,,,42
verified_screening,31,perturb_0.25sigma,-0.3286346197128296,0.0009269507136195898,5,,,,,,42
verified_screening,31,perturb_0.5sigma,-0.38765114545822144,0.0008614792677690275,5,,,,,,42
verified_screening,31,perturb_1sigma,-0.41076964139938354,0.0008428031142102554,5,,,,,,42
verified_screening,31,perturb_2sigma,-0.3751903176307678,0.0009215015415975358,5,,,,,,42
verified_screening,32,supervised,-0.37310081720352173,2.195311026298441e-05,5,,,,,,42
verified_screening,32,actor,-0.37310081720352173,2.195311026298441e-05,5,,,,,,42
verified_screening,32,zero,-0.3796321749687195,0.0009976409128285013,5,,,,,,42
verified_screening,32,random,0.018162496387958527,0.0017114239526563324,5,,,,,,42
verified_screening,32,shuffled,0.15338659286499023,0.001822071339120157,5,,,,,,42
verified_screening,32,perturb_0.25sigma,-0.38294610381126404,1.7178081179736182e-05,5,,,,,,42
verified_screening,32,perturb_0.5sigma,-0.32848507165908813,1.5433401358677656e-05,5,,,,,,42
verified_screening,32,perturb_1sigma,-0.37177571654319763,3.465868212515488e-05,5,,,,,,42
verified_screening,32,perturb_2sigma,-0.3046765923500061,0.00018714438192546368,5,,,,,,42
verified_screening,33,supervised,-0.4287946820259094,-7.102821837179363e-05,5,,,,,,42
verified_screening,33,actor,-0.4287946820259094,-7.102821837179363e-05,5,,,,,,42
verified_screening,33,zero,-0.2920691967010498,0.00071723923610989,5,,,,,,42
verified_screening,33,random,-0.36465930938720703,0.00010624855349306017,5,,,,,,42
verified_screening,33,shuffled,-0.16562387347221375,0.0016515013921889476,5,,,,,,42
verified_screening,33,perturb_0.25sigma,-0.4245615601539612,-6.363743159454316e-05,5,,,,,,42
verified_screening,33,perturb_0.5sigma,-0.4427308738231659,0.00011732635903172195,5,,,,,,42
verified_screening,33,perturb_1sigma,-0.4140684902667999,-0.00020015640984638594,5,,,,,,42
verified_screening,33,perturb_2sigma,-0.2790936231613159,0.00016162576503120363,5,,,,,,42
verified_screening,34,supervised,-0.6766788959503174,0.00020127305469941348,5,,,,,,42
verified_screening,34,actor,-0.6766788959503174,0.00020127305469941348,5,,,,,,42
verified_screening,34,zero,-0.2219730019569397,0.0007199476240202785,5,,,,,,42
verified_screening,34,random,-0.16240237653255463,0.0009121873299591243,5,,,,,,42
verified_screening,34,shuffled,-0.21158818900585175,0.0016792099922895432,5,,,,,,42
verified_screening,34,perturb_0.25sigma,-0.6547491550445557,0.00011724690557457507,5,,,,,,42
verified_screening,34,perturb_0.5sigma,-0.6552164554595947,9.281096572522074e-05,5,,,,,,42
verified_screening,34,perturb_1sigma,-0.6822875738143921,0.0006780027179047465,5,,,,,,42
verified_screening,34,perturb_2sigma,-0.7014305591583252,6.884594040457159e-05,5,,,,,,42
verified_screening,35,supervised,-0.43470197916030884,0.004494639928452671,5,,,,,,42
verified_screening,35,actor,-0.43470197916030884,0.004494639928452671,5,,,,,,42
verified_screening,35,zero,-0.3022576570510864,0.004643926105927676,5,,,,,,42
verified_screening,35,random,-0.1355067491531372,0.00462650996632874,5,,,,,,42
verified_screening,35,shuffled,0.2766457498073578,0.004467924416530877,5,,,,,,42
verified_screening,35,perturb_0.25sigma,-0.4351465702056885,0.004462241427972913,5,,,,,,42
verified_screening,35,perturb_0.5sigma,-0.4221423864364624,0.004463909077458084,5,,,,,,42
verified_screening,35,perturb_1sigma,-0.23959341645240784,0.004554662446025759,5,,,,,,42
verified_screening,35,perturb_2sigma,-0.31462955474853516,0.0045049775508232415,5,,,,,,42
verified_screening,36,supervised,-0.3349285125732422,0.0031657677609473467,5,,,,,,42
verified_screening,36,actor,-0.3349285125732422,0.0031657677609473467,5,,,,,,42
verified_screening,36,zero,-0.35673773288726807,0.0033567649079486728,5,,,,,,42
verified_screening,36,random,-0.22242571413516998,0.0032800788758322597,5,,,,,,42
verified_screening,36,shuffled,0.2875855267047882,0.0032261491287499666,5,,,,,,42
verified_screening,36,perturb_0.25sigma,-0.3308027982711792,0.0031227622530423105,5,,,,,,42
verified_screening,36,perturb_0.5sigma,-0.3325647711753845,0.003191022318787873,5,,,,,,42
verified_screening,36,perturb_1sigma,-0.27703922986984253,0.0031917348387651145,5,,,,,,42
verified_screening,36,perturb_2sigma,-0.2825529873371124,0.0031438207952305675,5,,,,,,42
verified_screening,37,supervised,-0.28970563411712646,0.002168254053685814,5,,,,,,42
verified_screening,37,actor,-0.28970563411712646,0.002168254053685814,5,,,,,,42
verified_screening,37,zero,-0.34853923320770264,0.0023646141053177416,5,,,,,,42
verified_screening,37,random,0.07988956570625305,0.002398058772087097,5,,,,,,42
verified_screening,37,shuffled,0.1546100378036499,0.002254017977975309,5,,,,,,42
verified_screening,37,perturb_0.25sigma,-0.291570782661438,0.0021782602416351438,5,,,,,,42
verified_screening,37,perturb_0.5sigma,-0.27646109461784363,0.0021253672894090414,5,,,,,,42
verified_screening,37,perturb_1sigma,-0.2960062325000763,0.0021233418956398964,5,,,,,,42
verified_screening,37,perturb_2sigma,-0.22830665111541748,0.0022405622294172645,5,,,,,,42
verified_screening,38,supervised,-0.3722836971282959,0.001492352515924722,5,,,,,,42
verified_screening,38,actor,-0.3722836971282959,0.001492352515924722,5,,,,,,42
verified_screening,38,zero,-0.24985073506832123,0.0016495216987095773,5,,,,,,42
verified_screening,38,random,0.0658838078379631,0.0016865442739799619,5,,,,,,42
verified_screening,38,shuffled,-0.06484206020832062,0.0015347598819062114,5,,,,,,42
verified_screening,38,perturb_0.25sigma,-0.37081801891326904,0.001464598288293928,5,,,,,,42
verified_screening,38,perturb_0.5sigma,-0.36106187105178833,0.001530350069515407,5,,,,,,42
verified_screening,38,perturb_1sigma,-0.39017951488494873,0.0013796620187349617,5,,,,,,42
verified_screening,38,perturb_2sigma,-0.2853490710258484,0.001532375463284552,5,,,,,,42
verified_screening,39,supervised,-0.5796481966972351,0.0008517062524333596,5,,,,,,42
verified_screening,39,actor,-0.5796481966972351,0.0008517062524333596,5,,,,,,42
verified_screening,39,zero,-0.18165770173072815,0.0009257418569177389,5,,,,,,42
verified_screening,39,random,-0.31762614846229553,0.0008678773883730173,5,,,,,,42
verified_screening,39,shuffled,-0.2257673740386963,0.0007589280721731484,5,,,,,,42
verified_screening,39,perturb_0.25sigma,-0.5594311356544495,0.0008350319694727659,5,,,,,,42
verified_screening,39,perturb_0.5sigma,-0.5848841071128845,0.0008586139301769435,5,,,,,,42
verified_screening,39,perturb_1sigma,-0.563457190990448,0.0008564708987250924,5,,,,,,42
verified_screening,39,perturb_2sigma,-0.47346794605255127,0.0008967281901277602,5,,,,,,42
verified_screening,40,supervised,-0.39901602268218994,0.002400672630756162,5,,,,,,42
verified_screening,40,actor,-0.39901602268218994,0.002400672630756162,5,,,,,,42
verified_screening,40,zero,-0.29311734437942505,0.0033425494330003858,5,,,,,,42
verified_screening,40,random,-0.30523306131362915,0.0035426818358246237,5,,,,,,42
verified_screening,40,shuffled,0.2606835961341858,0.003420999419176951,5,,,,,,42
verified_screening,40,perturb_0.25sigma,-0.43717730045318604,0.0023128764587454498,5,,,,,,42
verified_screening,40,perturb_0.5sigma,-0.370522677898407,0.002483702191966586,5,,,,,,42
verified_screening,40,perturb_1sigma,-0.42607957124710083,0.0023663307656534016,5,,,,,,42
verified_screening,40,perturb_2sigma,-0.3270115256309509,0.0023709936504019424,5,,,,,,42
verified_screening,41,supervised,-0.3501114249229431,0.0009504785448370967,5,,,,,,42
verified_screening,41,actor,-0.3501114249229431,0.0009504785448370967,5,,,,,,42
verified_screening,41,zero,-0.3601018190383911,0.001842587415012531,5,,,,,,42
verified_screening,41,random,-0.251070499420166,0.0011994432643405162,5,,,,,,42
verified_screening,41,shuffled,0.24852724373340607,0.0021847231837455183,5,,,,,,42
verified_screening,41,perturb_0.25sigma,-0.3735719323158264,0.0009172225363727193,5,,,,,,42
verified_screening,41,perturb_0.5sigma,-0.34713107347488403,0.0008832840321701951,5,,,,,,42
verified_screening,41,perturb_1sigma,-0.16084258258342743,0.0012327955264481716,5,,,,,,42
verified_screening,41,perturb_2sigma,-0.4569099545478821,0.000827114905405324,5,,,,,,42
verified_screening,42,supervised,-0.29866570234298706,0.0003548217937350273,5,,,,,,42
verified_screening,42,actor,-0.29866570234298706,0.0003548217937350273,5,,,,,,42
verified_screening,42,zero,-0.3675925135612488,0.0011646943894447759,5,,,,,,42
verified_screening,42,random,-0.32062864303588867,0.00011693363558151759,5,,,,,,42
verified_screening,42,shuffled,0.21567538380622864,0.001634711807128042,5,,,,,,42
verified_screening,42,perturb_0.25sigma,-0.31305432319641113,0.0003745405774679966,5,,,,,,42
verified_screening,42,perturb_0.5sigma,-0.3144577741622925,0.0004124294937355444,5,,,,,,42
verified_screening,42,perturb_1sigma,-0.3150204122066498,0.00048248649545712397,5,,,,,,42
verified_screening,42,perturb_2sigma,-0.2173742800951004,0.0008341076572833117,5,,,,,,42
verified_screening,43,supervised,-0.3669818639755249,0.0003591993631744117,5,,,,,,42
verified_screening,43,actor,-0.3669818639755249,0.0003591993631744117,5,,,,,,42
verified_screening,43,zero,-0.26543891429901123,0.0009976396249840036,5,,,,,,42
verified_screening,43,random,-0.3468219041824341,0.000541611181688495,5,,,,,,42
verified_screening,43,shuffled,-0.06695833057165146,0.00150610480341129,5,,,,,,42
verified_screening,43,perturb_0.25sigma,-0.36803144216537476,0.0004140652181376936,5,,,,,,42
verified_screening,43,perturb_0.5sigma,-0.3981301784515381,0.00033690117925289087,5,,,,,,42
verified_screening,43,perturb_1sigma,-0.37155669927597046,0.00024473872667840624,5,,,,,,42
verified_screening,43,perturb_2sigma,-0.386197030544281,0.00039504541928181425,5,,,,,,42
verified_screening,44,supervised,-0.5448601841926575,0.0004962164093740284,5,,,,,,42
verified_screening,44,actor,-0.5448601841926575,0.0004962164093740284,5,,,,,,42
verified_screening,44,zero,-0.19072449207305908,0.0008607348427176476,5,,,,,,42
verified_screening,44,random,-0.0009757503867149353,0.0011416514171287417,5,,,,,,42
verified_screening,44,shuffled,-0.16831019520759583,0.0013455573935061693,5,,,,,,42
verified_screening,44,perturb_0.25sigma,-0.513175904750824,0.000395056267734617,5,,,,,,42
verified_screening,44,perturb_0.5sigma,-0.5335670113563538,0.0005978447152301669,5,,,,,,42
verified_screening,44,perturb_1sigma,-0.5374783873558044,0.0004060161882080138,5,,,,,,42
verified_screening,44,perturb_2sigma,-0.4211077094078064,0.0003384493466001004,5,,,,,,42
verified_screening,45,supervised,-0.07627377659082413,0.014694744837470353,5,,,,,,42
verified_screening,45,actor,-0.07627377659082413,0.014694744837470353,5,,,,,,42
verified_screening,45,zero,-0.28445351123809814,0.016513915732502937,5,,,,,,42
verified_screening,45,random,-0.2439945638179779,0.014973573735915124,5,,,,,,42
verified_screening,45,shuffled,-0.14054390788078308,0.01880462421104312,5,,,,,,42
verified_screening,45,perturb_0.25sigma,-0.08767975866794586,0.014944976079277694,5,,,,,,42
verified_screening,45,perturb_0.5sigma,-0.0716744214296341,0.014532779809087515,5,,,,,,42
verified_screening,45,perturb_1sigma,-0.033871814608573914,0.019104833249002695,5,,,,,,42
verified_screening,45,perturb_2sigma,-0.04685894399881363,0.01682032714597881,5,,,,,,42
verified_screening,46,supervised,-0.16147750616073608,0.011297706398181617,5,,,,,,42
verified_screening,46,actor,-0.16147750616073608,0.011297706398181617,5,,,,,,42
verified_screening,46,zero,-0.32218611240386963,0.012597264954820275,5,,,,,,42
verified_screening,46,random,-0.09001648426055908,0.013447482604533434,5,,,,,,42
verified_screening,46,shuffled,-0.2761402726173401,0.014273442327976227,5,,,,,,42
verified_screening,46,perturb_0.25sigma,-0.19343483448028564,0.011886296095326543,5,,,,,,42
verified_screening,46,perturb_0.5sigma,-0.14647066593170166,0.010817585280165076,5,,,,,,42
verified_screening,46,perturb_1sigma,-0.298233300447464,0.013704910408705473,5,,,,,,42
verified_screening,46,perturb_2sigma,-0.47151488065719604,0.007838354329578578,5,,,,,,42
verified_screening,47,supervised,-0.32975152134895325,0.008459113305434585,5,,,,,,42
verified_screening,47,actor,-0.32975152134895325,0.008459113305434585,5,,,,,,42
verified_screening,47,zero,-0.37106484174728394,0.009353188565000892,5,,,,,,42
verified_screening,47,random,-0.3235907554626465,0.0094880445394665,5,,,,,,42
verified_screening,47,shuffled,-0.3031098246574402,0.01049263239838183,5,,,,,,42
verified_screening,47,perturb_0.25sigma,-0.32495439052581787,0.008421893697232008,5,,,,,,42
verified_screening,47,perturb_0.5sigma,-0.3173450231552124,0.009558395016938448,5,,,,,,42
verified_screening,47,perturb_1sigma,-0.3185439705848694,0.008009924553334713,5,,,,,,42
verified_screening,47,perturb_2sigma,-0.30377209186553955,0.00981383235193789,5,,,,,,42
verified_screening,48,supervised,-0.43775326013565063,0.005882303696125746,5,,,,,,42
verified_screening,48,actor,-0.43775326013565063,0.005882303696125746,5,,,,,,42
verified_screening,48,zero,-0.33060914278030396,0.006544044241309166,5,,,,,,42
verified_screening,48,random,0.07040336728096008,0.008321317378431559,5,,,,,,42
verified_screening,48,shuffled,-0.17703655362129211,0.007335691247135401,5,,,,,,42
verified_screening,48,perturb_0.25sigma,-0.4861905872821808,0.005645334254950285,5,,,,,,42
verified_screening,48,perturb_0.5sigma,-0.47698548436164856,0.005735347280278802,5,,,,,,42
verified_screening,48,perturb_1sigma,-0.6171785593032837,0.004543249495327473,5,,,,,,42
verified_screening,48,perturb_2sigma,-0.2843177914619446,0.006479911273345351,5,,,,,,42
verified_screening,49,supervised,-0.5815063714981079,0.003412803402170539,5,,,,,,42
verified_screening,49,actor,-0.5815063714981079,0.003412803402170539,5,,,,,,42
verified_screening,49,zero,-0.33946433663368225,0.004000949207693338,5,,,,,,42
verified_screening,49,random,0.16303017735481262,0.005662661045789719,5,,,,,,42
verified_screening,49,shuffled,-0.1265457570552826,0.004639058839529753,5,,,,,,42
verified_screening,49,perturb_0.25sigma,-0.5432138442993164,0.0034813517704606056,5,,,,,,42
verified_screening,49,perturb_0.5sigma,-0.15993568301200867,0.004521816503256559,5,,,,,,42
verified_screening,49,perturb_1sigma,-0.6206912398338318,0.0035060530062764883,5,,,,,,42
verified_screening,49,perturb_2sigma,-0.5555134415626526,0.003346990793943405,5,,,,,,42
verified_screening,50,supervised,-0.07627377659082413,0.014694744837470353,5,,,,,,42
verified_screening,50,actor,-0.07627377659082413,0.014694744837470353,5,,,,,,42
verified_screening,50,zero,-0.28445351123809814,0.016513915732502937,5,,,,,,42
verified_screening,50,random,-0.1139274463057518,0.019440337317064404,5,,,,,,42
verified_screening,50,shuffled,-0.14054390788078308,0.01880462421104312,5,,,,,,42
verified_screening,50,perturb_0.25sigma,-0.06309713423252106,0.014473436982370913,5,,,,,,42
verified_screening,50,perturb_0.5sigma,-0.12683972716331482,0.013862812193110585,5,,,,,,42
verified_screening,50,perturb_1sigma,-0.05212321877479553,0.013127755839377642,5,,,,,,42
verified_screening,50,perturb_2sigma,-0.2351064682006836,0.015110515640117228,5,,,,,,42
verified_screening,51,supervised,-0.16794149577617645,0.012161454884335399,5,,,,,,42
verified_screening,51,actor,-0.16794149577617645,0.012161454884335399,5,,,,,,42
verified_screening,51,zero,-0.33261334896087646,0.013376976596191525,5,,,,,,42
verified_screening,51,random,-0.24597780406475067,0.014987155795097351,5,,,,,,42
verified_screening,51,shuffled,-0.2977078855037689,0.015073378337547183,5,,,,,,42
verified_screening,51,perturb_0.25sigma,-0.16088557243347168,0.012175673386082053,5,,,,,,42
verified_screening,51,perturb_0.5sigma,-0.1824926733970642,0.010771763627417386,5,,,,,,42
verified_screening,51,perturb_1sigma,-0.22004318237304688,0.010810994659550488,5,,,,,,42
verified_screening,51,perturb_2sigma,-0.20869798958301544,0.009507716167718172,5,,,,,,42
verified_screening,52,supervised,-0.34532642364501953,0.008861246518790722,5,,,,,,42
verified_screening,52,actor,-0.34532642364501953,0.008861246518790722,5,,,,,,42
verified_screening,52,zero,-0.371599018573761,0.009652528678998351,5,,,,,,42
verified_screening,52,random,-0.34550535678863525,0.006695698481053114,5,,,,,,42
verified_screening,52,shuffled,-0.31433916091918945,0.010769517160952091,5,,,,,,42
verified_screening,52,perturb_0.25sigma,-0.31461217999458313,0.00861145555973053,5,,,,,,42
verified_screening,52,perturb_0.5sigma,-0.3149992823600769,0.008436885895207524,5,,,,,,42
verified_screening,52,perturb_1sigma,-0.3338692784309387,0.0076130254892632365,5,,,,,,42
verified_screening,52,perturb_2sigma,-0.27851468324661255,0.0064906199695542455,5,,,,,,42
verified_screening,53,supervised,-0.33825039863586426,0.007030610926449299,5,,,,,,42
verified_screening,53,actor,-0.33825039863586426,0.007030610926449299,5,,,,,,42
verified_screening,53,zero,-0.2632627487182617,0.007599851582199335,5,,,,,,42
verified_screening,53,random,-0.35322582721710205,0.006343262502923608,5,,,,,,42
verified_screening,53,shuffled,-0.14436300098896027,0.008191834902390838,5,,,,,,42
verified_screening,53,perturb_0.25sigma,-0.3556146025657654,0.006427632411941886,5,,,,,,42
verified_screening,53,perturb_0.5sigma,-0.33647000789642334,0.006402589613571763,5,,,,,,42
verified_screening,53,perturb_1sigma,-0.32105186581611633,0.006962805287912488,5,,,,,,42
verified_screening,53,perturb_2sigma,-0.2639077305793762,0.00772729073651135,5,,,,,,42
verified_screening,54,supervised,-0.30005040764808655,0.0041773635894060135,5,,,,,,42
verified_screening,54,actor,-0.30005040764808655,0.0041773635894060135,5,,,,,,42
verified_screening,54,zero,-0.18960610032081604,0.004569872748106718,5,,,,,,42
verified_screening,54,random,-0.40829581022262573,0.0029574166983366013,5,,,,,,42
verified_screening,54,shuffled,-0.06627778708934784,0.004981560632586479,5,,,,,,42
verified_screening,54,perturb_0.25sigma,-0.24145129323005676,0.004492025822401047,5,,,,,,42
verified_screening,54,perturb_0.5sigma,-0.3652121424674988,0.00374312954954803,5,,,,,,42
verified_screening,54,perturb_1sigma,-0.38974881172180176,0.0035318194422870874,5,,,,,,42
verified_screening,54,perturb_2sigma,-0.40676236152648926,0.0025786522310227156,5,,,,,,42
verified_screening,55,supervised,0.19744166731834412,0.1271325834095478,5,,,,,,42
verified_screening,55,actor,0.19744166731834412,0.1271325834095478,5,,,,,,42
verified_screening,55,zero,-0.27550554275512695,0.023855533450841904,5,,,,,,42
verified_screening,55,random,-0.27944397926330566,0.03448288328945637,5,,,,,,42
verified_screening,55,shuffled,-0.6791792511940002,0.0038994550704956055,5,,,,,,42
verified_screening,55,perturb_0.25sigma,0.24710658192634583,0.13534798100590706,5,,,,,,42
verified_screening,55,perturb_0.5sigma,0.17307999730110168,0.12723436020314693,5,,,,,,42
verified_screening,55,perturb_1sigma,-0.008264757692813873,0.12332498468458652,5,,,,,,42
verified_screening,55,perturb_2sigma,0.029972560703754425,0.1270911730825901,5,,,,,,42
verified_screening,56,supervised,0.5361226797103882,0.108834033831954,5,,,,,,42
verified_screening,56,actor,0.5361226797103882,0.108834033831954,5,,,,,,42
verified_screening,56,zero,-0.4602164626121521,-0.0179627425968647,5,,,,,,42
verified_screening,56,random,-0.5397589802742004,-0.03394486382603645,5,,,,,,42
verified_screening,56,shuffled,-0.7108604311943054,-0.04089991748332977,5,,,,,,42
verified_screening,56,perturb_0.25sigma,0.35605645179748535,0.10109087079763412,5,,,,,,42
verified_screening,56,perturb_0.5sigma,0.415096640586853,0.10979079827666283,5,,,,,,42
verified_screening,56,perturb_1sigma,0.45288902521133423,0.11932512372732162,5,,,,,,42
verified_screening,56,perturb_2sigma,-0.43585336208343506,-0.02109193615615368,5,,,,,,42
verified_screening,57,supervised,0.5605155229568481,0.08922458067536354,5,,,,,,42
verified_screening,57,actor,0.5605155229568481,0.08922458067536354,5,,,,,,42
verified_screening,57,zero,-0.6702544093132019,-0.07735750079154968,5,,,,,,42
verified_screening,57,random,-0.7177152633666992,-0.08783036470413208,5,,,,,,42
verified_screening,57,shuffled,-0.963079571723938,-0.10334242507815361,5,,,,,,42
verified_screening,57,perturb_0.25sigma,0.5285742282867432,0.0983530841767788,5,,,,,,42
verified_screening,57,perturb_0.5sigma,-0.4548812508583069,-8.816644549369812e-05,5,,,,,,42
verified_screening,57,perturb_1sigma,-0.5367419123649597,-0.029956674203276634,5,,,,,,42
verified_screening,57,perturb_2sigma,-0.6731922030448914,-0.06691022589802742,5,,,,,,42
verified_screening,58,supervised,0.6112450361251831,0.0686120018362999,5,,,,,,42
verified_screening,58,actor,0.6112450361251831,0.0686120018362999,5,,,,,,42
verified_screening,58,zero,-1.2753143310546875,-0.173970814794302,5,,,,,,42
verified_screening,58,random,-1.200626254081726,-0.16457025334239006,5,,,,,,42
verified_screening,58,shuffled,-1.6783936023712158,-0.2046983279287815,5,,,,,,42
verified_screening,58,perturb_0.25sigma,0.6618205308914185,0.07098247855901718,5,,,,,,42
verified_screening,58,perturb_0.5sigma,0.2635996341705322,0.05892523378133774,5,,,,,,42
verified_screening,58,perturb_1sigma,-0.48178961873054504,0.05863845348358154,5,,,,,,42
verified_screening,58,perturb_2sigma,0.5073907375335693,0.07013970240950584,5,,,,,,42
verified_screening,59,supervised,0.4708072543144226,0.04418976977467537,5,,,,,,42
verified_screening,59,actor,0.4708072543144226,0.04418976977467537,5,,,,,,42
verified_screening,59,zero,-1.5201717615127563,-0.3501506447792053,5,,,,,,42
verified_screening,59,random,-1.5449239015579224,-0.3558897376060486,5,,,,,,42
verified_screening,59,shuffled,-2.1116585731506348,-0.38649001717567444,5,,,,,,42
verified_screening,59,perturb_0.25sigma,0.3884097933769226,0.04189426451921463,5,,,,,,42
verified_screening,59,perturb_0.5sigma,-0.9156155586242676,-0.1323416829109192,5,,,,,,42
verified_screening,59,perturb_1sigma,-1.3462311029434204,-0.32470354437828064,5,,,,,,42
verified_screening,59,perturb_2sigma,-2.1826980113983154,-0.25426316261291504,5,,,,,,42
verified_screening,60,supervised,0.19744166731834412,0.1271325834095478,5,,,,,,42
verified_screening,60,actor,0.19744166731834412,0.1271325834095478,5,,,,,,42
verified_screening,60,zero,-0.27550554275512695,0.023855533450841904,5,,,,,,42
verified_screening,60,random,-0.30062025785446167,0.01782149262726307,5,,,,,,42
verified_screening,60,shuffled,-0.6791792511940002,0.0038994550704956055,5,,,,,,42
verified_screening,60,perturb_0.25sigma,0.18695977330207825,0.124671071767807,5,,,,,,42
verified_screening,60,perturb_0.5sigma,0.1339145302772522,0.12564883194863796,5,,,,,,42
verified_screening,60,perturb_1sigma,0.34600022435188293,0.13781582564115524,5,,,,,,42
verified_screening,60,perturb_2sigma,0.22630050778388977,0.1427151970565319,5,,,,,,42
verified_screening,61,supervised,-0.3997476100921631,0.002401638630544767,5,,,,,,42
verified_screening,61,actor,-0.3997476100921631,0.002401638630544767,5,,,,,,42
verified_screening,61,zero,-0.2936091423034668,0.003319934563478455,5,,,,,,42
verified_screening,61,random,-0.5217094421386719,0.002382372345891781,5,,,,,,42
verified_screening,61,shuffled,0.2624734044075012,0.0033961243752855808,5,,,,,,42
verified_screening,61,perturb_0.25sigma,-0.4138631224632263,0.002414022834273055,5,,,,,,42
verified_screening,61,perturb_0.5sigma,-0.4364885091781616,0.0023413361195707694,5,,,,,,42
verified_screening,61,perturb_1sigma,-0.43870168924331665,0.0023527548037236556,5,,,,,,42
verified_screening,61,perturb_2sigma,-0.38105159997940063,0.0022154447942739353,5,,,,,,42
verified_screening,62,supervised,-0.34905797243118286,0.0009688396712590475,5,,,,,,42
verified_screening,62,actor,-0.34905797243118286,0.0009688396712590475,5,,,,,,42
verified_screening,62,zero,-0.3608347177505493,0.0018453403317835182,5,,,,,,42
verified_screening,62,random,-0.06409425288438797,0.002169460349250585,5,,,,,,42
verified_screening,62,shuffled,0.25134706497192383,0.002173430286347866,5,,,,,,42
verified_screening,62,perturb_0.25sigma,-0.34750187397003174,0.0009484729307587259,5,,,,,,42
verified_screening,62,perturb_0.5sigma,-0.3458790183067322,0.000909264272195287,5,,,,,,42
verified_screening,62,perturb_1sigma,-0.39847373962402344,0.0008035658174776472,5,,,,,,42
verified_screening,62,perturb_2sigma,-0.3754061460494995,0.00100175342959119,5,,,,,,42
verified_screening,63,supervised,-0.2978348731994629,0.00037663871989934705,5,,,,,,42
verified_screening,63,actor,-0.2978348731994629,0.00037663871989934705,5,,,,,,42
verified_screening,63,zero,-0.367426335811615,0.0011730450714821927,5,,,,,,42
verified_screening,63,random,-0.2952572703361511,0.0014199168654158711,5,,,,,,42
verified_screening,63,shuffled,0.2155877947807312,0.0016252063942374662,5,,,,,,42
verified_screening,63,perturb_0.25sigma,-0.323333203792572,0.00041779852654144634,5,,,,,,42
verified_screening,63,perturb_0.5sigma,-0.2666458487510681,0.00043968689533357974,5,,,,,,42
verified_screening,63,perturb_1sigma,-0.2983577847480774,0.0003617974307417171,5,,,,,,42
verified_screening,63,perturb_2sigma,-0.27773618698120117,0.0002795069212879753,5,,,,,,42
verified_screening,64,supervised,-0.36627280712127686,0.0003777352030738257,5,,,,,,42
verified_screening,64,actor,-0.36627280712127686,0.0003777352030738257,5,,,,,,42
verified_screening,64,zero,-0.26488637924194336,0.001002888908260502,5,,,,,,42
verified_screening,64,random,-0.23870058357715607,0.0010683918808354065,5,,,,,,42
verified_screening,64,shuffled,-0.06587614864110947,0.0014920691028237343,5,,,,,,42
verified_screening,64,perturb_0.25sigma,-0.3657248616218567,0.0003958488423450035,5,,,,,,42
verified_screening,64,perturb_0.5sigma,-0.3811824321746826,0.00034543667042896686,5,,,,,,42
verified_screening,64,perturb_1sigma,-0.3395535945892334,0.00045185969975136686,5,,,,,,42
verified_screening,64,perturb_2sigma,-0.30746403336524963,0.00016334515385096893,5,,,,,,42
verified_screening,65,supervised,-0.5463244915008545,0.0005047952872700989,5,,,,,,42
verified_screening,65,actor,-0.5463244915008545,0.0005047952872700989,5,,,,,,42
verified_screening,65,zero,-0.19029450416564941,0.0008553747902624309,5,,,,,,42
verified_screening,65,random,-0.28593653440475464,0.0006443139864131808,5,,,,,,42
verified_screening,65,shuffled,-0.17402778565883636,0.0013213894562795758,5,,,,,,42
verified_screening,65,perturb_0.25sigma,-0.582563579082489,0.0005759192863479257,5,,,,,,42
verified_screening,65,perturb_0.5sigma,-0.4906753897666931,0.00034751134808175266,5,,,,,,42
verified_screening,65,perturb_1sigma,-0.3932234048843384,0.0003883836034219712,5,,,,,,42
verified_screening,65,perturb_2sigma,-0.6184720993041992,0.0007911710417829454,5,,,,,,42
verified_screening,66,supervised,-0.2534327805042267,0.0047305556217907,5,,,,,,42
verified_screening,66,actor,-0.2534327805042267,0.0047305556217907,5,,,,,,42
verified_screening,66,zero,-0.280762642621994,0.006437782372813672,5,,,,,,42
verified_screening,66,random,-0.25648605823516846,0.006610647542402148,5,,,,,,42
verified_screening,66,shuffled,0.08138267695903778,0.00747385248541832,5,,,,,,42
verified_screening,66,perturb_0.25sigma,-0.17080819606781006,0.005018872529035434,5,,,,,,42
verified_screening,66,perturb_0.5sigma,-0.3517877459526062,0.004456672475498635,5,,,,,,42
verified_screening,66,perturb_1sigma,-0.10548078268766403,0.005227702844422311,5,,,,,,42
verified_screening,66,perturb_2sigma,-0.09509646147489548,0.006894432590343058,5,,,,,,42
verified_screening,67,supervised,-0.25744199752807617,0.0023315804264711915,5,,,,,,42
verified_screening,67,actor,-0.25744199752807617,0.0023315804264711915,5,,,,,,42
verified_screening,67,zero,-0.33780455589294434,0.003700130560901016,5,,,,,,42
verified_screening,67,random,-0.31445351243019104,0.004385701089631766,5,,,,,,42
verified_screening,67,shuffled,-0.032258134335279465,0.00506088903057389,5,,,,,,42
verified_screening,67,perturb_0.25sigma,-0.17668858170509338,0.0024898030405893223,5,,,,,,42
verified_screening,67,perturb_0.5sigma,-0.15818022191524506,0.0026666594931157306,5,,,,,,42
verified_screening,67,perturb_1sigma,-0.2959499955177307,0.002347247734633129,5,,,,,,42
verified_screening,67,perturb_2sigma,-0.2645982503890991,0.0023327386879827827,5,,,,,,42
verified_screening,68,supervised,-0.4286068379878998,0.0010795104317367077,5,,,,,,42
verified_screening,68,actor,-0.4286068379878998,0.0010795104317367077,5,,,,,,42
verified_screening,68,zero,-0.3858846426010132,0.0021623047650791705,5,,,,,,42
verified_screening,68,random,-0.28344500064849854,0.0014950020449759904,5,,,,,,42
verified_screening,68,shuffled,0.04615253955125809,0.0036261780187487602,5,,,,,,42
verified_screening,68,perturb_0.25sigma,-0.420183390378952,0.0011151419239467941,5,,,,,,42
verified_screening,68,perturb_0.5sigma,-0.5338426828384399,0.0009091761166928336,5,,,,,,42
verified_screening,68,perturb_1sigma,-0.32201701402664185,0.001612703999853693,5,,,,,,42
verified_screening,68,perturb_2sigma,-0.558479905128479,0.0008198427240131423,5,,,,,,42
verified_screening,69,supervised,-0.5375505089759827,0.0006442035373765975,5,,,,,,42
verified_screening,69,actor,-0.5375505089759827,0.0006442035373765975,5,,,,,,42
verified_screening,69,zero,-0.31883084774017334,0.0014565337041858584,5,,,,,,42
verified_screening,69,random,-0.2919912338256836,0.0015383874415419996,5,,,,,,42
verified_screening,69,shuffled,-0.1378709375858307,0.0028622617246583104,5,,,,,,42
verified_screening,69,perturb_0.25sigma,-0.532529890537262,0.000672592876071576,5,,,,,,42
verified_screening,69,perturb_0.5sigma,-0.5089923739433289,0.0006925920388312079,5,,,,,,42
verified_screening,69,perturb_1sigma,-0.44996511936187744,0.0008178460848284885,5,,,,,,42
verified_screening,69,perturb_2sigma,-0.24055734276771545,0.0012856964121965575,5,,,,,,42
verified_screening,70,supervised,-0.7678862810134888,0.0006338214734569192,5,,,,,,42
verified_screening,70,actor,-0.7678862810134888,0.0006338214734569192,5,,,,,,42
verified_screening,70,zero,-0.2830241322517395,0.0011441839160397649,5,,,,,,42
verified_screening,70,random,-0.13336125016212463,0.0015403757570311427,5,,,,,,42
verified_screening,70,shuffled,-0.08267302811145782,0.00242860266007483,5,,,,,,42
verified_screening,70,perturb_0.25sigma,-0.6557989120483398,0.0006092846160754561,5,,,,,,42
verified_screening,70,perturb_0.5sigma,-0.7647101879119873,0.0007006516680121422,5,,,,,,42
verified_screening,70,perturb_1sigma,-0.7907529473304749,0.0006634809542447329,5,,,,,,42
verified_screening,70,perturb_2sigma,-0.5716454982757568,0.0010204586433246732,5,,,,,,42
verified_screening,71,supervised,-0.40466368198394775,0.003846080508083105,5,,,,,,42
verified_screening,71,actor,-0.40466368198394775,0.003846080508083105,5,,,,,,42
verified_screening,71,zero,-0.30907872319221497,0.004104122286662459,5,,,,,,42
verified_screening,71,random,-0.24179388582706451,0.004016714752651751,5,,,,,,42
verified_screening,71,shuffled,0.28251224756240845,0.004019615065772086,5,,,,,,42
verified_screening,71,perturb_0.25sigma,-0.42925912141799927,0.003851440444123,5,,,,,,42
verified_screening,71,perturb_0.5sigma,-0.41557449102401733,0.00382940232520923,5,,,,,,42
verified_screening,71,perturb_1sigma,-0.343936562538147,0.003848821041174233,5,,,,,,42
verified_screening,71,perturb_2sigma,-0.4988788962364197,0.00378913531312719,5,,,,,,42
verified_screening,72,supervised,-0.3157108426094055,0.002466854639351368,5,,,,,,42
verified_screening,72,actor,-0.3157108426094055,0.002466854639351368,5,,,,,,42
verified_screening,72,zero,-0.3684799075126648,0.002797372522763908,5,,,,,,42
verified_screening,72,random,-0.03753066807985306,0.002851177239790559,5,,,,,,42
verified_screening,72,shuffled,0.26524877548217773,0.002768253907561302,5,,,,,,42
verified_screening,72,perturb_0.25sigma,-0.3104851245880127,0.0024106174241751432,5,,,,,,42
verified_screening,72,perturb_0.5sigma,-0.3137931823730469,0.002450769825372845,5,,,,,,42
verified_screening,72,perturb_1sigma,-0.3150123953819275,0.002567404881119728,5,,,,,,42
verified_screening,72,perturb_2sigma,-0.17324629426002502,0.0025726526509970427,5,,,,,,42
verified_screening,73,supervised,-0.27625417709350586,0.0015622085775248706,5,,,,,,42
verified_screening,73,actor,-0.27625417709350586,0.0015622085775248706,5,,,,,,42
verified_screening,73,zero,-0.34774160385131836,0.0019141850643791258,5,,,,,,42
verified_screening,73,random,-0.20320890843868256,0.001985647773835808,5,,,,,,42
verified_screening,73,shuffled,0.14731086790561676,0.0019047281821258366,5,,,,,,42
verified_screening,73,perturb_0.25sigma,-0.27319037914276123,0.001524080231320113,5,,,,,,42
verified_screening,73,perturb_0.5sigma,-0.2617630362510681,0.001541596167953685,5,,,,,,42
verified_screening,73,perturb_1sigma,-0.2824004888534546,0.001557203650008887,5,,,,,,42
verified_screening,73,perturb_2sigma,-0.29396289587020874,0.0013944356760475785,5,,,,,,42
verified_screening,74,supervised,-0.35996025800704956,0.0010822922922670841,5,,,,,,42
verified_screening,74,actor,-0.35996025800704956,0.0010822922922670841,5,,,,,,42
verified_screening,74,zero,-0.24106180667877197,0.0013800589949823916,5,,,,,,42
verified_screening,74,random,-0.3617921471595764,0.0009656444308348,5,,,,,,42
verified_screening,74,shuffled,-0.06543722748756409,0.0013745343312621117,5,,,,,,42
verified_screening,74,perturb_0.25sigma,-0.36437124013900757,0.0011244636843912303,5,,,,,,42
verified_screening,74,perturb_0.5sigma,-0.37416326999664307,0.0010403553023934364,5,,,,,,42
verified_screening,74,perturb_1sigma,-0.385681688785553,0.0010509583225939423,5,,,,,,42
verified_screening,74,perturb_2sigma,-0.35048574209213257,0.0010501215292606503,5,,,,,,42
verified_screening,75,supervised,-0.5724241733551025,0.0006845825118944049,5,,,,,,42
verified_screening,75,actor,-0.5724241733551025,0.0006845825118944049,5,,,,,,42
verified_screening,75,zero,-0.17282134294509888,0.0008489243336953223,5,,,,,,42
verified_screening,75,random,-0.022313930094242096,0.000887862523086369,5,,,,,,42
verified_screening,75,shuffled,-0.22644177079200745,0.0007921629003249109,5,,,,,,42
verified_screening,75,perturb_0.25sigma,-0.564831554889679,0.0006331194308586419,5,,,,,,42
verified_screening,75,perturb_0.5sigma,-0.5707629323005676,0.0007069774437695742,5,,,,,,42
verified_screening,75,perturb_1sigma,-0.49983906745910645,0.0007343774195760489,5,,,,,,42
verified_screening,75,perturb_2sigma,-0.4726649522781372,0.0005036061629652977,5,,,,,,42
verified_screening,76,supervised,-0.05917572230100632,0.06167957838624716,5,,,,,,42
verified_screening,76,actor,-0.05917572230100632,0.06167957838624716,5,,,,,,42
verified_screening,76,zero,-0.24095754325389862,0.04854254378005862,5,,,,,,42
verified_screening,76,random,-0.37329018115997314,0.04191399738192558,5,,,,,,42
verified_screening,76,shuffled,-0.4095219373703003,0.04093403974547982,5,,,,,,42
verified_screening,76,perturb_0.25sigma,-0.049273476004600525,0.06330707296729088,5,,,,,,42
verified_screening,76,perturb_0.5sigma,-0.10047091543674469,0.052021993324160576,5,,,,,,42
verified_screening,76,perturb_1sigma,-0.13891759514808655,0.05347805144265294,5,,,,,,42
verified_screening,76,perturb_2sigma,-0.22436627745628357,0.04227834613993764,5,,,,,,42
verified_screening,77,supervised,-0.016107648611068726,0.05277583189308643,5,,,,,,42
verified_screening,77,actor,-0.016107648611068726,0.05277583189308643,5,,,,,,42
verified_screening,77,zero,-0.21944904327392578,0.03913413337431848,5,,,,,,42
verified_screening,77,random,-0.11534208059310913,0.04569626646116376,5,,,,,,42
verified_screening,77,shuffled,-0.2685956656932831,0.03165916260331869,5,,,,,,42
verified_screening,77,perturb_0.25sigma,-0.004877068102359772,0.05329892225563526,5,,,,,,42
verified_screening,77,perturb_0.5sigma,-0.10036036372184753,0.045003095641732216,5,,,,,,42
verified_screening,77,perturb_1sigma,-0.023469381034374237,0.05436119809746742,5,,,,,,42
verified_screening,77,perturb_2sigma,0.051005780696868896,0.05399892199784517,5,,,,,,42
verified_screening,78,supervised,0.144082710146904,0.043004946783185005,5,,,,,,42
verified_screening,78,actor,0.144082710146904,0.043004946783185005,5,,,,,,42
verified_screening,78,zero,-0.2841196358203888,0.029081991175189614,5,,,,,,42
verified_screening,78,random,-0.2855847477912903,0.029346762225031853,5,,,,,,42
verified_screening,78,shuffled,-0.4254254996776581,0.022001510486006737,5,,,,,,42
verified_screening,78,perturb_0.25sigma,0.06113313138484955,0.04056709911674261,5,,,,,,42
verified_screening,78,perturb_0.5sigma,0.22913877665996552,0.04545522574335337,5,,,,,,42
verified_screening,78,perturb_1sigma,0.18457570672035217,0.04574820026755333,5,,,,,,42
verified_screening,78,perturb_2sigma,-0.05380778759717941,0.035986862145364285,5,,,,,,42
verified_screening,79,supervised,0.19907937943935394,0.0317259319126606,5,,,,,,42
verified_screening,79,actor,0.19907937943935394,0.0317259319126606,5,,,,,,42
verified_screening,79,zero,-0.34748053550720215,0.017458631424233317,5,,,,,,42
verified_screening,79,random,-0.6911449432373047,0.010020483285188675,5,,,,,,42
verified_screening,79,shuffled,-0.6244112253189087,0.010859986301511526,5,,,,,,42
verified_screening,79,perturb_0.25sigma,0.21247611939907074,0.03149489685893059,5,,,,,,42
verified_screening,79,perturb_0.5sigma,0.13883915543556213,0.030856969766318798,5,,,,,,42
verified_screening,79,perturb_1sigma,0.23507432639598846,0.030764986760914326,5,,,,,,42
verified_screening,79,perturb_2sigma,-0.42236992716789246,0.01494798407657072,5,,,,,,42
verified_screening,-1,summary,,,5,,0.5172268907563026,0.75541153056557,0.6125,0.775,42
td3_bc,0,supervised,0.1694452464580536,0.010559701011516154,5,,,,,,42
td3_bc,0,actor,0.1694452464580536,0.010559701011516154,5,,,,,,42
td3_bc,0,zero,0.0108395516872406,0.012560793082229793,5,,,,,,42
td3_bc,0,random,0.07015444338321686,0.014225345104932785,5,,,,,,42
td3_bc,0,shuffled,0.043859124183654785,0.014924878370948136,5,,,,,,42
td3_bc,0,perturb_0.25sigma,0.1757950782775879,0.010490586166270077,5,,,,,,42
td3_bc,0,perturb_0.5sigma,0.07811425626277924,0.011888386681675911,5,,,,,,42
td3_bc,0,perturb_1sigma,-0.06885485351085663,0.008719470235519111,5,,,,,,42
td3_bc,0,perturb_2sigma,-0.25511518120765686,0.007703682815190405,5,,,,,,42
td3_bc,1,supervised,0.13777491450309753,0.007555431337095797,5,,,,,,42
td3_bc,1,actor,0.13777491450309753,0.007555431337095797,5,,,,,,42
td3_bc,1,zero,-0.062270767986774445,0.009053332381881773,5,,,,,,42
td3_bc,1,random,0.18079134821891785,0.011246053385548294,5,,,,,,42
td3_bc,1,shuffled,-0.027307838201522827,0.011032998678274453,5,,,,,,42
td3_bc,1,perturb_0.25sigma,0.10149505734443665,0.007876636693254113,5,,,,,,42
td3_bc,1,perturb_0.5sigma,0.12932297587394714,0.007691961945965886,5,,,,,,42
td3_bc,1,perturb_1sigma,-0.033931076526641846,0.008942703134380281,5,,,,,,42
td3_bc,1,perturb_2sigma,-0.0006681829690933228,0.008925197878852487,5,,,,,,42
td3_bc,2,supervised,0.04277561604976654,0.005309184663929045,5,,,,,,42
td3_bc,2,actor,0.04277561604976654,0.005309184663929045,5,,,,,,42
td3_bc,2,zero,-0.1282157599925995,0.006377317942678928,5,,,,,,42
td3_bc,2,random,0.04278552532196045,0.004846333875320852,5,,,,,,42
td3_bc,2,shuffled,-0.03022041916847229,0.007965134805999696,5,,,,,,42
td3_bc,2,perturb_0.25sigma,0.0007940679788589478,0.00550275924615562,5,,,,,,42
td3_bc,2,perturb_0.5sigma,0.011640965938568115,0.005622665863484144,5,,,,,,42
td3_bc,2,perturb_1sigma,-0.11884362995624542,0.00645717978477478,5,,,,,,42
td3_bc,2,perturb_2sigma,-0.009778499603271484,0.0052380908746272326,5,,,,,,42
td3_bc,3,supervised,-0.15314699709415436,0.0035429183626547456,5,,,,,,42
td3_bc,3,actor,-0.15314699709415436,0.0035429183626547456,5,,,,,,42
td3_bc,3,zero,-0.15465454757213593,0.004332878859713674,5,,,,,,42
td3_bc,3,random,-0.015306130051612854,0.00290745438542217,5,,,,,,42
td3_bc,3,shuffled,0.033069103956222534,0.005607503466308117,5,,,,,,42
td3_bc,3,perturb_0.25sigma,-0.18881987035274506,0.0038541804533451796,5,,,,,,42
td3_bc,3,perturb_0.5sigma,-0.15742062032222748,0.003865754697471857,5,,,,,,42
td3_bc,3,perturb_1sigma,-0.024051785469055176,0.0033066001487895846,5,,,,,,42
td3_bc,3,perturb_2sigma,0.013247281312942505,0.0035948887816630304,5,,,,,,42
td3_bc,4,supervised,-0.25401896238327026,0.002059194492176175,5,,,,,,42
td3_bc,4,actor,-0.25401896238327026,0.002059194492176175,5,,,,,,42
td3_bc,4,zero,-0.10775099694728851,0.0026903452817350626,5,,,,,,42
td3_bc,4,random,-0.10812036693096161,0.002618176629766822,5,,,,,,42
td3_bc,4,shuffled,0.047029048204422,0.0037402957677841187,5,,,,,,42
td3_bc,4,perturb_0.25sigma,-0.2655411958694458,0.001976389903575182,5,,,,,,42
td3_bc,4,perturb_0.5sigma,-0.07860472798347473,0.002561104018241167,5,,,,,,42
td3_bc,4,perturb_1sigma,-0.3086080551147461,0.001077692722901702,5,,,,,,42
td3_bc,4,perturb_2sigma,-0.2450464516878128,0.0017763609066605568,5,,,,,,42
td3_bc,5,supervised,0.1694452464580536,0.010559701011516154,5,,,,,,42
td3_bc,5,actor,0.1694452464580536,0.010559701011516154,5,,,,,,42
td3_bc,5,zero,0.0108395516872406,0.012560793082229793,5,,,,,,42
td3_bc,5,random,0.03367888927459717,0.011103377910330892,5,,,,,,42
td3_bc,5,shuffled,0.043859124183654785,0.014924878370948136,5,,,,,,42
td3_bc,5,perturb_0.25sigma,0.18344125151634216,0.010321283130906522,5,,,,,,42
td3_bc,5,perturb_0.5sigma,-0.0072365254163742065,0.01373877632431686,5,,,,,,42
td3_bc,5,perturb_1sigma,0.037756770849227905,0.014409399591386318,5,,,,,,42
td3_bc,5,perturb_2sigma,-0.16490936279296875,0.007972556457389146,5,,,,,,42
td3_bc,6,supervised,0.13811954855918884,0.008660795399919152,5,,,,,,42
td3_bc,6,actor,0.13811954855918884,0.008660795399919152,5,,,,,,42
td3_bc,6,zero,-0.06824272871017456,0.010094431694597006,5,,,,,,42
td3_bc,6,random,-0.0437336340546608,0.011364513542503119,5,,,,,,42
td3_bc,6,shuffled,-0.036666035652160645,0.012161833001300693,5,,,,,,42
td3_bc,6,perturb_0.25sigma,0.07826241850852966,0.009368144907057285,5,,,,,,42
td3_bc,6,perturb_0.5sigma,0.15604129433631897,0.008411924703978002,5,,,,,,42
td3_bc,6,perturb_1sigma,-0.10579048097133636,0.006336490390822291,5,,,,,,42
td3_bc,6,perturb_2sigma,0.09775164723396301,0.00924317049793899,5,,,,,,42
td3_bc,7,supervised,0.05109572410583496,0.006239298149012029,5,,,,,,42
td3_bc,7,actor,0.05109572410583496,0.006239298149012029,5,,,,,,42
td3_bc,7,zero,-0.10216990858316422,0.007238612626679242,5,,,,,,42
td3_bc,7,random,-0.03879329562187195,0.008507833117619157,5,,,,,,42
td3_bc,7,shuffled,-0.008614316582679749,0.009007835411466658,5,,,,,,42
td3_bc,7,perturb_0.25sigma,0.1001080572605133,0.005931093590334058,5,,,,,,42
td3_bc,7,perturb_0.5sigma,-0.09127020835876465,0.006912600249052048,5,,,,,,42
td3_bc,7,perturb_1sigma,0.095441073179245,0.006888807169161737,5,,,,,,42
td3_bc,7,perturb_2sigma,-0.017491966485977173,0.00417238031513989,5,,,,,,42
td3_bc,8,supervised,-0.16914738714694977,0.004874495672993362,5,,,,,,42
td3_bc,8,actor,-0.16914738714694977,0.004874495672993362,5,,,,,,42
td3_bc,8,zero,-0.10618044435977936,0.005565291969105601,5,,,,,,42
td3_bc,8,random,-0.11298124492168427,0.005520141334272921,5,,,,,,42
td3_bc,8,shuffled,0.07748514413833618,0.00671516265720129,5,,,,,,42
td3_bc,8,perturb_0.25sigma,-0.1703883558511734,0.005032970919273794,5,,,,,,42
td3_bc,8,perturb_0.5sigma,-0.11142526566982269,0.004268290009349585,5,,,,,,42
td3_bc,8,perturb_1sigma,0.20936334133148193,0.007525739260017872,5,,,,,,42
td3_bc,8,perturb_2sigma,-0.0005284398794174194,0.005674176383763552,5,,,,,,42
td3_bc,9,supervised,-0.21642373502254486,0.003223648527637124,5,,,,,,42
td3_bc,9,actor,-0.21642373502254486,0.003223648527637124,5,,,,,,42
td3_bc,9,zero,-0.05432656407356262,0.0037130978889763355,5,,,,,,42
td3_bc,9,random,-0.14347456395626068,0.003431097837164998,5,,,,,,42
td3_bc,9,shuffled,0.08831055462360382,0.004524424206465483,5,,,,,,42
td3_bc,9,perturb_0.25sigma,-0.2138393074274063,0.003213072195649147,5,,,,,,42
td3_bc,9,perturb_0.5sigma,-0.014485925436019897,0.0037134545855224133,5,,,,,,42
td3_bc,9,perturb_1sigma,-0.17404817044734955,0.0032418309710919857,5,,,,,,42
td3_bc,9,perturb_2sigma,0.1388050764799118,0.004101986531168222,5,,,,,,42
td3_bc,10,supervised,-0.10347951203584671,0.0024492258380632848,5,,,,,,42
td3_bc,10,actor,-0.10347951203584671,0.0024492258380632848,5,,,,,,42
td3_bc,10,zero,-0.009819507598876953,0.0032816469902172685,5,,,,,,42
td3_bc,10,random,0.07454796135425568,0.003014433052157983,5,,,,,,42
td3_bc,10,shuffled,0.253121554851532,0.0033497435797471553,5,,,,,,42
td3_bc,10,perturb_0.25sigma,-0.08722732216119766,0.0024452958605252206,5,,,,,,42
td3_bc,10,perturb_0.5sigma,-0.14450529217720032,0.0023965689179021865,5,,,,,,42
td3_bc,10,perturb_1sigma,-0.060064174234867096,0.0022841259196866304,5,,,,,,42
td3_bc,10,perturb_2sigma,-0.07118049263954163,0.0036053654621355236,5,,,,,,42
td3_bc,11,supervised,-0.0645691379904747,0.0010715954849729314,5,,,,,,42
td3_bc,11,actor,-0.0645691379904747,0.0010715954849729314,5,,,,,,42
td3_bc,11,zero,-0.06804248690605164,0.0018951852835016325,5,,,,,,42
td3_bc,11,random,0.09777137637138367,0.001091511221602559,5,,,,,,42
td3_bc,11,shuffled,0.24451953172683716,0.002165775338653475,5,,,,,,42
td3_bc,11,perturb_0.25sigma,-0.08250148594379425,0.0010226200538454577,5,,,,,,42
td3_bc,11,perturb_0.5sigma,-0.060729801654815674,0.0010955394827760756,5,,,,,,42
td3_bc,11,perturb_1sigma,-0.23610955476760864,0.0009926969069056213,5,,,,,,42
td3_bc,11,perturb_2sigma,0.17406579852104187,0.0012558168964460492,5,,,,,,42
td3_bc,12,supervised,-0.0029140859842300415,0.00047856099627097137,5,,,,,,42
td3_bc,12,actor,-0.0029140859842300415,0.00047856099627097137,5,,,,,,42
td3_bc,12,zero,-0.11074692010879517,0.0012450387002900243,5,,,,,,42
td3_bc,12,random,0.0020860880613327026,0.0009335348586319014,5,,,,,,42
td3_bc,12,shuffled,0.17665424942970276,0.0016059955669334158,5,,,,,,42
td3_bc,12,perturb_0.25sigma,-0.0006780326366424561,0.0004807066943612881,5,,,,,,42
td3_bc,12,perturb_0.5sigma,-0.04195238649845123,0.00045233898708829656,5,,,,,,42
td3_bc,12,perturb_1sigma,0.06046187877655029,0.0005074187720310874,5,,,,,,42
td3_bc,12,perturb_2sigma,-0.03974802792072296,0.0008919555402826518,5,,,,,,42
td3_bc,13,supervised,-0.041644006967544556,0.0004518736277532298,5,,,,,,42
td3_bc,13,actor,-0.041644006967544556,0.0004518736277532298,5,,,,,,42
td3_bc,13,zero,-0.10045334696769714,0.0010550855367910117,5,,,,,,42
td3_bc,13,random,-0.09507621824741364,0.0009377627575304359,5,,,,,,42
td3_bc,13,shuffled,0.0821058601140976,0.0014486598374787718,5,,,,,,42
td3_bc,13,perturb_0.25sigma,-0.02622327208518982,0.0004357894795248285,5,,,,,,42
td3_bc,13,perturb_0.5sigma,-0.05798041820526123,0.00041040738142328337,5,,,,,,42
td3_bc,13,perturb_1sigma,-0.026735082268714905,0.00042113944073207676,5,,,,,,42
td3_bc,13,perturb_2sigma,-0.11541354656219482,0.0003968097844335716,5,,,,,,42
td3_bc,14,supervised,-0.24720613658428192,0.0005451863398775458,5,,,,,,42
td3_bc,14,actor,-0.24720613658428192,0.0005451863398775458,5,,,,,,42
td3_bc,14,zero,-0.07220364362001419,0.00086799735436216,5,,,,,,42
td3_bc,14,random,-0.10915683209896088,0.0011892345501109958,5,,,,,,42
td3_bc,14,shuffled,-0.19691865146160126,0.00123054429423064,5,,,,,,42
td3_bc,14,perturb_0.25sigma,-0.2610490918159485,0.0005251702386885881,5,,,,,,42
td3_bc,14,perturb_0.5sigma,-0.23634831607341766,0.0005469760508276522,5,,,,,,42
td3_bc,14,perturb_1sigma,-0.21546576917171478,0.0007829646929167211,5,,,,,,42
td3_bc,14,perturb_2sigma,-0.21186913549900055,0.0005310110282152891,5,,,,,,42
td3_bc,15,supervised,-0.014483556151390076,0.0028572400369739626,5,,,,,,42
td3_bc,15,actor,-0.014483556151390076,0.0028572400369739626,5,,,,,,42
td3_bc,15,zero,-0.0016967952251434326,0.0041447668481851,5,,,,,,42
td3_bc,15,random,0.0997898280620575,0.004020817301352508,5,,,,,,42
td3_bc,15,shuffled,0.1951504647731781,0.004386138985864818,5,,,,,,42
td3_bc,15,perturb_0.25sigma,0.05599290132522583,0.002993657959450502,5,,,,,,42
td3_bc,15,perturb_0.5sigma,0.04659357666969299,0.003007996696396731,5,,,,,,42
td3_bc,15,perturb_1sigma,0.1869441270828247,0.0032609751215204597,5,,,,,,42
td3_bc,15,perturb_2sigma,0.05509774386882782,0.0029621922367368825,5,,,,,,42
td3_bc,16,supervised,0.012978345155715942,0.0009051758679561317,5,,,,,,42
td3_bc,16,actor,0.012978345155715942,0.0009051758679561317,5,,,,,,42
td3_bc,16,zero,-0.06952974200248718,0.002038424403508543,5,,,,,,42
td3_bc,16,random,-0.01778818666934967,0.0017858351816357754,5,,,,,,42
td3_bc,16,shuffled,0.14364343881607056,0.0026984353607986122,5,,,,,,42
td3_bc,16,perturb_0.25sigma,0.005383402109146118,0.0009533292541163974,5,,,,,,42
td3_bc,16,perturb_0.5sigma,0.082085520029068,0.000974352631601505,5,,,,,,42
td3_bc,16,perturb_1sigma,-0.1309961974620819,0.0006542594492202625,5,,,,,,42
td3_bc,16,perturb_2sigma,0.24929159879684448,0.0016223937782342546,5,,,,,,42
td3_bc,17,supervised,0.030643031001091003,9.063955076271668e-06,5,,,,,,42
td3_bc,17,actor,0.030643031001091003,9.063955076271668e-06,5,,,,,,42
td3_bc,17,zero,-0.12492010742425919,0.000999109193799086,5,,,,,,42
td3_bc,17,random,-0.032998017966747284,0.0014953852660255507,5,,,,,,42
td3_bc,17,shuffled,0.08610430359840393,0.0018961834721267223,5,,,,,,42
td3_bc,17,perturb_0.25sigma,0.01538306474685669,-4.4320499000605196e-05,5,,,,,,42
td3_bc,17,perturb_0.5sigma,0.02160640060901642,2.371685695834458e-05,5,,,,,,42
td3_bc,17,perturb_1sigma,-0.03820484131574631,3.921925963368267e-05,5,,,,,,42
td3_bc,17,perturb_2sigma,-0.029302462935447693,0.0006478670620708726,5,,,,,,42
td3_bc,18,supervised,-0.04429472237825394,-0.0001013182190945372,5,,,,,,42
td3_bc,18,actor,-0.04429472237825394,-0.0001013182190945372,5,,,,,,42
td3_bc,18,zero,-0.12089388072490692,0.0007029207627056167,5,,,,,,42
td3_bc,18,random,-0.15584354102611542,0.0001310367078986019,5,,,,,,42
td3_bc,18,shuffled,0.09093466401100159,0.0017031649404088967,5,,,,,,42
td3_bc,18,perturb_0.25sigma,-0.040653519332408905,-0.0001004802470561117,5,,,,,,42
td3_bc,18,perturb_0.5sigma,-0.05742715299129486,-0.00017971795750781894,5,,,,,,42
td3_bc,18,perturb_1sigma,-0.010867252945899963,0.0001601222320459783,5,,,,,,42
td3_bc,18,perturb_2sigma,-0.022570893168449402,0.00013347234926186502,5,,,,,,42
td3_bc,19,supervised,-0.2641381025314331,0.00018697051564231515,5,,,,,,42
td3_bc,19,actor,-0.2641381025314331,0.00018697051564231515,5,,,,,,42
td3_bc,19,zero,-0.08140778541564941,0.0007304313476197422,5,,,,,,42
td3_bc,19,random,-0.13302497565746307,0.0003510843962430954,5,,,,,,42
td3_bc,19,shuffled,-0.07971768081188202,0.0017459746450185776,5,,,,,,42
td3_bc,19,perturb_0.25sigma,-0.27135711908340454,0.00024525020853616297,5,,,,,,42
td3_bc,19,perturb_0.5sigma,-0.25954824686050415,2.165045043511782e-05,5,,,,,,42
td3_bc,19,perturb_1sigma,-0.2401132732629776,-3.157653918606229e-05,5,,,,,,42
td3_bc,19,perturb_2sigma,-0.14723865687847137,-6.078648584662005e-05,5,,,,,,42
td3_bc,20,supervised,0.0667828619480133,0.023978129494935274,5,,,,,,42
td3_bc,20,actor,0.0667828619480133,0.023978129494935274,5,,,,,,42
td3_bc,20,zero,0.014200076460838318,0.024624954676255584,5,,,,,,42
td3_bc,20,random,0.09024456143379211,0.02898174664005637,5,,,,,,42
td3_bc,20,shuffled,0.013405561447143555,0.025421777740120888,5,,,,,,42
td3_bc,20,perturb_0.25sigma,0.027570456266403198,0.025554851861670613,5,,,,,,42
td3_bc,20,perturb_0.5sigma,0.07130363583564758,0.028181424364447594,5,,,,,,42
td3_bc,20,perturb_1sigma,0.06966492533683777,0.01908465102314949,5,,,,,,42
td3_bc,20,perturb_2sigma,0.1553848683834076,0.0214575685095042,5,,,,,,42
td3_bc,21,supervised,-0.01618647575378418,0.019967088475823402,5,,,,,,42
td3_bc,21,actor,-0.01618647575378418,0.019967088475823402,5,,,,,,42
td3_bc,21,zero,-0.05866025388240814,0.020192617550492287,5,,,,,,42
td3_bc,21,random,0.05865207314491272,0.018513493007048965,5,,,,,,42
td3_bc,21,shuffled,-0.05833446979522705,0.020449829287827015,5,,,,,,42
td3_bc,21,perturb_0.25sigma,0.015683233737945557,0.019424489932134748,5,,,,,,42
td3_bc,21,perturb_0.5sigma,0.015082791447639465,0.01941977022215724,5,,,,,,42
td3_bc,21,perturb_1sigma,0.06047968566417694,0.019103486323729157,5,,,,,,42
td3_bc,21,perturb_2sigma,0.2489883303642273,0.015306666493415833,5,,,,,,42
td3_bc,22,supervised,-0.11394445598125458,0.015956012066453695,5,,,,,,42
td3_bc,22,actor,-0.11394445598125458,0.015956012066453695,5,,,,,,42
td3_bc,22,zero,-0.12988966703414917,0.01587226241827011,5,,,,,,42
td3_bc,22,random,-0.11843908578157425,0.016400561202317476,5,,,,,,42
td3_bc,22,shuffled,-0.1286003291606903,0.015783526934683323,5,,,,,,42
td3_bc,22,perturb_0.25sigma,-0.11481785774230957,0.016106998547911644,5,,,,,,42
td3_bc,22,perturb_0.5sigma,-0.029420018196105957,0.014448055066168308,5,,,,,,42
td3_bc,22,perturb_1sigma,-0.024843215942382812,0.014452068600803614,5,,,,,,42
td3_bc,22,perturb_2sigma,-0.12105171382427216,0.017519858665764332,5,,,,,,42
td3_bc,23,supervised,-0.1682359129190445,0.011672606226056814,5,,,,,,42
td3_bc,23,actor,-0.1682359129190445,0.011672606226056814,5,,,,,,42
td3_bc,23,zero,-0.17641334235668182,0.01143514784052968,5,,,,,,42
td3_bc,23,random,-0.10660730302333832,0.012764311861246824,5,,,,,,42
td3_bc,23,shuffled,-0.16968126595020294,0.011207612697035074,5,,,,,,42
td3_bc,23,perturb_0.25sigma,-0.20528168976306915,0.010819354560226202,5,,,,,,42
td3_bc,23,perturb_0.5sigma,-0.16981340944766998,0.009785645175725222,5,,,,,,42
td3_bc,23,perturb_1sigma,-0.14261768758296967,0.012073087505996227,5,,,,,,42
td3_bc,23,perturb_2sigma,0.12123727798461914,0.015756123699247837,5,,,,,,42
td3_bc,24,supervised,-0.11854834854602814,0.0068142893724143505,5,,,,,,42
td3_bc,24,actor,-0.11854834854602814,0.0068142893724143505,5,,,,,,42
td3_bc,24,zero,-0.13225795328617096,0.006586340256035328,5,,,,,,42
td3_bc,24,random,-0.035842329263687134,0.007215821649879217,5,,,,,,42
td3_bc,24,shuffled,-0.12005414068698883,0.006316406186670065,5,,,,,,42
td3_bc,24,perturb_0.25sigma,-0.04681995511054993,0.007296537049114704,5,,,,,,42
td3_bc,24,perturb_0.5sigma,-0.1690199226140976,0.0064772614277899265,5,,,,,,42
td3_bc,24,perturb_1sigma,-0.25829607248306274,0.004876439459621906,5,,,,,,42
td3_bc,24,perturb_2sigma,-0.20223437249660492,0.0056511471047997475,5,,,,,,42
td3_bc,25,supervised,0.0667828619480133,0.023978129494935274,5,,,,,,42
td3_bc,25,actor,0.0667828619480133,0.023978129494935274,5,,,,,,42
td3_bc,25,zero,0.014200076460838318,0.024624954676255584,5,,,,,,42
td3_bc,25,random,0.03270108997821808,0.02156346244737506,5,,,,,,42
td3_bc,25,shuffled,0.013405561447143555,0.025421777740120888,5,,,,,,42
td3_bc,25,perturb_0.25sigma,0.06269899010658264,0.023911872878670692,5,,,,,,42
td3_bc,25,perturb_0.5sigma,0.1215895414352417,0.022857117233797908,5,,,,,,42
td3_bc,25,perturb_1sigma,0.09627899527549744,0.024016480892896652,5,,,,,,42
td3_bc,25,perturb_2sigma,0.1295357346534729,0.02299869549460709,5,,,,,,42
td3_bc,26,supervised,-0.01834826171398163,0.020078737754374743,5,,,,,,42
td3_bc,26,actor,-0.01834826171398163,0.020078737754374743,5,,,,,,42
td3_bc,26,zero,-0.06593745946884155,0.02013103337958455,5,,,,,,42
td3_bc,26,random,-0.0360148623585701,0.02000394882634282,5,,,,,,42
td3_bc,26,shuffled,-0.06542998552322388,0.020179315470159054,5,,,,,,42
td3_bc,26,perturb_0.25sigma,0.02282993495464325,0.020711703225970268,5,,,,,,42
td3_bc,26,perturb_0.5sigma,0.03649333119392395,0.019236082211136818,5,,,,,,42
td3_bc,26,perturb_1sigma,-0.021400555968284607,0.018956199288368225,5,,,,,,42
td3_bc,26,perturb_2sigma,0.1670757532119751,0.01620692969299853,5,,,,,,42
td3_bc,27,supervised,-0.08214868605136871,0.015050690621137619,5,,,,,,42
td3_bc,27,actor,-0.08214868605136871,0.015050690621137619,5,,,,,,42
td3_bc,27,zero,-0.1073155552148819,0.01475538033992052,5,,,,,,42
td3_bc,27,random,0.21849864721298218,0.01940980553627014,5,,,,,,42
td3_bc,27,shuffled,-0.12011183798313141,0.014449936803430319,5,,,,,,42
td3_bc,27,perturb_0.25sigma,-0.07010801136493683,0.015342643018811941,5,,,,,,42
td3_bc,27,perturb_0.5sigma,-0.09250007569789886,0.01467104721814394,5,,,,,,42
td3_bc,27,perturb_1sigma,-0.10201360285282135,0.012895769206807017,5,,,,,,42
td3_bc,27,perturb_2sigma,0.11883226037025452,0.008900103159248829,5,,,,,,42
td3_bc,28,supervised,-0.10554809868335724,0.011582022067159414,5,,,,,,42
td3_bc,28,actor,-0.10554809868335724,0.011582022067159414,5,,,,,,42
td3_bc,28,zero,-0.1256672888994217,0.011138218455016613,5,,,,,,42
td3_bc,28,random,-0.053115278482437134,0.006587941898033023,5,,,,,,42
td3_bc,28,shuffled,-0.12038777768611908,0.010688340291380882,5,,,,,,42
td3_bc,28,perturb_0.25sigma,-0.15689139068126678,0.01074568321928382,5,,,,,,42
td3_bc,28,perturb_0.5sigma,-0.04286409914493561,0.0121829635463655,5,,,,,,42
td3_bc,28,perturb_1sigma,-0.20720325410366058,0.007282330887392163,5,,,,,,42
td3_bc,28,perturb_2sigma,-0.20496778190135956,0.005071718129329383,5,,,,,,42
td3_bc,29,supervised,-0.05086177587509155,0.005982891656458378,5,,,,,,42
td3_bc,29,actor,-0.05086177587509155,0.005982891656458378,5,,,,,,42
td3_bc,29,zero,-0.08101971447467804,0.0054831737652421,5,,,,,,42
td3_bc,29,random,0.013883456587791443,0.00635857880115509,5,,,,,,42
td3_bc,29,shuffled,-0.07029780745506287,0.004993288312107325,5,,,,,,42
td3_bc,29,perturb_0.25sigma,-0.06957675516605377,0.005896028596907854,5,,,,,,42
td3_bc,29,perturb_0.5sigma,-0.05146506428718567,0.0057206181809306145,5,,,,,,42
td3_bc,29,perturb_1sigma,0.21564294397830963,0.009610985405743122,5,,,,,,42
td3_bc,29,perturb_2sigma,-0.2601737380027771,0.0026151537895202637,5,,,,,,42
td3_bc,30,supervised,-0.026969552040100098,0.0027249100130575243,5,,,,,,42
td3_bc,30,actor,-0.026969552040100098,0.0027249100130575243,5,,,,,,42
td3_bc,30,zero,-0.0025108158588409424,0.003964827541494742,5,,,,,,42
td3_bc,30,random,-0.004424229264259338,0.004271635640179738,5,,,,,,42
td3_bc,30,shuffled,0.20680269598960876,0.004167554041487165,5,,,,,,42
td3_bc,30,perturb_0.25sigma,0.014947742223739624,0.0027903250884264708,5,,,,,,42
td3_bc,30,perturb_0.5sigma,-0.06828326731920242,0.0027547209392650984,5,,,,,,42
td3_bc,30,perturb_1sigma,0.06788244843482971,0.002996470946527552,5,,,,,,42
td3_bc,30,perturb_2sigma,-0.21578173339366913,0.002433099822155782,5,,,,,,42
td3_bc,31,supervised,0.0018493235111236572,0.0008649744268041104,5,,,,,,42
td3_bc,31,actor,0.0018493235111236572,0.0008649744268041104,5,,,,,,42
td3_bc,31,zero,-0.06978404521942139,0.0019710104388650507,5,,,,,,42
td3_bc,31,random,0.15311267971992493,0.001365451120364014,5,,,,,,42
td3_bc,31,shuffled,0.15937331318855286,0.002568926825915696,5,,,,,,42
td3_bc,31,perturb_0.25sigma,0.01686704158782959,0.0009316327268606983,5,,,,,,42
td3_bc,31,perturb_0.5sigma,0.05010335147380829,0.0009518168080830947,5,,,,,,42
td3_bc,31,perturb_1sigma,0.014788717031478882,0.000756962486775592,5,,,,,,42
td3_bc,31,perturb_2sigma,0.11387506127357483,0.0008662066102260724,5,,,,,,42
td3_bc,32,supervised,0.025714844465255737,2.195311026298441e-05,5,,,,,,42
td3_bc,32,actor,0.025714844465255737,2.195311026298441e-05,5,,,,,,42
td3_bc,32,zero,-0.12421944737434387,0.0009976409128285013,5,,,,,,42
td3_bc,32,random,0.028691723942756653,0.0004343259133747779,5,,,,,,42
td3_bc,32,shuffled,0.09565046429634094,0.001822071339120157,5,,,,,,42
td3_bc,32,perturb_0.25sigma,0.028537467122077942,-4.583451936923666e-05,5,,,,,,42
td3_bc,32,perturb_0.5sigma,0.027355700731277466,-5.515120574273169e-05,5,,,,,,42
td3_bc,32,perturb_1sigma,-0.018799960613250732,-0.00012055961371970625,5,,,,,,42
td3_bc,32,perturb_2sigma,-0.08851341158151627,-7.990768062882125e-05,5,,,,,,42
td3_bc,33,supervised,-0.045689404010772705,-7.102821837179363e-05,5,,,,,,42
td3_bc,33,actor,-0.045689404010772705,-7.102821837179363e-05,5,,,,,,42
td3_bc,33,zero,-0.11845143139362335,0.00071723923610989,5,,,,,,42
td3_bc,33,random,-0.1605350226163864,0.0006061582826077938,5,,,,,,42
td3_bc,33,shuffled,0.08604694902896881,0.0016515013921889476,5,,,,,,42
td3_bc,33,perturb_0.25sigma,-0.04534362256526947,-9.819991828408092e-05,5,,,,,,42
td3_bc,33,perturb_0.5sigma,-0.06044209003448486,-0.00018537090727477334,5,,,,,,42
td3_bc,33,perturb_1sigma,-0.04159140586853027,0.0001438428007531911,5,,,,,,42
td3_bc,33,perturb_2sigma,-0.11019323766231537,0.0005939517359365709,5,,,,,,42
td3_bc,34,supervised,-0.2638888955116272,0.00020127305469941348,5,,,,,,42
td3_bc,34,actor,-0.2638888955116272,0.00020127305469941348,5,,,,,,42
td3_bc,34,zero,-0.08103939890861511,0.0007199476240202785,5,,,,,,42
td3_bc,34,random,-0.032785773277282715,0.0009588745306245983,5,,,,,,42
td3_bc,34,shuffled,-0.09774863719940186,0.0016792099922895432,5,,,,,,42
td3_bc,34,perturb_0.25sigma,-0.26213204860687256,0.00020317950111348182,5,,,,,,42
td3_bc,34,perturb_0.5sigma,-0.24553810060024261,0.00047904785606078804,5,,,,,,42
td3_bc,34,perturb_1sigma,-0.1892900913953781,6.491912063211203e-05,5,,,,,,42
td3_bc,34,perturb_2sigma,-0.12605009973049164,0.00047977676149457693,5,,,,,,42
td3_bc,35,supervised,-0.20481902360916138,0.004494639928452671,5,,,,,,42
td3_bc,35,actor,-0.20481902360916138,0.004494639928452671,5,,,,,,42
td3_bc,35,zero,-0.008525878190994263,0.004643926105927676,5,,,,,,42
td3_bc,35,random,-0.05323457717895508,0.00461972167249769,5,,,,,,42
td3_bc,35,shuffled,0.2836976945400238,0.004467924416530877,5,,,,,,42
td3_bc,35,perturb_0.25sigma,-0.193364217877388,0.0045397820067591965,5,,,,,,42
td3_bc,35,perturb_0.5sigma,-0.17971810698509216,0.004454498994164169,5,,,,,,42
td3_bc,35,perturb_1sigma,-0.012774810194969177,0.004524415067862719,5,,,,,,42
td3_bc,35,perturb_2sigma,-0.18571990728378296,0.0044335342245176435,5,,,,,,42
td3_bc,36,supervised,-0.15753495693206787,0.0031657677609473467,5,,,,,,42
td3_bc,36,actor,-0.15753495693206787,0.0031657677609473467,5,,,,,,42
td3_bc,36,zero,-0.06902719289064407,0.0033567649079486728,5,,,,,,42
td3_bc,36,random,0.019431501626968384,0.003374605264980346,5,,,,,,42
td3_bc,36,shuffled,0.2936854958534241,0.0032261491287499666,5,,,,,,42
td3_bc,36,perturb_0.25sigma,-0.11741866916418076,0.003165886620990932,5,,,,,,42
td3_bc,36,perturb_0.5sigma,-0.1430617868900299,0.0031238346127793193,5,,,,,,42
td3_bc,36,perturb_1sigma,-0.0807853415608406,0.0029481043748091906,5,,,,,,42
td3_bc,36,perturb_2sigma,0.1133323609828949,0.0031236905488185585,5,,,,,,42
td3_bc,37,supervised,-0.06296378374099731,0.002168254053685814,5,,,,,,42
td3_bc,37,actor,-0.06296378374099731,0.002168254053685814,5,,,,,,42
td3_bc,37,zero,-0.10633811354637146,0.0023646141053177416,5,,,,,,42
td3_bc,37,random,0.038948506116867065,0.002275899925734848,5,,,,,,42
td3_bc,37,shuffled,0.2305220067501068,0.002254017977975309,5,,,,,,42
td3_bc,37,perturb_0.25sigma,-0.05931513011455536,0.0021855271770618856,5,,,,,,42
td3_bc,37,perturb_0.5sigma,-0.10942685604095459,0.002124890510458499,5,,,,,,42
td3_bc,37,perturb_1sigma,-0.1274527758359909,0.002228051540441811,5,,,,,,42
td3_bc,37,perturb_2sigma,-0.12499438226222992,0.002237700973637402,5,,,,,,42
td3_bc,38,supervised,-0.05644829571247101,0.001492352515924722,5,,,,,,42
td3_bc,38,actor,-0.05644829571247101,0.001492352515924722,5,,,,,,42
td3_bc,38,zero,-0.08929314464330673,0.0016495216987095773,5,,,,,,42
td3_bc,38,random,-0.17988203465938568,0.0015102998004294932,5,,,,,,42
td3_bc,38,shuffled,0.10207630693912506,0.0015347598819062114,5,,,,,,42
td3_bc,38,perturb_0.25sigma,-0.07000342011451721,0.0015128391096368432,5,,,,,,42
td3_bc,38,perturb_0.5sigma,-0.05273789167404175,0.0014479217352345586,5,,,,,,42
td3_bc,38,perturb_1sigma,-0.05053280293941498,0.0014555449015460908,5,,,,,,42
td3_bc,38,perturb_2sigma,-0.00941517949104309,0.0014237380819395185,5,,,,,,42
td3_bc,39,supervised,-0.19717322289943695,0.0008517062524333596,5,,,,,,42
td3_bc,39,actor,-0.19717322289943695,0.0008517062524333596,5,,,,,,42
td3_bc,39,zero,-0.06186188757419586,0.0009257418569177389,5,,,,,,42
td3_bc,39,random,-0.14435671269893646,0.0007815398857928813,5,,,,,,42
td3_bc,39,shuffled,-0.2102065533399582,0.0007589280721731484,5,,,,,,42
td3_bc,39,perturb_0.25sigma,-0.19556395709514618,0.0008339589112438262,5,,,,,,42
td3_bc,39,perturb_0.5sigma,-0.21098749339580536,0.000845632515847683,5,,,,,,42
td3_bc,39,perturb_1sigma,-0.2088146060705185,0.0008119227713905275,5,,,,,,42
td3_bc,39,perturb_2sigma,-0.08384361863136292,0.0009175308514386415,5,,,,,,42
td3_bc,40,supervised,-0.08670605719089508,0.002400672630756162,5,,,,,,42
td3_bc,40,actor,-0.08670605719089508,0.002400672630756162,5,,,,,,42
td3_bc,40,zero,-0.007780939340591431,0.0033425494330003858,5,,,,,,42
td3_bc,40,random,0.10681605339050293,0.0029113655327819288,5,,,,,,42
td3_bc,40,shuffled,0.24500513076782227,0.003420999419176951,5,,,,,,42
td3_bc,40,perturb_0.25sigma,-0.06619979441165924,0.0024497503036400303,5,,,,,,42
td3_bc,40,perturb_0.5sigma,0.0580248087644577,0.0025644953857408836,5,,,,,,42
td3_bc,40,perturb_1sigma,-0.26229676604270935,0.0022424452763516456,5,,,,,,42
td3_bc,40,perturb_2sigma,-0.1979680359363556,0.0023224167089210823,5,,,,,,42
td3_bc,41,supervised,-0.0525115504860878,0.0009504785448370967,5,,,,,,42
td3_bc,41,actor,-0.0525115504860878,0.0009504785448370967,5,,,,,,42
td3_bc,41,zero,-0.06945113092660904,0.001842587415012531,5,,,,,,42
td3_bc,41,random,-0.07003594934940338,0.001965486633707769,5,,,,,,42
td3_bc,41,shuffled,0.22852090001106262,0.0021847231837455183,5,,,,,,42
td3_bc,41,perturb_0.25sigma,-0.03470955044031143,0.0009650221181800589,5,,,,,,42
td3_bc,41,perturb_0.5sigma,-0.1190565750002861,0.0008447808031633031,5,,,,,,42
td3_bc,41,perturb_1sigma,-0.07707712054252625,0.0009460722321819048,5,,,,,,42
td3_bc,41,perturb_2sigma,-0.20596247911453247,0.0011047207772207912,5,,,,,,42
td3_bc,42,supervised,0.0004979223012924194,0.0003548217937350273,5,,,,,,42
td3_bc,42,actor,0.0004979223012924194,0.0003548217937350273,5,,,,,,42
td3_bc,42,zero,-0.115766242146492,0.0011646943894447759,5,,,,,,42
td3_bc,42,random,-0.07410220801830292,0.001146113223512657,5,,,,,,42
td3_bc,42,shuffled,0.15697941184043884,0.001634711807128042,5,,,,,,42
td3_bc,42,perturb_0.25sigma,0.015900015830993652,0.00031406689959112555,5,,,,,,42
td3_bc,42,perturb_0.5sigma,0.00021389126777648926,0.00046176046089385636,5,,,,,,42
td3_bc,42,perturb_1sigma,0.1238519549369812,0.0002996648745465791,5,,,,,,42
td3_bc,42,perturb_2sigma,-0.06563910841941833,0.0005817665696667973,5,,,,,,42
td3_bc,43,supervised,-0.048091113567352295,0.0003591993631744117,5,,,,,,42
td3_bc,43,actor,-0.048091113567352295,0.0003591993631744117,5,,,,,,42
td3_bc,43,zero,-0.10451873391866684,0.0009976396249840036,5,,,,,,42
td3_bc,43,random,-0.11582033336162567,0.001041226503730286,5,,,,,,42
td3_bc,43,shuffled,0.0776929259300232,0.00150610480341129,5,,,,,,42
td3_bc,43,perturb_0.25sigma,-0.05381392687559128,0.0003895214586009388,5,,,,,,42
td3_bc,43,perturb_0.5sigma,-0.02965281903743744,0.0005042066568421433,5,,,,,,42
td3_bc,43,perturb_1sigma,-0.08628557622432709,0.0002214321411884157,5,,,,,,42
td3_bc,43,perturb_2sigma,-0.05128087103366852,0.00046628087693534326,5,,,,,,42
td3_bc,44,supervised,-0.25504088401794434,0.0004962164093740284,5,,,,,,42
td3_bc,44,actor,-0.25504088401794434,0.0004962164093740284,5,,,,,,42
td3_bc,44,zero,-0.07479637861251831,0.0008607348427176476,5,,,,,,42
td3_bc,44,random,0.1119438111782074,0.0012142779305577278,5,,,,,,42
td3_bc,44,shuffled,-0.17844994366168976,0.0013455573935061693,5,,,,,,42
td3_bc,44,perturb_0.25sigma,-0.24467502534389496,0.0005457814550027251,5,,,,,,42
td3_bc,44,perturb_0.5sigma,-0.24025435745716095,0.0006652690353803337,5,,,,,,42
td3_bc,44,perturb_1sigma,-0.24926666915416718,0.0005286267260089517,5,,,,,,42
td3_bc,44,perturb_2sigma,-0.28642719984054565,0.00015765918942634016,5,,,,,,42
td3_bc,45,supervised,0.1400141417980194,0.014694744837470353,5,,,,,,42
td3_bc,45,actor,0.1400141417980194,0.014694744837470353,5,,,,,,42
td3_bc,45,zero,0.012458577752113342,0.016513915732502937,5,,,,,,42
td3_bc,45,random,0.06562763452529907,0.018825335195288062,5,,,,,,42
td3_bc,45,shuffled,0.023862048983573914,0.01880462421104312,5,,,,,,42
td3_bc,45,perturb_0.25sigma,0.11075326800346375,0.015009894967079163,5,,,,,,42
td3_bc,45,perturb_0.5sigma,0.16366854310035706,0.014296702574938536,5,,,,,,42
td3_bc,45,perturb_1sigma,0.0036422312259674072,0.016613657819107175,5,,,,,,42
td3_bc,45,perturb_2sigma,0.2004431039094925,0.019031222676858306,5,,,,,,42
td3_bc,46,supervised,0.07861265540122986,0.011297706398181617,5,,,,,,42
td3_bc,46,actor,0.07861265540122986,0.011297706398181617,5,,,,,,42
td3_bc,46,zero,-0.06038155406713486,0.012597264954820275,5,,,,,,42
td3_bc,46,random,0.17894306778907776,0.0148692661896348,5,,,,,,42
td3_bc,46,shuffled,-0.05377677083015442,0.014273442327976227,5,,,,,,42
td3_bc,46,perturb_0.25sigma,0.03277134895324707,0.01168654055800289,5,,,,,,42
td3_bc,46,perturb_0.5sigma,0.0987025797367096,0.011345570674166083,5,,,,,,42
td3_bc,46,perturb_1sigma,0.1348176896572113,0.01058595220092684,5,,,,,,42
td3_bc,46,perturb_2sigma,0.22531992197036743,0.00865961005911231,5,,,,,,42
td3_bc,47,supervised,-0.02999304234981537,0.008459113305434585,5,,,,,,42
td3_bc,47,actor,-0.02999304234981537,0.008459113305434585,5,,,,,,42
td3_bc,47,zero,-0.12905263900756836,0.009353188565000892,5,,,,,,42
td3_bc,47,random,-0.07742076367139816,0.010674516903236508,5,,,,,,42
td3_bc,47,shuffled,-0.08868059515953064,0.01049263239838183,5,,,,,,42
td3_bc,47,perturb_0.25sigma,-0.03730931878089905,0.00843489938415587,5,,,,,,42
td3_bc,47,perturb_0.5sigma,-0.02020074427127838,0.00859483890235424,5,,,,,,42
td3_bc,47,perturb_1sigma,-0.011703401803970337,0.008393544703722,5,,,,,,42
td3_bc,47,perturb_2sigma,0.11768755316734314,0.007115478627383709,5,,,,,,42
td3_bc,48,supervised,-0.18609477579593658,0.005882303696125746,5,,,,,,42
td3_bc,48,actor,-0.18609477579593658,0.005882303696125746,5,,,,,,42
td3_bc,48,zero,-0.16300134360790253,0.006544044241309166,5,,,,,,42
td3_bc,48,random,0.14090865850448608,0.009499344043433666,5,,,,,,42
td3_bc,48,shuffled,-0.05656510591506958,0.007335691247135401,5,,,,,,42
td3_bc,48,perturb_0.25sigma,-0.14441443979740143,0.0054987643379718065,5,,,,,,42
td3_bc,48,perturb_0.5sigma,-0.1114114373922348,0.005302500445395708,5,,,,,,42
td3_bc,48,perturb_1sigma,-0.15590767562389374,0.005744692869484425,5,,,,,,42
td3_bc,48,perturb_2sigma,0.035760924220085144,0.007327874889597297,5,,,,,,42
td3_bc,49,supervised,-0.22526098787784576,0.003412803402170539,5,,,,,,42
td3_bc,49,actor,-0.22526098787784576,0.003412803402170539,5,,,,,,42
td3_bc,49,zero,-0.11645068228244781,0.004000949207693338,5,,,,,,42
td3_bc,49,random,0.026721149682998657,0.0048342300578951836,5,,,,,,42
td3_bc,49,shuffled,-0.035560935735702515,0.004639058839529753,5,,,,,,42
td3_bc,49,perturb_0.25sigma,-0.18001241981983185,0.003639457980170846,5,,,,,,42
td3_bc,49,perturb_0.5sigma,-0.21154655516147614,0.003550008637830615,5,,,,,,42
td3_bc,49,perturb_1sigma,-0.2886284589767456,0.0019896880257874727,5,,,,,,42
td3_bc,49,perturb_2sigma,-0.23798565566539764,0.0029065702110528946,5,,,,,,42
td3_bc,50,supervised,0.1400141417980194,0.014694744837470353,5,,,,,,42
td3_bc,50,actor,0.1400141417980194,0.014694744837470353,5,,,,,,42
td3_bc,50,zero,0.012458577752113342,0.016513915732502937,5,,,,,,42
td3_bc,50,random,0.08260586857795715,0.01870457991026342,5,,,,,,42
td3_bc,50,shuffled,0.023862048983573914,0.01880462421104312,5,,,,,,42
td3_bc,50,perturb_0.25sigma,0.16708728671073914,0.014414161560125649,5,,,,,,42
td3_bc,50,perturb_0.5sigma,0.173008531332016,0.01410037383902818,5,,,,,,42
td3_bc,50,perturb_1sigma,0.09542742371559143,0.016152790747582912,5,,,,,,42
td3_bc,50,perturb_2sigma,-0.1415737420320511,0.010777440737001598,5,,,,,,42
td3_bc,51,supervised,0.07478277385234833,0.012161454884335399,5,,,,,,42
td3_bc,51,actor,0.07478277385234833,0.012161454884335399,5,,,,,,42
td3_bc,51,zero,-0.06715512275695801,0.013376976596191525,5,,,,,,42
td3_bc,51,random,-0.05298437178134918,0.01393280178308487,5,,,,,,42
td3_bc,51,shuffled,-0.06335387378931046,0.015073378337547183,5,,,,,,42
td3_bc,51,perturb_0.25sigma,-0.002607673406600952,0.012796423630788922,5,,,,,,42
td3_bc,51,perturb_0.5sigma,0.16121912002563477,0.01156829169485718,5,,,,,,42
td3_bc,51,perturb_1sigma,-0.07312075793743134,0.015352134592831135,5,,,,,,42
td3_bc,51,perturb_2sigma,0.04726274311542511,0.010488304775208235,5,,,,,,42
td3_bc,52,supervised,-0.025129303336143494,0.008861246518790722,5,,,,,,42
td3_bc,52,actor,-0.025129303336143494,0.008861246518790722,5,,,,,,42
td3_bc,52,zero,-0.10275831073522568,0.009652528678998351,5,,,,,,42
td3_bc,52,random,-0.042188964784145355,0.00888940249569714,5,,,,,,42
td3_bc,52,shuffled,-0.07756952941417694,0.010769517160952091,5,,,,,,42
td3_bc,52,perturb_0.25sigma,-0.03703181445598602,0.00888847024179995,5,,,,,,42
td3_bc,52,perturb_0.5sigma,0.0012756884098052979,0.010856047738343477,5,,,,,,42
td3_bc,52,perturb_1sigma,-0.06891529262065887,0.010761563200503588,5,,,,,,42
td3_bc,52,perturb_2sigma,0.06232234835624695,0.011084873462095857,5,,,,,,42
td3_bc,53,supervised,-0.17565371096134186,0.007030610926449299,5,,,,,,42
td3_bc,53,actor,-0.17565371096134186,0.007030610926449299,5,,,,,,42
td3_bc,53,zero,-0.1122296005487442,0.007599851582199335,5,,,,,,42
td3_bc,53,random,-0.0843852311372757,0.00755923124961555,5,,,,,,42
td3_bc,53,shuffled,-0.0033762305974960327,0.008191834902390838,5,,,,,,42
td3_bc,53,perturb_0.25sigma,-0.16249005496501923,0.0072033763863146305,5,,,,,,42
td3_bc,53,perturb_0.5sigma,-0.0952291339635849,0.00786246987991035,5,,,,,,42
td3_bc,53,perturb_1sigma,-0.10957787930965424,0.007316875969991088,5,,,,,,42
td3_bc,53,perturb_2sigma,-0.07467764616012573,0.006778826704248786,5,,,,,,42
td3_bc,54,supervised,-0.1709473878145218,0.0041773635894060135,5,,,,,,42
td3_bc,54,actor,-0.1709473878145218,0.0041773635894060135,5,,,,,,42
td3_bc,54,zero,-0.06572990119457245,0.004569872748106718,5,,,,,,42
td3_bc,54,random,-0.08012931048870087,0.0042779045179486275,5,,,,,,42
td3_bc,54,shuffled,0.01166146993637085,0.004981560632586479,5,,,,,,42
td3_bc,54,perturb_0.25sigma,-0.19653253257274628,0.004071108531206846,5,,,,,,42
td3_bc,54,perturb_0.5sigma,-0.19318218529224396,0.004053179174661636,5,,,,,,42
td3_bc,54,perturb_1sigma,-0.11651544272899628,0.004295004531741142,5,,,,,,42
td3_bc,54,perturb_2sigma,-0.1601133495569229,0.0038644946180284023,5,,,,,,42
td3_bc,55,supervised,0.2599344551563263,0.1271325834095478,5,,,,,,42
td3_bc,55,actor,0.2599344551563263,0.1271325834095478,5,,,,,,42
td3_bc,55,zero,-0.4098559617996216,0.023855533450841904,5,,,,,,42
td3_bc,55,random,-0.33948028087615967,0.025919780135154724,5,,,,,,42
td3_bc,55,shuffled,-0.6482002139091492,0.0038994550704956055,5,,,,,,42
td3_bc,55,perturb_0.25sigma,0.24316191673278809,0.12616016902029514,5,,,,,,42
td3_bc,55,perturb_0.5sigma,0.24368244409561157,0.12405707687139511,5,,,,,,42
td3_bc,55,perturb_1sigma,-0.006611838936805725,0.11806059256196022,5,,,,,,42
td3_bc,55,perturb_2sigma,0.28218403458595276,0.12489490583539009,5,,,,,,42
td3_bc,56,supervised,0.4126439690589905,0.108834033831954,5,,,,,,42
td3_bc,56,actor,0.4126439690589905,0.108834033831954,5,,,,,,42
td3_bc,56,zero,-0.5403354167938232,-0.0179627425968647,5,,,,,,42
td3_bc,56,random,-0.707956075668335,-0.03410309925675392,5,,,,,,42
td3_bc,56,shuffled,-0.7604594230651855,-0.04089991748332977,5,,,,,,42
td3_bc,56,perturb_0.25sigma,0.4183741807937622,0.10825826227664948,5,,,,,,42
td3_bc,56,perturb_0.5sigma,0.3014625906944275,0.11504492536187172,5,,,,,,42
td3_bc,56,perturb_1sigma,-0.33205467462539673,0.047506535425782204,5,,,,,,42
td3_bc,56,perturb_2sigma,-0.33655887842178345,0.07256782334297895,5,,,,,,42
td3_bc,57,supervised,0.5281543135643005,0.08922458067536354,5,,,,,,42
td3_bc,57,actor,0.5281543135643005,0.08922458067536354,5,,,,,,42
td3_bc,57,zero,-0.6847226619720459,-0.07735750079154968,5,,,,,,42
td3_bc,57,random,-0.7118216753005981,-0.08070939965546131,5,,,,,,42
td3_bc,57,shuffled,-0.9358713626861572,-0.10334242507815361,5,,,,,,42
td3_bc,57,perturb_0.25sigma,0.42291510105133057,0.09461701102554798,5,,,,,,42
td3_bc,57,perturb_0.5sigma,0.1063811406493187,0.1042590793222189,5,,,,,,42
td3_bc,57,perturb_1sigma,0.2913537621498108,0.08946291729807854,5,,,,,,42
td3_bc,57,perturb_2sigma,-0.14912961423397064,0.054748276714235544,5,,,,,,42
td3_bc,58,supervised,0.5519452095031738,0.0686120018362999,5,,,,,,42
td3_bc,58,actor,0.5519452095031738,0.0686120018362999,5,,,,,,42
td3_bc,58,zero,-1.1050504446029663,-0.173970814794302,5,,,,,,42
td3_bc,58,random,-0.9302083253860474,-0.1323862001299858,5,,,,,,42
td3_bc,58,shuffled,-1.5300102233886719,-0.2046983279287815,5,,,,,,42
td3_bc,58,perturb_0.25sigma,0.5158944129943848,0.06700988486409187,5,,,,,,42
td3_bc,58,perturb_0.5sigma,-0.19488443434238434,0.0791642889380455,5,,,,,,42
td3_bc,58,perturb_1sigma,-0.3075951635837555,0.002236226573586464,5,,,,,,42
td3_bc,58,perturb_2sigma,-0.41381561756134033,0.06642928719520569,5,,,,,,42
td3_bc,59,supervised,0.48765942454338074,0.04418976977467537,5,,,,,,42
td3_bc,59,actor,0.48765942454338074,0.04418976977467537,5,,,,,,42
td3_bc,59,zero,-1.768296718597412,-0.3501506447792053,5,,,,,,42
td3_bc,59,random,-1.7176928520202637,-0.3436358869075775,5,,,,,,42
td3_bc,59,shuffled,-2.1998188495635986,-0.38649001717567444,5,,,,,,42
td3_bc,59,perturb_0.25sigma,0.06184074282646179,0.03382187709212303,5,,,,,,42
td3_bc,59,perturb_0.5sigma,-0.31420403718948364,0.057476237416267395,5,,,,,,42
td3_bc,59,perturb_1sigma,-1.9290510416030884,-0.28930237889289856,5,,,,,,42
td3_bc,59,perturb_2sigma,-0.8820873498916626,0.04636722058057785,5,,,,,,42
td3_bc,60,supervised,0.2599344551563263,0.1271325834095478,5,,,,,,42
td3_bc,60,actor,0.2599344551563263,0.1271325834095478,5,,,,,,42
td3_bc,60,zero,-0.4098559617996216,0.023855533450841904,5,,,,,,42
td3_bc,60,random,-0.3949168920516968,0.010423092171549797,5,,,,,,42
td3_bc,60,shuffled,-0.6482002139091492,0.0038994550704956055,5,,,,,,42
td3_bc,60,perturb_0.25sigma,0.258747935295105,0.12563288398087025,5,,,,,,42
td3_bc,60,perturb_0.5sigma,0.2637137770652771,0.12767846882343292,5,,,,,,42
td3_bc,60,perturb_1sigma,0.17747651040554047,0.1293679866939783,5,,,,,,42
td3_bc,60,perturb_2sigma,0.022378548979759216,0.14865313470363617,5,,,,,,42
td3_bc,61,supervised,-0.09071578085422516,0.002401638630544767,5,,,,,,42
td3_bc,61,actor,-0.09071578085422516,0.002401638630544767,5,,,,,,42
td3_bc,61,zero,-0.008139163255691528,0.003319934563478455,5,,,,,,42
td3_bc,61,random,-0.009784400463104248,0.0032183766015805304,5,,,,,,42
td3_bc,61,shuffled,0.24680644273757935,0.0033961243752855808,5,,,,,,42
td3_bc,61,perturb_0.25sigma,-0.03972680866718292,0.002431788423564285,5,,,,,,42
td3_bc,61,perturb_0.5sigma,-0.14019396901130676,0.0023508727899752557,5,,,,,,42
td3_bc,61,perturb_1sigma,-0.12201229482889175,0.0022653580381302163,5,,,,,,42
td3_bc,61,perturb_2sigma,0.1411261260509491,0.0029810279957018793,5,,,,,,42
td3_bc,62,supervised,-0.055871784687042236,0.0009688396712590475,5,,,,,,42
td3_bc,62,actor,-0.055871784687042236,0.0009688396712590475,5,,,,,,42
td3_bc,62,zero,-0.069261334836483,0.0018453403317835182,5,,,,,,42
td3_bc,62,random,0.10904830694198608,0.002138864147127606,5,,,,,,42
td3_bc,62,shuffled,0.23181763291358948,0.002173430286347866,5,,,,,,42
td3_bc,62,perturb_0.25sigma,-0.041245318949222565,0.0009280940794269554,5,,,,,,42
td3_bc,62,perturb_0.5sigma,-0.052125103771686554,0.001023175096634077,5,,,,,,42
td3_bc,62,perturb_1sigma,-0.23151272535324097,0.001064472129655769,5,,,,,,42
td3_bc,62,perturb_2sigma,0.13447514176368713,0.0009798338214750402,5,,,,,,42
td3_bc,63,supervised,-0.0013084262609481812,0.00037663871989934705,5,,,,,,42
td3_bc,63,actor,-0.0013084262609481812,0.00037663871989934705,5,,,,,,42
td3_bc,63,zero,-0.1150813102722168,0.0011730450714821927,5,,,,,,42
td3_bc,63,random,-0.09199289977550507,0.001339537018793635,5,,,,,,42
td3_bc,63,shuffled,0.1611560583114624,0.0016252063942374662,5,,,,,,42
td3_bc,63,perturb_0.25sigma,-0.009511247277259827,0.0003699038607010152,5,,,,,,42
td3_bc,63,perturb_0.5sigma,-0.0157507061958313,0.00035880969517165795,5,,,,,,42
td3_bc,63,perturb_1sigma,0.004767224192619324,0.0006251231079659192,5,,,,,,42
td3_bc,63,perturb_2sigma,0.22601604461669922,0.0015277953571057878,5,,,,,,42
td3_bc,64,supervised,-0.04754513502120972,0.0003777352030738257,5,,,,,,42
td3_bc,64,actor,-0.04754513502120972,0.0003777352030738257,5,,,,,,42
td3_bc,64,zero,-0.10391899943351746,0.001002888908260502,5,,,,,,42
td3_bc,64,random,-0.09481874108314514,0.0010819682793226093,5,,,,,,42
td3_bc,64,shuffled,0.07855768501758575,0.0014920691028237343,5,,,,,,42
td3_bc,64,perturb_0.25sigma,-0.04535098373889923,0.000356049583388085,5,,,,,,42
td3_bc,64,perturb_0.5sigma,-0.01952044665813446,0.00039668513272772543,5,,,,,,42
td3_bc,64,perturb_1sigma,-0.051675617694854736,0.0005349897637643153,5,,,,,,42
td3_bc,64,perturb_2sigma,0.01498490571975708,7.31096588424407e-05,5,,,,,,42
td3_bc,65,supervised,-0.25387609004974365,0.0005047952872700989,5,,,,,,42
td3_bc,65,actor,-0.25387609004974365,0.0005047952872700989,5,,,,,,42
td3_bc,65,zero,-0.0743698999285698,0.0008553747902624309,5,,,,,,42
td3_bc,65,random,-0.010560750961303711,0.0009376687230542302,5,,,,,,42
td3_bc,65,shuffled,-0.1819940060377121,0.0013213894562795758,5,,,,,,42
td3_bc,65,perturb_0.25sigma,-0.26558101177215576,0.0004950235597789288,5,,,,,,42
td3_bc,65,perturb_0.5sigma,-0.2296895831823349,0.0003106868243776262,5,,,,,,42
td3_bc,65,perturb_1sigma,-0.25370317697525024,0.0005519724800251424,5,,,,,,42
td3_bc,65,perturb_2sigma,-0.2592892050743103,0.0006889644428156316,5,,,,,,42
td3_bc,66,supervised,0.11116054654121399,0.0047305556217907,5,,,,,,42
td3_bc,66,actor,0.11116054654121399,0.0047305556217907,5,,,,,,42
td3_bc,66,zero,0.004947096109390259,0.006437782372813672,5,,,,,,42
td3_bc,66,random,0.08128190040588379,0.006856480904389173,5,,,,,,42
td3_bc,66,shuffled,0.08516092598438263,0.00747385248541832,5,,,,,,42
td3_bc,66,perturb_0.25sigma,0.0597078800201416,0.004623769040335901,5,,,,,,42
td3_bc,66,perturb_0.5sigma,0.1468127965927124,0.004899813240626827,5,,,,,,42
td3_bc,66,perturb_1sigma,0.17646154761314392,0.005087303448817693,5,,,,,,42
td3_bc,66,perturb_2sigma,0.06573823094367981,0.004479872892261483,5,,,,,,42
td3_bc,67,supervised,0.12022775411605835,0.0023315804264711915,5,,,,,,42
td3_bc,67,actor,0.12022775411605835,0.0023315804264711915,5,,,,,,42
td3_bc,67,zero,-0.06739366054534912,0.003700130560901016,5,,,,,,42
td3_bc,67,random,-0.05623648315668106,0.004466579062864184,5,,,,,,42
td3_bc,67,shuffled,0.021617338061332703,0.00506088903057389,5,,,,,,42
td3_bc,67,perturb_0.25sigma,0.10342341661453247,0.002240791596705094,5,,,,,,42
td3_bc,67,perturb_0.5sigma,0.008340507745742798,0.0020851589360972866,5,,,,,,42
td3_bc,67,perturb_1sigma,-0.1862829476594925,0.0017948306194739416,5,,,,,,42
td3_bc,67,perturb_2sigma,0.07826462388038635,0.004876583436271176,5,,,,,,42
td3_bc,68,supervised,0.07580733299255371,0.0010795104317367077,5,,,,,,42
td3_bc,68,actor,0.07580733299255371,0.0010795104317367077,5,,,,,,42
td3_bc,68,zero,-0.12809035181999207,0.0021623047650791705,5,,,,,,42
td3_bc,68,random,-0.10250252485275269,0.002151049906387925,5,,,,,,42
td3_bc,68,shuffled,0.07234421372413635,0.0036261780187487602,5,,,,,,42
td3_bc,68,perturb_0.25sigma,0.054661333560943604,0.0010199217504123226,5,,,,,,42
td3_bc,68,perturb_0.5sigma,0.03302645683288574,0.0010643031491781585,5,,,,,,42
td3_bc,68,perturb_1sigma,-0.027237623929977417,0.000919582147616893,5,,,,,,42
td3_bc,68,perturb_2sigma,-0.025640174746513367,0.0018703496189118596,5,,,,,,42
td3_bc,69,supervised,-0.04830169677734375,0.0006442035373765975,5,,,,,,42
td3_bc,69,actor,-0.04830169677734375,0.0006442035373765975,5,,,,,,42
td3_bc,69,zero,-0.13603608310222626,0.0014565337041858584,5,,,,,,42
td3_bc,69,random,0.23163405060768127,0.002781728166155517,5,,,,,,42
td3_bc,69,shuffled,0.1586427241563797,0.0028622617246583104,5,,,,,,42
td3_bc,69,perturb_0.25sigma,-0.039780035614967346,0.0006444442624342628,5,,,,,,42
td3_bc,69,perturb_0.5sigma,-0.06249155104160309,0.0007442754285875708,5,,,,,,42
td3_bc,69,perturb_1sigma,-0.026134759187698364,0.0006354525175993331,5,,,,,,42
td3_bc,69,perturb_2sigma,0.0011431574821472168,0.002989367232657969,5,,,,,,42
td3_bc,70,supervised,-0.27011430263519287,0.0006338214734569192,5,,,,,,42
td3_bc,70,actor,-0.27011430263519287,0.0006338214734569192,5,,,,,,42
td3_bc,70,zero,-0.08891786634922028,0.0011441839160397649,5,,,,,,42
td3_bc,70,random,0.08730208873748779,0.0017563756555318832,5,,,,,,42
td3_bc,70,shuffled,0.1388954520225525,0.00242860266007483,5,,,,,,42
td3_bc,70,perturb_0.25sigma,-0.2719654440879822,0.000610589049756527,5,,,,,,42
td3_bc,70,perturb_0.5sigma,-0.2776389718055725,0.0007331702508963645,5,,,,,,42
td3_bc,70,perturb_1sigma,-0.2565150856971741,0.000788681791163981,5,,,,,,42
td3_bc,70,perturb_2sigma,-0.16145984828472137,0.0007302004378288984,5,,,,,,42
td3_bc,71,supervised,-0.17047783732414246,0.003846080508083105,5,,,,,,42
td3_bc,71,actor,-0.17047783732414246,0.003846080508083105,5,,,,,,42
td3_bc,71,zero,-0.013301044702529907,0.004104122286662459,5,,,,,,42
td3_bc,71,random,0.2327379584312439,0.0040273278136737645,5,,,,,,42
td3_bc,71,shuffled,0.2891702353954315,0.004019615065772086,5,,,,,,42
td3_bc,71,perturb_0.25sigma,-0.16790883243083954,0.003855253045912832,5,,,,,,42
td3_bc,71,perturb_0.5sigma,-0.20094537734985352,0.0038251138175837696,5,,,,,,42
td3_bc,71,perturb_1sigma,-0.15953609347343445,0.0038341666804626584,5,,,,,,42
td3_bc,71,perturb_2sigma,-0.04463495314121246,0.0037799644633196294,5,,,,,,42
td3_bc,72,supervised,-0.11411851644515991,0.002466854639351368,5,,,,,,42
td3_bc,72,actor,-0.11411851644515991,0.002466854639351368,5,,,,,,42
td3_bc,72,zero,-0.06500418484210968,0.002797372522763908,5,,,,,,42
td3_bc,72,random,0.005807504057884216,0.002821433648932725,5,,,,,,42
td3_bc,72,shuffled,0.29799753427505493,0.002768253907561302,5,,,,,,42
td3_bc,72,perturb_0.25sigma,-0.11733245104551315,0.0024638758623041213,5,,,,,,42
td3_bc,72,perturb_0.5sigma,-0.169791117310524,0.002305402507772669,5,,,,,,42
td3_bc,72,perturb_1sigma,-0.2143937647342682,0.002370581467403099,5,,,,,,42
td3_bc,72,perturb_2sigma,0.07987624406814575,0.0023293531266972423,5,,,,,,42
td3_bc,73,supervised,-0.02128729224205017,0.0015622085775248706,5,,,,,,42
td3_bc,73,actor,-0.02128729224205017,0.0015622085775248706,5,,,,,,42
td3_bc,73,zero,-0.09660904109477997,0.0019141850643791258,5,,,,,,42
td3_bc,73,random,-0.08190129697322845,0.001859871787019074,5,,,,,,42
td3_bc,73,shuffled,0.22683101892471313,0.0019047281821258366,5,,,,,,42
td3_bc,73,perturb_0.25sigma,-0.008613258600234985,0.0015539872692897916,5,,,,,,42
td3_bc,73,perturb_0.5sigma,-0.03875163197517395,0.0016377450665459037,5,,,,,,42
td3_bc,73,perturb_1sigma,0.053027987480163574,0.0014416228223126382,5,,,,,,42
td3_bc,73,perturb_2sigma,0.009461283683776855,0.0019233482307754457,5,,,,,,42
td3_bc,74,supervised,-0.034709200263023376,0.0010822922922670841,5,,,,,,42
td3_bc,74,actor,-0.034709200263023376,0.0010822922922670841,5,,,,,,42
td3_bc,74,zero,-0.08456425368785858,0.0013800589949823916,5,,,,,,42
td3_bc,74,random,0.26851463317871094,0.0014773461734876037,5,,,,,,42
td3_bc,74,shuffled,0.08831609040498734,0.0013745343312621117,5,,,,,,42
td3_bc,74,perturb_0.25sigma,-0.039370596408843994,0.0011182694288436323,5,,,,,,42
td3_bc,74,perturb_0.5sigma,-0.029110610485076904,0.0010498865158297122,5,,,,,,42
td3_bc,74,perturb_1sigma,-0.03072214126586914,0.0010230789193883538,5,,,,,,42
td3_bc,74,perturb_2sigma,-0.006908908486366272,0.0009773178026080132,5,,,,,,42
td3_bc,75,supervised,-0.19820527732372284,0.0006845825118944049,5,,,,,,42
td3_bc,75,actor,-0.19820527732372284,0.0006845825118944049,5,,,,,,42
td3_bc,75,zero,-0.06006547808647156,0.0008489243336953223,5,,,,,,42
td3_bc,75,random,0.0039049386978149414,0.000890007708221674,5,,,,,,42
td3_bc,75,shuffled,-0.2233540266752243,0.0007921629003249109,5,,,,,,42
td3_bc,75,perturb_0.25sigma,-0.20052538812160492,0.0006645691464655101,5,,,,,,42
td3_bc,75,perturb_0.5sigma,-0.23258854448795319,0.000742949778214097,5,,,,,,42
td3_bc,75,perturb_1sigma,-0.2074146717786789,0.0007157922955229878,5,,,,,,42
td3_bc,75,perturb_2sigma,-0.10595114529132843,0.0005118268309161067,5,,,,,,42
td3_bc,76,supervised,0.08190914988517761,0.06167957838624716,5,,,,,,42
td3_bc,76,actor,0.08190914988517761,0.06167957838624716,5,,,,,,42
td3_bc,76,zero,0.005498826503753662,0.04854254378005862,5,,,,,,42
td3_bc,76,random,0.16569992899894714,0.055644067004323006,5,,,,,,42
td3_bc,76,shuffled,-0.012502536177635193,0.04093403974547982,5,,,,,,42
td3_bc,76,perturb_0.25sigma,0.04334935545921326,0.058912163600325584,5,,,,,,42
td3_bc,76,perturb_0.5sigma,0.028657853603363037,0.06412171944975853,5,,,,,,42
td3_bc,76,perturb_1sigma,0.09144792705774307,0.05606645531952381,5,,,,,,42
td3_bc,76,perturb_2sigma,0.06633441895246506,0.06647309102118015,5,,,,,,42
td3_bc,77,supervised,0.05515718460083008,0.05277583189308643,5,,,,,,42
td3_bc,77,actor,0.05515718460083008,0.05277583189308643,5,,,,,,42
td3_bc,77,zero,-0.05896899849176407,0.03913413337431848,5,,,,,,42
td3_bc,77,random,-0.005982205271720886,0.036807669501286,5,,,,,,42
td3_bc,77,shuffled,0.049061745405197144,0.03165916260331869,5,,,,,,42
td3_bc,77,perturb_0.25sigma,0.048359617590904236,0.05134425777941942,5,,,,,,42
td3_bc,77,perturb_0.5sigma,0.014828294515609741,0.05772281438112259,5,,,,,,42
td3_bc,77,perturb_1sigma,-0.035770758986473083,0.048330770805478096,5,,,,,,42
td3_bc,77,perturb_2sigma,-0.029334306716918945,0.0278915842063725,5,,,,,,42
td3_bc,78,supervised,0.0562107115983963,0.043004946783185005,5,,,,,,42
td3_bc,78,actor,0.0562107115983963,0.043004946783185005,5,,,,,,42
td3_bc,78,zero,-0.14980725944042206,0.029081991175189614,5,,,,,,42
td3_bc,78,random,-0.12611685693264008,0.027912246761843562,5,,,,,,42
td3_bc,78,shuffled,0.040886297821998596,0.022001510486006737,5,,,,,,42
td3_bc,78,perturb_0.25sigma,-0.04750774800777435,0.039555227383971214,5,,,,,,42
td3_bc,78,perturb_0.5sigma,-0.01352834701538086,0.04259891528636217,5,,,,,,42
td3_bc,78,perturb_1sigma,0.10916104912757874,0.04826024826616049,5,,,,,,42
td3_bc,78,perturb_2sigma,0.0379350483417511,0.020356803201138973,5,,,,,,42
td3_bc,79,supervised,0.11942344158887863,0.0317259319126606,5,,,,,,42
td3_bc,79,actor,0.11942344158887863,0.0317259319126606,5,,,,,,42
td3_bc,79,zero,-0.2391475886106491,0.017458631424233317,5,,,,,,42
td3_bc,79,random,-0.11528688669204712,0.02236834354698658,5,,,,,,42
td3_bc,79,shuffled,-0.1567482203245163,0.010859986301511526,5,,,,,,42
td3_bc,79,perturb_0.25sigma,0.14196330308914185,0.03274950012564659,5,,,,,,42
td3_bc,79,perturb_0.5sigma,0.045466676354408264,0.029035561718046665,5,,,,,,42
td3_bc,79,perturb_1sigma,-0.029262572526931763,0.02772912010550499,5,,,,,,42
td3_bc,79,perturb_2sigma,-0.1073896586894989,0.018591997446492314,5,,,,,,42
td3_bc,-1,summary,,,5,,0.2773109243697479,0.6192168167487855,0.4625,0.55,42
verified_screening,0,supervised,2.3133325576782227,0.05292255897074938,5,,,,,,123
verified_screening,0,actor,2.3133325576782227,0.05292255897074938,5,,,,,,123
verified_screening,0,zero,1.7445952892303467,0.0541245648637414,5,,,,,,123
verified_screening,0,random,2.463463544845581,0.0513441376388073,5,,,,,,123
verified_screening,0,shuffled,1.3062254190444946,0.05329993739724159,5,,,,,,123
verified_screening,0,perturb_0.25sigma,2.512434482574463,0.05070126987993717,5,,,,,,123
verified_screening,0,perturb_0.5sigma,1.5066728591918945,0.053864757530391216,5,,,,,,123
verified_screening,0,perturb_1sigma,2.4124417304992676,0.052347744815051556,5,,,,,,123
verified_screening,0,perturb_2sigma,1.4770574569702148,0.05368911661207676,5,,,,,,123
verified_screening,1,supervised,2.284696102142334,0.0438411021605134,5,,,,,,123
verified_screening,1,actor,2.284696102142334,0.0438411021605134,5,,,,,,123
verified_screening,1,zero,1.5473783016204834,0.04506341461092234,5,,,,,,123
verified_screening,1,random,2.3170647621154785,0.04296327754855156,5,,,,,,123
verified_screening,1,shuffled,1.092090129852295,0.04399202484637499,5,,,,,,123
verified_screening,1,perturb_0.25sigma,2.2563135623931885,0.04390603955835104,5,,,,,,123
verified_screening,1,perturb_0.5sigma,2.0164270401000977,0.04436164442449808,5,,,,,,123
verified_screening,1,perturb_1sigma,1.1548558473587036,0.044117134995758533,5,,,,,,123
verified_screening,1,perturb_2sigma,0.5930430293083191,0.03959036944434047,5,,,,,,123
verified_screening,2,supervised,2.196375608444214,0.034079679287970066,5,,,,,,123
verified_screening,2,actor,2.196375608444214,0.034079679287970066,5,,,,,,123
verified_screening,2,zero,1.2400293350219727,0.035307067446410656,5,,,,,,123
verified_screening,2,random,0.9748916029930115,0.021561078203376383,5,,,,,,123
verified_screening,2,shuffled,0.7421526908874512,0.03397392015904188,5,,,,,,123
verified_screening,2,perturb_0.25sigma,1.5347161293029785,0.035044144839048386,5,,,,,,123
verified_screening,2,perturb_0.5sigma,0.7589715123176575,0.03407125361263752,5,,,,,,123
verified_screening,2,perturb_1sigma,2.3130269050598145,0.03329403232783079,5,,,,,,123
verified_screening,2,perturb_2sigma,0.32762160897254944,0.029149435460567474,5,,,,,,123
verified_screening,3,supervised,1.9442462921142578,0.02357771433889866,5,,,,,,123
verified_screening,3,actor,1.9442462921142578,0.02357771433889866,5,,,,,,123
verified_screening,3,zero,0.7627539038658142,0.024795446544885635,5,,,,,,123
verified_screening,3,random,0.24156111478805542,0.02218507882207632,5,,,,,,123
verified_screening,3,shuffled,0.26017022132873535,0.02314409427344799,5,,,,,,123
verified_screening,3,perturb_0.25sigma,2.0538249015808105,0.021674607880413532,5,,,,,,123
verified_screening,3,perturb_0.5sigma,1.6834495067596436,0.02014902327209711,5,,,,,,123
verified_screening,3,perturb_1sigma,0.6017196774482727,0.013407423393800855,5,,,,,,123
verified_screening,3,perturb_2sigma,1.7397123575210571,0.021244071424007416,5,,,,,,123
verified_screening,4,supervised,1.5448400974273682,0.012251659296452999,5,,,,,,123
verified_screening,4,actor,1.5448400974273682,0.012251659296452999,5,,,,,,123
verified_screening,4,zero,0.2004665732383728,0.013441966846585274,5,,,,,,123
verified_screening,4,random,-0.3419773578643799,-0.0004628428432624787,5,,,,,,123
verified_screening,4,shuffled,-0.27347898483276367,0.011405933648347855,5,,,,,,123
verified_screening,4,perturb_0.25sigma,1.513601303100586,0.012306652031838894,5,,,,,,123
verified_screening,4,perturb_0.5sigma,1.046077013015747,0.007655245251953602,5,,,,,,123
verified_screening,4,perturb_1sigma,-0.5074864625930786,0.00635796831920743,5,,,,,,123
verified_screening,4,perturb_2sigma,-0.5872135162353516,-0.003648128593340516,5,,,,,,123
verified_screening,5,supervised,2.3133325576782227,0.05292255897074938,5,,,,,,123
verified_screening,5,actor,2.3133325576782227,0.05292255897074938,5,,,,,,123
verified_screening,5,zero,1.7445952892303467,0.0541245648637414,5,,,,,,123
verified_screening,5,random,1.7970986366271973,0.04297782061621547,5,,,,,,123
verified_screening,5,shuffled,1.3062254190444946,0.05329993739724159,5,,,,,,123
verified_screening,5,perturb_0.25sigma,1.6877772808074951,0.054091377183794975,5,,,,,,123
verified_screening,5,perturb_0.5sigma,1.0801384449005127,0.052025459706783295,5,,,,,,123
verified_screening,5,perturb_1sigma,1.803201675415039,0.043810835340991616,5,,,,,,123
verified_screening,5,perturb_2sigma,1.850334882736206,0.05442403070628643,5,,,,,,123
verified_screening,6,supervised,2.253969669342041,0.043396483175456524,5,,,,,,123
verified_screening,6,actor,2.253969669342041,0.043396483175456524,5,,,,,,123
verified_screening,6,zero,1.540600299835205,0.04448414035141468,5,,,,,,123
verified_screening,6,random,2.4104421138763428,0.04046159703284502,5,,,,,,123
verified_screening,6,shuffled,1.0997538566589355,0.04341413173824549,5,,,,,,123
verified_screening,6,perturb_0.25sigma,1.9916152954101562,0.04409172013401985,5,,,,,,123
verified_screening,6,perturb_0.5sigma,2.126826286315918,0.04372170381247997,5,,,,,,123
verified_screening,6,perturb_1sigma,0.8926749229431152,0.04261726140975952,5,,,,,,123
verified_screening,6,perturb_2sigma,0.8459867238998413,0.041980212554335594,5,,,,,,123
verified_screening,7,supervised,2.1222846508026123,0.03300157841295004,5,,,,,,123
verified_screening,7,actor,2.1222846508026123,0.03300157841295004,5,,,,,,123
verified_screening,7,zero,1.2145612239837646,0.034030476585030556,5,,,,,,123
verified_screening,7,random,1.5802764892578125,0.025940226390957832,5,,,,,,123
verified_screening,7,shuffled,0.7426589131355286,0.032717266120016575,5,,,,,,123
verified_screening,7,perturb_0.25sigma,1.6777186393737793,0.033835338428616524,5,,,,,,123
verified_screening,7,perturb_0.5sigma,1.9625282287597656,0.033476151525974274,5,,,,,,123
verified_screening,7,perturb_1sigma,1.198923945426941,0.021539810724789277,5,,,,,,123
verified_screening,7,perturb_2sigma,1.6018767356872559,0.03460037708282471,5,,,,,,123
verified_screening,8,supervised,1.7997057437896729,0.02220735140144825,5,,,,,,123
verified_screening,8,actor,1.7997057437896729,0.02220735140144825,5,,,,,,123
verified_screening,8,zero,0.7131204009056091,0.023136218078434467,5,,,,,,123
verified_screening,8,random,1.8915709257125854,0.019731363281607628,5,,,,,,123
verified_screening,8,shuffled,0.24699822068214417,0.021597521379590034,5,,,,,,123
verified_screening,8,perturb_0.25sigma,0.965086042881012,0.023080469109117985,5,,,,,,123
verified_screening,8,perturb_0.5sigma,2.0020644664764404,0.020104050636291504,5,,,,,,123
verified_screening,8,perturb_1sigma,1.6230926513671875,0.02251119539141655,5,,,,,,123
verified_screening,8,perturb_2sigma,0.8250660300254822,0.012190704233944416,5,,,,,,123
verified_screening,9,supervised,1.36210298538208,0.011228056624531746,5,,,,,,123
verified_screening,9,actor,1.36210298538208,0.011228056624531746,5,,,,,,123
verified_screening,9,zero,0.1546476185321808,0.01202531810849905,5,,,,,,123
verified_screening,9,random,1.195084810256958,0.00897354818880558,5,,,,,,123
verified_screening,9,shuffled,-0.2820706367492676,0.01027197577059269,5,,,,,,123
verified_screening,9,perturb_0.25sigma,1.7319438457489014,0.010586115531623363,5,,,,,,123
verified_screening,9,perturb_0.5sigma,1.7009574174880981,0.009237808175384998,5,,,,,,123
verified_screening,9,perturb_1sigma,1.2294201850891113,0.011078220792114735,5,,,,,,123
verified_screening,9,perturb_2sigma,0.03417538106441498,0.001900173956528306,5,,,,,,123
verified_screening,10,supervised,1.1403807401657104,0.04220742732286453,5,,,,,,123
verified_screening,10,actor,1.1403807401657104,0.04220742732286453,5,,,,,,123
verified_screening,10,zero,0.8773050904273987,0.03888533543795347,5,,,,,,123
verified_screening,10,random,1.130247950553894,0.04157838877290487,5,,,,,,123
verified_screening,10,shuffled,0.7070131897926331,0.03671035496518016,5,,,,,,123
verified_screening,10,perturb_0.25sigma,1.3404428958892822,0.04173488635569811,5,,,,,,123
verified_screening,10,perturb_0.5sigma,1.1265645027160645,0.04221144784241915,5,,,,,,123
verified_screening,10,perturb_1sigma,0.8391740918159485,0.03838149784132838,5,,,,,,123
verified_screening,10,perturb_2sigma,0.9469126462936401,0.040353701915591955,5,,,,,,123
verified_screening,11,supervised,1.060595989227295,0.03413117118179798,5,,,,,,123
verified_screening,11,actor,1.060595989227295,0.03413117118179798,5,,,,,,123
verified_screening,11,zero,0.7575584053993225,0.03074418008327484,5,,,,,,123
verified_screening,11,random,0.9456953406333923,0.03328479500487447,5,,,,,,123
verified_screening,11,shuffled,0.5820861458778381,0.028536572586745024,5,,,,,,123
verified_screening,11,perturb_0.25sigma,0.9713101983070374,0.03373568318784237,5,,,,,,123
verified_screening,11,perturb_0.5sigma,1.201601266860962,0.03383713774383068,5,,,,,,123
verified_screening,11,perturb_1sigma,0.9738492965698242,0.03401035536080599,5,,,,,,123
verified_screening,11,perturb_2sigma,1.2217137813568115,0.03329911269247532,5,,,,,,123
verified_screening,12,supervised,0.9457938075065613,0.025844487361609936,5,,,,,,123
verified_screening,12,actor,0.9457938075065613,0.025844487361609936,5,,,,,,123
verified_screening,12,zero,0.564326822757721,0.022412344347685575,5,,,,,,123
verified_screening,12,random,0.532748818397522,0.02211439749225974,5,,,,,,123
verified_screening,12,shuffled,0.34230542182922363,0.020179464714601636,5,,,,,,123
verified_screening,12,perturb_0.25sigma,0.9707635045051575,0.025836803019046783,5,,,,,,123
verified_screening,12,perturb_0.5sigma,1.0981496572494507,0.025633365847170353,5,,,,,,123
verified_screening,12,perturb_1sigma,1.0379887819290161,0.025693890638649464,5,,,,,,123
verified_screening,12,perturb_2sigma,0.5217130184173584,0.021889809984713793,5,,,,,,123
verified_screening,13,supervised,0.7805308699607849,0.01737695373594761,5,,,,,,123
verified_screening,13,actor,0.7805308699607849,0.01737695373594761,5,,,,,,123
verified_screening,13,zero,0.22186018526554108,0.013913485687226057,5,,,,,,123
verified_screening,13,random,0.009100641123950481,0.012248219456523657,5,,,,,,123
verified_screening,13,shuffled,-0.043294135481119156,0.011667809216305614,5,,,,,,123
verified_screening,13,perturb_0.25sigma,0.7502781748771667,0.017333462834358215,5,,,,,,123
verified_screening,13,perturb_0.5sigma,0.7877609133720398,0.017489099875092506,5,,,,,,123
verified_screening,13,perturb_1sigma,1.1148426532745361,0.016417565289884806,5,,,,,,123
verified_screening,13,perturb_2sigma,0.2048741728067398,0.013787655625492334,5,,,,,,123
verified_screening,14,supervised,0.4686920940876007,0.008753414265811443,5,,,,,,123
verified_screening,14,actor,0.4686920940876007,0.008753414265811443,5,,,,,,123
verified_screening,14,zero,-0.22829213738441467,0.005269963759928942,5,,,,,,123
verified_screening,14,random,-0.38620904088020325,0.00411263108253479,5,,,,,,123
verified_screening,14,shuffled,-0.4864100515842438,0.003018853021785617,5,,,,,,123
verified_screening,14,perturb_0.25sigma,0.4972354769706726,0.008764049038290977,5,,,,,,123
verified_screening,14,perturb_0.5sigma,0.6912265419960022,0.00860438123345375,5,,,,,,123
verified_screening,14,perturb_1sigma,0.07155002653598785,0.007871126756072044,5,,,,,,123
verified_screening,14,perturb_2sigma,0.5778879523277283,0.007796823512762785,5,,,,,,123
verified_screening,15,supervised,1.3545717000961304,0.0473435977473855,5,,,,,,123
verified_screening,15,actor,1.3545717000961304,0.0473435977473855,5,,,,,,123
verified_screening,15,zero,0.8964948058128357,0.0451608058065176,5,,,,,,123
verified_screening,15,random,0.7426634430885315,0.04223730508238077,5,,,,,,123
verified_screening,15,shuffled,0.7197248339653015,0.0422619073651731,5,,,,,,123
verified_screening,15,perturb_0.25sigma,1.2548191547393799,0.04750313889235258,5,,,,,,123
verified_screening,15,perturb_0.5sigma,1.4856846332550049,0.04690040461719036,5,,,,,,123
verified_screening,15,perturb_1sigma,1.036740779876709,0.04700571671128273,5,,,,,,123
verified_screening,15,perturb_2sigma,2.052464723587036,0.040272636571899056,5,,,,,,123
verified_screening,16,supervised,1.3026738166809082,0.03847213927656412,5,,,,,,123
verified_screening,16,actor,1.3026738166809082,0.03847213927656412,5,,,,,,123
verified_screening,16,zero,0.772598385810852,0.03622474893927574,5,,,,,,123
verified_screening,16,random,0.853997528553009,0.0371735030785203,5,,,,,,123
verified_screening,16,shuffled,0.5808122754096985,0.033242813777178526,5,,,,,,123
verified_screening,16,perturb_0.25sigma,1.2980635166168213,0.03848595451563597,5,,,,,,123
verified_screening,16,perturb_0.5sigma,1.1887478828430176,0.03869327623397112,5,,,,,,123
verified_screening,16,perturb_1sigma,1.9856915473937988,0.032758313696831465,5,,,,,,123
verified_screening,16,perturb_2sigma,0.8449511528015137,0.03758465778082609,5,,,,,,123
verified_screening,17,supervised,1.2163277864456177,0.029277794063091278,5,,,,,,123
verified_screening,17,actor,1.2163277864456177,0.029277794063091278,5,,,,,,123
verified_screening,17,zero,0.5681930184364319,0.026983178220689297,5,,,,,,123
verified_screening,17,random,0.33868369460105896,0.02447481080889702,5,,,,,,123
verified_screening,17,shuffled,0.3224758803844452,0.0239282981492579,5,,,,,,123
verified_screening,17,perturb_0.25sigma,1.0664132833480835,0.029454748146235943,5,,,,,,123
verified_screening,17,perturb_0.5sigma,1.0295555591583252,0.029421108774840832,5,,,,,,123
verified_screening,17,perturb_1sigma,0.8012330532073975,0.0290743475779891,5,,,,,,123
verified_screening,17,perturb_2sigma,0.3759765625,0.02418355457484722,5,,,,,,123
verified_screening,18,supervised,1.04768705368042,0.019787670113146305,5,,,,,,123
verified_screening,18,actor,1.04768705368042,0.019787670113146305,5,,,,,,123
verified_screening,18,zero,0.20922014117240906,0.01745669450610876,5,,,,,,123
verified_screening,18,random,0.7407340407371521,0.019867582246661186,5,,,,,,123
verified_screening,18,shuffled,-0.11055538803339005,0.014342283830046654,5,,,,,,123
verified_screening,18,perturb_0.25sigma,1.296886920928955,0.01923770271241665,5,,,,,,123
verified_screening,18,perturb_0.5sigma,0.8165577054023743,0.019882807508111,5,,,,,,123
verified_screening,18,perturb_1sigma,1.5417901277542114,0.01686207251623273,5,,,,,,123
verified_screening,18,perturb_2sigma,0.010915483348071575,0.015236747451126575,5,,,,,,123
verified_screening,19,supervised,0.6690757870674133,0.010023782961070538,5,,,,,,123
verified_screening,19,actor,0.6690757870674133,0.010023782961070538,5,,,,,,123
verified_screening,19,zero,-0.2983781099319458,0.007659641094505787,5,,,,,,123
verified_screening,19,random,-0.2252512276172638,0.008320601657032967,5,,,,,,123
verified_screening,19,shuffled,-0.587939977645874,0.004499464295804501,5,,,,,,123
verified_screening,19,perturb_0.25sigma,0.8754484057426453,0.009576501324772835,5,,,,,,123
verified_screening,19,perturb_0.5sigma,0.177231103181839,0.010216847993433475,5,,,,,,123
verified_screening,19,perturb_1sigma,0.2624898850917816,0.009972447529435158,5,,,,,,123
verified_screening,19,perturb_2sigma,-0.43266358971595764,0.0011232469696551561,5,,,,,,123
verified_screening,20,supervised,2.487886667251587,0.039596791844815016,5,,,,,,123
verified_screening,20,actor,2.487886667251587,0.039596791844815016,5,,,,,,123
verified_screening,20,zero,2.536545753479004,0.03865561168640852,5,,,,,,123
verified_screening,20,random,2.2152912616729736,0.03487891284748912,5,,,,,,123
verified_screening,20,shuffled,2.450077772140503,0.03757476806640625,5,,,,,,123
verified_screening,20,perturb_0.25sigma,2.315098285675049,0.0403152690269053,5,,,,,,123
verified_screening,20,perturb_0.5sigma,2.2722854614257812,0.03628871263936162,5,,,,,,123
verified_screening,20,perturb_1sigma,2.0484275817871094,0.03397037973627448,5,,,,,,123
verified_screening,20,perturb_2sigma,2.3341989517211914,0.03696307446807623,5,,,,,,123
verified_screening,21,supervised,2.4520816802978516,0.033143230713903904,5,,,,,,123
verified_screening,21,actor,2.4520816802978516,0.033143230713903904,5,,,,,,123
verified_screening,21,zero,2.4545111656188965,0.03238144423812628,5,,,,,,123
verified_screening,21,random,2.233464479446411,0.03042136039584875,5,,,,,,123
verified_screening,21,shuffled,2.339388847351074,0.0315263238735497,5,,,,,,123
verified_screening,21,perturb_0.25sigma,2.336094379425049,0.03369454247877002,5,,,,,,123
verified_screening,21,perturb_0.5sigma,2.444164276123047,0.03317137761041522,5,,,,,,123
verified_screening,21,perturb_1sigma,0.6130200624465942,0.018207141663879156,5,,,,,,123
verified_screening,21,perturb_2sigma,0.40506020188331604,0.032252623001113534,5,,,,,,123
verified_screening,22,supervised,2.3281168937683105,0.026071326341480017,5,,,,,,123
verified_screening,22,actor,2.3281168937683105,0.026071326341480017,5,,,,,,123
verified_screening,22,zero,2.3210504055023193,0.02550409035757184,5,,,,,,123
verified_screening,22,random,2.3780884742736816,0.025164875201880932,5,,,,,,123
verified_screening,22,shuffled,2.1954574584960938,0.02495540166273713,5,,,,,,123
verified_screening,22,perturb_0.25sigma,2.3461108207702637,0.026116977911442518,5,,,,,,123
verified_screening,22,perturb_0.5sigma,0.672234833240509,0.026651116088032722,5,,,,,,123
verified_screening,22,perturb_1sigma,0.8566822409629822,0.026920692063868046,5,,,,,,123
verified_screening,22,perturb_2sigma,0.39769187569618225,0.011734158266335726,5,,,,,,123
verified_screening,23,supervised,2.1473193168640137,0.018283726647496223,5,,,,,,123
verified_screening,23,actor,2.1473193168640137,0.018283726647496223,5,,,,,,123
verified_screening,23,zero,2.1239681243896484,0.01792913768440485,5,,,,,,123
verified_screening,23,random,1.2630133628845215,0.018785711377859116,5,,,,,,123
verified_screening,23,shuffled,1.9986202716827393,0.017734777182340622,5,,,,,,123
verified_screening,23,perturb_0.25sigma,2.170659303665161,0.017940995283424854,5,,,,,,123
verified_screening,23,perturb_0.5sigma,0.1736079454421997,0.006949816946871579,5,,,,,,123
verified_screening,23,perturb_1sigma,0.19177430868148804,0.00696109386626631,5,,,,,,123
verified_screening,23,perturb_2sigma,-0.18077781796455383,0.01490547601133585,5,,,,,,123
verified_screening,24,supervised,1.9119255542755127,0.009654099121689796,5,,,,,,123
verified_screening,24,actor,1.9119255542755127,0.009654099121689796,5,,,,,,123
verified_screening,24,zero,1.839174747467041,0.009535902179777622,5,,,,,,123
verified_screening,24,random,1.4626131057739258,0.008608547039330006,5,,,,,,123
verified_screening,24,shuffled,1.581902265548706,0.009700127877295017,5,,,,,,123
verified_screening,24,perturb_0.25sigma,1.7933125495910645,0.009759645909070969,5,,,,,,123
verified_screening,24,perturb_0.5sigma,1.6205124855041504,0.00874741654843092,5,,,,,,123
verified_screening,24,perturb_1sigma,0.9145815968513489,0.01018573809415102,5,,,,,,123
verified_screening,24,perturb_2sigma,0.868185818195343,0.009690005332231522,5,,,,,,123
verified_screening,25,supervised,2.487886667251587,0.039596791844815016,5,,,,,,123
verified_screening,25,actor,2.487886667251587,0.039596791844815016,5,,,,,,123
verified_screening,25,zero,2.536545753479004,0.03865561168640852,5,,,,,,123
verified_screening,25,random,1.5497314929962158,0.02964254783000797,5,,,,,,123
verified_screening,25,shuffled,2.450077772140503,0.03757476806640625,5,,,,,,123
verified_screening,25,perturb_0.25sigma,2.3715052604675293,0.04020682908594608,5,,,,,,123
verified_screening,25,perturb_0.5sigma,2.328077793121338,0.04019225062802434,5,,,,,,123
verified_screening,25,perturb_1sigma,1.0111799240112305,0.025129483779892325,5,,,,,,123
verified_screening,25,perturb_2sigma,1.9772517681121826,0.032058469485491514,5,,,,,,123
verified_screening,26,supervised,2.425183057785034,0.03356115939095616,5,,,,,,123
verified_screening,26,actor,2.425183057785034,0.03356115939095616,5,,,,,,123
verified_screening,26,zero,2.462134838104248,0.03276584995910525,5,,,,,,123
verified_screening,26,random,1.6845200061798096,0.02643500966951251,5,,,,,,123
verified_screening,26,shuffled,2.3542261123657227,0.03184322360903025,5,,,,,,123
verified_screening,26,perturb_0.25sigma,2.494340419769287,0.03328865207731724,5,,,,,,123
verified_screening,26,perturb_0.5sigma,2.271791696548462,0.034276836551725864,5,,,,,,123
verified_screening,26,perturb_1sigma,1.624365210533142,0.02652446087449789,5,,,,,,123
verified_screening,26,perturb_2sigma,0.40990760922431946,0.0325072524137795,5,,,,,,123
verified_screening,27,supervised,2.270209312438965,0.026333562098443508,5,,,,,,123
verified_screening,27,actor,2.270209312438965,0.026333562098443508,5,,,,,,123
verified_screening,27,zero,2.3265647888183594,0.02576113399118185,5,,,,,,123
verified_screening,27,random,2.3473126888275146,0.026368356309831142,5,,,,,,123
verified_screening,27,shuffled,2.2331929206848145,0.02518217358738184,5,,,,,,123
verified_screening,27,perturb_0.25sigma,2.3927764892578125,0.02587292157113552,5,,,,,,123
verified_screening,27,perturb_0.5sigma,2.1290555000305176,0.02459368109703064,5,,,,,,123
verified_screening,27,perturb_1sigma,0.6334596276283264,0.026206644717603922,5,,,,,,123
verified_screening,27,perturb_2sigma,2.3146839141845703,0.02465906646102667,5,,,,,,123
verified_screening,28,supervised,1.9701294898986816,0.01841073576360941,5,,,,,,123
verified_screening,28,actor,1.9701294898986816,0.01841073576360941,5,,,,,,123
verified_screening,28,zero,2.1029181480407715,0.017989414744079113,5,,,,,,123
verified_screening,28,random,0.4707298278808594,0.009128334524575621,5,,,,,,123
verified_screening,28,shuffled,2.0419163703918457,0.017666521482169628,5,,,,,,123
verified_screening,28,perturb_0.25sigma,2.087425708770752,0.01823110319674015,5,,,,,,123
verified_screening,28,perturb_0.5sigma,0.497504860162735,0.01893593091517687,5,,,,,,123
verified_screening,28,perturb_1sigma,0.934617817401886,0.012511193752288818,5,,,,,,123
verified_screening,28,perturb_2sigma,0.0630149096250534,0.006108562462031841,5,,,,,,123
verified_screening,29,supervised,1.6476534605026245,0.009574050083756447,5,,,,,,123
verified_screening,29,actor,1.6476534605026245,0.009574050083756447,5,,,,,,123
verified_screening,29,zero,1.6770904064178467,0.009318496100604534,5,,,,,,123
verified_screening,29,random,-0.18450020253658295,0.008675009943544865,5,,,,,,123
verified_screening,29,shuffled,1.5139780044555664,0.009278330020606518,5,,,,,,123
verified_screening,29,perturb_0.25sigma,1.8072173595428467,0.009447700344026089,5,,,,,,123
verified_screening,29,perturb_0.5sigma,1.967740774154663,0.008507028222084045,5,,,,,,123
verified_screening,29,perturb_1sigma,-0.07532979547977448,0.00281664845533669,5,,,,,,123
verified_screening,29,perturb_2sigma,-0.41409802436828613,0.006415567826479673,5,,,,,,123
verified_screening,30,supervised,1.302428126335144,0.04670529253780842,5,,,,,,123
verified_screening,30,actor,1.302428126335144,0.04670529253780842,5,,,,,,123
verified_screening,30,zero,0.8875923752784729,0.0443857335485518,5,,,,,,123
verified_screening,30,random,1.6088931560516357,0.045447115786373615,5,,,,,,123
verified_screening,30,shuffled,0.716839611530304,0.041571279522031546,5,,,,,,123
verified_screening,30,perturb_0.25sigma,1.2347404956817627,0.046843244694173336,5,,,,,,123
verified_screening,30,perturb_0.5sigma,1.0966352224349976,0.04680390935391188,5,,,,,,123
verified_screening,30,perturb_1sigma,1.4626960754394531,0.045438951812684536,5,,,,,,123
verified_screening,30,perturb_2sigma,1.5575814247131348,0.045301755890250206,5,,,,,,123
verified_screening,31,supervised,1.2453579902648926,0.037929099053144455,5,,,,,,123
verified_screening,31,actor,1.2453579902648926,0.037929099053144455,5,,,,,,123
verified_screening,31,zero,0.7626765966415405,0.03554280288517475,5,,,,,,123
verified_screening,31,random,0.7633949518203735,0.03555712942034006,5,,,,,,123
verified_screening,31,shuffled,0.5794804692268372,0.03265461651608348,5,,,,,,123
verified_screening,31,perturb_0.25sigma,1.580177903175354,0.036466930992901325,5,,,,,,123
verified_screening,31,perturb_0.5sigma,1.482520580291748,0.03719537239521742,5,,,,,,123
verified_screening,31,perturb_1sigma,1.975463628768921,0.03346742643043399,5,,,,,,123
verified_screening,31,perturb_2sigma,0.5587686896324158,0.03219579183496535,5,,,,,,123
verified_screening,32,supervised,1.1564769744873047,0.028844979591667652,5,,,,,,123
verified_screening,32,actor,1.1564769744873047,0.028844979591667652,5,,,,,,123
verified_screening,32,zero,0.5600454807281494,0.026410143822431564,5,,,,,,123
verified_screening,32,random,1.154961347579956,0.028669271618127823,5,,,,,,123
verified_screening,32,shuffled,0.32175949215888977,0.023457134142518044,5,,,,,,123
verified_screening,32,perturb_0.25sigma,1.3768925666809082,0.028273465111851692,5,,,,,,123
verified_screening,32,perturb_0.5sigma,1.6927138566970825,0.025738677009940147,5,,,,,,123
verified_screening,32,perturb_1sigma,1.195249080657959,0.020470738760195673,5,,,,,,123
verified_screening,32,perturb_2sigma,0.49474015831947327,0.025668648071587086,5,,,,,,123
verified_screening,33,supervised,1.011966347694397,0.019480867311358452,5,,,,,,123
verified_screening,33,actor,1.011966347694397,0.019480867311358452,5,,,,,,123
verified_screening,33,zero,0.20132455229759216,0.01700977934524417,5,,,,,,123
verified_screening,33,random,0.5174673795700073,0.01920398138463497,5,,,,,,123
verified_screening,33,shuffled,-0.1079748347401619,0.014006540179252625,5,,,,,,123
verified_screening,33,perturb_0.25sigma,0.8799192905426025,0.019648496992886066,5,,,,,,123
verified_screening,33,perturb_0.5sigma,0.9841231107711792,0.01950093824416399,5,,,,,,123
verified_screening,33,perturb_1sigma,1.4483311176300049,0.016526623629033566,5,,,,,,123
verified_screening,33,perturb_2sigma,0.19155223667621613,0.01726123597472906,5,,,,,,123
verified_screening,34,supervised,0.6478656530380249,0.00986066460609436,5,,,,,,123
verified_screening,34,actor,0.6478656530380249,0.00986066460609436,5,,,,,,123
verified_screening,34,zero,-0.3013360798358917,0.007357693277299404,5,,,,,,123
verified_screening,34,random,0.10501673072576523,0.009417450986802578,5,,,,,,123
verified_screening,34,shuffled,-0.5902748107910156,0.004318350460380316,5,,,,,,123
verified_screening,34,perturb_0.25sigma,0.5522170066833496,0.009968782775104046,5,,,,,,123
verified_screening,34,perturb_0.5sigma,0.32239478826522827,0.010021188296377659,5,,,,,,123
verified_screening,34,perturb_1sigma,0.10093052685260773,0.004313103388994932,5,,,,,,123
verified_screening,34,perturb_2sigma,0.8150476813316345,0.009154414758086205,5,,,,,,123
verified_screening,35,supervised,1.1733794212341309,0.033027667086571455,5,,,,,,123
verified_screening,35,actor,1.1733794212341309,0.033027667086571455,5,,,,,,123
verified_screening,35,zero,0.9045097231864929,0.029713258147239685,5,,,,,,123
verified_screening,35,random,1.3672999143600464,0.032608198933303356,5,,,,,,123
verified_screening,35,shuffled,0.699540913105011,0.028205645503476262,5,,,,,,123
verified_screening,35,perturb_0.25sigma,1.244307279586792,0.03321288572624326,5,,,,,,123
verified_screening,35,perturb_0.5sigma,1.220381259918213,0.0331183853559196,5,,,,,,123
verified_screening,35,perturb_1sigma,1.1951881647109985,0.033119925763458014,5,,,,,,123
verified_screening,35,perturb_2sigma,1.0627546310424805,0.03230044478550553,5,,,,,,123
verified_screening,36,supervised,1.1056073904037476,0.026576632168143988,5,,,,,,123
verified_screening,36,actor,1.1056073904037476,0.026576632168143988,5,,,,,,123
verified_screening,36,zero,0.7955507636070251,0.023221923504024744,5,,,,,,123
verified_screening,36,random,0.9057691693305969,0.02409032080322504,5,,,,,,123
verified_screening,36,shuffled,0.5784626603126526,0.02169728127773851,5,,,,,,123
verified_screening,36,perturb_0.25sigma,1.1961956024169922,0.026793566532433033,5,,,,,,123
verified_screening,36,perturb_0.5sigma,1.0565216541290283,0.02639364544302225,5,,,,,,123
verified_screening,36,perturb_1sigma,1.082776665687561,0.0265001249499619,5,,,,,,123
verified_screening,36,perturb_2sigma,1.2716476917266846,0.026892065536230803,5,,,,,,123
verified_screening,37,supervised,1.0075715780258179,0.020026826299726963,5,,,,,,123
verified_screening,37,actor,1.0075715780258179,0.020026826299726963,5,,,,,,123
verified_screening,37,zero,0.6110686659812927,0.01665218872949481,5,,,,,,123
verified_screening,37,random,0.9044486880302429,0.018755979370325804,5,,,,,,123
verified_screening,37,shuffled,0.3640945255756378,0.015112658031284809,5,,,,,,123
verified_screening,37,perturb_0.25sigma,0.8877761363983154,0.019442373886704445,5,,,,,,123
verified_screening,37,perturb_0.5sigma,0.9747598171234131,0.01994594233110547,5,,,,,,123
verified_screening,37,perturb_1sigma,0.9787846803665161,0.019816828425973654,5,,,,,,123
verified_screening,37,perturb_2sigma,1.0968027114868164,0.019943085499107838,5,,,,,,123
verified_screening,38,supervised,0.8539713025093079,0.013399098068475723,5,,,,,,123
verified_screening,38,actor,0.8539713025093079,0.013399098068475723,5,,,,,,123
verified_screening,38,zero,0.304800420999527,0.010018738685175776,5,,,,,,123
verified_screening,38,random,0.44730690121650696,0.010562871349975467,5,,,,,,123
verified_screening,38,shuffled,0.04194442555308342,0.008471334702335298,5,,,,,,123
verified_screening,38,perturb_0.25sigma,0.9394245147705078,0.01357066398486495,5,,,,,,123
verified_screening,38,perturb_0.5sigma,0.9887282848358154,0.013651284389197826,5,,,,,,123
verified_screening,38,perturb_1sigma,0.9601345658302307,0.01361470390111208,5,,,,,,123
verified_screening,38,perturb_2sigma,0.2780167758464813,0.010433070361614227,5,,,,,,123
verified_screening,39,supervised,0.5811954736709595,0.006711923982948065,5,,,,,,123
verified_screening,39,actor,0.5811954736709595,0.006711923982948065,5,,,,,,123
verified_screening,39,zero,-0.08264362066984177,0.0033369692973792553,5,,,,,,123
verified_screening,39,random,-0.2466922104358673,0.0026027935091406107,5,,,,,,123
verified_screening,39,shuffled,-0.35620155930519104,0.0017844258109107614,5,,,,,,123
verified_screening,39,perturb_0.25sigma,0.6446921229362488,0.006847138050943613,5,,,,,,123
verified_screening,39,perturb_0.5sigma,0.7036759257316589,0.006941727828234434,5,,,,,,123
verified_screening,39,perturb_1sigma,0.3855900764465332,0.006139485631138086,5,,,,,,123
verified_screening,39,perturb_2sigma,0.5893808603286743,0.006719493307173252,5,,,,,,123
verified_screening,40,supervised,1.1530206203460693,0.043317412957549095,5,,,,,,123
verified_screening,40,actor,1.1530206203460693,0.043317412957549095,5,,,,,,123
verified_screening,40,zero,0.8745998740196228,0.04021804314106703,5,,,,,,123
verified_screening,40,random,0.8448004722595215,0.039876068476587534,5,,,,,,123
verified_screening,40,shuffled,0.7076683640480042,0.037892565596848726,5,,,,,,123
verified_screening,40,perturb_0.25sigma,1.2069096565246582,0.043243180960416794,5,,,,,,123
verified_screening,40,perturb_0.5sigma,1.0718215703964233,0.04317614994943142,5,,,,,,123
verified_screening,40,perturb_1sigma,1.565263271331787,0.040681968443095684,5,,,,,,123
verified_screening,40,perturb_2sigma,0.7397047877311707,0.038321722066029906,5,,,,,,123
verified_screening,41,supervised,1.0733109712600708,0.03505691699683666,5,,,,,,123
verified_screening,41,actor,1.0733109712600708,0.03505691699683666,5,,,,,,123
verified_screening,41,zero,0.7530928254127502,0.031889263074845076,5,,,,,,123
verified_screening,41,random,0.8065809607505798,0.032566075678914785,5,,,,,,123
verified_screening,41,shuffled,0.5799389481544495,0.029525502352043986,5,,,,,,123
verified_screening,41,perturb_0.25sigma,1.0448508262634277,0.03499026037752628,5,,,,,,123
verified_screening,41,perturb_0.5sigma,1.065290093421936,0.03510950691998005,5,,,,,,123
verified_screening,41,perturb_1sigma,0.7211697101593018,0.03136525768786669,5,,,,,,123
verified_screening,41,perturb_2sigma,1.560023546218872,0.031521485187113285,5,,,,,,123
verified_screening,42,supervised,0.9593542814254761,0.026567718014121056,5,,,,,,123
verified_screening,42,actor,0.9593542814254761,0.026567718014121056,5,,,,,,123
verified_screening,42,zero,0.5575820207595825,0.023349749390035868,5,,,,,,123
verified_screening,42,random,0.5184504389762878,0.02289954712614417,5,,,,,,123
verified_screening,42,shuffled,0.33449098467826843,0.020954351173713803,5,,,,,,123
verified_screening,42,perturb_0.25sigma,0.9022879004478455,0.026503552682697773,5,,,,,,123
verified_screening,42,perturb_0.5sigma,1.213742733001709,0.025810698978602886,5,,,,,,123
verified_screening,42,perturb_1sigma,1.0068085193634033,0.02660789154469967,5,,,,,,123
verified_screening,42,perturb_2sigma,0.4355209767818451,0.022121991962194443,5,,,,,,123
verified_screening,43,supervised,0.7936858534812927,0.017877740785479546,5,,,,,,123
verified_screening,43,actor,0.7936858534812927,0.017877740785479546,5,,,,,,123
verified_screening,43,zero,0.2056732475757599,0.014624111354351044,5,,,,,,123
verified_screening,43,random,0.3588618040084839,0.015902649611234665,5,,,,,,123
verified_screening,43,shuffled,-0.06469062715768814,0.012210852233693004,5,,,,,,123
verified_screening,43,perturb_0.25sigma,0.8599011301994324,0.017807316966354847,5,,,,,,123
verified_screening,43,perturb_0.5sigma,0.8920392394065857,0.017792548052966595,5,,,,,,123
verified_screening,43,perturb_1sigma,1.0267155170440674,0.014992726035416126,5,,,,,,123
verified_screening,43,perturb_2sigma,0.2899000346660614,0.01573570678010583,5,,,,,,123
verified_screening,44,supervised,0.49101051688194275,0.009013478644192219,5,,,,,,123
verified_screening,44,actor,0.49101051688194275,0.009013478644192219,5,,,,,,123
verified_screening,44,zero,-0.2594201862812042,0.005734583362936974,5,,,,,,123
verified_screening,44,random,-0.10484441369771957,0.006874527782201767,5,,,,,,123
verified_screening,44,shuffled,-0.5190126895904541,0.0033129642251878977,5,,,,,,123
verified_screening,44,perturb_0.25sigma,0.2669740319252014,0.008892853744328022,5,,,,,,123
verified_screening,44,perturb_0.5sigma,0.7991986870765686,0.008630507625639439,5,,,,,,123
verified_screening,44,perturb_1sigma,0.4768669307231903,0.008880444802343845,5,,,,,,123
verified_screening,44,perturb_2sigma,0.42300131916999817,0.006501488853245974,5,,,,,,123
verified_screening,45,supervised,2.416496515274048,0.049149492755532265,5,,,,,,123
verified_screening,45,actor,2.416496515274048,0.049149492755532265,5,,,,,,123
verified_screening,45,zero,2.0591907501220703,0.0502155777066946,5,,,,,,123
verified_screening,45,random,1.9338457584381104,0.05033493507653475,5,,,,,,123
verified_screening,45,shuffled,1.6979506015777588,0.05071482062339783,5,,,,,,123
verified_screening,45,perturb_0.25sigma,2.4034905433654785,0.049204589799046516,5,,,,,,123
verified_screening,45,perturb_0.5sigma,2.3226873874664307,0.04961478989571333,5,,,,,,123
verified_screening,45,perturb_1sigma,2.4911129474639893,0.04863008297979832,5,,,,,,123
verified_screening,45,perturb_2sigma,1.3620561361312866,0.03504831111058593,5,,,,,,123
verified_screening,46,supervised,2.420541286468506,0.04087018687278032,5,,,,,,123
verified_screening,46,actor,2.420541286468506,0.04087018687278032,5,,,,,,123
verified_screening,46,zero,1.9334709644317627,0.04201042931526899,5,,,,,,123
verified_screening,46,random,2.493258237838745,0.03967040590941906,5,,,,,,123
verified_screening,46,shuffled,1.4961042404174805,0.04246339853852987,5,,,,,,123
verified_screening,46,perturb_0.25sigma,2.4978747367858887,0.04016434587538242,5,,,,,,123
verified_screening,46,perturb_0.5sigma,1.9950413703918457,0.04192954953759909,5,,,,,,123
verified_screening,46,perturb_1sigma,0.7070212960243225,0.038990562316030264,5,,,,,,123
verified_screening,46,perturb_2sigma,0.5359193086624146,0.03764695581048727,5,,,,,,123
verified_screening,47,supervised,2.3235251903533936,0.031903800554573536,5,,,,,,123
verified_screening,47,actor,2.3235251903533936,0.031903800554573536,5,,,,,,123
verified_screening,47,zero,1.683976411819458,0.033102111890912056,5,,,,,,123
verified_screening,47,random,1.5226893424987793,0.0330231050029397,5,,,,,,123
verified_screening,47,shuffled,1.16386079788208,0.033503481186926365,5,,,,,,123
verified_screening,47,perturb_0.25sigma,1.9038662910461426,0.03288326784968376,5,,,,,,123
verified_screening,47,perturb_0.5sigma,1.9473402500152588,0.032497283071279526,5,,,,,,123
verified_screening,47,perturb_1sigma,2.3276374340057373,0.03139167092740536,5,,,,,,123
verified_screening,47,perturb_2sigma,0.27697455883026123,0.015532678924500942,5,,,,,,123
verified_screening,48,supervised,2.10395884513855,0.022176627069711685,5,,,,,,123
verified_screening,48,actor,2.10395884513855,0.022176627069711685,5,,,,,,123
verified_screening,48,zero,1.2291016578674316,0.023418480530381203,5,,,,,,123
verified_screening,48,random,0.15626874566078186,0.020546874031424522,5,,,,,,123
verified_screening,48,shuffled,0.6468910574913025,0.023706411942839622,5,,,,,,123
verified_screening,48,perturb_0.25sigma,1.9093739986419678,0.02242330741137266,5,,,,,,123
verified_screening,48,perturb_0.5sigma,1.1329748630523682,0.015402769669890404,5,,,,,,123
verified_screening,48,perturb_1sigma,1.7391457557678223,0.01813595136627555,5,,,,,,123
verified_screening,48,perturb_2sigma,0.09258134663105011,0.006736609619110823,5,,,,,,123
verified_screening,49,supervised,1.7633130550384521,0.011586346663534641,5,,,,,,123
verified_screening,49,actor,1.7633130550384521,0.011586346663534641,5,,,,,,123
verified_screening,49,zero,0.6386776566505432,0.012853235006332397,5,,,,,,123
verified_screening,49,random,0.8184254765510559,0.012598995119333267,5,,,,,,123
verified_screening,49,shuffled,0.04107928276062012,0.012940561398863792,5,,,,,,123
verified_screening,49,perturb_0.25sigma,1.244969367980957,0.01213331613689661,5,,,,,,123
verified_screening,49,perturb_0.5sigma,1.8793944120407104,0.010521242395043373,5,,,,,,123
verified_screening,49,perturb_1sigma,0.9082077741622925,0.00651038670912385,5,,,,,,123
verified_screening,49,perturb_2sigma,0.7972301840782166,0.00659186439588666,5,,,,,,123
verified_screening,50,supervised,2.416496515274048,0.049149492755532265,5,,,,,,123
verified_screening,50,actor,2.416496515274048,0.049149492755532265,5,,,,,,123
verified_screening,50,zero,2.0591907501220703,0.0502155777066946,5,,,,,,123
verified_screening,50,random,0.6756308078765869,0.04731647437438369,5,,,,,,123
verified_screening,50,shuffled,1.6979506015777588,0.05071482062339783,5,,,,,,123
verified_screening,50,perturb_0.25sigma,2.524907112121582,0.04693182837218046,5,,,,,,123
verified_screening,50,perturb_0.5sigma,2.5106494426727295,0.04801952838897705,5,,,,,,123
verified_screening,50,perturb_1sigma,1.4993913173675537,0.050840857438743114,5,,,,,,123
verified_screening,50,perturb_2sigma,2.2565524578094482,0.045065958984196186,5,,,,,,123
verified_screening,51,supervised,2.3847601413726807,0.04071573819965124,5,,,,,,123
verified_screening,51,actor,2.3847601413726807,0.04071573819965124,5,,,,,,123
verified_screening,51,zero,1.9164402484893799,0.04173427354544401,5,,,,,,123
verified_screening,51,random,0.7814636826515198,0.03952804068103433,5,,,,,,123
verified_screening,51,shuffled,1.5020885467529297,0.04213826358318329,5,,,,,,123
verified_screening,51,perturb_0.25sigma,2.4986324310302734,0.04002977814525366,5,,,,,,123
verified_screening,51,perturb_0.5sigma,2.5022189617156982,0.038782806135714054,5,,,,,,123
verified_screening,51,perturb_1sigma,2.475964307785034,0.039487047120928764,5,,,,,,123
verified_screening,51,perturb_2sigma,0.902077317237854,0.025351148331537843,5,,,,,,123
verified_screening,52,supervised,2.261751174926758,0.031248207204043865,5,,,,,,123
verified_screening,52,actor,2.261751174926758,0.031248207204043865,5,,,,,,123
verified_screening,52,zero,1.6194579601287842,0.03227939549833536,5,,,,,,123
verified_screening,52,random,1.1466147899627686,0.03246207628399134,5,,,,,,123
verified_screening,52,shuffled,1.1404600143432617,0.032601927407085896,5,,,,,,123
verified_screening,52,perturb_0.25sigma,2.327709674835205,0.029329925775527954,5,,,,,,123
verified_screening,52,perturb_0.5sigma,2.310905933380127,0.031101244501769543,5,,,,,,123
verified_screening,52,perturb_1sigma,0.48731228709220886,0.028625591192394495,5,,,,,,123
verified_screening,52,perturb_2sigma,0.8555005192756653,0.017501904629170895,5,,,,,,123
verified_screening,53,supervised,1.9251534938812256,0.021284615620970726,5,,,,,,123
verified_screening,53,actor,1.9251534938812256,0.021284615620970726,5,,,,,,123
verified_screening,53,zero,1.0961456298828125,0.022257410921156406,5,,,,,,123
verified_screening,53,random,0.29419994354248047,0.020606182515621185,5,,,,,,123
verified_screening,53,shuffled,0.5926997065544128,0.022473670542240143,5,,,,,,123
verified_screening,53,perturb_0.25sigma,1.3311290740966797,0.02186426240950823,5,,,,,,123
verified_screening,53,perturb_0.5sigma,1.8983192443847656,0.0187239833176136,5,,,,,,123
verified_screening,53,perturb_1sigma,1.119950532913208,0.02176371030509472,5,,,,,,123
verified_screening,53,perturb_2sigma,-0.051725998520851135,0.01673128642141819,5,,,,,,123
verified_screening,54,supervised,1.482572317123413,0.010850779712200165,5,,,,,,123
verified_screening,54,actor,1.482572317123413,0.010850779712200165,5,,,,,,123
verified_screening,54,zero,0.5038416981697083,0.011757676489651203,5,,,,,,123
verified_screening,54,random,0.7105838656425476,0.006082141771912575,5,,,,,,123
verified_screening,54,shuffled,0.007051721215248108,0.01183390710502863,5,,,,,,123
verified_screening,54,perturb_0.25sigma,1.8785059452056885,0.009922994300723076,5,,,,,,123
verified_screening,54,perturb_0.5sigma,-0.2021733522415161,0.009405909106135368,5,,,,,,123
verified_screening,54,perturb_1sigma,1.450338363647461,0.008295408450067043,5,,,,,,123
verified_screening,54,perturb_2sigma,-0.7043332457542419,-0.0039010397158563137,5,,,,,,123
verified_screening,55,supervised,0.894288957118988,0.032342060934752226,5,,,,,,123
verified_screening,55,actor,0.894288957118988,0.032342060934752226,5,,,,,,123
verified_screening,55,zero,-0.014987905509769917,-0.030008958652615547,5,,,,,,123
verified_screening,55,random,-0.04990718141198158,-0.03301967494189739,5,,,,,,123
verified_screening,55,shuffled,-0.31556615233421326,-0.05067544337362051,5,,,,,,123
verified_screening,55,perturb_0.25sigma,0.6747069954872131,0.012550592422485352,5,,,,,,123
verified_screening,55,perturb_0.5sigma,0.8409005999565125,0.03257642290554941,5,,,,,,123
verified_screening,55,perturb_1sigma,0.7703505158424377,0.022589652857277542,5,,,,,,123
verified_screening,55,perturb_2sigma,0.49950844049453735,0.008834630716592073,5,,,,,,123
verified_screening,56,supervised,0.8615938425064087,0.03120490233413875,5,,,,,,123
verified_screening,56,actor,0.8615938425064087,0.03120490233413875,5,,,,,,123
verified_screening,56,zero,-0.24621078372001648,-0.07200188003480434,5,,,,,,123
verified_screening,56,random,-0.4973665177822113,-0.09686439670622349,5,,,,,,123
verified_screening,56,shuffled,-0.6055394411087036,-0.10052554868161678,5,,,,,,123
verified_screening,56,perturb_0.25sigma,0.46251383423805237,-0.0046658823266625404,5,,,,,,123
verified_screening,56,perturb_0.5sigma,0.5659993290901184,0.013720269314944744,5,,,,,,123
verified_screening,56,perturb_1sigma,0.8496517539024353,0.03088134597055614,5,,,,,,123
verified_screening,56,perturb_2sigma,0.2557084262371063,-0.005799919366836548,5,,,,,,123
verified_screening,57,supervised,0.8373848795890808,0.029639518819749355,5,,,,,,123
verified_screening,57,actor,0.8373848795890808,0.029639518819749355,5,,,,,,123
verified_screening,57,zero,-0.6241905689239502,-0.14853418245911598,5,,,,,,123
verified_screening,57,random,-1.0852208137512207,-0.19234037026762962,5,,,,,,123
verified_screening,57,shuffled,-1.0365668535232544,-0.18944702297449112,5,,,,,,123
verified_screening,57,perturb_0.25sigma,0.8074211478233337,0.029695029370486736,5,,,,,,123
verified_screening,57,perturb_0.5sigma,0.6459749341011047,0.013725982047617435,5,,,,,,123
verified_screening,57,perturb_1sigma,-0.3809061348438263,-0.09537557698786259,5,,,,,,123
verified_screening,57,perturb_2sigma,0.3490031361579895,-0.008996495977044106,5,,,,,,123
verified_screening,58,supervised,0.8291245102882385,0.027500126510858536,5,,,,,,123
verified_screening,58,actor,0.8291245102882385,0.027500126510858536,5,,,,,,123
verified_screening,58,zero,-1.1919224262237549,-0.30925486981868744,5,,,,,,123
verified_screening,58,random,-1.323492169380188,-0.33698228746652603,5,,,,,,123
verified_screening,58,shuffled,-1.5527406930923462,-0.36987725645303726,5,,,,,,123
verified_screening,58,perturb_0.25sigma,0.1469898223876953,-0.035467080771923065,5,,,,,,123
verified_screening,58,perturb_0.5sigma,0.4937300980091095,0.008695634081959724,5,,,,,,123
verified_screening,58,perturb_1sigma,-0.5467045307159424,-0.23122496902942657,5,,,,,,123
verified_screening,58,perturb_2sigma,-1.6213362216949463,-0.3806075304746628,5,,,,,,123
verified_screening,59,supervised,0.753903329372406,0.023319397121667862,5,,,,,,123
verified_screening,59,actor,0.753903329372406,0.023319397121667862,5,,,,,,123
verified_screening,59,zero,-1.724595308303833,-0.7125435471534729,5,,,,,,123
verified_screening,59,random,-1.8707542419433594,-0.7766427397727966,5,,,,,,123
verified_screening,59,shuffled,-1.9381918907165527,-0.8000631928443909,5,,,,,,123
verified_screening,59,perturb_0.25sigma,0.2266901433467865,-0.02085283398628235,5,,,,,,123
verified_screening,59,perturb_0.5sigma,0.24332520365715027,-0.07913964241743088,5,,,,,,123
verified_screening,59,perturb_1sigma,0.3636306822299957,-0.011260854080319405,5,,,,,,123
verified_screening,59,perturb_2sigma,0.2782689332962036,0.008792845532298088,5,,,,,,123
verified_screening,60,supervised,1.1495826244354248,0.04309167619794607,5,,,,,,123
verified_screening,60,actor,1.1495826244354248,0.04309167619794607,5,,,,,,123
verified_screening,60,zero,0.8750244975090027,0.03994381008669734,5,,,,,,123
verified_screening,60,random,1.2001246213912964,0.042720330879092216,5,,,,,,123
verified_screening,60,shuffled,0.7074769139289856,0.0376504585146904,5,,,,,,123
verified_screening,60,perturb_0.25sigma,1.2064528465270996,0.0430549131706357,5,,,,,,123
verified_screening,60,perturb_0.5sigma,0.9813126921653748,0.04179692920297384,5,,,,,,123
verified_screening,60,perturb_1sigma,1.0377438068389893,0.04282235633581877,5,,,,,,123
verified_screening,60,perturb_2sigma,1.502634048461914,0.041501738131046295,5,,,,,,123
verified_screening,61,supervised,1.0694760084152222,0.0348677197471261,5,,,,,,123
verified_screening,61,actor,1.0694760084152222,0.0348677197471261,5,,,,,,123
verified_screening,61,zero,0.7538490891456604,0.0316521511413157,5,,,,,,123
verified_screening,61,random,0.8093067407608032,0.03243351960554719,5,,,,,,123
verified_screening,61,shuffled,0.5803689956665039,0.029321455163881183,5,,,,,,123
verified_screening,61,perturb_0.25sigma,1.143151044845581,0.03476926498115063,5,,,,,,123
verified_screening,61,perturb_0.5sigma,0.9400299191474915,0.034449477680027485,5,,,,,,123
verified_screening,61,perturb_1sigma,1.4670953750610352,0.03281427174806595,5,,,,,,123
verified_screening,61,perturb_2sigma,1.3366904258728027,0.0330460243858397,5,,,,,,123
verified_screening,62,supervised,0.9552077651023865,0.026419068686664104,5,,,,,,123
verified_screening,62,actor,0.9552077651023865,0.026419068686664104,5,,,,,,123
verified_screening,62,zero,0.5588153600692749,0.02315447712317109,5,,,,,,123
verified_screening,62,random,0.37538012862205505,0.021251509664580226,5,,,,,,123
verified_screening,62,shuffled,0.3360731303691864,0.020793319446966052,5,,,,,,123
verified_screening,62,perturb_0.25sigma,0.8890619277954102,0.026381608098745346,5,,,,,,123
verified_screening,62,perturb_0.5sigma,0.9199537634849548,0.026404178701341152,5,,,,,,123
verified_screening,62,perturb_1sigma,1.0268827676773071,0.02642650716006756,5,,,,,,123
verified_screening,62,perturb_2sigma,1.2498207092285156,0.02190770162269473,5,,,,,,123
verified_screening,63,supervised,0.7892317175865173,0.017774710431694984,5,,,,,,123
verified_screening,63,actor,0.7892317175865173,0.017774710431694984,5,,,,,,123
verified_screening,63,zero,0.20903310179710388,0.014475041534751654,5,,,,,,123
verified_screening,63,random,0.9710583090782166,0.01712972018867731,5,,,,,,123
verified_screening,63,shuffled,-0.060038972645998,0.01209744019433856,5,,,,,,123
verified_screening,63,perturb_0.25sigma,0.7588225603103638,0.017741153948009014,5,,,,,,123
verified_screening,63,perturb_0.5sigma,1.0885109901428223,0.01676015928387642,5,,,,,,123
verified_screening,63,perturb_1sigma,0.4189451336860657,0.016241257078945637,5,,,,,,123
verified_screening,63,perturb_2sigma,0.8728366494178772,0.017541084438562393,5,,,,,,123
verified_screening,64,supervised,0.48436132073402405,0.008959722705185413,5,,,,,,123
verified_screening,64,actor,0.48436132073402405,0.008959722705185413,5,,,,,,123
verified_screening,64,zero,-0.2527889609336853,0.005635962821543217,5,,,,,,123
verified_screening,64,random,-0.15870091319084167,0.006275516003370285,5,,,,,,123
verified_screening,64,shuffled,-0.5114820003509521,0.00325070321559906,5,,,,,,123
verified_screening,64,perturb_0.25sigma,0.3525184094905853,0.00894920900464058,5,,,,,,123
verified_screening,64,perturb_0.5sigma,0.17030668258666992,0.00859175343066454,5,,,,,,123
verified_screening,64,perturb_1sigma,0.5801246166229248,0.00668137613683939,5,,,,,,123
verified_screening,64,perturb_2sigma,0.6543123126029968,0.008294211700558662,5,,,,,,123
verified_screening,65,supervised,1.853353500366211,0.05327978357672691,5,,,,,,123
verified_screening,65,actor,1.853353500366211,0.05327978357672691,5,,,,,,123
verified_screening,65,zero,1.1721396446228027,0.052566321566700935,5,,,,,,123
verified_screening,65,random,0.8877496123313904,0.0503408620133996,5,,,,,,123
verified_screening,65,shuffled,0.8183338642120361,0.04921910213306546,5,,,,,,123
verified_screening,65,perturb_0.25sigma,1.8548266887664795,0.053262801840901375,5,,,,,,123
verified_screening,65,perturb_0.5sigma,2.3597936630249023,0.05032850429415703,5,,,,,,123
verified_screening,65,perturb_1sigma,2.397658109664917,0.047839969862252474,5,,,,,,123
verified_screening,65,perturb_2sigma,2.380032539367676,0.049288888461887836,5,,,,,,123
verified_screening,66,supervised,1.7872638702392578,0.04355458077043295,5,,,,,,123
verified_screening,66,actor,1.7872638702392578,0.04355458077043295,5,,,,,,123
verified_screening,66,zero,1.015561819076538,0.042809135280549526,5,,,,,,123
verified_screening,66,random,0.7126666903495789,0.040045847184956074,5,,,,,,123
verified_screening,66,shuffled,0.669350802898407,0.0392524478957057,5,,,,,,123
verified_screening,66,perturb_0.25sigma,2.0474042892456055,0.042674215510487556,5,,,,,,123
verified_screening,66,perturb_0.5sigma,1.7839553356170654,0.043353891000151634,5,,,,,,123
verified_screening,66,perturb_1sigma,1.8359968662261963,0.03268918226240203,5,,,,,,123
verified_screening,66,perturb_2sigma,0.5254189372062683,0.037506896071136,5,,,,,,123
verified_screening,67,supervised,1.6857819557189941,0.033363849855959415,5,,,,,,123
verified_screening,67,actor,1.6857819557189941,0.033363849855959415,5,,,,,,123
verified_screening,67,zero,0.7728003859519958,0.032595629803836346,5,,,,,,123
verified_screening,67,random,0.597743809223175,0.03123346995562315,5,,,,,,123
verified_screening,67,shuffled,0.43172964453697205,0.028848056215792894,5,,,,,,123
verified_screening,67,perturb_0.25sigma,1.4477484226226807,0.03386933542788029,5,,,,,,123
verified_screening,67,perturb_0.5sigma,1.9753801822662354,0.02771070972084999,5,,,,,,123
verified_screening,67,perturb_1sigma,1.0085477828979492,0.03352525644004345,5,,,,,,123
verified_screening,67,perturb_2sigma,0.8979253172874451,0.02067591599188745,5,,,,,,123
verified_screening,68,supervised,1.4582853317260742,0.022716005332767963,5,,,,,,123
verified_screening,68,actor,1.4582853317260742,0.022716005332767963,5,,,,,,123
verified_screening,68,zero,0.33398038148880005,0.021926905028522015,5,,,,,,123
verified_screening,68,random,0.3821185827255249,0.02255451399832964,5,,,,,,123
verified_screening,68,shuffled,0.0021599531173706055,0.017988790292292833,5,,,,,,123
verified_screening,68,perturb_0.25sigma,1.81638503074646,0.021805759519338608,5,,,,,,123
verified_screening,68,perturb_0.5sigma,1.2323009967803955,0.02302569057792425,5,,,,,,123
verified_screening,68,perturb_1sigma,1.1290664672851562,0.02306433767080307,5,,,,,,123
verified_screening,68,perturb_2sigma,1.3517167568206787,0.014269788283854723,5,,,,,,123
verified_screening,69,supervised,1.014003038406372,0.011600124649703503,5,,,,,,123
verified_screening,69,actor,1.014003038406372,0.011600124649703503,5,,,,,,123
verified_screening,69,zero,-0.23743349313735962,0.010785799473524094,5,,,,,,123
verified_screening,69,random,-0.30441492795944214,0.009172857739031315,5,,,,,,123
verified_screening,69,shuffled,-0.5276814699172974,0.006656897719949484,5,,,,,,123
verified_screening,69,perturb_0.25sigma,0.7551466822624207,0.011973121203482151,5,,,,,,123
verified_screening,69,perturb_0.5sigma,0.9702829718589783,0.011808670125901699,5,,,,,,123
verified_screening,69,perturb_1sigma,0.1919465810060501,0.0039658616296947,5,,,,,,123
verified_screening,69,perturb_2sigma,-0.614229142665863,0.005356517620384693,5,,,,,,123
verified_screening,70,supervised,1.1618285179138184,0.03482041973620653,5,,,,,,123
verified_screening,70,actor,1.1618285179138184,0.03482041973620653,5,,,,,,123
verified_screening,70,zero,0.9006173014640808,0.0313482815399766,5,,,,,,123
verified_screening,70,random,1.02168607711792,0.032578682992607355,5,,,,,,123
verified_screening,70,shuffled,0.7016647458076477,0.029754638322629035,5,,,,,,123
verified_screening,70,perturb_0.25sigma,1.2498400211334229,0.035048420540988445,5,,,,,,123
verified_screening,70,perturb_0.5sigma,0.9968815445899963,0.03310606488958001,5,,,,,,123
verified_screening,70,perturb_1sigma,1.1943010091781616,0.034941412042826414,5,,,,,,123
verified_screening,70,perturb_2sigma,1.4455382823944092,0.034734203945845366,5,,,,,,123
verified_screening,71,supervised,1.0941581726074219,0.028036846313625574,5,,,,,,123
verified_screening,71,actor,1.0941581726074219,0.028036846313625574,5,,,,,,123
verified_screening,71,zero,0.790043294429779,0.02452456159517169,5,,,,,,123
verified_screening,71,random,0.6503995060920715,0.023586442694067955,5,,,,,,123
verified_screening,71,shuffled,0.5802788138389587,0.022912108222953975,5,,,,,,123
verified_screening,71,perturb_0.25sigma,1.0529811382293701,0.02784042851999402,5,,,,,,123
verified_screening,71,perturb_0.5sigma,1.094008207321167,0.027988071087747812,5,,,,,,123
verified_screening,71,perturb_1sigma,0.8383784294128418,0.02540689241141081,5,,,,,,123
verified_screening,71,perturb_2sigma,0.8455222845077515,0.02556675160303712,5,,,,,,123
verified_screening,72,supervised,0.9945456385612488,0.02114399801939726,5,,,,,,123
verified_screening,72,actor,0.9945456385612488,0.02114399801939726,5,,,,,,123
verified_screening,72,zero,0.6047865748405457,0.017608026042580605,5,,,,,,123
verified_screening,72,random,0.9535113573074341,0.02009038534015417,5,,,,,,123
verified_screening,72,shuffled,0.36127856373786926,0.015981041477061808,5,,,,,,123
verified_screening,72,perturb_0.25sigma,0.9343870282173157,0.02091089077293873,5,,,,,,123
verified_screening,72,perturb_0.5sigma,1.1416574716567993,0.021249691490083933,5,,,,,,123
verified_screening,72,perturb_1sigma,1.1374914646148682,0.021220099180936813,5,,,,,,123
verified_screening,72,perturb_2sigma,1.082101583480835,0.020665147807449102,5,,,,,,123
verified_screening,73,supervised,0.8397620320320129,0.014159052167087793,5,,,,,,123
verified_screening,73,actor,0.8397620320320129,0.014159052167087793,5,,,,,,123
verified_screening,73,zero,0.29450124502182007,0.010615368839353323,5,,,,,,123
verified_screening,73,random,0.5285478234291077,0.011700014118105173,5,,,,,,123
verified_screening,73,shuffled,0.03255089744925499,0.008980631828308105,5,,,,,,123
verified_screening,73,perturb_0.25sigma,0.8194907903671265,0.014064471703022718,5,,,,,,123
verified_screening,73,perturb_0.5sigma,0.9202983379364014,0.014352446421980858,5,,,,,,123
verified_screening,73,perturb_1sigma,0.9111130833625793,0.014233376365154982,5,,,,,,123
verified_screening,73,perturb_2sigma,0.9103250503540039,0.014115004800260067,5,,,,,,123
verified_screening,74,supervised,0.5609458684921265,0.007103436626493931,5,,,,,,123
verified_screening,74,actor,0.5609458684921265,0.007103436626493931,5,,,,,,123
verified_screening,74,zero,-0.09942341595888138,0.003563756588846445,5,,,,,,123
verified_screening,74,random,0.5743401050567627,0.006715367082506418,5,,,,,,123
verified_screening,74,shuffled,-0.3719908595085144,0.0019259032560512424,5,,,,,,123
verified_screening,74,perturb_0.25sigma,0.7009292244911194,0.007276348304003477,5,,,,,,123
verified_screening,74,perturb_0.5sigma,0.42084136605262756,0.00682867830619216,5,,,,,,123
verified_screening,74,perturb_1sigma,0.21896576881408691,0.0059263259172439575,5,,,,,,123
verified_screening,74,perturb_2sigma,0.19056032598018646,0.005679096095263958,5,,,,,,123
verified_screening,75,supervised,1.8785829544067383,0.018970329081639647,5,,,,,,123
verified_screening,75,actor,1.8785829544067383,0.018970329081639647,5,,,,,,123
verified_screening,75,zero,0.4687076508998871,0.008696335833519697,5,,,,,,123
verified_screening,75,random,1.9164395332336426,0.01934876770246774,5,,,,,,123
verified_screening,75,shuffled,0.06560228019952774,0.0032166719902306795,5,,,,,,123
verified_screening,75,perturb_0.25sigma,1.8136048316955566,0.017528921249322593,5,,,,,,123
verified_screening,75,perturb_0.5sigma,1.5330150127410889,0.01594159530941397,5,,,,,,123
verified_screening,75,perturb_1sigma,1.1457741260528564,0.02170977066271007,5,,,,,,123
verified_screening,75,perturb_2sigma,0.7646874189376831,0.0120011433318723,5,,,,,,123
verified_screening,76,supervised,1.7345407009124756,0.01592124835588038,5,,,,,,123
verified_screening,76,actor,1.7345407009124756,0.01592124835588038,5,,,,,,123
verified_screening,76,zero,0.15875542163848877,0.00593151239445433,5,,,,,,123
verified_screening,76,random,0.5168229341506958,0.008866432879585773,5,,,,,,123
verified_screening,76,shuffled,-0.18567241728305817,0.00035546535582398064,5,,,,,,123
verified_screening,76,perturb_0.25sigma,1.5857963562011719,0.014560530427843332,5,,,,,,123
verified_screening,76,perturb_0.5sigma,1.444507360458374,0.014191783964633942,5,,,,,,123
verified_screening,76,perturb_1sigma,1.663732886314392,0.016288342885673046,5,,,,,,123
verified_screening,76,perturb_2sigma,0.11913364380598068,0.019000092201167718,5,,,,,,123
verified_screening,77,supervised,1.61969792842865,0.012642685789614916,5,,,,,,123
verified_screening,77,actor,1.61969792842865,0.012642685789614916,5,,,,,,123
verified_screening,77,zero,-0.1692141592502594,0.003215643053408712,5,,,,,,123
verified_screening,77,random,1.08085036277771,0.010809916304424405,5,,,,,,123
verified_screening,77,shuffled,-0.5248088240623474,-0.002381834536208771,5,,,,,,123
verified_screening,77,perturb_0.25sigma,0.8956140875816345,0.010029254131950438,5,,,,,,123
verified_screening,77,perturb_0.5sigma,1.67155921459198,0.01268638833425939,5,,,,,,123
verified_screening,77,perturb_1sigma,0.8514496684074402,0.014287067577242851,5,,,,,,123
verified_screening,77,perturb_2sigma,0.23162835836410522,0.006702440441586077,5,,,,,,123
verified_screening,78,supervised,1.5515639781951904,0.009019794408231974,5,,,,,,123
verified_screening,78,actor,1.5515639781951904,0.009019794408231974,5,,,,,,123
verified_screening,78,zero,-0.6565558910369873,0.0005680536269210279,5,,,,,,123
verified_screening,78,random,0.2809046804904938,0.006497988244518638,5,,,,,,123
verified_screening,78,shuffled,-1.0490078926086426,-0.004925659217406064,5,,,,,,123
verified_screening,78,perturb_0.25sigma,0.7302966713905334,0.00763652753084898,5,,,,,,123
verified_screening,78,perturb_0.5sigma,-0.7052845358848572,-0.0007132026948966086,5,,,,,,123
verified_screening,78,perturb_1sigma,-0.7927297949790955,-0.001870863838121295,5,,,,,,123
verified_screening,78,perturb_2sigma,-1.1178337335586548,-0.006252101098652929,5,,,,,,123
verified_screening,79,supervised,1.4111788272857666,0.004876013845205307,5,,,,,,123
verified_screening,79,actor,1.4111788272857666,0.004876013845205307,5,,,,,,123
verified_screening,79,zero,-1.3017592430114746,-0.001971280202269554,5,,,,,,123
verified_screening,79,random,-1.2500739097595215,-0.0023461098317056894,5,,,,,,123
verified_screening,79,shuffled,-1.6901344060897827,-0.007224418688565493,5,,,,,,123
verified_screening,79,perturb_0.25sigma,1.3052303791046143,0.004984203726053238,5,,,,,,123
verified_screening,79,perturb_0.5sigma,1.0005837678909302,0.004943993873894215,5,,,,,,123
verified_screening,79,perturb_1sigma,-0.10692352801561356,0.0046888128854334354,5,,,,,,123
verified_screening,79,perturb_2sigma,-0.7028436660766602,0.003068377962335944,5,,,,,,123
verified_screening,-1,summary,,,5,,0.4439075630252101,0.6953289015104125,0.1375,0.2125,123
td3_bc,0,supervised,1.3242727518081665,0.05292255897074938,5,,,,,,123
td3_bc,0,actor,1.3242727518081665,0.05292255897074938,5,,,,,,123
td3_bc,0,zero,1.101197361946106,0.0541245648637414,5,,,,,,123
td3_bc,0,random,0.9601961374282837,0.052823866717517376,5,,,,,,123
td3_bc,0,shuffled,0.9849826097488403,0.05329993739724159,5,,,,,,123
td3_bc,0,perturb_0.25sigma,1.8201881647109985,0.0481911227107048,5,,,,,,123
td3_bc,0,perturb_0.5sigma,0.8264932632446289,0.05054838536307216,5,,,,,,123
td3_bc,0,perturb_1sigma,1.1210192441940308,0.05382307153195143,5,,,,,,123
td3_bc,0,perturb_2sigma,0.7772073745727539,0.05052117630839348,5,,,,,,123
td3_bc,1,supervised,1.1736558675765991,0.0438411021605134,5,,,,,,123
td3_bc,1,actor,1.1736558675765991,0.0438411021605134,5,,,,,,123
td3_bc,1,zero,0.9276838302612305,0.04506341461092234,5,,,,,,123
td3_bc,1,random,0.7574695944786072,0.043666282668709755,5,,,,,,123
td3_bc,1,shuffled,0.8065698146820068,0.04399202484637499,5,,,,,,123
td3_bc,1,perturb_0.25sigma,1.064767599105835,0.04455605987459421,5,,,,,,123
td3_bc,1,perturb_0.5sigma,1.7959166765213013,0.03855878487229347,5,,,,,,123
td3_bc,1,perturb_1sigma,1.3854038715362549,0.02992918191011995,5,,,,,,123
td3_bc,1,perturb_2sigma,0.718185305595398,0.041470196563750505,5,,,,,,123
td3_bc,2,supervised,0.9614485502243042,0.034079679287970066,5,,,,,,123
td3_bc,2,actor,0.9614485502243042,0.034079679287970066,5,,,,,,123
td3_bc,2,zero,0.6637328863143921,0.035307067446410656,5,,,,,,123
td3_bc,2,random,1.2847402095794678,0.023614742676727474,5,,,,,,123
td3_bc,2,shuffled,0.527661919593811,0.03397392015904188,5,,,,,,123
td3_bc,2,perturb_0.25sigma,0.819301962852478,0.034973857924342155,5,,,,,,123
td3_bc,2,perturb_0.5sigma,1.2185364961624146,0.03261771518737078,5,,,,,,123
td3_bc,2,perturb_1sigma,0.91560959815979,0.034708703868091106,5,,,,,,123
td3_bc,2,perturb_2sigma,0.19799447059631348,0.028658695053309202,5,,,,,,123
td3_bc,3,supervised,0.6500808596611023,0.02357771433889866,5,,,,,,123
td3_bc,3,actor,0.6500808596611023,0.02357771433889866,5,,,,,,123
td3_bc,3,zero,0.2435779720544815,0.024795446544885635,5,,,,,,123
td3_bc,3,random,-0.029841214418411255,0.02041537966579199,5,,,,,,123
td3_bc,3,shuffled,0.06156875193119049,0.02314409427344799,5,,,,,,123
td3_bc,3,perturb_0.25sigma,0.6917858719825745,0.023548497818410397,5,,,,,,123
td3_bc,3,perturb_0.5sigma,0.36898404359817505,0.024905389174818993,5,,,,,,123
td3_bc,3,perturb_1sigma,0.45779645442962646,0.007979783695191145,5,,,,,,123
td3_bc,3,perturb_2sigma,0.3978233337402344,0.007328798994421959,5,,,,,,123
td3_bc,4,supervised,0.20531170070171356,0.012251659296452999,5,,,,,,123
td3_bc,4,actor,0.20531170070171356,0.012251659296452999,5,,,,,,123
td3_bc,4,zero,-0.2863282561302185,0.013441966846585274,5,,,,,,123
td3_bc,4,random,-0.5759766101837158,0.00802465807646513,5,,,,,,123
td3_bc,4,shuffled,-0.5105940103530884,0.011405933648347855,5,,,,,,123
td3_bc,4,perturb_0.25sigma,-0.005537211894989014,0.012896300293505192,5,,,,,,123
td3_bc,4,perturb_0.5sigma,-0.20325115323066711,0.013277524150907993,5,,,,,,123
td3_bc,4,perturb_1sigma,0.6800482273101807,0.005179810803383589,5,,,,,,123
td3_bc,4,perturb_2sigma,-0.23944330215454102,0.013101053424179554,5,,,,,,123
td3_bc,5,supervised,1.3242727518081665,0.05292255897074938,5,,,,,,123
td3_bc,5,actor,1.3242727518081665,0.05292255897074938,5,,,,,,123
td3_bc,5,zero,1.101197361946106,0.0541245648637414,5,,,,,,123
td3_bc,5,random,0.8864249587059021,0.05161367077380419,5,,,,,,123
td3_bc,5,shuffled,0.9849826097488403,0.05329993739724159,5,,,,,,123
td3_bc,5,perturb_0.25sigma,1.2507189512252808,0.05344607774168253,5,,,,,,123
td3_bc,5,perturb_0.5sigma,1.1520699262619019,0.053924672305583954,5,,,,,,123
td3_bc,5,perturb_1sigma,2.044245719909668,0.04705003509297967,5,,,,,,123
td3_bc,5,perturb_2sigma,0.9919841885566711,0.054563374258577824,5,,,,,,123
td3_bc,6,supervised,1.1416746377944946,0.043396483175456524,5,,,,,,123
td3_bc,6,actor,1.1416746377944946,0.043396483175456524,5,,,,,,123
td3_bc,6,zero,0.9160974025726318,0.04448414035141468,5,,,,,,123
td3_bc,6,random,1.6308857202529907,0.03857856150716543,5,,,,,,123
td3_bc,6,shuffled,0.8052583932876587,0.04341413173824549,5,,,,,,123
td3_bc,6,perturb_0.25sigma,1.0390501022338867,0.04410430043935776,5,,,,,,123
td3_bc,6,perturb_0.5sigma,1.3110538721084595,0.04208442661911249,5,,,,,,123
td3_bc,6,perturb_1sigma,1.4304908514022827,0.04041849635541439,5,,,,,,123
td3_bc,6,perturb_2sigma,1.1794428825378418,0.02882516966201365,5,,,,,,123
td3_bc,7,supervised,0.9040881395339966,0.03300157841295004,5,,,,,,123
td3_bc,7,actor,0.9040881395339966,0.03300157841295004,5,,,,,,123
td3_bc,7,zero,0.6459282636642456,0.034030476585030556,5,,,,,,123
td3_bc,7,random,1.203857660293579,0.02076334020239301,5,,,,,,123
td3_bc,7,shuffled,0.5208293199539185,0.032717266120016575,5,,,,,,123
td3_bc,7,perturb_0.25sigma,1.0938806533813477,0.031650844030082226,5,,,,,,123
td3_bc,7,perturb_0.5sigma,1.0075339078903198,0.032610644586384296,5,,,,,,123
td3_bc,7,perturb_1sigma,0.48716819286346436,0.031019357964396477,5,,,,,,123
td3_bc,7,perturb_2sigma,0.7816577553749084,0.017606854904443026,5,,,,,,123
td3_bc,8,supervised,0.5649575591087341,0.02220735140144825,5,,,,,,123
td3_bc,8,actor,0.5649575591087341,0.02220735140144825,5,,,,,,123
td3_bc,8,zero,0.21151812374591827,0.023136218078434467,5,,,,,,123
td3_bc,8,random,-0.009119987487792969,0.020382123067975044,5,,,,,,123
td3_bc,8,shuffled,0.04674220085144043,0.021597521379590034,5,,,,,,123
td3_bc,8,perturb_0.25sigma,1.011993408203125,0.019460766576230526,5,,,,,,123
td3_bc,8,perturb_0.5sigma,0.930914044380188,0.01968102529644966,5,,,,,,123
td3_bc,8,perturb_1sigma,0.7594693899154663,0.010426104156067595,5,,,,,,123
td3_bc,8,perturb_2sigma,0.4749508798122406,0.02194326836615801,5,,,,,,123
td3_bc,9,supervised,0.11323045194149017,0.011228056624531746,5,,,,,,123
td3_bc,9,actor,0.11323045194149017,0.011228056624531746,5,,,,,,123
td3_bc,9,zero,-0.30477219820022583,0.01202531810849905,5,,,,,,123
td3_bc,9,random,-0.04126313328742981,0.011992916464805603,5,,,,,,123
td3_bc,9,shuffled,-0.507849395275116,0.01027197577059269,5,,,,,,123
td3_bc,9,perturb_0.25sigma,0.050532177090644836,0.011589056812226772,5,,,,,,123
td3_bc,9,perturb_0.5sigma,0.5760527849197388,0.008453814312815666,5,,,,,,123
td3_bc,9,perturb_1sigma,0.8122369050979614,0.006812709383666515,5,,,,,,123
td3_bc,9,perturb_2sigma,-0.7320743799209595,0.004928147420287132,5,,,,,,123
td3_bc,10,supervised,1.1554471254348755,0.04220742732286453,5,,,,,,123
td3_bc,10,actor,1.1554471254348755,0.04220742732286453,5,,,,,,123
td3_bc,10,zero,0.8600249290466309,0.03888533543795347,5,,,,,,123
td3_bc,10,random,1.0736650228500366,0.04138258285820484,5,,,,,,123
td3_bc,10,shuffled,0.6628243923187256,0.03671035496518016,5,,,,,,123
td3_bc,10,perturb_0.25sigma,1.178058385848999,0.04221499525010586,5,,,,,,123
td3_bc,10,perturb_0.5sigma,1.1233863830566406,0.04210870526731014,5,,,,,,123
td3_bc,10,perturb_1sigma,1.7786097526550293,0.039120664820075035,5,,,,,,123
td3_bc,10,perturb_2sigma,1.0325961112976074,0.04162925248965621,5,,,,,,123
td3_bc,11,supervised,1.1056355237960815,0.03413117118179798,5,,,,,,123
td3_bc,11,actor,1.1056355237960815,0.03413117118179798,5,,,,,,123
td3_bc,11,zero,0.8026562929153442,0.03074418008327484,5,,,,,,123
td3_bc,11,random,0.9712812900543213,0.0330598633736372,5,,,,,,123
td3_bc,11,shuffled,0.5960023403167725,0.028536572586745024,5,,,,,,123
td3_bc,11,perturb_0.25sigma,1.0835610628128052,0.03407194837927818,5,,,,,,123
td3_bc,11,perturb_0.5sigma,1.367931604385376,0.0337108476087451,5,,,,,,123
td3_bc,11,perturb_1sigma,0.7684627771377563,0.03033066401258111,5,,,,,,123
td3_bc,11,perturb_2sigma,1.6647396087646484,0.03117168741300702,5,,,,,,123
td3_bc,12,supervised,1.048989176750183,0.025844487361609936,5,,,,,,123
td3_bc,12,actor,1.048989176750183,0.025844487361609936,5,,,,,,123
td3_bc,12,zero,0.6404579877853394,0.022412344347685575,5,,,,,,123
td3_bc,12,random,1.4510701894760132,0.025027322582900524,5,,,,,,123
td3_bc,12,shuffled,0.4403453767299652,0.020179464714601636,5,,,,,,123
td3_bc,12,perturb_0.25sigma,0.9792168140411377,0.025679594837129116,5,,,,,,123
td3_bc,12,perturb_0.5sigma,1.2134876251220703,0.025700155645608902,5,,,,,,123
td3_bc,12,perturb_1sigma,1.5697135925292969,0.02380844345316291,5,,,,,,123
td3_bc,12,perturb_2sigma,1.5788041353225708,0.02381672663614154,5,,,,,,123
td3_bc,13,supervised,0.968488335609436,0.01737695373594761,5,,,,,,123
td3_bc,13,actor,0.968488335609436,0.01737695373594761,5,,,,,,123
td3_bc,13,zero,0.265708327293396,0.013913485687226057,5,,,,,,123
td3_bc,13,random,0.5978615283966064,0.015517305582761765,5,,,,,,123
td3_bc,13,shuffled,0.0024718642234802246,0.011667809216305614,5,,,,,,123
td3_bc,13,perturb_0.25sigma,0.8797894716262817,0.017171772196888924,5,,,,,,123
td3_bc,13,perturb_0.5sigma,1.012570858001709,0.017419613897800446,5,,,,,,123
td3_bc,13,perturb_1sigma,1.1034069061279297,0.01728370040655136,5,,,,,,123
td3_bc,13,perturb_2sigma,0.800584077835083,0.014100393280386925,5,,,,,,123
td3_bc,14,supervised,0.8354634046554565,0.008753414265811443,5,,,,,,123
td3_bc,14,actor,0.8354634046554565,0.008753414265811443,5,,,,,,123
td3_bc,14,zero,-0.22286257147789001,0.005269963759928942,5,,,,,,123
td3_bc,14,random,-0.38928601145744324,0.0039806063286960125,5,,,,,,123
td3_bc,14,shuffled,-0.5181192755699158,0.003018853021785617,5,,,,,,123
td3_bc,14,perturb_0.25sigma,0.9151217937469482,0.008747858926653862,5,,,,,,123
td3_bc,14,perturb_0.5sigma,0.7727515697479248,0.008667975664138794,5,,,,,,123
td3_bc,14,perturb_1sigma,0.7193518877029419,0.006316117476671934,5,,,,,,123
td3_bc,14,perturb_2sigma,0.8238762617111206,0.008832584135234356,5,,,,,,123
td3_bc,15,supervised,1.3750498294830322,0.0473435977473855,5,,,,,,123
td3_bc,15,actor,1.3750498294830322,0.0473435977473855,5,,,,,,123
td3_bc,15,zero,0.9021788835525513,0.0451608058065176,5,,,,,,123
td3_bc,15,random,0.7457903623580933,0.042987370397895575,5,,,,,,123
td3_bc,15,shuffled,0.690557599067688,0.0422619073651731,5,,,,,,123
td3_bc,15,perturb_0.25sigma,1.1290013790130615,0.04737051296979189,5,,,,,,123
td3_bc,15,perturb_0.5sigma,0.9053120613098145,0.04558400297537446,5,,,,,,123
td3_bc,15,perturb_1sigma,1.2496936321258545,0.04747562389820814,5,,,,,,123
td3_bc,15,perturb_2sigma,0.7713148593902588,0.04340955289080739,5,,,,,,123
td3_bc,16,supervised,1.334485650062561,0.03847213927656412,5,,,,,,123
td3_bc,16,actor,1.334485650062561,0.03847213927656412,5,,,,,,123
td3_bc,16,zero,0.8214132785797119,0.03622474893927574,5,,,,,,123
td3_bc,16,random,1.09553062915802,0.03849150147289038,5,,,,,,123
td3_bc,16,shuffled,0.607225775718689,0.033242813777178526,5,,,,,,123
td3_bc,16,perturb_0.25sigma,1.494075894355774,0.038008591160178185,5,,,,,,123
td3_bc,16,perturb_0.5sigma,2.0573174953460693,0.034184484742581844,5,,,,,,123
td3_bc,16,perturb_1sigma,1.5802786350250244,0.037581599317491055,5,,,,,,123
td3_bc,16,perturb_2sigma,0.8005930185317993,0.0366830020211637,5,,,,,,123
td3_bc,17,supervised,1.2594070434570312,0.029277794063091278,5,,,,,,123
td3_bc,17,actor,1.2594070434570312,0.029277794063091278,5,,,,,,123
td3_bc,17,zero,0.6358209252357483,0.026983178220689297,5,,,,,,123
td3_bc,17,random,1.2301418781280518,0.02934154588729143,5,,,,,,123
td3_bc,17,shuffled,0.44907110929489136,0.0239282981492579,5,,,,,,123
td3_bc,17,perturb_0.25sigma,1.4239494800567627,0.028864044696092606,5,,,,,,123
td3_bc,17,perturb_0.5sigma,1.326704740524292,0.029141902923583984,5,,,,,,123
td3_bc,17,perturb_1sigma,0.781856894493103,0.02858297899365425,5,,,,,,123
td3_bc,17,perturb_2sigma,1.3068801164627075,0.02036285027861595,5,,,,,,123
td3_bc,18,supervised,1.1245466470718384,0.019787670113146305,5,,,,,,123
td3_bc,18,actor,1.1245466470718384,0.019787670113146305,5,,,,,,123
td3_bc,18,zero,0.2373909056186676,0.01745669450610876,5,,,,,,123
td3_bc,18,random,0.05689644813537598,0.015018427278846502,5,,,,,,123
td3_bc,18,shuffled,-0.0035453438758850098,0.014342283830046654,5,,,,,,123
td3_bc,18,perturb_0.25sigma,0.8263018131256104,0.019960585050284863,5,,,,,,123
td3_bc,18,perturb_0.5sigma,0.9875987768173218,0.019962940365076065,5,,,,,,123
td3_bc,18,perturb_1sigma,0.4069809913635254,0.018616480752825737,5,,,,,,123
td3_bc,18,perturb_2sigma,1.5244555473327637,0.016908238641917706,5,,,,,,123
td3_bc,19,supervised,0.8887084126472473,0.010023782961070538,5,,,,,,123
td3_bc,19,actor,0.8887084126472473,0.010023782961070538,5,,,,,,123
td3_bc,19,zero,-0.2542184591293335,0.007659641094505787,5,,,,,,123
td3_bc,19,random,-0.3170098066329956,0.007219585124403238,5,,,,,,123
td3_bc,19,shuffled,-0.549364447593689,0.004499464295804501,5,,,,,,123
td3_bc,19,perturb_0.25sigma,0.8745094537734985,0.010002421215176582,5,,,,,,123
td3_bc,19,perturb_0.5sigma,1.1711440086364746,0.009368080645799637,5,,,,,,123
td3_bc,19,perturb_1sigma,1.1089708805084229,0.006273837294429541,5,,,,,,123
td3_bc,19,perturb_2sigma,-0.18659988045692444,0.00018709205323830247,5,,,,,,123
td3_bc,20,supervised,1.1092021465301514,0.039596791844815016,5,,,,,,123
td3_bc,20,actor,1.1092021465301514,0.039596791844815016,5,,,,,,123
td3_bc,20,zero,1.1685036420822144,0.03865561168640852,5,,,,,,123
td3_bc,20,random,1.259662389755249,0.026090238010510802,5,,,,,,123
td3_bc,20,shuffled,1.225782036781311,0.03757476806640625,5,,,,,,123
td3_bc,20,perturb_0.25sigma,1.0852841138839722,0.03984762355685234,5,,,,,,123
td3_bc,20,perturb_0.5sigma,0.9385097026824951,0.041732288897037506,5,,,,,,123
td3_bc,20,perturb_1sigma,0.7729233503341675,0.04050758434459567,5,,,,,,123
td3_bc,20,perturb_2sigma,1.0301246643066406,0.024736697785556316,5,,,,,,123
td3_bc,21,supervised,0.9551076889038086,0.033143230713903904,5,,,,,,123
td3_bc,21,actor,0.9551076889038086,0.033143230713903904,5,,,,,,123
td3_bc,21,zero,0.998261034488678,0.03238144423812628,5,,,,,,123
td3_bc,21,random,1.2986890077590942,0.021765652345493436,5,,,,,,123
td3_bc,21,shuffled,1.0481752157211304,0.0315263238735497,5,,,,,,123
td3_bc,21,perturb_0.25sigma,1.2353163957595825,0.030025067273527384,5,,,,,,123
td3_bc,21,perturb_0.5sigma,1.0982494354248047,0.03132298728451133,5,,,,,,123
td3_bc,21,perturb_1sigma,0.5686681270599365,0.03348771762102842,5,,,,,,123
td3_bc,21,perturb_2sigma,0.3376222550868988,0.032341850688681006,5,,,,,,123
td3_bc,22,supervised,0.7118558883666992,0.026071326341480017,5,,,,,,123
td3_bc,22,actor,0.7118558883666992,0.026071326341480017,5,,,,,,123
td3_bc,22,zero,0.7363651990890503,0.02550409035757184,5,,,,,,123
td3_bc,22,random,0.7198066711425781,0.025909854099154472,5,,,,,,123
td3_bc,22,shuffled,0.7703759074211121,0.02495540166273713,5,,,,,,123
td3_bc,22,perturb_0.25sigma,0.9342415928840637,0.023800472263246775,5,,,,,,123
td3_bc,22,perturb_0.5sigma,0.7458090782165527,0.02544559771195054,5,,,,,,123
td3_bc,22,perturb_1sigma,1.1730154752731323,0.018098096130415797,5,,,,,,123
td3_bc,22,perturb_2sigma,0.46834567189216614,0.02751727681607008,5,,,,,,123
td3_bc,23,supervised,0.33974283933639526,0.018283726647496223,5,,,,,,123
td3_bc,23,actor,0.33974283933639526,0.018283726647496223,5,,,,,,123
td3_bc,23,zero,0.3274572491645813,0.01792913768440485,5,,,,,,123
td3_bc,23,random,0.32716137170791626,0.018620955757796764,5,,,,,,123
td3_bc,23,shuffled,0.3219105005264282,0.017734777182340622,5,,,,,,123
td3_bc,23,perturb_0.25sigma,0.2693439722061157,0.018845961429178715,5,,,,,,123
td3_bc,23,perturb_0.5sigma,0.35746556520462036,0.018127002753317356,5,,,,,,123
td3_bc,23,perturb_1sigma,0.11614666879177094,0.019436759874224663,5,,,,,,123
td3_bc,23,perturb_2sigma,-0.2208353579044342,0.014523794874548912,5,,,,,,123
td3_bc,24,supervised,-0.18557792901992798,0.009654099121689796,5,,,,,,123
td3_bc,24,actor,-0.18557792901992798,0.009654099121689796,5,,,,,,123
td3_bc,24,zero,-0.2294214963912964,0.009535902179777622,5,,,,,,123
td3_bc,24,random,0.027989938855171204,0.0015894597163423896,5,,,,,,123
td3_bc,24,shuffled,-0.2646616995334625,0.009700127877295017,5,,,,,,123
td3_bc,24,perturb_0.25sigma,-0.31393226981163025,0.010294285602867603,5,,,,,,123
td3_bc,24,perturb_0.5sigma,-0.07809300720691681,0.0083193089812994,5,,,,,,123
td3_bc,24,perturb_1sigma,-0.13612502813339233,0.0005621411837637424,5,,,,,,123
td3_bc,24,perturb_2sigma,-0.29206153750419617,-0.003897319547832012,5,,,,,,123
td3_bc,25,supervised,1.1092021465301514,0.039596791844815016,5,,,,,,123
td3_bc,25,actor,1.1092021465301514,0.039596791844815016,5,,,,,,123
td3_bc,25,zero,1.1685036420822144,0.03865561168640852,5,,,,,,123
td3_bc,25,random,1.7029601335525513,0.03255760879255831,5,,,,,,123
td3_bc,25,shuffled,1.225782036781311,0.03757476806640625,5,,,,,,123
td3_bc,25,perturb_0.25sigma,0.9419100880622864,0.04157369490712881,5,,,,,,123
td3_bc,25,perturb_0.5sigma,1.1580065488815308,0.03874255158007145,5,,,,,,123
td3_bc,25,perturb_1sigma,1.3192075490951538,0.036246100440621376,5,,,,,,123
td3_bc,25,perturb_2sigma,0.910118818283081,0.04231425700709224,5,,,,,,123
td3_bc,26,supervised,0.930404782295227,0.03356115939095616,5,,,,,,123
td3_bc,26,actor,0.930404782295227,0.03356115939095616,5,,,,,,123
td3_bc,26,zero,0.9762715101242065,0.03276584995910525,5,,,,,,123
td3_bc,26,random,1.4424519538879395,0.025084208231419325,5,,,,,,123
td3_bc,26,shuffled,1.0291208028793335,0.03184322360903025,5,,,,,,123
td3_bc,26,perturb_0.25sigma,0.8729513883590698,0.03435691865161061,5,,,,,,123
td3_bc,26,perturb_0.5sigma,0.8731467723846436,0.03424954926595092,5,,,,,,123
td3_bc,26,perturb_1sigma,0.7297309637069702,0.034469674341380596,5,,,,,,123
td3_bc,26,perturb_2sigma,1.1810319423675537,0.029490900225937366,5,,,,,,123
td3_bc,27,supervised,0.6702181100845337,0.026333562098443508,5,,,,,,123
td3_bc,27,actor,0.6702181100845337,0.026333562098443508,5,,,,,,123
td3_bc,27,zero,0.6962008476257324,0.02576113399118185,5,,,,,,123
td3_bc,27,random,0.5832132697105408,0.02719967346638441,5,,,,,,123
td3_bc,27,shuffled,0.7305881977081299,0.02518217358738184,5,,,,,,123
td3_bc,27,perturb_0.25sigma,0.7536180019378662,0.02551631908863783,5,,,,,,123
td3_bc,27,perturb_0.5sigma,0.8563432693481445,0.02418305166065693,5,,,,,,123
td3_bc,27,perturb_1sigma,0.2757108807563782,0.02419896237552166,5,,,,,,123
td3_bc,27,perturb_2sigma,1.1323693990707397,0.015439850802067667,5,,,,,,123
td3_bc,28,supervised,0.2572906017303467,0.01841073576360941,5,,,,,,123
td3_bc,28,actor,0.2572906017303467,0.01841073576360941,5,,,,,,123
td3_bc,28,zero,0.2507495880126953,0.017989414744079113,5,,,,,,123
td3_bc,28,random,1.0136770009994507,0.011633593123406172,5,,,,,,123
td3_bc,28,shuffled,0.25181204080581665,0.017666521482169628,5,,,,,,123
td3_bc,28,perturb_0.25sigma,0.16690808534622192,0.01883045583963394,5,,,,,,123
td3_bc,28,perturb_0.5sigma,0.2672642469406128,0.01814005058258772,5,,,,,,123
td3_bc,28,perturb_1sigma,0.4217687249183655,0.016818574629724026,5,,,,,,123
td3_bc,28,perturb_2sigma,0.1606677770614624,0.003959514666348696,5,,,,,,123
td3_bc,29,supervised,-0.2799548804759979,0.009574050083756447,5,,,,,,123
td3_bc,29,actor,-0.2799548804759979,0.009574050083756447,5,,,,,,123
td3_bc,29,zero,-0.3047507703304291,0.009318496100604534,5,,,,,,123
td3_bc,29,random,0.2763414978981018,0.0041774301789700985,5,,,,,,123
td3_bc,29,shuffled,-0.3288280963897705,0.009278330020606518,5,,,,,,123
td3_bc,29,perturb_0.25sigma,-0.20394527912139893,0.009160819463431835,5,,,,,,123
td3_bc,29,perturb_0.5sigma,-0.4554634094238281,0.010024767369031906,5,,,,,,123
td3_bc,29,perturb_1sigma,-0.34055429697036743,0.00959341786801815,5,,,,,,123
td3_bc,29,perturb_2sigma,-0.17242738604545593,-0.003507135668769479,5,,,,,,123
td3_bc,30,supervised,1.3235366344451904,0.04670529253780842,5,,,,,,123
td3_bc,30,actor,1.3235366344451904,0.04670529253780842,5,,,,,,123
td3_bc,30,zero,0.8869936466217041,0.0443857335485518,5,,,,,,123
td3_bc,30,random,1.072265863418579,0.04614260978996754,5,,,,,,123
td3_bc,30,shuffled,0.6813189387321472,0.041571279522031546,5,,,,,,123
td3_bc,30,perturb_0.25sigma,1.2550197839736938,0.04680887423455715,5,,,,,,123
td3_bc,30,perturb_0.5sigma,1.623377799987793,0.045664556324481964,5,,,,,,123
td3_bc,30,perturb_1sigma,1.9946640729904175,0.039084094925783575,5,,,,,,123
td3_bc,30,perturb_2sigma,2.0206446647644043,0.04077250277623534,5,,,,,,123
td3_bc,31,supervised,1.282201886177063,0.037929099053144455,5,,,,,,123
td3_bc,31,actor,1.282201886177063,0.037929099053144455,5,,,,,,123
td3_bc,31,zero,0.8100637197494507,0.03554280288517475,5,,,,,,123
td3_bc,31,random,0.8254878520965576,0.03606319846585393,5,,,,,,123
td3_bc,31,shuffled,0.6010490655899048,0.03265461651608348,5,,,,,,123
td3_bc,31,perturb_0.25sigma,1.4989292621612549,0.03736541047692299,5,,,,,,123
td3_bc,31,perturb_0.5sigma,0.9889466762542725,0.03770869132131338,5,,,,,,123
td3_bc,31,perturb_1sigma,2.1014537811279297,0.03228506213054061,5,,,,,,123
td3_bc,31,perturb_2sigma,1.9748866558074951,0.03390374407172203,5,,,,,,123
td3_bc,32,supervised,1.210767149925232,0.028844979591667652,5,,,,,,123
td3_bc,32,actor,1.210767149925232,0.028844979591667652,5,,,,,,123
td3_bc,32,zero,0.6363824009895325,0.026410143822431564,5,,,,,,123
td3_bc,32,random,0.8369371891021729,0.028132702223956585,5,,,,,,123
td3_bc,32,shuffled,0.44792693853378296,0.023457134142518044,5,,,,,,123
td3_bc,32,perturb_0.25sigma,1.2167115211486816,0.02883730549365282,5,,,,,,123
td3_bc,32,perturb_0.5sigma,0.8473328351974487,0.02838755026459694,5,,,,,,123
td3_bc,32,perturb_1sigma,0.9693186283111572,0.02895325142890215,5,,,,,,123
td3_bc,32,perturb_2sigma,1.756191611289978,0.025887904688715935,5,,,,,,123
td3_bc,33,supervised,1.0848817825317383,0.019480867311358452,5,,,,,,123
td3_bc,33,actor,1.0848817825317383,0.019480867311358452,5,,,,,,123
td3_bc,33,zero,0.23886480927467346,0.01700977934524417,5,,,,,,123
td3_bc,33,random,0.8633654117584229,0.019482525065541267,5,,,,,,123
td3_bc,33,shuffled,-0.003839433193206787,0.014006540179252625,5,,,,,,123
td3_bc,33,perturb_0.25sigma,1.1103330850601196,0.01943364366889,5,,,,,,123
td3_bc,33,perturb_0.5sigma,1.056627631187439,0.019546152092516422,5,,,,,,123
td3_bc,33,perturb_1sigma,0.12276221811771393,0.016049602068960667,5,,,,,,123
td3_bc,33,perturb_2sigma,-0.09818264842033386,0.01364430645480752,5,,,,,,123
td3_bc,34,supervised,0.8934454917907715,0.00986066460609436,5,,,,,,123
td3_bc,34,actor,0.8934454917907715,0.00986066460609436,5,,,,,,123
td3_bc,34,zero,-0.25256121158599854,0.007357693277299404,5,,,,,,123
td3_bc,34,random,0.10706448554992676,0.009210767224431038,5,,,,,,123
td3_bc,34,shuffled,-0.5485563278198242,0.004318350460380316,5,,,,,,123
td3_bc,34,perturb_0.25sigma,0.902077317237854,0.009814628399908543,5,,,,,,123
td3_bc,34,perturb_0.5sigma,0.3622433543205261,0.009825136512517929,5,,,,,,123
td3_bc,34,perturb_1sigma,0.4059680104255676,0.009950846433639526,5,,,,,,123
td3_bc,34,perturb_2sigma,0.18574294447898865,0.010146751068532467,5,,,,,,123
td3_bc,35,supervised,1.2606648206710815,0.033027667086571455,5,,,,,,123
td3_bc,35,actor,1.2606648206710815,0.033027667086571455,5,,,,,,123
td3_bc,35,zero,0.9028282165527344,0.029713258147239685,5,,,,,,123
td3_bc,35,random,0.9390047788619995,0.029991482384502888,5,,,,,,123
td3_bc,35,shuffled,0.6757057905197144,0.028205645503476262,5,,,,,,123
td3_bc,35,perturb_0.25sigma,1.3192789554595947,0.03321963548660278,5,,,,,,123
td3_bc,35,perturb_0.5sigma,1.2113279104232788,0.03267501946538687,5,,,,,,123
td3_bc,35,perturb_1sigma,1.509300947189331,0.03320387564599514,5,,,,,,123
td3_bc,35,perturb_2sigma,1.4344861507415771,0.03330595092847943,5,,,,,,123
td3_bc,36,supervised,1.2303276062011719,0.026576632168143988,5,,,,,,123
td3_bc,36,actor,1.2303276062011719,0.026576632168143988,5,,,,,,123
td3_bc,36,zero,0.8545283079147339,0.023221923504024744,5,,,,,,123
td3_bc,36,random,0.776602029800415,0.022805759217590094,5,,,,,,123
td3_bc,36,shuffled,0.6233392357826233,0.02169728127773851,5,,,,,,123
td3_bc,36,perturb_0.25sigma,1.2940177917480469,0.02672240464016795,5,,,,,,123
td3_bc,36,perturb_0.5sigma,1.265205979347229,0.026656921952962875,5,,,,,,123
td3_bc,36,perturb_1sigma,1.0163935422897339,0.025244760792702436,5,,,,,,123
td3_bc,36,perturb_2sigma,1.3974499702453613,0.02678705332800746,5,,,,,,123
td3_bc,37,supervised,1.2035853862762451,0.020026826299726963,5,,,,,,123
td3_bc,37,actor,1.2035853862762451,0.020026826299726963,5,,,,,,123
td3_bc,37,zero,0.6644206047058105,0.01665218872949481,5,,,,,,123
td3_bc,37,random,0.5760014057159424,0.016022290801629424,5,,,,,,123
td3_bc,37,shuffled,0.44319045543670654,0.015112658031284809,5,,,,,,123
td3_bc,37,perturb_0.25sigma,1.265053629875183,0.020160038489848375,5,,,,,,123
td3_bc,37,perturb_0.5sigma,1.179884672164917,0.019964535254985094,5,,,,,,123
td3_bc,37,perturb_1sigma,1.364466905593872,0.02024291642010212,5,,,,,,123
td3_bc,37,perturb_2sigma,0.9131388664245605,0.01886007422581315,5,,,,,,123
td3_bc,38,supervised,1.147384524345398,0.013399098068475723,5,,,,,,123
td3_bc,38,actor,1.147384524345398,0.013399098068475723,5,,,,,,123
td3_bc,38,zero,0.3398878872394562,0.010018738685175776,5,,,,,,123
td3_bc,38,random,0.23301489651203156,0.009569171583279967,5,,,,,,123
td3_bc,38,shuffled,0.05530577898025513,0.008471334702335298,5,,,,,,123
td3_bc,38,perturb_0.25sigma,1.055245280265808,0.013204998802393675,5,,,,,,123
td3_bc,38,perturb_0.5sigma,1.1286405324935913,0.013391637708991766,5,,,,,,123
td3_bc,38,perturb_1sigma,1.2808783054351807,0.01367780240252614,5,,,,,,123
td3_bc,38,perturb_2sigma,1.3054957389831543,0.013498557731509209,5,,,,,,123
td3_bc,39,supervised,0.9919818043708801,0.006711923982948065,5,,,,,,123
td3_bc,39,actor,0.9919818043708801,0.006711923982948065,5,,,,,,123
td3_bc,39,zero,-0.11743395030498505,0.0033369692973792553,5,,,,,,123
td3_bc,39,random,0.057620927691459656,0.0036560487933456898,5,,,,,,123
td3_bc,39,shuffled,-0.4083837866783142,0.0017844258109107614,5,,,,,,123
td3_bc,39,perturb_0.25sigma,0.8774203062057495,0.006610678508877754,5,,,,,,123
td3_bc,39,perturb_0.5sigma,1.0116045475006104,0.006907275877892971,5,,,,,,123
td3_bc,39,perturb_1sigma,0.9034311771392822,0.006736434530466795,5,,,,,,123
td3_bc,39,perturb_2sigma,1.0628348588943481,0.006424503866583109,5,,,,,,123
td3_bc,40,supervised,1.1672362089157104,0.043317412957549095,5,,,,,,123
td3_bc,40,actor,1.1672362089157104,0.043317412957549095,5,,,,,,123
td3_bc,40,zero,0.856680154800415,0.04021804314106703,5,,,,,,123
td3_bc,40,random,0.7498524188995361,0.03879905445501208,5,,,,,,123
td3_bc,40,shuffled,0.6632485389709473,0.037892565596848726,5,,,,,,123
td3_bc,40,perturb_0.25sigma,1.2042180299758911,0.04326232988387346,5,,,,,,123
td3_bc,40,perturb_0.5sigma,1.0067863464355469,0.04273213166743517,5,,,,,,123
td3_bc,40,perturb_1sigma,0.8244829177856445,0.03968499414622784,5,,,,,,123
td3_bc,40,perturb_2sigma,1.4046664237976074,0.04263884760439396,5,,,,,,123
td3_bc,41,supervised,1.1116712093353271,0.03505691699683666,5,,,,,,123
td3_bc,41,actor,1.1116712093353271,0.03505691699683666,5,,,,,,123
td3_bc,41,zero,0.7945073843002319,0.031889263074845076,5,,,,,,123
td3_bc,41,random,0.8696420192718506,0.032923922408372164,5,,,,,,123
td3_bc,41,shuffled,0.5934642553329468,0.029525502352043986,5,,,,,,123
td3_bc,41,perturb_0.25sigma,1.2244980335235596,0.03493246342986822,5,,,,,,123
td3_bc,41,perturb_0.5sigma,1.1022940874099731,0.03509804327040911,5,,,,,,123
td3_bc,41,perturb_1sigma,1.1275731325149536,0.03483483009040356,5,,,,,,123
td3_bc,41,perturb_2sigma,1.1506296396255493,0.03490776102989912,5,,,,,,123
td3_bc,42,supervised,1.0512440204620361,0.026567718014121056,5,,,,,,123
td3_bc,42,actor,1.0512440204620361,0.026567718014121056,5,,,,,,123
td3_bc,42,zero,0.6375013589859009,0.023349749390035868,5,,,,,,123
td3_bc,42,random,0.799079418182373,0.02470450196415186,5,,,,,,123
td3_bc,42,shuffled,0.44154196977615356,0.020954351173713803,5,,,,,,123
td3_bc,42,perturb_0.25sigma,1.049119234085083,0.026533213444054127,5,,,,,,123
td3_bc,42,perturb_0.5sigma,1.0124597549438477,0.02655779290944338,5,,,,,,123
td3_bc,42,perturb_1sigma,0.9649336338043213,0.026759718544781208,5,,,,,,123
td3_bc,42,perturb_2sigma,1.1731206178665161,0.02223399095237255,5,,,,,,123
td3_bc,43,supervised,0.9597218036651611,0.017877740785479546,5,,,,,,123
td3_bc,43,actor,0.9597218036651611,0.017877740785479546,5,,,,,,123
td3_bc,43,zero,0.2552228569984436,0.014624111354351044,5,,,,,,123
td3_bc,43,random,0.20893864333629608,0.014098151121288538,5,,,,,,123
td3_bc,43,shuffled,-0.002345830202102661,0.012210852233693004,5,,,,,,123
td3_bc,43,perturb_0.25sigma,0.9039263725280762,0.017840995453298092,5,,,,,,123
td3_bc,43,perturb_0.5sigma,1.0468584299087524,0.017680169083178043,5,,,,,,123
td3_bc,43,perturb_1sigma,0.6987178325653076,0.017163963057100773,5,,,,,,123
td3_bc,43,perturb_2sigma,1.0831577777862549,0.017320020124316216,5,,,,,,123
td3_bc,44,supervised,0.81242835521698,0.009013478644192219,5,,,,,,123
td3_bc,44,actor,0.81242835521698,0.009013478644192219,5,,,,,,123
td3_bc,44,zero,-0.23924016952514648,0.005734583362936974,5,,,,,,123
td3_bc,44,random,-0.28916501998901367,0.005285853054374456,5,,,,,,123
td3_bc,44,shuffled,-0.5300378203392029,0.0033129642251878977,5,,,,,,123
td3_bc,44,perturb_0.25sigma,1.05051851272583,0.008682155050337315,5,,,,,,123
td3_bc,44,perturb_0.5sigma,0.23656867444515228,0.008260296657681465,5,,,,,,123
td3_bc,44,perturb_1sigma,0.7970067858695984,0.006648933980613947,5,,,,,,123
td3_bc,44,perturb_2sigma,0.2294408679008484,0.00829659216105938,5,,,,,,123
td3_bc,45,supervised,1.237959861755371,0.049149492755532265,5,,,,,,123
td3_bc,45,actor,1.237959861755371,0.049149492755532265,5,,,,,,123
td3_bc,45,zero,1.1215572357177734,0.0502155777066946,5,,,,,,123
td3_bc,45,random,1.7524467706680298,0.043300106190145016,5,,,,,,123
td3_bc,45,shuffled,1.043504238128662,0.05071482062339783,5,,,,,,123
td3_bc,45,perturb_0.25sigma,1.2915172576904297,0.04855640511959791,5,,,,,,123
td3_bc,45,perturb_0.5sigma,1.353843331336975,0.048354447819292545,5,,,,,,123
td3_bc,45,perturb_1sigma,1.0359333753585815,0.05062822066247463,5,,,,,,123
td3_bc,45,perturb_2sigma,1.4204745292663574,0.03457168582826853,5,,,,,,123
td3_bc,46,supervised,1.0872772932052612,0.04087018687278032,5,,,,,,123
td3_bc,46,actor,1.0872772932052612,0.04087018687278032,5,,,,,,123
td3_bc,46,zero,0.946774423122406,0.04201042931526899,5,,,,,,123
td3_bc,46,random,0.5914143323898315,0.038862164597958326,5,,,,,,123
td3_bc,46,shuffled,0.8648221492767334,0.04246339853852987,5,,,,,,123
td3_bc,46,perturb_0.25sigma,1.0516226291656494,0.04119828436523676,5,,,,,,123
td3_bc,46,perturb_0.5sigma,1.2097268104553223,0.039559466764330864,5,,,,,,123
td3_bc,46,perturb_1sigma,1.4275914430618286,0.037832329981029034,5,,,,,,123
td3_bc,46,perturb_2sigma,0.4113762378692627,0.03765743598341942,5,,,,,,123
td3_bc,47,supervised,0.8524250388145447,0.031903800554573536,5,,,,,,123
td3_bc,47,actor,0.8524250388145447,0.031903800554573536,5,,,,,,123
td3_bc,47,zero,0.6808509826660156,0.033102111890912056,5,,,,,,123
td3_bc,47,random,0.4670238792896271,0.031750415451824665,5,,,,,,123
td3_bc,47,shuffled,0.5851680636405945,0.033503481186926365,5,,,,,,123
td3_bc,47,perturb_0.25sigma,0.6365508437156677,0.03314012475311756,5,,,,,,123
td3_bc,47,perturb_0.5sigma,0.9124609231948853,0.031440733931958675,5,,,,,,123
td3_bc,47,perturb_1sigma,0.9734695553779602,0.031281392090022564,5,,,,,,123
td3_bc,47,perturb_2sigma,0.20718027651309967,0.027408663649111986,5,,,,,,123
td3_bc,48,supervised,0.517154335975647,0.022176627069711685,5,,,,,,123
td3_bc,48,actor,0.517154335975647,0.022176627069711685,5,,,,,,123
td3_bc,48,zero,0.2576661705970764,0.023418480530381203,5,,,,,,123
td3_bc,48,random,0.8402096033096313,0.013660698430612683,5,,,,,,123
td3_bc,48,shuffled,0.12099267542362213,0.023706411942839622,5,,,,,,123
td3_bc,48,perturb_0.25sigma,0.3102726936340332,0.023252276703715324,5,,,,,,123
td3_bc,48,perturb_0.5sigma,1.0578986406326294,0.015257813036441803,5,,,,,,123
td3_bc,48,perturb_1sigma,0.080275759100914,0.022277770563960075,5,,,,,,123
td3_bc,48,perturb_2sigma,0.24455790221691132,0.005912058521062136,5,,,,,,123
td3_bc,49,supervised,0.032387346029281616,0.011586346663534641,5,,,,,,123
td3_bc,49,actor,0.032387346029281616,0.011586346663534641,5,,,,,,123
td3_bc,49,zero,-0.2844904959201813,0.012853235006332397,5,,,,,,123
td3_bc,49,random,-0.6034000515937805,0.007334160152822733,5,,,,,,123
td3_bc,49,shuffled,-0.4559907913208008,0.012940561398863792,5,,,,,,123
td3_bc,49,perturb_0.25sigma,-0.14012181758880615,0.012259325012564659,5,,,,,,123
td3_bc,49,perturb_0.5sigma,-0.04457858204841614,0.012007641606032848,5,,,,,,123
td3_bc,49,perturb_1sigma,-0.6006850600242615,0.007333095651119947,5,,,,,,123
td3_bc,49,perturb_2sigma,-0.6397753953933716,0.008576187305152416,5,,,,,,123
td3_bc,50,supervised,1.237959861755371,0.049149492755532265,5,,,,,,123
td3_bc,50,actor,1.237959861755371,0.049149492755532265,5,,,,,,123
td3_bc,50,zero,1.1215572357177734,0.0502155777066946,5,,,,,,123
td3_bc,50,random,1.2993113994598389,0.04762504156678915,5,,,,,,123
td3_bc,50,shuffled,1.043504238128662,0.05071482062339783,5,,,,,,123
td3_bc,50,perturb_0.25sigma,1.1456325054168701,0.049959780648350716,5,,,,,,123
td3_bc,50,perturb_0.5sigma,1.092646598815918,0.05048955138772726,5,,,,,,123
td3_bc,50,perturb_1sigma,0.8206577301025391,0.04826660314574838,5,,,,,,123
td3_bc,50,perturb_2sigma,0.689789891242981,0.04684649594128132,5,,,,,,123
td3_bc,51,supervised,1.0584418773651123,0.04071573819965124,5,,,,,,123
td3_bc,51,actor,1.0584418773651123,0.04071573819965124,5,,,,,,123
td3_bc,51,zero,0.933175265789032,0.04173427354544401,5,,,,,,123
td3_bc,51,random,0.8846787214279175,0.04207222070544958,5,,,,,,123
td3_bc,51,shuffled,0.8592007160186768,0.04213826358318329,5,,,,,,123
td3_bc,51,perturb_0.25sigma,1.0094385147094727,0.04119215440005064,5,,,,,,123
td3_bc,51,perturb_0.5sigma,1.0736083984375,0.04040304385125637,5,,,,,,123
td3_bc,51,perturb_1sigma,0.7654310464859009,0.04072888381779194,5,,,,,,123
td3_bc,51,perturb_2sigma,1.291097640991211,0.02774148469325155,5,,,,,,123
td3_bc,52,supervised,0.8092108964920044,0.031248207204043865,5,,,,,,123
td3_bc,52,actor,0.8092108964920044,0.031248207204043865,5,,,,,,123
td3_bc,52,zero,0.6580677628517151,0.03227939549833536,5,,,,,,123
td3_bc,52,random,1.488742470741272,0.02285125502385199,5,,,,,,123
td3_bc,52,shuffled,0.5736538767814636,0.032601927407085896,5,,,,,,123
td3_bc,52,perturb_0.25sigma,1.5778402090072632,0.023815869819372892,5,,,,,,123
td3_bc,52,perturb_0.5sigma,0.8998579978942871,0.030104358680546284,5,,,,,,123
td3_bc,52,perturb_1sigma,0.46134108304977417,0.029596569947898388,5,,,,,,123
td3_bc,52,perturb_2sigma,0.922552764415741,0.029958678409457207,5,,,,,,123
td3_bc,53,supervised,0.4414573609828949,0.021284615620970726,5,,,,,,123
td3_bc,53,actor,0.4414573609828949,0.021284615620970726,5,,,,,,123
td3_bc,53,zero,0.22049790620803833,0.022257410921156406,5,,,,,,123
td3_bc,53,random,1.1740564107894897,0.015745121985673904,5,,,,,,123
td3_bc,53,shuffled,0.09738758206367493,0.022473670542240143,5,,,,,,123
td3_bc,53,perturb_0.25sigma,0.8090539574623108,0.018717256374657154,5,,,,,,123
td3_bc,53,perturb_0.5sigma,0.7509886026382446,0.018971010111272335,5,,,,,,123
td3_bc,53,perturb_1sigma,0.5339522361755371,0.020425427705049515,5,,,,,,123
td3_bc,53,perturb_2sigma,-0.09762874245643616,0.01716617215424776,5,,,,,,123
td3_bc,54,supervised,-0.048207998275756836,0.010850779712200165,5,,,,,,123
td3_bc,54,actor,-0.048207998275756836,0.010850779712200165,5,,,,,,123
td3_bc,54,zero,-0.30797696113586426,0.011757676489651203,5,,,,,,123
td3_bc,54,random,-0.22812840342521667,0.011907520703971386,5,,,,,,123
td3_bc,54,shuffled,-0.4586150050163269,0.01183390710502863,5,,,,,,123
td3_bc,54,perturb_0.25sigma,0.12900438904762268,0.00991355162113905,5,,,,,,123
td3_bc,54,perturb_0.5sigma,0.013839572668075562,0.010609359480440617,5,,,,,,123
td3_bc,54,perturb_1sigma,0.4580383896827698,0.0012116142315790057,5,,,,,,123
td3_bc,54,perturb_2sigma,0.11469227075576782,-0.002329363487660885,5,,,,,,123
td3_bc,55,supervised,1.0161540508270264,0.032342060934752226,5,,,,,,123
td3_bc,55,actor,1.0161540508270264,0.032342060934752226,5,,,,,,123
td3_bc,55,zero,-0.12515658140182495,-0.030008958652615547,5,,,,,,123
td3_bc,55,random,-0.11213713884353638,-0.024355916306376457,5,,,,,,123
td3_bc,55,shuffled,-0.356634259223938,-0.05067544337362051,5,,,,,,123
td3_bc,55,perturb_0.25sigma,1.0934059619903564,0.03219952114159241,5,,,,,,123
td3_bc,55,perturb_0.5sigma,0.7315226793289185,0.017039949540048838,5,,,,,,123
td3_bc,55,perturb_1sigma,0.8890380859375,0.025520311668515205,5,,,,,,123
td3_bc,55,perturb_2sigma,-0.3305544853210449,-0.0467024352401495,5,,,,,,123
td3_bc,56,supervised,0.990775465965271,0.03120490233413875,5,,,,,,123
td3_bc,56,actor,0.990775465965271,0.03120490233413875,5,,,,,,123
td3_bc,56,zero,-0.32817578315734863,-0.07200188003480434,5,,,,,,123
td3_bc,56,random,-0.131985142827034,-0.04820714518427849,5,,,,,,123
td3_bc,56,shuffled,-0.565679669380188,-0.10052554868161678,5,,,,,,123
td3_bc,56,perturb_0.25sigma,0.9876282215118408,0.0244719255133532,5,,,,,,123
td3_bc,56,perturb_0.5sigma,0.928807258605957,0.01831956789828837,5,,,,,,123
td3_bc,56,perturb_1sigma,0.07322583347558975,-0.017739426344633102,5,,,,,,123
td3_bc,56,perturb_2sigma,0.6066230535507202,0.02485313592478633,5,,,,,,123
td3_bc,57,supervised,0.9724714756011963,0.029639518819749355,5,,,,,,123
td3_bc,57,actor,0.9724714756011963,0.029639518819749355,5,,,,,,123
td3_bc,57,zero,-0.618256688117981,-0.14853418245911598,5,,,,,,123
td3_bc,57,random,-0.73549884557724,-0.16887247189879417,5,,,,,,123
td3_bc,57,shuffled,-0.8831495642662048,-0.18944702297449112,5,,,,,,123
td3_bc,57,perturb_0.25sigma,0.4105815291404724,-0.016274981200695038,5,,,,,,123
td3_bc,57,perturb_0.5sigma,0.776439905166626,0.028134085703641176,5,,,,,,123
td3_bc,57,perturb_1sigma,0.7738534212112427,0.02955608523916453,5,,,,,,123
td3_bc,57,perturb_2sigma,-0.5632497072219849,-0.12127091735601425,5,,,,,,123
td3_bc,58,supervised,0.946611762046814,0.027500126510858536,5,,,,,,123
td3_bc,58,actor,0.946611762046814,0.027500126510858536,5,,,,,,123
td3_bc,58,zero,-1.053994059562683,-0.30925486981868744,5,,,,,,123
td3_bc,58,random,-1.361940860748291,-0.3771584630012512,5,,,,,,123
td3_bc,58,shuffled,-1.313090443611145,-0.36987725645303726,5,,,,,,123
td3_bc,58,perturb_0.25sigma,0.9717507362365723,0.027356821112334728,5,,,,,,123
td3_bc,58,perturb_0.5sigma,-0.3996467888355255,-0.12234198674559593,5,,,,,,123
td3_bc,58,perturb_1sigma,-1.0330379009246826,-0.23708779364824295,5,,,,,,123
td3_bc,58,perturb_2sigma,-0.5567308664321899,-0.15484806895256042,5,,,,,,123
td3_bc,59,supervised,0.7646465301513672,0.023319397121667862,5,,,,,,123
td3_bc,59,actor,0.7646465301513672,0.023319397121667862,5,,,,,,123
td3_bc,59,zero,-1.526826024055481,-0.7125435471534729,5,,,,,,123
td3_bc,59,random,-1.692621111869812,-0.7991342544555664,5,,,,,,123
td3_bc,59,shuffled,-1.7434487342834473,-0.8000631928443909,5,,,,,,123
td3_bc,59,perturb_0.25sigma,0.4574008882045746,0.01663891039788723,5,,,,,,123
td3_bc,59,perturb_0.5sigma,-0.02728995680809021,-0.10889925807714462,5,,,,,,123
td3_bc,59,perturb_1sigma,-0.16402995586395264,0.010241691023111343,5,,,,,,123
td3_bc,59,perturb_2sigma,-1.3359382152557373,-0.5217241048812866,5,,,,,,123
td3_bc,60,supervised,1.1636241674423218,0.04309167619794607,5,,,,,,123
td3_bc,60,actor,1.1636241674423218,0.04309167619794607,5,,,,,,123
td3_bc,60,zero,0.8572096824645996,0.03994381008669734,5,,,,,,123
td3_bc,60,random,0.9624969959259033,0.0416880389675498,5,,,,,,123
td3_bc,60,shuffled,0.662998378276825,0.0376504585146904,5,,,,,,123
td3_bc,60,perturb_0.25sigma,1.0992417335510254,0.043002899736166,5,,,,,,123
td3_bc,60,perturb_0.5sigma,1.5334912538528442,0.042180501855909824,5,,,,,,123
td3_bc,60,perturb_1sigma,1.8182337284088135,0.03994886763393879,5,,,,,,123
td3_bc,60,perturb_2sigma,1.8073135614395142,0.03780102822929621,5,,,,,,123
td3_bc,61,supervised,1.1087831258773804,0.0348677197471261,5,,,,,,123
td3_bc,61,actor,1.1087831258773804,0.0348677197471261,5,,,,,,123
td3_bc,61,zero,0.7959119081497192,0.0316521511413157,5,,,,,,123
td3_bc,61,random,0.7834354639053345,0.031596424989402294,5,,,,,,123
td3_bc,61,shuffled,0.5938481092453003,0.029321455163881183,5,,,,,,123
td3_bc,61,perturb_0.25sigma,1.0052794218063354,0.03459123894572258,5,,,,,,123
td3_bc,61,perturb_0.5sigma,1.277191162109375,0.034599400125443935,5,,,,,,123
td3_bc,61,perturb_1sigma,1.8205978870391846,0.03103655017912388,5,,,,,,123
td3_bc,61,perturb_2sigma,1.3416200876235962,0.03408773988485336,5,,,,,,123
td3_bc,62,supervised,1.0493892431259155,0.026419068686664104,5,,,,,,123
td3_bc,62,actor,1.0493892431259155,0.026419068686664104,5,,,,,,123
td3_bc,62,zero,0.6379930377006531,0.02315447712317109,5,,,,,,123
td3_bc,62,random,0.9350651502609253,0.02576193306595087,5,,,,,,123
td3_bc,62,shuffled,0.44129976630210876,0.020793319446966052,5,,,,,,123
td3_bc,62,perturb_0.25sigma,1.1952157020568848,0.02626459952443838,5,,,,,,123
td3_bc,62,perturb_0.5sigma,1.057675838470459,0.026402642019093037,5,,,,,,123
td3_bc,62,perturb_1sigma,0.5140823125839233,0.021859072614461184,5,,,,,,123
td3_bc,62,perturb_2sigma,0.8526304960250854,0.02553758304566145,5,,,,,,123
td3_bc,63,supervised,0.96034836769104,0.017774710431694984,5,,,,,,123
td3_bc,63,actor,0.96034836769104,0.017774710431694984,5,,,,,,123
td3_bc,63,zero,0.25737464427948,0.014475041534751654,5,,,,,,123
td3_bc,63,random,0.47682005167007446,0.015732152853161097,5,,,,,,123
td3_bc,63,shuffled,-0.0011912137269973755,0.01209744019433856,5,,,,,,123
td3_bc,63,perturb_0.25sigma,1.1244843006134033,0.017562945373356342,5,,,,,,123
td3_bc,63,perturb_0.5sigma,0.682661235332489,0.017148985527455807,5,,,,,,123
td3_bc,63,perturb_1sigma,0.4338665008544922,0.015919086523354053,5,,,,,,123
td3_bc,63,perturb_2sigma,0.7666547298431396,0.01266134507022798,5,,,,,,123
td3_bc,64,supervised,0.8162442445755005,0.008959722705185413,5,,,,,,123
td3_bc,64,actor,0.8162442445755005,0.008959722705185413,5,,,,,,123
td3_bc,64,zero,-0.23564791679382324,0.005635962821543217,5,,,,,,123
td3_bc,64,random,0.42792004346847534,0.00797769334167242,5,,,,,,123
td3_bc,64,shuffled,-0.5274803638458252,0.00325070321559906,5,,,,,,123
td3_bc,64,perturb_0.25sigma,0.7686090469360352,0.008957123383879662,5,,,,,,123
td3_bc,64,perturb_0.5sigma,0.4265410006046295,0.008655217476189137,5,,,,,,123
td3_bc,64,perturb_1sigma,0.7723987102508545,0.008831527084112167,5,,,,,,123
td3_bc,64,perturb_2sigma,1.2223275899887085,0.007316598668694496,5,,,,,,123
td3_bc,65,supervised,1.5057564973831177,0.05327978357672691,5,,,,,,123
td3_bc,65,actor,1.5057564973831177,0.05327978357672691,5,,,,,,123
td3_bc,65,zero,1.0587319135665894,0.052566321566700935,5,,,,,,123
td3_bc,65,random,2.126795768737793,0.04719695448875427,5,,,,,,123
td3_bc,65,shuffled,0.8202024698257446,0.04921910213306546,5,,,,,,123
td3_bc,65,perturb_0.25sigma,1.6724237203598022,0.05239675659686327,5,,,,,,123
td3_bc,65,perturb_0.5sigma,1.4403375387191772,0.05342188570648432,5,,,,,,123
td3_bc,65,perturb_1sigma,2.225356101989746,0.04534995765425265,5,,,,,,123
td3_bc,65,perturb_2sigma,0.8759561777114868,0.04984890157356858,5,,,,,,123
td3_bc,66,supervised,1.3691234588623047,0.04355458077043295,5,,,,,,123
td3_bc,66,actor,1.3691234588623047,0.04355458077043295,5,,,,,,123
td3_bc,66,zero,0.8882817029953003,0.042809135280549526,5,,,,,,123
td3_bc,66,random,0.9237937927246094,0.04320648033171892,5,,,,,,123
td3_bc,66,shuffled,0.6980495452880859,0.0392524478957057,5,,,,,,123
td3_bc,66,perturb_0.25sigma,1.2542531490325928,0.0439987750723958,5,,,,,,123
td3_bc,66,perturb_0.5sigma,0.8992902040481567,0.04305663052946329,5,,,,,,123
td3_bc,66,perturb_1sigma,1.2920854091644287,0.042901089414954185,5,,,,,,123
td3_bc,66,perturb_2sigma,2.1621651649475098,0.03480194858275354,5,,,,,,123
td3_bc,67,supervised,1.2021358013153076,0.033363849855959415,5,,,,,,123
td3_bc,67,actor,1.2021358013153076,0.033363849855959415,5,,,,,,123
td3_bc,67,zero,0.639829158782959,0.032595629803836346,5,,,,,,123
td3_bc,67,random,0.7127665877342224,0.03329559043049812,5,,,,,,123
td3_bc,67,shuffled,0.46456533670425415,0.028848056215792894,5,,,,,,123
td3_bc,67,perturb_0.25sigma,1.1766620874404907,0.033281213603913784,5,,,,,,123
td3_bc,67,perturb_0.5sigma,1.2240864038467407,0.03321625478565693,5,,,,,,123
td3_bc,67,perturb_1sigma,1.5950385332107544,0.030884046107530594,5,,,,,,123
td3_bc,67,perturb_2sigma,0.850658655166626,0.03392064105719328,5,,,,,,123
td3_bc,68,supervised,0.9652223587036133,0.022716005332767963,5,,,,,,123
td3_bc,68,actor,0.9652223587036133,0.022716005332767963,5,,,,,,123
td3_bc,68,zero,0.23050656914710999,0.021926905028522015,5,,,,,,123
td3_bc,68,random,0.8213077783584595,0.023411010392010212,5,,,,,,123
td3_bc,68,shuffled,0.003766357898712158,0.017988790292292833,5,,,,,,123
td3_bc,68,perturb_0.25sigma,1.0332447290420532,0.022366737015545368,5,,,,,,123
td3_bc,68,perturb_0.5sigma,0.832398533821106,0.023016384802758694,5,,,,,,123
td3_bc,68,perturb_1sigma,1.0239776372909546,0.02254792768508196,5,,,,,,123
td3_bc,68,perturb_2sigma,0.09889853000640869,0.01963661704212427,5,,,,,,123
td3_bc,69,supervised,0.6159055233001709,0.011600124649703503,5,,,,,,123
td3_bc,69,actor,0.6159055233001709,0.011600124649703503,5,,,,,,123
td3_bc,69,zero,-0.2752190828323364,0.010785799473524094,5,,,,,,123
td3_bc,69,random,0.9708898067474365,0.009477431885898113,5,,,,,,123
td3_bc,69,shuffled,-0.555655300617218,0.006656897719949484,5,,,,,,123
td3_bc,69,perturb_0.25sigma,0.6411983966827393,0.011591403745114803,5,,,,,,123
td3_bc,69,perturb_0.5sigma,1.4145678281784058,0.007198621053248644,5,,,,,,123
td3_bc,69,perturb_1sigma,0.3811347484588623,0.011826696805655956,5,,,,,,123
td3_bc,69,perturb_2sigma,-0.3300151824951172,0.009658338502049446,5,,,,,,123
td3_bc,70,supervised,1.2352277040481567,0.03482041973620653,5,,,,,,123
td3_bc,70,actor,1.2352277040481567,0.03482041973620653,5,,,,,,123
td3_bc,70,zero,0.896080493927002,0.0313482815399766,5,,,,,,123
td3_bc,70,random,0.7366394996643066,0.03029055194929242,5,,,,,,123
td3_bc,70,shuffled,0.6745530366897583,0.029754638322629035,5,,,,,,123
td3_bc,70,perturb_0.25sigma,1.2676211595535278,0.0348644619807601,5,,,,,,123
td3_bc,70,perturb_0.5sigma,1.2669453620910645,0.034806568175554276,5,,,,,,123
td3_bc,70,perturb_1sigma,1.5310595035552979,0.03498129127547145,5,,,,,,123
td3_bc,70,perturb_2sigma,1.532192349433899,0.034822768997401,5,,,,,,123
td3_bc,71,supervised,1.2051589488983154,0.028036846313625574,5,,,,,,123
td3_bc,71,actor,1.2051589488983154,0.028036846313625574,5,,,,,,123
td3_bc,71,zero,0.855169415473938,0.02452456159517169,5,,,,,,123
td3_bc,71,random,0.9785597324371338,0.025699178222566843,5,,,,,,123
td3_bc,71,shuffled,0.6197402477264404,0.022912108222953975,5,,,,,,123
td3_bc,71,perturb_0.25sigma,1.1651569604873657,0.027888263575732708,5,,,,,,123
td3_bc,71,perturb_0.5sigma,1.1029081344604492,0.02762940526008606,5,,,,,,123
td3_bc,71,perturb_1sigma,0.968585729598999,0.025998494122177362,5,,,,,,123
td3_bc,71,perturb_2sigma,1.3359702825546265,0.02819688431918621,5,,,,,,123
td3_bc,72,supervised,1.1774189472198486,0.02114399801939726,5,,,,,,123
td3_bc,72,actor,1.1774189472198486,0.02114399801939726,5,,,,,,123
td3_bc,72,zero,0.6592556834220886,0.017608026042580605,5,,,,,,123
td3_bc,72,random,1.1978957653045654,0.020619461312890053,5,,,,,,123
td3_bc,72,shuffled,0.43674927949905396,0.015981041477061808,5,,,,,,123
td3_bc,72,perturb_0.25sigma,1.0934956073760986,0.020817585289478302,5,,,,,,123
td3_bc,72,perturb_0.5sigma,1.14607572555542,0.021170514170080423,5,,,,,,123
td3_bc,72,perturb_1sigma,1.080981731414795,0.021013422403484583,5,,,,,,123
td3_bc,72,perturb_2sigma,0.8333804607391357,0.01942052599042654,5,,,,,,123
td3_bc,73,supervised,1.1201703548431396,0.014159052167087793,5,,,,,,123
td3_bc,73,actor,1.1201703548431396,0.014159052167087793,5,,,,,,123
td3_bc,73,zero,0.32515496015548706,0.010615368839353323,5,,,,,,123
td3_bc,73,random,0.3217838406562805,0.010568804340437055,5,,,,,,123
td3_bc,73,shuffled,0.03743213415145874,0.008980631828308105,5,,,,,,123
td3_bc,73,perturb_0.25sigma,1.1095882654190063,0.014162011444568634,5,,,,,,123
td3_bc,73,perturb_0.5sigma,1.0920910835266113,0.01395899010822177,5,,,,,,123
td3_bc,73,perturb_1sigma,0.9716252684593201,0.013777477666735649,5,,,,,,123
td3_bc,73,perturb_2sigma,0.23550362884998322,0.010427076136693358,5,,,,,,123
td3_bc,74,supervised,1.0090981721878052,0.007103436626493931,5,,,,,,123
td3_bc,74,actor,1.0090981721878052,0.007103436626493931,5,,,,,,123
td3_bc,74,zero,-0.13980291783809662,0.003563756588846445,5,,,,,,123
td3_bc,74,random,0.07294586300849915,0.004364878870546818,5,,,,,,123
td3_bc,74,shuffled,-0.43363630771636963,0.0019259032560512424,5,,,,,,123
td3_bc,74,perturb_0.25sigma,0.6956402063369751,0.006698789075016975,5,,,,,,123
td3_bc,74,perturb_0.5sigma,1.0391587018966675,0.007064612582325935,5,,,,,,123
td3_bc,74,perturb_1sigma,0.5854971408843994,0.006501968950033188,5,,,,,,123
td3_bc,74,perturb_2sigma,-0.02988480031490326,0.004619435407221317,5,,,,,,123
td3_bc,75,supervised,0.9581871032714844,0.018970329081639647,5,,,,,,123
td3_bc,75,actor,0.9581871032714844,0.018970329081639647,5,,,,,,123
td3_bc,75,zero,0.7275232076644897,0.008696335833519697,5,,,,,,123
td3_bc,75,random,1.2475805282592773,0.012839368253480643,5,,,,,,123
td3_bc,75,shuffled,0.21195504069328308,0.0032166719902306795,5,,,,,,123
td3_bc,75,perturb_0.25sigma,0.876404881477356,0.021737050963565707,5,,,,,,123
td3_bc,75,perturb_0.5sigma,0.9718546867370605,0.01839214109349996,5,,,,,,123
td3_bc,75,perturb_1sigma,1.2380260229110718,0.012817847658880055,5,,,,,,123
td3_bc,75,perturb_2sigma,0.8432153463363647,0.0218516003806144,5,,,,,,123
td3_bc,76,supervised,0.7939543724060059,0.01592124835588038,5,,,,,,123
td3_bc,76,actor,0.7939543724060059,0.01592124835588038,5,,,,,,123
td3_bc,76,zero,0.29516512155532837,0.00593151239445433,5,,,,,,123
td3_bc,76,random,-0.009338617324829102,0.0016453752796223853,5,,,,,,123
td3_bc,76,shuffled,-0.0982048511505127,0.00035546535582398064,5,,,,,,123
td3_bc,76,perturb_0.25sigma,0.7892274856567383,0.010012225597165525,5,,,,,,123
td3_bc,76,perturb_0.5sigma,0.972054123878479,0.01072412048233673,5,,,,,,123
td3_bc,76,perturb_1sigma,0.8651570081710815,0.014728101203218102,5,,,,,,123
td3_bc,76,perturb_2sigma,0.1911376416683197,0.019563173409551382,5,,,,,,123
td3_bc,77,supervised,0.5367230772972107,0.012642685789614916,5,,,,,,123
td3_bc,77,actor,0.5367230772972107,0.012642685789614916,5,,,,,,123
td3_bc,77,zero,-0.16891446709632874,0.003215643053408712,5,,,,,,123
td3_bc,77,random,0.6393105387687683,0.009185224305838346,5,,,,,,123
td3_bc,77,shuffled,-0.5119256973266602,-0.002381834536208771,5,,,,,,123
td3_bc,77,perturb_0.25sigma,0.5969579219818115,0.011643362930044532,5,,,,,,123
td3_bc,77,perturb_0.5sigma,0.6835303902626038,0.010299033718183637,5,,,,,,123
td3_bc,77,perturb_1sigma,0.6882195472717285,0.009797018952667713,5,,,,,,123
td3_bc,77,perturb_2sigma,-0.658561110496521,-0.0038882080552866682,5,,,,,,123
td3_bc,78,supervised,0.14878568053245544,0.009019794408231974,5,,,,,,123
td3_bc,78,actor,0.14878568053245544,0.009019794408231974,5,,,,,,123
td3_bc,78,zero,-0.6951408386230469,0.0005680536269210279,5,,,,,,123
td3_bc,78,random,-1.0500195026397705,-0.005415972962509841,5,,,,,,123
td3_bc,78,shuffled,-1.0425992012023926,-0.004925659217406064,5,,,,,,123
td3_bc,78,perturb_0.25sigma,0.26962387561798096,0.0077433339320123196,5,,,,,,123
td3_bc,78,perturb_0.5sigma,-0.018833041191101074,0.009794315788894892,5,,,,,,123
td3_bc,78,perturb_1sigma,-0.8731741905212402,0.007807962567312643,5,,,,,,123
td3_bc,78,perturb_2sigma,-1.0037131309509277,0.005562898935750127,5,,,,,,123
td3_bc,79,supervised,-0.34488311409950256,0.004876013845205307,5,,,,,,123
td3_bc,79,actor,-0.34488311409950256,0.004876013845205307,5,,,,,,123
td3_bc,79,zero,-1.1614774465560913,-0.001971280202269554,5,,,,,,123
td3_bc,79,random,-1.5208202600479126,-0.007833861745893955,5,,,,,,123
td3_bc,79,shuffled,-1.4919037818908691,-0.007224418688565493,5,,,,,,123
td3_bc,79,perturb_0.25sigma,-0.406826376914978,0.004968191031366587,5,,,,,,123
td3_bc,79,perturb_0.5sigma,-0.7631502151489258,0.0016225967556238174,5,,,,,,123
td3_bc,79,perturb_1sigma,-0.7977176904678345,0.0010169721208512783,5,,,,,,123
td3_bc,79,perturb_2sigma,-0.6450103521347046,0.0041983057744801044,5,,,,,,123
td3_bc,-1,summary,,,5,,0.20651260504201682,0.5908959181642116,0.075,0.15,123
verified_screening,0,supervised,1.698652744293213,0.04495709063485265,5,,,,,,2026
verified_screening,0,actor,1.698652744293213,0.04495709063485265,5,,,,,,2026
verified_screening,0,zero,2.228533983230591,0.04791470384225249,5,,,,,,2026
verified_screening,0,random,1.3412392139434814,0.040248533710837364,5,,,,,,2026
verified_screening,0,shuffled,2.0515692234039307,0.04546396294608712,5,,,,,,2026
verified_screening,0,perturb_0.25sigma,1.5389659404754639,0.043083989061415195,5,,,,,,2026
verified_screening,0,perturb_0.5sigma,1.714675784111023,0.04538143239915371,5,,,,,,2026
verified_screening,0,perturb_1sigma,1.2896761894226074,0.03873854270204902,5,,,,,,2026
verified_screening,0,perturb_2sigma,1.5973325967788696,0.04407784063369036,5,,,,,,2026
verified_screening,1,supervised,1.4928772449493408,0.03747869608923793,5,,,,,,2026
verified_screening,1,actor,1.4928772449493408,0.03747869608923793,5,,,,,,2026
verified_screening,1,zero,2.177105188369751,0.04044357780367136,5,,,,,,2026
verified_screening,1,random,1.2745343446731567,0.0350755131803453,5,,,,,,2026
verified_screening,1,shuffled,1.7283034324645996,0.03705484326928854,5,,,,,,2026
verified_screening,1,perturb_0.25sigma,1.6615464687347412,0.038824671879410744,5,,,,,,2026
verified_screening,1,perturb_0.5sigma,2.2176764011383057,0.04038875550031662,5,,,,,,2026
verified_screening,1,perturb_1sigma,2.2196948528289795,0.039738683961331844,5,,,,,,2026
verified_screening,1,perturb_2sigma,0.9344757795333862,0.030741523951292038,5,,,,,,2026
verified_screening,2,supervised,1.0907844305038452,0.029329225420951843,5,,,,,,2026
verified_screening,2,actor,1.0907844305038452,0.029329225420951843,5,,,,,,2026
verified_screening,2,zero,1.960918664932251,0.03223216161131859,5,,,,,,2026
verified_screening,2,random,1.1880890130996704,0.030829974450170994,5,,,,,,2026
verified_screening,2,shuffled,1.1988930702209473,0.027741595171391964,5,,,,,,2026
verified_screening,2,perturb_0.25sigma,1.4611079692840576,0.03161440510302782,5,,,,,,2026
verified_screening,2,perturb_0.5sigma,1.7816433906555176,0.03220821171998978,5,,,,,,2026
verified_screening,2,perturb_1sigma,0.7237657904624939,0.02452129404991865,5,,,,,,2026
verified_screening,2,perturb_2sigma,0.6534927487373352,0.022809692658483982,5,,,,,,2026
verified_screening,3,supervised,0.4851059913635254,0.020440266467630863,5,,,,,,2026
verified_screening,3,actor,0.4851059913635254,0.020440266467630863,5,,,,,,2026
verified_screening,3,zero,1.4226500988006592,0.023184419609606266,5,,,,,,2026
verified_screening,3,random,0.317779004573822,0.018543957732617855,5,,,,,,2026
verified_screening,3,shuffled,0.520103394985199,0.01746730087324977,5,,,,,,2026
verified_screening,3,perturb_0.25sigma,0.37132197618484497,0.018583055585622787,5,,,,,,2026
verified_screening,3,perturb_0.5sigma,0.5239410400390625,0.020656890235841274,5,,,,,,2026
verified_screening,3,perturb_1sigma,0.25597357749938965,0.01723581925034523,5,,,,,,2026
verified_screening,3,perturb_2sigma,-0.15409769117832184,0.010426199994981289,5,,,,,,2026
verified_screening,4,supervised,-0.1348244994878769,0.010715012438595295,5,,,,,,2026
verified_screening,4,actor,-0.1348244994878769,0.010715012438595295,5,,,,,,2026
verified_screening,4,zero,0.5278427600860596,0.01314033754169941,5,,,,,,2026
verified_screening,4,random,-0.33529573678970337,0.005463397596031427,5,,,,,,2026
verified_screening,4,shuffled,-0.11123809963464737,0.0061532859690487385,5,,,,,,2026
verified_screening,4,perturb_0.25sigma,-0.16479970514774323,0.009991897270083427,5,,,,,,2026
verified_screening,4,perturb_0.5sigma,-0.1930309385061264,0.01008218340575695,5,,,,,,2026
verified_screening,4,perturb_1sigma,-0.4025847315788269,0.005677041132003069,5,,,,,,2026
verified_screening,4,perturb_2sigma,-0.2639918923377991,0.00750838965177536,5,,,,,,2026
verified_screening,5,supervised,1.698652744293213,0.04495709063485265,5,,,,,,2026
verified_screening,5,actor,1.698652744293213,0.04495709063485265,5,,,,,,2026
verified_screening,5,zero,2.228533983230591,0.04791470384225249,5,,,,,,2026
verified_screening,5,random,1.883401870727539,0.04664368322119117,5,,,,,,2026
verified_screening,5,shuffled,2.0515692234039307,0.04546396294608712,5,,,,,,2026
verified_screening,5,perturb_0.25sigma,1.9432189464569092,0.04694045055657625,5,,,,,,2026
verified_screening,5,perturb_0.5sigma,1.7297862768173218,0.04548919154331088,5,,,,,,2026
verified_screening,5,perturb_1sigma,1.856520175933838,0.04458906827494502,5,,,,,,2026
verified_screening,5,perturb_2sigma,2.502156972885132,0.04758164752274752,5,,,,,,2026
verified_screening,6,supervised,1.8003425598144531,0.037407530937343836,5,,,,,,2026
verified_screening,6,actor,1.8003425598144531,0.037407530937343836,5,,,,,,2026
verified_screening,6,zero,2.585158348083496,0.04041109140962362,5,,,,,,2026
verified_screening,6,random,2.4624762535095215,0.0403244337067008,5,,,,,,2026
verified_screening,6,shuffled,1.7091481685638428,0.037199169397354126,5,,,,,,2026
verified_screening,6,perturb_0.25sigma,1.5715630054473877,0.035620628390461206,5,,,,,,2026
verified_screening,6,perturb_0.5sigma,1.268143653869629,0.03251648601144552,5,,,,,,2026
verified_screening,6,perturb_1sigma,2.4693362712860107,0.04028939362615347,5,,,,,,2026
verified_screening,6,perturb_2sigma,1.028409719467163,0.030638867523521185,5,,,,,,2026
verified_screening,7,supervised,1.7015258073806763,0.029031439684331417,5,,,,,,2026
verified_screening,7,actor,1.7015258073806763,0.029031439684331417,5,,,,,,2026
verified_screening,7,zero,2.005563259124756,0.031845916993916035,5,,,,,,2026
verified_screening,7,random,1.1919025182724,0.02713250881060958,5,,,,,,2026
verified_screening,7,shuffled,1.2407554388046265,0.02752251923084259,5,,,,,,2026
verified_screening,7,perturb_0.25sigma,2.5526304244995117,0.03134927246719599,5,,,,,,2026
verified_screening,7,perturb_0.5sigma,2.27925181388855,0.03157861065119505,5,,,,,,2026
verified_screening,7,perturb_1sigma,0.9178824424743652,0.02284324960783124,5,,,,,,2026
verified_screening,7,perturb_2sigma,1.7159452438354492,0.031087106093764305,5,,,,,,2026
verified_screening,8,supervised,1.3275119066238403,0.02004911843687296,5,,,,,,2026
verified_screening,8,actor,1.3275119066238403,0.02004911843687296,5,,,,,,2026
verified_screening,8,zero,1.3866405487060547,0.022690393030643463,5,,,,,,2026
verified_screening,8,random,0.6099609732627869,0.01626709895208478,5,,,,,,2026
verified_screening,8,shuffled,0.7165654301643372,0.017353273928165436,5,,,,,,2026
verified_screening,8,perturb_0.25sigma,1.124335765838623,0.019057204946875572,5,,,,,,2026
verified_screening,8,perturb_0.5sigma,1.2004547119140625,0.019647140987217426,5,,,,,,2026
verified_screening,8,perturb_1sigma,0.7869477868080139,0.01696240995079279,5,,,,,,2026
verified_screening,8,perturb_2sigma,0.16619478166103363,0.006006807088851929,5,,,,,,2026
verified_screening,9,supervised,0.6653085947036743,0.010262028314173222,5,,,,,,2026
verified_screening,9,actor,0.6653085947036743,0.010262028314173222,5,,,,,,2026
verified_screening,9,zero,0.6113443374633789,0.012681384570896626,5,,,,,,2026
verified_screening,9,random,1.1673781871795654,0.013086090795695782,5,,,,,,2026
verified_screening,9,shuffled,0.06758575886487961,0.006247709039598703,5,,,,,,2026
verified_screening,9,perturb_0.25sigma,1.2355824708938599,0.012464658357203007,5,,,,,,2026
verified_screening,9,perturb_0.5sigma,0.535902202129364,0.009799509309232235,5,,,,,,2026
verified_screening,9,perturb_1sigma,-0.060056574642658234,0.001859562937170267,5,,,,,,2026
verified_screening,9,perturb_2sigma,1.1721947193145752,0.009898079559206963,5,,,,,,2026
verified_screening,10,supervised,2.3886945247650146,0.034698042552918196,5,,,,,,2026
verified_screening,10,actor,2.3886945247650146,0.034698042552918196,5,,,,,,2026
verified_screening,10,zero,1.6742323637008667,0.02906800084747374,5,,,,,,2026
verified_screening,10,random,1.5220165252685547,0.028084531135391444,5,,,,,,2026
verified_screening,10,shuffled,1.0486061573028564,0.02624544478021562,5,,,,,,2026
verified_screening,10,perturb_0.25sigma,2.486501455307007,0.033471515867859125,5,,,,,,2026
verified_screening,10,perturb_0.5sigma,2.488161325454712,0.033146527130156755,5,,,,,,2026
verified_screening,10,perturb_1sigma,2.379570245742798,0.03450091229751706,5,,,,,,2026
verified_screening,10,perturb_2sigma,2.374445915222168,0.029492458328604698,5,,,,,,2026
verified_screening,11,supervised,2.416814088821411,0.028021012898534536,5,,,,,,2026
verified_screening,11,actor,2.416814088821411,0.028021012898534536,5,,,,,,2026
verified_screening,11,zero,1.5144872665405273,0.022393243038095534,5,,,,,,2026
verified_screening,11,random,2.38630747795105,0.022390011581592262,5,,,,,,2026
verified_screening,11,shuffled,0.9536851644515991,0.019465955323539674,5,,,,,,2026
verified_screening,11,perturb_0.25sigma,2.205353021621704,0.02963575068861246,5,,,,,,2026
verified_screening,11,perturb_0.5sigma,2.27738356590271,0.02878994308412075,5,,,,,,2026
verified_screening,11,perturb_1sigma,2.5609703063964844,0.026014216244220734,5,,,,,,2026
verified_screening,11,perturb_2sigma,1.478868842124939,0.0221239582169801,5,,,,,,2026
verified_screening,12,supervised,2.354696750640869,0.021130294539034367,5,,,,,,2026
verified_screening,12,actor,2.354696750640869,0.021130294539034367,5,,,,,,2026
verified_screening,12,zero,1.2086060047149658,0.015582538559101522,5,,,,,,2026
verified_screening,12,random,0.991878867149353,0.014330934267491102,5,,,,,,2026
verified_screening,12,shuffled,0.8013025522232056,0.012546884594485164,5,,,,,,2026
verified_screening,12,perturb_0.25sigma,2.290146589279175,0.020872811786830425,5,,,,,,2026
verified_screening,12,perturb_0.5sigma,2.2421681880950928,0.02157467044889927,5,,,,,,2026
verified_screening,12,perturb_1sigma,1.8717877864837646,0.01998380944132805,5,,,,,,2026
verified_screening,12,perturb_2sigma,2.2875964641571045,0.020839315839111805,5,,,,,,2026
verified_screening,13,supervised,2.0655510425567627,0.01412841398268938,5,,,,,,2026
verified_screening,13,actor,2.0655510425567627,0.01412841398268938,5,,,,,,2026
verified_screening,13,zero,0.6658858060836792,0.00869959022384137,5,,,,,,2026
verified_screening,13,random,1.8580291271209717,0.008699167054146528,5,,,,,,2026
verified_screening,13,shuffled,0.2915031313896179,0.005554968491196632,5,,,,,,2026
verified_screening,13,perturb_0.25sigma,2.1521637439727783,0.013230810407549143,5,,,,,,2026
verified_screening,13,perturb_0.5sigma,1.8195452690124512,0.014510664623230696,5,,,,,,2026
verified_screening,13,perturb_1sigma,2.206939220428467,0.012734438292682171,5,,,,,,2026
verified_screening,13,perturb_2sigma,1.4744716882705688,0.013487483374774456,5,,,,,,2026
verified_screening,14,supervised,1.398544430732727,0.007058111485093832,5,,,,,,2026
verified_screening,14,actor,1.398544430732727,0.007058111485093832,5,,,,,,2026
verified_screening,14,zero,0.05604089796543121,0.0018227777909487486,5,,,,,,2026
verified_screening,14,random,-0.13528591394424438,0.0007569914450868964,5,,,,,,2026
verified_screening,14,shuffled,-0.33860498666763306,-0.0014225119957700372,5,,,,,,2026
verified_screening,14,perturb_0.25sigma,1.4663939476013184,0.007253286894410849,5,,,,,,2026
verified_screening,14,perturb_0.5sigma,2.143178701400757,0.00635427376255393,5,,,,,,2026
verified_screening,14,perturb_1sigma,1.1382510662078857,0.006881840527057648,5,,,,,,2026
verified_screening,14,perturb_2sigma,2.029066801071167,0.0023345460649579763,5,,,,,,2026
verified_screening,15,supervised,2.1621756553649902,0.0033236753806704655,5,,,,,,2026
verified_screening,15,actor,2.1621756553649902,0.0033236753806704655,5,,,,,,2026
verified_screening,15,zero,1.8507838249206543,0.006013420032104477,5,,,,,,2026
verified_screening,15,random,2.330625295639038,0.005692634702427313,5,,,,,,2026
verified_screening,15,shuffled,1.2600140571594238,0.0015694769244873896,5,,,,,,2026
verified_screening,15,perturb_0.25sigma,2.2570629119873047,0.0030952996676205657,5,,,,,,2026
verified_screening,15,perturb_0.5sigma,2.0953726768493652,0.003218780941097066,5,,,,,,2026
verified_screening,15,perturb_1sigma,2.0155622959136963,0.003973393548221793,5,,,,,,2026
verified_screening,15,perturb_2sigma,1.8194259405136108,0.007074222434312105,5,,,,,,2026
verified_screening,16,supervised,1.886054277420044,0.0023072428593877703,5,,,,,,2026
verified_screening,16,actor,1.886054277420044,0.0023072428593877703,5,,,,,,2026
verified_screening,16,zero,1.6521902084350586,0.005364638145692879,5,,,,,,2026
verified_screening,16,random,2.608283281326294,0.004316283553635003,5,,,,,,2026
verified_screening,16,shuffled,1.048837661743164,0.0006084235938033089,5,,,,,,2026
verified_screening,16,perturb_0.25sigma,1.8255658149719238,0.0024625068035675213,5,,,,,,2026
verified_screening,16,perturb_0.5sigma,1.9187705516815186,0.00217254513700027,5,,,,,,2026
verified_screening,16,perturb_1sigma,1.5230481624603271,0.006710423913318664,5,,,,,,2026
verified_screening,16,perturb_2sigma,1.6367082595825195,0.00287900616240222,5,,,,,,2026
verified_screening,17,supervised,1.542067050933838,0.001613485481357202,5,,,,,,2026
verified_screening,17,actor,1.542067050933838,0.001613485481357202,5,,,,,,2026
verified_screening,17,zero,1.2749557495117188,0.0048980100837070495,5,,,,,,2026
verified_screening,17,random,1.0480068922042847,0.0048666093207430094,5,,,,,,2026
verified_screening,17,shuffled,0.7566696405410767,-0.0001703169837128371,5,,,,,,2026
verified_screening,17,perturb_0.25sigma,1.2732510566711426,0.0028556526340253185,5,,,,,,2026
verified_screening,17,perturb_0.5sigma,1.6331263780593872,0.001419250162143726,5,,,,,,2026
verified_screening,17,perturb_1sigma,1.361607313156128,0.005179688159842044,5,,,,,,2026
verified_screening,17,perturb_2sigma,2.0774035453796387,0.0035417010440141894,5,,,,,,2026
verified_screening,18,supervised,1.0778183937072754,0.0011071335175074637,5,,,,,,2026
verified_screening,18,actor,1.0778183937072754,0.0011071335175074637,5,,,,,,2026
verified_screening,18,zero,0.6141971349716187,0.00447430502390489,5,,,,,,2026
verified_screening,18,random,1.7951159477233887,0.00451766382320784,5,,,,,,2026
verified_screening,18,shuffled,0.11713598668575287,-0.0009019777644425631,5,,,,,,2026
verified_screening,18,perturb_0.25sigma,1.800295352935791,0.001499697653343901,5,,,,,,2026
verified_screening,18,perturb_0.5sigma,1.3782598972320557,0.0011415790941100568,5,,,,,,2026
verified_screening,18,perturb_1sigma,2.172252893447876,0.00331633651512675,5,,,,,,2026
verified_screening,18,perturb_2sigma,0.809653639793396,0.0006223094242159277,5,,,,,,2026
verified_screening,19,supervised,0.5326067209243774,0.0006287679425440729,5,,,,,,2026
verified_screening,19,actor,0.5326067209243774,0.0006287679425440729,5,,,,,,2026
verified_screening,19,zero,0.04088814556598663,0.003940974827855825,5,,,,,,2026
verified_screening,19,random,-0.32086730003356934,0.0002566890907473862,5,,,,,,2026
verified_screening,19,shuffled,-0.4368084669113159,-0.001734555815346539,5,,,,,,2026
verified_screening,19,perturb_0.25sigma,0.27850061655044556,0.0017843951936811209,5,,,,,,2026
verified_screening,19,perturb_0.5sigma,0.08730639517307281,0.004587581846863031,5,,,,,,2026
verified_screening,19,perturb_1sigma,1.6074180603027344,0.0021549523808062077,5,,,,,,2026
verified_screening,19,perturb_2sigma,1.944303274154663,0.0022504671942442656,5,,,,,,2026
verified_screening,20,supervised,1.8684945106506348,0.06452241819351912,5,,,,,,2026
verified_screening,20,actor,1.8684945106506348,0.06452241819351912,5,,,,,,2026
verified_screening,20,zero,1.7065443992614746,0.06428766064345837,5,,,,,,2026
verified_screening,20,random,2.070557117462158,0.06410659290850163,5,,,,,,2026
verified_screening,20,shuffled,1.5709900856018066,0.06362710148096085,5,,,,,,2026
verified_screening,20,perturb_0.25sigma,1.9671621322631836,0.06447210162878036,5,,,,,,2026
verified_screening,20,perturb_0.5sigma,1.8698674440383911,0.06451769452542067,5,,,,,,2026
verified_screening,20,perturb_1sigma,2.347673177719116,0.06335677113384008,5,,,,,,2026
verified_screening,20,perturb_2sigma,1.9288945198059082,0.0593665512278676,5,,,,,,2026
verified_screening,21,supervised,1.7921640872955322,0.05303541850298643,5,,,,,,2026
verified_screening,21,actor,1.7921640872955322,0.05303541850298643,5,,,,,,2026
verified_screening,21,zero,1.6207866668701172,0.05300509091466665,5,,,,,,2026
verified_screening,21,random,1.9738705158233643,0.04950980842113495,5,,,,,,2026
verified_screening,21,shuffled,1.4826221466064453,0.0527622839435935,5,,,,,,2026
verified_screening,21,perturb_0.25sigma,1.6734907627105713,0.05300505831837654,5,,,,,,2026
verified_screening,21,perturb_0.5sigma,1.676332950592041,0.05310220178216696,5,,,,,,2026
verified_screening,21,perturb_1sigma,0.9804344177246094,0.04677698481827974,5,,,,,,2026
verified_screening,21,perturb_2sigma,2.085930109024048,0.049376437440514565,5,,,,,,2026
verified_screening,22,supervised,1.6024196147918701,0.040793703868985176,5,,,,,,2026
verified_screening,22,actor,1.6024196147918701,0.040793703868985176,5,,,,,,2026
verified_screening,22,zero,1.433426856994629,0.04101510997861624,5,,,,,,2026
verified_screening,22,random,0.8678722977638245,0.03776146564632654,5,,,,,,2026
verified_screening,22,shuffled,1.2889611721038818,0.041149052791297436,5,,,,,,2026
verified_screening,22,perturb_0.25sigma,1.552459955215454,0.04078425467014313,5,,,,,,2026
verified_screening,22,perturb_0.5sigma,2.2185635566711426,0.04001164808869362,5,,,,,,2026
verified_screening,22,perturb_1sigma,0.8757927417755127,0.03717365954071283,5,,,,,,2026
verified_screening,22,perturb_2sigma,1.6957730054855347,0.04024023003876209,5,,,,,,2026
verified_screening,23,supervised,1.2191683053970337,0.027857312932610512,5,,,,,,2026
verified_screening,23,actor,1.2191683053970337,0.027857312932610512,5,,,,,,2026
verified_screening,23,zero,1.0898289680480957,0.02832531090825796,5,,,,,,2026
verified_screening,23,random,0.6246304512023926,0.027001406997442245,5,,,,,,2026
verified_screening,23,shuffled,0.9657459259033203,0.028730335645377636,5,,,,,,2026
verified_screening,23,perturb_0.25sigma,1.057602882385254,0.027842420153319836,5,,,,,,2026
verified_screening,23,perturb_0.5sigma,1.1815133094787598,0.02516653947532177,5,,,,,,2026
verified_screening,23,perturb_1sigma,0.11521397531032562,0.015115462607354857,5,,,,,,2026
verified_screening,23,perturb_2sigma,-0.007287219166755676,0.013879591482691467,5,,,,,,2026
verified_screening,24,supervised,0.4144846200942993,0.014260920695960522,5,,,,,,2026
verified_screening,24,actor,0.4144846200942993,0.014260920695960522,5,,,,,,2026
verified_screening,24,zero,0.3766418695449829,0.014908958226442337,5,,,,,,2026
verified_screening,24,random,0.7415348291397095,0.014099447056651115,5,,,,,,2026
verified_screening,24,shuffled,0.2911125421524048,0.015403399243950844,5,,,,,,2026
verified_screening,24,perturb_0.25sigma,0.10550960898399353,0.014230114407837391,5,,,,,,2026
verified_screening,24,perturb_0.5sigma,0.47475099563598633,0.01141948439180851,5,,,,,,2026
verified_screening,24,perturb_1sigma,-0.17642386257648468,0.012045957148075104,5,,,,,,2026
verified_screening,24,perturb_2sigma,-0.3046867847442627,0.011369063518941402,5,,,,,,2026
verified_screening,25,supervised,1.8684945106506348,0.06452241819351912,5,,,,,,2026
verified_screening,25,actor,1.8684945106506348,0.06452241819351912,5,,,,,,2026
verified_screening,25,zero,1.7065443992614746,0.06428766064345837,5,,,,,,2026
verified_screening,25,random,2.349459409713745,0.06348473485559225,5,,,,,,2026
verified_screening,25,shuffled,1.5709900856018066,0.06362710148096085,5,,,,,,2026
verified_screening,25,perturb_0.25sigma,1.937134027481079,0.06455676723271608,5,,,,,,2026
verified_screening,25,perturb_0.5sigma,1.6705267429351807,0.06406265683472157,5,,,,,,2026
verified_screening,25,perturb_1sigma,1.7279305458068848,0.06437014415860176,5,,,,,,2026
verified_screening,25,perturb_2sigma,0.962881326675415,0.05339717247989029,5,,,,,,2026
verified_screening,26,supervised,2.287652015686035,0.05417247861623764,5,,,,,,2026
verified_screening,26,actor,2.287652015686035,0.05417247861623764,5,,,,,,2026
verified_screening,26,zero,2.045222520828247,0.05411237012594938,5,,,,,,2026
verified_screening,26,random,2.2217187881469727,0.05393251869827509,5,,,,,,2026
verified_screening,26,shuffled,1.8311457633972168,0.05376513674855232,5,,,,,,2026
verified_screening,26,perturb_0.25sigma,2.2451066970825195,0.05422002822160721,5,,,,,,2026
verified_screening,26,perturb_0.5sigma,2.2828493118286133,0.052775644697248936,5,,,,,,2026
verified_screening,26,perturb_1sigma,1.2972921133041382,0.04584874678403139,5,,,,,,2026
verified_screening,26,perturb_2sigma,1.2084100246429443,0.04860091209411621,5,,,,,,2026
verified_screening,27,supervised,2.2761666774749756,0.042283326387405396,5,,,,,,2026
verified_screening,27,actor,2.2761666774749756,0.042283326387405396,5,,,,,,2026
verified_screening,27,zero,2.0392873287200928,0.042453340254724026,5,,,,,,2026
verified_screening,27,random,1.2049148082733154,0.038729896768927574,5,,,,,,2026
verified_screening,27,shuffled,1.8105714321136475,0.04246245324611664,5,,,,,,2026
verified_screening,27,perturb_0.25sigma,2.216165065765381,0.042313192039728165,5,,,,,,2026
verified_screening,27,perturb_0.5sigma,2.2766880989074707,0.04155642446130514,5,,,,,,2026
verified_screening,27,perturb_1sigma,2.1468074321746826,0.041127012111246586,5,,,,,,2026
verified_screening,27,perturb_2sigma,0.8380985856056213,0.036420855671167374,5,,,,,,2026
verified_screening,28,supervised,1.8989086151123047,0.02930501289665699,5,,,,,,2026
verified_screening,28,actor,1.8989086151123047,0.02930501289665699,5,,,,,,2026
verified_screening,28,zero,1.6611487865447998,0.029694654047489166,5,,,,,,2026
verified_screening,28,random,0.45734894275665283,0.023615841753780842,5,,,,,,2026
verified_screening,28,shuffled,1.4367461204528809,0.029927410185337067,5,,,,,,2026
verified_screening,28,perturb_0.25sigma,1.5282915830612183,0.027793693356215954,5,,,,,,2026
verified_screening,28,perturb_0.5sigma,2.181974172592163,0.029150664806365967,5,,,,,,2026
verified_screening,28,perturb_1sigma,1.2934833765029907,0.028464585542678833,5,,,,,,2026
verified_screening,28,perturb_2sigma,0.3272438645362854,0.022818640805780888,5,,,,,,2026
verified_screening,29,supervised,1.1511567831039429,0.015080063603818417,5,,,,,,2026
verified_screening,29,actor,1.1511567831039429,0.015080063603818417,5,,,,,,2026
verified_screening,29,zero,0.9379415512084961,0.015665018931031227,5,,,,,,2026
verified_screening,29,random,0.1767546683549881,0.013625716790556908,5,,,,,,2026
verified_screening,29,shuffled,0.7139154076576233,0.015994500368833542,5,,,,,,2026
verified_screening,29,perturb_0.25sigma,1.468061089515686,0.014967216178774834,5,,,,,,2026
verified_screening,29,perturb_0.5sigma,0.9921647906303406,0.014029983431100845,5,,,,,,2026
verified_screening,29,perturb_1sigma,0.7662386298179626,0.014707395806908607,5,,,,,,2026
verified_screening,29,perturb_2sigma,0.3471749424934387,0.013453437015414238,5,,,,,,2026
verified_screening,30,supervised,2.2161829471588135,0.005361930183426011,5,,,,,,2026
verified_screening,30,actor,2.2161829471588135,0.005361930183426011,5,,,,,,2026
verified_screening,30,zero,1.8259998559951782,0.007250060938531533,5,,,,,,2026
verified_screening,30,random,1.4103124141693115,0.0037501537008211017,5,,,,,,2026
verified_screening,30,shuffled,1.2345843315124512,0.002985457016620785,5,,,,,,2026
verified_screening,30,perturb_0.25sigma,2.2608630657196045,0.004994696864741854,5,,,,,,2026
verified_screening,30,perturb_0.5sigma,2.0377347469329834,0.007354703469900414,5,,,,,,2026
verified_screening,30,perturb_1sigma,2.5841612815856934,0.0059674181684385985,5,,,,,,2026
verified_screening,30,perturb_2sigma,2.379729986190796,0.006333649645966943,5,,,,,,2026
verified_screening,31,supervised,1.9714949131011963,0.003924870252376422,5,,,,,,2026
verified_screening,31,actor,1.9714949131011963,0.003924870252376422,5,,,,,,2026
verified_screening,31,zero,1.6330355405807495,0.0061940321465954185,5,,,,,,2026
verified_screening,31,random,2.0494768619537354,0.006247782468562946,5,,,,,,2026
verified_screening,31,shuffled,1.0336135625839233,0.0016484713996760547,5,,,,,,2026
verified_screening,31,perturb_0.25sigma,1.7049646377563477,0.005239937541773543,5,,,,,,2026
verified_screening,31,perturb_0.5sigma,1.7222074270248413,0.0054937287350185215,5,,,,,,2026
verified_screening,31,perturb_1sigma,2.2695257663726807,0.003140411077765748,5,,,,,,2026
verified_screening,31,perturb_2sigma,1.760890007019043,0.009345299215056002,5,,,,,,2026
verified_screening,32,supervised,1.628224492073059,0.002803877054248005,5,,,,,,2026
verified_screening,32,actor,1.628224492073059,0.002803877054248005,5,,,,,,2026
verified_screening,32,zero,1.2546074390411377,0.005327054182998836,5,,,,,,2026
verified_screening,32,random,1.042511224746704,0.00446269492385909,5,,,,,,2026
verified_screening,32,shuffled,0.7547292709350586,0.000499164976645261,5,,,,,,2026
verified_screening,32,perturb_0.25sigma,2.3904573917388916,0.0027267911355011165,5,,,,,,2026
verified_screening,32,perturb_0.5sigma,2.572767496109009,0.0027147764922119677,5,,,,,,2026
verified_screening,32,perturb_1sigma,1.4182524681091309,0.005973509716568515,5,,,,,,2026
verified_screening,32,perturb_2sigma,2.124476432800293,0.0036080183926969767,5,,,,,,2026
verified_screening,33,supervised,1.1503657102584839,0.0018749848823063076,5,,,,,,2026
verified_screening,33,actor,1.1503657102584839,0.0018749848823063076,5,,,,,,2026
verified_screening,33,zero,0.5973610877990723,0.004519295413047075,5,,,,,,2026
verified_screening,33,random,1.7361196279525757,0.00460630125598982,5,,,,,,2026
verified_screening,33,shuffled,0.11819399893283844,-0.0005884142592549324,5,,,,,,2026
verified_screening,33,perturb_0.25sigma,1.338228464126587,0.0016449172399006784,5,,,,,,2026
verified_screening,33,perturb_0.5sigma,1.2750332355499268,0.0018239167984575033,5,,,,,,2026
verified_screening,33,perturb_1sigma,1.55117666721344,0.0021017006947658956,5,,,,,,2026
verified_screening,33,perturb_2sigma,0.37893474102020264,0.003248503489885479,5,,,,,,2026
verified_screening,34,supervised,0.5796019434928894,0.0009933699620887637,5,,,,,,2026
verified_screening,34,actor,0.5796019434928894,0.0009933699620887637,5,,,,,,2026
verified_screening,34,zero,0.02072666585445404,0.0036337459459900856,5,,,,,,2026
verified_screening,34,random,-0.2268291413784027,0.0013086011167615652,5,,,,,,2026
verified_screening,34,shuffled,-0.4452442526817322,-0.00174524390604347,5,,,,,,2026
verified_screening,34,perturb_0.25sigma,0.4523412585258484,0.0010146780405193567,5,,,,,,2026
verified_screening,34,perturb_0.5sigma,0.22958184778690338,0.0015536319697275758,5,,,,,,2026
verified_screening,34,perturb_1sigma,0.07895143330097198,0.0037402010057121515,5,,,,,,2026
verified_screening,34,perturb_2sigma,0.025940939784049988,0.0045624226331710815,5,,,,,,2026
verified_screening,35,supervised,2.1876189708709717,0.031511797569692135,5,,,,,,2026
verified_screening,35,actor,2.1876189708709717,0.031511797569692135,5,,,,,,2026
verified_screening,35,zero,1.5843111276626587,0.02600193565012887,5,,,,,,2026
verified_screening,35,random,1.5585893392562866,0.025886875053402036,5,,,,,,2026
verified_screening,35,shuffled,0.9659178256988525,0.024682029092218727,5,,,,,,2026
verified_screening,35,perturb_0.25sigma,2.1358354091644287,0.03151795780286193,5,,,,,,2026
verified_screening,35,perturb_0.5sigma,2.1284196376800537,0.031520800199359655,5,,,,,,2026
verified_screening,35,perturb_1sigma,2.206212282180786,0.031511679757386446,5,,,,,,2026
verified_screening,35,perturb_2sigma,2.207761287689209,0.030582361854612827,5,,,,,,2026
verified_screening,36,supervised,2.174791097640991,0.025352986995130777,5,,,,,,2026
verified_screening,36,actor,2.174791097640991,0.025352986995130777,5,,,,,,2026
verified_screening,36,zero,1.4402517080307007,0.019806555937975645,5,,,,,,2026
verified_screening,36,random,1.3493938446044922,0.019640740531031042,5,,,,,,2026
verified_screening,36,shuffled,0.9233055114746094,0.018445541616529226,5,,,,,,2026
verified_screening,36,perturb_0.25sigma,2.165257453918457,0.025352157186716795,5,,,,,,2026
verified_screening,36,perturb_0.5sigma,2.2746875286102295,0.02524909470230341,5,,,,,,2026
verified_screening,36,perturb_1sigma,2.2002758979797363,0.025336166843771935,5,,,,,,2026
verified_screening,36,perturb_2sigma,2.085092782974243,0.0253487229347229,5,,,,,,2026
verified_screening,37,supervised,2.095914602279663,0.019110658671706915,5,,,,,,2026
verified_screening,37,actor,2.095914602279663,0.019110658671706915,5,,,,,,2026
verified_screening,37,zero,1.1973687410354614,0.013537131017073989,5,,,,,,2026
verified_screening,37,random,0.9300429821014404,0.01286226770025678,5,,,,,,2026
verified_screening,37,shuffled,0.8156235218048096,0.012140375387389213,5,,,,,,2026
verified_screening,37,perturb_0.25sigma,2.0922040939331055,0.01910757878795266,5,,,,,,2026
verified_screening,37,perturb_0.5sigma,1.94913649559021,0.019081400707364082,5,,,,,,2026
verified_screening,37,perturb_1sigma,1.976468563079834,0.01907772896811366,5,,,,,,2026
verified_screening,37,perturb_2sigma,2.2026665210723877,0.018823962192982435,5,,,,,,2026
verified_screening,38,supervised,1.8775758743286133,0.012796901166439056,5,,,,,,2026
verified_screening,38,actor,1.8775758743286133,0.012796901166439056,5,,,,,,2026
verified_screening,38,zero,0.7721068263053894,0.007205394271295518,5,,,,,,2026
verified_screening,38,random,0.5816619396209717,0.006883741705678403,5,,,,,,2026
verified_screening,38,shuffled,0.43203622102737427,0.005781786283478141,5,,,,,,2026
verified_screening,38,perturb_0.25sigma,1.9137578010559082,0.012786122038960457,5,,,,,,2026
verified_screening,38,perturb_0.5sigma,2.0159566402435303,0.01276420895010233,5,,,,,,2026
verified_screening,38,perturb_1sigma,1.856633186340332,0.012776407413184643,5,,,,,,2026
verified_screening,38,perturb_2sigma,1.6492547988891602,0.012740993406623602,5,,,,,,2026
verified_screening,39,supervised,1.3896393775939941,0.006428536493331194,5,,,,,,2026
verified_screening,39,actor,1.3896393775939941,0.006428536493331194,5,,,,,,2026
verified_screening,39,zero,0.20567165315151215,0.0008182196179404855,5,,,,,,2026
verified_screening,39,random,0.5363825559616089,0.001300746574997902,5,,,,,,2026
verified_screening,39,shuffled,-0.15601931512355804,-0.0006264543044380844,5,,,,,,2026
verified_screening,39,perturb_0.25sigma,1.3707048892974854,0.006431615445762873,5,,,,,,2026
verified_screening,39,perturb_0.5sigma,1.1975195407867432,0.006399400066584349,5,,,,,,2026
verified_screening,39,perturb_1sigma,1.6389732360839844,0.006376067642122507,5,,,,,,2026
verified_screening,39,perturb_2sigma,1.0549136400222778,0.006415269337594509,5,,,,,,2026
verified_screening,40,supervised,2.390510320663452,0.026679894421249628,5,,,,,,2026
verified_screening,40,actor,2.390510320663452,0.026679894421249628,5,,,,,,2026
verified_screening,40,zero,1.7052898406982422,0.022793274372816086,5,,,,,,2026
verified_screening,40,random,2.323982000350952,0.02138303534593433,5,,,,,,2026
verified_screening,40,shuffled,1.089299201965332,0.019615214900113642,5,,,,,,2026
verified_screening,40,perturb_0.25sigma,2.3323252201080322,0.026635206304490566,5,,,,,,2026
verified_screening,40,perturb_0.5sigma,2.49153208732605,0.026147644501179457,5,,,,,,2026
verified_screening,40,perturb_1sigma,2.4655752182006836,0.027634503785520792,5,,,,,,2026
verified_screening,40,perturb_2sigma,1.8619720935821533,0.022883289959281683,5,,,,,,2026
verified_screening,41,supervised,2.3896682262420654,0.02146410383284092,5,,,,,,2026
verified_screening,41,actor,2.3896682262420654,0.02146410383284092,5,,,,,,2026
verified_screening,41,zero,1.5365734100341797,0.01771133323200047,5,,,,,,2026
verified_screening,41,random,2.563141345977783,0.017187767778523266,5,,,,,,2026
verified_screening,41,shuffled,0.9716854095458984,0.014396009617485106,5,,,,,,2026
verified_screening,41,perturb_0.25sigma,2.300194025039673,0.022363725118339062,5,,,,,,2026
verified_screening,41,perturb_0.5sigma,2.2360100746154785,0.02349893469363451,5,,,,,,2026
verified_screening,41,perturb_1sigma,2.5627601146698,0.01964254444465041,5,,,,,,2026
verified_screening,41,perturb_2sigma,2.5631558895111084,0.02014266001060605,5,,,,,,2026
verified_screening,42,supervised,2.2733309268951416,0.01620060857385397,5,,,,,,2026
verified_screening,42,actor,2.2733309268951416,0.01620060857385397,5,,,,,,2026
verified_screening,42,zero,1.2117516994476318,0.012574908323585987,5,,,,,,2026
verified_screening,42,random,0.922964334487915,0.010851577389985323,5,,,,,,2026
verified_screening,42,shuffled,0.7921712398529053,0.009117182926274836,5,,,,,,2026
verified_screening,42,perturb_0.25sigma,2.460383653640747,0.015829619951546192,5,,,,,,2026
verified_screening,42,perturb_0.5sigma,2.6356985569000244,0.014907976146787405,5,,,,,,2026
verified_screening,42,perturb_1sigma,1.6629490852355957,0.01933300169184804,5,,,,,,2026
verified_screening,42,perturb_2sigma,1.501301646232605,0.020537173375487328,5,,,,,,2026
verified_screening,43,supervised,1.9134743213653564,0.010837609879672527,5,,,,,,2026
verified_screening,43,actor,1.9134743213653564,0.010837609879672527,5,,,,,,2026
verified_screening,43,zero,0.6460214257240295,0.00738519593141973,5,,,,,,2026
verified_screening,43,random,0.5762399435043335,0.007169507094658911,5,,,,,,2026
verified_screening,43,shuffled,0.257205069065094,0.003789092181250453,5,,,,,,2026
verified_screening,43,perturb_0.25sigma,1.8619892597198486,0.011513149365782738,5,,,,,,2026
verified_screening,43,perturb_0.5sigma,2.648707628250122,0.00950935808941722,5,,,,,,2026
verified_screening,43,perturb_1sigma,1.4594054222106934,0.013090535067021847,5,,,,,,2026
verified_screening,43,perturb_2sigma,0.7396554350852966,0.007592187961563468,5,,,,,,2026
verified_screening,44,supervised,1.2372537851333618,0.005402624607086182,5,,,,,,2026
verified_screening,44,actor,1.2372537851333618,0.005402624607086182,5,,,,,,2026
verified_screening,44,zero,0.03200717270374298,0.0021800475660711527,5,,,,,,2026
verified_screening,44,random,0.5261874198913574,0.0025778613053262234,5,,,,,,2026
verified_screening,44,shuffled,-0.36425769329071045,-0.0015473897801712155,5,,,,,,2026
verified_screening,44,perturb_0.25sigma,1.210078239440918,0.004606130067259073,5,,,,,,2026
verified_screening,44,perturb_0.5sigma,0.5634775757789612,0.008187313564121723,5,,,,,,2026
verified_screening,44,perturb_1sigma,0.22665418684482574,0.0023936626967042685,5,,,,,,2026
verified_screening,44,perturb_2sigma,0.8265989422798157,0.0022067022509872913,5,,,,,,2026
verified_screening,45,supervised,1.7565853595733643,0.057654294185340405,5,,,,,,2026
verified_screening,45,actor,1.7565853595733643,0.057654294185340405,5,,,,,,2026
verified_screening,45,zero,1.964811086654663,0.0587315671145916,5,,,,,,2026
verified_screening,45,random,2.4856767654418945,0.057803817093372345,5,,,,,,2026
verified_screening,45,shuffled,2.283421754837036,0.05841442942619324,5,,,,,,2026
verified_screening,45,perturb_0.25sigma,1.9866621494293213,0.058701541274785995,5,,,,,,2026
verified_screening,45,perturb_0.5sigma,1.7019197940826416,0.05718078836798668,5,,,,,,2026
verified_screening,45,perturb_1sigma,1.5020265579223633,0.049759320449084044,5,,,,,,2026
verified_screening,45,perturb_2sigma,1.2192318439483643,0.04973295098170638,5,,,,,,2026
verified_screening,46,supervised,1.582866907119751,0.04776659235358238,5,,,,,,2026
verified_screening,46,actor,1.582866907119751,0.04776659235358238,5,,,,,,2026
verified_screening,46,zero,1.8780734539031982,0.04888472240418196,5,,,,,,2026
verified_screening,46,random,0.9899876117706299,0.04091706778854132,5,,,,,,2026
verified_screening,46,shuffled,2.3595075607299805,0.0481429249048233,5,,,,,,2026
verified_screening,46,perturb_0.25sigma,1.5226967334747314,0.04728286899626255,5,,,,,,2026
verified_screening,46,perturb_0.5sigma,1.5491077899932861,0.04754254221916199,5,,,,,,2026
verified_screening,46,perturb_1sigma,0.982211709022522,0.04089020565152168,5,,,,,,2026
verified_screening,46,perturb_2sigma,1.0228583812713623,0.04077131487429142,5,,,,,,2026
verified_screening,47,supervised,1.2245266437530518,0.03705543465912342,5,,,,,,2026
verified_screening,47,actor,1.2245266437530518,0.03705543465912342,5,,,,,,2026
verified_screening,47,zero,1.6448190212249756,0.03824339061975479,5,,,,,,2026
verified_screening,47,random,1.1913985013961792,0.037186793982982635,5,,,,,,2026
verified_screening,47,shuffled,1.764542579650879,0.03682592883706093,5,,,,,,2026
verified_screening,47,perturb_0.25sigma,1.4404512643814087,0.03778837528079748,5,,,,,,2026
verified_screening,47,perturb_0.5sigma,1.1549181938171387,0.03638105560094118,5,,,,,,2026
verified_screening,47,perturb_1sigma,0.8289068937301636,0.03388773184269667,5,,,,,,2026
verified_screening,47,perturb_2sigma,0.5745049715042114,0.026162412541452795,5,,,,,,2026
verified_screening,48,supervised,0.6522519588470459,0.025547013618052006,5,,,,,,2026
verified_screening,48,actor,0.6522519588470459,0.025547013618052006,5,,,,,,2026
verified_screening,48,zero,1.1738299131393433,0.026780621148645878,5,,,,,,2026
verified_screening,48,random,1.514648199081421,0.026369541883468628,5,,,,,,2026
verified_screening,48,shuffled,0.9254341721534729,0.02440622355788946,5,,,,,,2026
verified_screening,48,perturb_0.25sigma,1.3084721565246582,0.026455801911652088,5,,,,,,2026
verified_screening,48,perturb_0.5sigma,1.469719648361206,0.02631385065615177,5,,,,,,2026
verified_screening,48,perturb_1sigma,0.49083924293518066,0.023764660581946373,5,,,,,,2026
verified_screening,48,perturb_2sigma,-0.1812901794910431,0.010097803082317114,5,,,,,,2026
verified_screening,49,supervised,-0.13217078149318695,0.01322207786142826,5,,,,,,2026
verified_screening,49,actor,-0.13217078149318695,0.01322207786142826,5,,,,,,2026
verified_screening,49,zero,0.24793504178524017,0.014398778788745403,5,,,,,,2026
verified_screening,49,random,0.25451552867889404,0.01109155360609293,5,,,,,,2026
verified_screening,49,shuffled,0.14086169004440308,0.010808451101183891,5,,,,,,2026
verified_screening,49,perturb_0.25sigma,-0.21227093040943146,0.01058913953602314,5,,,,,,2026
verified_screening,49,perturb_0.5sigma,-0.23100601136684418,0.010158034972846508,5,,,,,,2026
verified_screening,49,perturb_1sigma,-0.30344158411026,0.002719955751672387,5,,,,,,2026
verified_screening,49,perturb_2sigma,-0.07452996075153351,0.008122939616441727,5,,,,,,2026
verified_screening,50,supervised,1.7565853595733643,0.057654294185340405,5,,,,,,2026
verified_screening,50,actor,1.7565853595733643,0.057654294185340405,5,,,,,,2026
verified_screening,50,zero,1.964811086654663,0.0587315671145916,5,,,,,,2026
verified_screening,50,random,1.274245262145996,0.05099484138190746,5,,,,,,2026
verified_screening,50,shuffled,2.283421754837036,0.05841442942619324,5,,,,,,2026
verified_screening,50,perturb_0.25sigma,1.5654716491699219,0.05591303203254938,5,,,,,,2026
verified_screening,50,perturb_0.5sigma,1.5221879482269287,0.05548579338937998,5,,,,,,2026
verified_screening,50,perturb_1sigma,1.2668753862380981,0.05080227926373482,5,,,,,,2026
verified_screening,50,perturb_2sigma,1.444939374923706,0.054512590169906616,5,,,,,,2026
verified_screening,51,supervised,1.9812099933624268,0.047996788285672665,5,,,,,,2026
verified_screening,51,actor,1.9812099933624268,0.047996788285672665,5,,,,,,2026
verified_screening,51,zero,2.391634225845337,0.049109237268567085,5,,,,,,2026
verified_screening,51,random,1.5984306335449219,0.04483088944107294,5,,,,,,2026
verified_screening,51,shuffled,2.337311267852783,0.0485300412401557,5,,,,,,2026
verified_screening,51,perturb_0.25sigma,2.144615650177002,0.04856529459357262,5,,,,,,2026
verified_screening,51,perturb_0.5sigma,1.2382477521896362,0.04193200543522835,5,,,,,,2026
verified_screening,51,perturb_1sigma,1.1361981630325317,0.04052262660115957,5,,,,,,2026
verified_screening,51,perturb_2sigma,2.4230239391326904,0.048856284469366074,5,,,,,,2026
verified_screening,52,supervised,1.9829514026641846,0.037072211503982544,5,,,,,,2026
verified_screening,52,actor,1.9829514026641846,0.037072211503982544,5,,,,,,2026
verified_screening,52,zero,2.4571027755737305,0.03821989521384239,5,,,,,,2026
verified_screening,52,random,1.0623652935028076,0.03192503843456507,5,,,,,,2026
verified_screening,52,shuffled,1.7008721828460693,0.036992913112044334,5,,,,,,2026
verified_screening,52,perturb_0.25sigma,2.5693798065185547,0.03805413097143173,5,,,,,,2026
verified_screening,52,perturb_0.5sigma,1.4148398637771606,0.03476961050182581,5,,,,,,2026
verified_screening,52,perturb_1sigma,0.7561700344085693,0.024364768527448177,5,,,,,,2026
verified_screening,52,perturb_2sigma,1.8371260166168213,0.036215079948306084,5,,,,,,2026
verified_screening,53,supervised,1.6648433208465576,0.02547947410494089,5,,,,,,2026
verified_screening,53,actor,1.6648433208465576,0.02547947410494089,5,,,,,,2026
verified_screening,53,zero,1.90159273147583,0.026717565022408962,5,,,,,,2026
verified_screening,53,random,0.42686527967453003,0.01117225899361074,5,,,,,,2026
verified_screening,53,shuffled,1.0928122997283936,0.02474972140043974,5,,,,,,2026
verified_screening,53,perturb_0.25sigma,1.9894068241119385,0.026069906540215015,5,,,,,,2026
verified_screening,53,perturb_0.5sigma,0.9270278215408325,0.02220624964684248,5,,,,,,2026
verified_screening,53,perturb_1sigma,2.039342164993286,0.026129189878702164,5,,,,,,2026
verified_screening,53,perturb_2sigma,1.1013225317001343,0.024730177596211433,5,,,,,,2026
verified_screening,54,supervised,0.8585821986198425,0.012985353358089924,5,,,,,,2026
verified_screening,54,actor,0.8585821986198425,0.012985353358089924,5,,,,,,2026
verified_screening,54,zero,1.073148488998413,0.014282559044659138,5,,,,,,2026
verified_screening,54,random,-0.09133780747652054,0.00015147081285249442,5,,,,,,2026
verified_screening,54,shuffled,0.31038305163383484,0.01132696121931076,5,,,,,,2026
verified_screening,54,perturb_0.25sigma,1.5597684383392334,0.013730179518461227,5,,,,,,2026
verified_screening,54,perturb_0.5sigma,0.4278573989868164,0.011319372802972794,5,,,,,,2026
verified_screening,54,perturb_1sigma,0.22156770527362823,0.009058337658643723,5,,,,,,2026
verified_screening,54,perturb_2sigma,0.12291919440031052,0.008755939081311226,5,,,,,,2026
verified_screening,55,supervised,1.1188567876815796,0.11461752094328403,5,,,,,,2026
verified_screening,55,actor,1.1188567876815796,0.11461752094328403,5,,,,,,2026
verified_screening,55,zero,0.00710480660200119,0.10526287415996194,5,,,,,,2026
verified_screening,55,random,-0.08831758052110672,0.09579522768035531,5,,,,,,2026
verified_screening,55,shuffled,-0.24790579080581665,0.0827980893664062,5,,,,,,2026
verified_screening,55,perturb_0.25sigma,1.0984888076782227,0.11492527090013027,5,,,,,,2026
verified_screening,55,perturb_0.5sigma,0.8632184267044067,0.10275964252650738,5,,,,,,2026
verified_screening,55,perturb_1sigma,0.6075727939605713,0.1179936733096838,5,,,,,,2026
verified_screening,55,perturb_2sigma,0.4937134385108948,0.08361189253628254,5,,,,,,2026
verified_screening,56,supervised,1.0702937841415405,0.10337607003748417,5,,,,,,2026
verified_screening,56,actor,1.0702937841415405,0.10337607003748417,5,,,,,,2026
verified_screening,56,zero,-0.2821413278579712,0.08387251570820808,5,,,,,,2026
verified_screening,56,random,-0.4792022109031677,0.05971220997162163,5,,,,,,2026
verified_screening,56,shuffled,-0.5501978397369385,0.055960119934752584,5,,,,,,2026
verified_screening,56,perturb_0.25sigma,1.090900182723999,0.10406138375401497,5,,,,,,2026
verified_screening,56,perturb_0.5sigma,1.0931936502456665,0.10659413412213326,5,,,,,,2026
verified_screening,56,perturb_1sigma,0.8179137110710144,0.09008292853832245,5,,,,,,2026
verified_screening,56,perturb_2sigma,0.9064235687255859,0.1078178882598877,5,,,,,,2026
verified_screening,57,supervised,1.0135661363601685,0.08883950673043728,5,,,,,,2026
verified_screening,57,actor,1.0135661363601685,0.08883950673043728,5,,,,,,2026
verified_screening,57,zero,-0.6137229204177856,0.04995775246061385,5,,,,,,2026
verified_screening,57,random,-0.7792820930480957,0.028543719090521336,5,,,,,,2026
verified_screening,57,shuffled,-0.9114516377449036,0.01368003967218101,5,,,,,,2026
verified_screening,57,perturb_0.25sigma,0.9999586939811707,0.08806398138403893,5,,,,,,2026
verified_screening,57,perturb_0.5sigma,0.8926764130592346,0.08432057313621044,5,,,,,,2026
verified_screening,57,perturb_1sigma,0.559173047542572,0.08953921124339104,5,,,,,,2026
verified_screening,57,perturb_2sigma,-0.9763396978378296,0.011069748783484101,5,,,,,,2026
verified_screening,58,supervised,0.9430915713310242,0.0685780867934227,5,,,,,,2026
verified_screening,58,actor,0.9430915713310242,0.0685780867934227,5,,,,,,2026
verified_screening,58,zero,-1.0009889602661133,-0.013832600554451346,5,,,,,,2026
verified_screening,58,random,-0.8143163919448853,0.01351131871342659,5,,,,,,2026
verified_screening,58,shuffled,-1.283721685409546,-0.06357178464531898,5,,,,,,2026
verified_screening,58,perturb_0.25sigma,0.9026493430137634,0.0645920168608427,5,,,,,,2026
verified_screening,58,perturb_0.5sigma,0.2766402065753937,0.061890512239187956,5,,,,,,2026
verified_screening,58,perturb_1sigma,0.7444294691085815,0.0642147846519947,5,,,,,,2026
verified_screening,58,perturb_2sigma,-1.3858962059020996,-0.06311863660812378,5,,,,,,2026
verified_screening,59,supervised,0.7003401517868042,0.03709385171532631,5,,,,,,2026
verified_screening,59,actor,0.7003401517868042,0.03709385171532631,5,,,,,,2026
verified_screening,59,zero,-1.3540560007095337,-0.16042833030223846,5,,,,,,2026
verified_screening,59,random,-1.5272858142852783,-0.22146739065647125,5,,,,,,2026
verified_screening,59,shuffled,-1.5622565746307373,-0.23038522899150848,5,,,,,,2026
verified_screening,59,perturb_0.25sigma,0.3897687792778015,0.028506051748991013,5,,,,,,2026
verified_screening,59,perturb_0.5sigma,-0.07225195318460464,0.0230037160217762,5,,,,,,2026
verified_screening,59,perturb_1sigma,-0.6175872683525085,-0.09855460375547409,5,,,,,,2026
verified_screening,59,perturb_2sigma,-1.58400559425354,-0.22932080924510956,5,,,,,,2026
verified_screening,60,supervised,2.3930275440216064,0.02850756235420704,5,,,,,,2026
verified_screening,60,actor,2.3930275440216064,0.02850756235420704,5,,,,,,2026
verified_screening,60,zero,1.6984504461288452,0.024209159892052412,5,,,,,,2026
verified_screening,60,random,1.5263043642044067,0.023050571733620018,5,,,,,,2026
verified_screening,60,shuffled,1.080451250076294,0.02110272494610399,5,,,,,,2026
verified_screening,60,perturb_0.25sigma,2.4221575260162354,0.028303714003413916,5,,,,,,2026
verified_screening,60,perturb_0.5sigma,2.3281028270721436,0.02871090406551957,5,,,,,,2026
verified_screening,60,perturb_1sigma,2.5137858390808105,0.025333305587992072,5,,,,,,2026
verified_screening,60,perturb_2sigma,2.322608709335327,0.030720009934157133,5,,,,,,2026
verified_screening,61,supervised,2.398343324661255,0.022964368108659983,5,,,,,,2026
verified_screening,61,actor,2.398343324661255,0.022964368108659983,5,,,,,,2026
verified_screening,61,zero,1.5325260162353516,0.018775133416056633,5,,,,,,2026
verified_screening,61,random,1.4204176664352417,0.018137435312382877,5,,,,,,2026
verified_screening,61,shuffled,0.9675941467285156,0.015539281419478357,5,,,,,,2026
verified_screening,61,perturb_0.25sigma,2.3631386756896973,0.023359750863164663,5,,,,,,2026
verified_screening,61,perturb_0.5sigma,2.5514719486236572,0.019973299698904157,5,,,,,,2026
verified_screening,61,perturb_1sigma,2.5840516090393066,0.020984314382076263,5,,,,,,2026
verified_screening,61,perturb_2sigma,2.6059234142303467,0.02454111911356449,5,,,,,,2026
verified_screening,62,supervised,2.2911157608032227,0.01733367284759879,5,,,,,,2026
verified_screening,62,actor,2.2911157608032227,0.01733367284759879,5,,,,,,2026
verified_screening,62,zero,1.211336612701416,0.013261991320177913,5,,,,,,2026
verified_screening,62,random,1.8816567659378052,0.013337038457393646,5,,,,,,2026
verified_screening,62,shuffled,0.7932546734809875,0.009891000459901989,5,,,,,,2026
verified_screening,62,perturb_0.25sigma,2.633809804916382,0.016659420914947987,5,,,,,,2026
verified_screening,62,perturb_0.5sigma,2.623457670211792,0.015744257252663374,5,,,,,,2026
verified_screening,62,perturb_1sigma,1.9522762298583984,0.02022973680868745,5,,,,,,2026
verified_screening,62,perturb_2sigma,2.2038071155548096,0.018038074485957623,5,,,,,,2026
verified_screening,63,supervised,1.9380714893341064,0.011605174746364355,5,,,,,,2026
verified_screening,63,actor,1.9380714893341064,0.011605174746364355,5,,,,,,2026
verified_screening,63,zero,0.6497395634651184,0.007686814293265343,5,,,,,,2026
verified_screening,63,random,0.5085669755935669,0.006822796887718141,5,,,,,,2026
verified_screening,63,shuffled,0.26026713848114014,0.004185179364867508,5,,,,,,2026
verified_screening,63,perturb_0.25sigma,1.6684449911117554,0.01229574205353856,5,,,,,,2026
verified_screening,63,perturb_0.5sigma,1.6465847492218018,0.013223463669419289,5,,,,,,2026
verified_screening,63,perturb_1sigma,2.6716959476470947,0.008779680589213967,5,,,,,,2026
verified_screening,63,perturb_2sigma,1.1749922037124634,0.01377262407913804,5,,,,,,2026
verified_screening,64,supervised,1.252298355102539,0.005783152766525745,5,,,,,,2026
verified_screening,64,actor,1.252298355102539,0.005783152766525745,5,,,,,,2026
verified_screening,64,zero,0.031279876828193665,0.002102370373904705,5,,,,,,2026
verified_screening,64,random,1.4450507164001465,0.002252021571621299,5,,,,,,2026
verified_screening,64,shuffled,-0.36377406120300293,-0.0015232726000249386,5,,,,,,2026
verified_screening,64,perturb_0.25sigma,1.373596429824829,0.005789436399936676,5,,,,,,2026
verified_screening,64,perturb_0.5sigma,0.5237607359886169,0.008475063368678093,5,,,,,,2026
verified_screening,64,perturb_1sigma,0.9188319444656372,0.004122696816921234,5,,,,,,2026
verified_screening,64,perturb_2sigma,1.0272173881530762,0.00803383719176054,5,,,,,,2026
verified_screening,65,supervised,1.7465264797210693,0.008147332060616463,5,,,,,,2026
verified_screening,65,actor,1.7465264797210693,0.008147332060616463,5,,,,,,2026
verified_screening,65,zero,2.1546666622161865,0.014018293644767255,5,,,,,,2026
verified_screening,65,random,2.182511568069458,0.011418936803238466,5,,,,,,2026
verified_screening,65,shuffled,1.4982280731201172,0.008424855477642268,5,,,,,,2026
verified_screening,65,perturb_0.25sigma,1.6617993116378784,0.007476274797227234,5,,,,,,2026
verified_screening,65,perturb_0.5sigma,1.5326149463653564,0.006568898184923455,5,,,,,,2026
verified_screening,65,perturb_1sigma,1.632667899131775,0.00716646017099265,5,,,,,,2026
verified_screening,65,perturb_2sigma,1.4340949058532715,0.006874686117953388,5,,,,,,2026
verified_screening,66,supervised,1.3975290060043335,0.006869030476082116,5,,,,,,2026
verified_screening,66,actor,1.3975290060043335,0.006869030476082116,5,,,,,,2026
verified_screening,66,zero,1.9279282093048096,0.012902319780550897,5,,,,,,2026
verified_screening,66,random,1.5229605436325073,0.010762181715108454,5,,,,,,2026
verified_screening,66,shuffled,1.2358274459838867,0.006645021843723953,5,,,,,,2026
verified_screening,66,perturb_0.25sigma,1.6160399913787842,0.0083282963023521,5,,,,,,2026
verified_screening,66,perturb_0.5sigma,1.264800786972046,0.005797260731924325,5,,,,,,2026
verified_screening,66,perturb_1sigma,1.1084003448486328,0.006544692208990455,5,,,,,,2026
verified_screening,66,perturb_2sigma,2.078329563140869,0.013171509490348399,5,,,,,,2026
verified_screening,67,supervised,0.9660723209381104,0.005637080525048077,5,,,,,,2026
verified_screening,67,actor,0.9660723209381104,0.005637080525048077,5,,,,,,2026
verified_screening,67,zero,1.5364313125610352,0.011609825189225376,5,,,,,,2026
verified_screening,67,random,0.9122359752655029,0.005291739944368601,5,,,,,,2026
verified_screening,67,shuffled,0.8312234878540039,0.0046848227066220716,5,,,,,,2026
verified_screening,67,perturb_0.25sigma,1.158951997756958,0.007150127901695669,5,,,,,,2026
verified_screening,67,perturb_0.5sigma,1.6904447078704834,0.009819745435379446,5,,,,,,2026
verified_screening,67,perturb_1sigma,2.148510217666626,0.010622386005707085,5,,,,,,2026
verified_screening,67,perturb_2sigma,0.6229413747787476,0.007203125976957381,5,,,,,,2026
verified_screening,68,supervised,0.44768744707107544,0.004244722658768296,5,,,,,,2026
verified_screening,68,actor,0.44768744707107544,0.004244722658768296,5,,,,,,2026
verified_screening,68,zero,0.8988617062568665,0.009934772737324238,5,,,,,,2026
verified_screening,68,random,1.1393860578536987,0.010652188444510102,5,,,,,,2026
verified_screening,68,shuffled,0.12623868882656097,0.002363157967920415,5,,,,,,2026
verified_screening,68,perturb_0.25sigma,0.23599033057689667,0.0025357736740261316,5,,,,,,2026
verified_screening,68,perturb_0.5sigma,0.9554288387298584,0.007534925127401948,5,,,,,,2026
verified_screening,68,perturb_1sigma,0.5837486982345581,0.00604879844468087,5,,,,,,2026
verified_screening,68,perturb_2sigma,0.0783141702413559,0.003385751391761005,5,,,,,,2026
verified_screening,69,supervised,-0.1275428980588913,0.0024572485126554966,5,,,,,,2026
verified_screening,69,actor,-0.1275428980588913,0.0024572485126554966,5,,,,,,2026
verified_screening,69,zero,0.21261116862297058,0.007641792297363281,5,,,,,,2026
verified_screening,69,random,-0.20934143662452698,0.0036219919566065073,5,,,,,,2026
verified_screening,69,shuffled,-0.41983747482299805,-0.0005461131222546101,5,,,,,,2026
verified_screening,69,perturb_0.25sigma,-0.21653340756893158,0.00100050400942564,5,,,,,,2026
verified_screening,69,perturb_0.5sigma,-0.024965152144432068,0.004056842066347599,5,,,,,,2026
verified_screening,69,perturb_1sigma,-0.24889804422855377,0.0008955714874900877,5,,,,,,2026
verified_screening,69,perturb_2sigma,-0.1512296348810196,0.0030932617373764515,5,,,,,,2026
verified_screening,70,supervised,1.7465264797210693,0.008147332060616463,5,,,,,,2026
verified_screening,70,actor,1.7465264797210693,0.008147332060616463,5,,,,,,2026
verified_screening,70,zero,2.1546666622161865,0.014018293644767255,5,,,,,,2026
verified_screening,70,random,1.9596807956695557,0.013319613470230252,5,,,,,,2026
verified_screening,70,shuffled,1.4982280731201172,0.008424855477642268,5,,,,,,2026
verified_screening,70,perturb_0.25sigma,1.7202987670898438,0.007911461987532675,5,,,,,,2026
verified_screening,70,perturb_0.5sigma,2.0516915321350098,0.010179672244703397,5,,,,,,2026
verified_screening,70,perturb_1sigma,1.436360239982605,0.008001337002497166,5,,,,,,2026
verified_screening,70,perturb_2sigma,1.9832875728607178,0.013402218173723668,5,,,,,,2026
verified_screening,71,supervised,2.2170941829681396,0.033877355977892876,5,,,,,,2026
verified_screening,71,actor,2.2170941829681396,0.033877355977892876,5,,,,,,2026
verified_screening,71,zero,1.5859198570251465,0.027964442095253617,5,,,,,,2026
verified_screening,71,random,1.4008413553237915,0.02746696228859946,5,,,,,,2026
verified_screening,71,shuffled,0.9678947925567627,0.026507358823437244,5,,,,,,2026
verified_screening,71,perturb_0.25sigma,2.22113299369812,0.03386042173951864,5,,,,,,2026
verified_screening,71,perturb_0.5sigma,2.2630622386932373,0.03387001436203718,5,,,,,,2026
verified_screening,71,perturb_1sigma,2.198117971420288,0.03388434089720249,5,,,,,,2026
verified_screening,71,perturb_2sigma,2.2680106163024902,0.03307870030403137,5,,,,,,2026
verified_screening,72,supervised,2.2129929065704346,0.027280624955892563,5,,,,,,2026
verified_screening,72,actor,2.2129929065704346,0.027280624955892563,5,,,,,,2026
verified_screening,72,zero,1.4467966556549072,0.021316250320523977,5,,,,,,2026
verified_screening,72,random,1.7042497396469116,0.021728385938331485,5,,,,,,2026
verified_screening,72,shuffled,0.9217381477355957,0.019811726117040962,5,,,,,,2026
verified_screening,72,perturb_0.25sigma,2.1890335083007812,0.027282992843538523,5,,,,,,2026
verified_screening,72,perturb_0.5sigma,2.2708117961883545,0.02723977528512478,5,,,,,,2026
verified_screening,72,perturb_1sigma,2.19236421585083,0.02602618793025613,5,,,,,,2026
verified_screening,72,perturb_2sigma,2.0261974334716797,0.027312830556184053,5,,,,,,2026
verified_screening,73,supervised,2.147625684738159,0.02057484071701765,5,,,,,,2026
verified_screening,73,actor,2.147625684738159,0.02057484071701765,5,,,,,,2026
verified_screening,73,zero,1.1996994018554688,0.014575575885828584,5,,,,,,2026
verified_screening,73,random,1.1854124069213867,0.014591775427106768,5,,,,,,2026
verified_screening,73,shuffled,0.8145918846130371,0.013027369743213058,5,,,,,,2026
verified_screening,73,perturb_0.25sigma,2.01664137840271,0.02056501479819417,5,,,,,,2026
verified_screening,73,perturb_0.5sigma,2.064401865005493,0.02054216107353568,5,,,,,,2026
verified_screening,73,perturb_1sigma,2.0205605030059814,0.02037543850019574,5,,,,,,2026
verified_screening,73,perturb_2sigma,2.0741477012634277,0.020524519961327314,5,,,,,,2026
verified_screening,74,supervised,1.9510011672973633,0.01377930911257863,5,,,,,,2026
verified_screening,74,actor,1.9510011672973633,0.01377930911257863,5,,,,,,2026
verified_screening,74,zero,0.7689208984375,0.007759238942526281,5,,,,,,2026
verified_screening,74,random,1.8912880420684814,0.010337607702240348,5,,,,,,2026
verified_screening,74,shuffled,0.4272102117538452,0.006177014438435435,5,,,,,,2026
verified_screening,74,perturb_0.25sigma,2.0341947078704834,0.01377990236505866,5,,,,,,2026
verified_screening,74,perturb_0.5sigma,1.7185094356536865,0.013766286429017782,5,,,,,,2026
verified_screening,74,perturb_1sigma,1.9078409671783447,0.013748288620263338,5,,,,,,2026
verified_screening,74,perturb_2sigma,1.6829547882080078,0.013766760472208261,5,,,,,,2026
verified_screening,75,supervised,1.4709830284118652,0.006917239166796207,5,,,,,,2026
verified_screening,75,actor,1.4709830284118652,0.006917239166796207,5,,,,,,2026
verified_screening,75,zero,0.19680644571781158,0.0008793215383775532,5,,,,,,2026
verified_screening,75,random,0.7521994709968567,0.0018095746636390686,5,,,,,,2026
verified_screening,75,shuffled,-0.1750372350215912,-0.0007316678529605269,5,,,,,,2026
verified_screening,75,perturb_0.25sigma,1.6090490818023682,0.0068962848745286465,5,,,,,,2026
verified_screening,75,perturb_0.5sigma,1.4210469722747803,0.006924934219568968,5,,,,,,2026
verified_screening,75,perturb_1sigma,1.2063645124435425,0.0069288406521081924,5,,,,,,2026
verified_screening,75,perturb_2sigma,1.1606757640838623,0.00613190745934844,5,,,,,,2026
verified_screening,76,supervised,2.169977903366089,0.03768057422712445,5,,,,,,2026
verified_screening,76,actor,2.169977903366089,0.03768057422712445,5,,,,,,2026
verified_screening,76,zero,1.1109387874603271,0.039319292176514864,5,,,,,,2026
verified_screening,76,random,0.9319287538528442,0.038560118060559034,5,,,,,,2026
verified_screening,76,shuffled,0.8683376312255859,0.03797581256367266,5,,,,,,2026
verified_screening,76,perturb_0.25sigma,1.9695744514465332,0.03800508892163634,5,,,,,,2026
verified_screening,76,perturb_0.5sigma,0.934891939163208,0.03485836289473809,5,,,,,,2026
verified_screening,76,perturb_1sigma,2.0511653423309326,0.037937453016638756,5,,,,,,2026
verified_screening,76,perturb_2sigma,0.5104743242263794,0.03240546630695462,5,,,,,,2026
verified_screening,77,supervised,2.1166739463806152,0.031080402433872223,5,,,,,,2026
verified_screening,77,actor,2.1166739463806152,0.031080402433872223,5,,,,,,2026
verified_screening,77,zero,0.8975229263305664,0.03298999392427504,5,,,,,,2026
verified_screening,77,random,0.7538957595825195,0.03301239130087197,5,,,,,,2026
verified_screening,77,shuffled,0.6556578278541565,0.03256558743305504,5,,,,,,2026
verified_screening,77,perturb_0.25sigma,1.9983093738555908,0.030620623379945755,5,,,,,,2026
verified_screening,77,perturb_0.5sigma,1.0712398290634155,0.028805051697418094,5,,,,,,2026
verified_screening,77,perturb_1sigma,1.1226556301116943,0.03196112159639597,5,,,,,,2026
verified_screening,77,perturb_2sigma,1.676957607269287,0.02959443675354123,5,,,,,,2026
verified_screening,78,supervised,2.0268466472625732,0.02407565526664257,5,,,,,,2026
verified_screening,78,actor,2.0268466472625732,0.02407565526664257,5,,,,,,2026
verified_screening,78,zero,0.5587823390960693,0.026275803335011005,5,,,,,,2026
verified_screening,78,random,0.5546514987945557,0.02611431200057268,5,,,,,,2026
verified_screening,78,shuffled,0.3051255941390991,0.0270139304921031,5,,,,,,2026
verified_screening,78,perturb_0.25sigma,1.6591455936431885,0.02418332640081644,5,,,,,,2026
verified_screening,78,perturb_0.5sigma,2.0213704109191895,0.024074875749647617,5,,,,,,2026
verified_screening,78,perturb_1sigma,0.4360924959182739,0.026717866770923138,5,,,,,,2026
verified_screening,78,perturb_2sigma,0.5674477219581604,0.019771885446971282,5,,,,,,2026
verified_screening,79,supervised,1.8732646703720093,0.01659722812473774,5,,,,,,2026
verified_screening,79,actor,1.8732646703720093,0.01659722812473774,5,,,,,,2026
verified_screening,79,zero,0.04277513921260834,0.019094415940344334,5,,,,,,2026
verified_screening,79,random,1.8020397424697876,0.017281493172049522,5,,,,,,2026
verified_screening,79,shuffled,-0.2118629813194275,0.021263400558382273,5,,,,,,2026
verified_screening,79,perturb_0.25sigma,1.0294281244277954,0.01664168294519186,5,,,,,,2026
verified_screening,79,perturb_0.5sigma,1.7071073055267334,0.01618997659534216,5,,,,,,2026
verified_screening,79,perturb_1sigma,-0.3505406379699707,0.006328173913061619,5,,,,,,2026
verified_screening,79,perturb_2sigma,-0.29790353775024414,0.020544313360005617,5,,,,,,2026
verified_screening,-1,summary,,,5,,0.5418067226890757,0.7446697395840245,0.2,0.3375,2026
td3_bc,0,supervised,1.3220200538635254,0.04495709063485265,5,,,,,,2026
td3_bc,0,actor,1.3220200538635254,0.04495709063485265,5,,,,,,2026
td3_bc,0,zero,1.9602445363998413,0.04791470384225249,5,,,,,,2026
td3_bc,0,random,1.9565335512161255,0.04768718732520938,5,,,,,,2026
td3_bc,0,shuffled,1.632895588874817,0.04546396294608712,5,,,,,,2026
td3_bc,0,perturb_0.25sigma,1.8920420408248901,0.04782256530597806,5,,,,,,2026
td3_bc,0,perturb_0.5sigma,1.667707085609436,0.04689054749906063,5,,,,,,2026
td3_bc,0,perturb_1sigma,1.1447137594223022,0.04255797993391752,5,,,,,,2026
td3_bc,0,perturb_2sigma,0.6043416857719421,0.03804494719952345,5,,,,,,2026
td3_bc,1,supervised,0.8596858382225037,0.03747869608923793,5,,,,,,2026
td3_bc,1,actor,0.8596858382225037,0.03747869608923793,5,,,,,,2026
td3_bc,1,zero,1.7751590013504028,0.04044357780367136,5,,,,,,2026
td3_bc,1,random,1.0266742706298828,0.03771329112350941,5,,,,,,2026
td3_bc,1,shuffled,1.3590292930603027,0.03705484326928854,5,,,,,,2026
td3_bc,1,perturb_0.25sigma,0.8816842436790466,0.0374165833927691,5,,,,,,2026
td3_bc,1,perturb_0.5sigma,1.5305759906768799,0.04022666811943054,5,,,,,,2026
td3_bc,1,perturb_1sigma,0.5272322297096252,0.03298180876299739,5,,,,,,2026
td3_bc,1,perturb_2sigma,0.005382709205150604,0.02513824589550495,5,,,,,,2026
td3_bc,2,supervised,0.2016289234161377,0.029329225420951843,5,,,,,,2026
td3_bc,2,actor,0.2016289234161377,0.029329225420951843,5,,,,,,2026
td3_bc,2,zero,0.8213164210319519,0.03223216161131859,5,,,,,,2026
td3_bc,2,random,0.8837761878967285,0.032165382988750935,5,,,,,,2026
td3_bc,2,shuffled,0.3235468566417694,0.027741595171391964,5,,,,,,2026
td3_bc,2,perturb_0.25sigma,-0.05056914687156677,0.026027449406683445,5,,,,,,2026
td3_bc,2,perturb_0.5sigma,-0.058936893939971924,0.026436137966811657,5,,,,,,2026
td3_bc,2,perturb_1sigma,0.6274144053459167,0.032230548560619354,5,,,,,,2026
td3_bc,2,perturb_2sigma,0.9330676198005676,0.031672773882746696,5,,,,,,2026
td3_bc,3,supervised,-0.9348159432411194,0.020440266467630863,5,,,,,,2026
td3_bc,3,actor,-0.9348159432411194,0.020440266467630863,5,,,,,,2026
td3_bc,3,zero,-0.5165008306503296,0.023184419609606266,5,,,,,,2026
td3_bc,3,random,-0.9899489879608154,0.022096332162618637,5,,,,,,2026
td3_bc,3,shuffled,-0.7449933886528015,0.01746730087324977,5,,,,,,2026
td3_bc,3,perturb_0.25sigma,-0.45647162199020386,0.022982768714427948,5,,,,,,2026
td3_bc,3,perturb_0.5sigma,-0.9918891191482544,0.018963568843901157,5,,,,,,2026
td3_bc,3,perturb_1sigma,-0.9713373780250549,0.014469251967966557,5,,,,,,2026
td3_bc,3,perturb_2sigma,-0.9570673704147339,0.01580243557691574,5,,,,,,2026
td3_bc,4,supervised,-1.7741776704788208,0.010715012438595295,5,,,,,,2026
td3_bc,4,actor,-1.7741776704788208,0.010715012438595295,5,,,,,,2026
td3_bc,4,zero,-1.264388918876648,0.01314033754169941,5,,,,,,2026
td3_bc,4,random,-1.6092759370803833,0.013290089555084705,5,,,,,,2026
td3_bc,4,shuffled,-1.1832704544067383,0.0061532859690487385,5,,,,,,2026
td3_bc,4,perturb_0.25sigma,-1.801361083984375,0.009788990020751953,5,,,,,,2026
td3_bc,4,perturb_0.5sigma,-1.8027706146240234,0.010665948502719402,5,,,,,,2026
td3_bc,4,perturb_1sigma,-1.7959109544754028,0.006948123220354319,5,,,,,,2026
td3_bc,4,perturb_2sigma,-1.758955717086792,0.011660091578960419,5,,,,,,2026
td3_bc,5,supervised,1.3220200538635254,0.04495709063485265,5,,,,,,2026
td3_bc,5,actor,1.3220200538635254,0.04495709063485265,5,,,,,,2026
td3_bc,5,zero,1.9602445363998413,0.04791470384225249,5,,,,,,2026
td3_bc,5,random,0.678403377532959,0.03426167694851756,5,,,,,,2026
td3_bc,5,shuffled,1.632895588874817,0.04546396294608712,5,,,,,,2026
td3_bc,5,perturb_0.25sigma,1.7598018646240234,0.04729313729330897,5,,,,,,2026
td3_bc,5,perturb_0.5sigma,1.5001579523086548,0.04596086964011192,5,,,,,,2026
td3_bc,5,perturb_1sigma,1.143262267112732,0.0430140751414001,5,,,,,,2026
td3_bc,5,perturb_2sigma,0.6169800758361816,0.039936539717018604,5,,,,,,2026
td3_bc,6,supervised,2.276076316833496,0.037407530937343836,5,,,,,,2026
td3_bc,6,actor,2.276076316833496,0.037407530937343836,5,,,,,,2026
td3_bc,6,zero,2.1494171619415283,0.04041109140962362,5,,,,,,2026
td3_bc,6,random,2.4280176162719727,0.038899415638297796,5,,,,,,2026
td3_bc,6,shuffled,1.385264277458191,0.037199169397354126,5,,,,,,2026
td3_bc,6,perturb_0.25sigma,2.1524746417999268,0.04042161349207163,5,,,,,,2026
td3_bc,6,perturb_0.5sigma,2.3575592041015625,0.03799177473410964,5,,,,,,2026
td3_bc,6,perturb_1sigma,1.2279759645462036,0.033133292105048895,5,,,,,,2026
td3_bc,6,perturb_2sigma,0.6771714091300964,0.02864079922437668,5,,,,,,2026
td3_bc,7,supervised,2.572908878326416,0.029031439684331417,5,,,,,,2026
td3_bc,7,actor,2.572908878326416,0.029031439684331417,5,,,,,,2026
td3_bc,7,zero,0.929804801940918,0.031845916993916035,5,,,,,,2026
td3_bc,7,random,1.5077706575393677,0.02618398144841194,5,,,,,,2026
td3_bc,7,shuffled,0.5338603854179382,0.02752251923084259,5,,,,,,2026
td3_bc,7,perturb_0.25sigma,2.5791068077087402,0.029047485440969467,5,,,,,,2026
td3_bc,7,perturb_0.5sigma,1.5721935033798218,0.03073747456073761,5,,,,,,2026
td3_bc,7,perturb_1sigma,0.7506453990936279,0.022487663198262453,5,,,,,,2026
td3_bc,7,perturb_2sigma,0.3463336229324341,0.02386588416993618,5,,,,,,2026
td3_bc,8,supervised,1.675538182258606,0.02004911843687296,5,,,,,,2026
td3_bc,8,actor,1.675538182258606,0.02004911843687296,5,,,,,,2026
td3_bc,8,zero,0.3457750976085663,0.022690393030643463,5,,,,,,2026
td3_bc,8,random,0.013282321393489838,0.016715994104743004,5,,,,,,2026
td3_bc,8,shuffled,0.04706491529941559,0.017353273928165436,5,,,,,,2026
td3_bc,8,perturb_0.25sigma,0.8659208416938782,0.015520046465098858,5,,,,,,2026
td3_bc,8,perturb_0.5sigma,0.9936093091964722,0.015949768014252186,5,,,,,,2026
td3_bc,8,perturb_1sigma,0.31717389822006226,0.013557866215705872,5,,,,,,2026
td3_bc,8,perturb_2sigma,0.823095440864563,0.02129292394965887,5,,,,,,2026
td3_bc,9,supervised,1.0428528785705566,0.010262028314173222,5,,,,,,2026
td3_bc,9,actor,1.0428528785705566,0.010262028314173222,5,,,,,,2026
td3_bc,9,zero,-0.20014476776123047,0.012681384570896626,5,,,,,,2026
td3_bc,9,random,0.32676008343696594,0.012010801583528519,5,,,,,,2026
td3_bc,9,shuffled,-0.5383837819099426,0.006247709039598703,5,,,,,,2026
td3_bc,9,perturb_0.25sigma,1.5405353307724,0.009073367342352867,5,,,,,,2026
td3_bc,9,perturb_0.5sigma,0.8164969682693481,0.007662917487323284,5,,,,,,2026
td3_bc,9,perturb_1sigma,0.4485797584056854,0.00670967111364007,5,,,,,,2026
td3_bc,9,perturb_2sigma,0.44510483741760254,0.006483826786279678,5,,,,,,2026
td3_bc,10,supervised,1.982077717781067,0.034698042552918196,5,,,,,,2026
td3_bc,10,actor,1.982077717781067,0.034698042552918196,5,,,,,,2026
td3_bc,10,zero,1.450717806816101,0.02906800084747374,5,,,,,,2026
td3_bc,10,random,1.8860397338867188,0.02865935442969203,5,,,,,,2026
td3_bc,10,shuffled,1.008601427078247,0.02624544478021562,5,,,,,,2026
td3_bc,10,perturb_0.25sigma,1.9890145063400269,0.033496060874313116,5,,,,,,2026
td3_bc,10,perturb_0.5sigma,1.9023089408874512,0.03561068885028362,5,,,,,,2026
td3_bc,10,perturb_1sigma,1.8083324432373047,0.03648953512310982,5,,,,,,2026
td3_bc,10,perturb_2sigma,1.3749300241470337,0.02863728883676231,5,,,,,,2026
td3_bc,11,supervised,1.8257180452346802,0.028021012898534536,5,,,,,,2026
td3_bc,11,actor,1.8257180452346802,0.028021012898534536,5,,,,,,2026
td3_bc,11,zero,1.2207368612289429,0.022393243038095534,5,,,,,,2026
td3_bc,11,random,1.0646097660064697,0.021177082264330238,5,,,,,,2026
td3_bc,11,shuffled,0.8043110370635986,0.019465955323539674,5,,,,,,2026
td3_bc,11,perturb_0.25sigma,1.7979902029037476,0.028087060432881117,5,,,,,,2026
td3_bc,11,perturb_0.5sigma,1.824447751045227,0.026424011681228876,5,,,,,,2026
td3_bc,11,perturb_1sigma,1.6176310777664185,0.028750205412507057,5,,,,,,2026
td3_bc,11,perturb_2sigma,1.1668943166732788,0.021882115746848285,5,,,,,,2026
td3_bc,12,supervised,1.573536992073059,0.021130294539034367,5,,,,,,2026
td3_bc,12,actor,1.573536992073059,0.021130294539034367,5,,,,,,2026
td3_bc,12,zero,0.7955812811851501,0.015582538559101522,5,,,,,,2026
td3_bc,12,random,0.5950201153755188,0.013641351892147213,5,,,,,,2026
td3_bc,12,shuffled,0.5174960494041443,0.012546884594485164,5,,,,,,2026
td3_bc,12,perturb_0.25sigma,1.57782781124115,0.018707898911088705,5,,,,,,2026
td3_bc,12,perturb_0.5sigma,1.542697548866272,0.021214802749454975,5,,,,,,2026
td3_bc,12,perturb_1sigma,1.4899842739105225,0.02242537820711732,5,,,,,,2026
td3_bc,12,perturb_2sigma,1.3328027725219727,0.021275280974805355,5,,,,,,2026
td3_bc,13,supervised,1.2364939451217651,0.01412841398268938,5,,,,,,2026
td3_bc,13,actor,1.2364939451217651,0.01412841398268938,5,,,,,,2026
td3_bc,13,zero,0.22575487196445465,0.00869959022384137,5,,,,,,2026
td3_bc,13,random,0.6434638500213623,0.008748898981139064,5,,,,,,2026
td3_bc,13,shuffled,0.06333070993423462,0.005554968491196632,5,,,,,,2026
td3_bc,13,perturb_0.25sigma,1.2421058416366577,0.014614664483815432,5,,,,,,2026
td3_bc,13,perturb_0.5sigma,1.0986744165420532,0.016238604672253132,5,,,,,,2026
td3_bc,13,perturb_1sigma,1.0285087823867798,0.0154305724427104,5,,,,,,2026
td3_bc,13,perturb_2sigma,1.0472227334976196,0.01575015624985099,5,,,,,,2026
td3_bc,14,supervised,0.8166412115097046,0.007058111485093832,5,,,,,,2026
td3_bc,14,actor,0.8166412115097046,0.007058111485093832,5,,,,,,2026
td3_bc,14,zero,-0.2502002716064453,0.0018227777909487486,5,,,,,,2026
td3_bc,14,random,-0.13030670583248138,0.0021243859082460403,5,,,,,,2026
td3_bc,14,shuffled,-0.45087960362434387,-0.0014225119957700372,5,,,,,,2026
td3_bc,14,perturb_0.25sigma,0.8181830048561096,0.006915345788002014,5,,,,,,2026
td3_bc,14,perturb_0.5sigma,0.8012478351593018,0.00716653186827898,5,,,,,,2026
td3_bc,14,perturb_1sigma,0.6390626430511475,0.003402101108804345,5,,,,,,2026
td3_bc,14,perturb_2sigma,-0.26251280307769775,0.0013932422734797,5,,,,,,2026
td3_bc,15,supervised,2.1197586059570312,0.0033236753806704655,5,,,,,,2026
td3_bc,15,actor,2.1197586059570312,0.0033236753806704655,5,,,,,,2026
td3_bc,15,zero,1.467530369758606,0.006013420032104477,5,,,,,,2026
td3_bc,15,random,1.7795904874801636,0.005835374380694702,5,,,,,,2026
td3_bc,15,shuffled,1.1403800249099731,0.0015694769244873896,5,,,,,,2026
td3_bc,15,perturb_0.25sigma,2.116766929626465,0.0031344139933935367,5,,,,,,2026
td3_bc,15,perturb_0.5sigma,1.822105050086975,0.006463660902227275,5,,,,,,2026
td3_bc,15,perturb_1sigma,1.981326699256897,0.004683654842665419,5,,,,,,2026
td3_bc,15,perturb_2sigma,1.3609811067581177,0.005231966235442087,5,,,,,,2026
td3_bc,16,supervised,2.0520009994506836,0.0023072428593877703,5,,,,,,2026
td3_bc,16,actor,2.0520009994506836,0.0023072428593877703,5,,,,,,2026
td3_bc,16,zero,1.2184046506881714,0.005364638145692879,5,,,,,,2026
td3_bc,16,random,2.0191144943237305,0.00213187096233014,5,,,,,,2026
td3_bc,16,shuffled,0.8531146049499512,0.0006084235938033089,5,,,,,,2026
td3_bc,16,perturb_0.25sigma,1.9936386346817017,0.002378842342295684,5,,,,,,2026
td3_bc,16,perturb_0.5sigma,1.9084985256195068,0.001716422091703862,5,,,,,,2026
td3_bc,16,perturb_1sigma,1.9038060903549194,0.0022955011372687295,5,,,,,,2026
td3_bc,16,perturb_2sigma,1.6906527280807495,0.003436738668824546,5,,,,,,2026
td3_bc,17,supervised,1.824700951576233,0.001613485481357202,5,,,,,,2026
td3_bc,17,actor,1.824700951576233,0.001613485481357202,5,,,,,,2026
td3_bc,17,zero,0.7625460028648376,0.0048980100837070495,5,,,,,,2026
td3_bc,17,random,0.7380486726760864,0.004702449659816921,5,,,,,,2026
td3_bc,17,shuffled,0.4931691288948059,-0.0001703169837128371,5,,,,,,2026
td3_bc,17,perturb_0.25sigma,1.7896137237548828,0.0020639890208258294,5,,,,,,2026
td3_bc,17,perturb_0.5sigma,1.728286623954773,0.002707460389501648,5,,,,,,2026
td3_bc,17,perturb_1sigma,1.7000175714492798,0.001423889902071096,5,,,,,,2026
td3_bc,17,perturb_2sigma,0.8429592847824097,0.004465173609787598,5,,,,,,2026
td3_bc,18,supervised,1.4049266576766968,0.0011071335175074637,5,,,,,,2026
td3_bc,18,actor,1.4049266576766968,0.0011071335175074637,5,,,,,,2026
td3_bc,18,zero,0.2064606100320816,0.00447430502390489,5,,,,,,2026
td3_bc,18,random,-0.057218797504901886,-0.0002290581469424069,5,,,,,,2026
td3_bc,18,shuffled,-0.024849332869052887,-0.0009019777644425631,5,,,,,,2026
td3_bc,18,perturb_0.25sigma,1.3380786180496216,0.0011732646089512855,5,,,,,,2026
td3_bc,18,perturb_0.5sigma,1.1648427248001099,0.0015541347966063768,5,,,,,,2026
td3_bc,18,perturb_1sigma,0.645309329032898,0.003871252905810252,5,,,,,,2026
td3_bc,18,perturb_2sigma,1.1572238206863403,0.0001927941048052162,5,,,,,,2026
td3_bc,19,supervised,0.8102623224258423,0.0006287679425440729,5,,,,,,2026
td3_bc,19,actor,0.8102623224258423,0.0006287679425440729,5,,,,,,2026
td3_bc,19,zero,-0.22737541794776917,0.003940974827855825,5,,,,,,2026
td3_bc,19,random,0.49268782138824463,0.0013208554591983557,5,,,,,,2026
td3_bc,19,shuffled,-0.5112080574035645,-0.001734555815346539,5,,,,,,2026
td3_bc,19,perturb_0.25sigma,0.7288929224014282,0.0006994364084675908,5,,,,,,2026
td3_bc,19,perturb_0.5sigma,0.8001092076301575,0.0012734235497191548,5,,,,,,2026
td3_bc,19,perturb_1sigma,0.7576028108596802,0.0005460678949020803,5,,,,,,2026
td3_bc,19,perturb_2sigma,-0.23426976799964905,0.003788145026192069,5,,,,,,2026
td3_bc,20,supervised,0.7090394496917725,0.06452241819351912,5,,,,,,2026
td3_bc,20,actor,0.7090394496917725,0.06452241819351912,5,,,,,,2026
td3_bc,20,zero,0.6064108610153198,0.06428766064345837,5,,,,,,2026
td3_bc,20,random,0.19388651847839355,0.058532665483653545,5,,,,,,2026
td3_bc,20,shuffled,0.5441678762435913,0.06362710148096085,5,,,,,,2026
td3_bc,20,perturb_0.25sigma,0.7840898036956787,0.06444841716438532,5,,,,,,2026
td3_bc,20,perturb_0.5sigma,0.6280641555786133,0.06457132566720247,5,,,,,,2026
td3_bc,20,perturb_1sigma,0.3424535393714905,0.060336009599268436,5,,,,,,2026
td3_bc,20,perturb_2sigma,0.16071313619613647,0.058444698341190815,5,,,,,,2026
td3_bc,21,supervised,0.4837151765823364,0.05303541850298643,5,,,,,,2026
td3_bc,21,actor,0.4837151765823364,0.05303541850298643,5,,,,,,2026
td3_bc,21,zero,0.39752399921417236,0.05300509091466665,5,,,,,,2026
td3_bc,21,random,1.776293396949768,0.04884332325309515,5,,,,,,2026
td3_bc,21,shuffled,0.32381829619407654,0.0527622839435935,5,,,,,,2026
td3_bc,21,perturb_0.25sigma,0.5436200499534607,0.05293879844248295,5,,,,,,2026
td3_bc,21,perturb_0.5sigma,0.46824753284454346,0.0530262915417552,5,,,,,,2026
td3_bc,21,perturb_1sigma,0.14475183188915253,0.05000561289489269,5,,,,,,2026
td3_bc,21,perturb_2sigma,1.047262191772461,0.05141984671354294,5,,,,,,2026
td3_bc,22,supervised,0.3272169232368469,0.040793703868985176,5,,,,,,2026
td3_bc,22,actor,0.3272169232368469,0.040793703868985176,5,,,,,,2026
td3_bc,22,zero,0.22797858715057373,0.04101510997861624,5,,,,,,2026
td3_bc,22,random,0.0705384761095047,0.029164436884457245,5,,,,,,2026
td3_bc,22,shuffled,0.14308062195777893,0.041149052791297436,5,,,,,,2026
td3_bc,22,perturb_0.25sigma,0.06674367189407349,0.04025091137737036,5,,,,,,2026
td3_bc,22,perturb_0.5sigma,0.622734010219574,0.04025931656360626,5,,,,,,2026
td3_bc,22,perturb_1sigma,-0.18370379507541656,0.03599419817328453,5,,,,,,2026
td3_bc,22,perturb_2sigma,-0.04894590377807617,0.03905135951936245,5,,,,,,2026
td3_bc,23,supervised,-0.014646321535110474,0.027857312932610512,5,,,,,,2026
td3_bc,23,actor,-0.014646321535110474,0.027857312932610512,5,,,,,,2026
td3_bc,23,zero,-0.11911699175834656,0.02832531090825796,5,,,,,,2026
td3_bc,23,random,-0.3891887068748474,0.027030394412577152,5,,,,,,2026
td3_bc,23,shuffled,-0.20505055785179138,0.028730335645377636,5,,,,,,2026
td3_bc,23,perturb_0.25sigma,0.0822584331035614,0.027669230476021767,5,,,,,,2026
td3_bc,23,perturb_0.5sigma,-0.15389028191566467,0.02798290364444256,5,,,,,,2026
td3_bc,23,perturb_1sigma,-0.23816227912902832,0.02717320527881384,5,,,,,,2026
td3_bc,23,perturb_2sigma,-0.5400392413139343,0.024483581073582172,5,,,,,,2026
td3_bc,24,supervised,-0.7679933309555054,0.014260920695960522,5,,,,,,2026
td3_bc,24,actor,-0.7679933309555054,0.014260920695960522,5,,,,,,2026
td3_bc,24,zero,-0.8295242190361023,0.014908958226442337,5,,,,,,2026
td3_bc,24,random,-1.0802431106567383,-0.001840644283220172,5,,,,,,2026
td3_bc,24,shuffled,-0.9032402634620667,0.015403399243950844,5,,,,,,2026
td3_bc,24,perturb_0.25sigma,-0.8115387558937073,0.014389945194125175,5,,,,,,2026
td3_bc,24,perturb_0.5sigma,-0.03839469701051712,0.011776520870625973,5,,,,,,2026
td3_bc,24,perturb_1sigma,-1.072333574295044,0.0003134449652861804,5,,,,,,2026
td3_bc,24,perturb_2sigma,-1.1001758575439453,-0.003319134935736656,5,,,,,,2026
td3_bc,25,supervised,0.7090394496917725,0.06452241819351912,5,,,,,,2026
td3_bc,25,actor,0.7090394496917725,0.06452241819351912,5,,,,,,2026
td3_bc,25,zero,0.6064108610153198,0.06428766064345837,5,,,,,,2026
td3_bc,25,random,0.30180639028549194,0.05957041680812836,5,,,,,,2026
td3_bc,25,shuffled,0.5441678762435913,0.06362710148096085,5,,,,,,2026
td3_bc,25,perturb_0.25sigma,0.8238531947135925,0.06439841259270906,5,,,,,,2026
td3_bc,25,perturb_0.5sigma,0.4360487461090088,0.06294452771544456,5,,,,,,2026
td3_bc,25,perturb_1sigma,0.39520010352134705,0.06315839942544699,5,,,,,,2026
td3_bc,25,perturb_2sigma,0.07459372282028198,0.057579781860113144,5,,,,,,2026
td3_bc,26,supervised,2.0185909271240234,0.05417247861623764,5,,,,,,2026
td3_bc,26,actor,2.0185909271240234,0.05417247861623764,5,,,,,,2026
td3_bc,26,zero,1.711954951286316,0.05411237012594938,5,,,,,,2026
td3_bc,26,random,1.1268527507781982,0.05240179132670164,5,,,,,,2026
td3_bc,26,shuffled,1.4595016241073608,0.05376513674855232,5,,,,,,2026
td3_bc,26,perturb_0.25sigma,2.51780366897583,0.05385594069957733,5,,,,,,2026
td3_bc,26,perturb_0.5sigma,2.485426425933838,0.053045506589114666,5,,,,,,2026
td3_bc,26,perturb_1sigma,0.2725372910499573,0.03858690056949854,5,,,,,,2026
td3_bc,26,perturb_2sigma,1.1115208864212036,0.05246189422905445,5,,,,,,2026
td3_bc,27,supervised,2.3833279609680176,0.042283326387405396,5,,,,,,2026
td3_bc,27,actor,2.3833279609680176,0.042283326387405396,5,,,,,,2026
td3_bc,27,zero,2.07130765914917,0.042453340254724026,5,,,,,,2026
td3_bc,27,random,0.8125866651535034,0.03558335080742836,5,,,,,,2026
td3_bc,27,shuffled,1.7609935998916626,0.04246245324611664,5,,,,,,2026
td3_bc,27,perturb_0.25sigma,1.7219208478927612,0.03938455227762461,5,,,,,,2026
td3_bc,27,perturb_0.5sigma,2.3569798469543457,0.042266410775482655,5,,,,,,2026
td3_bc,27,perturb_1sigma,0.7243430018424988,0.03917666617780924,5,,,,,,2026
td3_bc,27,perturb_2sigma,0.020194977521896362,0.023761299904435873,5,,,,,,2026
td3_bc,28,supervised,2.014162063598633,0.02930501289665699,5,,,,,,2026
td3_bc,28,actor,2.014162063598633,0.02930501289665699,5,,,,,,2026
td3_bc,28,zero,1.7239242792129517,0.029694654047489166,5,,,,,,2026
td3_bc,28,random,0.9793558120727539,0.0290434118360281,5,,,,,,2026
td3_bc,28,shuffled,1.4418981075286865,0.029927410185337067,5,,,,,,2026
td3_bc,28,perturb_0.25sigma,1.9677358865737915,0.029379909858107567,5,,,,,,2026
td3_bc,28,perturb_0.5sigma,1.7217589616775513,0.0279600964859128,5,,,,,,2026
td3_bc,28,perturb_1sigma,-0.03500804305076599,0.01836395892314613,5,,,,,,2026
td3_bc,28,perturb_2sigma,-0.25451695919036865,0.012836888432502747,5,,,,,,2026
td3_bc,29,supervised,0.9164288640022278,0.015080063603818417,5,,,,,,2026
td3_bc,29,actor,0.9164288640022278,0.015080063603818417,5,,,,,,2026
td3_bc,29,zero,0.6265108585357666,0.015665018931031227,5,,,,,,2026
td3_bc,29,random,-0.2906690835952759,0.013742721639573574,5,,,,,,2026
td3_bc,29,shuffled,0.33411478996276855,0.015994500368833542,5,,,,,,2026
td3_bc,29,perturb_0.25sigma,0.11352920532226562,0.01468072459101677,5,,,,,,2026
td3_bc,29,perturb_0.5sigma,0.3369351625442505,0.014848465099930763,5,,,,,,2026
td3_bc,29,perturb_1sigma,1.1845253705978394,0.014512397348880768,5,,,,,,2026
td3_bc,29,perturb_2sigma,-0.7691383361816406,0.005164113827049732,5,,,,,,2026
td3_bc,30,supervised,2.109285831451416,0.005361930183426011,5,,,,,,2026
td3_bc,30,actor,2.109285831451416,0.005361930183426011,5,,,,,,2026
td3_bc,30,zero,1.466794490814209,0.007250060938531533,5,,,,,,2026
td3_bc,30,random,1.5897588729858398,0.00713649726822041,5,,,,,,2026
td3_bc,30,shuffled,1.130957007408142,0.002985457016620785,5,,,,,,2026
td3_bc,30,perturb_0.25sigma,2.0444107055664062,0.0063108092290349305,5,,,,,,2026
td3_bc,30,perturb_0.5sigma,2.0256710052490234,0.006803010852308944,5,,,,,,2026
td3_bc,30,perturb_1sigma,1.9737962484359741,0.004550236277282238,5,,,,,,2026
td3_bc,30,perturb_2sigma,1.6846076250076294,0.012796278446330689,5,,,,,,2026
td3_bc,31,supervised,2.029541492462158,0.003924870252376422,5,,,,,,2026
td3_bc,31,actor,2.029541492462158,0.003924870252376422,5,,,,,,2026
td3_bc,31,zero,1.221922755241394,0.0061940321465954185,5,,,,,,2026
td3_bc,31,random,1.614990234375,0.005523146101040766,5,,,,,,2026
td3_bc,31,shuffled,0.8494210243225098,0.0016484713996760547,5,,,,,,2026
td3_bc,31,perturb_0.25sigma,2.0255870819091797,0.003441640961682424,5,,,,,,2026
td3_bc,31,perturb_0.5sigma,1.9734538793563843,0.0046964822395239025,5,,,,,,2026
td3_bc,31,perturb_1sigma,1.7808488607406616,0.006117475539213046,5,,,,,,2026
td3_bc,31,perturb_2sigma,1.9273148775100708,0.006343819783069193,5,,,,,,2026
td3_bc,32,supervised,1.792677640914917,0.002803877054248005,5,,,,,,2026
td3_bc,32,actor,1.792677640914917,0.002803877054248005,5,,,,,,2026
td3_bc,32,zero,0.7675360441207886,0.005327054182998836,5,,,,,,2026
td3_bc,32,random,0.42329490184783936,-0.00015904073370620608,5,,,,,,2026
td3_bc,32,shuffled,0.4918370246887207,0.000499164976645261,5,,,,,,2026
td3_bc,32,perturb_0.25sigma,1.7749921083450317,0.0026948359154630452,5,,,,,,2026
td3_bc,32,perturb_0.5sigma,0.9477136135101318,0.005397092550992966,5,,,,,,2026
td3_bc,32,perturb_1sigma,1.383381962776184,0.0039401567773893476,5,,,,,,2026
td3_bc,32,perturb_2sigma,1.8292415142059326,0.001994907681364566,5,,,,,,2026
td3_bc,33,supervised,1.3779577016830444,0.0018749848823063076,5,,,,,,2026
td3_bc,33,actor,1.3779577016830444,0.0018749848823063076,5,,,,,,2026
td3_bc,33,zero,0.20624706149101257,0.004519295413047075,5,,,,,,2026
td3_bc,33,random,0.3051127791404724,0.005168755596969277,5,,,,,,2026
td3_bc,33,shuffled,-0.020129330456256866,-0.0005884142592549324,5,,,,,,2026
td3_bc,33,perturb_0.25sigma,1.3782625198364258,0.0021435655071400106,5,,,,,,2026
td3_bc,33,perturb_0.5sigma,0.8266781568527222,0.005263895844109356,5,,,,,,2026
td3_bc,33,perturb_1sigma,0.47382432222366333,0.004754494235385209,5,,,,,,2026
td3_bc,33,perturb_2sigma,0.8606176376342773,0.003239305631723255,5,,,,,,2026
td3_bc,34,supervised,0.785698413848877,0.0009933699620887637,5,,,,,,2026
td3_bc,34,actor,0.785698413848877,0.0009933699620887637,5,,,,,,2026
td3_bc,34,zero,-0.22992588579654694,0.0036337459459900856,5,,,,,,2026
td3_bc,34,random,-0.1788017749786377,0.004195407032966614,5,,,,,,2026
td3_bc,34,shuffled,-0.5105311274528503,-0.00174524390604347,5,,,,,,2026
td3_bc,34,perturb_0.25sigma,0.7599206566810608,0.001172336982563138,5,,,,,,2026
td3_bc,34,perturb_0.5sigma,0.5969803333282471,0.0020317533053457737,5,,,,,,2026
td3_bc,34,perturb_1sigma,0.562950611114502,0.002044319175183773,5,,,,,,2026
td3_bc,34,perturb_2sigma,0.6012223958969116,0.0014424993423745036,5,,,,,,2026
td3_bc,35,supervised,1.8142706155776978,0.031511797569692135,5,,,,,,2026
td3_bc,35,actor,1.8142706155776978,0.031511797569692135,5,,,,,,2026
td3_bc,35,zero,1.3248300552368164,0.02600193565012887,5,,,,,,2026
td3_bc,35,random,1.4133919477462769,0.026315971394069493,5,,,,,,2026
td3_bc,35,shuffled,0.8019936084747314,0.024682029092218727,5,,,,,,2026
td3_bc,35,perturb_0.25sigma,1.8432090282440186,0.031489644199609756,5,,,,,,2026
td3_bc,35,perturb_0.5sigma,1.7898309230804443,0.03151606163010001,5,,,,,,2026
td3_bc,35,perturb_1sigma,1.7951128482818604,0.03149248519912362,5,,,,,,2026
td3_bc,35,perturb_2sigma,1.7735040187835693,0.030341510195285082,5,,,,,,2026
td3_bc,36,supervised,1.660441517829895,0.025352986995130777,5,,,,,,2026
td3_bc,36,actor,1.660441517829895,0.025352986995130777,5,,,,,,2026
td3_bc,36,zero,1.075445532798767,0.019806555937975645,5,,,,,,2026
td3_bc,36,random,0.9854037761688232,0.01943439053138718,5,,,,,,2026
td3_bc,36,shuffled,0.5752850770950317,0.018445541616529226,5,,,,,,2026
td3_bc,36,perturb_0.25sigma,1.6265426874160767,0.025357014033943415,5,,,,,,2026
td3_bc,36,perturb_0.5sigma,1.6923567056655884,0.02533746976405382,5,,,,,,2026
td3_bc,36,perturb_1sigma,1.6510032415390015,0.02533118799328804,5,,,,,,2026
td3_bc,36,perturb_2sigma,1.6225394010543823,0.02529410971328616,5,,,,,,2026
td3_bc,37,supervised,1.4061323404312134,0.019110658671706915,5,,,,,,2026
td3_bc,37,actor,1.4061323404312134,0.019110658671706915,5,,,,,,2026
td3_bc,37,zero,0.6657585501670837,0.013537131017073989,5,,,,,,2026
td3_bc,37,random,0.8135802745819092,0.014082980807870626,5,,,,,,2026
td3_bc,37,shuffled,0.33542102575302124,0.012140375387389213,5,,,,,,2026
td3_bc,37,perturb_0.25sigma,1.403207778930664,0.01911018555983901,5,,,,,,2026
td3_bc,37,perturb_0.5sigma,1.354008436203003,0.0191103033721447,5,,,,,,2026
td3_bc,37,perturb_1sigma,1.3079432249069214,0.01907216152176261,5,,,,,,2026
td3_bc,37,perturb_2sigma,1.1086844205856323,0.017585369758307934,5,,,,,,2026
td3_bc,38,supervised,0.9621024131774902,0.012796901166439056,5,,,,,,2026
td3_bc,38,actor,0.9621024131774902,0.012796901166439056,5,,,,,,2026
td3_bc,38,zero,0.16611109673976898,0.007205394271295518,5,,,,,,2026
td3_bc,38,random,0.19096267223358154,0.0073630865081213415,5,,,,,,2026
td3_bc,38,shuffled,0.06420641392469406,0.005781786283478141,5,,,,,,2026
td3_bc,38,perturb_0.25sigma,1.0226982831954956,0.012772856280207634,5,,,,,,2026
td3_bc,38,perturb_0.5sigma,1.0887601375579834,0.012699061073362827,5,,,,,,2026
td3_bc,38,perturb_1sigma,0.8534598350524902,0.012773922178894281,5,,,,,,2026
td3_bc,38,perturb_2sigma,1.029966950416565,0.012548842467367649,5,,,,,,2026
td3_bc,39,supervised,0.3887535333633423,0.006428536493331194,5,,,,,,2026
td3_bc,39,actor,0.3887535333633423,0.006428536493331194,5,,,,,,2026
td3_bc,39,zero,-0.28553491830825806,0.0008182196179404855,5,,,,,,2026
td3_bc,39,random,-0.2742416560649872,0.0008633620454929769,5,,,,,,2026
td3_bc,39,shuffled,-0.3053576350212097,-0.0006264543044380844,5,,,,,,2026
td3_bc,39,perturb_0.25sigma,0.3675398826599121,0.006423679646104574,5,,,,,,2026
td3_bc,39,perturb_0.5sigma,0.519392728805542,0.006387435365468264,5,,,,,,2026
td3_bc,39,perturb_1sigma,0.37756508588790894,0.006411715876311064,5,,,,,,2026
td3_bc,39,perturb_2sigma,0.2232092320919037,0.006422378122806549,5,,,,,,2026
td3_bc,40,supervised,2.0170154571533203,0.026679894421249628,5,,,,,,2026
td3_bc,40,actor,2.0170154571533203,0.026679894421249628,5,,,,,,2026
td3_bc,40,zero,1.4578057527542114,0.022793274372816086,5,,,,,,2026
td3_bc,40,random,1.5462143421173096,0.023030284559354186,5,,,,,,2026
td3_bc,40,shuffled,1.047239899635315,0.019615214900113642,5,,,,,,2026
td3_bc,40,perturb_0.25sigma,2.0054311752319336,0.026675153523683548,5,,,,,,2026
td3_bc,40,perturb_0.5sigma,1.9561011791229248,0.02873265091329813,5,,,,,,2026
td3_bc,40,perturb_1sigma,2.014373779296875,0.02494867704808712,5,,,,,,2026
td3_bc,40,perturb_2sigma,1.5977591276168823,0.02277178899385035,5,,,,,,2026
td3_bc,41,supervised,1.8711191415786743,0.02146410383284092,5,,,,,,2026
td3_bc,41,actor,1.8711191415786743,0.02146410383284092,5,,,,,,2026
td3_bc,41,zero,1.2295070886611938,0.01771133323200047,5,,,,,,2026
td3_bc,41,random,1.639014720916748,0.017554269987158477,5,,,,,,2026
td3_bc,41,shuffled,0.8268857598304749,0.014396009617485106,5,,,,,,2026
td3_bc,41,perturb_0.25sigma,1.8459073305130005,0.022633299697190523,5,,,,,,2026
td3_bc,41,perturb_0.5sigma,1.8394557237625122,0.020667907316237688,5,,,,,,2026
td3_bc,41,perturb_1sigma,1.7364732027053833,0.023767194245010614,5,,,,,,2026
td3_bc,41,perturb_2sigma,1.715755581855774,0.02008786518126726,5,,,,,,2026
td3_bc,42,supervised,1.6251040697097778,0.01620060857385397,5,,,,,,2026
td3_bc,42,actor,1.6251040697097778,0.01620060857385397,5,,,,,,2026
td3_bc,42,zero,0.793154239654541,0.012574908323585987,5,,,,,,2026
td3_bc,42,random,0.5293824076652527,0.00931128195952624,5,,,,,,2026
td3_bc,42,shuffled,0.5208364129066467,0.009117182926274836,5,,,,,,2026
td3_bc,42,perturb_0.25sigma,1.6356415748596191,0.015721932519227266,5,,,,,,2026
td3_bc,42,perturb_0.5sigma,1.5890733003616333,0.017608131747692823,5,,,,,,2026
td3_bc,42,perturb_1sigma,1.6019576787948608,0.01566312462091446,5,,,,,,2026
td3_bc,42,perturb_2sigma,1.4239963293075562,0.019546870607882738,5,,,,,,2026
td3_bc,43,supervised,1.2823132276535034,0.010837609879672527,5,,,,,,2026
td3_bc,43,actor,1.2823132276535034,0.010837609879672527,5,,,,,,2026
td3_bc,43,zero,0.22149233520030975,0.00738519593141973,5,,,,,,2026
td3_bc,43,random,0.17534151673316956,0.00706493214238435,5,,,,,,2026
td3_bc,43,shuffled,0.04406382888555527,0.003789092181250453,5,,,,,,2026
td3_bc,43,perturb_0.25sigma,1.2315385341644287,0.011096736881881952,5,,,,,,2026
td3_bc,43,perturb_0.5sigma,1.2051842212677002,0.011446442920714617,5,,,,,,2026
td3_bc,43,perturb_1sigma,1.0897817611694336,0.00697551597841084,5,,,,,,2026
td3_bc,43,perturb_2sigma,1.1778141260147095,0.01306187640875578,5,,,,,,2026
td3_bc,44,supervised,0.8490062952041626,0.005402624607086182,5,,,,,,2026
td3_bc,44,actor,0.8490062952041626,0.005402624607086182,5,,,,,,2026
td3_bc,44,zero,-0.2486269325017929,0.0021800475660711527,5,,,,,,2026
td3_bc,44,random,-0.4985136389732361,-0.0005615675472654402,5,,,,,,2026
td3_bc,44,shuffled,-0.47643575072288513,-0.0015473897801712155,5,,,,,,2026
td3_bc,44,perturb_0.25sigma,0.8443711996078491,0.005586740095168352,5,,,,,,2026
td3_bc,44,perturb_0.5sigma,0.8576012849807739,0.0036027163732796907,5,,,,,,2026
td3_bc,44,perturb_1sigma,0.7201415300369263,0.005724119488149881,5,,,,,,2026
td3_bc,44,perturb_2sigma,0.20710383355617523,0.009256669320166111,5,,,,,,2026
td3_bc,45,supervised,0.9523794054985046,0.057654294185340405,5,,,,,,2026
td3_bc,45,actor,0.9523794054985046,0.057654294185340405,5,,,,,,2026
td3_bc,45,zero,1.3186115026474,0.0587315671145916,5,,,,,,2026
td3_bc,45,random,1.0796589851379395,0.047145380172878504,5,,,,,,2026
td3_bc,45,shuffled,1.7310043573379517,0.05841442942619324,5,,,,,,2026
td3_bc,45,perturb_0.25sigma,0.7365697622299194,0.05558869708329439,5,,,,,,2026
td3_bc,45,perturb_0.5sigma,1.2652767896652222,0.05872843600809574,5,,,,,,2026
td3_bc,45,perturb_1sigma,0.5235357880592346,0.051870424300432205,5,,,,,,2026
td3_bc,45,perturb_2sigma,0.2092697024345398,0.05036841984838247,5,,,,,,2026
td3_bc,46,supervised,0.5138483047485352,0.04776659235358238,5,,,,,,2026
td3_bc,46,actor,0.5138483047485352,0.04776659235358238,5,,,,,,2026
td3_bc,46,zero,0.8952730298042297,0.04888472240418196,5,,,,,,2026
td3_bc,46,random,0.26366186141967773,0.04473978001624346,5,,,,,,2026
td3_bc,46,shuffled,1.5516022443771362,0.0481429249048233,5,,,,,,2026
td3_bc,46,perturb_0.25sigma,0.558023989200592,0.04798134882003069,5,,,,,,2026
td3_bc,46,perturb_0.5sigma,0.5866565704345703,0.04825250990688801,5,,,,,,2026
td3_bc,46,perturb_1sigma,-0.0006078481674194336,0.04128505103290081,5,,,,,,2026
td3_bc,46,perturb_2sigma,-0.004697233438491821,0.04021410457789898,5,,,,,,2026
td3_bc,47,supervised,0.04901072382926941,0.03705543465912342,5,,,,,,2026
td3_bc,47,actor,0.04901072382926941,0.03705543465912342,5,,,,,,2026
td3_bc,47,zero,0.3511319160461426,0.03824339061975479,5,,,,,,2026
td3_bc,47,random,-0.2707860469818115,0.03228597994893789,5,,,,,,2026
td3_bc,47,shuffled,1.0719951391220093,0.03682592883706093,5,,,,,,2026
td3_bc,47,perturb_0.25sigma,0.09728321433067322,0.037367978133261204,5,,,,,,2026
td3_bc,47,perturb_0.5sigma,0.28403908014297485,0.0380837507545948,5,,,,,,2026
td3_bc,47,perturb_1sigma,0.0533122718334198,0.03724554181098938,5,,,,,,2026
td3_bc,47,perturb_2sigma,-0.4088880717754364,0.029852357227355242,5,,,,,,2026
td3_bc,48,supervised,-0.8012988567352295,0.025547013618052006,5,,,,,,2026
td3_bc,48,actor,-0.8012988567352295,0.025547013618052006,5,,,,,,2026
td3_bc,48,zero,-0.7684882879257202,0.026780621148645878,5,,,,,,2026
td3_bc,48,random,-0.8905090093612671,0.020972684025764465,5,,,,,,2026
td3_bc,48,shuffled,-0.5892865657806396,0.02440622355788946,5,,,,,,2026
td3_bc,48,perturb_0.25sigma,-0.7905336618423462,0.025002998299896717,5,,,,,,2026
td3_bc,48,perturb_0.5sigma,-0.4016980528831482,0.025993783958256245,5,,,,,,2026
td3_bc,48,perturb_1sigma,-0.8645550012588501,0.020497892051935196,5,,,,,,2026
td3_bc,48,perturb_2sigma,-0.7554601430892944,0.02588676568120718,5,,,,,,2026
td3_bc,49,supervised,-1.6885892152786255,0.01322207786142826,5,,,,,,2026
td3_bc,49,actor,-1.6885892152786255,0.01322207786142826,5,,,,,,2026
td3_bc,49,zero,-1.5890849828720093,0.014398778788745403,5,,,,,,2026
td3_bc,49,random,-1.7556614875793457,0.014211797155439854,5,,,,,,2026
td3_bc,49,shuffled,-1.3586500883102417,0.010808451101183891,5,,,,,,2026
td3_bc,49,perturb_0.25sigma,-1.5974353551864624,0.010977132245898247,5,,,,,,2026
td3_bc,49,perturb_0.5sigma,-1.5983942747116089,0.009912911802530289,5,,,,,,2026
td3_bc,49,perturb_1sigma,-1.2826601266860962,0.012285933829843998,5,,,,,,2026
td3_bc,49,perturb_2sigma,-1.4687689542770386,0.008807240054011345,5,,,,,,2026
td3_bc,50,supervised,0.9523794054985046,0.057654294185340405,5,,,,,,2026
td3_bc,50,actor,0.9523794054985046,0.057654294185340405,5,,,,,,2026
td3_bc,50,zero,1.3186115026474,0.0587315671145916,5,,,,,,2026
td3_bc,50,random,0.732974648475647,0.053749142214655876,5,,,,,,2026
td3_bc,50,shuffled,1.7310043573379517,0.05841442942619324,5,,,,,,2026
td3_bc,50,perturb_0.25sigma,0.838129997253418,0.05683246720582247,5,,,,,,2026
td3_bc,50,perturb_0.5sigma,0.8717230558395386,0.05723156500607729,5,,,,,,2026
td3_bc,50,perturb_1sigma,1.4820793867111206,0.05415917653590441,5,,,,,,2026
td3_bc,50,perturb_2sigma,0.5568392276763916,0.05050144577398896,5,,,,,,2026
td3_bc,51,supervised,2.1019911766052246,0.047996788285672665,5,,,,,,2026
td3_bc,51,actor,2.1019911766052246,0.047996788285672665,5,,,,,,2026
td3_bc,51,zero,2.6495213508605957,0.049109237268567085,5,,,,,,2026
td3_bc,51,random,1.9348739385604858,0.047767424024641514,5,,,,,,2026
td3_bc,51,shuffled,2.0737178325653076,0.0485300412401557,5,,,,,,2026
td3_bc,51,perturb_0.25sigma,2.452157497406006,0.04868767689913511,5,,,,,,2026
td3_bc,51,perturb_0.5sigma,1.498282790184021,0.04592240136116743,5,,,,,,2026
td3_bc,51,perturb_1sigma,1.6968568563461304,0.04699257854372263,5,,,,,,2026
td3_bc,51,perturb_2sigma,0.5342044234275818,0.04104473628103733,5,,,,,,2026
td3_bc,52,supervised,2.8220722675323486,0.037072211503982544,5,,,,,,2026
td3_bc,52,actor,2.8220722675323486,0.037072211503982544,5,,,,,,2026
td3_bc,52,zero,1.712402105331421,0.03821989521384239,5,,,,,,2026
td3_bc,52,random,0.7397109270095825,0.03388719912618399,5,,,,,,2026
td3_bc,52,shuffled,1.0155519247055054,0.036992913112044334,5,,,,,,2026
td3_bc,52,perturb_0.25sigma,2.029258966445923,0.035090455785393715,5,,,,,,2026
td3_bc,52,perturb_0.5sigma,1.3362427949905396,0.037977179512381554,5,,,,,,2026
td3_bc,52,perturb_1sigma,0.6102378368377686,0.031963744666427374,5,,,,,,2026
td3_bc,52,perturb_2sigma,0.32123586535453796,0.024091589148156345,5,,,,,,2026
td3_bc,53,supervised,2.1620912551879883,0.02547947410494089,5,,,,,,2026
td3_bc,53,actor,2.1620912551879883,0.02547947410494089,5,,,,,,2026
td3_bc,53,zero,0.8333507776260376,0.026717565022408962,5,,,,,,2026
td3_bc,53,random,0.8899568319320679,0.02117989957332611,5,,,,,,2026
td3_bc,53,shuffled,0.3386422097682953,0.02474972140043974,5,,,,,,2026
td3_bc,53,perturb_0.25sigma,2.320352077484131,0.025018932297825813,5,,,,,,2026
td3_bc,53,perturb_0.5sigma,1.1483649015426636,0.026309970766305923,5,,,,,,2026
td3_bc,53,perturb_1sigma,0.05535838007926941,0.01600839290767908,5,,,,,,2026
td3_bc,53,perturb_2sigma,0.1352604627609253,0.01894642598927021,5,,,,,,2026
td3_bc,54,supervised,1.5972896814346313,0.012985353358089924,5,,,,,,2026
td3_bc,54,actor,1.5972896814346313,0.012985353358089924,5,,,,,,2026
td3_bc,54,zero,0.09738495945930481,0.014282559044659138,5,,,,,,2026
td3_bc,54,random,-0.4560305178165436,0.010788992047309875,5,,,,,,2026
td3_bc,54,shuffled,-0.36570337414741516,0.01132696121931076,5,,,,,,2026
td3_bc,54,perturb_0.25sigma,-0.02699124813079834,0.013406784273684025,5,,,,,,2026
td3_bc,54,perturb_0.5sigma,0.7681478261947632,0.010634557344019413,5,,,,,,2026
td3_bc,54,perturb_1sigma,-0.29931944608688354,0.012318196706473827,5,,,,,,2026
td3_bc,54,perturb_2sigma,-0.4247708320617676,0.0064272829331457615,5,,,,,,2026
td3_bc,55,supervised,1.1740238666534424,0.11461752094328403,5,,,,,,2026
td3_bc,55,actor,1.1740238666534424,0.11461752094328403,5,,,,,,2026
td3_bc,55,zero,-0.02725166082382202,0.10526287415996194,5,,,,,,2026
td3_bc,55,random,0.23565223813056946,0.08497783914208412,5,,,,,,2026
td3_bc,55,shuffled,-0.25830286741256714,0.0827980893664062,5,,,,,,2026
td3_bc,55,perturb_0.25sigma,1.0016716718673706,0.11023440398275852,5,,,,,,2026
td3_bc,55,perturb_0.5sigma,0.7926598787307739,0.10291311563923955,5,,,,,,2026
td3_bc,55,perturb_1sigma,0.7900398969650269,0.10392647003754973,5,,,,,,2026
td3_bc,55,perturb_2sigma,0.31846874952316284,0.08191338926553726,5,,,,,,2026
td3_bc,56,supervised,1.0968446731567383,0.10337607003748417,5,,,,,,2026
td3_bc,56,actor,1.0968446731567383,0.10337607003748417,5,,,,,,2026
td3_bc,56,zero,-0.29713335633277893,0.08387251570820808,5,,,,,,2026
td3_bc,56,random,-0.10225977003574371,0.0995620614849031,5,,,,,,2026
td3_bc,56,shuffled,-0.5647648572921753,0.055960119934752584,5,,,,,,2026
td3_bc,56,perturb_0.25sigma,1.0009595155715942,0.10002586431801319,5,,,,,,2026
td3_bc,56,perturb_0.5sigma,1.1615549325942993,0.10588797181844711,5,,,,,,2026
td3_bc,56,perturb_1sigma,0.9167891144752502,0.1019169706851244,5,,,,,,2026
td3_bc,56,perturb_2sigma,1.1162678003311157,0.10555760748684406,5,,,,,,2026
td3_bc,57,supervised,0.9938510656356812,0.08883950673043728,5,,,,,,2026
td3_bc,57,actor,0.9938510656356812,0.08883950673043728,5,,,,,,2026
td3_bc,57,zero,-0.6224393248558044,0.04995775246061385,5,,,,,,2026
td3_bc,57,random,-0.7524875998497009,0.032030119793489575,5,,,,,,2026
td3_bc,57,shuffled,-0.9424775838851929,0.01368003967218101,5,,,,,,2026
td3_bc,57,perturb_0.25sigma,0.5380514860153198,0.07727369852364063,5,,,,,,2026
td3_bc,57,perturb_0.5sigma,0.9819209575653076,0.08952066116034985,5,,,,,,2026
td3_bc,57,perturb_1sigma,-0.5797915458679199,0.05684420559555292,5,,,,,,2026
td3_bc,57,perturb_2sigma,-0.43317896127700806,0.019437748938798904,5,,,,,,2026
td3_bc,58,supervised,0.8216879367828369,0.0685780867934227,5,,,,,,2026
td3_bc,58,actor,0.8216879367828369,0.0685780867934227,5,,,,,,2026
td3_bc,58,zero,-1.0210907459259033,-0.013832600554451346,5,,,,,,2026
td3_bc,58,random,-1.0086019039154053,-0.015375510440208018,5,,,,,,2026
td3_bc,58,shuffled,-1.3143253326416016,-0.06357178464531898,5,,,,,,2026
td3_bc,58,perturb_0.25sigma,0.6340641975402832,0.07095322012901306,5,,,,,,2026
td3_bc,58,perturb_0.5sigma,0.07981917262077332,0.061804946046322584,5,,,,,,2026
td3_bc,58,perturb_1sigma,-0.4209271967411041,0.017268141731619835,5,,,,,,2026
td3_bc,58,perturb_2sigma,-0.8191750049591064,-0.04052354395389557,5,,,,,,2026
td3_bc,59,supervised,0.3950640857219696,0.03709385171532631,5,,,,,,2026
td3_bc,59,actor,0.3950640857219696,0.03709385171532631,5,,,,,,2026
td3_bc,59,zero,-1.405338168144226,-0.16042833030223846,5,,,,,,2026
td3_bc,59,random,-0.9203752279281616,-0.056792035698890686,5,,,,,,2026
td3_bc,59,shuffled,-1.5919276475906372,-0.23038522899150848,5,,,,,,2026
td3_bc,59,perturb_0.25sigma,0.0940186083316803,0.027347369119524956,5,,,,,,2026
td3_bc,59,perturb_0.5sigma,0.026192933320999146,0.022056858986616135,5,,,,,,2026
td3_bc,59,perturb_1sigma,0.37775367498397827,0.040173664689064026,5,,,,,,2026
td3_bc,59,perturb_2sigma,-1.505323052406311,-0.18918132781982422,5,,,,,,2026
td3_bc,60,supervised,2.0090742111206055,0.02850756235420704,5,,,,,,2026
td3_bc,60,actor,2.0090742111206055,0.02850756235420704,5,,,,,,2026
td3_bc,60,zero,1.456654667854309,0.024209159892052412,5,,,,,,2026
td3_bc,60,random,1.6386970281600952,0.02433811454102397,5,,,,,,2026
td3_bc,60,shuffled,1.0395258665084839,0.02110272494610399,5,,,,,,2026
td3_bc,60,perturb_0.25sigma,1.9795714616775513,0.028990864753723145,5,,,,,,2026
td3_bc,60,perturb_0.5sigma,1.9026048183441162,0.0309737715870142,5,,,,,,2026
td3_bc,60,perturb_1sigma,1.9912604093551636,0.027877201326191425,5,,,,,,2026
td3_bc,60,perturb_2sigma,1.8106085062026978,0.024414243176579475,5,,,,,,2026
td3_bc,61,supervised,1.8606806993484497,0.022964368108659983,5,,,,,,2026
td3_bc,61,actor,1.8606806993484497,0.022964368108659983,5,,,,,,2026
td3_bc,61,zero,1.2284191846847534,0.018775133416056633,5,,,,,,2026
td3_bc,61,random,1.4334114789962769,0.018994918558746576,5,,,,,,2026
td3_bc,61,shuffled,0.8242332935333252,0.015539281419478357,5,,,,,,2026
td3_bc,61,perturb_0.25sigma,1.831318736076355,0.02303049387410283,5,,,,,,2026
td3_bc,61,perturb_0.5sigma,1.8506771326065063,0.021617191843688488,5,,,,,,2026
td3_bc,61,perturb_1sigma,1.6609424352645874,0.023072094656527042,5,,,,,,2026
td3_bc,61,perturb_2sigma,1.0550345182418823,0.017755971173755825,5,,,,,,2026
td3_bc,62,supervised,1.613680362701416,0.01733367284759879,5,,,,,,2026
td3_bc,62,actor,1.613680362701416,0.01733367284759879,5,,,,,,2026
td3_bc,62,zero,0.7949204444885254,0.013261991320177913,5,,,,,,2026
td3_bc,62,random,1.2572013139724731,0.013233283068984747,5,,,,,,2026
td3_bc,62,shuffled,0.5182252526283264,0.009891000459901989,5,,,,,,2026
td3_bc,62,perturb_0.25sigma,1.6198159456253052,0.017466390505433083,5,,,,,,2026
td3_bc,62,perturb_0.5sigma,1.4020358324050903,0.01414406718686223,5,,,,,,2026
td3_bc,62,perturb_1sigma,1.098645806312561,0.013779482804238796,5,,,,,,2026
td3_bc,62,perturb_2sigma,1.3136582374572754,0.017973084468394518,5,,,,,,2026
td3_bc,63,supervised,1.2685927152633667,0.011605174746364355,5,,,,,,2026
td3_bc,63,actor,1.2685927152633667,0.011605174746364355,5,,,,,,2026
td3_bc,63,zero,0.2241809219121933,0.007686814293265343,5,,,,,,2026
td3_bc,63,random,0.03136398643255234,0.0058477869897615165,5,,,,,,2026
td3_bc,63,shuffled,0.05033396929502487,0.004185179364867508,5,,,,,,2026
td3_bc,63,perturb_0.25sigma,1.2552939653396606,0.011645228136330843,5,,,,,,2026
td3_bc,63,perturb_0.5sigma,1.2583860158920288,0.010078262072056532,5,,,,,,2026
td3_bc,63,perturb_1sigma,1.1111642122268677,0.009662967175245285,5,,,,,,2026
td3_bc,63,perturb_2sigma,1.0532244443893433,0.009827321395277977,5,,,,,,2026
td3_bc,64,supervised,0.8307021260261536,0.005783152766525745,5,,,,,,2026
td3_bc,64,actor,0.8307021260261536,0.005783152766525745,5,,,,,,2026
td3_bc,64,zero,-0.24708856642246246,0.002102370373904705,5,,,,,,2026
td3_bc,64,random,0.2638944387435913,0.00183278345502913,5,,,,,,2026
td3_bc,64,shuffled,-0.47024402022361755,-0.0015232726000249386,5,,,,,,2026
td3_bc,64,perturb_0.25sigma,0.8393044471740723,0.005454678554087877,5,,,,,,2026
td3_bc,64,perturb_0.5sigma,0.8330956697463989,0.0030559489969164133,5,,,,,,2026
td3_bc,64,perturb_1sigma,0.4749574065208435,0.008032767102122307,5,,,,,,2026
td3_bc,64,perturb_2sigma,0.14389489591121674,0.009999076835811138,5,,,,,,2026
td3_bc,65,supervised,2.086365222930908,0.008147332060616463,5,,,,,,2026
td3_bc,65,actor,2.086365222930908,0.008147332060616463,5,,,,,,2026
td3_bc,65,zero,1.5412169694900513,0.014018293644767255,5,,,,,,2026
td3_bc,65,random,1.2234704494476318,0.008812796964775771,5,,,,,,2026
td3_bc,65,shuffled,1.2238208055496216,0.008424855477642268,5,,,,,,2026
td3_bc,65,perturb_0.25sigma,1.9748905897140503,0.007897436909843236,5,,,,,,2026
td3_bc,65,perturb_0.5sigma,2.1684865951538086,0.011342437384882942,5,,,,,,2026
td3_bc,65,perturb_1sigma,1.307076334953308,0.009027632695506327,5,,,,,,2026
td3_bc,65,perturb_2sigma,2.1529126167297363,0.0075084359414177015,5,,,,,,2026
td3_bc,66,supervised,1.9800313711166382,0.006869030476082116,5,,,,,,2026
td3_bc,66,actor,1.9800313711166382,0.006869030476082116,5,,,,,,2026
td3_bc,66,zero,1.2497279644012451,0.012902319780550897,5,,,,,,2026
td3_bc,66,random,1.099267601966858,0.010388607042841613,5,,,,,,2026
td3_bc,66,shuffled,0.8823280334472656,0.006645021843723953,5,,,,,,2026
td3_bc,66,perturb_0.25sigma,1.721585988998413,0.005608996609225869,5,,,,,,2026
td3_bc,66,perturb_0.5sigma,1.9878488779067993,0.007813570613507181,5,,,,,,2026
td3_bc,66,perturb_1sigma,1.4854623079299927,0.0060473186313174665,5,,,,,,2026
td3_bc,66,perturb_2sigma,0.8999824523925781,0.007573594368295744,5,,,,,,2026
td3_bc,67,supervised,1.594525933265686,0.005637080525048077,5,,,,,,2026
td3_bc,67,actor,1.594525933265686,0.005637080525048077,5,,,,,,2026
td3_bc,67,zero,0.8186204433441162,0.011609825189225376,5,,,,,,2026
td3_bc,67,random,0.5844462513923645,0.00923177192453295,5,,,,,,2026
td3_bc,67,shuffled,0.262724369764328,0.0046848227066220716,5,,,,,,2026
td3_bc,67,perturb_0.25sigma,1.370018720626831,0.004452783381566405,5,,,,,,2026
td3_bc,67,perturb_0.5sigma,1.208339810371399,0.004043022636324167,5,,,,,,2026
td3_bc,67,perturb_1sigma,1.1740009784698486,0.004204825032502413,5,,,,,,2026
td3_bc,67,perturb_2sigma,0.4868619441986084,0.009380539413541555,5,,,,,,2026
td3_bc,68,supervised,0.4671650528907776,0.004244722658768296,5,,,,,,2026
td3_bc,68,actor,0.4671650528907776,0.004244722658768296,5,,,,,,2026
td3_bc,68,zero,-0.055610716342926025,0.009934772737324238,5,,,,,,2026
td3_bc,68,random,-0.3548446595668793,0.005989086581394076,5,,,,,,2026
td3_bc,68,shuffled,-0.35135045647621155,0.002363157967920415,5,,,,,,2026
td3_bc,68,perturb_0.25sigma,0.4982258677482605,0.004752840963192284,5,,,,,,2026
td3_bc,68,perturb_0.5sigma,-0.1041308045387268,0.0024670527200214565,5,,,,,,2026
td3_bc,68,perturb_1sigma,-0.33437642455101013,0.003981257788836956,5,,,,,,2026
td3_bc,68,perturb_2sigma,-0.43190261721611023,0.009391959174536169,5,,,,,,2026
td3_bc,69,supervised,-1.1123627424240112,0.0024572485126554966,5,,,,,,2026
td3_bc,69,actor,-1.1123627424240112,0.0024572485126554966,5,,,,,,2026
td3_bc,69,zero,-0.661496102809906,0.007641792297363281,5,,,,,,2026
td3_bc,69,random,-1.16373610496521,0.0031641977839171886,5,,,,,,2026
td3_bc,69,shuffled,-0.8361219167709351,-0.0005461131222546101,5,,,,,,2026
td3_bc,69,perturb_0.25sigma,-1.3336268663406372,0.0011950826738029718,5,,,,,,2026
td3_bc,69,perturb_0.5sigma,-0.6599859595298767,0.0064827073365449905,5,,,,,,2026
td3_bc,69,perturb_1sigma,-0.7934697866439819,0.0039800419472157955,5,,,,,,2026
td3_bc,69,perturb_2sigma,-1.3123773336410522,0.0050532021559774876,5,,,,,,2026
td3_bc,70,supervised,2.086365222930908,0.008147332060616463,5,,,,,,2026
td3_bc,70,actor,2.086365222930908,0.008147332060616463,5,,,,,,2026
td3_bc,70,zero,1.5412169694900513,0.014018293644767255,5,,,,,,2026
td3_bc,70,random,1.319919466972351,0.011475131672341377,5,,,,,,2026
td3_bc,70,shuffled,1.2238208055496216,0.008424855477642268,5,,,,,,2026
td3_bc,70,perturb_0.25sigma,2.1140642166137695,0.007863458435167558,5,,,,,,2026
td3_bc,70,perturb_0.5sigma,1.93003249168396,0.006631505792029202,5,,,,,,2026
td3_bc,70,perturb_1sigma,1.3757017850875854,0.00715270401633461,5,,,,,,2026
td3_bc,70,perturb_2sigma,1.7963135242462158,0.006552088460011873,5,,,,,,2026
td3_bc,71,supervised,1.8354156017303467,0.033877355977892876,5,,,,,,2026
td3_bc,71,actor,1.8354156017303467,0.033877355977892876,5,,,,,,2026
td3_bc,71,zero,1.3453315496444702,0.027964442095253617,5,,,,,,2026
td3_bc,71,random,1.3017832040786743,0.027805195364635438,5,,,,,,2026
td3_bc,71,shuffled,0.8288725018501282,0.026507358823437244,5,,,,,,2026
td3_bc,71,perturb_0.25sigma,1.807602882385254,0.03390091937035322,5,,,,,,2026
td3_bc,71,perturb_0.5sigma,1.8285624980926514,0.03380867186933756,5,,,,,,2026
td3_bc,71,perturb_1sigma,1.7675788402557373,0.033900681883096695,5,,,,,,2026
td3_bc,71,perturb_2sigma,1.7670146226882935,0.03385544987395406,5,,,,,,2026
td3_bc,72,supervised,1.6805187463760376,0.027280624955892563,5,,,,,,2026
td3_bc,72,actor,1.6805187463760376,0.027280624955892563,5,,,,,,2026
td3_bc,72,zero,1.0989481210708618,0.021316250320523977,5,,,,,,2026
td3_bc,72,random,1.1382925510406494,0.021366988366935402,5,,,,,,2026
td3_bc,72,shuffled,0.5986008048057556,0.019811726117040962,5,,,,,,2026
td3_bc,72,perturb_0.25sigma,1.6550354957580566,0.02728405874222517,5,,,,,,2026
td3_bc,72,perturb_0.5sigma,1.641134262084961,0.027275889180600643,5,,,,,,2026
td3_bc,72,perturb_1sigma,1.601900577545166,0.02729376731440425,5,,,,,,2026
td3_bc,72,perturb_2sigma,1.7067760229110718,0.02598197292536497,5,,,,,,2026
td3_bc,73,supervised,1.4398912191390991,0.02057484071701765,5,,,,,,2026
td3_bc,73,actor,1.4398912191390991,0.02057484071701765,5,,,,,,2026
td3_bc,73,zero,0.6884379386901855,0.014575575885828584,5,,,,,,2026
td3_bc,73,random,0.5778534412384033,0.014086068083997816,5,,,,,,2026
td3_bc,73,shuffled,0.356935977935791,0.013027369743213058,5,,,,,,2026
td3_bc,73,perturb_0.25sigma,1.420627474784851,0.02057069633156061,5,,,,,,2026
td3_bc,73,perturb_0.5sigma,1.4574919939041138,0.020518364384770393,5,,,,,,2026
td3_bc,73,perturb_1sigma,1.4187904596328735,0.020572118926793337,5,,,,,,2026
td3_bc,73,perturb_2sigma,0.8270401954650879,0.015226849354803562,5,,,,,,2026
td3_bc,74,supervised,1.0602811574935913,0.01377930911257863,5,,,,,,2026
td3_bc,74,actor,1.0602811574935913,0.01377930911257863,5,,,,,,2026
td3_bc,74,zero,0.18028239905834198,0.007759238942526281,5,,,,,,2026
td3_bc,74,random,1.0646611452102661,0.011044790502637625,5,,,,,,2026
td3_bc,74,shuffled,0.06981121748685837,0.006177014438435435,5,,,,,,2026
td3_bc,74,perturb_0.25sigma,1.0471467971801758,0.013775046914815903,5,,,,,,2026
td3_bc,74,perturb_0.5sigma,0.8662996292114258,0.013730176724493504,5,,,,,,2026
td3_bc,74,perturb_1sigma,1.1343958377838135,0.013339037075638771,5,,,,,,2026
td3_bc,74,perturb_2sigma,0.8329230546951294,0.012796422000974417,5,,,,,,2026
td3_bc,75,supervised,0.45694026350975037,0.006917239166796207,5,,,,,,2026
td3_bc,75,actor,0.45694026350975037,0.006917239166796207,5,,,,,,2026
td3_bc,75,zero,-0.27643412351608276,0.0008793215383775532,5,,,,,,2026
td3_bc,75,random,-0.4626173973083496,-7.039115735096857e-05,5,,,,,,2026
td3_bc,75,shuffled,-0.32269763946533203,-0.0007316678529605269,5,,,,,,2026
td3_bc,75,perturb_0.25sigma,0.5348074436187744,0.006898653227835894,5,,,,,,2026
td3_bc,75,perturb_0.5sigma,0.6410251259803772,0.006883617956191301,5,,,,,,2026
td3_bc,75,perturb_1sigma,0.5817159414291382,0.006764274090528488,5,,,,,,2026
td3_bc,75,perturb_2sigma,-0.19665175676345825,0.002462636912241578,5,,,,,,2026
td3_bc,76,supervised,1.144588828086853,0.03768057422712445,5,,,,,,2026
td3_bc,76,actor,1.144588828086853,0.03768057422712445,5,,,,,,2026
td3_bc,76,zero,0.3558284640312195,0.039319292176514864,5,,,,,,2026
td3_bc,76,random,0.46455347537994385,0.03891182504594326,5,,,,,,2026
td3_bc,76,shuffled,0.21051621437072754,0.03797581256367266,5,,,,,,2026
td3_bc,76,perturb_0.25sigma,1.1486376523971558,0.03767767082899809,5,,,,,,2026
td3_bc,76,perturb_0.5sigma,0.8831784725189209,0.037967763375490904,5,,,,,,2026
td3_bc,76,perturb_1sigma,1.3735712766647339,0.03665503207594156,5,,,,,,2026
td3_bc,76,perturb_2sigma,0.6183770298957825,0.03830996295437217,5,,,,,,2026
td3_bc,77,supervised,0.9890886545181274,0.031080402433872223,5,,,,,,2026
td3_bc,77,actor,0.9890886545181274,0.031080402433872223,5,,,,,,2026
td3_bc,77,zero,0.13486449420452118,0.03298999392427504,5,,,,,,2026
td3_bc,77,random,-0.005103811621665955,0.03313744952902198,5,,,,,,2026
td3_bc,77,shuffled,-0.02599652111530304,0.03256558743305504,5,,,,,,2026
td3_bc,77,perturb_0.25sigma,0.8747638463973999,0.031113639008253813,5,,,,,,2026
td3_bc,77,perturb_0.5sigma,0.37145426869392395,0.03169617895036936,5,,,,,,2026
td3_bc,77,perturb_1sigma,0.45984017848968506,0.031572932843118906,5,,,,,,2026
td3_bc,77,perturb_2sigma,0.20677930116653442,0.025242167990654707,5,,,,,,2026
td3_bc,78,supervised,0.8650216460227966,0.02407565526664257,5,,,,,,2026
td3_bc,78,actor,0.8650216460227966,0.02407565526664257,5,,,,,,2026
td3_bc,78,zero,-0.20458461344242096,0.026275803335011005,5,,,,,,2026
td3_bc,78,random,-0.23097345232963562,0.026170098688453436,5,,,,,,2026
td3_bc,78,shuffled,-0.35204964876174927,0.0270139304921031,5,,,,,,2026
td3_bc,78,perturb_0.25sigma,0.0689045637845993,0.02453471953049302,5,,,,,,2026
td3_bc,78,perturb_0.5sigma,-0.11117301881313324,0.01826943038031459,5,,,,,,2026
td3_bc,78,perturb_1sigma,1.1533842086791992,0.023996508680284023,5,,,,,,2026
td3_bc,78,perturb_2sigma,-0.24590198695659637,0.016623901668936014,5,,,,,,2026
td3_bc,79,supervised,0.43944665789604187,0.01659722812473774,5,,,,,,2026
td3_bc,79,actor,0.43944665789604187,0.01659722812473774,5,,,,,,2026
td3_bc,79,zero,-0.652776837348938,0.019094415940344334,5,,,,,,2026
td3_bc,79,random,-0.8469580411911011,0.020803021267056465,5,,,,,,2026
td3_bc,79,shuffled,-0.7978403568267822,0.021263400558382273,5,,,,,,2026
td3_bc,79,perturb_0.25sigma,1.1795217990875244,0.015996808651834726,5,,,,,,2026
td3_bc,79,perturb_0.5sigma,-0.3829827308654785,0.016598989255726337,5,,,,,,2026
td3_bc,79,perturb_1sigma,-0.3482562005519867,0.01649780385196209,5,,,,,,2026
td3_bc,79,perturb_2sigma,-0.6450086832046509,0.008869720622897148,5,,,,,,2026
td3_bc,-1,summary,,,5,,0.4218487394957983,0.6897859936750473,0.0875,0.15,2026
