variant,state,candidate,q,return,horizon,pearson,spearman,pairwise,top1,top2,Seed
full_cycle0,0,supervised,0.2012169361114502,0.010559701011516154,5,,,,,,42
full_cycle0,0,actor,-0.15965917706489563,0.010898560169152915,5,,,,,,42
full_cycle0,0,zero,-0.121082603931427,0.012560793082229793,5,,,,,,42
full_cycle0,0,random,-0.047637611627578735,0.012102136272005737,5,,,,,,42
full_cycle0,0,shuffled,0.05385977774858475,0.014924878370948136,5,,,,,,42
full_cycle0,0,perturb_0.25sigma,0.129904642701149,0.010182903439272195,5,,,,,,42
full_cycle0,0,perturb_0.5sigma,0.014863566495478153,0.010048223717603832,5,,,,,,42
full_cycle0,0,perturb_1sigma,0.0017824480310082436,0.009490083786658943,5,,,,,,42
full_cycle0,0,perturb_2sigma,0.01078242901712656,0.014707926427945495,5,,,,,,42
full_cycle0,1,supervised,-0.04986795783042908,0.007555431337095797,5,,,,,,42
full_cycle0,1,actor,-0.2340431809425354,0.007854041876271367,5,,,,,,42
full_cycle0,1,zero,-0.20400047302246094,0.009053332381881773,5,,,,,,42
full_cycle0,1,random,-0.013106889091432095,0.008052499615587294,5,,,,,,42
full_cycle0,1,shuffled,-0.13826104998588562,0.011032998678274453,5,,,,,,42
full_cycle0,1,perturb_0.25sigma,-0.04424406588077545,0.007675269385799766,5,,,,,,42
full_cycle0,1,perturb_0.5sigma,-0.06613698601722717,0.007334162830375135,5,,,,,,42
full_cycle0,1,perturb_1sigma,-0.09917235374450684,0.009056581533513963,5,,,,,,42
full_cycle0,1,perturb_2sigma,-0.15784576535224915,0.006476111419033259,5,,,,,,42
full_cycle0,2,supervised,-0.21153375506401062,0.005309184663929045,5,,,,,,42
full_cycle0,2,actor,-0.2535853683948517,0.005553129012696445,5,,,,,,42
full_cycle0,2,zero,-0.20880365371704102,0.006377317942678928,5,,,,,,42
full_cycle0,2,random,-0.25093981623649597,0.004970913054421544,5,,,,,,42
full_cycle0,2,shuffled,-0.08524854481220245,0.007965134805999696,5,,,,,,42
full_cycle0,2,perturb_0.25sigma,-0.220967099070549,0.005367244593799114,5,,,,,,42
full_cycle0,2,perturb_0.5sigma,-0.22712844610214233,0.005024637910537422,5,,,,,,42
full_cycle0,2,perturb_1sigma,-0.21144092082977295,0.004848476964980364,5,,,,,,42
full_cycle0,2,perturb_2sigma,-0.1919623613357544,0.004407689382787794,5,,,,,,42
full_cycle0,3,supervised,-0.2795443534851074,0.0035429183626547456,5,,,,,,42
full_cycle0,3,actor,-0.2411108911037445,0.0037344334414228797,5,,,,,,42
full_cycle0,3,zero,-0.1588032990694046,0.004332878859713674,5,,,,,,42
full_cycle0,3,random,-0.28818565607070923,0.0029214799869805574,5,,,,,,42
full_cycle0,3,shuffled,-0.012266266159713268,0.005607503466308117,5,,,,,,42
full_cycle0,3,perturb_0.25sigma,-0.27419981360435486,0.00350475765299052,5,,,,,,42
full_cycle0,3,perturb_0.5sigma,-0.2884874641895294,0.0028765442548319697,5,,,,,,42
full_cycle0,3,perturb_1sigma,-0.28405746817588806,0.003373465733602643,5,,,,,,42
full_cycle0,3,perturb_2sigma,-0.2586895525455475,0.0025716994423419237,5,,,,,,42
full_cycle0,4,supervised,-0.27848511934280396,0.002059194492176175,5,,,,,,42
full_cycle0,4,actor,-0.24722036719322205,0.0021919512655586004,5,,,,,,42
full_cycle0,4,zero,-0.15829028189182281,0.0026903452817350626,5,,,,,,42
full_cycle0,4,random,-0.0776727944612503,0.003836247604340315,5,,,,,,42
full_cycle0,4,shuffled,-0.021751604974269867,0.0037402957677841187,5,,,,,,42
full_cycle0,4,perturb_0.25sigma,-0.24600037932395935,0.0021635228767991066,5,,,,,,42
full_cycle0,4,perturb_0.5sigma,-0.27924174070358276,0.0020318282768130302,5,,,,,,42
full_cycle0,4,perturb_1sigma,-0.14447429776191711,0.0025891647674143314,5,,,,,,42
full_cycle0,4,perturb_2sigma,-0.2369125485420227,0.0025575379841029644,5,,,,,,42
full_cycle0,5,supervised,0.2012169361114502,0.010559701011516154,5,,,,,,42
full_cycle0,5,actor,-0.15965917706489563,0.010898560169152915,5,,,,,,42
full_cycle0,5,zero,-0.121082603931427,0.012560793082229793,5,,,,,,42
full_cycle0,5,random,-0.15373387932777405,0.0135008116485551,5,,,,,,42
full_cycle0,5,shuffled,0.05385977774858475,0.014924878370948136,5,,,,,,42
full_cycle0,5,perturb_0.25sigma,0.20710813999176025,0.010620015091262758,5,,,,,,42
full_cycle0,5,perturb_0.5sigma,0.20110584795475006,0.011005498585291207,5,,,,,,42
full_cycle0,5,perturb_1sigma,0.08356253057718277,0.012158575817011297,5,,,,,,42
full_cycle0,5,perturb_2sigma,-0.30628296732902527,0.007381481176707894,5,,,,,,42
full_cycle0,6,supervised,-0.049118272960186005,0.008660795399919152,5,,,,,,42
full_cycle0,6,actor,-0.2046612948179245,0.008860691101290286,5,,,,,,42
full_cycle0,6,zero,-0.2009625881910324,0.010094431694597006,5,,,,,,42
full_cycle0,6,random,-0.07627193629741669,0.008221139782108366,5,,,,,,42
full_cycle0,6,shuffled,-0.13153952360153198,0.012161833001300693,5,,,,,,42
full_cycle0,6,perturb_0.25sigma,-0.06707422435283661,0.008844883879646659,5,,,,,,42
full_cycle0,6,perturb_0.5sigma,-0.04742354154586792,0.008016902953386307,5,,,,,,42
full_cycle0,6,perturb_1sigma,-0.07571490108966827,0.00807108508888632,5,,,,,,42
full_cycle0,6,perturb_2sigma,-0.04466217756271362,0.008077855687588453,5,,,,,,42
full_cycle0,7,supervised,-0.2064831703901291,0.006239298149012029,5,,,,,,42
full_cycle0,7,actor,-0.24141022562980652,0.006355769815854728,5,,,,,,42
full_cycle0,7,zero,-0.1974046379327774,0.007238612626679242,5,,,,,,42
full_cycle0,7,random,-0.2298576384782791,0.00596803892403841,5,,,,,,42
full_cycle0,7,shuffled,-0.08264859020709991,0.009007835411466658,5,,,,,,42
full_cycle0,7,perturb_0.25sigma,-0.22790555655956268,0.006532441242597997,5,,,,,,42
full_cycle0,7,perturb_0.5sigma,-0.19230183959007263,0.005104385549202561,5,,,,,,42
full_cycle0,7,perturb_1sigma,-0.1912863850593567,0.005409167963080108,5,,,,,,42
full_cycle0,7,perturb_2sigma,-0.17505180835723877,0.004447882412932813,5,,,,,,42
full_cycle0,8,supervised,-0.26056233048439026,0.004874495672993362,5,,,,,,42
full_cycle0,8,actor,-0.23843184113502502,0.0049116736045107245,5,,,,,,42
full_cycle0,8,zero,-0.15278486907482147,0.005565291969105601,5,,,,,,42
full_cycle0,8,random,0.024892784655094147,0.00758926966227591,5,,,,,,42
full_cycle0,8,shuffled,-0.011605429463088512,0.00671516265720129,5,,,,,,42
full_cycle0,8,perturb_0.25sigma,-0.2622695565223694,0.004745848476886749,5,,,,,,42
full_cycle0,8,perturb_0.5sigma,-0.18695060908794403,0.005307110026478767,5,,,,,,42
full_cycle0,8,perturb_1sigma,-0.2185317873954773,0.0050926473923027515,5,,,,,,42
full_cycle0,8,perturb_2sigma,-0.24327710270881653,0.003473733551800251,5,,,,,,42
full_cycle0,9,supervised,-0.2525258958339691,0.003223648527637124,5,,,,,,42
full_cycle0,9,actor,-0.24345654249191284,0.003214852185919881,5,,,,,,42
full_cycle0,9,zero,-0.15252427756786346,0.0037130978889763355,5,,,,,,42
full_cycle0,9,random,-0.2487269639968872,0.0030939937569200993,5,,,,,,42
full_cycle0,9,shuffled,-0.020677749067544937,0.004524424206465483,5,,,,,,42
full_cycle0,9,perturb_0.25sigma,-0.24384945631027222,0.0032721287570893764,5,,,,,,42
full_cycle0,9,perturb_0.5sigma,-0.30099356174468994,0.002657974837347865,5,,,,,,42
full_cycle0,9,perturb_1sigma,-0.21095213294029236,0.0033936798572540283,5,,,,,,42
full_cycle0,9,perturb_2sigma,-0.1171533465385437,0.003683288348838687,5,,,,,,42
full_cycle0,10,supervised,-0.14170891046524048,0.0024492258380632848,5,,,,,,42
full_cycle0,10,actor,-0.18134474754333496,0.0025945807865355164,5,,,,,,42
full_cycle0,10,zero,-0.12057910859584808,0.0032816469902172685,5,,,,,,42
full_cycle0,10,random,-0.10823068767786026,0.0033808317966759205,5,,,,,,42
full_cycle0,10,shuffled,0.2550787031650543,0.0033497435797471553,5,,,,,,42
full_cycle0,10,perturb_0.25sigma,-0.09542904049158096,0.0024671036226209253,5,,,,,,42
full_cycle0,10,perturb_0.5sigma,-0.12264588475227356,0.0023769208637531847,5,,,,,,42
full_cycle0,10,perturb_1sigma,-0.15104669332504272,0.002554256934672594,5,,,,,,42
full_cycle0,10,perturb_2sigma,-0.20204150676727295,0.0020624920434784144,5,,,,,,42
full_cycle0,11,supervised,-0.1778045892715454,0.0010715954849729314,5,,,,,,42
full_cycle0,11,actor,-0.2079325020313263,0.0010511140717426315,5,,,,,,42
full_cycle0,11,zero,-0.18952998518943787,0.0018951852835016325,5,,,,,,42
full_cycle0,11,random,0.09297019243240356,0.002241347057861276,5,,,,,,42
full_cycle0,11,shuffled,0.13105162978172302,0.002165775338653475,5,,,,,,42
full_cycle0,11,perturb_0.25sigma,-0.15993818640708923,0.0009908086794894189,5,,,,,,42
full_cycle0,11,perturb_0.5sigma,-0.1609472930431366,0.0010572954633971676,5,,,,,,42
full_cycle0,11,perturb_1sigma,-0.0015232404693961143,0.0013073099835310131,5,,,,,,42
full_cycle0,11,perturb_2sigma,-0.1427614688873291,0.0016115849430207163,5,,,,,,42
full_cycle0,12,supervised,-0.20196788012981415,0.00047856099627097137,5,,,,,,42
full_cycle0,12,actor,-0.20921394228935242,0.00037154776509851217,5,,,,,,42
full_cycle0,12,zero,-0.19157403707504272,0.0012450387002900243,5,,,,,,42
full_cycle0,12,random,-0.19323761761188507,0.0009031530498759821,5,,,,,,42
full_cycle0,12,shuffled,0.04211573302745819,0.0016059955669334158,5,,,,,,42
full_cycle0,12,perturb_0.25sigma,-0.19636180996894836,0.0004230306949466467,5,,,,,,42
full_cycle0,12,perturb_0.5sigma,-0.20434173941612244,0.0004866666567977518,5,,,,,,42
full_cycle0,12,perturb_1sigma,-0.19588333368301392,0.0005244610147201456,5,,,,,,42
full_cycle0,12,perturb_2sigma,-0.1669876128435135,0.0008889747550711036,5,,,,,,42
full_cycle0,13,supervised,-0.2765749990940094,0.0004518736277532298,5,,,,,,42
full_cycle0,13,actor,-0.25687333941459656,0.0002981528959935531,5,,,,,,42
full_cycle0,13,zero,-0.1529402881860733,0.0010550855367910117,5,,,,,,42
full_cycle0,13,random,-0.0025190776214003563,0.0013820828462485224,5,,,,,,42
full_cycle0,13,shuffled,-0.017786726355552673,0.0014486598374787718,5,,,,,,42
full_cycle0,13,perturb_0.25sigma,-0.2777661681175232,0.0004548490032902919,5,,,,,,42
full_cycle0,13,perturb_0.5sigma,-0.2780264616012573,0.0003683460672618821,5,,,,,,42
full_cycle0,13,perturb_1sigma,-0.28290855884552,0.00037572842848021537,5,,,,,,42
full_cycle0,13,perturb_2sigma,-0.25417110323905945,0.0005806840199511498,5,,,,,,42
full_cycle0,14,supervised,-0.33030906319618225,0.0005451863398775458,5,,,,,,42
full_cycle0,14,actor,-0.2819276750087738,0.0003372623468749225,5,,,,,,42
full_cycle0,14,zero,-0.1503058820962906,0.00086799735436216,5,,,,,,42
full_cycle0,14,random,-0.07016853988170624,0.001135572325438261,5,,,,,,42
full_cycle0,14,shuffled,-0.10967595130205154,0.00123054429423064,5,,,,,,42
full_cycle0,14,perturb_0.25sigma,-0.3368813097476959,0.0004956211196258664,5,,,,,,42
full_cycle0,14,perturb_0.5sigma,-0.3279629945755005,0.0006744484417140484,5,,,,,,42
full_cycle0,14,perturb_1sigma,-0.31065720319747925,0.00032915783231146634,5,,,,,,42
full_cycle0,14,perturb_2sigma,-0.2400297224521637,0.0005871279863640666,5,,,,,,42
full_cycle0,15,supervised,-0.11010826379060745,0.0028572400369739626,5,,,,,,42
full_cycle0,15,actor,-0.19187933206558228,0.0032454539541504346,5,,,,,,42
full_cycle0,15,zero,-0.11675876379013062,0.0041447668481851,5,,,,,,42
full_cycle0,15,random,0.15232795476913452,0.003629597500548698,5,,,,,,42
full_cycle0,15,shuffled,0.34934455156326294,0.004386138985864818,5,,,,,,42
full_cycle0,15,perturb_0.25sigma,-0.05837272107601166,0.0030330703666550107,5,,,,,,42
full_cycle0,15,perturb_0.5sigma,-0.15440891683101654,0.002757166337687522,5,,,,,,42
full_cycle0,15,perturb_1sigma,-0.02452164888381958,0.0030150534730637446,5,,,,,,42
full_cycle0,15,perturb_2sigma,-0.006643026135861874,0.0033774420371628366,5,,,,,,42
full_cycle0,16,supervised,-0.15709123015403748,0.0009051758679561317,5,,,,,,42
full_cycle0,16,actor,-0.23567676544189453,0.0011242988402955234,5,,,,,,42
full_cycle0,16,zero,-0.19256600737571716,0.002038424403508543,5,,,,,,42
full_cycle0,16,random,-0.21609708666801453,0.0023929691669763997,5,,,,,,42
full_cycle0,16,shuffled,0.2449312061071396,0.0026984353607986122,5,,,,,,42
full_cycle0,16,perturb_0.25sigma,-0.1879763901233673,0.0008233823900809512,5,,,,,,42
full_cycle0,16,perturb_0.5sigma,-0.12409134209156036,0.0009815514131332748,5,,,,,,42
full_cycle0,16,perturb_1sigma,-0.18839678168296814,0.0008876486317603849,5,,,,,,42
full_cycle0,16,perturb_2sigma,-0.16462670266628265,0.0008898993728507776,5,,,,,,42
full_cycle0,17,supervised,-0.20387905836105347,9.063955076271668e-06,5,,,,,,42
full_cycle0,17,actor,-0.22340980172157288,8.199597868951969e-05,5,,,,,,42
full_cycle0,17,zero,-0.19921687245368958,0.000999109193799086,5,,,,,,42
full_cycle0,17,random,-0.18958058953285217,0.00020281413162592798,5,,,,,,42
full_cycle0,17,shuffled,0.18493182957172394,0.0018961834721267223,5,,,,,,42
full_cycle0,17,perturb_0.25sigma,-0.20970651507377625,-1.634092041058466e-05,5,,,,,,42
full_cycle0,17,perturb_0.5sigma,-0.20381692051887512,-4.000306307716528e-05,5,,,,,,42
full_cycle0,17,perturb_1sigma,-0.21224740147590637,0.0004391741385916248,5,,,,,,42
full_cycle0,17,perturb_2sigma,-0.23290464282035828,-6.888176721986383e-05,5,,,,,,42
full_cycle0,18,supervised,-0.2869054079055786,-0.0001013182190945372,5,,,,,,42
full_cycle0,18,actor,-0.25207605957984924,-0.00015259606152540073,5,,,,,,42
full_cycle0,18,zero,-0.15942423045635223,0.0007029207627056167,5,,,,,,42
full_cycle0,18,random,-0.2444363534450531,-0.0002455964277032763,5,,,,,,42
full_cycle0,18,shuffled,0.0869874507188797,0.0017031649404088967,5,,,,,,42
full_cycle0,18,perturb_0.25sigma,-0.29043254256248474,-7.885933155193925e-05,5,,,,,,42
full_cycle0,18,perturb_0.5sigma,-0.29148069024086,-3.525099600665271e-05,5,,,,,,42
full_cycle0,18,perturb_1sigma,-0.2839634120464325,5.285517545416951e-05,5,,,,,,42
full_cycle0,18,perturb_2sigma,-0.1519061177968979,0.00041610648622736335,5,,,,,,42
full_cycle0,19,supervised,-0.3369041085243225,0.00018697051564231515,5,,,,,,42
full_cycle0,19,actor,-0.26769736409187317,1.259027067135321e-05,5,,,,,,42
full_cycle0,19,zero,-0.15612360835075378,0.0007304313476197422,5,,,,,,42
full_cycle0,19,random,-0.2578563094139099,0.00024513949756510556,5,,,,,,42
full_cycle0,19,shuffled,-0.06812678277492523,0.0017459746450185776,5,,,,,,42
full_cycle0,19,perturb_0.25sigma,-0.36331140995025635,0.00027802205295301974,5,,,,,,42
full_cycle0,19,perturb_0.5sigma,-0.3583044707775116,0.00025966326938942075,5,,,,,,42
full_cycle0,19,perturb_1sigma,-0.31375566124916077,6.289140583248809e-05,5,,,,,,42
full_cycle0,19,perturb_2sigma,-0.3446747362613678,0.000360958423698321,5,,,,,,42
full_cycle0,20,supervised,0.1395588517189026,0.023978129494935274,5,,,,,,42
full_cycle0,20,actor,-0.10315649211406708,0.023523388197645545,5,,,,,,42
full_cycle0,20,zero,-0.12434576451778412,0.024624954676255584,5,,,,,,42
full_cycle0,20,random,-0.09789237380027771,0.02754335757344961,5,,,,,,42
full_cycle0,20,shuffled,-0.041670382022857666,0.025421777740120888,5,,,,,,42
full_cycle0,20,perturb_0.25sigma,0.14343972504138947,0.025678590405732393,5,,,,,,42
full_cycle0,20,perturb_0.5sigma,0.16162267327308655,0.023410822032019496,5,,,,,,42
full_cycle0,20,perturb_1sigma,0.06073249876499176,0.024430499179288745,5,,,,,,42
full_cycle0,20,perturb_2sigma,0.15815243124961853,0.03035135054960847,5,,,,,,42
full_cycle0,21,supervised,-0.14910657703876495,0.019967088475823402,5,,,,,,42
full_cycle0,21,actor,-0.31132012605667114,0.019567442359402776,5,,,,,,42
full_cycle0,21,zero,-0.21229931712150574,0.020192617550492287,5,,,,,,42
full_cycle0,21,random,-0.18116605281829834,0.0183905519079417,5,,,,,,42
full_cycle0,21,shuffled,-0.2130488157272339,0.020449829287827015,5,,,,,,42
full_cycle0,21,perturb_0.25sigma,-0.16915440559387207,0.020328442100435495,5,,,,,,42
full_cycle0,21,perturb_0.5sigma,-0.1716993749141693,0.01971892174333334,5,,,,,,42
full_cycle0,21,perturb_1sigma,0.17487311363220215,0.0255544469691813,5,,,,,,42
full_cycle0,21,perturb_2sigma,0.059843018651008606,0.02284803381189704,5,,,,,,42
full_cycle0,22,supervised,-0.21904624998569489,0.015956012066453695,5,,,,,,42
full_cycle0,22,actor,-0.24047917127609253,0.01558944908902049,5,,,,,,42
full_cycle0,22,zero,-0.209509938955307,0.01587226241827011,5,,,,,,42
full_cycle0,22,random,-0.009317814372479916,0.01731821335852146,5,,,,,,42
full_cycle0,22,shuffled,-0.2174086719751358,0.015783526934683323,5,,,,,,42
full_cycle0,22,perturb_0.25sigma,-0.1820290982723236,0.016845528967678547,5,,,,,,42
full_cycle0,22,perturb_0.5sigma,-0.2202005833387375,0.015181069262325764,5,,,,,,42
full_cycle0,22,perturb_1sigma,-0.09419026970863342,0.019212130922824144,5,,,,,,42
full_cycle0,22,perturb_2sigma,-0.20209982991218567,0.010028670309111476,5,,,,,,42
full_cycle0,23,supervised,-0.16477331519126892,0.011672606226056814,5,,,,,,42
full_cycle0,23,actor,-0.18049944937229156,0.011340689845383167,5,,,,,,42
full_cycle0,23,zero,-0.15575674176216125,0.01143514784052968,5,,,,,,42
full_cycle0,23,random,-0.13645589351654053,0.011734845582395792,5,,,,,,42
full_cycle0,23,shuffled,-0.1502235233783722,0.011207612697035074,5,,,,,,42
full_cycle0,23,perturb_0.25sigma,-0.17482590675354004,0.011601980775594711,5,,,,,,42
full_cycle0,23,perturb_0.5sigma,-0.04959414154291153,0.013416247442364693,5,,,,,,42
full_cycle0,23,perturb_1sigma,-0.19529223442077637,0.010872021783143282,5,,,,,,42
full_cycle0,23,perturb_2sigma,0.05250626802444458,0.013771330006420612,5,,,,,,42
full_cycle0,24,supervised,-0.15346857905387878,0.0068142893724143505,5,,,,,,42
full_cycle0,24,actor,-0.1772945523262024,0.006540862377732992,5,,,,,,42
full_cycle0,24,zero,-0.1563517302274704,0.006586340256035328,5,,,,,,42
full_cycle0,24,random,-0.054287880659103394,0.00876468513160944,5,,,,,,42
full_cycle0,24,shuffled,-0.15321779251098633,0.006316406186670065,5,,,,,,42
full_cycle0,24,perturb_0.25sigma,-0.19910195469856262,0.006394588388502598,5,,,,,,42
full_cycle0,24,perturb_0.5sigma,-0.1799214780330658,0.006462456192821264,5,,,,,,42
full_cycle0,24,perturb_1sigma,-0.3143262565135956,0.004103848710656166,5,,,,,,42
full_cycle0,24,perturb_2sigma,-0.09917277842760086,0.0075098853558301926,5,,,,,,42
full_cycle0,25,supervised,0.1395588517189026,0.023978129494935274,5,,,,,,42
full_cycle0,25,actor,-0.10315649211406708,0.023523388197645545,5,,,,,,42
full_cycle0,25,zero,-0.12434576451778412,0.024624954676255584,5,,,,,,42
full_cycle0,25,random,-0.02546168863773346,0.02934817550703883,5,,,,,,42
full_cycle0,25,shuffled,-0.041670382022857666,0.025421777740120888,5,,,,,,42
full_cycle0,25,perturb_0.25sigma,0.1089472770690918,0.024276109877973795,5,,,,,,42
full_cycle0,25,perturb_0.5sigma,0.0035215700045228004,0.027378035709261894,5,,,,,,42
full_cycle0,25,perturb_1sigma,0.0831163078546524,0.022959411842748523,5,,,,,,42
full_cycle0,25,perturb_2sigma,0.09044361114501953,0.024008896900340915,5,,,,,,42
full_cycle0,26,supervised,-0.15014773607254028,0.020078737754374743,5,,,,,,42
full_cycle0,26,actor,-0.27989473938941956,0.01945363008417189,5,,,,,,42
full_cycle0,26,zero,-0.2059621512889862,0.02013103337958455,5,,,,,,42
full_cycle0,26,random,-0.07435066252946854,0.02449311688542366,5,,,,,,42
full_cycle0,26,shuffled,-0.19271308183670044,0.020179315470159054,5,,,,,,42
full_cycle0,26,perturb_0.25sigma,-0.15101629495620728,0.019735579378902912,5,,,,,,42
full_cycle0,26,perturb_0.5sigma,-0.10749973356723785,0.018814114155247808,5,,,,,,42
full_cycle0,26,perturb_1sigma,-0.1585938036441803,0.01739144790917635,5,,,,,,42
full_cycle0,26,perturb_2sigma,-0.11057934910058975,0.018766737077385187,5,,,,,,42
full_cycle0,27,supervised,-0.19897028803825378,0.015050690621137619,5,,,,,,42
full_cycle0,27,actor,-0.23391813039779663,0.01437241630628705,5,,,,,,42
full_cycle0,27,zero,-0.1930835098028183,0.01475538033992052,5,,,,,,42
full_cycle0,27,random,-0.026919130235910416,0.016676192171871662,5,,,,,,42
full_cycle0,27,shuffled,-0.19565004110336304,0.014449936803430319,5,,,,,,42
full_cycle0,27,perturb_0.25sigma,-0.19945111870765686,0.015065376181155443,5,,,,,,42
full_cycle0,27,perturb_0.5sigma,-0.2261921763420105,0.012600690824910998,5,,,,,,42
full_cycle0,27,perturb_1sigma,-0.06981547176837921,0.012718325247988105,5,,,,,,42
full_cycle0,27,perturb_2sigma,-0.1666775494813919,0.009815529803745449,5,,,,,,42
full_cycle0,28,supervised,-0.1463494896888733,0.011582022067159414,5,,,,,,42
full_cycle0,28,actor,-0.18102586269378662,0.010862309485673904,5,,,,,,42
full_cycle0,28,zero,-0.15188582241535187,0.011138218455016613,5,,,,,,42
full_cycle0,28,random,-0.29241782426834106,0.006183133693411946,5,,,,,,42
full_cycle0,28,shuffled,-0.15257160365581512,0.010688340291380882,5,,,,,,42
full_cycle0,28,perturb_0.25sigma,-0.1597616970539093,0.011077074334025383,5,,,,,,42
full_cycle0,28,perturb_0.5sigma,-0.1849861443042755,0.010725080966949463,5,,,,,,42
full_cycle0,28,perturb_1sigma,-0.26339033246040344,0.009230703115463257,5,,,,,,42
full_cycle0,28,perturb_2sigma,-0.2648719251155853,0.006880739005282521,5,,,,,,42
full_cycle0,29,supervised,-0.135035902261734,0.005982891656458378,5,,,,,,42
full_cycle0,29,actor,-0.174388125538826,0.005369705613702536,5,,,,,,42
full_cycle0,29,zero,-0.1529228240251541,0.0054831737652421,5,,,,,,42
full_cycle0,29,random,-0.26270759105682373,0.003786227433010936,5,,,,,,42
full_cycle0,29,shuffled,-0.16870228946208954,0.004993288312107325,5,,,,,,42
full_cycle0,29,perturb_0.25sigma,-0.19661250710487366,0.0051372782327234745,5,,,,,,42
full_cycle0,29,perturb_0.5sigma,-0.19379740953445435,0.004977392498403788,5,,,,,,42
full_cycle0,29,perturb_1sigma,-0.16876913607120514,0.005673916079103947,5,,,,,,42
full_cycle0,29,perturb_2sigma,-0.16019126772880554,0.007337953895330429,5,,,,,,42
full_cycle0,30,supervised,-0.11626565456390381,0.0027249100130575243,5,,,,,,42
full_cycle0,30,actor,-0.19205528497695923,0.0030937194678699598,5,,,,,,42
full_cycle0,30,zero,-0.1170116662979126,0.003964827541494742,5,,,,,,42
full_cycle0,30,random,-0.03143736720085144,0.0029636036342708394,5,,,,,,42
full_cycle0,30,shuffled,0.336212694644928,0.004167554041487165,5,,,,,,42
full_cycle0,30,perturb_0.25sigma,-0.10429374128580093,0.0027914087841054425,5,,,,,,42
full_cycle0,30,perturb_0.5sigma,-0.294623464345932,0.002523946328437887,5,,,,,,42
full_cycle0,30,perturb_1sigma,-0.26901763677597046,0.002631581519381143,5,,,,,,42
full_cycle0,30,perturb_2sigma,-0.13324278593063354,0.002794353658828186,5,,,,,,42
full_cycle0,31,supervised,-0.16191963851451874,0.0008649744268041104,5,,,,,,42
full_cycle0,31,actor,-0.2334812879562378,0.001064557560312096,5,,,,,,42
full_cycle0,31,zero,-0.1922965943813324,0.0019710104388650507,5,,,,,,42
full_cycle0,31,random,-0.07590023428201675,0.001970641391153549,5,,,,,,42
full_cycle0,31,shuffled,0.22860710322856903,0.002568926825915696,5,,,,,,42
full_cycle0,31,perturb_0.25sigma,-0.1409965604543686,0.0008610727818449959,5,,,,,,42
full_cycle0,31,perturb_0.5sigma,-0.1575213223695755,0.0008500293552060612,5,,,,,,42
full_cycle0,31,perturb_1sigma,-0.1411556452512741,0.0010168809167225845,5,,,,,,42
full_cycle0,31,perturb_2sigma,-0.15153580904006958,0.0009819379556574859,5,,,,,,42
full_cycle0,32,supervised,-0.20424404740333557,2.195311026298441e-05,5,,,,,,42
full_cycle0,32,actor,-0.22058404982089996,7.855390140321106e-05,5,,,,,,42
full_cycle0,32,zero,-0.1982959359884262,0.0009976409128285013,5,,,,,,42
full_cycle0,32,random,-0.18080362677574158,0.0002538345870561898,5,,,,,,42
full_cycle0,32,shuffled,0.16462939977645874,0.001822071339120157,5,,,,,,42
full_cycle0,32,perturb_0.25sigma,-0.21720926463603973,-2.5380795705132186e-05,5,,,,,,42
full_cycle0,32,perturb_0.5sigma,-0.1920011341571808,0.00011715368236764334,5,,,,,,42
full_cycle0,32,perturb_1sigma,-0.21867398917675018,3.10970517602982e-05,5,,,,,,42
full_cycle0,32,perturb_2sigma,-0.199263796210289,0.0002946832391899079,5,,,,,,42
full_cycle0,33,supervised,-0.28621140122413635,-7.102821837179363e-05,5,,,,,,42
full_cycle0,33,actor,-0.252480685710907,-0.00013416849833447486,5,,,,,,42
full_cycle0,33,zero,-0.1590474247932434,0.00071723923610989,5,,,,,,42
full_cycle0,33,random,-0.2153426706790924,0.0003906429628841579,5,,,,,,42
full_cycle0,33,shuffled,0.08107592165470123,0.0016515013921889476,5,,,,,,42
full_cycle0,33,perturb_0.25sigma,-0.27713078260421753,-0.00011493125930428505,5,,,,,,42
full_cycle0,33,perturb_0.5sigma,-0.27795663475990295,9.784285794012249e-05,5,,,,,,42
full_cycle0,33,perturb_1sigma,-0.2685430943965912,0.00013626550207845867,5,,,,,,42
full_cycle0,33,perturb_2sigma,-0.31177857518196106,0.00015861960127949715,5,,,,,,42
full_cycle0,34,supervised,-0.32924091815948486,0.00020127305469941348,5,,,,,,42
full_cycle0,34,actor,-0.26877453923225403,1.64051161846146e-05,5,,,,,,42
full_cycle0,34,zero,-0.15565481781959534,0.0007199476240202785,5,,,,,,42
full_cycle0,34,random,-0.1494251787662506,0.0011617873096838593,5,,,,,,42
full_cycle0,34,shuffled,-0.06482172012329102,0.0016792099922895432,5,,,,,,42
full_cycle0,34,perturb_0.25sigma,-0.3239569365978241,0.00018291923333890736,5,,,,,,42
full_cycle0,34,perturb_0.5sigma,-0.3685964047908783,0.0002516841923352331,5,,,,,,42
full_cycle0,34,perturb_1sigma,-0.27183449268341064,0.00013262596621643752,5,,,,,,42
full_cycle0,34,perturb_2sigma,-0.29159319400787354,0.00013310376380104572,5,,,,,,42
full_cycle0,35,supervised,-0.16180181503295898,0.004494639928452671,5,,,,,,42
full_cycle0,35,actor,-0.15959247946739197,0.004447824496310204,5,,,,,,42
full_cycle0,35,zero,-0.12395751476287842,0.004643926105927676,5,,,,,,42
full_cycle0,35,random,-0.09559458494186401,0.004647620371542871,5,,,,,,42
full_cycle0,35,shuffled,0.16902196407318115,0.004467924416530877,5,,,,,,42
full_cycle0,35,perturb_0.25sigma,-0.1742163598537445,0.0045034539070911705,5,,,,,,42
full_cycle0,35,perturb_0.5sigma,-0.1757175326347351,0.004495473171118647,5,,,,,,42
full_cycle0,35,perturb_1sigma,-0.21939370036125183,0.004544662602711469,5,,,,,,42
full_cycle0,35,perturb_2sigma,0.05512724816799164,0.004417807387653738,5,,,,,,42
full_cycle0,36,supervised,-0.18465770781040192,0.0031657677609473467,5,,,,,,42
full_cycle0,36,actor,-0.19950342178344727,0.0030297149787656963,5,,,,,,42
full_cycle0,36,zero,-0.18023920059204102,0.0033567649079486728,5,,,,,,42
full_cycle0,36,random,-0.22702527046203613,0.003333906119223684,5,,,,,,42
full_cycle0,36,shuffled,0.0786554366350174,0.0032261491287499666,5,,,,,,42
full_cycle0,36,perturb_0.25sigma,-0.18881380558013916,0.003166720678564161,5,,,,,,42
full_cycle0,36,perturb_0.5sigma,-0.19674840569496155,0.0031976934988051653,5,,,,,,42
full_cycle0,36,perturb_1sigma,-0.16507196426391602,0.00321627693483606,5,,,,,,42
full_cycle0,36,perturb_2sigma,-0.11983293294906616,0.0031648133299313486,5,,,,,,42
full_cycle0,37,supervised,-0.20239000022411346,0.002168254053685814,5,,,,,,42
full_cycle0,37,actor,-0.21869976818561554,0.0020318421884439886,5,,,,,,42
full_cycle0,37,zero,-0.18474626541137695,0.0023646141053177416,5,,,,,,42
full_cycle0,37,random,-0.20317550003528595,0.002026592497713864,5,,,,,,42
full_cycle0,37,shuffled,-0.027673624455928802,0.002254017977975309,5,,,,,,42
full_cycle0,37,perturb_0.25sigma,-0.2096538543701172,0.002176235313527286,5,,,,,,42
full_cycle0,37,perturb_0.5sigma,-0.21261779963970184,0.0021948187495581806,5,,,,,,42
full_cycle0,37,perturb_1sigma,-0.21548981964588165,0.002242227317765355,5,,,,,,42
full_cycle0,37,perturb_2sigma,-0.18982727825641632,0.0020133763318881392,5,,,,,,42
full_cycle0,38,supervised,-0.26697468757629395,0.001492352515924722,5,,,,,,42
full_cycle0,38,actor,-0.2676639258861542,0.0013883563224226236,5,,,,,,42
full_cycle0,38,zero,-0.15125346183776855,0.0016495216987095773,5,,,,,,42
full_cycle0,38,random,0.09835488349199295,0.0016592659521847963,5,,,,,,42
full_cycle0,38,shuffled,-0.10626682639122009,0.0015347598819062114,5,,,,,,42
full_cycle0,38,perturb_0.25sigma,-0.2675359547138214,0.0014741281629540026,5,,,,,,42
full_cycle0,38,perturb_0.5sigma,-0.26106956601142883,0.0014488747692666948,5,,,,,,42
full_cycle0,38,perturb_1sigma,-0.27169451117515564,0.0013959826319478452,5,,,,,,42
full_cycle0,38,perturb_2sigma,-0.27479228377342224,0.0013633383787237108,5,,,,,,42
full_cycle0,39,supervised,-0.3782944679260254,0.0008517062524333596,5,,,,,,42
full_cycle0,39,actor,-0.3472633957862854,0.0007636822410859168,5,,,,,,42
full_cycle0,39,zero,-0.1491442173719406,0.0009257418569177389,5,,,,,,42
full_cycle0,39,random,-0.1491500288248062,0.0009444274473935366,5,,,,,,42
full_cycle0,39,shuffled,-0.1951574981212616,0.0007589280721731484,5,,,,,,42
full_cycle0,39,perturb_0.25sigma,-0.38640356063842773,0.0008730250410735607,5,,,,,,42
full_cycle0,39,perturb_0.5sigma,-0.36026784777641296,0.0008640939486213028,5,,,,,,42
full_cycle0,39,perturb_1sigma,-0.37399762868881226,0.000839437241666019,5,,,,,,42
full_cycle0,39,perturb_2sigma,-0.35057055950164795,0.000744266842957586,5,,,,,,42
full_cycle0,40,supervised,-0.13774473965168,0.002400672630756162,5,,,,,,42
full_cycle0,40,actor,-0.18542124330997467,0.0026134568179259077,5,,,,,,42
full_cycle0,40,zero,-0.11935023963451385,0.0033425494330003858,5,,,,,,42
full_cycle0,40,random,-0.30205413699150085,0.0033906476164702326,5,,,,,,42
full_cycle0,40,shuffled,0.2755928337574005,0.003420999419176951,5,,,,,,42
full_cycle0,40,perturb_0.25sigma,-0.1289227306842804,0.0024317623174283653,5,,,,,,42
full_cycle0,40,perturb_0.5sigma,-0.17079727351665497,0.0022972648730501533,5,,,,,,42
full_cycle0,40,perturb_1sigma,-0.10081051290035248,0.0026171141071245074,5,,,,,,42
full_cycle0,40,perturb_2sigma,-0.05096200108528137,0.0024797118094284087,5,,,,,,42
full_cycle0,41,supervised,-0.17619037628173828,0.0009504785448370967,5,,,,,,42
full_cycle0,41,actor,-0.2160636931657791,0.0009950724561349489,5,,,,,,42
full_cycle0,41,zero,-0.18936900794506073,0.001842587415012531,5,,,,,,42
full_cycle0,41,random,-0.06249992549419403,0.0013602768958662637,5,,,,,,42
full_cycle0,41,shuffled,0.15005384385585785,0.0021847231837455183,5,,,,,,42
full_cycle0,41,perturb_0.25sigma,-0.21361851692199707,0.0009349705123895546,5,,,,,,42
full_cycle0,41,perturb_0.5sigma,-0.06072469800710678,0.0009655198737164028,5,,,,,,42
full_cycle0,41,perturb_1sigma,-0.09926825761795044,0.001218855795741547,5,,,,,,42
full_cycle0,41,perturb_2sigma,-0.2253350168466568,0.0011236633672524476,5,,,,,,42
full_cycle0,42,supervised,-0.2036229968070984,0.0003548217937350273,5,,,,,,42
full_cycle0,42,actor,-0.21053525805473328,0.00029900686467954074,5,,,,,,42
full_cycle0,42,zero,-0.1928744912147522,0.0011646943894447759,5,,,,,,42
full_cycle0,42,random,-0.1840539276599884,0.0012362701454549097,5,,,,,,42
full_cycle0,42,shuffled,0.0643095076084137,0.001634711807128042,5,,,,,,42
full_cycle0,42,perturb_0.25sigma,-0.20173560082912445,0.000288331031697453,5,,,,,,42
full_cycle0,42,perturb_0.5sigma,-0.20723682641983032,0.0003986059055023361,5,,,,,,42
full_cycle0,42,perturb_1sigma,-0.19251695275306702,0.0003075250688198139,5,,,,,,42
full_cycle0,42,perturb_2sigma,-0.1693848967552185,0.0007553741197625641,5,,,,,,42
full_cycle0,43,supervised,-0.2799510359764099,0.0003591993631744117,5,,,,,,42
full_cycle0,43,actor,-0.25600460171699524,0.00023688312285230495,5,,,,,,42
full_cycle0,43,zero,-0.155246764421463,0.0009976396249840036,5,,,,,,42
full_cycle0,43,random,-0.147512286901474,0.0012633227015612647,5,,,,,,42
full_cycle0,43,shuffled,0.00827766302973032,0.00150610480341129,5,,,,,,42
full_cycle0,43,perturb_0.25sigma,-0.2712770998477936,0.0003780924032525945,5,,,,,,42
full_cycle0,43,perturb_0.5sigma,-0.2770015299320221,0.0002789518930512713,5,,,,,,42
full_cycle0,43,perturb_1sigma,-0.2913905680179596,0.0002775067823677091,5,,,,,,42
full_cycle0,43,perturb_2sigma,-0.24123725295066833,0.0006712159374728799,5,,,,,,42
full_cycle0,44,supervised,-0.3205702304840088,0.0004962164093740284,5,,,,,,42
full_cycle0,44,actor,-0.27546948194503784,0.0002981738653033972,5,,,,,,42
full_cycle0,44,zero,-0.15209515392780304,0.0008607348427176476,5,,,,,,42
full_cycle0,44,random,-0.24285933375358582,0.0005723484209738672,5,,,,,,42
full_cycle0,44,shuffled,-0.08062280714511871,0.0013455573935061693,5,,,,,,42
full_cycle0,44,perturb_0.25sigma,-0.31982192397117615,0.0004870426491834223,5,,,,,,42
full_cycle0,44,perturb_0.5sigma,-0.364905446767807,0.0006957595469430089,5,,,,,,42
full_cycle0,44,perturb_1sigma,-0.2589097321033478,0.0003125941730104387,5,,,,,,42
full_cycle0,44,perturb_2sigma,-0.3744853436946869,0.0007217213860712945,5,,,,,,42
full_cycle0,45,supervised,0.18680217862129211,0.014694744837470353,5,,,,,,42
full_cycle0,45,actor,-0.14681878685951233,0.014830352854914963,5,,,,,,42
full_cycle0,45,zero,-0.12314972281455994,0.016513915732502937,5,,,,,,42
full_cycle0,45,random,-0.006840496324002743,0.016516454750671983,5,,,,,,42
full_cycle0,45,shuffled,0.004622966982424259,0.01880462421104312,5,,,,,,42
full_cycle0,45,perturb_0.25sigma,0.23230919241905212,0.014464542618952692,5,,,,,,42
full_cycle0,45,perturb_0.5sigma,0.14823946356773376,0.015212693600915372,5,,,,,,42
full_cycle0,45,perturb_1sigma,0.15116432309150696,0.01561784918885678,5,,,,,,42
full_cycle0,45,perturb_2sigma,0.07073882222175598,0.016727715730667114,5,,,,,,42
full_cycle0,46,supervised,-0.08466839790344238,0.011297706398181617,5,,,,,,42
full_cycle0,46,actor,-0.2627565860748291,0.011438076850026846,5,,,,,,42
full_cycle0,46,zero,-0.2067505419254303,0.012597264954820275,5,,,,,,42
full_cycle0,46,random,-0.35357099771499634,0.01355058909393847,5,,,,,,42
full_cycle0,46,shuffled,-0.19775629043579102,0.014273442327976227,5,,,,,,42
full_cycle0,46,perturb_0.25sigma,-0.17722374200820923,0.01238676207140088,5,,,,,,42
full_cycle0,46,perturb_0.5sigma,-0.05434735119342804,0.011024955892935395,5,,,,,,42
full_cycle0,46,perturb_1sigma,0.05535491555929184,0.010689621791243553,5,,,,,,42
full_cycle0,46,perturb_2sigma,-0.04622872173786163,0.011531953932717443,5,,,,,,42
full_cycle0,47,supervised,-0.21740654110908508,0.008459113305434585,5,,,,,,42
full_cycle0,47,actor,-0.2535344958305359,0.008586432551965117,5,,,,,,42
full_cycle0,47,zero,-0.20795558393001556,0.009353188565000892,5,,,,,,42
full_cycle0,47,random,-0.27949342131614685,0.008466193219646811,5,,,,,,42
full_cycle0,47,shuffled,-0.15712511539459229,0.01049263239838183,5,,,,,,42
full_cycle0,47,perturb_0.25sigma,-0.22194750607013702,0.008276467211544514,5,,,,,,42
full_cycle0,47,perturb_0.5sigma,-0.20997056365013123,0.007453647209331393,5,,,,,,42
full_cycle0,47,perturb_1sigma,-0.22250978648662567,0.009309478802606463,5,,,,,,42
full_cycle0,47,perturb_2sigma,-0.21023151278495789,0.007351822103373706,5,,,,,,42
full_cycle0,48,supervised,-0.24135822057724,0.005882303696125746,5,,,,,,42
full_cycle0,48,actor,-0.22752001881599426,0.006001202156767249,5,,,,,,42
full_cycle0,48,zero,-0.15600503981113434,0.006544044241309166,5,,,,,,42
full_cycle0,48,random,0.11570863425731659,0.009826915338635445,5,,,,,,42
full_cycle0,48,shuffled,-0.06519986689090729,0.007335691247135401,5,,,,,,42
full_cycle0,48,perturb_0.25sigma,-0.14527171850204468,0.0066913573537021875,5,,,,,,42
full_cycle0,48,perturb_0.5sigma,-0.24897891283035278,0.005896890070289373,5,,,,,,42
full_cycle0,48,perturb_1sigma,-0.2718888521194458,0.003750414471141994,5,,,,,,42
full_cycle0,48,perturb_2sigma,-0.17955592274665833,0.005495610414072871,5,,,,,,42
full_cycle0,49,supervised,-0.23362933099269867,0.003412803402170539,5,,,,,,42
full_cycle0,49,actor,-0.2294432818889618,0.003525778418406844,5,,,,,,42
full_cycle0,49,zero,-0.15574544668197632,0.004000949207693338,5,,,,,,42
full_cycle0,49,random,-0.09292687475681305,0.004585660994052887,5,,,,,,42
full_cycle0,49,shuffled,-0.07232023775577545,0.004639058839529753,5,,,,,,42
full_cycle0,49,perturb_0.25sigma,-0.22742891311645508,0.003424209775403142,5,,,,,,42
full_cycle0,49,perturb_0.5sigma,-0.19183163344860077,0.0036917177494615316,5,,,,,,42
full_cycle0,49,perturb_1sigma,-0.2977950870990753,0.002646215260028839,5,,,,,,42
full_cycle0,49,perturb_2sigma,-0.24020642042160034,0.003231615759432316,5,,,,,,42
full_cycle0,50,supervised,0.18680217862129211,0.014694744837470353,5,,,,,,42
full_cycle0,50,actor,-0.14681878685951233,0.014830352854914963,5,,,,,,42
full_cycle0,50,zero,-0.12314972281455994,0.016513915732502937,5,,,,,,42
full_cycle0,50,random,-0.282326877117157,0.012058941763825715,5,,,,,,42
full_cycle0,50,shuffled,0.004622966982424259,0.01880462421104312,5,,,,,,42
full_cycle0,50,perturb_0.25sigma,0.18271666765213013,0.013762326911091805,5,,,,,,42
full_cycle0,50,perturb_0.5sigma,0.12149881571531296,0.014984513400122523,5,,,,,,42
full_cycle0,50,perturb_1sigma,-0.11660784482955933,0.014994074124842882,5,,,,,,42
full_cycle0,50,perturb_2sigma,0.1589038223028183,0.014093509875237942,5,,,,,,42
full_cycle0,51,supervised,-0.08278518170118332,0.012161454884335399,5,,,,,,42
full_cycle0,51,actor,-0.2290942370891571,0.012157169869169593,5,,,,,,42
full_cycle0,51,zero,-0.20303884148597717,0.013376976596191525,5,,,,,,42
full_cycle0,51,random,-0.057860806584358215,0.014405883383005857,5,,,,,,42
full_cycle0,51,shuffled,-0.18408545851707458,0.015073378337547183,5,,,,,,42
full_cycle0,51,perturb_0.25sigma,-0.12642404437065125,0.012837861897423863,5,,,,,,42
full_cycle0,51,perturb_0.5sigma,-0.09134631603956223,0.011578053003177047,5,,,,,,42
full_cycle0,51,perturb_1sigma,-0.15199971199035645,0.012485996703617275,5,,,,,,42
full_cycle0,51,perturb_2sigma,-0.09273029863834381,0.016036466229707003,5,,,,,,42
full_cycle0,52,supervised,-0.20523394644260406,0.008861246518790722,5,,,,,,42
full_cycle0,52,actor,-0.24409040808677673,0.00878655118867755,5,,,,,,42
full_cycle0,52,zero,-0.19606119394302368,0.009652528678998351,5,,,,,,42
full_cycle0,52,random,-0.2429124116897583,0.007701440714299679,5,,,,,,42
full_cycle0,52,shuffled,-0.14492061734199524,0.010769517160952091,5,,,,,,42
full_cycle0,52,perturb_0.25sigma,-0.19832809269428253,0.009156860643997788,5,,,,,,42
full_cycle0,52,perturb_0.5sigma,-0.2039264440536499,0.007412255392409861,5,,,,,,42
full_cycle0,52,perturb_1sigma,-0.18466225266456604,0.007674857857637107,5,,,,,,42
full_cycle0,52,perturb_2sigma,-0.16404645144939423,0.006442297250032425,5,,,,,,42
full_cycle0,53,supervised,-0.22111231088638306,0.007030610926449299,5,,,,,,42
full_cycle0,53,actor,-0.22788254916667938,0.006876094499602914,5,,,,,,42
full_cycle0,53,zero,-0.15194469690322876,0.007599851582199335,5,,,,,,42
full_cycle0,53,random,-0.03024102747440338,0.008351642871275544,5,,,,,,42
full_cycle0,53,shuffled,-0.06700808554887772,0.008191834902390838,5,,,,,,42
full_cycle0,53,perturb_0.25sigma,-0.223035529255867,0.007196011953055859,5,,,,,,42
full_cycle0,53,perturb_0.5sigma,-0.27122923731803894,0.005933323409408331,5,,,,,,42
full_cycle0,53,perturb_1sigma,-0.1908995360136032,0.00710122031159699,5,,,,,,42
full_cycle0,53,perturb_2sigma,-0.15828856825828552,0.006973202107474208,5,,,,,,42
full_cycle0,54,supervised,-0.21069931983947754,0.0041773635894060135,5,,,,,,42
full_cycle0,54,actor,-0.23150719702243805,0.004031450022011995,5,,,,,,42
full_cycle0,54,zero,-0.15362682938575745,0.004569872748106718,5,,,,,,42
full_cycle0,54,random,-0.18933191895484924,0.004589095711708069,5,,,,,,42
full_cycle0,54,shuffled,-0.08147139102220535,0.004981560632586479,5,,,,,,42
full_cycle0,54,perturb_0.25sigma,-0.24981099367141724,0.003952492959797382,5,,,,,,42
full_cycle0,54,perturb_0.5sigma,-0.1538463830947876,0.004469001200050116,5,,,,,,42
full_cycle0,54,perturb_1sigma,-0.10383906960487366,0.004317320883274078,5,,,,,,42
full_cycle0,54,perturb_2sigma,-0.19898474216461182,0.004214037209749222,5,,,,,,42
full_cycle0,55,supervised,0.23724402487277985,0.1271325834095478,5,,,,,,42
full_cycle0,55,actor,0.3429214656352997,0.14679711312055588,5,,,,,,42
full_cycle0,55,zero,0.037902429699897766,0.023855533450841904,5,,,,,,42
full_cycle0,55,random,-0.15390940010547638,0.0065433550626039505,5,,,,,,42
full_cycle0,55,shuffled,-0.3531743884086609,0.0038994550704956055,5,,,,,,42
full_cycle0,55,perturb_0.25sigma,0.25214681029319763,0.1272925902158022,5,,,,,,42
full_cycle0,55,perturb_0.5sigma,0.05464155972003937,0.1241543535143137,5,,,,,,42
full_cycle0,55,perturb_1sigma,0.15189865231513977,0.1263340637087822,5,,,,,,42
full_cycle0,55,perturb_2sigma,0.05235874652862549,0.031898628920316696,5,,,,,,42
full_cycle0,56,supervised,0.18951255083084106,0.108834033831954,5,,,,,,42
full_cycle0,56,actor,0.333364874124527,0.12659834139049053,5,,,,,,42
full_cycle0,56,zero,-0.24446555972099304,-0.0179627425968647,5,,,,,,42
full_cycle0,56,random,-0.09703794121742249,0.02333015203475952,5,,,,,,42
full_cycle0,56,shuffled,-0.3352029025554657,-0.04089991748332977,5,,,,,,42
full_cycle0,56,perturb_0.25sigma,0.1427162140607834,0.10866349190473557,5,,,,,,42
full_cycle0,56,perturb_0.5sigma,0.31440138816833496,0.12656795606017113,5,,,,,,42
full_cycle0,56,perturb_1sigma,-0.18051832914352417,0.0315245334059,5,,,,,,42
full_cycle0,56,perturb_2sigma,-0.16891933977603912,-0.03245638869702816,5,,,,,,42
full_cycle0,57,supervised,0.11380414664745331,0.08922458067536354,5,,,,,,42
full_cycle0,57,actor,0.2675974369049072,0.10365444608032703,5,,,,,,42
full_cycle0,57,zero,-0.3169620931148529,-0.07735750079154968,5,,,,,,42
full_cycle0,57,random,0.03417332470417023,0.026909053325653076,5,,,,,,42
full_cycle0,57,shuffled,-0.46202853322029114,-0.10334242507815361,5,,,,,,42
full_cycle0,57,perturb_0.25sigma,0.18587636947631836,0.09550377354025841,5,,,,,,42
full_cycle0,57,perturb_0.5sigma,0.1725810468196869,0.09097076207399368,5,,,,,,42
full_cycle0,57,perturb_1sigma,0.24239353835582733,0.0853609461337328,5,,,,,,42
full_cycle0,57,perturb_2sigma,0.19832758605480194,0.08806183561682701,5,,,,,,42
full_cycle0,58,supervised,0.05001950263977051,0.0686120018362999,5,,,,,,42
full_cycle0,58,actor,0.15019474923610687,0.07406160607933998,5,,,,,,42
full_cycle0,58,zero,-0.46141818165779114,-0.173970814794302,5,,,,,,42
full_cycle0,58,random,-0.6201401948928833,-0.1977693773806095,5,,,,,,42
full_cycle0,58,shuffled,-0.7742316722869873,-0.2046983279287815,5,,,,,,42
full_cycle0,58,perturb_0.25sigma,0.11987587809562683,0.07396302744746208,5,,,,,,42
full_cycle0,58,perturb_0.5sigma,0.24683263897895813,0.07324565201997757,5,,,,,,42
full_cycle0,58,perturb_1sigma,0.07525607943534851,0.069980189204216,5,,,,,,42
full_cycle0,58,perturb_2sigma,0.10334667563438416,0.05991158075630665,5,,,,,,42
full_cycle0,59,supervised,0.024501129984855652,0.04418976977467537,5,,,,,,42
full_cycle0,59,actor,-0.010117619298398495,0.02002635970711708,5,,,,,,42
full_cycle0,59,zero,-0.610844612121582,-0.3501506447792053,5,,,,,,42
full_cycle0,59,random,-1.0754950046539307,-0.38610488176345825,5,,,,,,42
full_cycle0,59,shuffled,-1.1085231304168701,-0.38649001717567444,5,,,,,,42
full_cycle0,59,perturb_0.25sigma,0.0901879221200943,0.06122457608580589,5,,,,,,42
full_cycle0,59,perturb_0.5sigma,0.12840433418750763,0.05376837030053139,5,,,,,,42
full_cycle0,59,perturb_1sigma,-0.25242695212364197,-0.11885572224855423,5,,,,,,42
full_cycle0,59,perturb_2sigma,-0.5412832498550415,-0.22134152054786682,5,,,,,,42
full_cycle0,60,supervised,0.23724402487277985,0.1271325834095478,5,,,,,,42
full_cycle0,60,actor,0.3429214656352997,0.14679711312055588,5,,,,,,42
full_cycle0,60,zero,0.037902429699897766,0.023855533450841904,5,,,,,,42
full_cycle0,60,random,0.028539367020130157,0.021808987483382225,5,,,,,,42
full_cycle0,60,shuffled,-0.3531743884086609,0.0038994550704956055,5,,,,,,42
full_cycle0,60,perturb_0.25sigma,0.07402493059635162,0.12496686726808548,5,,,,,,42
full_cycle0,60,perturb_0.5sigma,0.49924322962760925,0.14241357520222664,5,,,,,,42
full_cycle0,60,perturb_1sigma,-0.006910593248903751,0.02929290197789669,5,,,,,,42
full_cycle0,60,perturb_2sigma,0.10114378482103348,0.0917376447468996,5,,,,,,42
full_cycle0,61,supervised,-0.1387767493724823,0.002401638630544767,5,,,,,,42
full_cycle0,61,actor,-0.1849624216556549,0.0026013186434283853,5,,,,,,42
full_cycle0,61,zero,-0.1194704920053482,0.003319934563478455,5,,,,,,42
full_cycle0,61,random,-0.03628705441951752,0.003010580490808934,5,,,,,,42
full_cycle0,61,shuffled,0.27158305048942566,0.0033961243752855808,5,,,,,,42
full_cycle0,61,perturb_0.25sigma,-0.1686134934425354,0.0024605943326605484,5,,,,,,42
full_cycle0,61,perturb_0.5sigma,0.08579547703266144,0.002672209171578288,5,,,,,,42
full_cycle0,61,perturb_1sigma,0.1833973526954651,0.0028352684748824686,5,,,,,,42
full_cycle0,61,perturb_2sigma,-0.20285284519195557,0.00234691149671562,5,,,,,,42
full_cycle0,62,supervised,-0.17667384445667267,0.0009688396712590475,5,,,,,,42
full_cycle0,62,actor,-0.21464745700359344,0.000999727359157987,5,,,,,,42
full_cycle0,62,zero,-0.18945063650608063,0.0018453403317835182,5,,,,,,42
full_cycle0,62,random,-0.07194873690605164,0.00214720398071222,5,,,,,,42
full_cycle0,62,shuffled,0.14623336493968964,0.002173430286347866,5,,,,,,42
full_cycle0,62,perturb_0.25sigma,-0.0998409166932106,0.0010305782270734198,5,,,,,,42
full_cycle0,62,perturb_0.5sigma,-0.19231653213500977,0.0008719564430066384,5,,,,,,42
full_cycle0,62,perturb_1sigma,-0.2159709632396698,0.0010298054330633022,5,,,,,,42
full_cycle0,62,perturb_2sigma,-0.16921603679656982,0.0007558933721156791,5,,,,,,42
full_cycle0,63,supervised,-0.20330578088760376,0.00037663871989934705,5,,,,,,42
full_cycle0,63,actor,-0.2103763222694397,0.00031051224232214736,5,,,,,,42
full_cycle0,63,zero,-0.19280970096588135,0.0011730450714821927,5,,,,,,42
full_cycle0,63,random,-0.13729290664196014,0.0014311143677332439,5,,,,,,42
full_cycle0,63,shuffled,0.059665292501449585,0.0016252063942374662,5,,,,,,42
full_cycle0,63,perturb_0.25sigma,-0.20226316154003143,0.000441991796833463,5,,,,,,42
full_cycle0,63,perturb_0.5sigma,-0.20185858011245728,0.0002546682402453371,5,,,,,,42
full_cycle0,63,perturb_1sigma,-0.1822744756937027,0.0004820022691092163,5,,,,,,42
full_cycle0,63,perturb_2sigma,-0.24493011832237244,0.0006152027599455323,5,,,,,,42
full_cycle0,64,supervised,-0.2793272137641907,0.0003777352030738257,5,,,,,,42
full_cycle0,64,actor,-0.2562992572784424,0.00024880394266801886,5,,,,,,42
full_cycle0,64,zero,-0.15502730011940002,0.001002888908260502,5,,,,,,42
full_cycle0,64,random,-0.18024155497550964,0.0009551258408464491,5,,,,,,42
full_cycle0,64,shuffled,0.002956644631922245,0.0014920691028237343,5,,,,,,42
full_cycle0,64,perturb_0.25sigma,-0.27786391973495483,0.00037392582635220606,5,,,,,,42
full_cycle0,64,perturb_0.5sigma,-0.28099334239959717,0.0004495707089517964,5,,,,,,42
full_cycle0,64,perturb_1sigma,-0.2585638165473938,0.000517545486218296,5,,,,,,42
full_cycle0,64,perturb_2sigma,-0.19283998012542725,0.0006913830002304167,5,,,,,,42
full_cycle0,65,supervised,-0.32334843277931213,0.0005047952872700989,5,,,,,,42
full_cycle0,65,actor,-0.27588939666748047,0.0003042517928406596,5,,,,,,42
full_cycle0,65,zero,-0.15199483931064606,0.0008553747902624309,5,,,,,,42
full_cycle0,65,random,-0.23949068784713745,0.0006385874003171921,5,,,,,,42
full_cycle0,65,shuffled,-0.08644835650920868,0.0013213894562795758,5,,,,,,42
full_cycle0,65,perturb_0.25sigma,-0.32625383138656616,0.0005240971222519875,5,,,,,,42
full_cycle0,65,perturb_0.5sigma,-0.2849140167236328,0.0003539459139574319,5,,,,,,42
full_cycle0,65,perturb_1sigma,-0.31922435760498047,0.0004931201110593975,5,,,,,,42
full_cycle0,65,perturb_2sigma,-0.17225152254104614,0.0007244820008054376,5,,,,,,42
full_cycle0,66,supervised,0.00888125691562891,0.0047305556217907,5,,,,,,42
full_cycle0,66,actor,-0.18409723043441772,0.005213732525589876,5,,,,,,42
full_cycle0,66,zero,-0.11680258810520172,0.006437782372813672,5,,,,,,42
full_cycle0,66,random,0.11948268115520477,0.005500993051100522,5,,,,,,42
full_cycle0,66,shuffled,0.2304529845714569,0.00747385248541832,5,,,,,,42
full_cycle0,66,perturb_0.25sigma,0.022044479846954346,0.004756640293635428,5,,,,,,42
full_cycle0,66,perturb_0.5sigma,-0.1208215057849884,0.004622821637894958,5,,,,,,42
full_cycle0,66,perturb_1sigma,0.11303754895925522,0.00545490175136365,5,,,,,,42
full_cycle0,66,perturb_2sigma,0.20948177576065063,0.007730840472504497,5,,,,,,42
full_cycle0,67,supervised,-0.08234007656574249,0.0023315804264711915,5,,,,,,42
full_cycle0,67,actor,-0.23654639720916748,0.002680308960407274,5,,,,,,42
full_cycle0,67,zero,-0.19562382996082306,0.003700130560901016,5,,,,,,42
full_cycle0,67,random,-0.11030247807502747,0.0022513275434903335,5,,,,,,42
full_cycle0,67,shuffled,0.16568346321582794,0.00506088903057389,5,,,,,,42
full_cycle0,67,perturb_0.25sigma,-0.10138832032680511,0.0023114194973459234,5,,,,,,42
full_cycle0,67,perturb_0.5sigma,-0.11296698451042175,0.0021893730881856754,5,,,,,,42
full_cycle0,67,perturb_1sigma,-0.20518650114536285,0.001969175602425821,5,,,,,,42
full_cycle0,67,perturb_2sigma,-0.10752406716346741,0.002457658716593869,5,,,,,,42
full_cycle0,68,supervised,-0.1975773423910141,0.0010795104317367077,5,,,,,,42
full_cycle0,68,actor,-0.24238824844360352,0.0012918544125568587,5,,,,,,42
full_cycle0,68,zero,-0.20582988858222961,0.0021623047650791705,5,,,,,,42
full_cycle0,68,random,-0.2777024209499359,0.001624826414627023,5,,,,,,42
full_cycle0,68,shuffled,0.18638408184051514,0.0036261780187487602,5,,,,,,42
full_cycle0,68,perturb_0.25sigma,-0.19809697568416595,0.0011073236019001342,5,,,,,,42
full_cycle0,68,perturb_0.5sigma,-0.2028461992740631,0.0009911688684951514,5,,,,,,42
full_cycle0,68,perturb_1sigma,-0.16868963837623596,0.0022890267573529854,5,,,,,,42
full_cycle0,68,perturb_2sigma,-0.1828874945640564,0.0033282226067967713,5,,,,,,42
full_cycle0,69,supervised,-0.29308703541755676,0.0006442035373765975,5,,,,,,42
full_cycle0,69,actor,-0.25135308504104614,0.0007325896895054029,5,,,,,,42
full_cycle0,69,zero,-0.16256201267242432,0.0014565337041858584,5,,,,,,42
full_cycle0,69,random,-0.265395849943161,0.0012830854320782237,5,,,,,,42
full_cycle0,69,shuffled,0.1681903451681137,0.0028622617246583104,5,,,,,,42
full_cycle0,69,perturb_0.25sigma,-0.2909810245037079,0.0006473166504292749,5,,,,,,42
full_cycle0,69,perturb_0.5sigma,-0.29618194699287415,0.000614687643974321,5,,,,,,42
full_cycle0,69,perturb_1sigma,-0.2497844398021698,0.0007045481456771086,5,,,,,,42
full_cycle0,69,perturb_2sigma,-0.2920016348361969,0.0005927224265178666,5,,,,,,42
full_cycle0,70,supervised,-0.3139556348323822,0.0006338214734569192,5,,,,,,42
full_cycle0,70,actor,-0.25985878705978394,0.0005892686313018203,5,,,,,,42
full_cycle0,70,zero,-0.15962937474250793,0.0011441839160397649,5,,,,,,42
full_cycle0,70,random,0.02670663595199585,0.0025267957244068384,5,,,,,,42
full_cycle0,70,shuffled,0.053205158561468124,0.00242860266007483,5,,,,,,42
full_cycle0,70,perturb_0.25sigma,-0.3199301064014435,0.0006130925030447543,5,,,,,,42
full_cycle0,70,perturb_0.5sigma,-0.28368496894836426,0.0006856468971818686,5,,,,,,42
full_cycle0,70,perturb_1sigma,-0.3446119725704193,0.0009632829460315406,5,,,,,,42
full_cycle0,70,perturb_2sigma,-0.26806020736694336,0.0009052956593222916,5,,,,,,42
full_cycle0,71,supervised,-0.15030251443386078,0.003846080508083105,5,,,,,,42
full_cycle0,71,actor,-0.15250837802886963,0.0037647170829586685,5,,,,,,42
full_cycle0,71,zero,-0.12624916434288025,0.004104122286662459,5,,,,,,42
full_cycle0,71,random,-0.21421276032924652,0.004136404430028051,5,,,,,,42
full_cycle0,71,shuffled,0.16951341927051544,0.004019615065772086,5,,,,,,42
full_cycle0,71,perturb_0.25sigma,-0.1397167295217514,0.0038110584719106555,5,,,,,,42
full_cycle0,71,perturb_0.5sigma,-0.10272833704948425,0.003715635626576841,5,,,,,,42
full_cycle0,71,perturb_1sigma,-0.04088468849658966,0.0036809667362831533,5,,,,,,42
full_cycle0,71,perturb_2sigma,0.041416868567466736,0.0035511041060090065,5,,,,,,42
full_cycle0,72,supervised,-0.1793966293334961,0.002466854639351368,5,,,,,,42
full_cycle0,72,actor,-0.19568341970443726,0.0022846687061246485,5,,,,,,42
full_cycle0,72,zero,-0.18357019126415253,0.002797372522763908,5,,,,,,42
full_cycle0,72,random,-0.20551535487174988,0.0027350872987881303,5,,,,,,42
full_cycle0,72,shuffled,0.079323410987854,0.002768253907561302,5,,,,,,42
full_cycle0,72,perturb_0.25sigma,-0.18740513920783997,0.0025033116107806563,5,,,,,,42
full_cycle0,72,perturb_0.5sigma,-0.15145784616470337,0.002353066054638475,5,,,,,,42
full_cycle0,72,perturb_1sigma,-0.22620707750320435,0.002208521298598498,5,,,,,,42
full_cycle0,72,perturb_2sigma,-0.09341298043727875,0.0026473455945961177,5,,,,,,42
full_cycle0,73,supervised,-0.19681903719902039,0.0015622085775248706,5,,,,,,42
full_cycle0,73,actor,-0.21289879083633423,0.0013821593893226236,5,,,,,,42
full_cycle0,73,zero,-0.18473993241786957,0.0019141850643791258,5,,,,,,42
full_cycle0,73,random,-0.03502541407942772,0.001980633067432791,5,,,,,,42
full_cycle0,73,shuffled,-0.02530968189239502,0.0019047281821258366,5,,,,,,42
full_cycle0,73,perturb_0.25sigma,-0.20091399550437927,0.0015212206053547561,5,,,,,,42
full_cycle0,73,perturb_0.5sigma,-0.20217931270599365,0.0015756723005324602,5,,,,,,42
full_cycle0,73,perturb_1sigma,-0.2289430946111679,0.0016071221325546503,5,,,,,,42
full_cycle0,73,perturb_2sigma,-0.17260891199111938,0.001577087678015232,5,,,,,,42
full_cycle0,74,supervised,-0.2652934193611145,0.0010822922922670841,5,,,,,,42
full_cycle0,74,actor,-0.26459789276123047,0.0009402694413438439,5,,,,,,42
full_cycle0,74,zero,-0.149063378572464,0.0013800589949823916,5,,,,,,42
full_cycle0,74,random,-0.210680291056633,0.0012055633123964071,5,,,,,,42
full_cycle0,74,shuffled,-0.10084544122219086,0.0013745343312621117,5,,,,,,42
full_cycle0,74,perturb_0.25sigma,-0.26190105080604553,0.0010846753721125424,5,,,,,,42
full_cycle0,74,perturb_0.5sigma,-0.27099695801734924,0.0010161699610762298,5,,,,,,42
full_cycle0,74,perturb_1sigma,-0.2555011212825775,0.0011400665098335594,5,,,,,,42
full_cycle0,74,perturb_2sigma,-0.25799575448036194,0.0011513910139910877,5,,,,,,42
full_cycle0,75,supervised,-0.3718537390232086,0.0006845825118944049,5,,,,,,42
full_cycle0,75,actor,-0.34038347005844116,0.0005572288064286113,5,,,,,,42
full_cycle0,75,zero,-0.14708025753498077,0.0008489243336953223,5,,,,,,42
full_cycle0,75,random,-0.20190507173538208,0.0007247098255902529,5,,,,,,42
full_cycle0,75,shuffled,-0.19158674776554108,0.0007921629003249109,5,,,,,,42
full_cycle0,75,perturb_0.25sigma,-0.37202179431915283,0.0007068585837259889,5,,,,,,42
full_cycle0,75,perturb_0.5sigma,-0.32980385422706604,0.0006390768685378134,5,,,,,,42
full_cycle0,75,perturb_1sigma,-0.31440553069114685,0.0005429315497167408,5,,,,,,42
full_cycle0,75,perturb_2sigma,-0.32050323486328125,0.0004942008526995778,5,,,,,,42
full_cycle0,76,supervised,0.24881315231323242,0.06167957838624716,5,,,,,,42
full_cycle0,76,actor,-0.028249509632587433,0.0606104526668787,5,,,,,,42
full_cycle0,76,zero,0.03257279098033905,0.04854254378005862,5,,,,,,42
full_cycle0,76,random,0.059517040848731995,0.061978855170309544,5,,,,,,42
full_cycle0,76,shuffled,0.015695586800575256,0.04093403974547982,5,,,,,,42
full_cycle0,76,perturb_0.25sigma,0.21732281148433685,0.06563501805067062,5,,,,,,42
full_cycle0,76,perturb_0.5sigma,0.5312051773071289,0.06934389192610979,5,,,,,,42
full_cycle0,76,perturb_1sigma,0.33297836780548096,0.04613536887336522,5,,,,,,42
full_cycle0,76,perturb_2sigma,0.2125859558582306,0.0455903418478556,5,,,,,,42
full_cycle0,77,supervised,-0.051509708166122437,0.05277583189308643,5,,,,,,42
full_cycle0,77,actor,-0.20382443070411682,0.05196688510477543,5,,,,,,42
full_cycle0,77,zero,-0.22893664240837097,0.03913413337431848,5,,,,,,42
full_cycle0,77,random,-0.12512588500976562,0.03597744800208602,5,,,,,,42
full_cycle0,77,shuffled,-0.19125816226005554,0.03165916260331869,5,,,,,,42
full_cycle0,77,perturb_0.25sigma,-0.08147872984409332,0.05097473319619894,5,,,,,,42
full_cycle0,77,perturb_0.5sigma,-0.039874229580163956,0.05089952517300844,5,,,,,,42
full_cycle0,77,perturb_1sigma,-0.07826849073171616,0.04960975516587496,5,,,,,,42
full_cycle0,77,perturb_2sigma,-0.11580443382263184,0.03728710819268599,5,,,,,,42
full_cycle0,78,supervised,0.045323681086301804,0.043004946783185005,5,,,,,,42
full_cycle0,78,actor,0.015878450125455856,0.04239652492105961,5,,,,,,42
full_cycle0,78,zero,-0.24338260293006897,0.029081991175189614,5,,,,,,42
full_cycle0,78,random,-0.17955976724624634,0.030357616720721126,5,,,,,,42
full_cycle0,78,shuffled,-0.28233617544174194,0.022001510486006737,5,,,,,,42
full_cycle0,78,perturb_0.25sigma,0.011512250639498234,0.04348156414926052,5,,,,,,42
full_cycle0,78,perturb_0.5sigma,-0.09796690940856934,0.037875154055655,5,,,,,,42
full_cycle0,78,perturb_1sigma,-0.15047836303710938,0.03766161110252142,5,,,,,,42
full_cycle0,78,perturb_2sigma,0.2028706967830658,0.04628253635019064,5,,,,,,42
full_cycle0,79,supervised,0.07058950513601303,0.0317259319126606,5,,,,,,42
full_cycle0,79,actor,0.10108461230993271,0.03130701370537281,5,,,,,,42
full_cycle0,79,zero,-0.16493912041187286,0.017458631424233317,5,,,,,,42
full_cycle0,79,random,-0.10804758220911026,0.02172838943079114,5,,,,,,42
full_cycle0,79,shuffled,-0.3006133437156677,0.010859986301511526,5,,,,,,42
full_cycle0,79,perturb_0.25sigma,-0.04393608123064041,0.02851878944784403,5,,,,,,42
full_cycle0,79,perturb_0.5sigma,-0.05058358609676361,0.024426516145467758,5,,,,,,42
full_cycle0,79,perturb_1sigma,0.15540717542171478,0.03295307420194149,5,,,,,,42
full_cycle0,79,perturb_2sigma,-0.05951163172721863,0.04041275195777416,5,,,,,,42
full_cycle0,-1,summary,,,5,,0.45916666666666667,0.719111706106881,0.6,0.8,42
full_cycle1,0,supervised,0.340972363948822,0.010559701011516154,5,,,,,,42
full_cycle1,0,actor,0.16233167052268982,0.010898560169152915,5,,,,,,42
full_cycle1,0,zero,-0.12422753870487213,0.012560793082229793,5,,,,,,42
full_cycle1,0,random,0.1050407886505127,0.015446706442162395,5,,,,,,42
full_cycle1,0,shuffled,0.010857805609703064,0.014924878370948136,5,,,,,,42
full_cycle1,0,perturb_0.25sigma,0.3381585478782654,0.01002385636093095,5,,,,,,42
full_cycle1,0,perturb_0.5sigma,0.32806116342544556,0.009741679765284061,5,,,,,,42
full_cycle1,0,perturb_1sigma,0.11261379718780518,0.010558194131590426,5,,,,,,42
full_cycle1,0,perturb_2sigma,0.20823775231838226,0.012301396112889051,5,,,,,,42
full_cycle1,1,supervised,0.16713154315948486,0.007555431337095797,5,,,,,,42
full_cycle1,1,actor,-0.033240482211112976,0.007854041876271367,5,,,,,,42
full_cycle1,1,zero,-0.21835018694400787,0.009053332381881773,5,,,,,,42
full_cycle1,1,random,-0.13475938141345978,0.010317817563191056,5,,,,,,42
full_cycle1,1,shuffled,-0.006226196885108948,0.011032998678274453,5,,,,,,42
full_cycle1,1,perturb_0.25sigma,0.016250208020210266,0.007952502579428256,5,,,,,,42
full_cycle1,1,perturb_0.5sigma,0.007910862565040588,0.0075195597019046545,5,,,,,,42
full_cycle1,1,perturb_1sigma,-0.2855460047721863,0.005920686526224017,5,,,,,,42
full_cycle1,1,perturb_2sigma,-0.3919614553451538,0.007174492347985506,5,,,,,,42
full_cycle1,2,supervised,-0.02182014286518097,0.005309184663929045,5,,,,,,42
full_cycle1,2,actor,-0.11448143422603607,0.005553129012696445,5,,,,,,42
full_cycle1,2,zero,-0.22518925368785858,0.006377317942678928,5,,,,,,42
full_cycle1,2,random,-0.05107150971889496,0.007823278661817312,5,,,,,,42
full_cycle1,2,shuffled,-0.03300069272518158,0.007965134805999696,5,,,,,,42
full_cycle1,2,perturb_0.25sigma,0.022819623351097107,0.005210398230701685,5,,,,,,42
full_cycle1,2,perturb_0.5sigma,0.054383501410484314,0.005057402770034969,5,,,,,,42
full_cycle1,2,perturb_1sigma,-0.21772560477256775,0.006088030873797834,5,,,,,,42
full_cycle1,2,perturb_2sigma,-0.27616220712661743,0.003521574893966317,5,,,,,,42
full_cycle1,3,supervised,-0.19972454011440277,0.0035429183626547456,5,,,,,,42
full_cycle1,3,actor,-0.17998294532299042,0.0037344334414228797,5,,,,,,42
full_cycle1,3,zero,-0.19704703986644745,0.004332878859713674,5,,,,,,42
full_cycle1,3,random,-0.17309869825839996,0.004577388754114509,5,,,,,,42
full_cycle1,3,shuffled,-0.022642269730567932,0.005607503466308117,5,,,,,,42
full_cycle1,3,perturb_0.25sigma,-0.2243339866399765,0.0037395081017166376,5,,,,,,42
full_cycle1,3,perturb_0.5sigma,-0.1568133682012558,0.00333848490845412,5,,,,,,42
full_cycle1,3,perturb_1sigma,-0.045995816588401794,0.004881224245764315,5,,,,,,42
full_cycle1,3,perturb_2sigma,-0.3417295813560486,0.003042841679416597,5,,,,,,42
full_cycle1,4,supervised,-0.27538877725601196,0.002059194492176175,5,,,,,,42
full_cycle1,4,actor,-0.2268574982881546,0.0021919512655586004,5,,,,,,42
full_cycle1,4,zero,-0.2218984216451645,0.0026903452817350626,5,,,,,,42
full_cycle1,4,random,-0.20351798832416534,0.0025967706460505724,5,,,,,,42
full_cycle1,4,shuffled,0.05078880488872528,0.0037402957677841187,5,,,,,,42
full_cycle1,4,perturb_0.25sigma,-0.2760493755340576,0.0020467035938054323,5,,,,,,42
full_cycle1,4,perturb_0.5sigma,-0.17262400686740875,0.0026406480465084314,5,,,,,,42
full_cycle1,4,perturb_1sigma,-0.22792144119739532,0.0025246005970984697,5,,,,,,42
full_cycle1,4,perturb_2sigma,-0.1130027025938034,0.0027874719817191362,5,,,,,,42
full_cycle1,5,supervised,0.340972363948822,0.010559701011516154,5,,,,,,42
full_cycle1,5,actor,0.16233167052268982,0.010898560169152915,5,,,,,,42
full_cycle1,5,zero,-0.12422753870487213,0.012560793082229793,5,,,,,,42
full_cycle1,5,random,-0.024551883339881897,0.01255223376210779,5,,,,,,42
full_cycle1,5,shuffled,0.010857805609703064,0.014924878370948136,5,,,,,,42
full_cycle1,5,perturb_0.25sigma,0.2994486093521118,0.010726398089900613,5,,,,,,42
full_cycle1,5,perturb_0.5sigma,0.13250108063220978,0.011666506179608405,5,,,,,,42
full_cycle1,5,perturb_1sigma,0.1110614538192749,0.011051091714762151,5,,,,,,42
full_cycle1,5,perturb_2sigma,0.301660418510437,0.010202163946814835,5,,,,,,42
full_cycle1,6,supervised,0.1806400716304779,0.008660795399919152,5,,,,,,42
full_cycle1,6,actor,0.012256801128387451,0.008860691101290286,5,,,,,,42
full_cycle1,6,zero,-0.20808927714824677,0.010094431694597006,5,,,,,,42
full_cycle1,6,random,-0.09791798889636993,0.009384886943735182,5,,,,,,42
full_cycle1,6,shuffled,-0.0071863532066345215,0.012161833001300693,5,,,,,,42
full_cycle1,6,perturb_0.25sigma,0.23090031743049622,0.008492430788464844,5,,,,,,42
full_cycle1,6,perturb_0.5sigma,0.22943566739559174,0.008451822679489851,5,,,,,,42
full_cycle1,6,perturb_1sigma,0.040240153670310974,0.008886920753866434,5,,,,,,42
full_cycle1,6,perturb_2sigma,-0.05477738380432129,0.008566199569031596,5,,,,,,42
full_cycle1,7,supervised,-0.009062424302101135,0.006239298149012029,5,,,,,,42
full_cycle1,7,actor,-0.058311328291893005,0.006355769815854728,5,,,,,,42
full_cycle1,7,zero,-0.20121897757053375,0.007238612626679242,5,,,,,,42
full_cycle1,7,random,-0.11646230518817902,0.0074549028649926186,5,,,,,,42
full_cycle1,7,shuffled,-0.05932942032814026,0.009007835411466658,5,,,,,,42
full_cycle1,7,perturb_0.25sigma,0.024001896381378174,0.006085490225814283,5,,,,,,42
full_cycle1,7,perturb_0.5sigma,-0.04138757288455963,0.00605664262548089,5,,,,,,42
full_cycle1,7,perturb_1sigma,-0.07408885657787323,0.009347383631393313,5,,,,,,42
full_cycle1,7,perturb_2sigma,-0.07072074711322784,0.006012769881635904,5,,,,,,42
full_cycle1,8,supervised,-0.1276145726442337,0.004874495672993362,5,,,,,,42
full_cycle1,8,actor,-0.10453705489635468,0.0049116736045107245,5,,,,,,42
full_cycle1,8,zero,-0.1341756135225296,0.005565291969105601,5,,,,,,42
full_cycle1,8,random,-0.19364094734191895,0.004505631746724248,5,,,,,,42
full_cycle1,8,shuffled,-0.04943385720252991,0.00671516265720129,5,,,,,,42
full_cycle1,8,perturb_0.25sigma,-0.11250849068164825,0.004808620666153729,5,,,,,,42
full_cycle1,8,perturb_0.5sigma,-0.12324602901935577,0.005161241162568331,5,,,,,,42
full_cycle1,8,perturb_1sigma,-0.28282707929611206,0.003925511264242232,5,,,,,,42
full_cycle1,8,perturb_2sigma,0.25552117824554443,0.007986682932823896,5,,,,,,42
full_cycle1,9,supervised,-0.16253133118152618,0.003223648527637124,5,,,,,,42
full_cycle1,9,actor,-0.12023274600505829,0.003214852185919881,5,,,,,,42
full_cycle1,9,zero,-0.1014098972082138,0.0037130978889763355,5,,,,,,42
full_cycle1,9,random,-0.03930945694446564,0.003634112188592553,5,,,,,,42
full_cycle1,9,shuffled,0.07036152482032776,0.004524424206465483,5,,,,,,42
full_cycle1,9,perturb_0.25sigma,-0.15108023583889008,0.0033254807349294424,5,,,,,,42
full_cycle1,9,perturb_0.5sigma,-0.14869967103004456,0.0036052509676665068,5,,,,,,42
full_cycle1,9,perturb_1sigma,-0.16697454452514648,0.003414465580135584,5,,,,,,42
full_cycle1,9,perturb_2sigma,-0.20038719475269318,0.0028001677710562944,5,,,,,,42
full_cycle1,10,supervised,-0.2426799088716507,0.0024492258380632848,5,,,,,,42
full_cycle1,10,actor,0.03936338424682617,0.0025945807865355164,5,,,,,,42
full_cycle1,10,zero,-0.11614684760570526,0.0032816469902172685,5,,,,,,42
full_cycle1,10,random,-0.08752752840518951,0.0034673938644118607,5,,,,,,42
full_cycle1,10,shuffled,0.3006874918937683,0.0033497435797471553,5,,,,,,42
full_cycle1,10,perturb_0.25sigma,-0.22252115607261658,0.002437192335492,5,,,,,,42
full_cycle1,10,perturb_0.5sigma,-0.10321760177612305,0.0024580570752732456,5,,,,,,42
full_cycle1,10,perturb_1sigma,-0.431370347738266,0.0021785367862321436,5,,,,,,42
full_cycle1,10,perturb_2sigma,0.0026251673698425293,0.00247700180625543,5,,,,,,42
full_cycle1,11,supervised,-0.34768110513687134,0.0010715954849729314,5,,,,,,42
full_cycle1,11,actor,-0.1996665894985199,0.0010511140717426315,5,,,,,,42
full_cycle1,11,zero,-0.18350817263126373,0.0018951852835016325,5,,,,,,42
full_cycle1,11,random,-0.0870475322008133,0.001912217543576844,5,,,,,,42
full_cycle1,11,shuffled,0.4125659763813019,0.002165775338653475,5,,,,,,42
full_cycle1,11,perturb_0.25sigma,-0.34866154193878174,0.0011178244312759489,5,,,,,,42
full_cycle1,11,perturb_0.5sigma,-0.29902178049087524,0.000987710795016028,5,,,,,,42
full_cycle1,11,perturb_1sigma,-0.02930554747581482,0.0012305762793403119,5,,,,,,42
full_cycle1,11,perturb_2sigma,-0.052078813314437866,0.0013165934069547802,5,,,,,,42
full_cycle1,12,supervised,-0.4491041600704193,0.00047856099627097137,5,,,,,,42
full_cycle1,12,actor,-0.3819181025028229,0.00037154776509851217,5,,,,,,42
full_cycle1,12,zero,-0.18025533854961395,0.0012450387002900243,5,,,,,,42
full_cycle1,12,random,-0.2241535484790802,0.0008128395929816179,5,,,,,,42
full_cycle1,12,shuffled,0.4234790802001953,0.0016059955669334158,5,,,,,,42
full_cycle1,12,perturb_0.25sigma,-0.471689373254776,0.0005270570654829498,5,,,,,,42
full_cycle1,12,perturb_0.5sigma,-0.4125329554080963,0.0004890496857115068,5,,,,,,42
full_cycle1,12,perturb_1sigma,-0.3398786783218384,0.0006107232875365298,5,,,,,,42
full_cycle1,12,perturb_2sigma,-0.03087681531906128,0.0007178770247264765,5,,,,,,42
full_cycle1,13,supervised,-0.44412750005722046,0.0004518736277532298,5,,,,,,42
full_cycle1,13,actor,-0.45419344305992126,0.0002981528959935531,5,,,,,,42
full_cycle1,13,zero,-0.14564134180545807,0.0010550855367910117,5,,,,,,42
full_cycle1,13,random,-0.19669337570667267,0.0009488385840086266,5,,,,,,42
full_cycle1,13,shuffled,0.33049649000167847,0.0014486598374787718,5,,,,,,42
full_cycle1,13,perturb_0.25sigma,-0.42425718903541565,0.00039289204141823575,5,,,,,,42
full_cycle1,13,perturb_0.5sigma,-0.44376131892204285,0.0005482588203449268,5,,,,,,42
full_cycle1,13,perturb_1sigma,-0.4181908965110779,0.0003769189497688785,5,,,,,,42
full_cycle1,13,perturb_2sigma,-0.12565092742443085,0.000586431342526339,5,,,,,,42
full_cycle1,14,supervised,-0.46572208404541016,0.0005451863398775458,5,,,,,,42
full_cycle1,14,actor,-0.4971335232257843,0.0003372623468749225,5,,,,,,42
full_cycle1,14,zero,-0.1511370688676834,0.00086799735436216,5,,,,,,42
full_cycle1,14,random,0.1787937879562378,0.0010969913564622402,5,,,,,,42
full_cycle1,14,shuffled,0.22946879267692566,0.00123054429423064,5,,,,,,42
full_cycle1,14,perturb_0.25sigma,-0.46773985028266907,0.0004792995168827474,5,,,,,,42
full_cycle1,14,perturb_0.5sigma,-0.49783894419670105,0.0005702064954675734,5,,,,,,42
full_cycle1,14,perturb_1sigma,-0.46379390358924866,0.0007338773575611413,5,,,,,,42
full_cycle1,14,perturb_2sigma,-0.2496320754289627,0.0002744572120718658,5,,,,,,42
full_cycle1,15,supervised,-0.11102516949176788,0.0028572400369739626,5,,,,,,42
full_cycle1,15,actor,0.24072715640068054,0.0032454539541504346,5,,,,,,42
full_cycle1,15,zero,-0.11507956683635712,0.0041447668481851,5,,,,,,42
full_cycle1,15,random,0.008443936705589294,0.004351252006017603,5,,,,,,42
full_cycle1,15,shuffled,0.24214555323123932,0.004386138985864818,5,,,,,,42
full_cycle1,15,perturb_0.25sigma,-0.17443376779556274,0.0028315127456153277,5,,,,,,42
full_cycle1,15,perturb_0.5sigma,-0.19617578387260437,0.0026772474593599327,5,,,,,,42
full_cycle1,15,perturb_1sigma,-0.10407949984073639,0.0029725450949626975,5,,,,,,42
full_cycle1,15,perturb_2sigma,0.44978535175323486,0.0043526379886316136,5,,,,,,42
full_cycle1,16,supervised,-0.25138789415359497,0.0009051758679561317,5,,,,,,42
full_cycle1,16,actor,0.030797287821769714,0.0011242988402955234,5,,,,,,42
full_cycle1,16,zero,-0.20251087844371796,0.002038424403508543,5,,,,,,42
full_cycle1,16,random,-0.07233180105686188,0.002175344714487437,5,,,,,,42
full_cycle1,16,shuffled,0.34672701358795166,0.0026984353607986122,5,,,,,,42
full_cycle1,16,perturb_0.25sigma,-0.1846941113471985,0.0009105482531595044,5,,,,,,42
full_cycle1,16,perturb_0.5sigma,-0.2316066175699234,0.000939198573178146,5,,,,,,42
full_cycle1,16,perturb_1sigma,-0.3728039264678955,0.0008511132291459944,5,,,,,,42
full_cycle1,16,perturb_2sigma,-0.2894507646560669,0.0007564156912849285,5,,,,,,42
full_cycle1,17,supervised,-0.3772255778312683,9.063955076271668e-06,5,,,,,,42
full_cycle1,17,actor,-0.22232796251773834,8.199597868951969e-05,5,,,,,,42
full_cycle1,17,zero,-0.20644493401050568,0.000999109193799086,5,,,,,,42
full_cycle1,17,random,-0.10738755762577057,0.0011811299846158363,5,,,,,,42
full_cycle1,17,shuffled,0.40207523107528687,0.0018961834721267223,5,,,,,,42
full_cycle1,17,perturb_0.25sigma,-0.3759322464466095,-3.068954174523242e-05,5,,,,,,42
full_cycle1,17,perturb_0.5sigma,-0.24292732775211334,-8.707511642569443e-05,5,,,,,,42
full_cycle1,17,perturb_1sigma,-0.515988826751709,-3.4345765016041696e-05,5,,,,,,42
full_cycle1,17,perturb_2sigma,-0.45749369263648987,0.00011000377708114684,5,,,,,,42
full_cycle1,18,supervised,-0.3999522030353546,-0.0001013182190945372,5,,,,,,42
full_cycle1,18,actor,-0.33427363634109497,-0.00015259606152540073,5,,,,,,42
full_cycle1,18,zero,-0.17041413486003876,0.0007029207627056167,5,,,,,,42
full_cycle1,18,random,-0.1263744831085205,0.0010641007247613743,5,,,,,,42
full_cycle1,18,shuffled,0.34911787509918213,0.0017031649404088967,5,,,,,,42
full_cycle1,18,perturb_0.25sigma,-0.41257837414741516,-0.0001230126799782738,5,,,,,,42
full_cycle1,18,perturb_0.5sigma,-0.26737093925476074,-0.0002039273822447285,5,,,,,,42
full_cycle1,18,perturb_1sigma,-0.3270640969276428,-1.3652199413627386e-05,5,,,,,,42
full_cycle1,18,perturb_2sigma,-0.3736018240451813,-0.00019935076852561906,5,,,,,,42
full_cycle1,19,supervised,-0.45690488815307617,0.00018697051564231515,5,,,,,,42
full_cycle1,19,actor,-0.40264180302619934,1.259027067135321e-05,5,,,,,,42
full_cycle1,19,zero,-0.19154472649097443,0.0007304313476197422,5,,,,,,42
full_cycle1,19,random,-0.01128341257572174,0.0011669055093079805,5,,,,,,42
full_cycle1,19,shuffled,0.30049487948417664,0.0017459746450185776,5,,,,,,42
full_cycle1,19,perturb_0.25sigma,-0.4329321086406708,0.00023642965243197978,5,,,,,,42
full_cycle1,19,perturb_0.5sigma,-0.4848436117172241,0.0006049745134077966,5,,,,,,42
full_cycle1,19,perturb_1sigma,-0.5125097036361694,0.0003497494908515364,5,,,,,,42
full_cycle1,19,perturb_2sigma,-0.0225355327129364,0.0013194044586271048,5,,,,,,42
full_cycle1,20,supervised,0.17605334520339966,0.023978129494935274,5,,,,,,42
full_cycle1,20,actor,0.06689389050006866,0.023523388197645545,5,,,,,,42
full_cycle1,20,zero,-0.12027634680271149,0.024624954676255584,5,,,,,,42
full_cycle1,20,random,-0.2512425184249878,0.024619067320600152,5,,,,,,42
full_cycle1,20,shuffled,-0.11716555058956146,0.025421777740120888,5,,,,,,42
full_cycle1,20,perturb_0.25sigma,0.15848085284233093,0.023283537244424224,5,,,,,,42
full_cycle1,20,perturb_0.5sigma,0.12261822819709778,0.024441345129162073,5,,,,,,42
full_cycle1,20,perturb_1sigma,0.12390917539596558,0.02197810518555343,5,,,,,,42
full_cycle1,20,perturb_2sigma,0.21223758161067963,0.027872998267412186,5,,,,,,42
full_cycle1,21,supervised,-0.07578925788402557,0.019967088475823402,5,,,,,,42
full_cycle1,21,actor,-0.07713626325130463,0.019567442359402776,5,,,,,,42
full_cycle1,21,zero,-0.21639211475849152,0.020192617550492287,5,,,,,,42
full_cycle1,21,random,0.3150738477706909,0.02575993724167347,5,,,,,,42
full_cycle1,21,shuffled,-0.17540647089481354,0.020449829287827015,5,,,,,,42
full_cycle1,21,perturb_0.25sigma,-0.09494511783123016,0.02003289107233286,5,,,,,,42
full_cycle1,21,perturb_0.5sigma,0.06372900307178497,0.020632605999708176,5,,,,,,42
full_cycle1,21,perturb_1sigma,-0.12374062836170197,0.01989251794293523,5,,,,,,42
full_cycle1,21,perturb_2sigma,0.42722487449645996,0.024457866325974464,5,,,,,,42
full_cycle1,22,supervised,-0.13576750457286835,0.015956012066453695,5,,,,,,42
full_cycle1,22,actor,-0.12762539088726044,0.01558944908902049,5,,,,,,42
full_cycle1,22,zero,-0.2253728061914444,0.01587226241827011,5,,,,,,42
full_cycle1,22,random,0.007212236523628235,0.018483320716768503,5,,,,,,42
full_cycle1,22,shuffled,-0.1826336532831192,0.015783526934683323,5,,,,,,42
full_cycle1,22,perturb_0.25sigma,-0.13435743749141693,0.015729292295873165,5,,,,,,42
full_cycle1,22,perturb_0.5sigma,-0.15397225320339203,0.015113458503037691,5,,,,,,42
full_cycle1,22,perturb_1sigma,-0.025438979268074036,0.015667630825191736,5,,,,,,42
full_cycle1,22,perturb_2sigma,0.16446922719478607,0.020459715276956558,5,,,,,,42
full_cycle1,23,supervised,-0.14868681132793427,0.011672606226056814,5,,,,,,42
full_cycle1,23,actor,-0.15835435688495636,0.011340689845383167,5,,,,,,42
full_cycle1,23,zero,-0.20016668736934662,0.01143514784052968,5,,,,,,42
full_cycle1,23,random,-0.05602021515369415,0.0095394691452384,5,,,,,,42
full_cycle1,23,shuffled,-0.16562561690807343,0.011207612697035074,5,,,,,,42
full_cycle1,23,perturb_0.25sigma,-0.12928418815135956,0.011511447839438915,5,,,,,,42
full_cycle1,23,perturb_0.5sigma,-0.21600790321826935,0.010953088290989399,5,,,,,,42
full_cycle1,23,perturb_1sigma,-0.1278180032968521,0.009316724259406328,5,,,,,,42
full_cycle1,23,perturb_2sigma,0.08775053918361664,0.016075708437711,5,,,,,,42
full_cycle1,24,supervised,-0.19900919497013092,0.0068142893724143505,5,,,,,,42
full_cycle1,24,actor,-0.18622078001499176,0.006540862377732992,5,,,,,,42
full_cycle1,24,zero,-0.2225700169801712,0.006586340256035328,5,,,,,,42
full_cycle1,24,random,-0.14496876299381256,0.006971272174268961,5,,,,,,42
full_cycle1,24,shuffled,-0.16504792869091034,0.006316406186670065,5,,,,,,42
full_cycle1,24,perturb_0.25sigma,-0.20084653794765472,0.006787648890167475,5,,,,,,42
full_cycle1,24,perturb_0.5sigma,-0.11141164600849152,0.007455105427652597,5,,,,,,42
full_cycle1,24,perturb_1sigma,-0.16270221769809723,0.006525115575641394,5,,,,,,42
full_cycle1,24,perturb_2sigma,-0.02608834207057953,0.007964598014950752,5,,,,,,42
full_cycle1,25,supervised,0.17605334520339966,0.023978129494935274,5,,,,,,42
full_cycle1,25,actor,0.06689389050006866,0.023523388197645545,5,,,,,,42
full_cycle1,25,zero,-0.12027634680271149,0.024624954676255584,5,,,,,,42
full_cycle1,25,random,0.11853168904781342,0.02338214055635035,5,,,,,,42
full_cycle1,25,shuffled,-0.11716555058956146,0.025421777740120888,5,,,,,,42
full_cycle1,25,perturb_0.25sigma,0.1650390774011612,0.02416465524584055,5,,,,,,42
full_cycle1,25,perturb_0.5sigma,0.2552371025085449,0.02254511695355177,5,,,,,,42
full_cycle1,25,perturb_1sigma,0.16545236110687256,0.02774223918095231,5,,,,,,42
full_cycle1,25,perturb_2sigma,0.18200378119945526,0.03070660075172782,5,,,,,,42
full_cycle1,26,supervised,-0.07523180544376373,0.020078737754374743,5,,,,,,42
full_cycle1,26,actor,-0.07643695175647736,0.01945363008417189,5,,,,,,42
full_cycle1,26,zero,-0.20805363357067108,0.02013103337958455,5,,,,,,42
full_cycle1,26,random,0.1573091447353363,0.024998716544359922,5,,,,,,42
full_cycle1,26,shuffled,-0.16557557880878448,0.020179315470159054,5,,,,,,42
full_cycle1,26,perturb_0.25sigma,-0.04863069951534271,0.01914447615854442,5,,,,,,42
full_cycle1,26,perturb_0.5sigma,-0.011795327067375183,0.018927663331851363,5,,,,,,42
full_cycle1,26,perturb_1sigma,-0.07591556012630463,0.019344907719641924,5,,,,,,42
full_cycle1,26,perturb_2sigma,0.11427758634090424,0.02352319611236453,5,,,,,,42
full_cycle1,27,supervised,-0.1178002804517746,0.015050690621137619,5,,,,,,42
full_cycle1,27,actor,-0.10733683407306671,0.01437241630628705,5,,,,,,42
full_cycle1,27,zero,-0.1945345550775528,0.01475538033992052,5,,,,,,42
full_cycle1,27,random,-0.10079039633274078,0.01581243146210909,5,,,,,,42
full_cycle1,27,shuffled,-0.1912725865840912,0.014449936803430319,5,,,,,,42
full_cycle1,27,perturb_0.25sigma,-0.14117060601711273,0.015192968305200338,5,,,,,,42
full_cycle1,27,perturb_0.5sigma,-0.0439409464597702,0.012895766645669937,5,,,,,,42
full_cycle1,27,perturb_1sigma,-0.07269324362277985,0.014628342352807522,5,,,,,,42
full_cycle1,27,perturb_2sigma,-0.09309269487857819,0.012065467424690723,5,,,,,,42
full_cycle1,28,supervised,-0.10475461184978485,0.011582022067159414,5,,,,,,42
full_cycle1,28,actor,-0.1029287725687027,0.010862309485673904,5,,,,,,42
full_cycle1,28,zero,-0.13411863148212433,0.011138218455016613,5,,,,,,42
full_cycle1,28,random,-0.08961892127990723,0.012380316387861967,5,,,,,,42
full_cycle1,28,shuffled,-0.15977883338928223,0.010688340291380882,5,,,,,,42
full_cycle1,28,perturb_0.25sigma,-0.13111282885074615,0.010740555357187986,5,,,,,,42
full_cycle1,28,perturb_0.5sigma,-0.10413505136966705,0.011976041831076145,5,,,,,,42
full_cycle1,28,perturb_1sigma,-0.13656997680664062,0.010268289595842361,5,,,,,,42
full_cycle1,28,perturb_2sigma,-0.0720379501581192,0.01327299140393734,5,,,,,,42
full_cycle1,29,supervised,-0.08597467839717865,0.005982891656458378,5,,,,,,42
full_cycle1,29,actor,-0.09012626111507416,0.005369705613702536,5,,,,,,42
full_cycle1,29,zero,-0.09443731606006622,0.0054831737652421,5,,,,,,42
full_cycle1,29,random,-0.09311090409755707,0.004879291635006666,5,,,,,,42
full_cycle1,29,shuffled,-0.06854280829429626,0.004993288312107325,5,,,,,,42
full_cycle1,29,perturb_0.25sigma,-0.11477194726467133,0.005694897845387459,5,,,,,,42
full_cycle1,29,perturb_0.5sigma,-0.00031848251819610596,0.0070314123295247555,5,,,,,,42
full_cycle1,29,perturb_1sigma,-0.14780019223690033,0.005271051544696093,5,,,,,,42
full_cycle1,29,perturb_2sigma,-0.3955986499786377,-0.00045889930333942175,5,,,,,,42
full_cycle1,30,supervised,-0.13008002936840057,0.0027249100130575243,5,,,,,,42
full_cycle1,30,actor,0.2175035923719406,0.0030937194678699598,5,,,,,,42
full_cycle1,30,zero,-0.11398829519748688,0.003964827541494742,5,,,,,,42
full_cycle1,30,random,-0.14555223286151886,0.0038935434713494033,5,,,,,,42
full_cycle1,30,shuffled,0.2499958723783493,0.004167554041487165,5,,,,,,42
full_cycle1,30,perturb_0.25sigma,-0.24046087265014648,0.002618874943436822,5,,,,,,42
full_cycle1,30,perturb_0.5sigma,-0.13917462527751923,0.0027926624061365146,5,,,,,,42
full_cycle1,30,perturb_1sigma,-0.08786259591579437,0.0028460945904953405,5,,,,,,42
full_cycle1,30,perturb_2sigma,-0.11855481564998627,0.002360386020882288,5,,,,,,42
full_cycle1,31,supervised,-0.267129510641098,0.0008649744268041104,5,,,,,,42
full_cycle1,31,actor,0.008152410387992859,0.001064557560312096,5,,,,,,42
full_cycle1,31,zero,-0.20064257085323334,0.0019710104388650507,5,,,,,,42
full_cycle1,31,random,-0.020271852612495422,0.0022214608325157315,5,,,,,,42
full_cycle1,31,shuffled,0.3575759530067444,0.002568926825915696,5,,,,,,42
full_cycle1,31,perturb_0.25sigma,-0.29486966133117676,0.0008425848063779995,5,,,,,,42
full_cycle1,31,perturb_0.5sigma,-0.32162562012672424,0.0008632242097519338,5,,,,,,42
full_cycle1,31,perturb_1sigma,-0.19958879053592682,0.0008168677195499185,5,,,,,,42
full_cycle1,31,perturb_2sigma,-0.07589156925678253,0.0015450583450729027,5,,,,,,42
full_cycle1,32,supervised,-0.38867515325546265,2.195311026298441e-05,5,,,,,,42
full_cycle1,32,actor,-0.23773019015789032,7.855390140321106e-05,5,,,,,,42
full_cycle1,32,zero,-0.20376338064670563,0.0009976409128285013,5,,,,,,42
full_cycle1,32,random,-0.2077980935573578,0.001039194074110128,5,,,,,,42
full_cycle1,32,shuffled,0.4118936061859131,0.001822071339120157,5,,,,,,42
full_cycle1,32,perturb_0.25sigma,-0.37560418248176575,-3.138531610602513e-06,5,,,,,,42
full_cycle1,32,perturb_0.5sigma,-0.4357120096683502,4.740622898680158e-06,5,,,,,,42
full_cycle1,32,perturb_1sigma,-0.29128122329711914,-0.00019704813894350082,5,,,,,,42
full_cycle1,32,perturb_2sigma,-0.14550139009952545,0.0004679291232605465,5,,,,,,42
full_cycle1,33,supervised,-0.40851491689682007,-7.102821837179363e-05,5,,,,,,42
full_cycle1,33,actor,-0.3483502268791199,-0.00013416849833447486,5,,,,,,42
full_cycle1,33,zero,-0.1673516184091568,0.00071723923610989,5,,,,,,42
full_cycle1,33,random,-0.1737530678510666,8.276599692180753e-05,5,,,,,,42
full_cycle1,33,shuffled,0.35999149084091187,0.0016515013921889476,5,,,,,,42
full_cycle1,33,perturb_0.25sigma,-0.4335310757160187,-4.2489729821681976e-05,5,,,,,,42
full_cycle1,33,perturb_0.5sigma,-0.29289504885673523,-0.00018911666302301455,5,,,,,,42
full_cycle1,33,perturb_1sigma,-0.43518733978271484,0.00016638063243590295,5,,,,,,42
full_cycle1,33,perturb_2sigma,-0.3175559937953949,-0.0003155541417072527,5,,,,,,42
full_cycle1,34,supervised,-0.460379421710968,0.00020127305469941348,5,,,,,,42
full_cycle1,34,actor,-0.41560813784599304,1.64051161846146e-05,5,,,,,,42
full_cycle1,34,zero,-0.1859634667634964,0.0007199476240202785,5,,,,,,42
full_cycle1,34,random,-0.20172469317913055,0.0005930764018557966,5,,,,,,42
full_cycle1,34,shuffled,0.2930060625076294,0.0016792099922895432,5,,,,,,42
full_cycle1,34,perturb_0.25sigma,-0.45489367842674255,0.00022081864881329238,5,,,,,,42
full_cycle1,34,perturb_0.5sigma,-0.4122503101825714,8.947653259383515e-05,5,,,,,,42
full_cycle1,34,perturb_1sigma,-0.31653133034706116,0.00027051984216086566,5,,,,,,42
full_cycle1,34,perturb_2sigma,-0.20525352656841278,6.241800292627886e-05,5,,,,,,42
full_cycle1,35,supervised,-0.3274940550327301,0.004494639928452671,5,,,,,,42
full_cycle1,35,actor,-0.2949233651161194,0.004447824496310204,5,,,,,,42
full_cycle1,35,zero,-0.13092495501041412,0.004643926105927676,5,,,,,,42
full_cycle1,35,random,0.283896803855896,0.004638495680410415,5,,,,,,42
full_cycle1,35,shuffled,0.3155500590801239,0.004467924416530877,5,,,,,,42
full_cycle1,35,perturb_0.25sigma,-0.30871379375457764,0.0044978559599258006,5,,,,,,42
full_cycle1,35,perturb_0.5sigma,-0.26278042793273926,0.004492614883929491,5,,,,,,42
full_cycle1,35,perturb_1sigma,-0.20450857281684875,0.0044969021691940725,5,,,,,,42
full_cycle1,35,perturb_2sigma,-0.33026641607284546,0.0045202464098110795,5,,,,,,42
full_cycle1,36,supervised,-0.390551894903183,0.0031657677609473467,5,,,,,,42
full_cycle1,36,actor,-0.4323951303958893,0.0030297149787656963,5,,,,,,42
full_cycle1,36,zero,-0.18180669844150543,0.0033567649079486728,5,,,,,,42
full_cycle1,36,random,-0.06490011513233185,0.003176338504999876,5,,,,,,42
full_cycle1,36,shuffled,0.4265338182449341,0.0032261491287499666,5,,,,,,42
full_cycle1,36,perturb_0.25sigma,-0.4169550836086273,0.0032037681667134166,5,,,,,,42
full_cycle1,36,perturb_0.5sigma,-0.3953652083873749,0.0032368844840675592,5,,,,,,42
full_cycle1,36,perturb_1sigma,-0.3410436511039734,0.0032422447693534195,5,,,,,,42
full_cycle1,36,perturb_2sigma,0.016770824790000916,0.0033723918604664505,5,,,,,,42
full_cycle1,37,supervised,-0.44445177912712097,0.002168254053685814,5,,,,,,42
full_cycle1,37,actor,-0.5206048488616943,0.0020318421884439886,5,,,,,,42
full_cycle1,37,zero,-0.14495502412319183,0.0023646141053177416,5,,,,,,42
full_cycle1,37,random,-0.058061644434928894,0.0022979346103966236,5,,,,,,42
full_cycle1,37,shuffled,0.38425761461257935,0.002254017977975309,5,,,,,,42
full_cycle1,37,perturb_0.25sigma,-0.43652427196502686,0.002150146581698209,5,,,,,,42
full_cycle1,37,perturb_0.5sigma,-0.4736023545265198,0.002230434736702591,5,,,,,,42
full_cycle1,37,perturb_1sigma,-0.38761112093925476,0.0020011052838526666,5,,,,,,42
full_cycle1,37,perturb_2sigma,-0.48179295659065247,0.0021997011499479413,5,,,,,,42
full_cycle1,38,supervised,-0.44156530499458313,0.001492352515924722,5,,,,,,42
full_cycle1,38,actor,-0.5258409976959229,0.0013883563224226236,5,,,,,,42
full_cycle1,38,zero,-0.09968630969524384,0.0016495216987095773,5,,,,,,42
full_cycle1,38,random,-0.03392578661441803,0.0015745119308121502,5,,,,,,42
full_cycle1,38,shuffled,0.2383052408695221,0.0015347598819062114,5,,,,,,42
full_cycle1,38,perturb_0.25sigma,-0.4487491846084595,0.0014989040209911764,5,,,,,,42
full_cycle1,38,perturb_0.5sigma,-0.44043365120887756,0.0014763909857720137,5,,,,,,42
full_cycle1,38,perturb_1sigma,-0.4048250615596771,0.0014500655815936625,5,,,,,,42
full_cycle1,38,perturb_2sigma,-0.13480313122272491,0.001474808668717742,5,,,,,,42
full_cycle1,39,supervised,-0.4598982632160187,0.0008517062524333596,5,,,,,,42
full_cycle1,39,actor,-0.5346513986587524,0.0007636822410859168,5,,,,,,42
full_cycle1,39,zero,-0.09862034022808075,0.0009257418569177389,5,,,,,,42
full_cycle1,39,random,-0.07706093788146973,0.0009259855723939836,5,,,,,,42
full_cycle1,39,shuffled,0.09507746994495392,0.0007589280721731484,5,,,,,,42
full_cycle1,39,perturb_0.25sigma,-0.4586706757545471,0.0008642117609269917,5,,,,,,42
full_cycle1,39,perturb_0.5sigma,-0.4502376317977905,0.0008283621282316744,5,,,,,,42
full_cycle1,39,perturb_1sigma,-0.41783830523490906,0.0008181157172657549,5,,,,,,42
full_cycle1,39,perturb_2sigma,-0.4945840537548065,0.0008253812557086349,5,,,,,,42
full_cycle1,40,supervised,-0.21555981040000916,0.002400672630756162,5,,,,,,42
full_cycle1,40,actor,0.10245458781719208,0.0026134568179259077,5,,,,,,42
full_cycle1,40,zero,-0.11348755657672882,0.0033425494330003858,5,,,,,,42
full_cycle1,40,random,-0.023590698838233948,0.0035245766630396247,5,,,,,,42
full_cycle1,40,shuffled,0.2898508310317993,0.003420999419176951,5,,,,,,42
full_cycle1,40,perturb_0.25sigma,-0.28266680240631104,0.0023549242469016463,5,,,,,,42
full_cycle1,40,perturb_0.5sigma,-0.11358894407749176,0.0024426121381111443,5,,,,,,42
full_cycle1,40,perturb_1sigma,-0.07297132909297943,0.0024620345357107,5,,,,,,42
full_cycle1,40,perturb_2sigma,-0.15136942267417908,0.002587893672171049,5,,,,,,42
full_cycle1,41,supervised,-0.33127352595329285,0.0009504785448370967,5,,,,,,42
full_cycle1,41,actor,-0.14830796420574188,0.0009950724561349489,5,,,,,,42
full_cycle1,41,zero,-0.1882651001214981,0.001842587415012531,5,,,,,,42
full_cycle1,41,random,-0.07836766541004181,0.0020902645046589896,5,,,,,,42
full_cycle1,41,shuffled,0.40673643350601196,0.0021847231837455183,5,,,,,,42
full_cycle1,41,perturb_0.25sigma,-0.31478679180145264,0.0009734814666444436,5,,,,,,42
full_cycle1,41,perturb_0.5sigma,-0.14505240321159363,0.0008529025180905592,5,,,,,,42
full_cycle1,41,perturb_1sigma,-0.21721220016479492,0.0011866104614455253,5,,,,,,42
full_cycle1,41,perturb_2sigma,-0.37273386120796204,0.000760532588174101,5,,,,,,42
full_cycle1,42,supervised,-0.4413018524646759,0.0003548217937350273,5,,,,,,42
full_cycle1,42,actor,-0.34658369421958923,0.00029900686467954074,5,,,,,,42
full_cycle1,42,zero,-0.18655450642108917,0.0011646943894447759,5,,,,,,42
full_cycle1,42,random,-0.18207179009914398,0.001205186898005195,5,,,,,,42
full_cycle1,42,shuffled,0.42507606744766235,0.001634711807128042,5,,,,,,42
full_cycle1,42,perturb_0.25sigma,-0.39709094166755676,0.00033581695970497094,5,,,,,,42
full_cycle1,42,perturb_0.5sigma,-0.4779958426952362,0.0003589850566640962,5,,,,,,42
full_cycle1,42,perturb_1sigma,-0.2887536883354187,0.00045690455044677947,5,,,,,,42
full_cycle1,42,perturb_2sigma,-0.07347889244556427,0.0011372990920790471,5,,,,,,42
full_cycle1,43,supervised,-0.44241321086883545,0.0003591993631744117,5,,,,,,42
full_cycle1,43,actor,-0.4299112558364868,0.00023688312285230495,5,,,,,,42
full_cycle1,43,zero,-0.15000785887241364,0.0009976396249840036,5,,,,,,42
full_cycle1,43,random,-0.14850951731204987,0.0007887104075052775,5,,,,,,42
full_cycle1,43,shuffled,0.33743876218795776,0.00150610480341129,5,,,,,,42
full_cycle1,43,perturb_0.25sigma,-0.45578789710998535,0.00040536969754612073,5,,,,,,42
full_cycle1,43,perturb_0.5sigma,-0.36298850178718567,0.00027859173133037984,5,,,,,,42
full_cycle1,43,perturb_1sigma,-0.44756975769996643,0.0004040653252559423,5,,,,,,42
full_cycle1,43,perturb_2sigma,0.005566641688346863,0.0009368757455376908,5,,,,,,42
full_cycle1,44,supervised,-0.4641018211841583,0.0004962164093740284,5,,,,,,42
full_cycle1,44,actor,-0.4808958172798157,0.0002981738653033972,5,,,,,,42
full_cycle1,44,zero,-0.15598423779010773,0.0008607348427176476,5,,,,,,42
full_cycle1,44,random,-0.14019931852817535,0.0005904609570279717,5,,,,,,42
full_cycle1,44,shuffled,0.23853471875190735,0.0013455573935061693,5,,,,,,42
full_cycle1,44,perturb_0.25sigma,-0.4707089364528656,0.0004988382570445538,5,,,,,,42
full_cycle1,44,perturb_0.5sigma,-0.47538408637046814,0.0005031280452385545,5,,,,,,42
full_cycle1,44,perturb_1sigma,-0.4469626843929291,0.0006136786541901529,5,,,,,,42
full_cycle1,44,perturb_2sigma,-0.4450972080230713,0.00022714203805662692,5,,,,,,42
full_cycle1,45,supervised,0.2409626543521881,0.014694744837470353,5,,,,,,42
full_cycle1,45,actor,0.1120421290397644,0.014830352854914963,5,,,,,,42
full_cycle1,45,zero,-0.12333066761493683,0.016513915732502937,5,,,,,,42
full_cycle1,45,random,-0.07902105152606964,0.015599263948388398,5,,,,,,42
full_cycle1,45,shuffled,-0.05038635432720184,0.01880462421104312,5,,,,,,42
full_cycle1,45,perturb_0.25sigma,0.158919557929039,0.015150036662817001,5,,,,,,42
full_cycle1,45,perturb_0.5sigma,0.053591445088386536,0.015140121686272323,5,,,,,,42
full_cycle1,45,perturb_1sigma,-0.20723412930965424,0.012501189368776977,5,,,,,,42
full_cycle1,45,perturb_2sigma,0.08953352272510529,0.01607762766070664,5,,,,,,42
full_cycle1,46,supervised,0.014455124735832214,0.011297706398181617,5,,,,,,42
full_cycle1,46,actor,-0.06590165197849274,0.011438076850026846,5,,,,,,42
full_cycle1,46,zero,-0.21820874512195587,0.012597264954820275,5,,,,,,42
full_cycle1,46,random,-0.11471682786941528,0.01528018293902278,5,,,,,,42
full_cycle1,46,shuffled,-0.09153570234775543,0.014273442327976227,5,,,,,,42
full_cycle1,46,perturb_0.25sigma,0.05304308235645294,0.010943598230369389,5,,,,,,42
full_cycle1,46,perturb_0.5sigma,0.140688955783844,0.010883933864533901,5,,,,,,42
full_cycle1,46,perturb_1sigma,-0.09358896315097809,0.012875228887423873,5,,,,,,42
full_cycle1,46,perturb_2sigma,-0.563895583152771,0.007164713577367365,5,,,,,,42
full_cycle1,47,supervised,-0.12765724956989288,0.008459113305434585,5,,,,,,42
full_cycle1,47,actor,-0.13274787366390228,0.008586432551965117,5,,,,,,42
full_cycle1,47,zero,-0.22499628365039825,0.009353188565000892,5,,,,,,42
full_cycle1,47,random,-0.14731600880622864,0.007666218327358365,5,,,,,,42
full_cycle1,47,shuffled,-0.14463704824447632,0.01049263239838183,5,,,,,,42
full_cycle1,47,perturb_0.25sigma,-0.04437403380870819,0.008087195223197341,5,,,,,,42
full_cycle1,47,perturb_0.5sigma,-0.004744589328765869,0.007885121740400791,5,,,,,,42
full_cycle1,47,perturb_1sigma,-0.017414242029190063,0.008153572678565979,5,,,,,,42
full_cycle1,47,perturb_2sigma,-0.3153674900531769,0.0065494346199557185,5,,,,,,42
full_cycle1,48,supervised,-0.2127562314271927,0.005882303696125746,5,,,,,,42
full_cycle1,48,actor,-0.17327813804149628,0.006001202156767249,5,,,,,,42
full_cycle1,48,zero,-0.19833900034427643,0.006544044241309166,5,,,,,,42
full_cycle1,48,random,-0.10838373005390167,0.006915528094395995,5,,,,,,42
full_cycle1,48,shuffled,-0.12394404411315918,0.007335691247135401,5,,,,,,42
full_cycle1,48,perturb_0.25sigma,-0.22494836151599884,0.005649989005178213,5,,,,,,42
full_cycle1,48,perturb_0.5sigma,-0.2211531549692154,0.005890038795769215,5,,,,,,42
full_cycle1,48,perturb_1sigma,-0.15011589229106903,0.00693340296857059,5,,,,,,42
full_cycle1,48,perturb_2sigma,0.1646122932434082,0.009070799918845296,5,,,,,,42
full_cycle1,49,supervised,-0.261848509311676,0.003412803402170539,5,,,,,,42
full_cycle1,49,actor,-0.2129129022359848,0.003525778418406844,5,,,,,,42
full_cycle1,49,zero,-0.22152261435985565,0.004000949207693338,5,,,,,,42
full_cycle1,49,random,-0.2859033942222595,0.0025632160250097513,5,,,,,,42
full_cycle1,49,shuffled,-0.020781204104423523,0.004639058839529753,5,,,,,,42
full_cycle1,49,perturb_0.25sigma,-0.26964956521987915,0.00332167511805892,5,,,,,,42
full_cycle1,49,perturb_0.5sigma,-0.2278505116701126,0.0035085531417280436,5,,,,,,42
full_cycle1,49,perturb_1sigma,-0.16311092674732208,0.003659888869151473,5,,,,,,42
full_cycle1,49,perturb_2sigma,-0.3423575758934021,0.0027677102480083704,5,,,,,,42
full_cycle1,50,supervised,0.2409626543521881,0.014694744837470353,5,,,,,,42
full_cycle1,50,actor,0.1120421290397644,0.014830352854914963,5,,,,,,42
full_cycle1,50,zero,-0.12333066761493683,0.016513915732502937,5,,,,,,42
full_cycle1,50,random,0.03590501844882965,0.013922837446443737,5,,,,,,42
full_cycle1,50,shuffled,-0.05038635432720184,0.01880462421104312,5,,,,,,42
full_cycle1,50,perturb_0.25sigma,0.27438241243362427,0.014650747296400368,5,,,,,,42
full_cycle1,50,perturb_0.5sigma,0.003513425588607788,0.015717727364972234,5,,,,,,42
full_cycle1,50,perturb_1sigma,0.12443064153194427,0.013516158913262188,5,,,,,,42
full_cycle1,50,perturb_2sigma,0.0974399745464325,0.016672755125910044,5,,,,,,42
full_cycle1,51,supervised,0.026904061436653137,0.012161454884335399,5,,,,,,42
full_cycle1,51,actor,-0.038957640528678894,0.012157169869169593,5,,,,,,42
full_cycle1,51,zero,-0.20859651267528534,0.013376976596191525,5,,,,,,42
full_cycle1,51,random,0.045932963490486145,0.012307430384680629,5,,,,,,42
full_cycle1,51,shuffled,-0.08967001736164093,0.015073378337547183,5,,,,,,42
full_cycle1,51,perturb_0.25sigma,-0.05052877962589264,0.012687638867646456,5,,,,,,42
full_cycle1,51,perturb_0.5sigma,-0.03695167601108551,0.011876414297148585,5,,,,,,42
full_cycle1,51,perturb_1sigma,-0.054062798619270325,0.012166517321020365,5,,,,,,42
full_cycle1,51,perturb_2sigma,0.1710098385810852,0.01625802065245807,5,,,,,,42
full_cycle1,52,supervised,-0.09733100235462189,0.008861246518790722,5,,,,,,42
full_cycle1,52,actor,-0.08804918825626373,0.00878655118867755,5,,,,,,42
full_cycle1,52,zero,-0.20032857358455658,0.009652528678998351,5,,,,,,42
full_cycle1,52,random,-0.027476906776428223,0.011025906540453434,5,,,,,,42
full_cycle1,52,shuffled,-0.17043477296829224,0.010769517160952091,5,,,,,,42
full_cycle1,52,perturb_0.25sigma,-0.1288280338048935,0.009027603082358837,5,,,,,,42
full_cycle1,52,perturb_0.5sigma,-0.004528537392616272,0.008336145663633943,5,,,,,,42
full_cycle1,52,perturb_1sigma,-0.17659489810466766,0.009519338607788086,5,,,,,,42
full_cycle1,52,perturb_2sigma,0.0642247349023819,0.007815877441316843,5,,,,,,42
full_cycle1,53,supervised,-0.13734771311283112,0.007030610926449299,5,,,,,,42
full_cycle1,53,actor,-0.11004675924777985,0.006876094499602914,5,,,,,,42
full_cycle1,53,zero,-0.13472680747509003,0.007599851582199335,5,,,,,,42
full_cycle1,53,random,-0.05106687545776367,0.007374696433544159,5,,,,,,42
full_cycle1,53,shuffled,-0.1362777054309845,0.008191834902390838,5,,,,,,42
full_cycle1,53,perturb_0.25sigma,-0.13692261278629303,0.006552471779286861,5,,,,,,42
full_cycle1,53,perturb_0.5sigma,-0.11299420893192291,0.007302281213924289,5,,,,,,42
full_cycle1,53,perturb_1sigma,-0.16779883205890656,0.005238190991804004,5,,,,,,42
full_cycle1,53,perturb_2sigma,0.4140568971633911,0.010726534761488438,5,,,,,,42
full_cycle1,54,supervised,-0.1536715179681778,0.0041773635894060135,5,,,,,,42
full_cycle1,54,actor,-0.10978604853153229,0.004031450022011995,5,,,,,,42
full_cycle1,54,zero,-0.10211355984210968,0.004569872748106718,5,,,,,,42
full_cycle1,54,random,-0.09500688314437866,0.004686870612204075,5,,,,,,42
full_cycle1,54,shuffled,-0.049521416425704956,0.004981560632586479,5,,,,,,42
full_cycle1,54,perturb_0.25sigma,-0.13329966366291046,0.004298563580960035,5,,,,,,42
full_cycle1,54,perturb_0.5sigma,-0.1431591957807541,0.0036660488694906235,5,,,,,,42
full_cycle1,54,perturb_1sigma,-0.10467688739299774,0.004160980228334665,5,,,,,,42
full_cycle1,54,perturb_2sigma,-0.21158412098884583,0.003019931260496378,5,,,,,,42
full_cycle1,55,supervised,0.12680572271347046,0.1271325834095478,5,,,,,,42
full_cycle1,55,actor,-0.2997182607650757,0.14679711312055588,5,,,,,,42
full_cycle1,55,zero,-0.26419568061828613,0.023855533450841904,5,,,,,,42
full_cycle1,55,random,-0.24406899511814117,0.05843421258032322,5,,,,,,42
full_cycle1,55,shuffled,-0.36901330947875977,0.0038994550704956055,5,,,,,,42
full_cycle1,55,perturb_0.25sigma,-0.00045546889305114746,0.1256677210330963,5,,,,,,42
full_cycle1,55,perturb_0.5sigma,0.3387697637081146,0.13275644555687904,5,,,,,,42
full_cycle1,55,perturb_1sigma,-0.06919069588184357,0.11780644208192825,5,,,,,,42
full_cycle1,55,perturb_2sigma,0.3014642298221588,0.1416630670428276,5,,,,,,42
full_cycle1,56,supervised,0.09242136776447296,0.108834033831954,5,,,,,,42
full_cycle1,56,actor,-0.13216514885425568,0.12659834139049053,5,,,,,,42
full_cycle1,56,zero,-0.38661062717437744,-0.0179627425968647,5,,,,,,42
full_cycle1,56,random,-0.4175586700439453,-0.02528803050518036,5,,,,,,42
full_cycle1,56,shuffled,-0.38521069288253784,-0.04089991748332977,5,,,,,,42
full_cycle1,56,perturb_0.25sigma,0.04850921034812927,0.10930217057466507,5,,,,,,42
full_cycle1,56,perturb_0.5sigma,-0.1257002353668213,0.0970931313931942,5,,,,,,42
full_cycle1,56,perturb_1sigma,0.17830835282802582,0.11106250062584877,5,,,,,,42
full_cycle1,56,perturb_2sigma,0.2896353006362915,0.06955756805837154,5,,,,,,42
full_cycle1,57,supervised,0.01659892499446869,0.08922458067536354,5,,,,,,42
full_cycle1,57,actor,-0.05741463601589203,0.10365444608032703,5,,,,,,42
full_cycle1,57,zero,-0.5173249840736389,-0.07735750079154968,5,,,,,,42
full_cycle1,57,random,-0.28650468587875366,-0.04340230114758015,5,,,,,,42
full_cycle1,57,shuffled,-0.7228020429611206,-0.10334242507815361,5,,,,,,42
full_cycle1,57,perturb_0.25sigma,0.22528865933418274,0.10361350327730179,5,,,,,,42
full_cycle1,57,perturb_0.5sigma,0.2447143793106079,0.09559193812310696,5,,,,,,42
full_cycle1,57,perturb_1sigma,0.04466469585895538,0.088606933131814,5,,,,,,42
full_cycle1,57,perturb_2sigma,-0.4852311611175537,-0.08183576539158821,5,,,,,,42
full_cycle1,58,supervised,0.015822097659111023,0.0686120018362999,5,,,,,,42
full_cycle1,58,actor,-0.08759098500013351,0.07406160607933998,5,,,,,,42
full_cycle1,58,zero,-1.0051987171173096,-0.173970814794302,5,,,,,,42
full_cycle1,58,random,-1.1551791429519653,-0.18669478967785835,5,,,,,,42
full_cycle1,58,shuffled,-1.3632160425186157,-0.2046983279287815,5,,,,,,42
full_cycle1,58,perturb_0.25sigma,-0.005332544445991516,0.06801164895296097,5,,,,,,42
full_cycle1,58,perturb_0.5sigma,0.09280061721801758,0.027914542704820633,5,,,,,,42
full_cycle1,58,perturb_1sigma,0.0415995717048645,0.07049937546253204,5,,,,,,42
full_cycle1,58,perturb_2sigma,-0.0049133747816085815,0.0873531773686409,5,,,,,,42
full_cycle1,59,supervised,0.014471814036369324,0.04418976977467537,5,,,,,,42
full_cycle1,59,actor,-0.12391120940446854,0.02002635970711708,5,,,,,,42
full_cycle1,59,zero,-1.540766716003418,-0.3501506447792053,5,,,,,,42
full_cycle1,59,random,-1.8743897676467896,-0.37491175532341003,5,,,,,,42
full_cycle1,59,shuffled,-2.030062437057495,-0.38649001717567444,5,,,,,,42
full_cycle1,59,perturb_0.25sigma,-0.016182810068130493,0.03965145722031593,5,,,,,,42
full_cycle1,59,perturb_0.5sigma,-0.13492821156978607,0.006890342105180025,5,,,,,,42
full_cycle1,59,perturb_1sigma,-0.162534698843956,-0.1035570353269577,5,,,,,,42
full_cycle1,59,perturb_2sigma,-0.5171200037002563,-0.07249688357114792,5,,,,,,42
full_cycle1,60,supervised,0.12680572271347046,0.1271325834095478,5,,,,,,42
full_cycle1,60,actor,-0.2997182607650757,0.14679711312055588,5,,,,,,42
full_cycle1,60,zero,-0.26419568061828613,0.023855533450841904,5,,,,,,42
full_cycle1,60,random,-0.19181324541568756,0.031232180073857307,5,,,,,,42
full_cycle1,60,shuffled,-0.36901330947875977,0.0038994550704956055,5,,,,,,42
full_cycle1,60,perturb_0.25sigma,0.2626241147518158,0.13030711002647877,5,,,,,,42
full_cycle1,60,perturb_0.5sigma,-0.1362019032239914,0.1186461728066206,5,,,,,,42
full_cycle1,60,perturb_1sigma,0.39082103967666626,0.14579736068844795,5,,,,,,42
full_cycle1,60,perturb_2sigma,0.4426080882549286,0.13437756150960922,5,,,,,,42
full_cycle1,61,supervised,-0.22097554802894592,0.002401638630544767,5,,,,,,42
full_cycle1,61,actor,0.0962006151676178,0.0026013186434283853,5,,,,,,42
full_cycle1,61,zero,-0.11398057639598846,0.003319934563478455,5,,,,,,42
full_cycle1,61,random,-0.003916695713996887,0.00325790120405145,5,,,,,,42
full_cycle1,61,shuffled,0.29221311211586,0.0033961243752855808,5,,,,,,42
full_cycle1,61,perturb_0.25sigma,-0.16234257817268372,0.002418208125163801,5,,,,,,42
full_cycle1,61,perturb_0.5sigma,-0.3279772698879242,0.002272483048727736,5,,,,,,42
full_cycle1,61,perturb_1sigma,-0.4066114127635956,0.0023805366654414684,5,,,,,,42
full_cycle1,61,perturb_2sigma,0.2059394121170044,0.002704017679207027,5,,,,,,42
full_cycle1,62,supervised,-0.33415478467941284,0.0009688396712590475,5,,,,,,42
full_cycle1,62,actor,-0.1594095528125763,0.000999727359157987,5,,,,,,42
full_cycle1,62,zero,-0.187496617436409,0.0018453403317835182,5,,,,,,42
full_cycle1,62,random,-0.026717528700828552,0.0021925609034951776,5,,,,,,42
full_cycle1,62,shuffled,0.4077127277851105,0.002173430286347866,5,,,,,,42
full_cycle1,62,perturb_0.25sigma,-0.3250679075717926,0.0010309123499609996,5,,,,,,42
full_cycle1,62,perturb_0.5sigma,-0.22487956285476685,0.0009500290907453746,5,,,,,,42
full_cycle1,62,perturb_1sigma,-0.2690649926662445,0.000826689436507877,5,,,,,,42
full_cycle1,62,perturb_2sigma,-0.4612705409526825,0.0010749536195362452,5,,,,,,42
full_cycle1,63,supervised,-0.4435032308101654,0.00037663871989934705,5,,,,,,42
full_cycle1,63,actor,-0.3541213572025299,0.00031051224232214736,5,,,,,,42
full_cycle1,63,zero,-0.18564148247241974,0.0011730450714821927,5,,,,,,42
full_cycle1,63,random,-0.10495057702064514,0.0008377112244488671,5,,,,,,42
full_cycle1,63,shuffled,0.4251033663749695,0.0016252063942374662,5,,,,,,42
full_cycle1,63,perturb_0.25sigma,-0.4175298511981964,0.00039397861655743327,5,,,,,,42
full_cycle1,63,perturb_0.5sigma,-0.20913659036159515,0.00036557999192154966,5,,,,,,42
full_cycle1,63,perturb_1sigma,-0.47579076886177063,0.0005422291797003709,5,,,,,,42
full_cycle1,63,perturb_2sigma,-0.010466620326042175,0.0011986432073172182,5,,,,,,42
full_cycle1,64,supervised,-0.4435150921344757,0.0003777352030738257,5,,,,,,42
full_cycle1,64,actor,-0.43538838624954224,0.00024880394266801886,5,,,,,,42
full_cycle1,64,zero,-0.1495732218027115,0.001002888908260502,5,,,,,,42
full_cycle1,64,random,-0.16513709723949432,0.0008103990403469652,5,,,,,,42
full_cycle1,64,shuffled,0.3367559313774109,0.0014920691028237343,5,,,,,,42
full_cycle1,64,perturb_0.25sigma,-0.4526556432247162,0.0004118071992706973,5,,,,,,42
full_cycle1,64,perturb_0.5sigma,-0.3808673918247223,0.00028598710923688486,5,,,,,,42
full_cycle1,64,perturb_1sigma,-0.4374839961528778,0.00021840225781488698,5,,,,,,42
full_cycle1,64,perturb_2sigma,-0.3742848038673401,0.000346501600688498,5,,,,,,42
full_cycle1,65,supervised,-0.46469518542289734,0.0005047952872700989,5,,,,,,42
full_cycle1,65,actor,-0.48501911759376526,0.0003042517928406596,5,,,,,,42
full_cycle1,65,zero,-0.15581025183200836,0.0008553747902624309,5,,,,,,42
full_cycle1,65,random,-0.13245327770709991,0.0007351964013651013,5,,,,,,42
full_cycle1,65,shuffled,0.23755718767642975,0.0013213894562795758,5,,,,,,42
full_cycle1,65,perturb_0.25sigma,-0.4680309295654297,0.0005093230865895748,5,,,,,,42
full_cycle1,65,perturb_0.5sigma,-0.49792951345443726,0.0006960019818507135,5,,,,,,42
full_cycle1,65,perturb_1sigma,-0.3130224943161011,0.00016528663400094956,5,,,,,,42
full_cycle1,65,perturb_2sigma,0.0006868094205856323,0.0010306567419320345,5,,,,,,42
full_cycle1,66,supervised,0.10278187692165375,0.0047305556217907,5,,,,,,42
full_cycle1,66,actor,0.32251882553100586,0.005213732525589876,5,,,,,,42
full_cycle1,66,zero,-0.12213505804538727,0.006437782372813672,5,,,,,,42
full_cycle1,66,random,-0.06273610889911652,0.006946524226805195,5,,,,,,42
full_cycle1,66,shuffled,0.16655504703521729,0.00747385248541832,5,,,,,,42
full_cycle1,66,perturb_0.25sigma,0.058588698506355286,0.004567910291370936,5,,,,,,42
full_cycle1,66,perturb_0.5sigma,0.3439773917198181,0.00536466296762228,5,,,,,,42
full_cycle1,66,perturb_1sigma,-0.140034481883049,0.00455603189766407,5,,,,,,42
full_cycle1,66,perturb_2sigma,-0.20551708340644836,0.003881082193402108,5,,,,,,42
full_cycle1,67,supervised,-0.028335735201835632,0.0023315804264711915,5,,,,,,42
full_cycle1,67,actor,0.15579970180988312,0.002680308960407274,5,,,,,,42
full_cycle1,67,zero,-0.21348674595355988,0.003700130560901016,5,,,,,,42
full_cycle1,67,random,-0.008055433630943298,0.00272849018801935,5,,,,,,42
full_cycle1,67,shuffled,0.21935801208019257,0.00506088903057389,5,,,,,,42
full_cycle1,67,perturb_0.25sigma,-0.17538759112358093,0.002117899581207894,5,,,,,,42
full_cycle1,67,perturb_0.5sigma,0.015934154391288757,0.002338046555451001,5,,,,,,42
full_cycle1,67,perturb_1sigma,-0.3320276737213135,0.002018817038333509,5,,,,,,42
full_cycle1,67,perturb_2sigma,-0.03762058913707733,0.0028332625079201534,5,,,,,,42
full_cycle1,68,supervised,-0.2046879082918167,0.0010795104317367077,5,,,,,,42
full_cycle1,68,actor,-0.0842428207397461,0.0012918544125568587,5,,,,,,42
full_cycle1,68,zero,-0.22093461453914642,0.0021623047650791705,5,,,,,,42
full_cycle1,68,random,-0.27565568685531616,0.000981399163720198,5,,,,,,42
full_cycle1,68,shuffled,0.2693665027618408,0.0036261780187487602,5,,,,,,42
full_cycle1,68,perturb_0.25sigma,-0.18084385991096497,0.0011270135582890362,5,,,,,,42
full_cycle1,68,perturb_0.5sigma,-0.3368368446826935,0.0010602539259707555,5,,,,,,42
full_cycle1,68,perturb_1sigma,-0.2055736929178238,0.0009202518122037873,5,,,,,,42
full_cycle1,68,perturb_2sigma,-0.5406560897827148,0.0007592361653223634,5,,,,,,42
full_cycle1,69,supervised,-0.2913271188735962,0.0006442035373765975,5,,,,,,42
full_cycle1,69,actor,-0.2156478315591812,0.0007325896895054029,5,,,,,,42
full_cycle1,69,zero,-0.18630065023899078,0.0014565337041858584,5,,,,,,42
full_cycle1,69,random,-0.27892863750457764,0.0010231028500129469,5,,,,,,42
full_cycle1,69,shuffled,0.23928645253181458,0.0028622617246583104,5,,,,,,42
full_cycle1,69,perturb_0.25sigma,-0.20866645872592926,0.0007238512889671256,5,,,,,,42
full_cycle1,69,perturb_0.5sigma,-0.3646567463874817,0.0005351461222744547,5,,,,,,42
full_cycle1,69,perturb_1sigma,-0.23377029597759247,0.0005685243668267503,5,,,,,,42
full_cycle1,69,perturb_2sigma,-0.38196492195129395,0.0008904910937417299,5,,,,,,42
full_cycle1,70,supervised,-0.3872486650943756,0.0006338214734569192,5,,,,,,42
full_cycle1,70,actor,-0.2877053916454315,0.0005892686313018203,5,,,,,,42
full_cycle1,70,zero,-0.21400310099124908,0.0011441839160397649,5,,,,,,42
full_cycle1,70,random,-0.23196889460086823,0.0006852906662970781,5,,,,,,42
full_cycle1,70,shuffled,0.23300594091415405,0.00242860266007483,5,,,,,,42
full_cycle1,70,perturb_0.25sigma,-0.3487645387649536,0.0005121808499097824,5,,,,,,42
full_cycle1,70,perturb_0.5sigma,-0.32946306467056274,0.00039564966573379934,5,,,,,,42
full_cycle1,70,perturb_1sigma,-0.3259581923484802,0.000606299436185509,5,,,,,,42
full_cycle1,70,perturb_2sigma,-0.21788306534290314,0.0006472880486398935,5,,,,,,42
full_cycle1,71,supervised,-0.3158378303050995,0.003846080508083105,5,,,,,,42
full_cycle1,71,actor,-0.26225292682647705,0.0037647170829586685,5,,,,,,42
full_cycle1,71,zero,-0.12854747474193573,0.004104122286662459,5,,,,,,42
full_cycle1,71,random,0.05097110569477081,0.004030642914585769,5,,,,,,42
full_cycle1,71,shuffled,0.3186098337173462,0.004019615065772086,5,,,,,,42
full_cycle1,71,perturb_0.25sigma,-0.2613704800605774,0.0038170148036442697,5,,,,,,42
full_cycle1,71,perturb_0.5sigma,-0.3123258948326111,0.0039006382576189935,5,,,,,,42
full_cycle1,71,perturb_1sigma,-0.28246840834617615,0.003911717038135976,5,,,,,,42
full_cycle1,71,perturb_2sigma,0.10240764915943146,0.003845819446723908,5,,,,,,42
full_cycle1,72,supervised,-0.3830052614212036,0.002466854639351368,5,,,,,,42
full_cycle1,72,actor,-0.40880700945854187,0.0022846687061246485,5,,,,,,42
full_cycle1,72,zero,-0.18085111677646637,0.002797372522763908,5,,,,,,42
full_cycle1,72,random,0.021214619278907776,0.0028966874233447015,5,,,,,,42
full_cycle1,72,shuffled,0.4224465489387512,0.002768253907561302,5,,,,,,42
full_cycle1,72,perturb_0.25sigma,-0.4028579294681549,0.0024659011396579444,5,,,,,,42
full_cycle1,72,perturb_0.5sigma,-0.45492956042289734,0.002491278573870659,5,,,,,,42
full_cycle1,72,perturb_1sigma,-0.45352423191070557,0.0025014057755470276,5,,,,,,42
full_cycle1,72,perturb_2sigma,-0.37708917260169983,0.00258777680573985,5,,,,,,42
full_cycle1,73,supervised,-0.44034919142723083,0.0015622085775248706,5,,,,,,42
full_cycle1,73,actor,-0.5085947513580322,0.0013821593893226236,5,,,,,,42
full_cycle1,73,zero,-0.1455167979001999,0.0019141850643791258,5,,,,,,42
full_cycle1,73,random,-0.045295849442481995,0.0016516559408046305,5,,,,,,42
full_cycle1,73,shuffled,0.38314351439476013,0.0019047281821258366,5,,,,,,42
full_cycle1,73,perturb_0.25sigma,-0.428374320268631,0.0015807960298843682,5,,,,,,42
full_cycle1,73,perturb_0.5sigma,-0.434405118227005,0.0014989394985605031,5,,,,,,42
full_cycle1,73,perturb_1sigma,-0.3586718738079071,0.0012621517234947532,5,,,,,,42
full_cycle1,73,perturb_2sigma,-0.3605670630931854,0.0014200534496922046,5,,,,,,42
full_cycle1,74,supervised,-0.43901073932647705,0.0010822922922670841,5,,,,,,42
full_cycle1,74,actor,-0.5174072980880737,0.0009402694413438439,5,,,,,,42
full_cycle1,74,zero,-0.09651310741901398,0.0013800589949823916,5,,,,,,42
full_cycle1,74,random,-0.03613750636577606,0.001354569278191775,5,,,,,,42
full_cycle1,74,shuffled,0.23629523813724518,0.0013745343312621117,5,,,,,,42
full_cycle1,74,perturb_0.25sigma,-0.4344883859157562,0.0010491726570762694,5,,,,,,42
full_cycle1,74,perturb_0.5sigma,-0.4625107944011688,0.0011457889049779624,5,,,,,,42
full_cycle1,74,perturb_1sigma,-0.34111976623535156,0.001016521593555808,5,,,,,,42
full_cycle1,74,perturb_2sigma,-0.2648337781429291,0.0009221582149621099,5,,,,,,42
full_cycle1,75,supervised,-0.45797470211982727,0.0006845825118944049,5,,,,,,42
full_cycle1,75,actor,-0.5294299125671387,0.0005572288064286113,5,,,,,,42
full_cycle1,75,zero,-0.0931345671415329,0.0008489243336953223,5,,,,,,42
full_cycle1,75,random,-0.073041632771492,0.0008453500340692699,5,,,,,,42
full_cycle1,75,shuffled,0.08875809609889984,0.0007921629003249109,5,,,,,,42
full_cycle1,75,perturb_0.25sigma,-0.46258190274238586,0.0006812478532083333,5,,,,,,42
full_cycle1,75,perturb_0.5sigma,-0.45605310797691345,0.0006796977831982076,5,,,,,,42
full_cycle1,75,perturb_1sigma,-0.37533459067344666,0.0005274406867101789,5,,,,,,42
full_cycle1,75,perturb_2sigma,-0.39760181307792664,0.0005870145978406072,5,,,,,,42
full_cycle1,76,supervised,0.23458710312843323,0.06167957838624716,5,,,,,,42
full_cycle1,76,actor,0.010155558586120605,0.0606104526668787,5,,,,,,42
full_cycle1,76,zero,-0.10650332272052765,0.04854254378005862,5,,,,,,42
full_cycle1,76,random,0.1220003068447113,0.04264556604903191,5,,,,,,42
full_cycle1,76,shuffled,-0.11237044632434845,0.04093403974547982,5,,,,,,42
full_cycle1,76,perturb_0.25sigma,0.2812144160270691,0.06368702091276646,5,,,,,,42
full_cycle1,76,perturb_0.5sigma,0.14848275482654572,0.06943984888494015,5,,,,,,42
full_cycle1,76,perturb_1sigma,0.3089246153831482,0.06965301558375359,5,,,,,,42
full_cycle1,76,perturb_2sigma,-4.304945468902588e-05,0.0491384849883616,5,,,,,,42
full_cycle1,77,supervised,0.10698546469211578,0.05277583189308643,5,,,,,,42
full_cycle1,77,actor,-0.0009932667016983032,0.05196688510477543,5,,,,,,42
full_cycle1,77,zero,-0.21042104065418243,0.03913413337431848,5,,,,,,42
full_cycle1,77,random,-0.048048391938209534,0.04264893755316734,5,,,,,,42
full_cycle1,77,shuffled,-0.19136616587638855,0.03165916260331869,5,,,,,,42
full_cycle1,77,perturb_0.25sigma,0.12477083504199982,0.05129208415746689,5,,,,,,42
full_cycle1,77,perturb_0.5sigma,0.2085709273815155,0.054468545131385326,5,,,,,,42
full_cycle1,77,perturb_1sigma,0.11732760071754456,0.05522485449910164,5,,,,,,42
full_cycle1,77,perturb_2sigma,0.0861716940999031,0.04864634945988655,5,,,,,,42
full_cycle1,78,supervised,0.053923800587654114,0.043004946783185005,5,,,,,,42
full_cycle1,78,actor,0.06343825161457062,0.04239652492105961,5,,,,,,42
full_cycle1,78,zero,-0.23039622604846954,0.029081991175189614,5,,,,,,42
full_cycle1,78,random,0.07882215082645416,0.042230451479554176,5,,,,,,42
full_cycle1,78,shuffled,-0.33816227316856384,0.022001510486006737,5,,,,,,42
full_cycle1,78,perturb_0.25sigma,0.23072905838489532,0.04862286802381277,5,,,,,,42
full_cycle1,78,perturb_0.5sigma,0.02464054524898529,0.03725835867226124,5,,,,,,42
full_cycle1,78,perturb_1sigma,-0.06631962954998016,0.027456896263174713,5,,,,,,42
full_cycle1,78,perturb_2sigma,0.010461419820785522,0.03795274347066879,5,,,,,,42
full_cycle1,79,supervised,0.09818984568119049,0.0317259319126606,5,,,,,,42
full_cycle1,79,actor,0.11003431677818298,0.03130701370537281,5,,,,,,42
full_cycle1,79,zero,-0.20163284242153168,0.017458631424233317,5,,,,,,42
full_cycle1,79,random,-0.1388576477766037,0.015333957795519382,5,,,,,,42
full_cycle1,79,shuffled,-0.29742690920829773,0.010859986301511526,5,,,,,,42
full_cycle1,79,perturb_0.25sigma,0.0961105078458786,0.03152071498334408,5,,,,,,42
full_cycle1,79,perturb_0.5sigma,0.16671410202980042,0.033238647505640984,5,,,,,,42
full_cycle1,79,perturb_1sigma,0.10045310854911804,0.03131709899753332,5,,,,,,42
full_cycle1,79,perturb_2sigma,-0.21052034199237823,0.01130233216099441,5,,,,,,42
full_cycle1,-1,summary,,,5,,0.45124999999999993,0.719110552698469,0.5625,0.65,42
td3_bc,0,supervised,0.10097593069076538,0.010559701011516154,5,,,,,,42
td3_bc,0,actor,0.10097593069076538,0.010559701011516154,5,,,,,,42
td3_bc,0,zero,0.06775498390197754,0.012560793082229793,5,,,,,,42
td3_bc,0,random,0.1401238590478897,0.011299678473733366,5,,,,,,42
td3_bc,0,shuffled,0.21300239861011505,0.014924878370948136,5,,,,,,42
td3_bc,0,perturb_0.25sigma,0.4151272475719452,0.011400459916330874,5,,,,,,42
td3_bc,0,perturb_0.5sigma,-0.08196331560611725,0.01013703941134736,5,,,,,,42
td3_bc,0,perturb_1sigma,0.2235606461763382,0.011053036781959236,5,,,,,,42
td3_bc,0,perturb_2sigma,-0.27074378728866577,0.00964926031883806,5,,,,,,42
td3_bc,1,supervised,0.15220411121845245,0.007555431337095797,5,,,,,,42
td3_bc,1,actor,0.15220411121845245,0.007555431337095797,5,,,,,,42
td3_bc,1,zero,-0.0026758313179016113,0.009053332381881773,5,,,,,,42
td3_bc,1,random,-0.030888840556144714,0.009493518155068159,5,,,,,,42
td3_bc,1,shuffled,0.07067950069904327,0.011032998678274453,5,,,,,,42
td3_bc,1,perturb_0.25sigma,0.04726606607437134,0.0073541238671168685,5,,,,,,42
td3_bc,1,perturb_0.5sigma,-0.37490567564964294,0.005836762546095997,5,,,,,,42
td3_bc,1,perturb_1sigma,-0.3066710829734802,0.005675315973348916,5,,,,,,42
td3_bc,1,perturb_2sigma,-0.19588974118232727,0.0066109756007790565,5,,,,,,42
td3_bc,2,supervised,0.005304594989866018,0.005309184663929045,5,,,,,,42
td3_bc,2,actor,0.005304594989866018,0.005309184663929045,5,,,,,,42
td3_bc,2,zero,-0.13475418090820312,0.006377317942678928,5,,,,,,42
td3_bc,2,random,-0.02386513352394104,0.0069950411561876535,5,,,,,,42
td3_bc,2,shuffled,0.034489382058382034,0.007965134805999696,5,,,,,,42
td3_bc,2,perturb_0.25sigma,-0.04810969531536102,0.004921417799778283,5,,,,,,42
td3_bc,2,perturb_0.5sigma,0.01943417452275753,0.0050734259421005845,5,,,,,,42
td3_bc,2,perturb_1sigma,-0.120512455701828,0.004526381031610072,5,,,,,,42
td3_bc,2,perturb_2sigma,-0.053860485553741455,0.004776715766638517,5,,,,,,42
td3_bc,3,supervised,-0.10191242396831512,0.0035429183626547456,5,,,,,,42
td3_bc,3,actor,-0.10191242396831512,0.0035429183626547456,5,,,,,,42
td3_bc,3,zero,-0.14416393637657166,0.004332878859713674,5,,,,,,42
td3_bc,3,random,-0.1658211350440979,0.0035240354482084513,5,,,,,,42
td3_bc,3,shuffled,0.030969833955168724,0.005607503466308117,5,,,,,,42
td3_bc,3,perturb_0.25sigma,-0.10183923691511154,0.0035906146513298154,5,,,,,,42
td3_bc,3,perturb_0.5sigma,-0.10893625020980835,0.003266901825554669,5,,,,,,42
td3_bc,3,perturb_1sigma,-0.09440084546804428,0.0034931154223158956,5,,,,,,42
td3_bc,3,perturb_2sigma,-0.04040515050292015,0.005064650089479983,5,,,,,,42
td3_bc,4,supervised,-0.1853698045015335,0.002059194492176175,5,,,,,,42
td3_bc,4,actor,-0.1853698045015335,0.002059194492176175,5,,,,,,42
td3_bc,4,zero,-0.10490134358406067,0.0026903452817350626,5,,,,,,42
td3_bc,4,random,-0.2321343570947647,0.0020642951130867004,5,,,,,,42
td3_bc,4,shuffled,0.016613340005278587,0.0037402957677841187,5,,,,,,42
td3_bc,4,perturb_0.25sigma,-0.19013278186321259,0.002065618522465229,5,,,,,,42
td3_bc,4,perturb_0.5sigma,-0.2636795938014984,0.0021493651438504457,5,,,,,,42
td3_bc,4,perturb_1sigma,-0.3170451521873474,0.0016928133554756641,5,,,,,,42
td3_bc,4,perturb_2sigma,0.031820204108953476,0.005253573413938284,5,,,,,,42
td3_bc,5,supervised,0.10097593069076538,0.010559701011516154,5,,,,,,42
td3_bc,5,actor,0.10097593069076538,0.010559701011516154,5,,,,,,42
td3_bc,5,zero,0.06775498390197754,0.012560793082229793,5,,,,,,42
td3_bc,5,random,0.06949899345636368,0.013483368093147874,5,,,,,,42
td3_bc,5,shuffled,0.21300239861011505,0.014924878370948136,5,,,,,,42
td3_bc,5,perturb_0.25sigma,0.04051904380321503,0.01047322095837444,5,,,,,,42
td3_bc,5,perturb_0.5sigma,-0.026218608021736145,0.010584189090877771,5,,,,,,42
td3_bc,5,perturb_1sigma,-0.20977672934532166,0.009731964964885265,5,,,,,,42
td3_bc,5,perturb_2sigma,0.05633106082677841,0.011266160057857633,5,,,,,,42
td3_bc,6,supervised,0.19695626199245453,0.008660795399919152,5,,,,,,42
td3_bc,6,actor,0.19695626199245453,0.008660795399919152,5,,,,,,42
td3_bc,6,zero,-0.017203092575073242,0.010094431694597006,5,,,,,,42
td3_bc,6,random,0.13386425375938416,0.0095517432782799,5,,,,,,42
td3_bc,6,shuffled,0.055990442633628845,0.012161833001300693,5,,,,,,42
td3_bc,6,perturb_0.25sigma,0.23429469764232635,0.008658494334667921,5,,,,,,42
td3_bc,6,perturb_0.5sigma,0.18310026824474335,0.009655753266997635,5,,,,,,42
td3_bc,6,perturb_1sigma,0.0075044333934783936,0.008610850083641708,5,,,,,,42
td3_bc,6,perturb_2sigma,-0.3293803334236145,0.0068852410186082125,5,,,,,,42
td3_bc,7,supervised,-0.03489009663462639,0.006239298149012029,5,,,,,,42
td3_bc,7,actor,-0.03489009663462639,0.006239298149012029,5,,,,,,42
td3_bc,7,zero,-0.16510409116744995,0.007238612626679242,5,,,,,,42
td3_bc,7,random,-0.18410256505012512,0.005276940413750708,5,,,,,,42
td3_bc,7,shuffled,0.012884965166449547,0.009007835411466658,5,,,,,,42
td3_bc,7,perturb_0.25sigma,0.02341846190392971,0.005818794947117567,5,,,,,,42
td3_bc,7,perturb_0.5sigma,0.0012250742875039577,0.006113234790973365,5,,,,,,42
td3_bc,7,perturb_1sigma,-0.0739855170249939,0.0068254463840276,5,,,,,,42
td3_bc,7,perturb_2sigma,-0.031503137201070786,0.006112164352089167,5,,,,,,42
td3_bc,8,supervised,-0.15100130438804626,0.004874495672993362,5,,,,,,42
td3_bc,8,actor,-0.15100130438804626,0.004874495672993362,5,,,,,,42
td3_bc,8,zero,-0.1671069860458374,0.005565291969105601,5,,,,,,42
td3_bc,8,random,0.024173369631171227,0.006975627271458507,5,,,,,,42
td3_bc,8,shuffled,0.037071842700242996,0.00671516265720129,5,,,,,,42
td3_bc,8,perturb_0.25sigma,-0.17352697253227234,0.004782580421306193,5,,,,,,42
td3_bc,8,perturb_0.5sigma,-0.05791419744491577,0.004445937112905085,5,,,,,,42
td3_bc,8,perturb_1sigma,-0.14048519730567932,0.005210012663155794,5,,,,,,42
td3_bc,8,perturb_2sigma,-0.1392061412334442,0.0032434924505650997,5,,,,,,42
td3_bc,9,supervised,-0.20679059624671936,0.003223648527637124,5,,,,,,42
td3_bc,9,actor,-0.20679059624671936,0.003223648527637124,5,,,,,,42
td3_bc,9,zero,-0.13684383034706116,0.0037130978889763355,5,,,,,,42
td3_bc,9,random,0.013802185654640198,0.005689313169568777,5,,,,,,42
td3_bc,9,shuffled,0.019602080807089806,0.004524424206465483,5,,,,,,42
td3_bc,9,perturb_0.25sigma,-0.1900520920753479,0.0032512161415070295,5,,,,,,42
td3_bc,9,perturb_0.5sigma,-0.21532174944877625,0.00313547533005476,5,,,,,,42
td3_bc,9,perturb_1sigma,-0.1605372130870819,0.0029736000578850508,5,,,,,,42
td3_bc,9,perturb_2sigma,-0.10409321635961533,0.0040046339854598045,5,,,,,,42
td3_bc,10,supervised,-0.2716407775878906,0.0024492258380632848,5,,,,,,42
td3_bc,10,actor,-0.2716407775878906,0.0024492258380632848,5,,,,,,42
td3_bc,10,zero,0.030915051698684692,0.0032816469902172685,5,,,,,,42
td3_bc,10,random,0.11762445420026779,0.0030911220237612724,5,,,,,,42
td3_bc,10,shuffled,0.21806201338768005,0.0033497435797471553,5,,,,,,42
td3_bc,10,perturb_0.25sigma,-0.2528555691242218,0.0024928262864705175,5,,,,,,42
td3_bc,10,perturb_0.5sigma,-0.2813853919506073,0.0024130178499035537,5,,,,,,42
td3_bc,10,perturb_1sigma,-0.2517288625240326,0.0024931987863965333,5,,,,,,42
td3_bc,10,perturb_2sigma,-0.3396235704421997,0.0023130669724196196,5,,,,,,42
td3_bc,11,supervised,-0.35195645689964294,0.0010715954849729314,5,,,,,,42
td3_bc,11,actor,-0.35195645689964294,0.0010715954849729314,5,,,,,,42
td3_bc,11,zero,-0.05528835952281952,0.0018951852835016325,5,,,,,,42
td3_bc,11,random,0.03869810700416565,0.001893871944048442,5,,,,,,42
td3_bc,11,shuffled,0.10227220505475998,0.002165775338653475,5,,,,,,42
td3_bc,11,perturb_0.25sigma,-0.33988842368125916,0.0010458623146405444,5,,,,,,42
td3_bc,11,perturb_0.5sigma,-0.37853941321372986,0.0011333021757309325,5,,,,,,42
td3_bc,11,perturb_1sigma,-0.25479280948638916,0.0012247167178429663,5,,,,,,42
td3_bc,11,perturb_2sigma,0.053305238485336304,0.0020453521283343434,5,,,,,,42
td3_bc,12,supervised,-0.2452736496925354,0.00047856099627097137,5,,,,,,42
td3_bc,12,actor,-0.2452736496925354,0.00047856099627097137,5,,,,,,42
td3_bc,12,zero,-0.1614953875541687,0.0012450387002900243,5,,,,,,42
td3_bc,12,random,-0.12475425750017166,0.0012150243273936212,5,,,,,,42
td3_bc,12,shuffled,0.024907484650611877,0.0016059955669334158,5,,,,,,42
td3_bc,12,perturb_0.25sigma,-0.25551679730415344,0.0005658991321979556,5,,,,,,42
td3_bc,12,perturb_0.5sigma,-0.20694002509117126,0.0005275433431961574,5,,,,,,42
td3_bc,12,perturb_1sigma,-0.2737484276294708,0.0004960688456776552,5,,,,,,42
td3_bc,12,perturb_2sigma,-0.26214689016342163,0.0004994224073016085,5,,,,,,42
td3_bc,13,supervised,-0.13652649521827698,0.0004518736277532298,5,,,,,,42
td3_bc,13,actor,-0.13652649521827698,0.0004518736277532298,5,,,,,,42
td3_bc,13,zero,-0.1576566994190216,0.0010550855367910117,5,,,,,,42
td3_bc,13,random,-0.10742069780826569,0.0011177319247508422,5,,,,,,42
td3_bc,13,shuffled,-0.2263776957988739,0.0014486598374787718,5,,,,,,42
td3_bc,13,perturb_0.25sigma,-0.14945873618125916,0.00037596967740682885,5,,,,,,42
td3_bc,13,perturb_0.5sigma,-0.1899324357509613,0.0004868943869951181,5,,,,,,42
td3_bc,13,perturb_1sigma,-0.1517515480518341,0.0005766126887465362,5,,,,,,42
td3_bc,13,perturb_2sigma,-0.049490511417388916,0.000592108477576403,5,,,,,,42
td3_bc,14,supervised,-0.2859945297241211,0.0005451863398775458,5,,,,,,42
td3_bc,14,actor,-0.2859945297241211,0.0005451863398775458,5,,,,,,42
td3_bc,14,zero,-0.1257508397102356,0.00086799735436216,5,,,,,,42
td3_bc,14,random,-0.13764292001724243,0.0008602552697993815,5,,,,,,42
td3_bc,14,shuffled,-0.3703829348087311,0.00123054429423064,5,,,,,,42
td3_bc,14,perturb_0.25sigma,-0.2901807427406311,0.0005445890710689127,5,,,,,,42
td3_bc,14,perturb_0.5sigma,-0.264476478099823,0.0005352990119718015,5,,,,,,42
td3_bc,14,perturb_1sigma,-0.2123028188943863,0.0002949549234472215,5,,,,,,42
td3_bc,14,perturb_2sigma,-0.23079760372638702,0.0005515030934475362,5,,,,,,42
td3_bc,15,supervised,-0.26528748869895935,0.0028572400369739626,5,,,,,,42
td3_bc,15,actor,-0.26528748869895935,0.0028572400369739626,5,,,,,,42
td3_bc,15,zero,0.03857671469449997,0.0041447668481851,5,,,,,,42
td3_bc,15,random,0.25979486107826233,0.003922880976460874,5,,,,,,42
td3_bc,15,shuffled,0.293006956577301,0.004386138985864818,5,,,,,,42
td3_bc,15,perturb_0.25sigma,-0.24559038877487183,0.002927513669419568,5,,,,,,42
td3_bc,15,perturb_0.5sigma,-0.26963892579078674,0.0028882379483547993,5,,,,,,42
td3_bc,15,perturb_1sigma,-0.23613008856773376,0.003006008941156324,5,,,,,,42
td3_bc,15,perturb_2sigma,-0.3202212452888489,0.00255116680637002,5,,,,,,42
td3_bc,16,supervised,-0.33572816848754883,0.0009051758679561317,5,,,,,,42
td3_bc,16,actor,-0.33572816848754883,0.0009051758679561317,5,,,,,,42
td3_bc,16,zero,-0.03530922532081604,0.002038424403508543,5,,,,,,42
td3_bc,16,random,-0.26549527049064636,0.0010982370586134493,5,,,,,,42
td3_bc,16,shuffled,0.1796557903289795,0.0026984353607986122,5,,,,,,42
td3_bc,16,perturb_0.25sigma,-0.3176960051059723,0.0009709004880278371,5,,,,,,42
td3_bc,16,perturb_0.5sigma,-0.346614271402359,0.0009222456210409291,5,,,,,,42
td3_bc,16,perturb_1sigma,-0.22875294089317322,0.0008965968372649513,5,,,,,,42
td3_bc,16,perturb_2sigma,-0.35952016711235046,0.0009188082185573876,5,,,,,,42
td3_bc,17,supervised,-0.2069154977798462,9.063955076271668e-06,5,,,,,,42
td3_bc,17,actor,-0.2069154977798462,9.063955076271668e-06,5,,,,,,42
td3_bc,17,zero,-0.15042999386787415,0.000999109193799086,5,,,,,,42
td3_bc,17,random,-0.059179168194532394,0.000947891610849183,5,,,,,,42
td3_bc,17,shuffled,0.07721617817878723,0.0018961834721267223,5,,,,,,42
td3_bc,17,perturb_0.25sigma,-0.21081534028053284,3.639612259576097e-06,5,,,,,,42
td3_bc,17,perturb_0.5sigma,-0.19603890180587769,3.585730155464262e-05,5,,,,,,42
td3_bc,17,perturb_1sigma,-0.26492705941200256,-3.885229671141133e-05,5,,,,,,42
td3_bc,17,perturb_2sigma,-0.32089802622795105,1.6717975086066872e-05,5,,,,,,42
td3_bc,18,supervised,-0.11918023228645325,-0.0001013182190945372,5,,,,,,42
td3_bc,18,actor,-0.11918023228645325,-0.0001013182190945372,5,,,,,,42
td3_bc,18,zero,-0.15196499228477478,0.0007029207627056167,5,,,,,,42
td3_bc,18,random,-0.16818150877952576,0.00025769948842935264,5,,,,,,42
td3_bc,18,shuffled,-0.028693825006484985,0.0017031649404088967,5,,,,,,42
td3_bc,18,perturb_0.25sigma,-0.11366069316864014,-0.00011162379814777523,5,,,,,,42
td3_bc,18,perturb_0.5sigma,-0.061253681778907776,-0.00015016167890280485,5,,,,,,42
td3_bc,18,perturb_1sigma,-0.2115914225578308,-0.0002606812668091152,5,,,,,,42
td3_bc,18,perturb_2sigma,-0.1943061351776123,1.8294784240424633e-05,5,,,,,,42
td3_bc,19,supervised,-0.3072071671485901,0.00018697051564231515,5,,,,,,42
td3_bc,19,actor,-0.3072071671485901,0.00018697051564231515,5,,,,,,42
td3_bc,19,zero,-0.11666688323020935,0.0007304313476197422,5,,,,,,42
td3_bc,19,random,-0.08598315715789795,0.0008581197471357882,5,,,,,,42
td3_bc,19,shuffled,-0.20948264002799988,0.0017459746450185776,5,,,,,,42
td3_bc,19,perturb_0.25sigma,-0.32163459062576294,0.0001737406855681911,5,,,,,,42
td3_bc,19,perturb_0.5sigma,-0.30225110054016113,0.0002804045216180384,5,,,,,,42
td3_bc,19,perturb_1sigma,-0.2692003548145294,7.016459130682051e-05,5,,,,,,42
td3_bc,19,perturb_2sigma,-0.12763851881027222,0.0002914945362135768,5,,,,,,42
td3_bc,20,supervised,0.4049111604690552,0.023978129494935274,5,,,,,,42
td3_bc,20,actor,0.4049111604690552,0.023978129494935274,5,,,,,,42
td3_bc,20,zero,0.08637220412492752,0.024624954676255584,5,,,,,,42
td3_bc,20,random,0.1669112741947174,0.024600778706371784,5,,,,,,42
td3_bc,20,shuffled,0.23092657327651978,0.025421777740120888,5,,,,,,42
td3_bc,20,perturb_0.25sigma,0.3059009313583374,0.02236440870910883,5,,,,,,42
td3_bc,20,perturb_0.5sigma,0.06520827114582062,0.02143468288704753,5,,,,,,42
td3_bc,20,perturb_1sigma,-0.08095383644104004,0.021226018434390426,5,,,,,,42
td3_bc,20,perturb_2sigma,0.3390389680862427,0.027544117998331785,5,,,,,,42
td3_bc,21,supervised,0.08870492875576019,0.019967088475823402,5,,,,,,42
td3_bc,21,actor,0.08870492875576019,0.019967088475823402,5,,,,,,42
td3_bc,21,zero,0.012361451983451843,0.020192617550492287,5,,,,,,42
td3_bc,21,random,0.01822209358215332,0.017469607759267092,5,,,,,,42
td3_bc,21,shuffled,-0.0005521476268768311,0.020449829287827015,5,,,,,,42
td3_bc,21,perturb_0.25sigma,0.08748271316289902,0.0197030589915812,5,,,,,,42
td3_bc,21,perturb_0.5sigma,-0.025299042463302612,0.021614225581288338,5,,,,,,42
td3_bc,21,perturb_1sigma,-0.1458771824836731,0.019796844571828842,5,,,,,,42
td3_bc,21,perturb_2sigma,0.09291582554578781,0.01817516959272325,5,,,,,,42
td3_bc,22,supervised,-0.1862843930721283,0.015956012066453695,5,,,,,,42
td3_bc,22,actor,-0.1862843930721283,0.015956012066453695,5,,,,,,42
td3_bc,22,zero,-0.12695544958114624,0.01587226241827011,5,,,,,,42
td3_bc,22,random,-0.15258517861366272,0.012790676672011614,5,,,,,,42
td3_bc,22,shuffled,-0.08045996725559235,0.015783526934683323,5,,,,,,42
td3_bc,22,perturb_0.25sigma,-0.16067171096801758,0.01715491758659482,5,,,,,,42
td3_bc,22,perturb_0.5sigma,-0.04085640236735344,0.015104350633919239,5,,,,,,42
td3_bc,22,perturb_1sigma,-0.035628750920295715,0.012999197468161583,5,,,,,,42
td3_bc,22,perturb_2sigma,-0.04316767677664757,0.014900579582899809,5,,,,,,42
td3_bc,23,supervised,-0.176036536693573,0.011672606226056814,5,,,,,,42
td3_bc,23,actor,-0.176036536693573,0.011672606226056814,5,,,,,,42
td3_bc,23,zero,-0.1514211744070053,0.01143514784052968,5,,,,,,42
td3_bc,23,random,-0.15082992613315582,0.010494870599359274,5,,,,,,42
td3_bc,23,shuffled,-0.20376043021678925,0.011207612697035074,5,,,,,,42
td3_bc,23,perturb_0.25sigma,-0.17312631011009216,0.011367912404239178,5,,,,,,42
td3_bc,23,perturb_0.5sigma,-0.16553425788879395,0.01181694446131587,5,,,,,,42
td3_bc,23,perturb_1sigma,-0.007883468642830849,0.013752931728959084,5,,,,,,42
td3_bc,23,perturb_2sigma,0.006523822899907827,0.015581621788442135,5,,,,,,42
td3_bc,24,supervised,-0.0985417366027832,0.0068142893724143505,5,,,,,,42
td3_bc,24,actor,-0.0985417366027832,0.0068142893724143505,5,,,,,,42
td3_bc,24,zero,-0.10263028740882874,0.006586340256035328,5,,,,,,42
td3_bc,24,random,0.028932979330420494,0.008344154804944992,5,,,,,,42
td3_bc,24,shuffled,-0.15803182125091553,0.006316406186670065,5,,,,,,42
td3_bc,24,perturb_0.25sigma,-0.11053833365440369,0.006491120904684067,5,,,,,,42
td3_bc,24,perturb_0.5sigma,-0.1151590645313263,0.006420531310141087,5,,,,,,42
td3_bc,24,perturb_1sigma,-0.29843273758888245,0.0016194713534787297,5,,,,,,42
td3_bc,24,perturb_2sigma,-0.4160640835762024,0.0017510891193524003,5,,,,,,42
td3_bc,25,supervised,0.4049111604690552,0.023978129494935274,5,,,,,,42
td3_bc,25,actor,0.4049111604690552,0.023978129494935274,5,,,,,,42
td3_bc,25,zero,0.08637220412492752,0.024624954676255584,5,,,,,,42
td3_bc,25,random,0.08843347430229187,0.02409759582951665,5,,,,,,42
td3_bc,25,shuffled,0.23092657327651978,0.025421777740120888,5,,,,,,42
td3_bc,25,perturb_0.25sigma,0.32998955249786377,0.02611530921421945,5,,,,,,42
td3_bc,25,perturb_0.5sigma,0.20107419788837433,0.027059436310082674,5,,,,,,42
td3_bc,25,perturb_1sigma,0.32230454683303833,0.0276343054138124,5,,,,,,42
td3_bc,25,perturb_2sigma,-0.2880987823009491,0.018134158803150058,5,,,,,,42
td3_bc,26,supervised,0.03912264108657837,0.020078737754374743,5,,,,,,42
td3_bc,26,actor,0.03912264108657837,0.020078737754374743,5,,,,,,42
td3_bc,26,zero,-0.004681497812271118,0.02013103337958455,5,,,,,,42
td3_bc,26,random,-0.11204442381858826,0.021265130024403334,5,,,,,,42
td3_bc,26,shuffled,-0.006725415587425232,0.020179315470159054,5,,,,,,42
td3_bc,26,perturb_0.25sigma,-0.10010048747062683,0.020101828034967184,5,,,,,,42
td3_bc,26,perturb_0.5sigma,-0.020241856575012207,0.01925457431934774,5,,,,,,42
td3_bc,26,perturb_1sigma,0.024054646492004395,0.020392315229400992,5,,,,,,42
td3_bc,26,perturb_2sigma,0.26045799255371094,0.017356601543724537,5,,,,,,42
td3_bc,27,supervised,-0.21689289808273315,0.015050690621137619,5,,,,,,42
td3_bc,27,actor,-0.21689289808273315,0.015050690621137619,5,,,,,,42
td3_bc,27,zero,-0.16926822066307068,0.01475538033992052,5,,,,,,42
td3_bc,27,random,-0.21016597747802734,0.016721082385629416,5,,,,,,42
td3_bc,27,shuffled,-0.125666081905365,0.014449936803430319,5,,,,,,42
td3_bc,27,perturb_0.25sigma,-0.16002583503723145,0.0163129479624331,5,,,,,,42
td3_bc,27,perturb_0.5sigma,-0.12465372681617737,0.016454402823001146,5,,,,,,42
td3_bc,27,perturb_1sigma,-0.12281250953674316,0.015609560068696737,5,,,,,,42
td3_bc,27,perturb_2sigma,-0.2668776512145996,0.013785401359200478,5,,,,,,42
td3_bc,28,supervised,-0.19246014952659607,0.011582022067159414,5,,,,,,42
td3_bc,28,actor,-0.19246014952659607,0.011582022067159414,5,,,,,,42
td3_bc,28,zero,-0.16552093625068665,0.011138218455016613,5,,,,,,42
td3_bc,28,random,-0.13642288744449615,0.009761595632880926,5,,,,,,42
td3_bc,28,shuffled,-0.1396908462047577,0.010688340291380882,5,,,,,,42
td3_bc,28,perturb_0.25sigma,-0.11005294322967529,0.012452030554413795,5,,,,,,42
td3_bc,28,perturb_0.5sigma,-0.1218092143535614,0.008275046944618225,5,,,,,,42
td3_bc,28,perturb_1sigma,-0.054952725768089294,0.012363128829747438,5,,,,,,42
td3_bc,28,perturb_2sigma,-0.2979315519332886,0.0117523861117661,5,,,,,,42
td3_bc,29,supervised,-0.10638505220413208,0.005982891656458378,5,,,,,,42
td3_bc,29,actor,-0.10638505220413208,0.005982891656458378,5,,,,,,42
td3_bc,29,zero,-0.13764706254005432,0.0054831737652421,5,,,,,,42
td3_bc,29,random,-0.1102515459060669,0.005803585518151522,5,,,,,,42
td3_bc,29,shuffled,-0.10374274104833603,0.004993288312107325,5,,,,,,42
td3_bc,29,perturb_0.25sigma,-0.08690688014030457,0.006089061498641968,5,,,,,,42
td3_bc,29,perturb_0.5sigma,-0.0956050455570221,0.005742426961660385,5,,,,,,42
td3_bc,29,perturb_1sigma,-0.11077246069908142,0.004959715995937586,5,,,,,,42
td3_bc,29,perturb_2sigma,-0.11251270771026611,0.004463409539312124,5,,,,,,42
td3_bc,30,supervised,-0.26680538058280945,0.0027249100130575243,5,,,,,,42
td3_bc,30,actor,-0.26680538058280945,0.0027249100130575243,5,,,,,,42
td3_bc,30,zero,0.03744769096374512,0.003964827541494742,5,,,,,,42
td3_bc,30,random,0.23724208772182465,0.004206257581245154,5,,,,,,42
td3_bc,30,shuffled,0.28226765990257263,0.004167554041487165,5,,,,,,42
td3_bc,30,perturb_0.25sigma,-0.26607856154441833,0.0027344201334926765,5,,,,,,42
td3_bc,30,perturb_0.5sigma,-0.15982764959335327,0.00291537847078871,5,,,,,,42
td3_bc,30,perturb_1sigma,0.036582887172698975,0.003452023636782542,5,,,,,,42
td3_bc,30,perturb_2sigma,0.023568034172058105,0.0031884881100268103,5,,,,,,42
td3_bc,31,supervised,-0.33951082825660706,0.0008649744268041104,5,,,,,,42
td3_bc,31,actor,-0.33951082825660706,0.0008649744268041104,5,,,,,,42
td3_bc,31,zero,-0.03776735067367554,0.0019710104388650507,5,,,,,,42
td3_bc,31,random,-0.2886140048503876,0.0010034762890427373,5,,,,,,42
td3_bc,31,shuffled,0.17498469352722168,0.002568926825915696,5,,,,,,42
td3_bc,31,perturb_0.25sigma,-0.35898885130882263,0.000819195785879856,5,,,,,,42
td3_bc,31,perturb_0.5sigma,-0.2492384910583496,0.0010042791400337592,5,,,,,,42
td3_bc,31,perturb_1sigma,-0.3785974681377411,0.0007937042246339843,5,,,,,,42
td3_bc,31,perturb_2sigma,-0.4300558269023895,0.000645399983113748,5,,,,,,42
td3_bc,32,supervised,-0.2120598554611206,2.195311026298441e-05,5,,,,,,42
td3_bc,32,actor,-0.2120598554611206,2.195311026298441e-05,5,,,,,,42
td3_bc,32,zero,-0.15224996209144592,0.0009976409128285013,5,,,,,,42
td3_bc,32,random,-0.04730686545372009,0.0004555307241389528,5,,,,,,42
td3_bc,32,shuffled,0.08785732835531235,0.001822071339120157,5,,,,,,42
td3_bc,32,perturb_0.25sigma,-0.2346428632736206,0.0001158758532255888,5,,,,,,42
td3_bc,32,perturb_0.5sigma,-0.08925428986549377,0.00023522134142694995,5,,,,,,42
td3_bc,32,perturb_1sigma,-0.15032368898391724,-4.427437215781538e-05,5,,,,,,42
td3_bc,32,perturb_2sigma,-0.2682476043701172,0.00026520500250626355,5,,,,,,42
td3_bc,33,supervised,-0.12178006768226624,-7.102821837179363e-05,5,,,,,,42
td3_bc,33,actor,-0.12178006768226624,-7.102821837179363e-05,5,,,,,,42
td3_bc,33,zero,-0.1533341109752655,0.00071723923610989,5,,,,,,42
td3_bc,33,random,0.046013105660676956,0.0012695310069830157,5,,,,,,42
td3_bc,33,shuffled,-0.04388263821601868,0.0016515013921889476,5,,,,,,42
td3_bc,33,perturb_0.25sigma,-0.15898630023002625,-0.0001715558100841008,5,,,,,,42
td3_bc,33,perturb_0.5sigma,-0.10176494717597961,-8.765081292949617e-05,5,,,,,,42
td3_bc,33,perturb_1sigma,-0.1573176383972168,0.0002201870083808899,5,,,,,,42
td3_bc,33,perturb_2sigma,-0.06519466638565063,0.0008204235055018216,5,,,,,,42
td3_bc,34,supervised,-0.3042537271976471,0.00020127305469941348,5,,,,,,42
td3_bc,34,actor,-0.3042537271976471,0.00020127305469941348,5,,,,,,42
td3_bc,34,zero,-0.11853688955307007,0.0007199476240202785,5,,,,,,42
td3_bc,34,random,-0.16025444865226746,0.0006531220278702676,5,,,,,,42
td3_bc,34,shuffled,-0.2385198473930359,0.0016792099922895432,5,,,,,,42
td3_bc,34,perturb_0.25sigma,-0.31590214371681213,0.0002723031211644411,5,,,,,,42
td3_bc,34,perturb_0.5sigma,-0.2620887756347656,0.00016575843619648367,5,,,,,,42
td3_bc,34,perturb_1sigma,-0.22559185326099396,0.00014788121916353703,5,,,,,,42
td3_bc,34,perturb_2sigma,-0.2886285185813904,0.0004390090180095285,5,,,,,,42
td3_bc,35,supervised,-0.2611575722694397,0.004494639928452671,5,,,,,,42
td3_bc,35,actor,-0.2611575722694397,0.004494639928452671,5,,,,,,42
td3_bc,35,zero,0.04622146487236023,0.004643926105927676,5,,,,,,42
td3_bc,35,random,0.03535563498735428,0.004662862629629672,5,,,,,,42
td3_bc,35,shuffled,0.13515245914459229,0.004467924416530877,5,,,,,,42
td3_bc,35,perturb_0.25sigma,-0.2454214096069336,0.0045503825531341136,5,,,,,,42
td3_bc,35,perturb_0.5sigma,-0.22582727670669556,0.0045198905863799155,5,,,,,,42
td3_bc,35,perturb_1sigma,-0.25668853521347046,0.004361346655059606,5,,,,,,42
td3_bc,35,perturb_2sigma,-0.2063995897769928,0.004619104729499668,5,,,,,,42
td3_bc,36,supervised,-0.34221237897872925,0.0031657677609473467,5,,,,,,42
td3_bc,36,actor,-0.34221237897872925,0.0031657677609473467,5,,,,,,42
td3_bc,36,zero,-0.0683952271938324,0.0033567649079486728,5,,,,,,42
td3_bc,36,random,0.1645255833864212,0.003303529229015112,5,,,,,,42
td3_bc,36,shuffled,0.013023599982261658,0.0032261491287499666,5,,,,,,42
td3_bc,36,perturb_0.25sigma,-0.35112062096595764,0.0031929283286444843,5,,,,,,42
td3_bc,36,perturb_0.5sigma,-0.35272547602653503,0.0032294977572746575,5,,,,,,42
td3_bc,36,perturb_1sigma,-0.3514192998409271,0.0030351976747624576,5,,,,,,42
td3_bc,36,perturb_2sigma,-0.22170600295066833,0.0031158453202806413,5,,,,,,42
td3_bc,37,supervised,-0.26289400458335876,0.002168254053685814,5,,,,,,42
td3_bc,37,actor,-0.26289400458335876,0.002168254053685814,5,,,,,,42
td3_bc,37,zero,-0.1728660762310028,0.0023646141053177416,5,,,,,,42
td3_bc,37,random,-0.1627000868320465,0.0020422011730261147,5,,,,,,42
td3_bc,37,shuffled,-0.09258733689785004,0.002254017977975309,5,,,,,,42
td3_bc,37,perturb_0.25sigma,-0.27345895767211914,0.002196605084463954,5,,,,,,42
td3_bc,37,perturb_0.5sigma,-0.26413825154304504,0.002161820651963353,5,,,,,,42
td3_bc,37,perturb_1sigma,-0.2568329870700836,0.002104042563587427,5,,,,,,42
td3_bc,37,perturb_2sigma,-0.23578143119812012,0.0022367495694197714,5,,,,,,42
td3_bc,38,supervised,-0.14218375086784363,0.001492352515924722,5,,,,,,42
td3_bc,38,actor,-0.14218375086784363,0.001492352515924722,5,,,,,,42
td3_bc,38,zero,-0.15866100788116455,0.0016495216987095773,5,,,,,,42
td3_bc,38,random,-0.042119234800338745,0.0016961945220828056,5,,,,,,42
td3_bc,38,shuffled,-0.34017303586006165,0.0015347598819062114,5,,,,,,42
td3_bc,38,perturb_0.25sigma,-0.14513930678367615,0.0015072415117174387,5,,,,,,42
td3_bc,38,perturb_0.5sigma,-0.12195613980293274,0.001480560633353889,5,,,,,,42
td3_bc,38,perturb_1sigma,-0.12410739064216614,0.0015208186814561486,5,,,,,,42
td3_bc,38,perturb_2sigma,-0.0881820023059845,0.0014209977816790342,5,,,,,,42
td3_bc,39,supervised,-0.28031691908836365,0.0008517062524333596,5,,,,,,42
td3_bc,39,actor,-0.28031691908836365,0.0008517062524333596,5,,,,,,42
td3_bc,39,zero,-0.12899234890937805,0.0009257418569177389,5,,,,,,42
td3_bc,39,random,-0.010076984763145447,0.0009472849778831005,5,,,,,,42
td3_bc,39,shuffled,-0.44169214367866516,0.0007589280721731484,5,,,,,,42
td3_bc,39,perturb_0.25sigma,-0.2875368595123291,0.0008376516052521765,5,,,,,,42
td3_bc,39,perturb_0.5sigma,-0.2767479121685028,0.000884101027622819,5,,,,,,42
td3_bc,39,perturb_1sigma,-0.3160177767276764,0.0008276436128653586,5,,,,,,42
td3_bc,39,perturb_2sigma,-0.28250059485435486,0.000868258299306035,5,,,,,,42
td3_bc,40,supervised,-0.27080652117729187,0.002400672630756162,5,,,,,,42
td3_bc,40,actor,-0.27080652117729187,0.002400672630756162,5,,,,,,42
td3_bc,40,zero,0.03222872316837311,0.0033425494330003858,5,,,,,,42
td3_bc,40,random,0.092461496591568,0.0033179141173604876,5,,,,,,42
td3_bc,40,shuffled,0.232884481549263,0.003420999419176951,5,,,,,,42
td3_bc,40,perturb_0.25sigma,-0.28077197074890137,0.0023486128775402904,5,,,,,,42
td3_bc,40,perturb_0.5sigma,-0.28163209557533264,0.002346120309084654,5,,,,,,42
td3_bc,40,perturb_1sigma,-0.2909635603427887,0.0023277345317183062,5,,,,,,42
td3_bc,40,perturb_2sigma,-0.3412069082260132,0.001985830196645111,5,,,,,,42
td3_bc,41,supervised,-0.35164061188697815,0.0009504785448370967,5,,,,,,42
td3_bc,41,actor,-0.35164061188697815,0.0009504785448370967,5,,,,,,42
td3_bc,41,zero,-0.051347777247428894,0.001842587415012531,5,,,,,,42
td3_bc,41,random,0.1786491423845291,0.0021873047662666067,5,,,,,,42
td3_bc,41,shuffled,0.11919386684894562,0.0021847231837455183,5,,,,,,42
td3_bc,41,perturb_0.25sigma,-0.3646481931209564,0.0009666774167271797,5,,,,,,42
td3_bc,41,perturb_0.5sigma,-0.3723078668117523,0.0009155533443845343,5,,,,,,42
td3_bc,41,perturb_1sigma,-0.30888256430625916,0.0011976939167652745,5,,,,,,42
td3_bc,41,perturb_2sigma,-0.30676957964897156,0.0009887425621855073,5,,,,,,42
td3_bc,42,supervised,-0.23769345879554749,0.0003548217937350273,5,,,,,,42
td3_bc,42,actor,-0.23769345879554749,0.0003548217937350273,5,,,,,,42
td3_bc,42,zero,-0.16057854890823364,0.0011646943894447759,5,,,,,,42
td3_bc,42,random,-0.026932621374726295,0.0005955854503554292,5,,,,,,42
td3_bc,42,shuffled,0.048725247383117676,0.001634711807128042,5,,,,,,42
td3_bc,42,perturb_0.25sigma,-0.22301426529884338,0.0003514294803608209,5,,,,,,42
td3_bc,42,perturb_0.5sigma,-0.24094760417938232,0.00040456856731907465,5,,,,,,42
td3_bc,42,perturb_1sigma,-0.18856081366539001,0.0002373255010752473,5,,,,,,42
td3_bc,42,perturb_2sigma,0.08270870894193649,0.0007780863373909597,5,,,,,,42
td3_bc,43,supervised,-0.1348191201686859,0.0003591993631744117,5,,,,,,42
td3_bc,43,actor,-0.1348191201686859,0.0003591993631744117,5,,,,,,42
td3_bc,43,zero,-0.1582561731338501,0.0009976396249840036,5,,,,,,42
td3_bc,43,random,-0.14567440748214722,0.0005615100308205001,5,,,,,,42
td3_bc,43,shuffled,-0.19147750735282898,0.00150610480341129,5,,,,,,42
td3_bc,43,perturb_0.25sigma,-0.13643133640289307,0.0003490113394946093,5,,,,,,42
td3_bc,43,perturb_0.5sigma,-0.09405644237995148,0.00036438866004573356,5,,,,,,42
td3_bc,43,perturb_1sigma,-0.04379795491695404,0.00043469843149068765,5,,,,,,42
td3_bc,43,perturb_2sigma,-0.24276545643806458,0.00013985220039103297,5,,,,,,42
td3_bc,44,supervised,-0.29109013080596924,0.0004962164093740284,5,,,,,,42
td3_bc,44,actor,-0.29109013080596924,0.0004962164093740284,5,,,,,,42
td3_bc,44,zero,-0.12609019875526428,0.0008607348427176476,5,,,,,,42
td3_bc,44,random,-0.031350910663604736,0.0012196335010230541,5,,,,,,42
td3_bc,44,shuffled,-0.3535214960575104,0.0013455573935061693,5,,,,,,42
td3_bc,44,perturb_0.25sigma,-0.31079232692718506,0.0005361281801015139,5,,,,,,42
td3_bc,44,perturb_0.5sigma,-0.3086780607700348,0.0004881121276412159,5,,,,,,42
td3_bc,44,perturb_1sigma,-0.1799248605966568,0.00036586294299922884,5,,,,,,42
td3_bc,44,perturb_2sigma,-0.30614805221557617,0.0005426718853414059,5,,,,,,42
td3_bc,45,supervised,0.29159414768218994,0.014694744837470353,5,,,,,,42
td3_bc,45,actor,0.29159414768218994,0.014694744837470353,5,,,,,,42
td3_bc,45,zero,0.07499121129512787,0.016513915732502937,5,,,,,,42
td3_bc,45,random,0.13115209341049194,0.017828785814344883,5,,,,,,42
td3_bc,45,shuffled,0.1964893639087677,0.01880462421104312,5,,,,,,42
td3_bc,45,perturb_0.25sigma,0.16143760085105896,0.014331087120808661,5,,,,,,42
td3_bc,45,perturb_0.5sigma,0.3635927736759186,0.016137675615027547,5,,,,,,42
td3_bc,45,perturb_1sigma,0.1300167441368103,0.017059936886653304,5,,,,,,42
td3_bc,45,perturb_2sigma,-0.35821232199668884,0.0113221590872854,5,,,,,,42
td3_bc,46,supervised,0.267955482006073,0.011297706398181617,5,,,,,,42
td3_bc,46,actor,0.267955482006073,0.011297706398181617,5,,,,,,42
td3_bc,46,zero,0.003515094518661499,0.012597264954820275,5,,,,,,42
td3_bc,46,random,0.16340705752372742,0.011331095360219479,5,,,,,,42
td3_bc,46,shuffled,0.008501648902893066,0.014273442327976227,5,,,,,,42
td3_bc,46,perturb_0.25sigma,0.27285319566726685,0.011517532053403556,5,,,,,,42
td3_bc,46,perturb_0.5sigma,0.16238710284233093,0.010490590240806341,5,,,,,,42
td3_bc,46,perturb_1sigma,-0.196513831615448,0.009713152307085693,5,,,,,,42
td3_bc,46,perturb_2sigma,-0.3754098117351532,0.008042124914936721,5,,,,,,42
td3_bc,47,supervised,-0.025216827169060707,0.008459113305434585,5,,,,,,42
td3_bc,47,actor,-0.025216827169060707,0.008459113305434585,5,,,,,,42
td3_bc,47,zero,-0.13122883439064026,0.009353188565000892,5,,,,,,42
td3_bc,47,random,-0.13311144709587097,0.006119629135355353,5,,,,,,42
td3_bc,47,shuffled,-0.017199227586388588,0.01049263239838183,5,,,,,,42
td3_bc,47,perturb_0.25sigma,-0.08271723985671997,0.008682576240971684,5,,,,,,42
td3_bc,47,perturb_0.5sigma,-0.04066254198551178,0.007491132477298379,5,,,,,,42
td3_bc,47,perturb_1sigma,-0.07098439335823059,0.011410981649532914,5,,,,,,42
td3_bc,47,perturb_2sigma,-0.3188574016094208,0.004903564404230565,5,,,,,,42
td3_bc,48,supervised,-0.14977186918258667,0.005882303696125746,5,,,,,,42
td3_bc,48,actor,-0.14977186918258667,0.005882303696125746,5,,,,,,42
td3_bc,48,zero,-0.14495660364627838,0.006544044241309166,5,,,,,,42
td3_bc,48,random,-0.049297358840703964,0.006975418189540505,5,,,,,,42
td3_bc,48,shuffled,-0.058076027780771255,0.007335691247135401,5,,,,,,42
td3_bc,48,perturb_0.25sigma,-0.13920459151268005,0.005581976845860481,5,,,,,,42
td3_bc,48,perturb_0.5sigma,-0.10898382216691971,0.005494745681062341,5,,,,,,42
td3_bc,48,perturb_1sigma,-0.059117138385772705,0.007804966066032648,5,,,,,,42
td3_bc,48,perturb_2sigma,0.012769430875778198,0.010558190057054162,5,,,,,,42
td3_bc,49,supervised,-0.15521791577339172,0.003412803402170539,5,,,,,,42
td3_bc,49,actor,-0.15521791577339172,0.003412803402170539,5,,,,,,42
td3_bc,49,zero,-0.10304132103919983,0.004000949207693338,5,,,,,,42
td3_bc,49,random,-0.10694348812103271,0.004321951884776354,5,,,,,,42
td3_bc,49,shuffled,-0.05736702308058739,0.004639058839529753,5,,,,,,42
td3_bc,49,perturb_0.25sigma,-0.14491167664527893,0.003440483473241329,5,,,,,,42
td3_bc,49,perturb_0.5sigma,-0.2736017107963562,0.002713861409574747,5,,,,,,42
td3_bc,49,perturb_1sigma,-0.3000115752220154,0.0018908078782260418,5,,,,,,42
td3_bc,49,perturb_2sigma,-0.12594005465507507,0.0040460689924657345,5,,,,,,42
td3_bc,50,supervised,0.29159414768218994,0.014694744837470353,5,,,,,,42
td3_bc,50,actor,0.29159414768218994,0.014694744837470353,5,,,,,,42
td3_bc,50,zero,0.07499121129512787,0.016513915732502937,5,,,,,,42
td3_bc,50,random,0.10737545043230057,0.01527203363366425,5,,,,,,42
td3_bc,50,shuffled,0.1964893639087677,0.01880462421104312,5,,,,,,42
td3_bc,50,perturb_0.25sigma,0.3679574728012085,0.01521830540150404,5,,,,,,42
td3_bc,50,perturb_0.5sigma,0.37585580348968506,0.014949308591894805,5,,,,,,42
td3_bc,50,perturb_1sigma,0.09916473925113678,0.013442600960843265,5,,,,,,42
td3_bc,50,perturb_2sigma,0.30262744426727295,0.016049611382186413,5,,,,,,42
td3_bc,51,supervised,0.22255879640579224,0.012161454884335399,5,,,,,,42
td3_bc,51,actor,0.22255879640579224,0.012161454884335399,5,,,,,,42
td3_bc,51,zero,-0.011984646320343018,0.013376976596191525,5,,,,,,42
td3_bc,51,random,0.08825643360614777,0.011626916821114719,5,,,,,,42
td3_bc,51,shuffled,-0.01098698377609253,0.015073378337547183,5,,,,,,42
td3_bc,51,perturb_0.25sigma,0.22898215055465698,0.012493791989982128,5,,,,,,42
td3_bc,51,perturb_0.5sigma,0.2780863642692566,0.011750945821404457,5,,,,,,42
td3_bc,51,perturb_1sigma,0.11285383999347687,0.011577805038541555,5,,,,,,42
td3_bc,51,perturb_2sigma,0.15894487500190735,0.01244950108230114,5,,,,,,42
td3_bc,52,supervised,-0.07342071831226349,0.008861246518790722,5,,,,,,42
td3_bc,52,actor,-0.07342071831226349,0.008861246518790722,5,,,,,,42
td3_bc,52,zero,-0.16600409150123596,0.009652528678998351,5,,,,,,42
td3_bc,52,random,-0.09746044874191284,0.010709665715694427,5,,,,,,42
td3_bc,52,shuffled,-0.04074675962328911,0.010769517160952091,5,,,,,,42
td3_bc,52,perturb_0.25sigma,-0.19740134477615356,0.009806856513023376,5,,,,,,42
td3_bc,52,perturb_0.5sigma,-0.07446195185184479,0.008684885455295444,5,,,,,,42
td3_bc,52,perturb_1sigma,-0.11737480759620667,0.00957592367194593,5,,,,,,42
td3_bc,52,perturb_2sigma,-0.3033711612224579,0.007220022962428629,5,,,,,,42
td3_bc,53,supervised,-0.18513429164886475,0.007030610926449299,5,,,,,,42
td3_bc,53,actor,-0.18513429164886475,0.007030610926449299,5,,,,,,42
td3_bc,53,zero,-0.1660982072353363,0.007599851582199335,5,,,,,,42
td3_bc,53,random,-0.04998096823692322,0.008147264830768108,5,,,,,,42
td3_bc,53,shuffled,-0.03386145830154419,0.008191834902390838,5,,,,,,42
td3_bc,53,perturb_0.25sigma,-0.19459345936775208,0.006754143862053752,5,,,,,,42
td3_bc,53,perturb_0.5sigma,-0.13706177473068237,0.008214137284085155,5,,,,,,42
td3_bc,53,perturb_1sigma,-0.13232943415641785,0.006337695522233844,5,,,,,,42
td3_bc,53,perturb_2sigma,-0.1553741991519928,0.0035453367745503783,5,,,,,,42
td3_bc,54,supervised,-0.18635258078575134,0.0041773635894060135,5,,,,,,42
td3_bc,54,actor,-0.18635258078575134,0.0041773635894060135,5,,,,,,42
td3_bc,54,zero,-0.1367693841457367,0.004569872748106718,5,,,,,,42
td3_bc,54,random,-0.10291028022766113,0.004217129200696945,5,,,,,,42
td3_bc,54,shuffled,-0.06016680598258972,0.004981560632586479,5,,,,,,42
td3_bc,54,perturb_0.25sigma,-0.15659472346305847,0.004368594381958246,5,,,,,,42
td3_bc,54,perturb_0.5sigma,-0.14260491728782654,0.004375717137008905,5,,,,,,42
td3_bc,54,perturb_1sigma,-0.15652811527252197,0.004416546784341335,5,,,,,,42
td3_bc,54,perturb_2sigma,0.05523725226521492,0.006369232200086117,5,,,,,,42
td3_bc,55,supervised,0.1255784034729004,0.1271325834095478,5,,,,,,42
td3_bc,55,actor,0.1255784034729004,0.1271325834095478,5,,,,,,42
td3_bc,55,zero,-0.34201908111572266,0.023855533450841904,5,,,,,,42
td3_bc,55,random,-0.08980022370815277,0.034246619790792465,5,,,,,,42
td3_bc,55,shuffled,-0.46197786927223206,0.0038994550704956055,5,,,,,,42
td3_bc,55,perturb_0.25sigma,0.19580675661563873,0.1263901013880968,5,,,,,,42
td3_bc,55,perturb_0.5sigma,0.13959051668643951,0.12917026318609715,5,,,,,,42
td3_bc,55,perturb_1sigma,0.31213223934173584,0.1434491816908121,5,,,,,,42
td3_bc,55,perturb_2sigma,-0.07209772616624832,0.05939064733684063,5,,,,,,42
td3_bc,56,supervised,0.2006838172674179,0.108834033831954,5,,,,,,42
td3_bc,56,actor,0.2006838172674179,0.108834033831954,5,,,,,,42
td3_bc,56,zero,-0.2992759943008423,-0.0179627425968647,5,,,,,,42
td3_bc,56,random,-0.28986823558807373,0.0029235780239105225,5,,,,,,42
td3_bc,56,shuffled,-0.5559771060943604,-0.04089991748332977,5,,,,,,42
td3_bc,56,perturb_0.25sigma,0.3255513906478882,0.11649582721292973,5,,,,,,42
td3_bc,56,perturb_0.5sigma,0.3690623939037323,0.12128473073244095,5,,,,,,42
td3_bc,56,perturb_1sigma,-0.06464245170354843,0.1012586671859026,5,,,,,,42
td3_bc,56,perturb_2sigma,-0.04961834475398064,0.10202438198029995,5,,,,,,42
td3_bc,57,supervised,0.3409504294395447,0.08922458067536354,5,,,,,,42
td3_bc,57,actor,0.3409504294395447,0.08922458067536354,5,,,,,,42
td3_bc,57,zero,-0.5848431587219238,-0.07735750079154968,5,,,,,,42
td3_bc,57,random,-0.4604351818561554,-0.05525508522987366,5,,,,,,42
td3_bc,57,shuffled,-0.8436129093170166,-0.10334242507815361,5,,,,,,42
td3_bc,57,perturb_0.25sigma,0.2826232314109802,0.09140759706497192,5,,,,,,42
td3_bc,57,perturb_0.5sigma,0.3012133836746216,0.09034567885100842,5,,,,,,42
td3_bc,57,perturb_1sigma,0.02711566351354122,0.08173550851643085,5,,,,,,42
td3_bc,57,perturb_2sigma,-0.007237965706735849,0.08381796441972256,5,,,,,,42
td3_bc,58,supervised,0.5432406663894653,0.0686120018362999,5,,,,,,42
td3_bc,58,actor,0.5432406663894653,0.0686120018362999,5,,,,,,42
td3_bc,58,zero,-1.1266378164291382,-0.173970814794302,5,,,,,,42
td3_bc,58,random,-0.9226070642471313,-0.137959074229002,5,,,,,,42
td3_bc,58,shuffled,-1.351847767829895,-0.2046983279287815,5,,,,,,42
td3_bc,58,perturb_0.25sigma,0.08572617173194885,0.06506266444921494,5,,,,,,42
td3_bc,58,perturb_0.5sigma,0.02850806713104248,0.06942125782370567,5,,,,,,42
td3_bc,58,perturb_1sigma,-0.5989440083503723,-0.06587386876344681,5,,,,,,42
td3_bc,58,perturb_2sigma,-0.24085411429405212,0.034797497442923486,5,,,,,,42
td3_bc,59,supervised,0.47694164514541626,0.04418976977467537,5,,,,,,42
td3_bc,59,actor,0.47694164514541626,0.04418976977467537,5,,,,,,42
td3_bc,59,zero,-1.5612797737121582,-0.3501506447792053,5,,,,,,42
td3_bc,59,random,-1.5678504705429077,-0.36304914951324463,5,,,,,,42
td3_bc,59,shuffled,-1.8881006240844727,-0.38649001717567444,5,,,,,,42
td3_bc,59,perturb_0.25sigma,0.1390882134437561,0.02978813648223877,5,,,,,,42
td3_bc,59,perturb_0.5sigma,0.44620099663734436,0.05154663324356079,5,,,,,,42
td3_bc,59,perturb_1sigma,-0.2867525517940521,0.05863057076931,5,,,,,,42
td3_bc,59,perturb_2sigma,-0.7884553670883179,-0.21564041078090668,5,,,,,,42
td3_bc,60,supervised,0.1255784034729004,0.1271325834095478,5,,,,,,42
td3_bc,60,actor,0.1255784034729004,0.1271325834095478,5,,,,,,42
td3_bc,60,zero,-0.34201908111572266,0.023855533450841904,5,,,,,,42
td3_bc,60,random,-0.3405526280403137,0.012973446398973465,5,,,,,,42
td3_bc,60,shuffled,-0.46197786927223206,0.0038994550704956055,5,,,,,,42
td3_bc,60,perturb_0.25sigma,0.20090661942958832,0.12817245163023472,5,,,,,,42
td3_bc,60,perturb_0.5sigma,0.18685033917427063,0.1265104841440916,5,,,,,,42
td3_bc,60,perturb_1sigma,0.506308913230896,0.12248320877552032,5,,,,,,42
td3_bc,60,perturb_2sigma,-0.03476966544985771,0.06222369149327278,5,,,,,,42
td3_bc,61,supervised,-0.27108660340309143,0.002401638630544767,5,,,,,,42
td3_bc,61,actor,-0.27108660340309143,0.002401638630544767,5,,,,,,42
td3_bc,61,zero,0.03199310600757599,0.003319934563478455,5,,,,,,42
td3_bc,61,random,0.031775251030921936,0.0028408574871718884,5,,,,,,42
td3_bc,61,shuffled,0.2300010770559311,0.0033961243752855808,5,,,,,,42
td3_bc,61,perturb_0.25sigma,-0.2763943374156952,0.0023731596302241087,5,,,,,,42
td3_bc,61,perturb_0.5sigma,-0.24495932459831238,0.0025643278640927747,5,,,,,,42
td3_bc,61,perturb_1sigma,-0.3321959972381592,0.002095454212394543,5,,,,,,42
td3_bc,61,perturb_2sigma,-0.30866822600364685,0.002243885784992017,5,,,,,,42
td3_bc,62,supervised,-0.3518504798412323,0.0009688396712590475,5,,,,,,42
td3_bc,62,actor,-0.3518504798412323,0.0009688396712590475,5,,,,,,42
td3_bc,62,zero,-0.05191509425640106,0.0018453403317835182,5,,,,,,42
td3_bc,62,random,0.08830730617046356,0.002022172338911332,5,,,,,,42
td3_bc,62,shuffled,0.11586972326040268,0.002173430286347866,5,,,,,,42
td3_bc,62,perturb_0.25sigma,-0.3433549702167511,0.001035078639688436,5,,,,,,42
td3_bc,62,perturb_0.5sigma,-0.38355502486228943,0.0009533282536722254,5,,,,,,42
td3_bc,62,perturb_1sigma,-0.23555442690849304,0.0010737158372648992,5,,,,,,42
td3_bc,62,perturb_2sigma,0.20260752737522125,0.0021985110361129045,5,,,,,,42
td3_bc,63,supervised,-0.23950016498565674,0.00037663871989934705,5,,,,,,42
td3_bc,63,actor,-0.23950016498565674,0.00037663871989934705,5,,,,,,42
td3_bc,63,zero,-0.16056755185127258,0.0011730450714821927,5,,,,,,42
td3_bc,63,random,-0.1067870557308197,0.0013504933085641824,5,,,,,,42
td3_bc,63,shuffled,0.04423969238996506,0.0016252063942374662,5,,,,,,42
td3_bc,63,perturb_0.25sigma,-0.23625579476356506,0.0003685948940983508,5,,,,,,42
td3_bc,63,perturb_0.5sigma,-0.25410374999046326,0.0004341911590017844,5,,,,,,42
td3_bc,63,perturb_1sigma,-0.2943630516529083,0.00022026885926607065,5,,,,,,42
td3_bc,63,perturb_2sigma,-0.12499037384986877,0.0005441241819426068,5,,,,,,42
td3_bc,64,supervised,-0.1353459656238556,0.0003777352030738257,5,,,,,,42
td3_bc,64,actor,-0.1353459656238556,0.0003777352030738257,5,,,,,,42
td3_bc,64,zero,-0.15795916318893433,0.001002888908260502,5,,,,,,42
td3_bc,64,random,-0.2243783175945282,0.00047619404358556494,5,,,,,,42
td3_bc,64,shuffled,-0.19889762997627258,0.0014920691028237343,5,,,,,,42
td3_bc,64,perturb_0.25sigma,-0.1848507821559906,0.0003830872856269707,5,,,,,,42
td3_bc,64,perturb_0.5sigma,-0.1780012845993042,0.00019540469293133356,5,,,,,,42
td3_bc,64,perturb_1sigma,-0.007898690178990364,0.0005565913479586015,5,,,,,,42
td3_bc,64,perturb_2sigma,-0.1737903356552124,0.00019802865062956698,5,,,,,,42
td3_bc,65,supervised,-0.2915423512458801,0.0005047952872700989,5,,,,,,42
td3_bc,65,actor,-0.2915423512458801,0.0005047952872700989,5,,,,,,42
td3_bc,65,zero,-0.12575843930244446,0.0008553747902624309,5,,,,,,42
td3_bc,65,random,-0.18000803887844086,0.000559960666578263,5,,,,,,42
td3_bc,65,shuffled,-0.35675379633903503,0.0013213894562795758,5,,,,,,42
td3_bc,65,perturb_0.25sigma,-0.27807578444480896,0.00040518399327993393,5,,,,,,42
td3_bc,65,perturb_0.5sigma,-0.28652089834213257,0.0004350940289441496,5,,,,,,42
td3_bc,65,perturb_1sigma,-0.2799202799797058,0.0005703169154003263,5,,,,,,42
td3_bc,65,perturb_2sigma,-0.1920395791530609,0.0009171754354611039,5,,,,,,42
td3_bc,66,supervised,-0.21906733512878418,0.0047305556217907,5,,,,,,42
td3_bc,66,actor,-0.21906733512878418,0.0047305556217907,5,,,,,,42
td3_bc,66,zero,0.050687745213508606,0.006437782372813672,5,,,,,,42
td3_bc,66,random,0.19569802284240723,0.0065425579668954015,5,,,,,,42
td3_bc,66,shuffled,0.30189478397369385,0.00747385248541832,5,,,,,,42
td3_bc,66,perturb_0.25sigma,-0.24419143795967102,0.0046413637028308585,5,,,,,,42
td3_bc,66,perturb_0.5sigma,-0.06472986936569214,0.004897120539681055,5,,,,,,42
td3_bc,66,perturb_1sigma,0.3124123513698578,0.0064298743673134595,5,,,,,,42
td3_bc,66,perturb_2sigma,-0.20464909076690674,0.005462749337311834,5,,,,,,42
td3_bc,67,supervised,-0.2498520314693451,0.0023315804264711915,5,,,,,,42
td3_bc,67,actor,-0.2498520314693451,0.0023315804264711915,5,,,,,,42
td3_bc,67,zero,-0.020086005330085754,0.003700130560901016,5,,,,,,42
td3_bc,67,random,-0.03593087196350098,0.005222296167630702,5,,,,,,42
td3_bc,67,shuffled,0.06858495622873306,0.00506088903057389,5,,,,,,42
td3_bc,67,perturb_0.25sigma,-0.18579909205436707,0.0024029866332284655,5,,,,,,42
td3_bc,67,perturb_0.5sigma,-0.24049028754234314,0.0023264005785677,5,,,,,,42
td3_bc,67,perturb_1sigma,-0.3722451627254486,0.0019491823040880263,5,,,,,,42
td3_bc,67,perturb_2sigma,-0.3671155869960785,0.0018720375519478694,5,,,,,,42
td3_bc,68,supervised,-0.12262400984764099,0.0010795104317367077,5,,,,,,42
td3_bc,68,actor,-0.12262400984764099,0.0010795104317367077,5,,,,,,42
td3_bc,68,zero,-0.14408603310585022,0.0021623047650791705,5,,,,,,42
td3_bc,68,random,-0.04030865430831909,0.0024917764094425365,5,,,,,,42
td3_bc,68,shuffled,-0.018029749393463135,0.0036261780187487602,5,,,,,,42
td3_bc,68,perturb_0.25sigma,-0.14191249012947083,0.001061429014953319,5,,,,,,42
td3_bc,68,perturb_0.5sigma,-0.27860674262046814,0.0008446745487162843,5,,,,,,42
td3_bc,68,perturb_1sigma,-0.0007704743184149265,0.0013389443392952671,5,,,,,,42
td3_bc,68,perturb_2sigma,-0.22464299201965332,0.0007648871251149103,5,,,,,,42
td3_bc,69,supervised,-0.07997232675552368,0.0006442035373765975,5,,,,,,42
td3_bc,69,actor,-0.07997232675552368,0.0006442035373765975,5,,,,,,42
td3_bc,69,zero,-0.14951008558273315,0.0014565337041858584,5,,,,,,42
td3_bc,69,random,-0.16200882196426392,0.0008921284170355648,5,,,,,,42
td3_bc,69,shuffled,-0.010508939623832703,0.0028622617246583104,5,,,,,,42
td3_bc,69,perturb_0.25sigma,-0.0772826075553894,0.0006669160502497107,5,,,,,,42
td3_bc,69,perturb_0.5sigma,-0.11995777487754822,0.0005944402946624905,5,,,,,,42
td3_bc,69,perturb_1sigma,-0.07107138633728027,0.002507209253963083,5,,,,,,42
td3_bc,69,perturb_2sigma,-0.17295342683792114,0.0012486411433201283,5,,,,,,42
td3_bc,70,supervised,-0.2853873670101166,0.0006338214734569192,5,,,,,,42
td3_bc,70,actor,-0.2853873670101166,0.0006338214734569192,5,,,,,,42
td3_bc,70,zero,-0.11179092526435852,0.0011441839160397649,5,,,,,,42
td3_bc,70,random,-0.19588889181613922,0.0009386378806084394,5,,,,,,42
td3_bc,70,shuffled,-0.07359674572944641,0.00242860266007483,5,,,,,,42
td3_bc,70,perturb_0.25sigma,-0.31132131814956665,0.000583307642955333,5,,,,,,42
td3_bc,70,perturb_0.5sigma,-0.3374710977077484,0.0008209500811062753,5,,,,,,42
td3_bc,70,perturb_1sigma,-0.34982040524482727,0.0009657596820034087,5,,,,,,42
td3_bc,70,perturb_2sigma,-0.28385090827941895,0.001024604425765574,5,,,,,,42
td3_bc,71,supervised,-0.2623598277568817,0.003846080508083105,5,,,,,,42
td3_bc,71,actor,-0.2623598277568817,0.003846080508083105,5,,,,,,42
td3_bc,71,zero,0.037822067737579346,0.004104122286662459,5,,,,,,42
td3_bc,71,random,0.02723640203475952,0.004172354121692479,5,,,,,,42
td3_bc,71,shuffled,0.14739471673965454,0.004019615065772086,5,,,,,,42
td3_bc,71,perturb_0.25sigma,-0.2645787000656128,0.0038304755580611527,5,,,,,,42
td3_bc,71,perturb_0.5sigma,-0.25780972838401794,0.003890154475811869,5,,,,,,42
td3_bc,71,perturb_1sigma,-0.2870277464389801,0.0037033635890111327,5,,,,,,42
td3_bc,71,perturb_2sigma,-0.016850680112838745,0.004045718582347035,5,,,,,,42
td3_bc,72,supervised,-0.3415091633796692,0.002466854639351368,5,,,,,,42
td3_bc,72,actor,-0.3415091633796692,0.002466854639351368,5,,,,,,42
td3_bc,72,zero,-0.07300403714179993,0.002797372522763908,5,,,,,,42
td3_bc,72,random,-0.3434337377548218,0.0022747754701413214,5,,,,,,42
td3_bc,72,shuffled,0.022513657808303833,0.002768253907561302,5,,,,,,42
td3_bc,72,perturb_0.25sigma,-0.34655246138572693,0.0024070422223303467,5,,,,,,42
td3_bc,72,perturb_0.5sigma,-0.3481696546077728,0.0023814249434508383,5,,,,,,42
td3_bc,72,perturb_1sigma,-0.03389650583267212,0.002429913729429245,5,,,,,,42
td3_bc,72,perturb_2sigma,-0.3763429820537567,0.0022138868807815015,5,,,,,,42
td3_bc,73,supervised,-0.25667086243629456,0.0015622085775248706,5,,,,,,42
td3_bc,73,actor,-0.25667086243629456,0.0015622085775248706,5,,,,,,42
td3_bc,73,zero,-0.17373371124267578,0.0019141850643791258,5,,,,,,42
td3_bc,73,random,0.04457356780767441,0.001515134354121983,5,,,,,,42
td3_bc,73,shuffled,-0.08290740847587585,0.0019047281821258366,5,,,,,,42
td3_bc,73,perturb_0.25sigma,-0.269269198179245,0.0016353612882085145,5,,,,,,42
td3_bc,73,perturb_0.5sigma,-0.282114177942276,0.0016310716164298356,5,,,,,,42
td3_bc,73,perturb_1sigma,-0.1899239420890808,0.0014401920197997242,5,,,,,,42
td3_bc,73,perturb_2sigma,-0.30404558777809143,0.0015443350421264768,5,,,,,,42
td3_bc,74,supervised,-0.1365203857421875,0.0010822922922670841,5,,,,,,42
td3_bc,74,actor,-0.1365203857421875,0.0010822922922670841,5,,,,,,42
td3_bc,74,zero,-0.16138365864753723,0.0013800589949823916,5,,,,,,42
td3_bc,74,random,-0.0963459312915802,0.0014696128782816231,5,,,,,,42
td3_bc,74,shuffled,-0.32859599590301514,0.0013745343312621117,5,,,,,,42
td3_bc,74,perturb_0.25sigma,-0.12052848935127258,0.0010420241742394865,5,,,,,,42
td3_bc,74,perturb_0.5sigma,-0.1670774519443512,0.0010469066037330776,5,,,,,,42
td3_bc,74,perturb_1sigma,-0.05184105038642883,0.0010307058109901845,5,,,,,,42
td3_bc,74,perturb_2sigma,-0.1512792408466339,0.0011499548272695392,5,,,,,,42
td3_bc,75,supervised,-0.26363077759742737,0.0006845825118944049,5,,,,,,42
td3_bc,75,actor,-0.26363077759742737,0.0006845825118944049,5,,,,,,42
td3_bc,75,zero,-0.1324194073677063,0.0008489243336953223,5,,,,,,42
td3_bc,75,random,-0.1394415944814682,0.0008345182286575437,5,,,,,,42
td3_bc,75,shuffled,-0.43309006094932556,0.0007921629003249109,5,,,,,,42
td3_bc,75,perturb_0.25sigma,-0.25403761863708496,0.0006670719594694674,5,,,,,,42
td3_bc,75,perturb_0.5sigma,-0.27161741256713867,0.0006544433417730033,5,,,,,,42
td3_bc,75,perturb_1sigma,-0.22660310566425323,0.0005746216629631817,5,,,,,,42
td3_bc,75,perturb_2sigma,-0.35416123270988464,0.0004022075445391238,5,,,,,,42
td3_bc,76,supervised,0.264506459236145,0.06167957838624716,5,,,,,,42
td3_bc,76,actor,0.264506459236145,0.06167957838624716,5,,,,,,42
td3_bc,76,zero,0.09990181028842926,0.04854254378005862,5,,,,,,42
td3_bc,76,random,-0.36656686663627625,0.037875632755458355,5,,,,,,42
td3_bc,76,shuffled,-0.15681785345077515,0.04093403974547982,5,,,,,,42
td3_bc,76,perturb_0.25sigma,0.2166610062122345,0.06141463853418827,5,,,,,,42
td3_bc,76,perturb_0.5sigma,0.3934195637702942,0.06593409553170204,5,,,,,,42
td3_bc,76,perturb_1sigma,0.24341607093811035,0.06278405711054802,5,,,,,,42
td3_bc,76,perturb_2sigma,-0.3379534184932709,0.03869781782850623,5,,,,,,42
td3_bc,77,supervised,0.01451292634010315,0.05277583189308643,5,,,,,,42
td3_bc,77,actor,0.01451292634010315,0.05277583189308643,5,,,,,,42
td3_bc,77,zero,0.016308337450027466,0.03913413337431848,5,,,,,,42
td3_bc,77,random,-0.22333866357803345,0.032233433332294226,5,,,,,,42
td3_bc,77,shuffled,-0.14966031908988953,0.03165916260331869,5,,,,,,42
td3_bc,77,perturb_0.25sigma,0.07755666971206665,0.05372750852257013,5,,,,,,42
td3_bc,77,perturb_0.5sigma,-0.14756116271018982,0.04917279817163944,5,,,,,,42
td3_bc,77,perturb_1sigma,-0.12664520740509033,0.05267559830099344,5,,,,,,42
td3_bc,77,perturb_2sigma,-0.007417231798171997,0.03967222687788308,5,,,,,,42
td3_bc,78,supervised,-0.012592682614922523,0.043004946783185005,5,,,,,,42
td3_bc,78,actor,-0.012592682614922523,0.043004946783185005,5,,,,,,42
td3_bc,78,zero,-0.14977186918258667,0.029081991175189614,5,,,,,,42
td3_bc,78,random,-0.11719220876693726,0.021793819032609463,5,,,,,,42
td3_bc,78,shuffled,-0.10468459129333496,0.022001510486006737,5,,,,,,42
td3_bc,78,perturb_0.25sigma,-0.03861137852072716,0.041806998662650585,5,,,,,,42
td3_bc,78,perturb_0.5sigma,-0.12479960918426514,0.03984053619205952,5,,,,,,42
td3_bc,78,perturb_1sigma,0.0018994859419763088,0.04704683180898428,5,,,,,,42
td3_bc,78,perturb_2sigma,-0.12731005251407623,0.03272730205208063,5,,,,,,42
td3_bc,79,supervised,0.0008734068833291531,0.0317259319126606,5,,,,,,42
td3_bc,79,actor,0.0008734068833291531,0.0317259319126606,5,,,,,,42
td3_bc,79,zero,-0.19423310458660126,0.017458631424233317,5,,,,,,42
td3_bc,79,random,-0.30874186754226685,0.017556339967995882,5,,,,,,42
td3_bc,79,shuffled,-0.15092015266418457,0.010859986301511526,5,,,,,,42
td3_bc,79,perturb_0.25sigma,0.009464239701628685,0.03018814418464899,5,,,,,,42
td3_bc,79,perturb_0.5sigma,-0.12539714574813843,0.02756194118410349,5,,,,,,42
td3_bc,79,perturb_1sigma,-0.0916781947016716,0.030752262100577354,5,,,,,,42
td3_bc,79,perturb_2sigma,-0.14195287227630615,0.017656888579949737,5,,,,,,42
td3_bc,-1,summary,,,5,,0.4840336134453782,0.7359315135831423,0.4375,0.575,42
full_cycle0,0,supervised,1.2588388919830322,0.05292255897074938,5,,,,,,123
full_cycle0,0,actor,1.1948351860046387,0.049942039884626865,5,,,,,,123
full_cycle0,0,zero,1.930673599243164,0.0541245648637414,5,,,,,,123
full_cycle0,0,random,1.8643609285354614,0.0540583860129118,5,,,,,,123
full_cycle0,0,shuffled,1.760766625404358,0.05329993739724159,5,,,,,,123
full_cycle0,0,perturb_0.25sigma,1.2626043558120728,0.05310059245675802,5,,,,,,123
full_cycle0,0,perturb_0.5sigma,0.9811128377914429,0.05192382447421551,5,,,,,,123
full_cycle0,0,perturb_1sigma,1.6130810976028442,0.053877570666372776,5,,,,,,123
full_cycle0,0,perturb_2sigma,0.8869549632072449,0.05332609638571739,5,,,,,,123
full_cycle0,1,supervised,0.6229538321495056,0.0438411021605134,5,,,,,,123
full_cycle0,1,actor,0.6763715147972107,0.04065986629575491,5,,,,,,123
full_cycle0,1,zero,1.7419884204864502,0.04506341461092234,5,,,,,,123
full_cycle0,1,random,0.3918822705745697,0.03856244822964072,5,,,,,,123
full_cycle0,1,shuffled,1.4543031454086304,0.04399202484637499,5,,,,,,123
full_cycle0,1,perturb_0.25sigma,0.7292361259460449,0.044322969391942024,5,,,,,,123
full_cycle0,1,perturb_0.5sigma,0.7731688618659973,0.04428369738161564,5,,,,,,123
full_cycle0,1,perturb_1sigma,0.019447755068540573,0.028679031413048506,5,,,,,,123
full_cycle0,1,perturb_2sigma,0.13269931077957153,0.036308439914137125,5,,,,,,123
full_cycle0,2,supervised,-0.2730569541454315,0.034079679287970066,5,,,,,,123
full_cycle0,2,actor,-0.046069856733083725,0.030691751278936863,5,,,,,,123
full_cycle0,2,zero,0.3356325030326843,0.035307067446410656,5,,,,,,123
full_cycle0,2,random,-0.8460565805435181,0.03219970315694809,5,,,,,,123
full_cycle0,2,shuffled,1.0265007019042969,0.03397392015904188,5,,,,,,123
full_cycle0,2,perturb_0.25sigma,-0.22818025946617126,0.03383988235145807,5,,,,,,123
full_cycle0,2,perturb_0.5sigma,-0.13536474108695984,0.03462577797472477,5,,,,,,123
full_cycle0,2,perturb_1sigma,-0.6545907258987427,0.02704597543925047,5,,,,,,123
full_cycle0,2,perturb_2sigma,-0.3359087109565735,0.02887835819274187,5,,,,,,123
full_cycle0,3,supervised,-1.251446008682251,0.02357771433889866,5,,,,,,123
full_cycle0,3,actor,-0.9077977538108826,0.019977450370788574,5,,,,,,123
full_cycle0,3,zero,-1.202003836631775,0.024795446544885635,5,,,,,,123
full_cycle0,3,random,-1.2041773796081543,0.02536689769476652,5,,,,,,123
full_cycle0,3,shuffled,-0.25583598017692566,0.02314409427344799,5,,,,,,123
full_cycle0,3,perturb_0.25sigma,-1.437989592552185,0.023109283298254013,5,,,,,,123
full_cycle0,3,perturb_0.5sigma,-1.3340914249420166,0.021895594894886017,5,,,,,,123
full_cycle0,3,perturb_1sigma,-0.7465586066246033,0.022938739508390427,5,,,,,,123
full_cycle0,3,perturb_2sigma,-0.94578617811203,0.02245921455323696,5,,,,,,123
full_cycle0,4,supervised,-1.5932875871658325,0.012251659296452999,5,,,,,,123
full_cycle0,4,actor,-1.6356502771377563,0.008464801125228405,5,,,,,,123
full_cycle0,4,zero,-1.7479021549224854,0.013441966846585274,5,,,,,,123
full_cycle0,4,random,-2.0149104595184326,0.007005202583968639,5,,,,,,123
full_cycle0,4,shuffled,-0.9003664255142212,0.011405933648347855,5,,,,,,123
full_cycle0,4,perturb_0.25sigma,-1.7827163934707642,0.012070765718817711,5,,,,,,123
full_cycle0,4,perturb_0.5sigma,-0.9449171423912048,0.013051990419626236,5,,,,,,123
full_cycle0,4,perturb_1sigma,-1.8168092966079712,0.005821318831294775,5,,,,,,123
full_cycle0,4,perturb_2sigma,-1.889915108680725,-0.0019064599182456732,5,,,,,,123
full_cycle0,5,supervised,1.2588388919830322,0.05292255897074938,5,,,,,,123
full_cycle0,5,actor,1.1948351860046387,0.049942039884626865,5,,,,,,123
full_cycle0,5,zero,1.930673599243164,0.0541245648637414,5,,,,,,123
full_cycle0,5,random,1.3905484676361084,0.05170559138059616,5,,,,,,123
full_cycle0,5,shuffled,1.760766625404358,0.05329993739724159,5,,,,,,123
full_cycle0,5,perturb_0.25sigma,1.1655491590499878,0.052714102901518345,5,,,,,,123
full_cycle0,5,perturb_0.5sigma,0.9688675403594971,0.05170769989490509,5,,,,,,123
full_cycle0,5,perturb_1sigma,0.7267548441886902,0.045303253922611475,5,,,,,,123
full_cycle0,5,perturb_2sigma,1.279311180114746,0.051600960083305836,5,,,,,,123
full_cycle0,6,supervised,0.5061309337615967,0.043396483175456524,5,,,,,,123
full_cycle0,6,actor,0.6273446083068848,0.040333302691578865,5,,,,,,123
full_cycle0,6,zero,1.5827549695968628,0.04448414035141468,5,,,,,,123
full_cycle0,6,random,-0.165040522813797,0.032439785660244524,5,,,,,,123
full_cycle0,6,shuffled,1.4779521226882935,0.04341413173824549,5,,,,,,123
full_cycle0,6,perturb_0.25sigma,0.634550929069519,0.044006614945828915,5,,,,,,123
full_cycle0,6,perturb_0.5sigma,1.1172367334365845,0.044596535153687,5,,,,,,123
full_cycle0,6,perturb_1sigma,0.11236117780208588,0.03943851590156555,5,,,,,,123
full_cycle0,6,perturb_2sigma,0.35282841324806213,0.03997796215116978,5,,,,,,123
full_cycle0,7,supervised,-0.47764021158218384,0.03300157841295004,5,,,,,,123
full_cycle0,7,actor,-0.1542574167251587,0.029803043231368065,5,,,,,,123
full_cycle0,7,zero,-0.001260068267583847,0.034030476585030556,5,,,,,,123
full_cycle0,7,random,-1.0852071046829224,0.03402716387063265,5,,,,,,123
full_cycle0,7,shuffled,1.0297991037368774,0.032717266120016575,5,,,,,,123
full_cycle0,7,perturb_0.25sigma,-0.6168037056922913,0.028917699586600065,5,,,,,,123
full_cycle0,7,perturb_0.5sigma,-0.5524526834487915,0.030857933685183525,5,,,,,,123
full_cycle0,7,perturb_1sigma,-0.9047858715057373,0.02319730236195028,5,,,,,,123
full_cycle0,7,perturb_2sigma,-0.7002190947532654,0.02759314840659499,5,,,,,,123
full_cycle0,8,supervised,-1.404632806777954,0.02220735140144825,5,,,,,,123
full_cycle0,8,actor,-1.0847175121307373,0.01901987660676241,5,,,,,,123
full_cycle0,8,zero,-1.5357741117477417,0.023136218078434467,5,,,,,,123
full_cycle0,8,random,-1.5664945840835571,0.015168200712651014,5,,,,,,123
full_cycle0,8,shuffled,-0.6391261219978333,0.021597521379590034,5,,,,,,123
full_cycle0,8,perturb_0.25sigma,-1.5884748697280884,0.020493019372224808,5,,,,,,123
full_cycle0,8,perturb_0.5sigma,-1.5383082628250122,0.014967492781579494,5,,,,,,123
full_cycle0,8,perturb_1sigma,-1.4293500185012817,0.007721045752987266,5,,,,,,123
full_cycle0,8,perturb_2sigma,-1.1291080713272095,0.017828503157943487,5,,,,,,123
full_cycle0,9,supervised,-1.6495076417922974,0.011228056624531746,5,,,,,,123
full_cycle0,9,actor,-1.7456727027893066,0.007943382486701012,5,,,,,,123
full_cycle0,9,zero,-1.9636410474777222,0.01202531810849905,5,,,,,,123
full_cycle0,9,random,-2.004549026489258,0.010006428696215153,5,,,,,,123
full_cycle0,9,shuffled,-1.1016713380813599,0.01027197577059269,5,,,,,,123
full_cycle0,9,perturb_0.25sigma,-1.4488354921340942,0.011797490529716015,5,,,,,,123
full_cycle0,9,perturb_0.5sigma,-1.943953275680542,0.011371507309377193,5,,,,,,123
full_cycle0,9,perturb_1sigma,-1.9195605516433716,0.004707341082394123,5,,,,,,123
full_cycle0,9,perturb_2sigma,-1.591427206993103,0.0075887893326580524,5,,,,,,123
full_cycle0,10,supervised,1.5660754442214966,0.04220742732286453,5,,,,,,123
full_cycle0,10,actor,0.8655722737312317,0.0398355470970273,5,,,,,,123
full_cycle0,10,zero,1.4301698207855225,0.03888533543795347,5,,,,,,123
full_cycle0,10,random,2.0139880180358887,0.04043117118999362,5,,,,,,123
full_cycle0,10,shuffled,0.7810347676277161,0.03671035496518016,5,,,,,,123
full_cycle0,10,perturb_0.25sigma,1.6224431991577148,0.042269257828593254,5,,,,,,123
full_cycle0,10,perturb_0.5sigma,1.8113750219345093,0.04187385365366936,5,,,,,,123
full_cycle0,10,perturb_1sigma,0.9526785612106323,0.039958791341632605,5,,,,,,123
full_cycle0,10,perturb_2sigma,1.1727458238601685,0.04202274512499571,5,,,,,,123
full_cycle0,11,supervised,0.9089429974555969,0.03413117118179798,5,,,,,,123
full_cycle0,11,actor,0.3627197742462158,0.03160654427483678,5,,,,,,123
full_cycle0,11,zero,1.2041970491409302,0.03074418008327484,5,,,,,,123
full_cycle0,11,random,0.5632707476615906,0.03339731367304921,5,,,,,,123
full_cycle0,11,shuffled,-0.048075299710035324,0.028536572586745024,5,,,,,,123
full_cycle0,11,perturb_0.25sigma,0.7627450227737427,0.03401318937540054,5,,,,,,123
full_cycle0,11,perturb_0.5sigma,0.8027964234352112,0.03412301279604435,5,,,,,,123
full_cycle0,11,perturb_1sigma,0.7038535475730896,0.034158121794462204,5,,,,,,123
full_cycle0,11,perturb_2sigma,0.8702545166015625,0.03353912755846977,5,,,,,,123
full_cycle0,12,supervised,-0.2583475708961487,0.025844487361609936,5,,,,,,123
full_cycle0,12,actor,-0.45696330070495605,0.02321256697177887,5,,,,,,123
full_cycle0,12,zero,0.8080596923828125,0.022412344347685575,5,,,,,,123
full_cycle0,12,random,0.4607371687889099,0.023952904157340527,5,,,,,,123
full_cycle0,12,shuffled,-0.7470877766609192,0.020179464714601636,5,,,,,,123
full_cycle0,12,perturb_0.25sigma,-0.3972450792789459,0.025615042075514793,5,,,,,,123
full_cycle0,12,perturb_0.5sigma,-0.13574837148189545,0.02574248146265745,5,,,,,,123
full_cycle0,12,perturb_1sigma,-0.37975093722343445,0.025941637344658375,5,,,,,,123
full_cycle0,12,perturb_2sigma,-0.3835456371307373,0.023659675382077694,5,,,,,,123
full_cycle0,13,supervised,-1.2976680994033813,0.01737695373594761,5,,,,,,123
full_cycle0,13,actor,-1.2513233423233032,0.014666959643363953,5,,,,,,123
full_cycle0,13,zero,-0.3995093107223511,0.013913485687226057,5,,,,,,123
full_cycle0,13,random,-1.263026475906372,0.016910744830965996,5,,,,,,123
full_cycle0,13,shuffled,-1.2146159410476685,0.011667809216305614,5,,,,,,123
full_cycle0,13,perturb_0.25sigma,-1.1046078205108643,0.016683817841112614,5,,,,,,123
full_cycle0,13,perturb_0.5sigma,-1.2858577966690063,0.01731916330754757,5,,,,,,123
full_cycle0,13,perturb_1sigma,-1.3291563987731934,0.012909810524433851,5,,,,,,123
full_cycle0,13,perturb_2sigma,-1.4203935861587524,0.013120957650244236,5,,,,,,123
full_cycle0,14,supervised,-1.8382989168167114,0.008753414265811443,5,,,,,,123
full_cycle0,14,actor,-1.7382861375808716,0.006003204733133316,5,,,,,,123
full_cycle0,14,zero,-0.9608953595161438,0.005269963759928942,5,,,,,,123
full_cycle0,14,random,-0.9947556853294373,0.006310818716883659,5,,,,,,123
full_cycle0,14,shuffled,-1.4556366205215454,0.003018853021785617,5,,,,,,123
full_cycle0,14,perturb_0.25sigma,-1.8891807794570923,0.008599421009421349,5,,,,,,123
full_cycle0,14,perturb_0.5sigma,-1.8286001682281494,0.007676048669964075,5,,,,,,123
full_cycle0,14,perturb_1sigma,-1.868660569190979,0.00810739491134882,5,,,,,,123
full_cycle0,14,perturb_2sigma,-1.1795486211776733,0.004635339602828026,5,,,,,,123
full_cycle0,15,supervised,1.4483460187911987,0.0473435977473855,5,,,,,,123
full_cycle0,15,actor,0.8111481070518494,0.041666422272101045,5,,,,,,123
full_cycle0,15,zero,1.6089178323745728,0.0451608058065176,5,,,,,,123
full_cycle0,15,random,1.2159541845321655,0.04297514399513602,5,,,,,,123
full_cycle0,15,shuffled,1.1056678295135498,0.0422619073651731,5,,,,,,123
full_cycle0,15,perturb_0.25sigma,1.244672179222107,0.04669386614114046,5,,,,,,123
full_cycle0,15,perturb_0.5sigma,1.077236533164978,0.04539380827918649,5,,,,,,123
full_cycle0,15,perturb_1sigma,2.2457568645477295,0.04696436785161495,5,,,,,,123
full_cycle0,15,perturb_2sigma,0.47498539090156555,0.03851853508967906,5,,,,,,123
full_cycle0,16,supervised,0.8878025412559509,0.03847213927656412,5,,,,,,123
full_cycle0,16,actor,0.3253132104873657,0.03254129155538976,5,,,,,,123
full_cycle0,16,zero,1.3826552629470825,0.03622474893927574,5,,,,,,123
full_cycle0,16,random,1.1787989139556885,0.035680882167071104,5,,,,,,123
full_cycle0,16,shuffled,0.40430817008018494,0.033242813777178526,5,,,,,,123
full_cycle0,16,perturb_0.25sigma,0.7491294741630554,0.0380006767809391,5,,,,,,123
full_cycle0,16,perturb_0.5sigma,0.742312490940094,0.03857805114239454,5,,,,,,123
full_cycle0,16,perturb_1sigma,0.4111576974391937,0.03296939143911004,5,,,,,,123
full_cycle0,16,perturb_2sigma,0.3451290726661682,0.033137616235762835,5,,,,,,123
full_cycle0,17,supervised,-0.17024752497673035,0.029277794063091278,5,,,,,,123
full_cycle0,17,actor,-0.41714048385620117,0.02316704229451716,5,,,,,,123
full_cycle0,17,zero,0.9520024061203003,0.026983178220689297,5,,,,,,123
full_cycle0,17,random,1.1805400848388672,0.02787727490067482,5,,,,,,123
full_cycle0,17,shuffled,-0.3263821005821228,0.0239282981492579,5,,,,,,123
full_cycle0,17,perturb_0.25sigma,-0.14755487442016602,0.02939501963555813,5,,,,,,123
full_cycle0,17,perturb_0.5sigma,-0.3143851161003113,0.029308133758604527,5,,,,,,123
full_cycle0,17,perturb_1sigma,-0.02459118142724037,0.025236588437110186,5,,,,,,123
full_cycle0,17,perturb_2sigma,-0.7111227512359619,0.022375687258318067,5,,,,,,123
full_cycle0,18,supervised,-1.225767731666565,0.019787670113146305,5,,,,,,123
full_cycle0,18,actor,-1.1797019243240356,0.013561989413574338,5,,,,,,123
full_cycle0,18,zero,-0.19863179326057434,0.01745669450610876,5,,,,,,123
full_cycle0,18,random,-0.5822480320930481,0.01674109324812889,5,,,,,,123
full_cycle0,18,shuffled,-0.9081748127937317,0.014342283830046654,5,,,,,,123
full_cycle0,18,perturb_0.25sigma,-1.2484652996063232,0.01995114143937826,5,,,,,,123
full_cycle0,18,perturb_0.5sigma,-1.3062344789505005,0.017769724130630493,5,,,,,,123
full_cycle0,18,perturb_1sigma,-1.180893898010254,0.019569156691432,5,,,,,,123
full_cycle0,18,perturb_2sigma,-1.0966180562973022,0.014882844407111406,5,,,,,,123
full_cycle0,19,supervised,-1.8053998947143555,0.010023782961070538,5,,,,,,123
full_cycle0,19,actor,-1.678238034248352,0.0037683690898120403,5,,,,,,123
full_cycle0,19,zero,-0.8429388999938965,0.007659641094505787,5,,,,,,123
full_cycle0,19,random,-1.1975889205932617,0.009252226911485195,5,,,,,,123
full_cycle0,19,shuffled,-1.2682087421417236,0.004499464295804501,5,,,,,,123
full_cycle0,19,perturb_0.25sigma,-1.8116384744644165,0.009707672521471977,5,,,,,,123
full_cycle0,19,perturb_0.5sigma,-1.8161011934280396,0.009711096063256264,5,,,,,,123
full_cycle0,19,perturb_1sigma,-1.8544975519180298,0.00426063546910882,5,,,,,,123
full_cycle0,19,perturb_2sigma,-1.02583909034729,0.00784428883343935,5,,,,,,123
full_cycle0,20,supervised,1.721976399421692,0.039596791844815016,5,,,,,,123
full_cycle0,20,actor,3.064049005508423,0.04037449648603797,5,,,,,,123
full_cycle0,20,zero,1.484561800956726,0.03865561168640852,5,,,,,,123
full_cycle0,20,random,1.029126763343811,0.03485652199015021,5,,,,,,123
full_cycle0,20,shuffled,1.3284697532653809,0.03757476806640625,5,,,,,,123
full_cycle0,20,perturb_0.25sigma,1.4657477140426636,0.04125211341306567,5,,,,,,123
full_cycle0,20,perturb_0.5sigma,0.805051863193512,0.03589677670970559,5,,,,,,123
full_cycle0,20,perturb_1sigma,1.0243685245513916,0.03869639430195093,5,,,,,,123
full_cycle0,20,perturb_2sigma,0.20500421524047852,0.0283906057884451,5,,,,,,123
full_cycle0,21,supervised,1.0926110744476318,0.033143230713903904,5,,,,,,123
full_cycle0,21,actor,2.473731279373169,0.03377862833440304,5,,,,,,123
full_cycle0,21,zero,0.8291934132575989,0.03238144423812628,5,,,,,,123
full_cycle0,21,random,0.3423665165901184,0.03277697088196874,5,,,,,,123
full_cycle0,21,shuffled,0.742703914642334,0.0315263238735497,5,,,,,,123
full_cycle0,21,perturb_0.25sigma,1.13093900680542,0.03319794964045286,5,,,,,,123
full_cycle0,21,perturb_0.5sigma,1.1156163215637207,0.03363206051290035,5,,,,,,123
full_cycle0,21,perturb_1sigma,1.1996103525161743,0.03260025894269347,5,,,,,,123
full_cycle0,21,perturb_2sigma,-0.27278846502304077,0.019326646579429507,5,,,,,,123
full_cycle0,22,supervised,0.3621811270713806,0.026071326341480017,5,,,,,,123
full_cycle0,22,actor,0.36563605070114136,0.02655370533466339,5,,,,,,123
full_cycle0,22,zero,-0.25622454285621643,0.02550409035757184,5,,,,,,123
full_cycle0,22,random,-0.5835453271865845,0.022054299246519804,5,,,,,,123
full_cycle0,22,shuffled,-0.33520418405532837,0.02495540166273713,5,,,,,,123
full_cycle0,22,perturb_0.25sigma,0.04631375893950462,0.025371462106704712,5,,,,,,123
full_cycle0,22,perturb_0.5sigma,0.681854784488678,0.027108636684715748,5,,,,,,123
full_cycle0,22,perturb_1sigma,-0.5899222493171692,0.024808278772979975,5,,,,,,123
full_cycle0,22,perturb_2sigma,-0.6739916205406189,0.023730061016976833,5,,,,,,123
full_cycle0,23,supervised,-0.549519956111908,0.018283726647496223,5,,,,,,123
full_cycle0,23,actor,-1.0062202215194702,0.018617866560816765,5,,,,,,123
full_cycle0,23,zero,-1.438485860824585,0.01792913768440485,5,,,,,,123
full_cycle0,23,random,-1.2630047798156738,0.018400640226900578,5,,,,,,123
full_cycle0,23,shuffled,-1.4231905937194824,0.017734777182340622,5,,,,,,123
full_cycle0,23,perturb_0.25sigma,-0.4218170940876007,0.019185938872396946,5,,,,,,123
full_cycle0,23,perturb_0.5sigma,-0.34532874822616577,0.01876780390739441,5,,,,,,123
full_cycle0,23,perturb_1sigma,-1.2380484342575073,0.01781600806862116,5,,,,,,123
full_cycle0,23,perturb_2sigma,-1.4748107194900513,0.003000464290380478,5,,,,,,123
full_cycle0,24,supervised,-0.9456860423088074,0.009654099121689796,5,,,,,,123
full_cycle0,24,actor,-1.739287257194519,0.009868481196463108,5,,,,,,123
full_cycle0,24,zero,-2.0090558528900146,0.009535902179777622,5,,,,,,123
full_cycle0,24,random,-1.1882404088974,0.00874425657093525,5,,,,,,123
full_cycle0,24,shuffled,-1.973864197731018,0.009700127877295017,5,,,,,,123
full_cycle0,24,perturb_0.25sigma,-0.7373858690261841,0.009841453284025192,5,,,,,,123
full_cycle0,24,perturb_0.5sigma,-1.8846296072006226,0.0035810789559036493,5,,,,,,123
full_cycle0,24,perturb_1sigma,-1.2687865495681763,0.00605454808101058,5,,,,,,123
full_cycle0,24,perturb_2sigma,-1.887513518333435,-0.00413837656378746,5,,,,,,123
full_cycle0,25,supervised,1.721976399421692,0.039596791844815016,5,,,,,,123
full_cycle0,25,actor,3.064049005508423,0.04037449648603797,5,,,,,,123
full_cycle0,25,zero,1.484561800956726,0.03865561168640852,5,,,,,,123
full_cycle0,25,random,1.0211093425750732,0.03795015439391136,5,,,,,,123
full_cycle0,25,shuffled,1.3284697532653809,0.03757476806640625,5,,,,,,123
full_cycle0,25,perturb_0.25sigma,1.7995069026947021,0.040362287778407335,5,,,,,,123
full_cycle0,25,perturb_0.5sigma,1.368950366973877,0.03844126034528017,5,,,,,,123
full_cycle0,25,perturb_1sigma,0.47548601031303406,0.03437664266675711,5,,,,,,123
full_cycle0,25,perturb_2sigma,0.679133415222168,0.03381593665108085,5,,,,,,123
full_cycle0,26,supervised,0.9886305928230286,0.03356115939095616,5,,,,,,123
full_cycle0,26,actor,2.301671266555786,0.03416793327778578,5,,,,,,123
full_cycle0,26,zero,0.690917432308197,0.03276584995910525,5,,,,,,123
full_cycle0,26,random,-0.0074095092713832855,0.03315260959789157,5,,,,,,123
full_cycle0,26,shuffled,0.6329504251480103,0.03184322360903025,5,,,,,,123
full_cycle0,26,perturb_0.25sigma,0.22370624542236328,0.03137566288933158,5,,,,,,123
full_cycle0,26,perturb_0.5sigma,0.4067750573158264,0.032519775442779064,5,,,,,,123
full_cycle0,26,perturb_1sigma,0.4324975609779358,0.0352911651134491,5,,,,,,123
full_cycle0,26,perturb_2sigma,0.0009112991392612457,0.028980782721191645,5,,,,,,123
full_cycle0,27,supervised,0.19272097945213318,0.026333562098443508,5,,,,,,123
full_cycle0,27,actor,0.14030881226062775,0.026780988089740276,5,,,,,,123
full_cycle0,27,zero,-0.44225895404815674,0.02576113399118185,5,,,,,,123
full_cycle0,27,random,0.11853788793087006,0.026398316491395235,5,,,,,,123
full_cycle0,27,shuffled,-0.4937080144882202,0.02518217358738184,5,,,,,,123
full_cycle0,27,perturb_0.25sigma,-0.09670224785804749,0.025689441710710526,5,,,,,,123
full_cycle0,27,perturb_0.5sigma,-0.321880578994751,0.024460515938699245,5,,,,,,123
full_cycle0,27,perturb_1sigma,-0.8911123871803284,0.025139993987977505,5,,,,,,123
full_cycle0,27,perturb_2sigma,-1.1722873449325562,0.011748445220291615,5,,,,,,123
full_cycle0,28,supervised,-0.6931740045547485,0.01841073576360941,5,,,,,,123
full_cycle0,28,actor,-1.2321044206619263,0.0187290757894516,5,,,,,,123
full_cycle0,28,zero,-1.6363226175308228,0.017989414744079113,5,,,,,,123
full_cycle0,28,random,-1.5095207691192627,0.01928727701306343,5,,,,,,123
full_cycle0,28,shuffled,-1.5997461080551147,0.017666521482169628,5,,,,,,123
full_cycle0,28,perturb_0.25sigma,-1.4534286260604858,0.0167159428820014,5,,,,,,123
full_cycle0,28,perturb_0.5sigma,-1.297751545906067,0.018302667886018753,5,,,,,,123
full_cycle0,28,perturb_1sigma,-1.284234881401062,0.015606726985424757,5,,,,,,123
full_cycle0,28,perturb_2sigma,-1.6325644254684448,0.005708628334105015,5,,,,,,123
full_cycle0,29,supervised,-0.9986009001731873,0.009574050083756447,5,,,,,,123
full_cycle0,29,actor,-1.8168140649795532,0.009782783687114716,5,,,,,,123
full_cycle0,29,zero,-2.083411931991577,0.009318496100604534,5,,,,,,123
full_cycle0,29,random,-1.053743600845337,0.009699339978396893,5,,,,,,123
full_cycle0,29,shuffled,-2.0478708744049072,0.009278330020606518,5,,,,,,123
full_cycle0,29,perturb_0.25sigma,-0.9730581641197205,0.009929399937391281,5,,,,,,123
full_cycle0,29,perturb_0.5sigma,-1.8729850053787231,0.007348461076617241,5,,,,,,123
full_cycle0,29,perturb_1sigma,-0.5739970207214355,0.009854682721197605,5,,,,,,123
full_cycle0,29,perturb_2sigma,-1.426418423652649,0.004776075016707182,5,,,,,,123
full_cycle0,30,supervised,1.4598087072372437,0.04670529253780842,5,,,,,,123
full_cycle0,30,actor,0.8131551146507263,0.04137000674381852,5,,,,,,123
full_cycle0,30,zero,1.5917867422103882,0.0443857335485518,5,,,,,,123
full_cycle0,30,random,1.6141916513442993,0.046639133244752884,5,,,,,,123
full_cycle0,30,shuffled,1.0914982557296753,0.041571279522031546,5,,,,,,123
full_cycle0,30,perturb_0.25sigma,1.360533595085144,0.046418352983891964,5,,,,,,123
full_cycle0,30,perturb_0.5sigma,2.218102216720581,0.045837595127522945,5,,,,,,123
full_cycle0,30,perturb_1sigma,1.1723705530166626,0.045833492651581764,5,,,,,,123
full_cycle0,30,perturb_2sigma,0.4033627212047577,0.03808448539348319,5,,,,,,123
full_cycle0,31,supervised,0.8943504095077515,0.037929099053144455,5,,,,,,123
full_cycle0,31,actor,0.3262522518634796,0.03234463697299361,5,,,,,,123
full_cycle0,31,zero,1.3628166913986206,0.03554280288517475,5,,,,,,123
full_cycle0,31,random,1.7214341163635254,0.03609255375340581,5,,,,,,123
full_cycle0,31,shuffled,0.34333816170692444,0.03265461651608348,5,,,,,,123
full_cycle0,31,perturb_0.25sigma,1.2334928512573242,0.0377150708809495,5,,,,,,123
full_cycle0,31,perturb_0.5sigma,0.652797281742096,0.03761397860944271,5,,,,,,123
full_cycle0,31,perturb_1sigma,1.0375992059707642,0.03795389737933874,5,,,,,,123
full_cycle0,31,perturb_2sigma,0.5872514247894287,0.03413238562643528,5,,,,,,123
full_cycle0,32,supervised,-0.17047058045864105,0.028844979591667652,5,,,,,,123
full_cycle0,32,actor,-0.41988542675971985,0.023087605834007263,5,,,,,,123
full_cycle0,32,zero,0.9323595762252808,0.026410143822431564,5,,,,,,123
full_cycle0,32,random,-0.08819502592086792,0.02905442751944065,5,,,,,,123
full_cycle0,32,shuffled,-0.3818347454071045,0.023457134142518044,5,,,,,,123
full_cycle0,32,perturb_0.25sigma,0.33234280347824097,0.028423341922461987,5,,,,,,123
full_cycle0,32,perturb_0.5sigma,-0.44839632511138916,0.026883001904934645,5,,,,,,123
full_cycle0,32,perturb_1sigma,-0.15350300073623657,0.02872323989868164,5,,,,,,123
full_cycle0,32,perturb_2sigma,-0.35854679346084595,0.02603102196007967,5,,,,,,123
full_cycle0,33,supervised,-1.2235249280929565,0.019480867311358452,5,,,,,,123
full_cycle0,33,actor,-1.1814830303192139,0.01361769950017333,5,,,,,,123
full_cycle0,33,zero,-0.22091466188430786,0.01700977934524417,5,,,,,,123
full_cycle0,33,random,-1.3046358823776245,0.018953020684421062,5,,,,,,123
full_cycle0,33,shuffled,-0.9413213133811951,0.014006540179252625,5,,,,,,123
full_cycle0,33,perturb_0.25sigma,-1.1853266954421997,0.01952431071549654,5,,,,,,123
full_cycle0,33,perturb_0.5sigma,-1.232871174812317,0.018397483974695206,5,,,,,,123
full_cycle0,33,perturb_1sigma,-1.4350495338439941,0.013781312387436628,5,,,,,,123
full_cycle0,33,perturb_2sigma,-0.3227275013923645,0.019179893657565117,5,,,,,,123
full_cycle0,34,supervised,-1.8040751218795776,0.00986066460609436,5,,,,,,123
full_cycle0,34,actor,-1.6796109676361084,0.003965016920119524,5,,,,,,123
full_cycle0,34,zero,-0.8526729941368103,0.007357693277299404,5,,,,,,123
full_cycle0,34,random,-1.047611951828003,0.008756508119404316,5,,,,,,123
full_cycle0,34,shuffled,-1.2805372476577759,0.004318350460380316,5,,,,,,123
full_cycle0,34,perturb_0.25sigma,-1.445997714996338,0.009924288839101791,5,,,,,,123
full_cycle0,34,perturb_0.5sigma,-1.8467344045639038,0.010012099519371986,5,,,,,,123
full_cycle0,34,perturb_1sigma,-1.4245179891586304,0.0042089056223630905,5,,,,,,123
full_cycle0,34,perturb_2sigma,-1.840141773223877,0.0017974666552618146,5,,,,,,123
full_cycle0,35,supervised,1.795472502708435,0.033027667086571455,5,,,,,,123
full_cycle0,35,actor,1.0367778539657593,0.03321737702935934,5,,,,,,123
full_cycle0,35,zero,1.3317195177078247,0.029713258147239685,5,,,,,,123
full_cycle0,35,random,1.465356469154358,0.030541892629116774,5,,,,,,123
full_cycle0,35,shuffled,0.7957280278205872,0.028205645503476262,5,,,,,,123
full_cycle0,35,perturb_0.25sigma,1.7000192403793335,0.032856274861842394,5,,,,,,123
full_cycle0,35,perturb_0.5sigma,1.6886825561523438,0.03324769949540496,5,,,,,,123
full_cycle0,35,perturb_1sigma,1.7462351322174072,0.03291147435083985,5,,,,,,123
full_cycle0,35,perturb_2sigma,1.8824695348739624,0.03265440417453647,5,,,,,,123
full_cycle0,36,supervised,1.3026707172393799,0.026576632168143988,5,,,,,,123
full_cycle0,36,actor,0.5956093072891235,0.0267059369944036,5,,,,,,123
full_cycle0,36,zero,1.112465739250183,0.023221923504024744,5,,,,,,123
full_cycle0,36,random,1.302170753479004,0.025491975713521242,5,,,,,,123
full_cycle0,36,shuffled,0.16263426840305328,0.02169728127773851,5,,,,,,123
full_cycle0,36,perturb_0.25sigma,1.1570097208023071,0.02671234030276537,5,,,,,,123
full_cycle0,36,perturb_0.5sigma,1.4294307231903076,0.025548165664076805,5,,,,,,123
full_cycle0,36,perturb_1sigma,1.4275773763656616,0.02600944461300969,5,,,,,,123
full_cycle0,36,perturb_2sigma,0.7117945551872253,0.026904618833214045,5,,,,,,123
full_cycle0,37,supervised,0.0008175410330295563,0.020026826299726963,5,,,,,,123
full_cycle0,37,actor,-0.32135528326034546,0.020115154329687357,5,,,,,,123
full_cycle0,37,zero,0.5355347394943237,0.01665218872949481,5,,,,,,123
full_cycle0,37,random,0.904345691204071,0.01706331572495401,5,,,,,,123
full_cycle0,37,shuffled,-0.687911331653595,0.015112658031284809,5,,,,,,123
full_cycle0,37,perturb_0.25sigma,-0.08155643939971924,0.0201347004622221,5,,,,,,123
full_cycle0,37,perturb_0.5sigma,0.2922687530517578,0.019606466870754957,5,,,,,,123
full_cycle0,37,perturb_1sigma,-0.33669987320899963,0.02030873904004693,5,,,,,,123
full_cycle0,37,perturb_2sigma,-0.10882681608200073,0.020166548900306225,5,,,,,,123
full_cycle0,38,supervised,-1.133278727531433,0.013399098068475723,5,,,,,,123
full_cycle0,38,actor,-1.1551330089569092,0.013461254071444273,5,,,,,,123
full_cycle0,38,zero,-0.4835209846496582,0.010018738685175776,5,,,,,,123
full_cycle0,38,random,-1.1326411962509155,0.009058161173015833,5,,,,,,123
full_cycle0,38,shuffled,-1.3378134965896606,0.008471334702335298,5,,,,,,123
full_cycle0,38,perturb_0.25sigma,-1.07118558883667,0.013291217386722565,5,,,,,,123
full_cycle0,38,perturb_0.5sigma,-1.1679869890213013,0.013300099410116673,5,,,,,,123
full_cycle0,38,perturb_1sigma,-1.1942092180252075,0.013575636316090822,5,,,,,,123
full_cycle0,38,perturb_2sigma,-1.278666615486145,0.013436030130833387,5,,,,,,123
full_cycle0,39,supervised,-1.6745824813842773,0.006711923982948065,5,,,,,,123
full_cycle0,39,actor,-1.6781115531921387,0.00675679137930274,5,,,,,,123
full_cycle0,39,zero,-1.1174883842468262,0.0033369692973792553,5,,,,,,123
full_cycle0,39,random,-1.7796313762664795,0.0059198047965765,5,,,,,,123
full_cycle0,39,shuffled,-1.543729305267334,0.0017844258109107614,5,,,,,,123
full_cycle0,39,perturb_0.25sigma,-1.652519941329956,0.006702214013785124,5,,,,,,123
full_cycle0,39,perturb_0.5sigma,-1.7852249145507812,0.006943029817193747,5,,,,,,123
full_cycle0,39,perturb_1sigma,-1.2453328371047974,0.005685017444193363,5,,,,,,123
full_cycle0,39,perturb_2sigma,-1.5343852043151855,0.0067189098335802555,5,,,,,,123
full_cycle0,40,supervised,1.5303112268447876,0.043317412957549095,5,,,,,,123
full_cycle0,40,actor,0.8447883725166321,0.040213404688984156,5,,,,,,123
full_cycle0,40,zero,1.4745343923568726,0.04021804314106703,5,,,,,,123
full_cycle0,40,random,1.6049059629440308,0.04083755612373352,5,,,,,,123
full_cycle0,40,shuffled,0.8427554965019226,0.037892565596848726,5,,,,,,123
full_cycle0,40,perturb_0.25sigma,1.7087322473526,0.04326682072132826,5,,,,,,123
full_cycle0,40,perturb_0.5sigma,2.0431599617004395,0.04283254127949476,5,,,,,,123
full_cycle0,40,perturb_1sigma,0.9436145424842834,0.04104997310787439,5,,,,,,123
full_cycle0,40,perturb_2sigma,1.107120394706726,0.04266131855547428,5,,,,,,123
full_cycle0,41,supervised,0.8960066437721252,0.03505691699683666,5,,,,,,123
full_cycle0,41,actor,0.34196245670318604,0.0317862406373024,5,,,,,,123
full_cycle0,41,zero,1.2474517822265625,0.031889263074845076,5,,,,,,123
full_cycle0,41,random,0.9675641059875488,0.0308245113119483,5,,,,,,123
full_cycle0,41,shuffled,0.018727827817201614,0.029525502352043986,5,,,,,,123
full_cycle0,41,perturb_0.25sigma,0.9233879446983337,0.03509863466024399,5,,,,,,123
full_cycle0,41,perturb_0.5sigma,0.600211501121521,0.034596966579556465,5,,,,,,123
full_cycle0,41,perturb_1sigma,0.4367358684539795,0.033787807915359735,5,,,,,,123
full_cycle0,41,perturb_2sigma,0.5855205655097961,0.03370688762515783,5,,,,,,123
full_cycle0,42,supervised,-0.24959492683410645,0.026567718014121056,5,,,,,,123
full_cycle0,42,actor,-0.456734836101532,0.02317250519990921,5,,,,,,123
full_cycle0,42,zero,0.8388243913650513,0.023349749390035868,5,,,,,,123
full_cycle0,42,random,-0.12420694530010223,0.0220682336948812,5,,,,,,123
full_cycle0,42,shuffled,-0.689132809638977,0.020954351173713803,5,,,,,,123
full_cycle0,42,perturb_0.25sigma,-0.31040340662002563,0.026453561149537563,5,,,,,,123
full_cycle0,42,perturb_0.5sigma,-0.3451657295227051,0.026676541194319725,5,,,,,,123
full_cycle0,42,perturb_1sigma,-0.45108282566070557,0.023051569238305092,5,,,,,,123
full_cycle0,42,perturb_2sigma,-0.349315345287323,0.020899802446365356,5,,,,,,123
full_cycle0,43,supervised,-1.2965642213821411,0.017877740785479546,5,,,,,,123
full_cycle0,43,actor,-1.2423876523971558,0.014399164821952581,5,,,,,,123
full_cycle0,43,zero,-0.363170862197876,0.014624111354351044,5,,,,,,123
full_cycle0,43,random,-0.776587188243866,0.013997697737067938,5,,,,,,123
full_cycle0,43,shuffled,-1.1541064977645874,0.012210852233693004,5,,,,,,123
full_cycle0,43,perturb_0.25sigma,-1.238371729850769,0.01789380982518196,5,,,,,,123
full_cycle0,43,perturb_0.5sigma,-1.349922776222229,0.016525405924767256,5,,,,,,123
full_cycle0,43,perturb_1sigma,-1.4558559656143188,0.01731801498681307,5,,,,,,123
full_cycle0,43,perturb_2sigma,-1.2877017259597778,0.014047588221728802,5,,,,,,123
full_cycle0,44,supervised,-1.8417465686798096,0.009013478644192219,5,,,,,,123
full_cycle0,44,actor,-1.7307778596878052,0.005494134966284037,5,,,,,,123
full_cycle0,44,zero,-0.9289575219154358,0.005734583362936974,5,,,,,,123
full_cycle0,44,random,-0.842620313167572,0.006219479721039534,5,,,,,,123
full_cycle0,44,shuffled,-1.416455864906311,0.0033129642251878977,5,,,,,,123
full_cycle0,44,perturb_0.25sigma,-1.8293616771697998,0.008914588019251823,5,,,,,,123
full_cycle0,44,perturb_0.5sigma,-1.800942063331604,0.009074082598090172,5,,,,,,123
full_cycle0,44,perturb_1sigma,-1.8077999353408813,0.008944721892476082,5,,,,,,123
full_cycle0,44,perturb_2sigma,-1.9634777307510376,0.006663733161985874,5,,,,,,123
full_cycle0,45,supervised,1.340509057044983,0.049149492755532265,5,,,,,,123
full_cycle0,45,actor,1.4678555727005005,0.04787329863756895,5,,,,,,123
full_cycle0,45,zero,2.0557496547698975,0.0502155777066946,5,,,,,,123
full_cycle0,45,random,1.787231683731079,0.05068195704370737,5,,,,,,123
full_cycle0,45,shuffled,2.0218350887298584,0.05071482062339783,5,,,,,,123
full_cycle0,45,perturb_0.25sigma,1.5855275392532349,0.04983208794146776,5,,,,,,123
full_cycle0,45,perturb_0.5sigma,1.6126941442489624,0.04944918677210808,5,,,,,,123
full_cycle0,45,perturb_1sigma,0.5494860410690308,0.03932880028150976,5,,,,,,123
full_cycle0,45,perturb_2sigma,0.1882573515176773,0.047022320330142975,5,,,,,,123
full_cycle0,46,supervised,0.703967809677124,0.04087018687278032,5,,,,,,123
full_cycle0,46,actor,0.8574780225753784,0.03948027081787586,5,,,,,,123
full_cycle0,46,zero,1.3989423513412476,0.04201042931526899,5,,,,,,123
full_cycle0,46,random,0.2526484429836273,0.035565406549721956,5,,,,,,123
full_cycle0,46,shuffled,1.7506306171417236,0.04246339853852987,5,,,,,,123
full_cycle0,46,perturb_0.25sigma,0.4933299720287323,0.03752723801881075,5,,,,,,123
full_cycle0,46,perturb_0.5sigma,0.2753518521785736,0.03985635889694095,5,,,,,,123
full_cycle0,46,perturb_1sigma,0.8183866143226624,0.039424559101462364,5,,,,,,123
full_cycle0,46,perturb_2sigma,-0.250802606344223,0.025432048365473747,5,,,,,,123
full_cycle0,47,supervised,-0.17790082097053528,0.031903800554573536,5,,,,,,123
full_cycle0,47,actor,0.033178795129060745,0.030353546142578125,5,,,,,,123
full_cycle0,47,zero,0.044712912291288376,0.033102111890912056,5,,,,,,123
full_cycle0,47,random,-0.1643953025341034,0.029977380763739347,5,,,,,,123
full_cycle0,47,shuffled,0.5479796528816223,0.033503481186926365,5,,,,,,123
full_cycle0,47,perturb_0.25sigma,0.361899733543396,0.032864974811673164,5,,,,,,123
full_cycle0,47,perturb_0.5sigma,-0.025738593190908432,0.0322842113673687,5,,,,,,123
full_cycle0,47,perturb_1sigma,-0.7627175450325012,0.028354452922940254,5,,,,,,123
full_cycle0,47,perturb_2sigma,-0.4873499274253845,0.028844242449849844,5,,,,,,123
full_cycle0,48,supervised,-1.0952699184417725,0.022176627069711685,5,,,,,,123
full_cycle0,48,actor,-0.9256779551506042,0.02045372035354376,5,,,,,,123
full_cycle0,48,zero,-1.3897769451141357,0.023418480530381203,5,,,,,,123
full_cycle0,48,random,-1.5931501388549805,0.010606993295368738,5,,,,,,123
full_cycle0,48,shuffled,-0.8965177536010742,0.023706411942839622,5,,,,,,123
full_cycle0,48,perturb_0.25sigma,-0.3974435031414032,0.023269711062312126,5,,,,,,123
full_cycle0,48,perturb_0.5sigma,-1.5457106828689575,0.010754184302641079,5,,,,,,123
full_cycle0,48,perturb_1sigma,-1.3925304412841797,0.011015521362423897,5,,,,,,123
full_cycle0,48,perturb_2sigma,-1.536267638206482,0.0059999278746545315,5,,,,,,123
full_cycle0,49,supervised,-1.4000710248947144,0.011586346663534641,5,,,,,,123
full_cycle0,49,actor,-1.7056676149368286,0.009727150201797485,5,,,,,,123
full_cycle0,49,zero,-1.944392442703247,0.012853235006332397,5,,,,,,123
full_cycle0,49,random,-1.8364999294281006,0.007593488786369562,5,,,,,,123
full_cycle0,49,shuffled,-1.386118769645691,0.012940561398863792,5,,,,,,123
full_cycle0,49,perturb_0.25sigma,-1.2591030597686768,0.012261208146810532,5,,,,,,123
full_cycle0,49,perturb_0.5sigma,-1.7444391250610352,0.008222457952797413,5,,,,,,123
full_cycle0,49,perturb_1sigma,-1.8050578832626343,0.001630282960832119,5,,,,,,123
full_cycle0,49,perturb_2sigma,-1.906995415687561,5.243248961050995e-05,5,,,,,,123
full_cycle0,50,supervised,1.340509057044983,0.049149492755532265,5,,,,,,123
full_cycle0,50,actor,1.4678555727005005,0.04787329863756895,5,,,,,,123
full_cycle0,50,zero,2.0557496547698975,0.0502155777066946,5,,,,,,123
full_cycle0,50,random,0.21151170134544373,0.03484003618359566,5,,,,,,123
full_cycle0,50,shuffled,2.0218350887298584,0.05071482062339783,5,,,,,,123
full_cycle0,50,perturb_0.25sigma,0.911001443862915,0.045061197597533464,5,,,,,,123
full_cycle0,50,perturb_0.5sigma,1.7194050550460815,0.05047749821096659,5,,,,,,123
full_cycle0,50,perturb_1sigma,0.803381621837616,0.049398861825466156,5,,,,,,123
full_cycle0,50,perturb_2sigma,1.0488404035568237,0.04849829012528062,5,,,,,,123
full_cycle0,51,supervised,0.592363715171814,0.04071573819965124,5,,,,,,123
full_cycle0,51,actor,0.783815324306488,0.039411392994225025,5,,,,,,123
full_cycle0,51,zero,1.2118273973464966,0.04173427354544401,5,,,,,,123
full_cycle0,51,random,0.8105208277702332,0.0393553776666522,5,,,,,,123
full_cycle0,51,shuffled,1.6787534952163696,0.04213826358318329,5,,,,,,123
full_cycle0,51,perturb_0.25sigma,0.3457318842411041,0.03970928583294153,5,,,,,,123
full_cycle0,51,perturb_0.5sigma,0.2830279767513275,0.038365514017641544,5,,,,,,123
full_cycle0,51,perturb_1sigma,0.611149251461029,0.04163782484829426,5,,,,,,123
full_cycle0,51,perturb_2sigma,0.25153568387031555,0.034705713391304016,5,,,,,,123
full_cycle0,52,supervised,-0.35422295331954956,0.031248207204043865,5,,,,,,123
full_cycle0,52,actor,-0.08698977530002594,0.02982824482023716,5,,,,,,123
full_cycle0,52,zero,-0.17769265174865723,0.03227939549833536,5,,,,,,123
full_cycle0,52,random,0.5978750586509705,0.03213470242917538,5,,,,,,123
full_cycle0,52,shuffled,0.19244876503944397,0.032601927407085896,5,,,,,,123
full_cycle0,52,perturb_0.25sigma,-0.4674835801124573,0.030222386121749878,5,,,,,,123
full_cycle0,52,perturb_0.5sigma,-0.6436218023300171,0.029861418530344963,5,,,,,,123
full_cycle0,52,perturb_1sigma,-0.2373979091644287,0.031711976043879986,5,,,,,,123
full_cycle0,52,perturb_2sigma,-0.49774712324142456,0.027244162280112505,5,,,,,,123
full_cycle0,53,supervised,-1.2266687154769897,0.021284615620970726,5,,,,,,123
full_cycle0,53,actor,-1.1172689199447632,0.019829655066132545,5,,,,,,123
full_cycle0,53,zero,-1.5978935956954956,0.022257410921156406,5,,,,,,123
full_cycle0,53,random,-1.0866519212722778,0.019821627996861935,5,,,,,,123
full_cycle0,53,shuffled,-1.2898060083389282,0.022473670542240143,5,,,,,,123
full_cycle0,53,perturb_0.25sigma,-1.5776399374008179,0.019030201248824596,5,,,,,,123
full_cycle0,53,perturb_0.5sigma,-1.031806468963623,0.02123543992638588,5,,,,,,123
full_cycle0,53,perturb_1sigma,-0.5230802893638611,0.0220573041588068,5,,,,,,123
full_cycle0,53,perturb_2sigma,-1.4075571298599243,0.01589601533487439,5,,,,,,123
full_cycle0,54,supervised,-1.4355143308639526,0.010850779712200165,5,,,,,,123
full_cycle0,54,actor,-1.807961344718933,0.009308675304055214,5,,,,,,123
full_cycle0,54,zero,-2.0397117137908936,0.011757676489651203,5,,,,,,123
full_cycle0,54,random,-1.1523059606552124,0.009107795543968678,5,,,,,,123
full_cycle0,54,shuffled,-1.6725234985351562,0.01183390710502863,5,,,,,,123
full_cycle0,54,perturb_0.25sigma,-1.869872808456421,0.009525023400783539,5,,,,,,123
full_cycle0,54,perturb_0.5sigma,-1.9466556310653687,0.0011974448570981622,5,,,,,,123
full_cycle0,54,perturb_1sigma,-1.8927117586135864,6.423191371141002e-05,5,,,,,,123
full_cycle0,54,perturb_2sigma,-1.8836294412612915,-0.0035083952825516462,5,,,,,,123
full_cycle0,55,supervised,1.014320969581604,0.032342060934752226,5,,,,,,123
full_cycle0,55,actor,0.36968839168548584,0.004568669945001602,5,,,,,,123
full_cycle0,55,zero,-0.2129550576210022,-0.030008958652615547,5,,,,,,123
full_cycle0,55,random,-0.2647162079811096,-0.030774923972785473,5,,,,,,123
full_cycle0,55,shuffled,-0.6090661883354187,-0.05067544337362051,5,,,,,,123
full_cycle0,55,perturb_0.25sigma,0.7189440727233887,0.03019484761171043,5,,,,,,123
full_cycle0,55,perturb_0.5sigma,0.7913233041763306,0.02913097385317087,5,,,,,,123
full_cycle0,55,perturb_1sigma,0.5385280847549438,0.02186741807963699,5,,,,,,123
full_cycle0,55,perturb_2sigma,0.5346419215202332,0.021384753523307154,5,,,,,,123
full_cycle0,56,supervised,0.9018959999084473,0.03120490233413875,5,,,,,,123
full_cycle0,56,actor,0.29436612129211426,-0.006206276826560497,5,,,,,,123
full_cycle0,56,zero,-0.43325164914131165,-0.07200188003480434,5,,,,,,123
full_cycle0,56,random,-0.18074224889278412,-0.041060907766222954,5,,,,,,123
full_cycle0,56,shuffled,-0.7949433922767639,-0.10052554868161678,5,,,,,,123
full_cycle0,56,perturb_0.25sigma,0.28204041719436646,0.016073552425950766,5,,,,,,123
full_cycle0,56,perturb_0.5sigma,-0.07592782378196716,-0.05575503222644329,5,,,,,,123
full_cycle0,56,perturb_1sigma,0.29179590940475464,0.019116955110803246,5,,,,,,123
full_cycle0,56,perturb_2sigma,-0.044493239372968674,-0.04104066826403141,5,,,,,,123
full_cycle0,57,supervised,0.8692311644554138,0.029639518819749355,5,,,,,,123
full_cycle0,57,actor,0.2646215558052063,-0.028412185609340668,5,,,,,,123
full_cycle0,57,zero,-0.6920087933540344,-0.14853418245911598,5,,,,,,123
full_cycle0,57,random,-0.4745752215385437,-0.1012233067303896,5,,,,,,123
full_cycle0,57,shuffled,-1.020986795425415,-0.18944702297449112,5,,,,,,123
full_cycle0,57,perturb_0.25sigma,0.47790420055389404,0.02396436469280161,5,,,,,,123
full_cycle0,57,perturb_0.5sigma,-0.06926600635051727,-0.00824270211160183,5,,,,,,123
full_cycle0,57,perturb_1sigma,-0.6371697783470154,-0.13939351588487625,5,,,,,,123
full_cycle0,57,perturb_2sigma,-0.2511428892612457,-0.10228423774242401,5,,,,,,123
full_cycle0,58,supervised,0.8032057881355286,0.027500126510858536,5,,,,,,123
full_cycle0,58,actor,0.2851255536079407,-0.08327129110693932,5,,,,,,123
full_cycle0,58,zero,-0.9559186100959778,-0.30925486981868744,5,,,,,,123
full_cycle0,58,random,-1.302915096282959,-0.37668436765670776,5,,,,,,123
full_cycle0,58,shuffled,-1.2671276330947876,-0.36987725645303726,5,,,,,,123
full_cycle0,58,perturb_0.25sigma,0.30388081073760986,0.012431763112545013,5,,,,,,123
full_cycle0,58,perturb_0.5sigma,0.016779910773038864,0.016011476516723633,5,,,,,,123
full_cycle0,58,perturb_1sigma,0.2164081484079361,0.023454485926777124,5,,,,,,123
full_cycle0,58,perturb_2sigma,-0.4674604535102844,-0.2201889455318451,5,,,,,,123
full_cycle0,59,supervised,0.6021758913993835,0.023319397121667862,5,,,,,,123
full_cycle0,59,actor,0.44039595127105713,-0.27230575680732727,5,,,,,,123
full_cycle0,59,zero,-1.1852129697799683,-0.7125435471534729,5,,,,,,123
full_cycle0,59,random,-0.48159635066986084,-0.44546398520469666,5,,,,,,123
full_cycle0,59,shuffled,-1.4459320306777954,-0.8000631928443909,5,,,,,,123
full_cycle0,59,perturb_0.25sigma,0.3113395571708679,0.02455056831240654,5,,,,,,123
full_cycle0,59,perturb_0.5sigma,0.31231337785720825,-0.10217221081256866,5,,,,,,123
full_cycle0,59,perturb_1sigma,-1.289983868598938,-0.7664201855659485,5,,,,,,123
full_cycle0,59,perturb_2sigma,-1.4230117797851562,-0.809204638004303,5,,,,,,123
full_cycle0,60,supervised,1.5373984575271606,0.04309167619794607,5,,,,,,123
full_cycle0,60,actor,0.8488328456878662,0.040140931494534016,5,,,,,,123
full_cycle0,60,zero,1.4653100967407227,0.03994381008669734,5,,,,,,123
full_cycle0,60,random,1.162171721458435,0.03836500644683838,5,,,,,,123
full_cycle0,60,shuffled,0.8267536759376526,0.0376504585146904,5,,,,,,123
full_cycle0,60,perturb_0.25sigma,1.67318594455719,0.043001008220016956,5,,,,,,123
full_cycle0,60,perturb_0.5sigma,1.9067744016647339,0.04280001297593117,5,,,,,,123
full_cycle0,60,perturb_1sigma,1.0748072862625122,0.04198409104719758,5,,,,,,123
full_cycle0,60,perturb_2sigma,2.1098110675811768,0.04261293914169073,5,,,,,,123
full_cycle0,61,supervised,0.8986327052116394,0.0348677197471261,5,,,,,,123
full_cycle0,61,actor,0.3459547758102417,0.03175384970381856,5,,,,,,123
full_cycle0,61,zero,1.2385603189468384,0.0316521511413157,5,,,,,,123
full_cycle0,61,random,0.7246934771537781,0.03019725624471903,5,,,,,,123
full_cycle0,61,shuffled,0.0010240264236927032,0.029321455163881183,5,,,,,,123
full_cycle0,61,perturb_0.25sigma,0.9662421345710754,0.034882256761193275,5,,,,,,123
full_cycle0,61,perturb_0.5sigma,0.9669426679611206,0.03482186235487461,5,,,,,,123
full_cycle0,61,perturb_1sigma,0.49240249395370483,0.03384240949526429,5,,,,,,123
full_cycle0,61,perturb_2sigma,1.8402026891708374,0.033887913916260004,5,,,,,,123
full_cycle0,62,supervised,-0.25188326835632324,0.026419068686664104,5,,,,,,123
full_cycle0,62,actor,-0.45699357986450195,0.023183966986835003,5,,,,,,123
full_cycle0,62,zero,0.8323594331741333,0.02315447712317109,5,,,,,,123
full_cycle0,62,random,0.19620037078857422,0.02529201889410615,5,,,,,,123
full_cycle0,62,shuffled,-0.7029744386672974,0.020793319446966052,5,,,,,,123
full_cycle0,62,perturb_0.25sigma,-0.25871723890304565,0.02643927652388811,5,,,,,,123
full_cycle0,62,perturb_0.5sigma,-0.36513060331344604,0.026402992196381092,5,,,,,,123
full_cycle0,62,perturb_1sigma,-0.41194775700569153,0.026191082783043385,5,,,,,,123
full_cycle0,62,perturb_2sigma,-0.6139527559280396,0.0216577285900712,5,,,,,,123
full_cycle0,63,supervised,-1.2971290349960327,0.017774710431694984,5,,,,,,123
full_cycle0,63,actor,-1.2445544004440308,0.01445742417126894,5,,,,,,123
full_cycle0,63,zero,-0.3710007965564728,0.014475041534751654,5,,,,,,123
full_cycle0,63,random,-1.3928111791610718,0.01719888113439083,5,,,,,,123
full_cycle0,63,shuffled,-1.1658073663711548,0.01209744019433856,5,,,,,,123
full_cycle0,63,perturb_0.25sigma,-1.326096534729004,0.017668123356997967,5,,,,,,123
full_cycle0,63,perturb_0.5sigma,-1.2798367738723755,0.017757339403033257,5,,,,,,123
full_cycle0,63,perturb_1sigma,-0.21270442008972168,0.0161150973290205,5,,,,,,123
full_cycle0,63,perturb_2sigma,-1.4294538497924805,0.013364362996071577,5,,,,,,123
full_cycle0,64,supervised,-1.8421109914779663,0.008959722705185413,5,,,,,,123
full_cycle0,64,actor,-1.7324808835983276,0.005602133926004171,5,,,,,,123
full_cycle0,64,zero,-0.9347734451293945,0.005635962821543217,5,,,,,,123
full_cycle0,64,random,-1.294466257095337,0.004524149466305971,5,,,,,,123
full_cycle0,64,shuffled,-1.424798846244812,0.00325070321559906,5,,,,,,123
full_cycle0,64,perturb_0.25sigma,-1.8571150302886963,0.008592925034463406,5,,,,,,123
full_cycle0,64,perturb_0.5sigma,-1.8429977893829346,0.008687235414981842,5,,,,,,123
full_cycle0,64,perturb_1sigma,-1.7732887268066406,0.005728614050894976,5,,,,,,123
full_cycle0,64,perturb_2sigma,-1.7735995054244995,0.00914070289582014,5,,,,,,123
full_cycle0,65,supervised,1.3715730905532837,0.05327978357672691,5,,,,,,123
full_cycle0,65,actor,0.8935536742210388,0.04657679609954357,5,,,,,,123
full_cycle0,65,zero,1.7419837713241577,0.052566321566700935,5,,,,,,123
full_cycle0,65,random,2.123502492904663,0.053495291620492935,5,,,,,,123
full_cycle0,65,shuffled,1.3123446702957153,0.04921910213306546,5,,,,,,123
full_cycle0,65,perturb_0.25sigma,1.4485464096069336,0.05355748627334833,5,,,,,,123
full_cycle0,65,perturb_0.5sigma,1.178167462348938,0.051076797768473625,5,,,,,,123
full_cycle0,65,perturb_1sigma,0.9057438969612122,0.04974758857861161,5,,,,,,123
full_cycle0,65,perturb_2sigma,0.7400183081626892,0.047907314263284206,5,,,,,,123
full_cycle0,66,supervised,0.7830504775047302,0.04355458077043295,5,,,,,,123
full_cycle0,66,actor,0.40356606245040894,0.03652101894840598,5,,,,,,123
full_cycle0,66,zero,1.5556185245513916,0.042809135280549526,5,,,,,,123
full_cycle0,66,random,0.6206015944480896,0.0418099369853735,5,,,,,,123
full_cycle0,66,shuffled,0.9818674325942993,0.0392524478957057,5,,,,,,123
full_cycle0,66,perturb_0.25sigma,0.728347659111023,0.043358488008379936,5,,,,,,123
full_cycle0,66,perturb_0.5sigma,0.9006111025810242,0.04385827388614416,5,,,,,,123
full_cycle0,66,perturb_1sigma,0.12139488756656647,0.03128380799898878,5,,,,,,123
full_cycle0,66,perturb_2sigma,1.3986769914627075,0.04392927046865225,5,,,,,,123
full_cycle0,67,supervised,-0.23316654562950134,0.033363849855959415,5,,,,,,123
full_cycle0,67,actor,-0.33961233496665955,0.02605900587514043,5,,,,,,123
full_cycle0,67,zero,1.1368569135665894,0.032595629803836346,5,,,,,,123
full_cycle0,67,random,-0.25302696228027344,0.032780311070382595,5,,,,,,123
full_cycle0,67,shuffled,0.24210357666015625,0.028848056215792894,5,,,,,,123
full_cycle0,67,perturb_0.25sigma,-0.14423997700214386,0.03364826180040836,5,,,,,,123
full_cycle0,67,perturb_0.5sigma,-0.46329987049102783,0.029612227343022823,5,,,,,,123
full_cycle0,67,perturb_1sigma,-0.4184637665748596,0.028283677995204926,5,,,,,,123
full_cycle0,67,perturb_2sigma,-0.5277299880981445,0.021240443224087358,5,,,,,,123
full_cycle0,68,supervised,-1.2999500036239624,0.022716005332767963,5,,,,,,123
full_cycle0,68,actor,-1.1043469905853271,0.015196585562080145,5,,,,,,123
full_cycle0,68,zero,-0.24759525060653687,0.021926905028522015,5,,,,,,123
full_cycle0,68,random,-1.4968222379684448,0.01360957813449204,5,,,,,,123
full_cycle0,68,shuffled,-0.6575643420219421,0.017988790292292833,5,,,,,,123
full_cycle0,68,perturb_0.25sigma,-1.2356077432632446,0.023300430737435818,5,,,,,,123
full_cycle0,68,perturb_0.5sigma,-1.2761993408203125,0.020524179562926292,5,,,,,,123
full_cycle0,68,perturb_1sigma,-1.3455328941345215,0.013990024803206325,5,,,,,,123
full_cycle0,68,perturb_2sigma,-1.2842098474502563,0.011983205506112427,5,,,,,,123
full_cycle0,69,supervised,-1.8080133199691772,0.011600124649703503,5,,,,,,123
full_cycle0,69,actor,-1.6682929992675781,0.003906252793967724,5,,,,,,123
full_cycle0,69,zero,-1.0064573287963867,0.010785799473524094,5,,,,,,123
full_cycle0,69,random,-1.9364192485809326,0.012186417356133461,5,,,,,,123
full_cycle0,69,shuffled,-1.1777352094650269,0.006656897719949484,5,,,,,,123
full_cycle0,69,perturb_0.25sigma,-1.4491785764694214,0.012232229113578796,5,,,,,,123
full_cycle0,69,perturb_0.5sigma,-1.8778023719787598,0.011056874878704548,5,,,,,,123
full_cycle0,69,perturb_1sigma,-1.8588145971298218,0.01012491900473833,5,,,,,,123
full_cycle0,69,perturb_2sigma,-1.8619273900985718,-0.0017239900771528482,5,,,,,,123
full_cycle0,70,supervised,1.8389267921447754,0.03482041973620653,5,,,,,,123
full_cycle0,70,actor,1.0212018489837646,0.03483697911724448,5,,,,,,123
full_cycle0,70,zero,1.3348417282104492,0.0313482815399766,5,,,,,,123
full_cycle0,70,random,1.1534796953201294,0.030572080984711647,5,,,,,,123
full_cycle0,70,shuffled,0.7630307078361511,0.029754638322629035,5,,,,,,123
full_cycle0,70,perturb_0.25sigma,1.7392494678497314,0.03485676692798734,5,,,,,,123
full_cycle0,70,perturb_0.5sigma,1.728476643562317,0.034641629084944725,5,,,,,,123
full_cycle0,70,perturb_1sigma,1.2704023122787476,0.034793649800121784,5,,,,,,123
full_cycle0,70,perturb_2sigma,1.737257719039917,0.03480443684384227,5,,,,,,123
full_cycle0,71,supervised,1.1999129056930542,0.028036846313625574,5,,,,,,123
full_cycle0,71,actor,0.5602158904075623,0.02798166126012802,5,,,,,,123
full_cycle0,71,zero,1.105473518371582,0.02452456159517169,5,,,,,,123
full_cycle0,71,random,0.7227120995521545,0.02373897237703204,5,,,,,,123
full_cycle0,71,shuffled,0.07989472150802612,0.022912108222953975,5,,,,,,123
full_cycle0,71,perturb_0.25sigma,1.563904047012329,0.02759932354092598,5,,,,,,123
full_cycle0,71,perturb_0.5sigma,1.3813908100128174,0.02655917312949896,5,,,,,,123
full_cycle0,71,perturb_1sigma,1.275396466255188,0.027717989403754473,5,,,,,,123
full_cycle0,71,perturb_2sigma,1.316349983215332,0.02511809067800641,5,,,,,,123
full_cycle0,72,supervised,-0.04914064332842827,0.02114399801939726,5,,,,,,123
full_cycle0,72,actor,-0.34974390268325806,0.02103637484833598,5,,,,,,123
full_cycle0,72,zero,0.6311720013618469,0.017608026042580605,5,,,,,,123
full_cycle0,72,random,0.5177494883537292,0.019013017881661654,5,,,,,,123
full_cycle0,72,shuffled,-0.7430947422981262,0.015981041477061808,5,,,,,,123
full_cycle0,72,perturb_0.25sigma,-0.12459677457809448,0.021270414348691702,5,,,,,,123
full_cycle0,72,perturb_0.5sigma,-0.3447210192680359,0.02134106680750847,5,,,,,,123
full_cycle0,72,perturb_1sigma,-0.13399243354797363,0.021313141100108624,5,,,,,,123
full_cycle0,72,perturb_2sigma,0.6393546462059021,0.019538502674549818,5,,,,,,123
full_cycle0,73,supervised,-1.1801143884658813,0.014159052167087793,5,,,,,,123
full_cycle0,73,actor,-1.1801308393478394,0.014017814304679632,5,,,,,,123
full_cycle0,73,zero,-0.4708406925201416,0.010615368839353323,5,,,,,,123
full_cycle0,73,random,-0.808207094669342,0.012248778715729713,5,,,,,,123
full_cycle0,73,shuffled,-1.3688617944717407,0.008980631828308105,5,,,,,,123
full_cycle0,73,perturb_0.25sigma,-1.2168153524398804,0.01425220351666212,5,,,,,,123
full_cycle0,73,perturb_0.5sigma,-1.18241548538208,0.014177043922245502,5,,,,,,123
full_cycle0,73,perturb_1sigma,-0.6140679717063904,0.013264377601444721,5,,,,,,123
full_cycle0,73,perturb_2sigma,-1.2613381147384644,0.013917181640863419,5,,,,,,123
full_cycle0,74,supervised,-1.7161140441894531,0.007103436626493931,5,,,,,,123
full_cycle0,74,actor,-1.6938782930374146,0.006939476355910301,5,,,,,,123
full_cycle0,74,zero,-1.1127139329910278,0.003563756588846445,5,,,,,,123
full_cycle0,74,random,-1.184788465499878,0.0027084897737950087,5,,,,,,123
full_cycle0,74,shuffled,-1.5553938150405884,0.0019259032560512424,5,,,,,,123
full_cycle0,74,perturb_0.25sigma,-1.6409053802490234,0.006828204728662968,5,,,,,,123
full_cycle0,74,perturb_0.5sigma,-1.6770392656326294,0.007108289748430252,5,,,,,,123
full_cycle0,74,perturb_1sigma,-1.276773452758789,0.0059971883893013,5,,,,,,123
full_cycle0,74,perturb_2sigma,-1.7402691841125488,0.0072680627927184105,5,,,,,,123
full_cycle0,75,supervised,1.3280521631240845,0.018970329081639647,5,,,,,,123
full_cycle0,75,actor,1.290733814239502,0.02310877270065248,5,,,,,,123
full_cycle0,75,zero,0.4785590171813965,0.008696335833519697,5,,,,,,123
full_cycle0,75,random,0.5091109275817871,0.010352290148148313,5,,,,,,123
full_cycle0,75,shuffled,-0.12278918921947479,0.0032166719902306795,5,,,,,,123
full_cycle0,75,perturb_0.25sigma,1.3148785829544067,0.018750805291347206,5,,,,,,123
full_cycle0,75,perturb_0.5sigma,1.117183804512024,0.0165157982846722,5,,,,,,123
full_cycle0,75,perturb_1sigma,0.33933374285697937,0.009767516807187349,5,,,,,,123
full_cycle0,75,perturb_2sigma,-0.07819052040576935,0.0019401173922233284,5,,,,,,123
full_cycle0,76,supervised,0.9965366721153259,0.01592124835588038,5,,,,,,123
full_cycle0,76,actor,0.9861936569213867,0.019241495989263058,5,,,,,,123
full_cycle0,76,zero,0.042371805757284164,0.00593151239445433,5,,,,,,123
full_cycle0,76,random,-0.6275442242622375,-0.0008342501569131855,5,,,,,,123
full_cycle0,76,shuffled,-0.4299132227897644,0.00035546535582398064,5,,,,,,123
full_cycle0,76,perturb_0.25sigma,1.0264021158218384,0.01617742027156055,5,,,,,,123
full_cycle0,76,perturb_0.5sigma,0.5056807994842529,0.018940918380394578,5,,,,,,123
full_cycle0,76,perturb_1sigma,-0.1402701586484909,0.01933924970217049,5,,,,,,123
full_cycle0,76,perturb_2sigma,-0.7448611855506897,-0.0012022344490105752,5,,,,,,123
full_cycle0,77,supervised,0.48333537578582764,0.012642685789614916,5,,,,,,123
full_cycle0,77,actor,0.5491801500320435,0.014835541602224112,5,,,,,,123
full_cycle0,77,zero,-0.5211732387542725,0.003215643053408712,5,,,,,,123
full_cycle0,77,random,-0.9556929469108582,-0.0028907252999488264,5,,,,,,123
full_cycle0,77,shuffled,-0.9146470427513123,-0.002381834536208771,5,,,,,,123
full_cycle0,77,perturb_0.25sigma,0.8155904412269592,0.009628783678635955,5,,,,,,123
full_cycle0,77,perturb_0.5sigma,0.8820309042930603,0.010804439662024379,5,,,,,,123
full_cycle0,77,perturb_1sigma,-0.5790411829948425,0.014047683216631413,5,,,,,,123
full_cycle0,77,perturb_2sigma,-0.918374240398407,0.0120207485742867,5,,,,,,123
full_cycle0,78,supervised,-0.34503015875816345,0.009019794408231974,5,,,,,,123
full_cycle0,78,actor,-0.022907599806785583,0.0097068315371871,5,,,,,,123
full_cycle0,78,zero,-1.1186085939407349,0.0005680536269210279,5,,,,,,123
full_cycle0,78,random,-0.7692323923110962,0.0016085284005384892,5,,,,,,123
full_cycle0,78,shuffled,-1.4468008279800415,-0.004925659217406064,5,,,,,,123
full_cycle0,78,perturb_0.25sigma,0.045394252985715866,0.0071719062980264425,5,,,,,,123
full_cycle0,78,perturb_0.5sigma,-0.10987065732479095,0.008496748749166727,5,,,,,,123
full_cycle0,78,perturb_1sigma,-1.0679734945297241,0.0018022657022811472,5,,,,,,123
full_cycle0,78,perturb_2sigma,-0.011401902884244919,0.009946302976459265,5,,,,,,123
full_cycle0,79,supervised,-0.9667771458625793,0.004876013845205307,5,,,,,,123
full_cycle0,79,actor,-0.5223327875137329,0.003632253035902977,5,,,,,,123
full_cycle0,79,zero,-1.6467889547348022,-0.001971280202269554,5,,,,,,123
full_cycle0,79,random,-1.4053281545639038,-0.0010366343194618821,5,,,,,,123
full_cycle0,79,shuffled,-1.7917903661727905,-0.007224418688565493,5,,,,,,123
full_cycle0,79,perturb_0.25sigma,-1.0408847332000732,0.005058811046183109,5,,,,,,123
full_cycle0,79,perturb_0.5sigma,-0.889299750328064,0.00487684179097414,5,,,,,,123
full_cycle0,79,perturb_1sigma,-1.1536437273025513,0.0048327259719371796,5,,,,,,123
full_cycle0,79,perturb_2sigma,-1.3035482168197632,-0.001709892530925572,5,,,,,,123
full_cycle0,-1,summary,,,5,,0.39458333333333334,0.6705435302857327,0.1625,0.325,123
full_cycle1,0,supervised,1.6259976625442505,0.05292255897074938,5,,,,,,123
full_cycle1,0,actor,2.065620183944702,0.049942039884626865,5,,,,,,123
full_cycle1,0,zero,1.3178194761276245,0.0541245648637414,5,,,,,,123
full_cycle1,0,random,2.400789976119995,0.04612922482192516,5,,,,,,123
full_cycle1,0,shuffled,1.1235917806625366,0.05329993739724159,5,,,,,,123
full_cycle1,0,perturb_0.25sigma,1.401511311531067,0.05404094886034727,5,,,,,,123
full_cycle1,0,perturb_0.5sigma,2.3648033142089844,0.046329290606081486,5,,,,,,123
full_cycle1,0,perturb_1sigma,1.203316330909729,0.05348661355674267,5,,,,,,123
full_cycle1,0,perturb_2sigma,1.3058494329452515,0.037361687514930964,5,,,,,,123
full_cycle1,1,supervised,1.5185400247573853,0.0438411021605134,5,,,,,,123
full_cycle1,1,actor,2.0997371673583984,0.04065986629575491,5,,,,,,123
full_cycle1,1,zero,1.184923768043518,0.04506341461092234,5,,,,,,123
full_cycle1,1,random,0.830241858959198,0.04083674214780331,5,,,,,,123
full_cycle1,1,shuffled,0.9570363759994507,0.04399202484637499,5,,,,,,123
full_cycle1,1,perturb_0.25sigma,1.3709080219268799,0.04457075800746679,5,,,,,,123
full_cycle1,1,perturb_0.5sigma,1.4394644498825073,0.04428840335458517,5,,,,,,123
full_cycle1,1,perturb_1sigma,0.8732731342315674,0.04128877632319927,5,,,,,,123
full_cycle1,1,perturb_2sigma,0.8945798873901367,0.042107658460736275,5,,,,,,123
full_cycle1,2,supervised,1.364136815071106,0.034079679287970066,5,,,,,,123
full_cycle1,2,actor,2.115438938140869,0.030691751278936863,5,,,,,,123
full_cycle1,2,zero,0.9806184768676758,0.035307067446410656,5,,,,,,123
full_cycle1,2,random,1.2642654180526733,0.03416287433356047,5,,,,,,123
full_cycle1,2,shuffled,0.716344952583313,0.03397392015904188,5,,,,,,123
full_cycle1,2,perturb_0.25sigma,1.2096456289291382,0.034764924086630344,5,,,,,,123
full_cycle1,2,perturb_0.5sigma,1.1004846096038818,0.03517455235123634,5,,,,,,123
full_cycle1,2,perturb_1sigma,0.6352251768112183,0.03133958112448454,5,,,,,,123
full_cycle1,2,perturb_2sigma,0.4946419894695282,0.02908411668613553,5,,,,,,123
full_cycle1,3,supervised,1.1187305450439453,0.02357771433889866,5,,,,,,123
full_cycle1,3,actor,2.0161681175231934,0.019977450370788574,5,,,,,,123
full_cycle1,3,zero,0.6412383317947388,0.024795446544885635,5,,,,,,123
full_cycle1,3,random,0.5256367921829224,0.02431766875088215,5,,,,,,123
full_cycle1,3,shuffled,0.34613150358200073,0.02314409427344799,5,,,,,,123
full_cycle1,3,perturb_0.25sigma,1.0188030004501343,0.0240154592320323,5,,,,,,123
full_cycle1,3,perturb_0.5sigma,1.1490899324417114,0.023282375186681747,5,,,,,,123
full_cycle1,3,perturb_1sigma,0.4130047857761383,0.023129050619900227,5,,,,,,123
full_cycle1,3,perturb_2sigma,1.134056568145752,0.010075650992803276,5,,,,,,123
full_cycle1,4,supervised,0.6816256046295166,0.012251659296452999,5,,,,,,123
full_cycle1,4,actor,1.7586318254470825,0.008464801125228405,5,,,,,,123
full_cycle1,4,zero,0.13871878385543823,0.013441966846585274,5,,,,,,123
full_cycle1,4,random,1.7379775047302246,0.005924540106207132,5,,,,,,123
full_cycle1,4,shuffled,-0.2088010311126709,0.011405933648347855,5,,,,,,123
full_cycle1,4,perturb_0.25sigma,1.5660054683685303,0.004658455029129982,5,,,,,,123
full_cycle1,4,perturb_0.5sigma,0.8980696797370911,0.01115095242857933,5,,,,,,123
full_cycle1,4,perturb_1sigma,-0.16136103868484497,0.010027588345110416,5,,,,,,123
full_cycle1,4,perturb_2sigma,0.749693751335144,0.011051571927964687,5,,,,,,123
full_cycle1,5,supervised,1.6259976625442505,0.05292255897074938,5,,,,,,123
full_cycle1,5,actor,2.065620183944702,0.049942039884626865,5,,,,,,123
full_cycle1,5,zero,1.3178194761276245,0.0541245648637414,5,,,,,,123
full_cycle1,5,random,2.2136874198913574,0.048639933578670025,5,,,,,,123
full_cycle1,5,shuffled,1.1235917806625366,0.05329993739724159,5,,,,,,123
full_cycle1,5,perturb_0.25sigma,2.000751256942749,0.05017466004937887,5,,,,,,123
full_cycle1,5,perturb_0.5sigma,1.9367945194244385,0.05038621090352535,5,,,,,,123
full_cycle1,5,perturb_1sigma,1.7228809595108032,0.051982696168124676,5,,,,,,123
full_cycle1,5,perturb_2sigma,0.9701533317565918,0.050096032209694386,5,,,,,,123
full_cycle1,6,supervised,1.4878323078155518,0.043396483175456524,5,,,,,,123
full_cycle1,6,actor,2.0432872772216797,0.040333302691578865,5,,,,,,123
full_cycle1,6,zero,1.1763309240341187,0.04448414035141468,5,,,,,,123
full_cycle1,6,random,1.2010717391967773,0.04469699505716562,5,,,,,,123
full_cycle1,6,shuffled,0.954283595085144,0.04341413173824549,5,,,,,,123
full_cycle1,6,perturb_0.25sigma,1.6686569452285767,0.04231353010982275,5,,,,,,123
full_cycle1,6,perturb_0.5sigma,1.5428508520126343,0.04308136831969023,5,,,,,,123
full_cycle1,6,perturb_1sigma,2.4175562858581543,0.03362913057208061,5,,,,,,123
full_cycle1,6,perturb_2sigma,1.7978079319000244,0.029644401045516133,5,,,,,,123
full_cycle1,7,supervised,1.3015096187591553,0.03300157841295004,5,,,,,,123
full_cycle1,7,actor,1.9966464042663574,0.029803043231368065,5,,,,,,123
full_cycle1,7,zero,0.9478285312652588,0.034030476585030556,5,,,,,,123
full_cycle1,7,random,0.9166722297668457,0.033774083480238914,5,,,,,,123
full_cycle1,7,shuffled,0.7065962553024292,0.032717266120016575,5,,,,,,123
full_cycle1,7,perturb_0.25sigma,1.6589094400405884,0.03089843410998583,5,,,,,,123
full_cycle1,7,perturb_0.5sigma,0.9532120227813721,0.03365859016776085,5,,,,,,123
full_cycle1,7,perturb_1sigma,1.0962026119232178,0.034284865483641624,5,,,,,,123
full_cycle1,7,perturb_2sigma,0.9802861213684082,0.01817337144166231,5,,,,,,123
full_cycle1,8,supervised,1.0299108028411865,0.02220735140144825,5,,,,,,123
full_cycle1,8,actor,1.858684778213501,0.01901987660676241,5,,,,,,123
full_cycle1,8,zero,0.6044101715087891,0.023136218078434467,5,,,,,,123
full_cycle1,8,random,0.3864162266254425,0.021573226898908615,5,,,,,,123
full_cycle1,8,shuffled,0.3374827206134796,0.021597521379590034,5,,,,,,123
full_cycle1,8,perturb_0.25sigma,1.561566948890686,0.019380752928555012,5,,,,,,123
full_cycle1,8,perturb_0.5sigma,1.8050132989883423,0.018315583933144808,5,,,,,,123
full_cycle1,8,perturb_1sigma,0.36302557587623596,0.021494287066161633,5,,,,,,123
full_cycle1,8,perturb_2sigma,0.37011170387268066,0.019679113291203976,5,,,,,,123
full_cycle1,9,supervised,0.5595756769180298,0.011228056624531746,5,,,,,,123
full_cycle1,9,actor,1.6136013269424438,0.007943382486701012,5,,,,,,123
full_cycle1,9,zero,0.10635004937648773,0.01202531810849905,5,,,,,,123
full_cycle1,9,random,0.578474760055542,0.011567485518753529,5,,,,,,123
full_cycle1,9,shuffled,-0.20564986765384674,0.01027197577059269,5,,,,,,123
full_cycle1,9,perturb_0.25sigma,1.8147765398025513,0.006027994677424431,5,,,,,,123
full_cycle1,9,perturb_0.5sigma,0.462887167930603,0.011610264889895916,5,,,,,,123
full_cycle1,9,perturb_1sigma,0.8193598985671997,0.010345576331019402,5,,,,,,123
full_cycle1,9,perturb_2sigma,-0.4934546947479248,0.00492932740598917,5,,,,,,123
full_cycle1,10,supervised,1.4895503520965576,0.04220742732286453,5,,,,,,123
full_cycle1,10,actor,1.8754853010177612,0.0398355470970273,5,,,,,,123
full_cycle1,10,zero,1.0457181930541992,0.03888533543795347,5,,,,,,123
full_cycle1,10,random,1.817107081413269,0.04159732582047582,5,,,,,,123
full_cycle1,10,shuffled,0.867466390132904,0.03671035496518016,5,,,,,,123
full_cycle1,10,perturb_0.25sigma,1.485729455947876,0.04221759643405676,5,,,,,,123
full_cycle1,10,perturb_0.5sigma,1.824570655822754,0.041292184963822365,5,,,,,,123
full_cycle1,10,perturb_1sigma,0.9811773300170898,0.038128606509417295,5,,,,,,123
full_cycle1,10,perturb_2sigma,1.7720131874084473,0.04143511736765504,5,,,,,,123
full_cycle1,11,supervised,1.4232759475708008,0.03413117118179798,5,,,,,,123
full_cycle1,11,actor,1.7040263414382935,0.03160654427483678,5,,,,,,123
full_cycle1,11,zero,0.9438391923904419,0.03074418008327484,5,,,,,,123
full_cycle1,11,random,1.2293999195098877,0.0329171409830451,5,,,,,,123
full_cycle1,11,shuffled,0.7561286091804504,0.028536572586745024,5,,,,,,123
full_cycle1,11,perturb_0.25sigma,1.4159175157546997,0.03404948674142361,5,,,,,,123
full_cycle1,11,perturb_0.5sigma,1.6398537158966064,0.034021579660475254,5,,,,,,123
full_cycle1,11,perturb_1sigma,1.3416752815246582,0.034007991664111614,5,,,,,,123
full_cycle1,11,perturb_2sigma,0.9944703578948975,0.031508976593613625,5,,,,,,123
full_cycle1,12,supervised,1.3697822093963623,0.025844487361609936,5,,,,,,123
full_cycle1,12,actor,1.3881447315216064,0.02321256697177887,5,,,,,,123
full_cycle1,12,zero,0.7821477651596069,0.022412344347685575,5,,,,,,123
full_cycle1,12,random,0.983064591884613,0.024124471936374903,5,,,,,,123
full_cycle1,12,shuffled,0.5583438873291016,0.020179464714601636,5,,,,,,123
full_cycle1,12,perturb_0.25sigma,1.2768337726593018,0.025764587335288525,5,,,,,,123
full_cycle1,12,perturb_0.5sigma,1.7528096437454224,0.025145472027361393,5,,,,,,123
full_cycle1,12,perturb_1sigma,1.5026607513427734,0.023154144175350666,5,,,,,,123
full_cycle1,12,perturb_2sigma,1.1824872493743896,0.021331212483346462,5,,,,,,123
full_cycle1,13,supervised,1.3053373098373413,0.01737695373594761,5,,,,,,123
full_cycle1,13,actor,0.9314229488372803,0.014666959643363953,5,,,,,,123
full_cycle1,13,zero,0.49085527658462524,0.013913485687226057,5,,,,,,123
full_cycle1,13,random,0.45256659388542175,0.013879804406315088,5,,,,,,123
full_cycle1,13,shuffled,0.1965293288230896,0.011667809216305614,5,,,,,,123
full_cycle1,13,perturb_0.25sigma,1.0989720821380615,0.017101910896599293,5,,,,,,123
full_cycle1,13,perturb_0.5sigma,1.551043152809143,0.017170703038573265,5,,,,,,123
full_cycle1,13,perturb_1sigma,1.0236141681671143,0.014128722250461578,5,,,,,,123
full_cycle1,13,perturb_2sigma,1.4939132928848267,0.016739506274461746,5,,,,,,123
full_cycle1,14,supervised,1.1616411209106445,0.008753414265811443,5,,,,,,123
full_cycle1,14,actor,0.2095600962638855,0.006003204733133316,5,,,,,,123
full_cycle1,14,zero,-0.02417430281639099,0.005269963759928942,5,,,,,,123
full_cycle1,14,random,0.8064948320388794,0.007848894223570824,5,,,,,,123
full_cycle1,14,shuffled,-0.3479466140270233,0.003018853021785617,5,,,,,,123
full_cycle1,14,perturb_0.25sigma,1.3802213668823242,0.00867659505456686,5,,,,,,123
full_cycle1,14,perturb_0.5sigma,1.1836397647857666,0.008737225085496902,5,,,,,,123
full_cycle1,14,perturb_1sigma,-0.18548661470413208,0.004335681442171335,5,,,,,,123
full_cycle1,14,perturb_2sigma,0.45914721488952637,0.007905189879238605,5,,,,,,123
full_cycle1,15,supervised,1.5471994876861572,0.0473435977473855,5,,,,,,123
full_cycle1,15,actor,1.9802701473236084,0.041666422272101045,5,,,,,,123
full_cycle1,15,zero,1.0691678524017334,0.0451608058065176,5,,,,,,123
full_cycle1,15,random,1.226108431816101,0.04660108499228954,5,,,,,,123
full_cycle1,15,shuffled,0.8965792059898376,0.0422619073651731,5,,,,,,123
full_cycle1,15,perturb_0.25sigma,1.7131140232086182,0.0466148080304265,5,,,,,,123
full_cycle1,15,perturb_0.5sigma,1.2305022478103638,0.04698669631034136,5,,,,,,123
full_cycle1,15,perturb_1sigma,1.0636943578720093,0.04550922615453601,5,,,,,,123
full_cycle1,15,perturb_2sigma,1.6564713716506958,0.038120773155242205,5,,,,,,123
full_cycle1,16,supervised,1.472357153892517,0.03847213927656412,5,,,,,,123
full_cycle1,16,actor,1.7801086902618408,0.03254129155538976,5,,,,,,123
full_cycle1,16,zero,0.9575181007385254,0.03622474893927574,5,,,,,,123
full_cycle1,16,random,1.2891674041748047,0.038584426045417786,5,,,,,,123
full_cycle1,16,shuffled,0.7767006158828735,0.033242813777178526,5,,,,,,123
full_cycle1,16,perturb_0.25sigma,1.4345853328704834,0.03853223938494921,5,,,,,,123
full_cycle1,16,perturb_0.5sigma,1.1937851905822754,0.038480399176478386,5,,,,,,123
full_cycle1,16,perturb_1sigma,1.4717392921447754,0.038322292268276215,5,,,,,,123
full_cycle1,16,perturb_2sigma,1.8234450817108154,0.034792999271303415,5,,,,,,123
full_cycle1,17,supervised,1.4323434829711914,0.029277794063091278,5,,,,,,123
full_cycle1,17,actor,1.4463943243026733,0.02316704229451716,5,,,,,,123
full_cycle1,17,zero,0.7813622951507568,0.026983178220689297,5,,,,,,123
full_cycle1,17,random,1.7867952585220337,0.027536684647202492,5,,,,,,123
full_cycle1,17,shuffled,0.5686275959014893,0.0239282981492579,5,,,,,,123
full_cycle1,17,perturb_0.25sigma,1.5926345586776733,0.028825662098824978,5,,,,,,123
full_cycle1,17,perturb_0.5sigma,1.3716791868209839,0.029343667440116405,5,,,,,,123
full_cycle1,17,perturb_1sigma,1.9884223937988281,0.024713221937417984,5,,,,,,123
full_cycle1,17,perturb_2sigma,0.7197005748748779,0.026068256702274084,5,,,,,,123
full_cycle1,18,supervised,1.3604581356048584,0.019787670113146305,5,,,,,,123
full_cycle1,18,actor,0.9678386449813843,0.013561989413574338,5,,,,,,123
full_cycle1,18,zero,0.487925261259079,0.01745669450610876,5,,,,,,123
full_cycle1,18,random,0.5545750856399536,0.01787012629210949,5,,,,,,123
full_cycle1,18,shuffled,0.205966979265213,0.014342283830046654,5,,,,,,123
full_cycle1,18,perturb_0.25sigma,1.2250890731811523,0.019985247403383255,5,,,,,,123
full_cycle1,18,perturb_0.5sigma,0.6913663148880005,0.019088972359895706,5,,,,,,123
full_cycle1,18,perturb_1sigma,1.1883517503738403,0.019596663303673267,5,,,,,,123
full_cycle1,18,perturb_2sigma,1.488613486289978,0.014255435671657324,5,,,,,,123
full_cycle1,19,supervised,1.190302848815918,0.010023782961070538,5,,,,,,123
full_cycle1,19,actor,0.32395637035369873,0.0037683690898120403,5,,,,,,123
full_cycle1,19,zero,-0.020236462354660034,0.007659641094505787,5,,,,,,123
full_cycle1,19,random,0.07385775446891785,0.008257114328444004,5,,,,,,123
full_cycle1,19,shuffled,-0.3349192142486572,0.004499464295804501,5,,,,,,123
full_cycle1,19,perturb_0.25sigma,1.1542974710464478,0.010026850737631321,5,,,,,,123
full_cycle1,19,perturb_0.5sigma,1.2013863325119019,0.009971970692276955,5,,,,,,123
full_cycle1,19,perturb_1sigma,1.5668065547943115,0.008788755163550377,5,,,,,,123
full_cycle1,19,perturb_2sigma,0.6451328992843628,0.010194546543061733,5,,,,,,123
full_cycle1,20,supervised,1.4612735509872437,0.039596791844815016,5,,,,,,123
full_cycle1,20,actor,1.3646215200424194,0.04037449648603797,5,,,,,,123
full_cycle1,20,zero,1.55051589012146,0.03865561168640852,5,,,,,,123
full_cycle1,20,random,2.4256134033203125,0.03168872254900634,5,,,,,,123
full_cycle1,20,shuffled,1.6364918947219849,0.03757476806640625,5,,,,,,123
full_cycle1,20,perturb_0.25sigma,1.5272098779678345,0.03893865179270506,5,,,,,,123
full_cycle1,20,perturb_0.5sigma,1.364254355430603,0.04025176167488098,5,,,,,,123
full_cycle1,20,perturb_1sigma,1.4409533739089966,0.03943628165870905,5,,,,,,123
full_cycle1,20,perturb_2sigma,1.034785270690918,0.04025084991008043,5,,,,,,123
full_cycle1,21,supervised,1.3371602296829224,0.033143230713903904,5,,,,,,123
full_cycle1,21,actor,1.2512412071228027,0.03377862833440304,5,,,,,,123
full_cycle1,21,zero,1.426843523979187,0.03238144423812628,5,,,,,,123
full_cycle1,21,random,2.3987088203430176,0.021572706988081336,5,,,,,,123
full_cycle1,21,shuffled,1.5210766792297363,0.0315263238735497,5,,,,,,123
full_cycle1,21,perturb_0.25sigma,1.3321315050125122,0.03310755919665098,5,,,,,,123
full_cycle1,21,perturb_0.5sigma,2.2641100883483887,0.02690860442817211,5,,,,,,123
full_cycle1,21,perturb_1sigma,1.2745460271835327,0.03355740336701274,5,,,,,,123
full_cycle1,21,perturb_2sigma,0.8763831853866577,0.03353074146434665,5,,,,,,123
full_cycle1,22,supervised,1.1447069644927979,0.026071326341480017,5,,,,,,123
full_cycle1,22,actor,1.0459882020950317,0.02655370533466339,5,,,,,,123
full_cycle1,22,zero,1.2354047298431396,0.02550409035757184,5,,,,,,123
full_cycle1,22,random,0.6450867652893066,0.025692985858768225,5,,,,,,123
full_cycle1,22,shuffled,1.3069684505462646,0.02495540166273713,5,,,,,,123
full_cycle1,22,perturb_0.25sigma,1.2308846712112427,0.025470716878771782,5,,,,,,123
full_cycle1,22,perturb_0.5sigma,1.2238094806671143,0.025342661887407303,5,,,,,,123
full_cycle1,22,perturb_1sigma,2.0008046627044678,0.014610091224312782,5,,,,,,123
full_cycle1,22,perturb_2sigma,1.3493800163269043,0.012393184937536716,5,,,,,,123
full_cycle1,23,supervised,0.8489081263542175,0.018283726647496223,5,,,,,,123
full_cycle1,23,actor,0.8134552240371704,0.018617866560816765,5,,,,,,123
full_cycle1,23,zero,0.9221776723861694,0.01792913768440485,5,,,,,,123
full_cycle1,23,random,2.1480350494384766,0.010955042904242873,5,,,,,,123
full_cycle1,23,shuffled,0.9800691604614258,0.017734777182340622,5,,,,,,123
full_cycle1,23,perturb_0.25sigma,0.7036949396133423,0.019022975116968155,5,,,,,,123
full_cycle1,23,perturb_0.5sigma,0.45658811926841736,0.01926716696470976,5,,,,,,123
full_cycle1,23,perturb_1sigma,0.10071900486946106,0.016031315550208092,5,,,,,,123
full_cycle1,23,perturb_2sigma,1.9596329927444458,0.012815676629543304,5,,,,,,123
full_cycle1,24,supervised,0.34486860036849976,0.009654099121689796,5,,,,,,123
full_cycle1,24,actor,0.3863320052623749,0.009868481196463108,5,,,,,,123
full_cycle1,24,zero,0.4252411723136902,0.009535902179777622,5,,,,,,123
full_cycle1,24,random,0.21835321187973022,-0.0032585132867097855,5,,,,,,123
full_cycle1,24,shuffled,0.4692089259624481,0.009700127877295017,5,,,,,,123
full_cycle1,24,perturb_0.25sigma,0.007797837257385254,0.010315649211406708,5,,,,,,123
full_cycle1,24,perturb_0.5sigma,0.30433085560798645,0.009930454194545746,5,,,,,,123
full_cycle1,24,perturb_1sigma,0.1371726542711258,0.010326853021979332,5,,,,,,123
full_cycle1,24,perturb_2sigma,-0.41116204857826233,0.005790202412754297,5,,,,,,123
full_cycle1,25,supervised,1.4612735509872437,0.039596791844815016,5,,,,,,123
full_cycle1,25,actor,1.3646215200424194,0.04037449648603797,5,,,,,,123
full_cycle1,25,zero,1.55051589012146,0.03865561168640852,5,,,,,,123
full_cycle1,25,random,1.464091181755066,0.03952629631385207,5,,,,,,123
full_cycle1,25,shuffled,1.6364918947219849,0.03757476806640625,5,,,,,,123
full_cycle1,25,perturb_0.25sigma,1.4480302333831787,0.039731867145746946,5,,,,,,123
full_cycle1,25,perturb_0.5sigma,1.3033241033554077,0.04100127657875419,5,,,,,,123
full_cycle1,25,perturb_1sigma,1.2020316123962402,0.04123620502650738,5,,,,,,123
full_cycle1,25,perturb_2sigma,0.8329728841781616,0.04002833319827914,5,,,,,,123
full_cycle1,26,supervised,1.2964693307876587,0.03356115939095616,5,,,,,,123
full_cycle1,26,actor,1.206125020980835,0.03416793327778578,5,,,,,,123
full_cycle1,26,zero,1.390135407447815,0.03276584995910525,5,,,,,,123
full_cycle1,26,random,1.7735337018966675,0.029337412677705288,5,,,,,,123
full_cycle1,26,shuffled,1.4888325929641724,0.03184322360903025,5,,,,,,123
full_cycle1,26,perturb_0.25sigma,1.0193419456481934,0.03498139604926109,5,,,,,,123
full_cycle1,26,perturb_0.5sigma,1.2513954639434814,0.033934331964701414,5,,,,,,123
full_cycle1,26,perturb_1sigma,0.9728988409042358,0.034829599782824516,5,,,,,,123
full_cycle1,26,perturb_2sigma,0.8151310682296753,0.03255415568128228,5,,,,,,123
full_cycle1,27,supervised,1.075324535369873,0.026333562098443508,5,,,,,,123
full_cycle1,27,actor,0.9674263000488281,0.026780988089740276,5,,,,,,123
full_cycle1,27,zero,1.1573103666305542,0.02576113399118185,5,,,,,,123
full_cycle1,27,random,0.8497482538223267,0.027426821179687977,5,,,,,,123
full_cycle1,27,shuffled,1.196931004524231,0.02518217358738184,5,,,,,,123
full_cycle1,27,perturb_0.25sigma,0.7953827381134033,0.02731457818299532,5,,,,,,123
full_cycle1,27,perturb_0.5sigma,1.1281402111053467,0.025879809632897377,5,,,,,,123
full_cycle1,27,perturb_1sigma,1.914641261100769,0.021188839338719845,5,,,,,,123
full_cycle1,27,perturb_2sigma,0.7854290008544922,0.02754174266010523,5,,,,,,123
full_cycle1,28,supervised,0.7388468980789185,0.01841073576360941,5,,,,,,123
full_cycle1,28,actor,0.6362484693527222,0.0187290757894516,5,,,,,,123
full_cycle1,28,zero,0.776242733001709,0.017989414744079113,5,,,,,,123
full_cycle1,28,random,1.9165455102920532,0.011839209124445915,5,,,,,,123
full_cycle1,28,shuffled,0.8080089092254639,0.017666521482169628,5,,,,,,123
full_cycle1,28,perturb_0.25sigma,1.6764246225357056,0.013621600810438395,5,,,,,,123
full_cycle1,28,perturb_0.5sigma,1.4594988822937012,0.014261108357459307,5,,,,,,123
full_cycle1,28,perturb_1sigma,0.8853968381881714,0.0175939854234457,5,,,,,,123
full_cycle1,28,perturb_2sigma,0.18517044186592102,0.016326294746249914,5,,,,,,123
full_cycle1,29,supervised,0.210825115442276,0.009574050083756447,5,,,,,,123
full_cycle1,29,actor,0.21793469786643982,0.009782783687114716,5,,,,,,123
full_cycle1,29,zero,0.2661859393119812,0.009318496100604534,5,,,,,,123
full_cycle1,29,random,-0.22073429822921753,0.009555770084261894,5,,,,,,123
full_cycle1,29,shuffled,0.275471955537796,0.009278330020606518,5,,,,,,123
full_cycle1,29,perturb_0.25sigma,0.3721090853214264,0.008890514262020588,5,,,,,,123
full_cycle1,29,perturb_0.5sigma,0.49805179238319397,0.007944704033434391,5,,,,,,123
full_cycle1,29,perturb_1sigma,0.623531699180603,0.0073559177108109,5,,,,,,123
full_cycle1,29,perturb_2sigma,-0.24509191513061523,-0.0044427188113331795,5,,,,,,123
full_cycle1,30,supervised,1.5379310846328735,0.04670529253780842,5,,,,,,123
full_cycle1,30,actor,1.9652070999145508,0.04137000674381852,5,,,,,,123
full_cycle1,30,zero,1.064399003982544,0.0443857335485518,5,,,,,,123
full_cycle1,30,random,1.5638985633850098,0.04659980908036232,5,,,,,,123
full_cycle1,30,shuffled,0.8925291299819946,0.041571279522031546,5,,,,,,123
full_cycle1,30,perturb_0.25sigma,1.650331974029541,0.04628271237015724,5,,,,,,123
full_cycle1,30,perturb_0.5sigma,1.3232707977294922,0.04671780206263065,5,,,,,,123
full_cycle1,30,perturb_1sigma,1.0661351680755615,0.04489186825230718,5,,,,,,123
full_cycle1,30,perturb_2sigma,0.9596211910247803,0.042565271724015474,5,,,,,,123
full_cycle1,31,supervised,1.4647612571716309,0.037929099053144455,5,,,,,,123
full_cycle1,31,actor,1.76212477684021,0.03234463697299361,5,,,,,,123
full_cycle1,31,zero,0.9546972513198853,0.03554280288517475,5,,,,,,123
full_cycle1,31,random,1.4546258449554443,0.037906425073742867,5,,,,,,123
full_cycle1,31,shuffled,0.7732290625572205,0.03265461651608348,5,,,,,,123
full_cycle1,31,perturb_0.25sigma,1.3983018398284912,0.03801542427390814,5,,,,,,123
full_cycle1,31,perturb_0.5sigma,1.8187272548675537,0.03622980182990432,5,,,,,,123
full_cycle1,31,perturb_1sigma,1.8193671703338623,0.0358720519579947,5,,,,,,123
full_cycle1,31,perturb_2sigma,1.1409931182861328,0.03767396882176399,5,,,,,,123
full_cycle1,32,supervised,1.4237583875656128,0.028844979591667652,5,,,,,,123
full_cycle1,32,actor,1.4278422594070435,0.023087605834007263,5,,,,,,123
full_cycle1,32,zero,0.7798821926116943,0.026410143822431564,5,,,,,,123
full_cycle1,32,random,1.0695996284484863,0.02855588123202324,5,,,,,,123
full_cycle1,32,shuffled,0.5666021704673767,0.023457134142518044,5,,,,,,123
full_cycle1,32,perturb_0.25sigma,1.4693365097045898,0.02876622136682272,5,,,,,,123
full_cycle1,32,perturb_0.5sigma,1.946218729019165,0.025804405566304922,5,,,,,,123
full_cycle1,32,perturb_1sigma,0.8241360187530518,0.02738525066524744,5,,,,,,123
full_cycle1,32,perturb_2sigma,0.869335412979126,0.019714301743078977,5,,,,,,123
full_cycle1,33,supervised,1.3547613620758057,0.019480867311358452,5,,,,,,123
full_cycle1,33,actor,0.9502021074295044,0.01361769950017333,5,,,,,,123
full_cycle1,33,zero,0.4871682822704315,0.01700977934524417,5,,,,,,123
full_cycle1,33,random,0.30955198407173157,0.01535683125257492,5,,,,,,123
full_cycle1,33,shuffled,0.20247520506381989,0.014006540179252625,5,,,,,,123
full_cycle1,33,perturb_0.25sigma,1.4914463758468628,0.01915226224809885,5,,,,,,123
full_cycle1,33,perturb_0.5sigma,1.380659818649292,0.019381104037165642,5,,,,,,123
full_cycle1,33,perturb_1sigma,0.9385501146316528,0.012106167851015925,5,,,,,,123
full_cycle1,33,perturb_2sigma,1.5909936428070068,0.018614674918353558,5,,,,,,123
full_cycle1,34,supervised,1.1959092617034912,0.00986066460609436,5,,,,,,123
full_cycle1,34,actor,0.29980096220970154,0.003965016920119524,5,,,,,,123
full_cycle1,34,zero,-0.02327752113342285,0.007357693277299404,5,,,,,,123
full_cycle1,34,random,0.030745327472686768,0.0074398149736225605,5,,,,,,123
full_cycle1,34,shuffled,-0.3335057497024536,0.004318350460380316,5,,,,,,123
full_cycle1,34,perturb_0.25sigma,0.9036849737167358,0.009998527355492115,5,,,,,,123
full_cycle1,34,perturb_0.5sigma,0.3658432364463806,0.009494087658822536,5,,,,,,123
full_cycle1,34,perturb_1sigma,0.6476762890815735,0.009908945299685001,5,,,,,,123
full_cycle1,34,perturb_2sigma,0.8068897128105164,0.004980670288205147,5,,,,,,123
full_cycle1,35,supervised,1.4655638933181763,0.033027667086571455,5,,,,,,123
full_cycle1,35,actor,1.781636118888855,0.03321737702935934,5,,,,,,123
full_cycle1,35,zero,1.0434319972991943,0.029713258147239685,5,,,,,,123
full_cycle1,35,random,1.109635829925537,0.030482768546789885,5,,,,,,123
full_cycle1,35,shuffled,0.8212512731552124,0.028205645503476262,5,,,,,,123
full_cycle1,35,perturb_0.25sigma,1.551969289779663,0.033207794185727835,5,,,,,,123
full_cycle1,35,perturb_0.5sigma,1.6902084350585938,0.03336290596053004,5,,,,,,123
full_cycle1,35,perturb_1sigma,1.17757248878479,0.031495494302362204,5,,,,,,123
full_cycle1,35,perturb_2sigma,1.524857521057129,0.033037378918379545,5,,,,,,123
full_cycle1,36,supervised,1.385796070098877,0.026576632168143988,5,,,,,,123
full_cycle1,36,actor,1.646510124206543,0.0267059369944036,5,,,,,,123
full_cycle1,36,zero,0.9478566646575928,0.023221923504024744,5,,,,,,123
full_cycle1,36,random,0.8434445858001709,0.022399775218218565,5,,,,,,123
full_cycle1,36,shuffled,0.718306303024292,0.02169728127773851,5,,,,,,123
full_cycle1,36,perturb_0.25sigma,1.529283046722412,0.02679155394434929,5,,,,,,123
full_cycle1,36,perturb_0.5sigma,1.3782837390899658,0.026572250295430422,5,,,,,,123
full_cycle1,36,perturb_1sigma,1.0559375286102295,0.02475300570949912,5,,,,,,123
full_cycle1,36,perturb_2sigma,0.8068759441375732,0.022117573767900467,5,,,,,,123
full_cycle1,37,supervised,1.330582618713379,0.020026826299726963,5,,,,,,123
full_cycle1,37,actor,1.4113426208496094,0.020115154329687357,5,,,,,,123
full_cycle1,37,zero,0.8024133443832397,0.01665218872949481,5,,,,,,123
full_cycle1,37,random,0.7253121733665466,0.01630935864523053,5,,,,,,123
full_cycle1,37,shuffled,0.5352403521537781,0.015112658031284809,5,,,,,,123
full_cycle1,37,perturb_0.25sigma,1.2990409135818481,0.02000657608732581,5,,,,,,123
full_cycle1,37,perturb_0.5sigma,1.0417747497558594,0.018861970864236355,5,,,,,,123
full_cycle1,37,perturb_1sigma,1.6139277219772339,0.02016749093309045,5,,,,,,123
full_cycle1,37,perturb_2sigma,0.8453149795532227,0.017277545761317015,5,,,,,,123
full_cycle1,38,supervised,1.2443864345550537,0.013399098068475723,5,,,,,,123
full_cycle1,38,actor,0.9905918836593628,0.013461254071444273,5,,,,,,123
full_cycle1,38,zero,0.513933539390564,0.010018738685175776,5,,,,,,123
full_cycle1,38,random,0.7587563991546631,0.011088314466178417,5,,,,,,123
full_cycle1,38,shuffled,0.206741064786911,0.008471334702335298,5,,,,,,123
full_cycle1,38,perturb_0.25sigma,1.0883376598358154,0.013025195337831974,5,,,,,,123
full_cycle1,38,perturb_0.5sigma,1.4283251762390137,0.013609851244837046,5,,,,,,123
full_cycle1,38,perturb_1sigma,0.49056941270828247,0.010227350750938058,5,,,,,,123
full_cycle1,38,perturb_2sigma,0.5671801567077637,0.010790247935801744,5,,,,,,123
full_cycle1,39,supervised,1.08632230758667,0.006711923982948065,5,,,,,,123
full_cycle1,39,actor,0.3041303753852844,0.00675679137930274,5,,,,,,123
full_cycle1,39,zero,0.007206052541732788,0.0033369692973792553,5,,,,,,123
full_cycle1,39,random,-0.04308988153934479,0.003157426370307803,5,,,,,,123
full_cycle1,39,shuffled,-0.2988182306289673,0.0017844258109107614,5,,,,,,123
full_cycle1,39,perturb_0.25sigma,0.8460735082626343,0.006317423190921545,5,,,,,,123
full_cycle1,39,perturb_0.5sigma,1.238999843597412,0.006883719004690647,5,,,,,,123
full_cycle1,39,perturb_1sigma,0.15986940264701843,0.004487357567995787,5,,,,,,123
full_cycle1,39,perturb_2sigma,-0.14458122849464417,0.002828676952049136,5,,,,,,123
full_cycle1,40,supervised,1.497419834136963,0.043317412957549095,5,,,,,,123
full_cycle1,40,actor,1.8959763050079346,0.040213404688984156,5,,,,,,123
full_cycle1,40,zero,1.0481092929840088,0.04021804314106703,5,,,,,,123
full_cycle1,40,random,1.2738699913024902,0.04238258069381118,5,,,,,,123
full_cycle1,40,shuffled,0.8741822838783264,0.037892565596848726,5,,,,,,123
full_cycle1,40,perturb_0.25sigma,1.664842128753662,0.043036884628236294,5,,,,,,123
full_cycle1,40,perturb_0.5sigma,1.2309170961380005,0.04250714834779501,5,,,,,,123
full_cycle1,40,perturb_1sigma,1.9059455394744873,0.04086039215326309,5,,,,,,123
full_cycle1,40,perturb_2sigma,1.1581223011016846,0.04245012393221259,5,,,,,,123
full_cycle1,41,supervised,1.4298644065856934,0.03505691699683666,5,,,,,,123
full_cycle1,41,actor,1.7122255563735962,0.0317862406373024,5,,,,,,123
full_cycle1,41,zero,0.9429917335510254,0.031889263074845076,5,,,,,,123
full_cycle1,41,random,0.8510947227478027,0.030816441401839256,5,,,,,,123
full_cycle1,41,shuffled,0.7603503465652466,0.029525502352043986,5,,,,,,123
full_cycle1,41,perturb_0.25sigma,1.5138335227966309,0.035047815181314945,5,,,,,,123
full_cycle1,41,perturb_0.5sigma,1.4111138582229614,0.03488672245293856,5,,,,,,123
full_cycle1,41,perturb_1sigma,1.3075611591339111,0.03484688699245453,5,,,,,,123
full_cycle1,41,perturb_2sigma,1.5891016721725464,0.034432727843523026,5,,,,,,123
full_cycle1,42,supervised,1.3768508434295654,0.026567718014121056,5,,,,,,123
full_cycle1,42,actor,1.3859754800796509,0.02317250519990921,5,,,,,,123
full_cycle1,42,zero,0.7813780307769775,0.023349749390035868,5,,,,,,123
full_cycle1,42,random,1.4131450653076172,0.026060662232339382,5,,,,,,123
full_cycle1,42,shuffled,0.5601156949996948,0.020954351173713803,5,,,,,,123
full_cycle1,42,perturb_0.25sigma,1.3544163703918457,0.026538058184087276,5,,,,,,123
full_cycle1,42,perturb_0.5sigma,1.5792851448059082,0.026249678805470467,5,,,,,,123
full_cycle1,42,perturb_1sigma,0.7444271445274353,0.023042320739477873,5,,,,,,123
full_cycle1,42,perturb_2sigma,1.651369333267212,0.02606940921396017,5,,,,,,123
full_cycle1,43,supervised,1.3212449550628662,0.017877740785479546,5,,,,,,123
full_cycle1,43,actor,0.9207683205604553,0.014399164821952581,5,,,,,,123
full_cycle1,43,zero,0.4922697842121124,0.014624111354351044,5,,,,,,123
full_cycle1,43,random,0.39743176102638245,0.01393020898103714,5,,,,,,123
full_cycle1,43,shuffled,0.19373568892478943,0.012210852233693004,5,,,,,,123
full_cycle1,43,perturb_0.25sigma,1.3208779096603394,0.017866043373942375,5,,,,,,123
full_cycle1,43,perturb_0.5sigma,1.6051976680755615,0.017471328377723694,5,,,,,,123
full_cycle1,43,perturb_1sigma,1.1426293849945068,0.01779916789382696,5,,,,,,123
full_cycle1,43,perturb_2sigma,0.657241702079773,0.016168267000466585,5,,,,,,123
full_cycle1,44,supervised,1.183113932609558,0.009013478644192219,5,,,,,,123
full_cycle1,44,actor,0.21279504895210266,0.005494134966284037,5,,,,,,123
full_cycle1,44,zero,-0.027642488479614258,0.005734583362936974,5,,,,,,123
full_cycle1,44,random,-0.21702533960342407,0.004182673990726471,5,,,,,,123
full_cycle1,44,shuffled,-0.35296499729156494,0.0033129642251878977,5,,,,,,123
full_cycle1,44,perturb_0.25sigma,1.1098911762237549,0.009040649980306625,5,,,,,,123
full_cycle1,44,perturb_0.5sigma,0.7226977348327637,0.008779420517385006,5,,,,,,123
full_cycle1,44,perturb_1sigma,0.45147696137428284,0.008409608155488968,5,,,,,,123
full_cycle1,44,perturb_2sigma,-0.05335710942745209,0.005778790917247534,5,,,,,,123
full_cycle1,45,supervised,1.5750868320465088,0.049149492755532265,5,,,,,,123
full_cycle1,45,actor,1.7991732358932495,0.04787329863756895,5,,,,,,123
full_cycle1,45,zero,1.3948348760604858,0.0502155777066946,5,,,,,,123
full_cycle1,45,random,1.3507002592086792,0.050206949934363365,5,,,,,,123
full_cycle1,45,shuffled,1.2612597942352295,0.05071482062339783,5,,,,,,123
full_cycle1,45,perturb_0.25sigma,1.3927236795425415,0.05028927978128195,5,,,,,,123
full_cycle1,45,perturb_0.5sigma,1.6314634084701538,0.048676032572984695,5,,,,,,123
full_cycle1,45,perturb_1sigma,1.3818765878677368,0.03357373969629407,5,,,,,,123
full_cycle1,45,perturb_2sigma,1.784364938735962,0.04615277983248234,5,,,,,,123
full_cycle1,46,supervised,1.457986831665039,0.04087018687278032,5,,,,,,123
full_cycle1,46,actor,1.7464359998703003,0.03948027081787586,5,,,,,,123
full_cycle1,46,zero,1.2601277828216553,0.04201042931526899,5,,,,,,123
full_cycle1,46,random,1.0815032720565796,0.04218757711350918,5,,,,,,123
full_cycle1,46,shuffled,1.1073253154754639,0.04246339853852987,5,,,,,,123
full_cycle1,46,perturb_0.25sigma,1.5397552251815796,0.040469047613441944,5,,,,,,123
full_cycle1,46,perturb_0.5sigma,2.342273712158203,0.035019371658563614,5,,,,,,123
full_cycle1,46,perturb_1sigma,1.6125446557998657,0.026509907329455018,5,,,,,,123
full_cycle1,46,perturb_2sigma,1.5393903255462646,0.02700736536644399,5,,,,,,123
full_cycle1,47,supervised,1.2876454591751099,0.031903800554573536,5,,,,,,123
full_cycle1,47,actor,1.6509493589401245,0.030353546142578125,5,,,,,,123
full_cycle1,47,zero,1.0659329891204834,0.033102111890912056,5,,,,,,123
full_cycle1,47,random,0.8002232313156128,0.016116220504045486,5,,,,,,123
full_cycle1,47,shuffled,0.8526197671890259,0.033503481186926365,5,,,,,,123
full_cycle1,47,perturb_0.25sigma,1.326888084411621,0.031796982511878014,5,,,,,,123
full_cycle1,47,perturb_0.5sigma,0.9434927701950073,0.03290586452931166,5,,,,,,123
full_cycle1,47,perturb_1sigma,0.56132972240448,0.02891921903938055,5,,,,,,123
full_cycle1,47,perturb_2sigma,0.9143648147583008,0.016026226337999105,5,,,,,,123
full_cycle1,48,supervised,1.0111310482025146,0.022176627069711685,5,,,,,,123
full_cycle1,48,actor,1.4766647815704346,0.02045372035354376,5,,,,,,123
full_cycle1,48,zero,0.7254538536071777,0.023418480530381203,5,,,,,,123
full_cycle1,48,random,0.5111401081085205,0.023099055513739586,5,,,,,,123
full_cycle1,48,shuffled,0.4733516275882721,0.023706411942839622,5,,,,,,123
full_cycle1,48,perturb_0.25sigma,1.0425455570220947,0.021913054399192333,5,,,,,,123
full_cycle1,48,perturb_0.5sigma,1.0301752090454102,0.02206335961818695,5,,,,,,123
full_cycle1,48,perturb_1sigma,0.8707277178764343,0.02261961344629526,5,,,,,,123
full_cycle1,48,perturb_2sigma,0.04658913612365723,0.01664446434006095,5,,,,,,123
full_cycle1,49,supervised,0.5344027876853943,0.011586346663534641,5,,,,,,123
full_cycle1,49,actor,1.1772773265838623,0.009727150201797485,5,,,,,,123
full_cycle1,49,zero,0.20778986811637878,0.012853235006332397,5,,,,,,123
full_cycle1,49,random,0.757095456123352,-0.0005063740536570549,5,,,,,,123
full_cycle1,49,shuffled,-0.06998123228549957,0.012940561398863792,5,,,,,,123
full_cycle1,49,perturb_0.25sigma,0.21984297037124634,0.01255426649004221,5,,,,,,123
full_cycle1,49,perturb_0.5sigma,1.8527737855911255,0.005972301587462425,5,,,,,,123
full_cycle1,49,perturb_1sigma,-0.0034904181957244873,0.011770765297114849,5,,,,,,123
full_cycle1,49,perturb_2sigma,-0.07885551452636719,-0.003736368380486965,5,,,,,,123
full_cycle1,50,supervised,1.5750868320465088,0.049149492755532265,5,,,,,,123
full_cycle1,50,actor,1.7991732358932495,0.04787329863756895,5,,,,,,123
full_cycle1,50,zero,1.3948348760604858,0.0502155777066946,5,,,,,,123
full_cycle1,50,random,2.428359031677246,0.03774518484715372,5,,,,,,123
full_cycle1,50,shuffled,1.2612597942352295,0.05071482062339783,5,,,,,,123
full_cycle1,50,perturb_0.25sigma,1.3708252906799316,0.05033701937645674,5,,,,,,123
full_cycle1,50,perturb_0.5sigma,1.3777976036071777,0.05026649311184883,5,,,,,,123
full_cycle1,50,perturb_1sigma,2.416372299194336,0.041518057230859995,5,,,,,,123
full_cycle1,50,perturb_2sigma,1.5293365716934204,0.034037674544379115,5,,,,,,123
full_cycle1,51,supervised,1.4235583543777466,0.04071573819965124,5,,,,,,123
full_cycle1,51,actor,1.694958209991455,0.039411392994225025,5,,,,,,123
full_cycle1,51,zero,1.2443276643753052,0.04173427354544401,5,,,,,,123
full_cycle1,51,random,2.421351432800293,0.032474517123773694,5,,,,,,123
full_cycle1,51,shuffled,1.0962891578674316,0.04213826358318329,5,,,,,,123
full_cycle1,51,perturb_0.25sigma,1.1765227317810059,0.04185241460800171,5,,,,,,123
full_cycle1,51,perturb_0.5sigma,1.8507936000823975,0.0377692487090826,5,,,,,,123
full_cycle1,51,perturb_1sigma,0.8220252990722656,0.03854542504996061,5,,,,,,123
full_cycle1,51,perturb_2sigma,0.760866641998291,0.03726924862712622,5,,,,,,123
full_cycle1,52,supervised,1.2207045555114746,0.031248207204043865,5,,,,,,123
full_cycle1,52,actor,1.5417553186416626,0.02982824482023716,5,,,,,,123
full_cycle1,52,zero,1.0170128345489502,0.03227939549833536,5,,,,,,123
full_cycle1,52,random,0.8455291986465454,0.03199993818998337,5,,,,,,123
full_cycle1,52,shuffled,0.8304504156112671,0.032601927407085896,5,,,,,,123
full_cycle1,52,perturb_0.25sigma,1.2249778509140015,0.031075434759259224,5,,,,,,123
full_cycle1,52,perturb_0.5sigma,1.1070971488952637,0.03182612173259258,5,,,,,,123
full_cycle1,52,perturb_1sigma,0.7297416925430298,0.03102300688624382,5,,,,,,123
full_cycle1,52,perturb_2sigma,1.2690315246582031,0.016859258292242885,5,,,,,,123
full_cycle1,53,supervised,0.9176126718521118,0.021284615620970726,5,,,,,,123
full_cycle1,53,actor,1.3028639554977417,0.019829655066132545,5,,,,,,123
full_cycle1,53,zero,0.6513210535049438,0.022257410921156406,5,,,,,,123
full_cycle1,53,random,0.24951639771461487,0.01756164850667119,5,,,,,,123
full_cycle1,53,shuffled,0.45102164149284363,0.022473670542240143,5,,,,,,123
full_cycle1,53,perturb_0.25sigma,0.8936703205108643,0.021369284950196743,5,,,,,,123
full_cycle1,53,perturb_0.5sigma,1.6306277513504028,0.01773135084658861,5,,,,,,123
full_cycle1,53,perturb_1sigma,1.1410496234893799,0.008472657413221896,5,,,,,,123
full_cycle1,53,perturb_2sigma,1.7366758584976196,0.009489794087130576,5,,,,,,123
full_cycle1,54,supervised,0.4130547046661377,0.010850779712200165,5,,,,,,123
full_cycle1,54,actor,0.9439936876296997,0.009308675304055214,5,,,,,,123
full_cycle1,54,zero,0.15861071646213531,0.011757676489651203,5,,,,,,123
full_cycle1,54,random,1.5653263330459595,0.005263179074972868,5,,,,,,123
full_cycle1,54,shuffled,-0.09642954170703888,0.01183390710502863,5,,,,,,123
full_cycle1,54,perturb_0.25sigma,0.09008291363716125,0.011399931274354458,5,,,,,,123
full_cycle1,54,perturb_0.5sigma,0.09221002459526062,0.011406293138861656,5,,,,,,123
full_cycle1,54,perturb_1sigma,0.12733259797096252,-0.0027096483390778303,5,,,,,,123
full_cycle1,54,perturb_2sigma,0.10495951771736145,0.01104122307151556,5,,,,,,123
full_cycle1,55,supervised,1.0804932117462158,0.032342060934752226,5,,,,,,123
full_cycle1,55,actor,0.28742504119873047,0.004568669945001602,5,,,,,,123
full_cycle1,55,zero,-0.05652332305908203,-0.030008958652615547,5,,,,,,123
full_cycle1,55,random,-0.2501526176929474,-0.046938056126236916,5,,,,,,123
full_cycle1,55,shuffled,-0.34937286376953125,-0.05067544337362051,5,,,,,,123
full_cycle1,55,perturb_0.25sigma,0.9233042001724243,0.027291593607515097,5,,,,,,123
full_cycle1,55,perturb_0.5sigma,0.9767150282859802,0.02901164349168539,5,,,,,,123
full_cycle1,55,perturb_1sigma,0.6371217966079712,0.009708788245916367,5,,,,,,123
full_cycle1,55,perturb_2sigma,-0.08740119636058807,-0.03390363231301308,5,,,,,,123
full_cycle1,56,supervised,1.0348358154296875,0.03120490233413875,5,,,,,,123
full_cycle1,56,actor,0.12104913592338562,-0.006206276826560497,5,,,,,,123
full_cycle1,56,zero,-0.31307217478752136,-0.07200188003480434,5,,,,,,123
full_cycle1,56,random,0.23189905285835266,-0.01962631195783615,5,,,,,,123
full_cycle1,56,shuffled,-0.578551173210144,-0.10052554868161678,5,,,,,,123
full_cycle1,56,perturb_0.25sigma,0.9566552042961121,0.02676637883996591,5,,,,,,123
full_cycle1,56,perturb_0.5sigma,0.9835036993026733,0.029676841106265783,5,,,,,,123
full_cycle1,56,perturb_1sigma,0.2673508822917938,0.0024735834449529648,5,,,,,,123
full_cycle1,56,perturb_2sigma,0.04860126972198486,-0.01735808700323105,5,,,,,,123
full_cycle1,57,supervised,0.9643437266349792,0.029639518819749355,5,,,,,,123
full_cycle1,57,actor,-0.12883804738521576,-0.028412185609340668,5,,,,,,123
full_cycle1,57,zero,-0.6391030550003052,-0.14853418245911598,5,,,,,,123
full_cycle1,57,random,-0.6127809286117554,-0.14532453194260597,5,,,,,,123
full_cycle1,57,shuffled,-0.8879134654998779,-0.18944702297449112,5,,,,,,123
full_cycle1,57,perturb_0.25sigma,0.522213339805603,0.014022721908986568,5,,,,,,123
full_cycle1,57,perturb_0.5sigma,0.951628565788269,0.028778936713933945,5,,,,,,123
full_cycle1,57,perturb_1sigma,0.8280665874481201,0.02649176610430004,5,,,,,,123
full_cycle1,57,perturb_2sigma,-0.5440452098846436,-0.12757378444075584,5,,,,,,123
full_cycle1,58,supervised,0.7904132604598999,0.027500126510858536,5,,,,,,123
full_cycle1,58,actor,-0.5290531516075134,-0.08327129110693932,5,,,,,,123
full_cycle1,58,zero,-1.033965826034546,-0.30925486981868744,5,,,,,,123
full_cycle1,58,random,-1.2631030082702637,-0.36546775698661804,5,,,,,,123
full_cycle1,58,shuffled,-1.2677009105682373,-0.36987725645303726,5,,,,,,123
full_cycle1,58,perturb_0.25sigma,0.6809595823287964,0.023323985282331705,5,,,,,,123
full_cycle1,58,perturb_0.5sigma,-0.009481310844421387,-0.02247600257396698,5,,,,,,123
full_cycle1,58,perturb_1sigma,0.7119122743606567,-0.007352311164140701,5,,,,,,123
full_cycle1,58,perturb_2sigma,-1.192040205001831,-0.35390230268239975,5,,,,,,123
full_cycle1,59,supervised,0.44891151785850525,0.023319397121667862,5,,,,,,123
full_cycle1,59,actor,-0.9964311122894287,-0.27230575680732727,5,,,,,,123
full_cycle1,59,zero,-1.427483320236206,-0.7125435471534729,5,,,,,,123
full_cycle1,59,random,-1.4807329177856445,-0.7449806332588196,5,,,,,,123
full_cycle1,59,shuffled,-1.6376943588256836,-0.8000631928443909,5,,,,,,123
full_cycle1,59,perturb_0.25sigma,0.12082679569721222,-0.009472029283642769,5,,,,,,123
full_cycle1,59,perturb_0.5sigma,-0.9321660995483398,-0.24412153661251068,5,,,,,,123
full_cycle1,59,perturb_1sigma,-0.9082516431808472,-0.21652229130268097,5,,,,,,123
full_cycle1,59,perturb_2sigma,0.1555902063846588,0.029984476044774055,5,,,,,,123
full_cycle1,60,supervised,1.495388388633728,0.04309167619794607,5,,,,,,123
full_cycle1,60,actor,1.891622543334961,0.040140931494534016,5,,,,,,123
full_cycle1,60,zero,1.0475481748580933,0.03994381008669734,5,,,,,,123
full_cycle1,60,random,0.9350124597549438,0.03801135579124093,5,,,,,,123
full_cycle1,60,shuffled,0.8728196620941162,0.0376504585146904,5,,,,,,123
full_cycle1,60,perturb_0.25sigma,1.6646157503128052,0.04277791269123554,5,,,,,,123
full_cycle1,60,perturb_0.5sigma,1.7184603214263916,0.04282981902360916,5,,,,,,123
full_cycle1,60,perturb_1sigma,1.6219723224639893,0.042956555262207985,5,,,,,,123
full_cycle1,60,perturb_2sigma,1.7978986501693726,0.0418515601195395,5,,,,,,123
full_cycle1,61,supervised,1.4283627271652222,0.0348677197471261,5,,,,,,123
full_cycle1,61,actor,1.7103248834609985,0.03175384970381856,5,,,,,,123
full_cycle1,61,zero,0.942668080329895,0.0316521511413157,5,,,,,,123
full_cycle1,61,random,0.763954222202301,0.029418876627460122,5,,,,,,123
full_cycle1,61,shuffled,0.7596732974052429,0.029321455163881183,5,,,,,,123
full_cycle1,61,perturb_0.25sigma,1.5445867776870728,0.03479302115738392,5,,,,,,123
full_cycle1,61,perturb_0.5sigma,1.6648024320602417,0.03449453320354223,5,,,,,,123
full_cycle1,61,perturb_1sigma,1.055371642112732,0.033356471452862024,5,,,,,,123
full_cycle1,61,perturb_2sigma,1.231041431427002,0.03436269145458937,5,,,,,,123
full_cycle1,62,supervised,1.3746941089630127,0.026419068686664104,5,,,,,,123
full_cycle1,62,actor,1.3863319158554077,0.023183966986835003,5,,,,,,123
full_cycle1,62,zero,0.7815052270889282,0.02315447712317109,5,,,,,,123
full_cycle1,62,random,0.669500470161438,0.022044706158339977,5,,,,,,123
full_cycle1,62,shuffled,0.5599098205566406,0.020793319446966052,5,,,,,,123
full_cycle1,62,perturb_0.25sigma,1.2101428508758545,0.026228676550090313,5,,,,,,123
full_cycle1,62,perturb_0.5sigma,1.197338581085205,0.025944613851606846,5,,,,,,123
full_cycle1,62,perturb_1sigma,1.01534903049469,0.025766420178115368,5,,,,,,123
full_cycle1,62,perturb_2sigma,1.7050803899765015,0.023827112279832363,5,,,,,,123
full_cycle1,63,supervised,1.3165950775146484,0.017774710431694984,5,,,,,,123
full_cycle1,63,actor,0.9232486486434937,0.01445742417126894,5,,,,,,123
full_cycle1,63,zero,0.49179551005363464,0.014475041534751654,5,,,,,,123
full_cycle1,63,random,1.1726101636886597,0.017292513512074947,5,,,,,,123
full_cycle1,63,shuffled,0.1943245530128479,0.01209744019433856,5,,,,,,123
full_cycle1,63,perturb_0.25sigma,1.2332048416137695,0.01775687001645565,5,,,,,,123
full_cycle1,63,perturb_0.5sigma,1.559920072555542,0.01752382703125477,5,,,,,,123
full_cycle1,63,perturb_1sigma,0.2523665726184845,0.012702538631856441,5,,,,,,123
full_cycle1,63,perturb_2sigma,0.2820112109184265,0.013050425797700882,5,,,,,,123
full_cycle1,64,supervised,1.1782445907592773,0.008959722705185413,5,,,,,,123
full_cycle1,64,actor,0.2119016945362091,0.005602133926004171,5,,,,,,123
full_cycle1,64,zero,-0.0273321270942688,0.005635962821543217,5,,,,,,123
full_cycle1,64,random,0.14008399844169617,0.006484583485871553,5,,,,,,123
full_cycle1,64,shuffled,-0.351907879114151,0.00325070321559906,5,,,,,,123
full_cycle1,64,perturb_0.25sigma,1.2222999334335327,0.00896267406642437,5,,,,,,123
full_cycle1,64,perturb_0.5sigma,0.8748342990875244,0.008927824907004833,5,,,,,,123
full_cycle1,64,perturb_1sigma,1.049530267715454,0.009119559079408646,5,,,,,,123
full_cycle1,64,perturb_2sigma,-0.2716251313686371,0.003617145586758852,5,,,,,,123
full_cycle1,65,supervised,1.6281771659851074,0.05327978357672691,5,,,,,,123
full_cycle1,65,actor,2.1901206970214844,0.04657679609954357,5,,,,,,123
full_cycle1,65,zero,1.1512963771820068,0.052566321566700935,5,,,,,,123
full_cycle1,65,random,1.209246277809143,0.05325453449040651,5,,,,,,123
full_cycle1,65,shuffled,0.9461982250213623,0.04921910213306546,5,,,,,,123
full_cycle1,65,perturb_0.25sigma,1.690176248550415,0.052888899110257626,5,,,,,,123
full_cycle1,65,perturb_0.5sigma,1.7372816801071167,0.052827319130301476,5,,,,,,123
full_cycle1,65,perturb_1sigma,1.5403921604156494,0.05345325171947479,5,,,,,,123
full_cycle1,65,perturb_2sigma,0.8980129957199097,0.047927236184477806,5,,,,,,123
full_cycle1,66,supervised,1.5520575046539307,0.04355458077043295,5,,,,,,123
full_cycle1,66,actor,2.0984435081481934,0.03652101894840598,5,,,,,,123
full_cycle1,66,zero,1.0222448110580444,0.042809135280549526,5,,,,,,123
full_cycle1,66,random,0.8723423480987549,0.040774965193122625,5,,,,,,123
full_cycle1,66,shuffled,0.8053709268569946,0.0392524478957057,5,,,,,,123
full_cycle1,66,perturb_0.25sigma,1.313312292098999,0.04418643843382597,5,,,,,,123
full_cycle1,66,perturb_0.5sigma,2.0227720737457275,0.04063506796956062,5,,,,,,123
full_cycle1,66,perturb_1sigma,1.430832862854004,0.04377033654600382,5,,,,,,123
full_cycle1,66,perturb_2sigma,1.0975377559661865,0.043600112199783325,5,,,,,,123
full_cycle1,67,supervised,1.4926228523254395,0.033363849855959415,5,,,,,,123
full_cycle1,67,actor,1.813381552696228,0.02605900587514043,5,,,,,,123
full_cycle1,67,zero,0.8286513090133667,0.032595629803836346,5,,,,,,123
full_cycle1,67,random,1.4200122356414795,0.03367972932755947,5,,,,,,123
full_cycle1,67,shuffled,0.5795624256134033,0.028848056215792894,5,,,,,,123
full_cycle1,67,perturb_0.25sigma,1.598299503326416,0.032959096133708954,5,,,,,,123
full_cycle1,67,perturb_0.5sigma,1.6119701862335205,0.03279977198690176,5,,,,,,123
full_cycle1,67,perturb_1sigma,2.1442008018493652,0.027020171750336885,5,,,,,,123
full_cycle1,67,perturb_2sigma,1.088879108428955,0.03389766067266464,5,,,,,,123
full_cycle1,68,supervised,1.315429449081421,0.022716005332767963,5,,,,,,123
full_cycle1,68,actor,1.336251974105835,0.015196585562080145,5,,,,,,123
full_cycle1,68,zero,0.5222592353820801,0.021926905028522015,5,,,,,,123
full_cycle1,68,random,1.5685136318206787,0.0213144663721323,5,,,,,,123
full_cycle1,68,shuffled,0.21198996901512146,0.017988790292292833,5,,,,,,123
full_cycle1,68,perturb_0.25sigma,1.2213976383209229,0.022961122915148735,5,,,,,,123
full_cycle1,68,perturb_0.5sigma,1.8284034729003906,0.016278055030852556,5,,,,,,123
full_cycle1,68,perturb_1sigma,1.6781682968139648,0.02115584257990122,5,,,,,,123
full_cycle1,68,perturb_2sigma,1.9101107120513916,0.01800002669915557,5,,,,,,123
full_cycle1,69,supervised,0.9853121638298035,0.011600124649703503,5,,,,,,123
full_cycle1,69,actor,0.7646628618240356,0.003906252793967724,5,,,,,,123
full_cycle1,69,zero,0.024233102798461914,0.010785799473524094,5,,,,,,123
full_cycle1,69,random,0.6693260669708252,0.0122773302718997,5,,,,,,123
full_cycle1,69,shuffled,-0.33529266715049744,0.006656897719949484,5,,,,,,123
full_cycle1,69,perturb_0.25sigma,0.7959620356559753,0.011920467019081116,5,,,,,,123
full_cycle1,69,perturb_0.5sigma,0.8296622037887573,0.012037196196615696,5,,,,,,123
full_cycle1,69,perturb_1sigma,0.7702101469039917,0.0025694731157273054,5,,,,,,123
full_cycle1,69,perturb_2sigma,-0.10126763582229614,-0.0007231212803162634,5,,,,,,123
full_cycle1,70,supervised,1.4655534029006958,0.03482041973620653,5,,,,,,123
full_cycle1,70,actor,1.7933803796768188,0.03483697911724448,5,,,,,,123
full_cycle1,70,zero,1.0427494049072266,0.0313482815399766,5,,,,,,123
full_cycle1,70,random,0.9319527745246887,0.0304760264698416,5,,,,,,123
full_cycle1,70,shuffled,0.827041745185852,0.029754638322629035,5,,,,,,123
full_cycle1,70,perturb_0.25sigma,1.4830777645111084,0.03488553501665592,5,,,,,,123
full_cycle1,70,perturb_0.5sigma,1.4503147602081299,0.03467478463426232,5,,,,,,123
full_cycle1,70,perturb_1sigma,1.778104305267334,0.0349830724298954,5,,,,,,123
full_cycle1,70,perturb_2sigma,1.5759687423706055,0.0349282706156373,5,,,,,,123
full_cycle1,71,supervised,1.3907488584518433,0.028036846313625574,5,,,,,,123
full_cycle1,71,actor,1.6571884155273438,0.02798166126012802,5,,,,,,123
full_cycle1,71,zero,0.9482004046440125,0.02452456159517169,5,,,,,,123
full_cycle1,71,random,1.4865138530731201,0.027176665142178535,5,,,,,,123
full_cycle1,71,shuffled,0.722427248954773,0.022912108222953975,5,,,,,,123
full_cycle1,71,perturb_0.25sigma,1.3915042877197266,0.028045133221894503,5,,,,,,123
full_cycle1,71,perturb_0.5sigma,1.1998050212860107,0.0274220104329288,5,,,,,,123
full_cycle1,71,perturb_1sigma,0.9477993845939636,0.024909953586757183,5,,,,,,123
full_cycle1,71,perturb_2sigma,0.8429454565048218,0.023542094277217984,5,,,,,,123
full_cycle1,72,supervised,1.3383426666259766,0.02114399801939726,5,,,,,,123
full_cycle1,72,actor,1.4150205850601196,0.02103637484833598,5,,,,,,123
full_cycle1,72,zero,0.8000567555427551,0.017608026042580605,5,,,,,,123
full_cycle1,72,random,0.928168773651123,0.018304234370589256,5,,,,,,123
full_cycle1,72,shuffled,0.5372499227523804,0.015981041477061808,5,,,,,,123
full_cycle1,72,perturb_0.25sigma,1.2032511234283447,0.02083357097581029,5,,,,,,123
full_cycle1,72,perturb_0.5sigma,1.0929003953933716,0.020393929909914732,5,,,,,,123
full_cycle1,72,perturb_1sigma,1.2552568912506104,0.02058843057602644,5,,,,,,123
full_cycle1,72,perturb_2sigma,0.850604236125946,0.018261496908962727,5,,,,,,123
full_cycle1,73,supervised,1.25396728515625,0.014159052167087793,5,,,,,,123
full_cycle1,73,actor,0.982703685760498,0.014017814304679632,5,,,,,,123
full_cycle1,73,zero,0.5061681270599365,0.010615368839353323,5,,,,,,123
full_cycle1,73,random,0.37967050075531006,0.009939729468896985,5,,,,,,123
full_cycle1,73,shuffled,0.20291271805763245,0.008980631828308105,5,,,,,,123
full_cycle1,73,perturb_0.25sigma,1.1710240840911865,0.014059499371796846,5,,,,,,123
full_cycle1,73,perturb_0.5sigma,1.1250739097595215,0.014025997370481491,5,,,,,,123
full_cycle1,73,perturb_1sigma,1.4527244567871094,0.014334686566144228,5,,,,,,123
full_cycle1,73,perturb_2sigma,0.8974487781524658,0.01383855752646923,5,,,,,,123
full_cycle1,74,supervised,1.0993542671203613,0.007103436626493931,5,,,,,,123
full_cycle1,74,actor,0.2805112600326538,0.006939476355910301,5,,,,,,123
full_cycle1,74,zero,0.0012142956256866455,0.003563756588846445,5,,,,,,123
full_cycle1,74,random,-0.19650959968566895,0.00267413049004972,5,,,,,,123
full_cycle1,74,shuffled,-0.30955278873443604,0.0019259032560512424,5,,,,,,123
full_cycle1,74,perturb_0.25sigma,0.9555090665817261,0.006906342692673206,5,,,,,,123
full_cycle1,74,perturb_0.5sigma,1.1908793449401855,0.007303327787667513,5,,,,,,123
full_cycle1,74,perturb_1sigma,0.8222250938415527,0.006393121555447578,5,,,,,,123
full_cycle1,74,perturb_2sigma,0.0748172402381897,0.0046088737435638905,5,,,,,,123
full_cycle1,75,supervised,1.1658490896224976,0.018970329081639647,5,,,,,,123
full_cycle1,75,actor,0.9280586838722229,0.02310877270065248,5,,,,,,123
full_cycle1,75,zero,2.5114569664001465,0.008696335833519697,5,,,,,,123
full_cycle1,75,random,1.0409289598464966,0.001818037242628634,5,,,,,,123
full_cycle1,75,shuffled,1.6593554019927979,0.0032166719902306795,5,,,,,,123
full_cycle1,75,perturb_0.25sigma,1.2006233930587769,0.018353677005507052,5,,,,,,123
full_cycle1,75,perturb_0.5sigma,1.3064581155776978,0.0171363796107471,5,,,,,,123
full_cycle1,75,perturb_1sigma,0.8139161467552185,0.023732418980216607,5,,,,,,123
full_cycle1,75,perturb_2sigma,0.8397741317749023,0.001610411811270751,5,,,,,,123
full_cycle1,76,supervised,1.0251822471618652,0.01592124835588038,5,,,,,,123
full_cycle1,76,actor,0.7775884866714478,0.019241495989263058,5,,,,,,123
full_cycle1,76,zero,2.554380416870117,0.00593151239445433,5,,,,,,123
full_cycle1,76,random,2.5760769844055176,0.0058330639731138945,5,,,,,,123
full_cycle1,76,shuffled,1.1776115894317627,0.00035546535582398064,5,,,,,,123
full_cycle1,76,perturb_0.25sigma,0.9665013551712036,0.01677464717067778,5,,,,,,123
full_cycle1,76,perturb_0.5sigma,0.8849314451217651,0.01815831777639687,5,,,,,,123
full_cycle1,76,perturb_1sigma,2.1503915786743164,0.0032490585872437805,5,,,,,,123
full_cycle1,76,perturb_2sigma,0.9114607572555542,0.00013333210154087283,5,,,,,,123
full_cycle1,77,supervised,0.8249517679214478,0.012642685789614916,5,,,,,,123
full_cycle1,77,actor,0.5211168527603149,0.014835541602224112,5,,,,,,123
full_cycle1,77,zero,2.3053085803985596,0.003215643053408712,5,,,,,,123
full_cycle1,77,random,1.4913549423217773,0.001064121228409931,5,,,,,,123
full_cycle1,77,shuffled,0.6485887765884399,-0.002381834536208771,5,,,,,,123
full_cycle1,77,perturb_0.25sigma,0.6918847560882568,0.01395656168460846,5,,,,,,123
full_cycle1,77,perturb_0.5sigma,1.8259145021438599,0.00706193211954087,5,,,,,,123
full_cycle1,77,perturb_1sigma,0.7940487861633301,0.012996206525713205,5,,,,,,123
full_cycle1,77,perturb_2sigma,0.09854081273078918,0.012729256646707654,5,,,,,,123
full_cycle1,78,supervised,0.5032281279563904,0.009019794408231974,5,,,,,,123
full_cycle1,78,actor,0.09475019574165344,0.0097068315371871,5,,,,,,123
full_cycle1,78,zero,1.3885717391967773,0.0005680536269210279,5,,,,,,123
full_cycle1,78,random,1.4932299852371216,0.004468128085136414,5,,,,,,123
full_cycle1,78,shuffled,0.058088064193725586,-0.004925659217406064,5,,,,,,123
full_cycle1,78,perturb_0.25sigma,1.307073950767517,0.005841629346832633,5,,,,,,123
full_cycle1,78,perturb_0.5sigma,1.8033382892608643,0.001894635905046016,5,,,,,,123
full_cycle1,78,perturb_1sigma,-0.375346302986145,0.005216580117121339,5,,,,,,123
full_cycle1,78,perturb_2sigma,-0.49388325214385986,0.004229169338941574,5,,,,,,123
full_cycle1,79,supervised,-0.014061391353607178,0.004876013845205307,5,,,,,,123
full_cycle1,79,actor,-0.4693170487880707,0.003632253035902977,5,,,,,,123
full_cycle1,79,zero,0.30648836493492126,-0.001971280202269554,5,,,,,,123
full_cycle1,79,random,-0.4312684237957001,-0.005899609997868538,5,,,,,,123
full_cycle1,79,shuffled,-0.6232547760009766,-0.007224418688565493,5,,,,,,123
full_cycle1,79,perturb_0.25sigma,0.0404299795627594,0.0047736275009810925,5,,,,,,123
full_cycle1,79,perturb_0.5sigma,0.2794710099697113,0.004305346868932247,5,,,,,,123
full_cycle1,79,perturb_1sigma,-0.5297621488571167,-0.006348432507365942,5,,,,,,123
full_cycle1,79,perturb_2sigma,-1.1091009378433228,-0.004750262480229139,5,,,,,,123
full_cycle1,-1,summary,,,5,,0.13145833333333334,0.5588097785335526,0.1125,0.225,123
td3_bc,0,supervised,1.8528249263763428,0.05292255897074938,5,,,,,,123
td3_bc,0,actor,1.8528249263763428,0.05292255897074938,5,,,,,,123
td3_bc,0,zero,1.3701997995376587,0.0541245648637414,5,,,,,,123
td3_bc,0,random,2.2854084968566895,0.041810725000686944,5,,,,,,123
td3_bc,0,shuffled,1.095941424369812,0.05329993739724159,5,,,,,,123
td3_bc,0,perturb_0.25sigma,1.9069950580596924,0.05264265462756157,5,,,,,,123
td3_bc,0,perturb_0.5sigma,1.2799183130264282,0.053929069079458714,5,,,,,,123
td3_bc,0,perturb_1sigma,1.1762961149215698,0.05349911656230688,5,,,,,,123
td3_bc,0,perturb_2sigma,0.9233062863349915,0.05137195251882076,5,,,,,,123
td3_bc,1,supervised,1.7208527326583862,0.0438411021605134,5,,,,,,123
td3_bc,1,actor,1.7208527326583862,0.0438411021605134,5,,,,,,123
td3_bc,1,zero,1.1623605489730835,0.04506341461092234,5,,,,,,123
td3_bc,1,random,1.3838006258010864,0.0447684321552515,5,,,,,,123
td3_bc,1,shuffled,0.8902388215065002,0.04399202484637499,5,,,,,,123
td3_bc,1,perturb_0.25sigma,1.5435904264450073,0.044429135508835316,5,,,,,,123
td3_bc,1,perturb_0.5sigma,2.0957064628601074,0.04205926135182381,5,,,,,,123
td3_bc,1,perturb_1sigma,0.7661638855934143,0.04121417040005326,5,,,,,,123
td3_bc,1,perturb_2sigma,1.9222005605697632,0.03186499084404204,5,,,,,,123
td3_bc,2,supervised,1.5156465768814087,0.034079679287970066,5,,,,,,123
td3_bc,2,actor,1.5156465768814087,0.034079679287970066,5,,,,,,123
td3_bc,2,zero,0.880153238773346,0.035307067446410656,5,,,,,,123
td3_bc,2,random,0.9149625897407532,0.019295156002044678,5,,,,,,123
td3_bc,2,shuffled,0.5949074625968933,0.03397392015904188,5,,,,,,123
td3_bc,2,perturb_0.25sigma,1.7883576154708862,0.032976143062114716,5,,,,,,123
td3_bc,2,perturb_0.5sigma,1.2757126092910767,0.03487550187855959,5,,,,,,123
td3_bc,2,perturb_1sigma,0.9643749594688416,0.01982340170070529,5,,,,,,123
td3_bc,2,perturb_2sigma,0.38624516129493713,0.029088381212204695,5,,,,,,123
td3_bc,3,supervised,1.2004668712615967,0.02357771433889866,5,,,,,,123
td3_bc,3,actor,1.2004668712615967,0.02357771433889866,5,,,,,,123
td3_bc,3,zero,0.4937532842159271,0.024795446544885635,5,,,,,,123
td3_bc,3,random,0.8473023772239685,0.024469690397381783,5,,,,,,123
td3_bc,3,shuffled,0.1977207213640213,0.02314409427344799,5,,,,,,123
td3_bc,3,perturb_0.25sigma,0.5641383528709412,0.02456609718501568,5,,,,,,123
td3_bc,3,perturb_0.5sigma,0.6716347336769104,0.024670653976500034,5,,,,,,123
td3_bc,3,perturb_1sigma,1.7350002527236938,0.02076471783220768,5,,,,,,123
td3_bc,3,perturb_2sigma,0.9321789145469666,0.023931720294058323,5,,,,,,123
td3_bc,4,supervised,0.7538142800331116,0.012251659296452999,5,,,,,,123
td3_bc,4,actor,0.7538142800331116,0.012251659296452999,5,,,,,,123
td3_bc,4,zero,-0.0062987105920910835,0.013441966846585274,5,,,,,,123
td3_bc,4,random,0.6564627289772034,0.0022668116725981236,5,,,,,,123
td3_bc,4,shuffled,-0.2860307991504669,0.011405933648347855,5,,,,,,123
td3_bc,4,perturb_0.25sigma,0.3672136962413788,0.013081162236630917,5,,,,,,123
td3_bc,4,perturb_0.5sigma,0.11189111322164536,-0.0014159884303808212,5,,,,,,123
td3_bc,4,perturb_1sigma,-0.5512451529502869,0.005722487810999155,5,,,,,,123
td3_bc,4,perturb_2sigma,-0.6705757975578308,0.005181009881198406,5,,,,,,123
td3_bc,5,supervised,1.8528249263763428,0.05292255897074938,5,,,,,,123
td3_bc,5,actor,1.8528249263763428,0.05292255897074938,5,,,,,,123
td3_bc,5,zero,1.3701997995376587,0.0541245648637414,5,,,,,,123
td3_bc,5,random,2.490610361099243,0.04566268250346184,5,,,,,,123
td3_bc,5,shuffled,1.095941424369812,0.05329993739724159,5,,,,,,123
td3_bc,5,perturb_0.25sigma,1.3767547607421875,0.05398403946310282,5,,,,,,123
td3_bc,5,perturb_0.5sigma,1.2961130142211914,0.05402707401663065,5,,,,,,123
td3_bc,5,perturb_1sigma,1.181475281715393,0.05364064406603575,5,,,,,,123
td3_bc,5,perturb_2sigma,1.725650668144226,0.05331794172525406,5,,,,,,123
td3_bc,6,supervised,1.681248426437378,0.043396483175456524,5,,,,,,123
td3_bc,6,actor,1.681248426437378,0.043396483175456524,5,,,,,,123
td3_bc,6,zero,1.1499301195144653,0.04448414035141468,5,,,,,,123
td3_bc,6,random,1.6275787353515625,0.02989696490112692,5,,,,,,123
td3_bc,6,shuffled,0.8893468976020813,0.04341413173824549,5,,,,,,123
td3_bc,6,perturb_0.25sigma,1.0956159830093384,0.044240341521799564,5,,,,,,123
td3_bc,6,perturb_0.5sigma,1.0822478532791138,0.04405555687844753,5,,,,,,123
td3_bc,6,perturb_1sigma,2.314674139022827,0.03896358981728554,5,,,,,,123
td3_bc,6,perturb_2sigma,0.705920398235321,0.03955183085054159,5,,,,,,123
td3_bc,7,supervised,1.4401745796203613,0.03300157841295004,5,,,,,,123
td3_bc,7,actor,1.4401745796203613,0.03300157841295004,5,,,,,,123
td3_bc,7,zero,0.8569055199623108,0.034030476585030556,5,,,,,,123
td3_bc,7,random,0.548350989818573,0.03176872152835131,5,,,,,,123
td3_bc,7,shuffled,0.5933206677436829,0.032717266120016575,5,,,,,,123
td3_bc,7,perturb_0.25sigma,1.0679162740707397,0.03385365568101406,5,,,,,,123
td3_bc,7,perturb_0.5sigma,0.7988458275794983,0.03394150361418724,5,,,,,,123
td3_bc,7,perturb_1sigma,0.838374137878418,0.03376433625817299,5,,,,,,123
td3_bc,7,perturb_2sigma,0.4580875039100647,0.028894654009491205,5,,,,,,123
td3_bc,8,supervised,1.0891872644424438,0.02220735140144825,5,,,,,,123
td3_bc,8,actor,1.0891872644424438,0.02220735140144825,5,,,,,,123
td3_bc,8,zero,0.4674597382545471,0.023136218078434467,5,,,,,,123
td3_bc,8,random,0.6560287475585938,0.02344821486622095,5,,,,,,123
td3_bc,8,shuffled,0.1959269791841507,0.021597521379590034,5,,,,,,123
td3_bc,8,perturb_0.25sigma,0.8787758946418762,0.022756434977054596,5,,,,,,123
td3_bc,8,perturb_0.5sigma,1.4476045370101929,0.020777516067028046,5,,,,,,123
td3_bc,8,perturb_1sigma,1.5981076955795288,0.017545795533806086,5,,,,,,123
td3_bc,8,perturb_2sigma,-0.03261888027191162,0.0170630207285285,5,,,,,,123
td3_bc,9,supervised,0.6259188055992126,0.011228056624531746,5,,,,,,123
td3_bc,9,actor,0.6259188055992126,0.011228056624531746,5,,,,,,123
td3_bc,9,zero,-0.030572600662708282,0.01202531810849905,5,,,,,,123
td3_bc,9,random,-0.4786003530025482,0.005557248834520578,5,,,,,,123
td3_bc,9,shuffled,-0.2884380519390106,0.01027197577059269,5,,,,,,123
td3_bc,9,perturb_0.25sigma,1.1568820476531982,0.00952867977321148,5,,,,,,123
td3_bc,9,perturb_0.5sigma,1.6600433588027954,0.006068755406886339,5,,,,,,123
td3_bc,9,perturb_1sigma,1.592948079109192,0.005728635471314192,5,,,,,,123
td3_bc,9,perturb_2sigma,-0.3702486455440521,-0.0035552973859012127,5,,,,,,123
td3_bc,10,supervised,1.4599947929382324,0.04220742732286453,5,,,,,,123
td3_bc,10,actor,1.4599947929382324,0.04220742732286453,5,,,,,,123
td3_bc,10,zero,0.9608502984046936,0.03888533543795347,5,,,,,,123
td3_bc,10,random,1.1693718433380127,0.04087105020880699,5,,,,,,123
td3_bc,10,shuffled,0.739436686038971,0.03671035496518016,5,,,,,,123
td3_bc,10,perturb_0.25sigma,1.3615065813064575,0.04211863502860069,5,,,,,,123
td3_bc,10,perturb_0.5sigma,1.1583987474441528,0.04111216217279434,5,,,,,,123
td3_bc,10,perturb_1sigma,1.7428442239761353,0.04178976360708475,5,,,,,,123
td3_bc,10,perturb_2sigma,1.2441476583480835,0.041705780662596226,5,,,,,,123
td3_bc,11,supervised,1.4257735013961792,0.03413117118179798,5,,,,,,123
td3_bc,11,actor,1.4257735013961792,0.03413117118179798,5,,,,,,123
td3_bc,11,zero,0.860501229763031,0.03074418008327484,5,,,,,,123
td3_bc,11,random,0.9806198477745056,0.03173874877393246,5,,,,,,123
td3_bc,11,shuffled,0.6181201338768005,0.028536572586745024,5,,,,,,123
td3_bc,11,perturb_0.25sigma,1.491816759109497,0.03414689190685749,5,,,,,,123
td3_bc,11,perturb_0.5sigma,1.5966404676437378,0.03410172928124666,5,,,,,,123
td3_bc,11,perturb_1sigma,1.8378686904907227,0.033119268249720335,5,,,,,,123
td3_bc,11,perturb_2sigma,0.7595826983451843,0.02992007602006197,5,,,,,,123
td3_bc,12,supervised,1.3768569231033325,0.025844487361609936,5,,,,,,123
td3_bc,12,actor,1.3768569231033325,0.025844487361609936,5,,,,,,123
td3_bc,12,zero,0.6816524863243103,0.022412344347685575,5,,,,,,123
td3_bc,12,random,1.1760377883911133,0.025062210392206907,5,,,,,,123
td3_bc,12,shuffled,0.4278847575187683,0.020179464714601636,5,,,,,,123
td3_bc,12,perturb_0.25sigma,1.2560373544692993,0.025725459679961205,5,,,,,,123
td3_bc,12,perturb_0.5sigma,1.4052430391311646,0.025872379541397095,5,,,,,,123
td3_bc,12,perturb_1sigma,1.4717258214950562,0.02580583468079567,5,,,,,,123
td3_bc,12,perturb_2sigma,1.5648884773254395,0.02473569242283702,5,,,,,,123
td3_bc,13,supervised,1.2936681509017944,0.01737695373594761,5,,,,,,123
td3_bc,13,actor,1.2936681509017944,0.01737695373594761,5,,,,,,123
td3_bc,13,zero,0.3742128014564514,0.013913485687226057,5,,,,,,123
td3_bc,13,random,0.8718757033348083,0.01565772108733654,5,,,,,,123
td3_bc,13,shuffled,0.06513626128435135,0.011667809216305614,5,,,,,,123
td3_bc,13,perturb_0.25sigma,1.4886115789413452,0.017306038178503513,5,,,,,,123
td3_bc,13,perturb_0.5sigma,1.6082186698913574,0.017108282074332237,5,,,,,,123
td3_bc,13,perturb_1sigma,0.2740670144557953,0.01351743983104825,5,,,,,,123
td3_bc,13,perturb_2sigma,0.3501580059528351,0.013530781026929617,5,,,,,,123
td3_bc,14,supervised,1.1028188467025757,0.008753414265811443,5,,,,,,123
td3_bc,14,actor,1.1028188467025757,0.008753414265811443,5,,,,,,123
td3_bc,14,zero,-0.08242715150117874,0.005269963759928942,5,,,,,,123
td3_bc,14,random,0.23718488216400146,0.006585251074284315,5,,,,,,123
td3_bc,14,shuffled,-0.4392387568950653,0.003018853021785617,5,,,,,,123
td3_bc,14,perturb_0.25sigma,1.1394004821777344,0.008751876652240753,5,,,,,,123
td3_bc,14,perturb_0.5sigma,1.249294638633728,0.008732019923627377,5,,,,,,123
td3_bc,14,perturb_1sigma,0.5462194681167603,0.006792081519961357,5,,,,,,123
td3_bc,14,perturb_2sigma,0.6144407391548157,0.007406770251691341,5,,,,,,123
td3_bc,15,supervised,1.5485996007919312,0.0473435977473855,5,,,,,,123
td3_bc,15,actor,1.5485996007919312,0.0473435977473855,5,,,,,,123
td3_bc,15,zero,1.0169857740402222,0.0451608058065176,5,,,,,,123
td3_bc,15,random,1.0306400060653687,0.045243894681334496,5,,,,,,123
td3_bc,15,shuffled,0.7919158339500427,0.0422619073651731,5,,,,,,123
td3_bc,15,perturb_0.25sigma,1.2439848184585571,0.04725593887269497,5,,,,,,123
td3_bc,15,perturb_0.5sigma,1.9435292482376099,0.045260701794177294,5,,,,,,123
td3_bc,15,perturb_1sigma,1.2542784214019775,0.047366613522171974,5,,,,,,123
td3_bc,15,perturb_2sigma,1.3411865234375,0.04744338523596525,5,,,,,,123
td3_bc,16,supervised,1.5219883918762207,0.03847213927656412,5,,,,,,123
td3_bc,16,actor,1.5219883918762207,0.03847213927656412,5,,,,,,123
td3_bc,16,zero,0.8954011797904968,0.03622474893927574,5,,,,,,123
td3_bc,16,random,0.7579842805862427,0.034586495254188776,5,,,,,,123
td3_bc,16,shuffled,0.6554611325263977,0.033242813777178526,5,,,,,,123
td3_bc,16,perturb_0.25sigma,1.2704241275787354,0.03862374182790518,5,,,,,,123
td3_bc,16,perturb_0.5sigma,1.8866684436798096,0.03695189952850342,5,,,,,,123
td3_bc,16,perturb_1sigma,2.066561698913574,0.03514153277501464,5,,,,,,123
td3_bc,16,perturb_2sigma,0.9047413468360901,0.036204383708536625,5,,,,,,123
td3_bc,17,supervised,1.47982919216156,0.029277794063091278,5,,,,,,123
td3_bc,17,actor,1.47982919216156,0.029277794063091278,5,,,,,,123
td3_bc,17,zero,0.7061258554458618,0.026983178220689297,5,,,,,,123
td3_bc,17,random,0.49425607919692993,0.02435642620548606,5,,,,,,123
td3_bc,17,shuffled,0.4418600797653198,0.0239282981492579,5,,,,,,123
td3_bc,17,perturb_0.25sigma,1.5591193437576294,0.029121948406100273,5,,,,,,123
td3_bc,17,perturb_0.5sigma,1.174392580986023,0.029392660595476627,5,,,,,,123
td3_bc,17,perturb_1sigma,1.28628671169281,0.0294369263574481,5,,,,,,123
td3_bc,17,perturb_2sigma,0.48694053292274475,0.023467198247089982,5,,,,,,123
td3_bc,18,supervised,1.409447431564331,0.019787670113146305,5,,,,,,123
td3_bc,18,actor,1.409447431564331,0.019787670113146305,5,,,,,,123
td3_bc,18,zero,0.3756338655948639,0.01745669450610876,5,,,,,,123
td3_bc,18,random,0.5628063082695007,0.01789485663175583,5,,,,,,123
td3_bc,18,shuffled,0.08676598966121674,0.014342283830046654,5,,,,,,123
td3_bc,18,perturb_0.25sigma,1.3865602016448975,0.01974930614233017,5,,,,,,123
td3_bc,18,perturb_0.5sigma,1.0687202215194702,0.019895553588867188,5,,,,,,123
td3_bc,18,perturb_1sigma,0.6796519756317139,0.019258114509284496,5,,,,,,123
td3_bc,18,perturb_2sigma,0.8180508613586426,0.020075056701898575,5,,,,,,123
td3_bc,19,supervised,1.1791032552719116,0.010023782961070538,5,,,,,,123
td3_bc,19,actor,1.1791032552719116,0.010023782961070538,5,,,,,,123
td3_bc,19,zero,-0.09102930873632431,0.007659641094505787,5,,,,,,123
td3_bc,19,random,-0.20614619553089142,0.0069998991675674915,5,,,,,,123
td3_bc,19,shuffled,-0.41786646842956543,0.004499464295804501,5,,,,,,123
td3_bc,19,perturb_0.25sigma,1.2408214807510376,0.009897020645439625,5,,,,,,123
td3_bc,19,perturb_0.5sigma,0.8857960104942322,0.010275490581989288,5,,,,,,123
td3_bc,19,perturb_1sigma,0.34754326939582825,0.004429419059306383,5,,,,,,123
td3_bc,19,perturb_2sigma,1.5638810396194458,0.00798998586833477,5,,,,,,123
td3_bc,20,supervised,1.53510320186615,0.039596791844815016,5,,,,,,123
td3_bc,20,actor,1.53510320186615,0.039596791844815016,5,,,,,,123
td3_bc,20,zero,1.6053742170333862,0.03865561168640852,5,,,,,,123
td3_bc,20,random,1.5826430320739746,0.03924593422561884,5,,,,,,123
td3_bc,20,shuffled,1.6670457124710083,0.03757476806640625,5,,,,,,123
td3_bc,20,perturb_0.25sigma,2.0860939025878906,0.03586112894117832,5,,,,,,123
td3_bc,20,perturb_0.5sigma,2.462092876434326,0.0300459002610296,5,,,,,,123
td3_bc,20,perturb_1sigma,2.470874071121216,0.0316328692715615,5,,,,,,123
td3_bc,20,perturb_2sigma,1.1115596294403076,0.04150621872395277,5,,,,,,123
td3_bc,21,supervised,1.3613941669464111,0.033143230713903904,5,,,,,,123
td3_bc,21,actor,1.3613941669464111,0.033143230713903904,5,,,,,,123
td3_bc,21,zero,1.4121984243392944,0.03238144423812628,5,,,,,,123
td3_bc,21,random,0.9773828387260437,0.03508013067767024,5,,,,,,123
td3_bc,21,shuffled,1.4606131315231323,0.0315263238735497,5,,,,,,123
td3_bc,21,perturb_0.25sigma,1.2877532243728638,0.03361772978678346,5,,,,,,123
td3_bc,21,perturb_0.5sigma,1.1567997932434082,0.034250437282025814,5,,,,,,123
td3_bc,21,perturb_1sigma,1.2615201473236084,0.033659626729786396,5,,,,,,123
td3_bc,21,perturb_2sigma,1.4730147123336792,0.020887088146992028,5,,,,,,123
td3_bc,22,supervised,1.0866481065750122,0.026071326341480017,5,,,,,,123
td3_bc,22,actor,1.0866481065750122,0.026071326341480017,5,,,,,,123
td3_bc,22,zero,1.1153666973114014,0.02550409035757184,5,,,,,,123
td3_bc,22,random,2.080671548843384,0.020112073980271816,5,,,,,,123
td3_bc,22,shuffled,1.1306668519973755,0.02495540166273713,5,,,,,,123
td3_bc,22,perturb_0.25sigma,0.8026244044303894,0.027297332882881165,5,,,,,,123
td3_bc,22,perturb_0.5sigma,0.5719329714775085,0.02690478414297104,5,,,,,,123
td3_bc,22,perturb_1sigma,0.6174451112747192,0.026517954654991627,5,,,,,,123
td3_bc,22,perturb_2sigma,0.6030712127685547,0.01126123545691371,5,,,,,,123
td3_bc,23,supervised,0.7234660983085632,0.018283726647496223,5,,,,,,123
td3_bc,23,actor,0.7234660983085632,0.018283726647496223,5,,,,,,123
td3_bc,23,zero,0.715302050113678,0.01792913768440485,5,,,,,,123
td3_bc,23,random,0.5639481544494629,0.019028819166123867,5,,,,,,123
td3_bc,23,shuffled,0.6925901174545288,0.017734777182340622,5,,,,,,123
td3_bc,23,perturb_0.25sigma,0.34624674916267395,0.019301741383969784,5,,,,,,123
td3_bc,23,perturb_0.5sigma,0.5459985136985779,0.019195144064724445,5,,,,,,123
td3_bc,23,perturb_1sigma,0.4200526773929596,0.019297060556709766,5,,,,,,123
td3_bc,23,perturb_2sigma,0.6023763418197632,0.006201094831340015,5,,,,,,123
td3_bc,24,supervised,0.30750325322151184,0.009654099121689796,5,,,,,,123
td3_bc,24,actor,0.30750325322151184,0.009654099121689796,5,,,,,,123
td3_bc,24,zero,0.24571439623832703,0.009535902179777622,5,,,,,,123
td3_bc,24,random,0.18914268910884857,0.010382052510976791,5,,,,,,123
td3_bc,24,shuffled,0.1937401443719864,0.009700127877295017,5,,,,,,123
td3_bc,24,perturb_0.25sigma,0.00733195710927248,0.01036342978477478,5,,,,,,123
td3_bc,24,perturb_0.5sigma,0.8417463898658752,0.0031342320144176483,5,,,,,,123
td3_bc,24,perturb_1sigma,1.3272312879562378,0.004414118826389313,5,,,,,,123
td3_bc,24,perturb_2sigma,-0.6139373779296875,0.003506740787997842,5,,,,,,123
td3_bc,25,supervised,1.53510320186615,0.039596791844815016,5,,,,,,123
td3_bc,25,actor,1.53510320186615,0.039596791844815016,5,,,,,,123
td3_bc,25,zero,1.6053742170333862,0.03865561168640852,5,,,,,,123
td3_bc,25,random,2.1518564224243164,0.02804730401840061,5,,,,,,123
td3_bc,25,shuffled,1.6670457124710083,0.03757476806640625,5,,,,,,123
td3_bc,25,perturb_0.25sigma,1.6102122068405151,0.03897937526926398,5,,,,,,123
td3_bc,25,perturb_0.5sigma,1.393802523612976,0.040524994023144245,5,,,,,,123
td3_bc,25,perturb_1sigma,0.7605223655700684,0.04025206062942743,5,,,,,,123
td3_bc,25,perturb_2sigma,0.8298036456108093,0.04086997965350747,5,,,,,,123
td3_bc,26,supervised,1.3227618932724,0.03356115939095616,5,,,,,,123
td3_bc,26,actor,1.3227618932724,0.03356115939095616,5,,,,,,123
td3_bc,26,zero,1.3822795152664185,0.03276584995910525,5,,,,,,123
td3_bc,26,random,2.4204185009002686,0.026646920945495367,5,,,,,,123
td3_bc,26,shuffled,1.4377480745315552,0.03184322360903025,5,,,,,,123
td3_bc,26,perturb_0.25sigma,1.5519758462905884,0.03223589900881052,5,,,,,,123
td3_bc,26,perturb_0.5sigma,1.4591084718704224,0.03290686942636967,5,,,,,,123
td3_bc,26,perturb_1sigma,1.8453993797302246,0.0313482154160738,5,,,,,,123
td3_bc,26,perturb_2sigma,2.31402850151062,0.026918623596429825,5,,,,,,123
td3_bc,27,supervised,1.0253924131393433,0.026333562098443508,5,,,,,,123
td3_bc,27,actor,1.0253924131393433,0.026333562098443508,5,,,,,,123
td3_bc,27,zero,1.0442125797271729,0.02576113399118185,5,,,,,,123
td3_bc,27,random,0.5913309454917908,0.02690064813941717,5,,,,,,123
td3_bc,27,shuffled,1.0632538795471191,0.02518217358738184,5,,,,,,123
td3_bc,27,perturb_0.25sigma,0.8820732831954956,0.027032481506466866,5,,,,,,123
td3_bc,27,perturb_0.5sigma,1.4080810546875,0.02450806461274624,5,,,,,,123
td3_bc,27,perturb_1sigma,0.9513334631919861,0.026422795839607716,5,,,,,,123
td3_bc,27,perturb_2sigma,1.8889940977096558,0.020653351210057735,5,,,,,,123
td3_bc,28,supervised,0.613052248954773,0.01841073576360941,5,,,,,,123
td3_bc,28,actor,0.613052248954773,0.01841073576360941,5,,,,,,123
td3_bc,28,zero,0.6040738224983215,0.017989414744079113,5,,,,,,123
td3_bc,28,random,0.5366492867469788,0.004932422889396548,5,,,,,,123
td3_bc,28,shuffled,0.6008606553077698,0.017666521482169628,5,,,,,,123
td3_bc,28,perturb_0.25sigma,0.969343900680542,0.016889159567654133,5,,,,,,123
td3_bc,28,perturb_0.5sigma,2.0102930068969727,0.011709653306752443,5,,,,,,123
td3_bc,28,perturb_1sigma,1.5227223634719849,0.00936059548985213,5,,,,,,123
td3_bc,28,perturb_2sigma,-0.09371907263994217,0.014918570406734943,5,,,,,,123
td3_bc,29,supervised,0.13729643821716309,0.009574050083756447,5,,,,,,123
td3_bc,29,actor,0.13729643821716309,0.009574050083756447,5,,,,,,123
td3_bc,29,zero,0.0894024670124054,0.009318496100604534,5,,,,,,123
td3_bc,29,random,-0.40280747413635254,0.007426717784255743,5,,,,,,123
td3_bc,29,shuffled,0.06933735311031342,0.009278330020606518,5,,,,,,123
td3_bc,29,perturb_0.25sigma,0.007233793847262859,0.01006252784281969,5,,,,,,123
td3_bc,29,perturb_0.5sigma,-0.3219055235385895,0.008982704021036625,5,,,,,,123
td3_bc,29,perturb_1sigma,-0.48257237672805786,0.005411684047430754,5,,,,,,123
td3_bc,29,perturb_2sigma,-0.6020467281341553,0.003945942502468824,5,,,,,,123
td3_bc,30,supervised,1.5298272371292114,0.04670529253780842,5,,,,,,123
td3_bc,30,actor,1.5298272371292114,0.04670529253780842,5,,,,,,123
td3_bc,30,zero,1.0079256296157837,0.0443857335485518,5,,,,,,123
td3_bc,30,random,0.9906619191169739,0.04416867531836033,5,,,,,,123
td3_bc,30,shuffled,0.7838371396064758,0.041571279522031546,5,,,,,,123
td3_bc,30,perturb_0.25sigma,1.488487958908081,0.04675300978124142,5,,,,,,123
td3_bc,30,perturb_0.5sigma,1.8517147302627563,0.045504577457904816,5,,,,,,123
td3_bc,30,perturb_1sigma,2.1586356163024902,0.042022252921015024,5,,,,,,123
td3_bc,30,perturb_2sigma,1.4914880990982056,0.046608428470790386,5,,,,,,123
td3_bc,31,supervised,1.5044670104980469,0.037929099053144455,5,,,,,,123
td3_bc,31,actor,1.5044670104980469,0.037929099053144455,5,,,,,,123
td3_bc,31,zero,0.8865849375724792,0.03554280288517475,5,,,,,,123
td3_bc,31,random,0.869215726852417,0.03535892581567168,5,,,,,,123
td3_bc,31,shuffled,0.650445282459259,0.03265461651608348,5,,,,,,123
td3_bc,31,perturb_0.25sigma,1.3458127975463867,0.038086273707449436,5,,,,,,123
td3_bc,31,perturb_0.5sigma,1.4983421564102173,0.03790323622524738,5,,,,,,123
td3_bc,31,perturb_1sigma,1.8706471920013428,0.0371787091717124,5,,,,,,123
td3_bc,31,perturb_2sigma,1.976819634437561,0.031559800961986184,5,,,,,,123
td3_bc,32,supervised,1.4643710851669312,0.028844979591667652,5,,,,,,123
td3_bc,32,actor,1.4643710851669312,0.028844979591667652,5,,,,,,123
td3_bc,32,zero,0.6995538473129272,0.026410143822431564,5,,,,,,123
td3_bc,32,random,0.6333115100860596,0.026110270991921425,5,,,,,,123
td3_bc,32,shuffled,0.4383625388145447,0.023457134142518044,5,,,,,,123
td3_bc,32,perturb_0.25sigma,1.1518522500991821,0.028954905457794666,5,,,,,,123
td3_bc,32,perturb_0.5sigma,0.9107199311256409,0.028176534920930862,5,,,,,,123
td3_bc,32,perturb_1sigma,1.4997154474258423,0.028653563000261784,5,,,,,,123
td3_bc,32,perturb_2sigma,0.7411330342292786,0.02006793429609388,5,,,,,,123
td3_bc,33,supervised,1.3940694332122803,0.019480867311358452,5,,,,,,123
td3_bc,33,actor,1.3940694332122803,0.019480867311358452,5,,,,,,123
td3_bc,33,zero,0.3750227391719818,0.01700977934524417,5,,,,,,123
td3_bc,33,random,0.894524872303009,0.01912769488990307,5,,,,,,123
td3_bc,33,shuffled,0.08561714738607407,0.014006540179252625,5,,,,,,123
td3_bc,33,perturb_0.25sigma,1.6651312112808228,0.018994241021573544,5,,,,,,123
td3_bc,33,perturb_0.5sigma,1.2783113718032837,0.019546622410416603,5,,,,,,123
td3_bc,33,perturb_1sigma,1.6225509643554688,0.018403747119009495,5,,,,,,123
td3_bc,33,perturb_2sigma,0.504508376121521,0.017655059695243835,5,,,,,,123
td3_bc,34,supervised,1.1850661039352417,0.00986066460609436,5,,,,,,123
td3_bc,34,actor,1.1850661039352417,0.00986066460609436,5,,,,,,123
td3_bc,34,zero,-0.09057295322418213,0.007357693277299404,5,,,,,,123
td3_bc,34,random,0.19859956204891205,0.008834022097289562,5,,,,,,123
td3_bc,34,shuffled,-0.4191056489944458,0.004318350460380316,5,,,,,,123
td3_bc,34,perturb_0.25sigma,0.5505353808403015,0.009932787157595158,5,,,,,,123
td3_bc,34,perturb_0.5sigma,0.46890848875045776,0.009710156358778477,5,,,,,,123
td3_bc,34,perturb_1sigma,1.479013442993164,0.009069718420505524,5,,,,,,123
td3_bc,34,perturb_2sigma,0.03372206166386604,0.008105767890810966,5,,,,,,123
td3_bc,35,supervised,1.4442780017852783,0.033027667086571455,5,,,,,,123
td3_bc,35,actor,1.4442780017852783,0.033027667086571455,5,,,,,,123
td3_bc,35,zero,0.9469113945960999,0.029713258147239685,5,,,,,,123
td3_bc,35,random,0.9624099731445312,0.02978442469611764,5,,,,,,123
td3_bc,35,shuffled,0.7025737762451172,0.028205645503476262,5,,,,,,123
td3_bc,35,perturb_0.25sigma,1.4341269731521606,0.03301511285826564,5,,,,,,123
td3_bc,35,perturb_0.5sigma,1.4038965702056885,0.032946416176855564,5,,,,,,123
td3_bc,35,perturb_1sigma,1.6873176097869873,0.033336383290588856,5,,,,,,123
td3_bc,35,perturb_2sigma,1.2534208297729492,0.03236479917541146,5,,,,,,123
td3_bc,36,supervised,1.4124923944473267,0.026576632168143988,5,,,,,,123
td3_bc,36,actor,1.4124923944473267,0.026576632168143988,5,,,,,,123
td3_bc,36,zero,0.8574638962745667,0.023221923504024744,5,,,,,,123
td3_bc,36,random,0.8470456004142761,0.023247586796060205,5,,,,,,123
td3_bc,36,shuffled,0.59964519739151,0.02169728127773851,5,,,,,,123
td3_bc,36,perturb_0.25sigma,1.318556308746338,0.02629260392859578,5,,,,,,123
td3_bc,36,perturb_0.5sigma,1.426462173461914,0.026582553517073393,5,,,,,,123
td3_bc,36,perturb_1sigma,1.271742820739746,0.026060632895678282,5,,,,,,123
td3_bc,36,perturb_2sigma,1.4541743993759155,0.026371851563453674,5,,,,,,123
td3_bc,37,supervised,1.3533653020858765,0.020026826299726963,5,,,,,,123
td3_bc,37,actor,1.3533653020858765,0.020026826299726963,5,,,,,,123
td3_bc,37,zero,0.6828277111053467,0.01665218872949481,5,,,,,,123
td3_bc,37,random,0.8068622946739197,0.017106782644987106,5,,,,,,123
td3_bc,37,shuffled,0.43239015340805054,0.015112658031284809,5,,,,,,123
td3_bc,37,perturb_0.25sigma,1.2088778018951416,0.019716044887900352,5,,,,,,123
td3_bc,37,perturb_0.5sigma,1.4686225652694702,0.020244101993739605,5,,,,,,123
td3_bc,37,perturb_1sigma,1.508636236190796,0.020170339848846197,5,,,,,,123
td3_bc,37,perturb_2sigma,0.9408305287361145,0.018743526190519333,5,,,,,,123
td3_bc,38,supervised,1.2447015047073364,0.013399098068475723,5,,,,,,123
td3_bc,38,actor,1.2447015047073364,0.013399098068475723,5,,,,,,123
td3_bc,38,zero,0.39213934540748596,0.010018738685175776,5,,,,,,123
td3_bc,38,random,0.483229398727417,0.01012720842845738,5,,,,,,123
td3_bc,38,shuffled,0.07673440128564835,0.008471334702335298,5,,,,,,123
td3_bc,38,perturb_0.25sigma,1.2864881753921509,0.01348873320966959,5,,,,,,123
td3_bc,38,perturb_0.5sigma,1.3399860858917236,0.013616481330245733,5,,,,,,123
td3_bc,38,perturb_1sigma,0.5616269111633301,0.011444310192018747,5,,,,,,123
td3_bc,38,perturb_2sigma,0.6427431702613831,0.011894822120666504,5,,,,,,123
td3_bc,39,supervised,1.0038810968399048,0.006711923982948065,5,,,,,,123
td3_bc,39,actor,1.0038810968399048,0.006711923982948065,5,,,,,,123
td3_bc,39,zero,-0.04881596192717552,0.0033369692973792553,5,,,,,,123
td3_bc,39,random,-0.3675144612789154,0.0022830197121948004,5,,,,,,123
td3_bc,39,shuffled,-0.4152815639972687,0.0017844258109107614,5,,,,,,123
td3_bc,39,perturb_0.25sigma,0.9357100129127502,0.006611744407564402,5,,,,,,123
td3_bc,39,perturb_0.5sigma,1.0200031995773315,0.006811856292188168,5,,,,,,123
td3_bc,39,perturb_1sigma,0.9078312516212463,0.006904080975800753,5,,,,,,123
td3_bc,39,perturb_2sigma,0.552196204662323,0.006254165433347225,5,,,,,,123
td3_bc,40,supervised,1.4706480503082275,0.043317412957549095,5,,,,,,123
td3_bc,40,actor,1.4706480503082275,0.043317412957549095,5,,,,,,123
td3_bc,40,zero,0.9695462584495544,0.04021804314106703,5,,,,,,123
td3_bc,40,random,0.8306431770324707,0.03856707061640918,5,,,,,,123
td3_bc,40,shuffled,0.7484912276268005,0.037892565596848726,5,,,,,,123
td3_bc,40,perturb_0.25sigma,1.3707584142684937,0.04320416785776615,5,,,,,,123
td3_bc,40,perturb_0.5sigma,1.2409785985946655,0.04275862593203783,5,,,,,,123
td3_bc,40,perturb_1sigma,1.0096062421798706,0.040885772090405226,5,,,,,,123
td3_bc,40,perturb_2sigma,1.5464402437210083,0.04304338991641998,5,,,,,,123
td3_bc,41,supervised,1.4348036050796509,0.03505691699683666,5,,,,,,123
td3_bc,41,actor,1.4348036050796509,0.03505691699683666,5,,,,,,123
td3_bc,41,zero,0.8622882962226868,0.031889263074845076,5,,,,,,123
td3_bc,41,random,1.3776897192001343,0.03437312040477991,5,,,,,,123
td3_bc,41,shuffled,0.6236753463745117,0.029525502352043986,5,,,,,,123
td3_bc,41,perturb_0.25sigma,1.8381154537200928,0.034008347894996405,5,,,,,,123
td3_bc,41,perturb_0.5sigma,1.4018141031265259,0.03507464472204447,5,,,,,,123
td3_bc,41,perturb_1sigma,1.0451363325119019,0.03393365489318967,5,,,,,,123
td3_bc,41,perturb_2sigma,1.7457932233810425,0.03381704352796078,5,,,,,,123
td3_bc,42,supervised,1.3859041929244995,0.026567718014121056,5,,,,,,123
td3_bc,42,actor,1.3859041929244995,0.026567718014121056,5,,,,,,123
td3_bc,42,zero,0.6790477633476257,0.023349749390035868,5,,,,,,123
td3_bc,42,random,0.5465505123138428,0.021781801246106625,5,,,,,,123
td3_bc,42,shuffled,0.4260715842247009,0.020954351173713803,5,,,,,,123
td3_bc,42,perturb_0.25sigma,1.3792684078216553,0.026528959162533283,5,,,,,,123
td3_bc,42,perturb_0.5sigma,1.4004186391830444,0.026538885198533535,5,,,,,,123
td3_bc,42,perturb_1sigma,0.934570848941803,0.025846869684755802,5,,,,,,123
td3_bc,42,perturb_2sigma,1.1551934480667114,0.022059164475649595,5,,,,,,123
td3_bc,43,supervised,1.3148900270462036,0.017877740785479546,5,,,,,,123
td3_bc,43,actor,1.3148900270462036,0.017877740785479546,5,,,,,,123
td3_bc,43,zero,0.3711303770542145,0.014624111354351044,5,,,,,,123
td3_bc,43,random,0.7004446387290955,0.016137027647346258,5,,,,,,123
td3_bc,43,shuffled,0.06549149751663208,0.012210852233693004,5,,,,,,123
td3_bc,43,perturb_0.25sigma,1.439754843711853,0.01775497291237116,5,,,,,,123
td3_bc,43,perturb_0.5sigma,1.5295792818069458,0.017622378654778004,5,,,,,,123
td3_bc,43,perturb_1sigma,0.41585099697113037,0.0150085617788136,5,,,,,,123
td3_bc,43,perturb_2sigma,0.6233505010604858,0.013622086960822344,5,,,,,,123
td3_bc,44,supervised,1.1381486654281616,0.009013478644192219,5,,,,,,123
td3_bc,44,actor,1.1381486654281616,0.009013478644192219,5,,,,,,123
td3_bc,44,zero,-0.09065908938646317,0.005734583362936974,5,,,,,,123
td3_bc,44,random,-0.24251393973827362,0.005052100867033005,5,,,,,,123
td3_bc,44,shuffled,-0.43887796998023987,0.0033129642251878977,5,,,,,,123
td3_bc,44,perturb_0.25sigma,1.333124041557312,0.008806471712887287,5,,,,,,123
td3_bc,44,perturb_0.5sigma,1.304120421409607,0.00890702661126852,5,,,,,,123
td3_bc,44,perturb_1sigma,1.1935874223709106,0.008061873726546764,5,,,,,,123
td3_bc,44,perturb_2sigma,0.24326114356517792,0.005329693201929331,5,,,,,,123
td3_bc,45,supervised,1.748986005783081,0.049149492755532265,5,,,,,,123
td3_bc,45,actor,1.748986005783081,0.049149492755532265,5,,,,,,123
td3_bc,45,zero,1.4504657983779907,0.0502155777066946,5,,,,,,123
td3_bc,45,random,1.3695622682571411,0.05039403587579727,5,,,,,,123
td3_bc,45,shuffled,1.2343379259109497,0.05071482062339783,5,,,,,,123
td3_bc,45,perturb_0.25sigma,1.6728419065475464,0.04947606008499861,5,,,,,,123
td3_bc,45,perturb_0.5sigma,1.793214201927185,0.048682479187846184,5,,,,,,123
td3_bc,45,perturb_1sigma,1.198445439338684,0.050783795304596424,5,,,,,,123
td3_bc,45,perturb_2sigma,2.349977493286133,0.044347178656607866,5,,,,,,123
td3_bc,46,supervised,1.6090229749679565,0.04087018687278032,5,,,,,,123
td3_bc,46,actor,1.6090229749679565,0.04087018687278032,5,,,,,,123
td3_bc,46,zero,1.2459181547164917,0.04201042931526899,5,,,,,,123
td3_bc,46,random,2.189829111099243,0.03643674869090319,5,,,,,,123
td3_bc,46,shuffled,1.0176324844360352,0.04246339853852987,5,,,,,,123
td3_bc,46,perturb_0.25sigma,1.8466124534606934,0.03974912688136101,5,,,,,,123
td3_bc,46,perturb_0.5sigma,1.3065463304519653,0.04197688587009907,5,,,,,,123
td3_bc,46,perturb_1sigma,1.8750838041305542,0.02945498112239875,5,,,,,,123
td3_bc,46,perturb_2sigma,0.6641170382499695,0.03886783309280872,5,,,,,,123
td3_bc,47,supervised,1.3842965364456177,0.031903800554573536,5,,,,,,123
td3_bc,47,actor,1.3842965364456177,0.031903800554573536,5,,,,,,123
td3_bc,47,zero,0.9561176896095276,0.033102111890912056,5,,,,,,123
td3_bc,47,random,1.8655108213424683,0.028303420171141624,5,,,,,,123
td3_bc,47,shuffled,0.7010917067527771,0.033503481186926365,5,,,,,,123
td3_bc,47,perturb_0.25sigma,1.3319464921951294,0.03213099669665098,5,,,,,,123
td3_bc,47,perturb_0.5sigma,1.4012832641601562,0.03152812737971544,5,,,,,,123
td3_bc,47,perturb_1sigma,2.1494410037994385,0.027176888659596443,5,,,,,,123
td3_bc,47,perturb_2sigma,0.5688315629959106,0.03027740027755499,5,,,,,,123
td3_bc,48,supervised,1.0360652208328247,0.022176627069711685,5,,,,,,123
td3_bc,48,actor,1.0360652208328247,0.022176627069711685,5,,,,,,123
td3_bc,48,zero,0.5503010749816895,0.023418480530381203,5,,,,,,123
td3_bc,48,random,0.22632430493831635,0.02210293337702751,5,,,,,,123
td3_bc,48,shuffled,0.2959538400173187,0.023706411942839622,5,,,,,,123
td3_bc,48,perturb_0.25sigma,1.3143970966339111,0.021058743819594383,5,,,,,,123
td3_bc,48,perturb_0.5sigma,0.39528927206993103,0.023035433143377304,5,,,,,,123
td3_bc,48,perturb_1sigma,1.8151246309280396,0.018543771468102932,5,,,,,,123
td3_bc,48,perturb_2sigma,1.061545729637146,0.009814278513658792,5,,,,,,123
td3_bc,49,supervised,0.5699651837348938,0.011586346663534641,5,,,,,,123
td3_bc,49,actor,0.5699651837348938,0.011586346663534641,5,,,,,,123
td3_bc,49,zero,0.04997941851615906,0.012853235006332397,5,,,,,,123
td3_bc,49,random,0.25350421667099,-0.0013644148129969835,5,,,,,,123
td3_bc,49,shuffled,-0.18078234791755676,0.012940561398863792,5,,,,,,123
td3_bc,49,perturb_0.25sigma,0.154360830783844,0.012579813599586487,5,,,,,,123
td3_bc,49,perturb_0.5sigma,-0.0439494363963604,0.012226482853293419,5,,,,,,123
td3_bc,49,perturb_1sigma,0.7639151215553284,0.002631064271554351,5,,,,,,123
td3_bc,49,perturb_2sigma,-0.40291061997413635,0.008889462798833847,5,,,,,,123
td3_bc,50,supervised,1.748986005783081,0.049149492755532265,5,,,,,,123
td3_bc,50,actor,1.748986005783081,0.049149492755532265,5,,,,,,123
td3_bc,50,zero,1.4504657983779907,0.0502155777066946,5,,,,,,123
td3_bc,50,random,1.3979337215423584,0.05049749743193388,5,,,,,,123
td3_bc,50,shuffled,1.2343379259109497,0.05071482062339783,5,,,,,,123
td3_bc,50,perturb_0.25sigma,1.7771776914596558,0.04903943929821253,5,,,,,,123
td3_bc,50,perturb_0.5sigma,2.327791929244995,0.0445986557751894,5,,,,,,123
td3_bc,50,perturb_1sigma,2.194164514541626,0.04650061670690775,5,,,,,,123
td3_bc,50,perturb_2sigma,0.9962840676307678,0.04935755115002394,5,,,,,,123
td3_bc,51,supervised,1.5652941465377808,0.04071573819965124,5,,,,,,123
td3_bc,51,actor,1.5652941465377808,0.04071573819965124,5,,,,,,123
td3_bc,51,zero,1.2275385856628418,0.04173427354544401,5,,,,,,123
td3_bc,51,random,0.9270902872085571,0.04184930492192507,5,,,,,,123
td3_bc,51,shuffled,1.0134661197662354,0.04213826358318329,5,,,,,,123
td3_bc,51,perturb_0.25sigma,1.6616647243499756,0.04018197860568762,5,,,,,,123
td3_bc,51,perturb_0.5sigma,2.1674790382385254,0.03704677475616336,5,,,,,,123
td3_bc,51,perturb_1sigma,1.3295916318893433,0.041263083927333355,5,,,,,,123
td3_bc,51,perturb_2sigma,0.6163365244865417,0.037041579373180866,5,,,,,,123
td3_bc,52,supervised,1.3034794330596924,0.031248207204043865,5,,,,,,123
td3_bc,52,actor,1.3034794330596924,0.031248207204043865,5,,,,,,123
td3_bc,52,zero,0.921666145324707,0.03227939549833536,5,,,,,,123
td3_bc,52,random,0.8309888243675232,0.03226850088685751,5,,,,,,123
td3_bc,52,shuffled,0.6921204924583435,0.032601927407085896,5,,,,,,123
td3_bc,52,perturb_0.25sigma,1.9980016946792603,0.028025935404002666,5,,,,,,123
td3_bc,52,perturb_0.5sigma,0.7536695003509521,0.03206527605652809,5,,,,,,123
td3_bc,52,perturb_1sigma,0.5169920921325684,0.02864254731684923,5,,,,,,123
td3_bc,52,perturb_2sigma,0.2913936674594879,0.02678538067266345,5,,,,,,123
td3_bc,53,supervised,0.9251136183738708,0.021284615620970726,5,,,,,,123
td3_bc,53,actor,0.9251136183738708,0.021284615620970726,5,,,,,,123
td3_bc,53,zero,0.511544942855835,0.022257410921156406,5,,,,,,123
td3_bc,53,random,0.23500610888004303,0.02052369713783264,5,,,,,,123
td3_bc,53,shuffled,0.28280308842658997,0.022473670542240143,5,,,,,,123
td3_bc,53,perturb_0.25sigma,0.825984537601471,0.021615485660731792,5,,,,,,123
td3_bc,53,perturb_0.5sigma,1.47698974609375,0.019143040291965008,5,,,,,,123
td3_bc,53,perturb_1sigma,0.6332761645317078,0.007757316343486309,5,,,,,,123
td3_bc,53,perturb_2sigma,0.3015787899494171,0.020708021707832813,5,,,,,,123
td3_bc,54,supervised,0.4343474805355072,0.010850779712200165,5,,,,,,123
td3_bc,54,actor,0.4343474805355072,0.010850779712200165,5,,,,,,123
td3_bc,54,zero,0.002829880453646183,0.011757676489651203,5,,,,,,123
td3_bc,54,random,-0.35192015767097473,0.00838386919349432,5,,,,,,123
td3_bc,54,shuffled,-0.19833147525787354,0.01183390710502863,5,,,,,,123
td3_bc,54,perturb_0.25sigma,0.011415467597544193,0.011423620395362377,5,,,,,,123
td3_bc,54,perturb_0.5sigma,1.4382137060165405,0.007069605868309736,5,,,,,,123
td3_bc,54,perturb_1sigma,-0.2751004099845886,0.008561299182474613,5,,,,,,123
td3_bc,54,perturb_2sigma,0.34263375401496887,-0.002293696627020836,5,,,,,,123
td3_bc,55,supervised,0.9825590252876282,0.032342060934752226,5,,,,,,123
td3_bc,55,actor,0.9825590252876282,0.032342060934752226,5,,,,,,123
td3_bc,55,zero,-0.09710191190242767,-0.030008958652615547,5,,,,,,123
td3_bc,55,random,-0.33247366547584534,-0.0379864489659667,5,,,,,,123
td3_bc,55,shuffled,-0.3475593626499176,-0.05067544337362051,5,,,,,,123
td3_bc,55,perturb_0.25sigma,0.8919149041175842,0.03091988665983081,5,,,,,,123
td3_bc,55,perturb_0.5sigma,0.8273985385894775,0.02981222211383283,5,,,,,,123
td3_bc,55,perturb_1sigma,0.7106881141662598,0.02846631419379264,5,,,,,,123
td3_bc,55,perturb_2sigma,0.9409468770027161,0.027939456747844815,5,,,,,,123
td3_bc,56,supervised,0.919969379901886,0.03120490233413875,5,,,,,,123
td3_bc,56,actor,0.919969379901886,0.03120490233413875,5,,,,,,123
td3_bc,56,zero,-0.32896655797958374,-0.07200188003480434,5,,,,,,123
td3_bc,56,random,0.21295897662639618,-0.020986728370189667,5,,,,,,123
td3_bc,56,shuffled,-0.6191455721855164,-0.10052554868161678,5,,,,,,123
td3_bc,56,perturb_0.25sigma,1.0364388227462769,0.030091565568000078,5,,,,,,123
td3_bc,56,perturb_0.5sigma,0.9953609108924866,0.029484859202057123,5,,,,,,123
td3_bc,56,perturb_1sigma,0.8456291556358337,0.02821827121078968,5,,,,,,123
td3_bc,56,perturb_2sigma,-0.19363386929035187,-0.024720661342144012,5,,,,,,123
td3_bc,57,supervised,0.8459839224815369,0.029639518819749355,5,,,,,,123
td3_bc,57,actor,0.8459839224815369,0.029639518819749355,5,,,,,,123
td3_bc,57,zero,-0.6516658663749695,-0.14853418245911598,5,,,,,,123
td3_bc,57,random,-1.0338338613510132,-0.19192912057042122,5,,,,,,123
td3_bc,57,shuffled,-0.9765125513076782,-0.18944702297449112,5,,,,,,123
td3_bc,57,perturb_0.25sigma,0.7835225462913513,0.01803669612854719,5,,,,,,123
td3_bc,57,perturb_0.5sigma,-0.16386277973651886,-0.057734932750463486,5,,,,,,123
td3_bc,57,perturb_1sigma,-0.26452353596687317,-0.07522310689091682,5,,,,,,123
td3_bc,57,perturb_2sigma,-0.5140546560287476,-0.13486772403120995,5,,,,,,123
td3_bc,58,supervised,0.7809028625488281,0.027500126510858536,5,,,,,,123
td3_bc,58,actor,0.7809028625488281,0.027500126510858536,5,,,,,,123
td3_bc,58,zero,-1.0743752717971802,-0.30925486981868744,5,,,,,,123
td3_bc,58,random,-1.5704647302627563,-0.37769099324941635,5,,,,,,123
td3_bc,58,shuffled,-1.4094370603561401,-0.36987725645303726,5,,,,,,123
td3_bc,58,perturb_0.25sigma,0.7334170937538147,0.01786855235695839,5,,,,,,123
td3_bc,58,perturb_0.5sigma,-0.18856142461299896,-0.0818265974521637,5,,,,,,123
td3_bc,58,perturb_1sigma,-0.7556632161140442,-0.25766969472169876,5,,,,,,123
td3_bc,58,perturb_2sigma,-1.222753643989563,-0.3412473127245903,5,,,,,,123
td3_bc,59,supervised,0.7847102880477905,0.023319397121667862,5,,,,,,123
td3_bc,59,actor,0.7847102880477905,0.023319397121667862,5,,,,,,123
td3_bc,59,zero,-1.544407606124878,-0.7125435471534729,5,,,,,,123
td3_bc,59,random,-1.811819314956665,-0.808598518371582,5,,,,,,123
td3_bc,59,shuffled,-1.834622859954834,-0.8000631928443909,5,,,,,,123
td3_bc,59,perturb_0.25sigma,0.03003096580505371,-0.1219145804643631,5,,,,,,123
td3_bc,59,perturb_0.5sigma,0.6751210689544678,0.020647816359996796,5,,,,,,123
td3_bc,59,perturb_1sigma,0.6184405088424683,0.014203524217009544,5,,,,,,123
td3_bc,59,perturb_2sigma,-0.7569445371627808,-0.2584942579269409,5,,,,,,123
td3_bc,60,supervised,1.4680564403533936,0.04309167619794607,5,,,,,,123
td3_bc,60,actor,1.4680564403533936,0.04309167619794607,5,,,,,,123
td3_bc,60,zero,0.967552125453949,0.03994381008669734,5,,,,,,123
td3_bc,60,random,1.1987340450286865,0.0416369098238647,5,,,,,,123
td3_bc,60,shuffled,0.7465912103652954,0.0376504585146904,5,,,,,,123
td3_bc,60,perturb_0.25sigma,1.6897295713424683,0.04278453439474106,5,,,,,,123
td3_bc,60,perturb_0.5sigma,1.5900521278381348,0.043029144406318665,5,,,,,,123
td3_bc,60,perturb_1sigma,0.9089809060096741,0.039441556204110384,5,,,,,,123
td3_bc,60,perturb_2sigma,0.9722376465797424,0.04014500277116895,5,,,,,,123
td3_bc,61,supervised,1.43233323097229,0.0348677197471261,5,,,,,,123
td3_bc,61,actor,1.43233323097229,0.0348677197471261,5,,,,,,123
td3_bc,61,zero,0.8617331385612488,0.0316521511413157,5,,,,,,123
td3_bc,61,random,1.7526572942733765,0.03425959311425686,5,,,,,,123
td3_bc,61,shuffled,0.6224703192710876,0.029321455163881183,5,,,,,,123
td3_bc,61,perturb_0.25sigma,1.3243589401245117,0.03477742150425911,5,,,,,,123
td3_bc,61,perturb_0.5sigma,1.3863805532455444,0.03491097595542669,5,,,,,,123
td3_bc,61,perturb_1sigma,1.8221415281295776,0.0337524963542819,5,,,,,,123
td3_bc,61,perturb_2sigma,0.9551991820335388,0.03304274892434478,5,,,,,,123
td3_bc,62,supervised,1.382287859916687,0.026419068686664104,5,,,,,,123
td3_bc,62,actor,1.382287859916687,0.026419068686664104,5,,,,,,123
td3_bc,62,zero,0.6794847846031189,0.02315447712317109,5,,,,,,123
td3_bc,62,random,1.2020444869995117,0.025752948597073555,5,,,,,,123
td3_bc,62,shuffled,0.42656660079956055,0.020793319446966052,5,,,,,,123
td3_bc,62,perturb_0.25sigma,1.3297394514083862,0.026394725777208805,5,,,,,,123
td3_bc,62,perturb_0.5sigma,1.2386280298233032,0.026401225477457047,5,,,,,,123
td3_bc,62,perturb_1sigma,0.8740067481994629,0.024821751285344362,5,,,,,,123
td3_bc,62,perturb_2sigma,0.6431344151496887,0.023505093529820442,5,,,,,,123
td3_bc,63,supervised,1.307881236076355,0.017774710431694984,5,,,,,,123
td3_bc,63,actor,1.307881236076355,0.017774710431694984,5,,,,,,123
td3_bc,63,zero,0.37178292870521545,0.014475041534751654,5,,,,,,123
td3_bc,63,random,0.16075079143047333,0.013294232077896595,5,,,,,,123
td3_bc,63,shuffled,0.06540413200855255,0.01209744019433856,5,,,,,,123
td3_bc,63,perturb_0.25sigma,1.3680858612060547,0.0177737632766366,5,,,,,,123
td3_bc,63,perturb_0.5sigma,1.6862930059432983,0.0172253530472517,5,,,,,,123
td3_bc,63,perturb_1sigma,0.31508955359458923,0.014555881265550852,5,,,,,,123
td3_bc,63,perturb_2sigma,0.5859373211860657,0.012710753828287125,5,,,,,,123
td3_bc,64,supervised,1.1294416189193726,0.008959722705185413,5,,,,,,123
td3_bc,64,actor,1.1294416189193726,0.008959722705185413,5,,,,,,123
td3_bc,64,zero,-0.0888582319021225,0.005635962821543217,5,,,,,,123
td3_bc,64,random,-0.4100009799003601,0.003917197696864605,5,,,,,,123
td3_bc,64,shuffled,-0.43884965777397156,0.00325070321559906,5,,,,,,123
td3_bc,64,perturb_0.25sigma,0.8306264877319336,0.008897105231881142,5,,,,,,123
td3_bc,64,perturb_0.5sigma,0.9769189953804016,0.008842872455716133,5,,,,,,123
td3_bc,64,perturb_1sigma,1.0777831077575684,0.00910207536071539,5,,,,,,123
td3_bc,64,perturb_2sigma,-0.40579092502593994,0.0035928525030612946,5,,,,,,123
td3_bc,65,supervised,1.7330522537231445,0.05327978357672691,5,,,,,,123
td3_bc,65,actor,1.7330522537231445,0.05327978357672691,5,,,,,,123
td3_bc,65,zero,1.1534826755523682,0.052566321566700935,5,,,,,,123
td3_bc,65,random,0.7739645838737488,0.04771817056462169,5,,,,,,123
td3_bc,65,shuffled,0.876826822757721,0.04921910213306546,5,,,,,,123
td3_bc,65,perturb_0.25sigma,1.8299981355667114,0.052884298376739025,5,,,,,,123
td3_bc,65,perturb_0.5sigma,1.5137838125228882,0.053823499009013176,5,,,,,,123
td3_bc,65,perturb_1sigma,2.17979097366333,0.04421722120605409,5,,,,,,123
td3_bc,65,perturb_2sigma,2.3517379760742188,0.0468549239449203,5,,,,,,123
td3_bc,66,supervised,1.695937991142273,0.04355458077043295,5,,,,,,123
td3_bc,66,actor,1.695937991142273,0.04355458077043295,5,,,,,,123
td3_bc,66,zero,1.0107084512710571,0.042809135280549526,5,,,,,,123
td3_bc,66,random,0.7552468180656433,0.03903689933940768,5,,,,,,123
td3_bc,66,shuffled,0.721682608127594,0.0392524478957057,5,,,,,,123
td3_bc,66,perturb_0.25sigma,1.7822726964950562,0.04327511414885521,5,,,,,,123
td3_bc,66,perturb_0.5sigma,2.136244297027588,0.040640369057655334,5,,,,,,123
td3_bc,66,perturb_1sigma,1.58380925655365,0.043757010251283646,5,,,,,,123
td3_bc,66,perturb_2sigma,1.2855138778686523,0.04420048650354147,5,,,,,,123
td3_bc,67,supervised,1.6370545625686646,0.033363849855959415,5,,,,,,123
td3_bc,67,actor,1.6370545625686646,0.033363849855959415,5,,,,,,123
td3_bc,67,zero,0.7535622715950012,0.032595629803836346,5,,,,,,123
td3_bc,67,random,0.6204474568367004,0.03132492117583752,5,,,,,,123
td3_bc,67,shuffled,0.49813514947891235,0.028848056215792894,5,,,,,,123
td3_bc,67,perturb_0.25sigma,1.959572434425354,0.032208384945988655,5,,,,,,123
td3_bc,67,perturb_0.5sigma,1.7728115320205688,0.03270400129258633,5,,,,,,123
td3_bc,67,perturb_1sigma,0.5737249255180359,0.030184457544237375,5,,,,,,123
td3_bc,67,perturb_2sigma,0.5348116159439087,0.030785836279392242,5,,,,,,123
td3_bc,68,supervised,1.4319087266921997,0.022716005332767963,5,,,,,,123
td3_bc,68,actor,1.4319087266921997,0.022716005332767963,5,,,,,,123
td3_bc,68,zero,0.3946942090988159,0.021926905028522015,5,,,,,,123
td3_bc,68,random,0.6614816784858704,0.023038447834551334,5,,,,,,123
td3_bc,68,shuffled,0.10989245772361755,0.017988790292292833,5,,,,,,123
td3_bc,68,perturb_0.25sigma,1.211656928062439,0.023139740340411663,5,,,,,,123
td3_bc,68,perturb_0.5sigma,1.786289095878601,0.021398724988102913,5,,,,,,123
td3_bc,68,perturb_1sigma,0.8786433339118958,0.013286681845784187,5,,,,,,123
td3_bc,68,perturb_2sigma,-0.03740216791629791,0.008910544449463487,5,,,,,,123
td3_bc,69,supervised,1.0625584125518799,0.011600124649703503,5,,,,,,123
td3_bc,69,actor,1.0625584125518799,0.011600124649703503,5,,,,,,123
td3_bc,69,zero,-0.08354666829109192,0.010785799473524094,5,,,,,,123
td3_bc,69,random,-0.12868867814540863,0.010028633289039135,5,,,,,,123
td3_bc,69,shuffled,-0.3949662148952484,0.006656897719949484,5,,,,,,123
td3_bc,69,perturb_0.25sigma,1.0967174768447876,0.01155876275151968,5,,,,,,123
td3_bc,69,perturb_0.5sigma,1.4792581796646118,0.01010084617882967,5,,,,,,123
td3_bc,69,perturb_1sigma,-0.29490020871162415,-0.0015230898279696703,5,,,,,,123
td3_bc,69,perturb_2sigma,0.1706550419330597,0.011979722417891026,5,,,,,,123
td3_bc,70,supervised,1.444443702697754,0.03482041973620653,5,,,,,,123
td3_bc,70,actor,1.444443702697754,0.03482041973620653,5,,,,,,123
td3_bc,70,zero,0.9463738799095154,0.0313482815399766,5,,,,,,123
td3_bc,70,random,0.7961274981498718,0.030276403529569507,5,,,,,,123
td3_bc,70,shuffled,0.7062027454376221,0.029754638322629035,5,,,,,,123
td3_bc,70,perturb_0.25sigma,1.4809759855270386,0.03486020024865866,5,,,,,,123
td3_bc,70,perturb_0.5sigma,1.4893561601638794,0.034946502186357975,5,,,,,,123
td3_bc,70,perturb_1sigma,1.2548208236694336,0.03416418610140681,5,,,,,,123
td3_bc,70,perturb_2sigma,1.7044299840927124,0.03465605154633522,5,,,,,,123
td3_bc,71,supervised,1.4143601655960083,0.028036846313625574,5,,,,,,123
td3_bc,71,actor,1.4143601655960083,0.028036846313625574,5,,,,,,123
td3_bc,71,zero,0.8563186526298523,0.02452456159517169,5,,,,,,123
td3_bc,71,random,0.8979998826980591,0.024965642485767603,5,,,,,,123
td3_bc,71,shuffled,0.6005761027336121,0.022912108222953975,5,,,,,,123
td3_bc,71,perturb_0.25sigma,1.3091574907302856,0.027733264956623316,5,,,,,,123
td3_bc,71,perturb_0.5sigma,1.639367699623108,0.028276422526687384,5,,,,,,123
td3_bc,71,perturb_1sigma,0.8292278051376343,0.024892142741009593,5,,,,,,123
td3_bc,71,perturb_2sigma,0.8958464860916138,0.025416862685233355,5,,,,,,123
td3_bc,72,supervised,1.359233021736145,0.02114399801939726,5,,,,,,123
td3_bc,72,actor,1.359233021736145,0.02114399801939726,5,,,,,,123
td3_bc,72,zero,0.6824263334274292,0.017608026042580605,5,,,,,,123
td3_bc,72,random,0.4855201244354248,0.016502605518326163,5,,,,,,123
td3_bc,72,shuffled,0.43010252714157104,0.015981041477061808,5,,,,,,123
td3_bc,72,perturb_0.25sigma,1.3480244874954224,0.02108516450971365,5,,,,,,123
td3_bc,72,perturb_0.5sigma,1.5882307291030884,0.021241878625005484,5,,,,,,123
td3_bc,72,perturb_1sigma,1.5059188604354858,0.02121750544756651,5,,,,,,123
td3_bc,72,perturb_2sigma,1.1674290895462036,0.02089737169444561,5,,,,,,123
td3_bc,73,supervised,1.255414366722107,0.014159052167087793,5,,,,,,123
td3_bc,73,actor,1.255414366722107,0.014159052167087793,5,,,,,,123
td3_bc,73,zero,0.3883837163448334,0.010615368839353323,5,,,,,,123
td3_bc,73,random,0.1611984819173813,0.009700663154944777,5,,,,,,123
td3_bc,73,shuffled,0.07104478776454926,0.008980631828308105,5,,,,,,123
td3_bc,73,perturb_0.25sigma,1.093283772468567,0.013844497501850128,5,,,,,,123
td3_bc,73,perturb_0.5sigma,1.3645281791687012,0.014246521517634392,5,,,,,,123
td3_bc,73,perturb_1sigma,0.3992674946784973,0.011261237319558859,5,,,,,,123
td3_bc,73,perturb_2sigma,0.265388160943985,0.010870963102206588,5,,,,,,123
td3_bc,74,supervised,1.0125800371170044,0.007103436626493931,5,,,,,,123
td3_bc,74,actor,1.0125800371170044,0.007103436626493931,5,,,,,,123
td3_bc,74,zero,-0.05478870868682861,0.003563756588846445,5,,,,,,123
td3_bc,74,random,-0.15044711530208588,0.003239656798541546,5,,,,,,123
td3_bc,74,shuffled,-0.4240378439426422,0.0019259032560512424,5,,,,,,123
td3_bc,74,perturb_0.25sigma,0.9181529879570007,0.006984948646277189,5,,,,,,123
td3_bc,74,perturb_0.5sigma,0.4690493047237396,0.0061776405200362206,5,,,,,,123
td3_bc,74,perturb_1sigma,1.0548380613327026,0.007227117195725441,5,,,,,,123
td3_bc,74,perturb_2sigma,0.020459748804569244,0.0067959800362586975,5,,,,,,123
td3_bc,75,supervised,1.1626832485198975,0.018970329081639647,5,,,,,,123
td3_bc,75,actor,1.1626832485198975,0.018970329081639647,5,,,,,,123
td3_bc,75,zero,1.9228705167770386,0.008696335833519697,5,,,,,,123
td3_bc,75,random,1.6087760925292969,0.012815829715691507,5,,,,,,123
td3_bc,75,shuffled,0.9045098423957825,0.0032166719902306795,5,,,,,,123
td3_bc,75,perturb_0.25sigma,1.0719661712646484,0.02055612881667912,5,,,,,,123
td3_bc,75,perturb_0.5sigma,1.1831024885177612,0.018524920917116106,5,,,,,,123
td3_bc,75,perturb_1sigma,2.0011281967163086,0.010770964319817722,5,,,,,,123
td3_bc,75,perturb_2sigma,0.7711741328239441,0.00258074639714323,5,,,,,,123
td3_bc,76,supervised,0.9561957716941833,0.01592124835588038,5,,,,,,123
td3_bc,76,actor,0.9561957716941833,0.01592124835588038,5,,,,,,123
td3_bc,76,zero,1.359479546546936,0.00593151239445433,5,,,,,,123
td3_bc,76,random,1.2312008142471313,0.0053981467790436,5,,,,,,123
td3_bc,76,shuffled,0.5334308743476868,0.00035546535582398064,5,,,,,,123
td3_bc,76,perturb_0.25sigma,1.1290591955184937,0.013336860574781895,5,,,,,,123
td3_bc,76,perturb_0.5sigma,0.40190595388412476,0.019466034951619804,5,,,,,,123
td3_bc,76,perturb_1sigma,1.7574360370635986,0.00853723008185625,5,,,,,,123
td3_bc,76,perturb_2sigma,0.15354806184768677,-0.0014243900805013254,5,,,,,,123
td3_bc,77,supervised,0.6770641207695007,0.012642685789614916,5,,,,,,123
td3_bc,77,actor,0.6770641207695007,0.012642685789614916,5,,,,,,123
td3_bc,77,zero,0.7696921229362488,0.003215643053408712,5,,,,,,123
td3_bc,77,random,1.1805378198623657,0.007680211332626641,5,,,,,,123
td3_bc,77,shuffled,0.1512852907180786,-0.002381834536208771,5,,,,,,123
td3_bc,77,perturb_0.25sigma,0.7623291611671448,0.011704319389536977,5,,,,,,123
td3_bc,77,perturb_0.5sigma,0.7054558396339417,0.012135782046243548,5,,,,,,123
td3_bc,77,perturb_1sigma,0.5774834752082825,0.013736491557210684,5,,,,,,123
td3_bc,77,perturb_2sigma,0.7922208905220032,0.011720848036929965,5,,,,,,123
td3_bc,78,supervised,0.3635874092578888,0.009019794408231974,5,,,,,,123
td3_bc,78,actor,0.3635874092578888,0.009019794408231974,5,,,,,,123
td3_bc,78,zero,0.1618804931640625,0.0005680536269210279,5,,,,,,123
td3_bc,78,random,0.24448826909065247,0.009570562280714512,5,,,,,,123
td3_bc,78,shuffled,-0.3317357301712036,-0.004925659217406064,5,,,,,,123
td3_bc,78,perturb_0.25sigma,0.28700587153434753,0.009606811683624983,5,,,,,,123
td3_bc,78,perturb_0.5sigma,0.3850482702255249,0.00847264239564538,5,,,,,,123
td3_bc,78,perturb_1sigma,-0.005237984471023083,0.009345323080196977,5,,,,,,123
td3_bc,78,perturb_2sigma,-0.42135071754455566,0.005575580056756735,5,,,,,,123
td3_bc,79,supervised,-0.003787776455283165,0.004876013845205307,5,,,,,,123
td3_bc,79,actor,-0.003787776455283165,0.004876013845205307,5,,,,,,123
td3_bc,79,zero,-0.5180234313011169,-0.001971280202269554,5,,,,,,123
td3_bc,79,random,-0.2657696604728699,0.004583196248859167,5,,,,,,123
td3_bc,79,shuffled,-0.9976908564567566,-0.007224418688565493,5,,,,,,123
td3_bc,79,perturb_0.25sigma,-0.3224814236164093,0.004580952692776918,5,,,,,,123
td3_bc,79,perturb_0.5sigma,-0.47567200660705566,-0.0007846878725104034,5,,,,,,123
td3_bc,79,perturb_1sigma,0.22019262611865997,0.0037939762696623802,5,,,,,,123
td3_bc,79,perturb_2sigma,-0.8066366314888,-0.0009249341674149036,5,,,,,,123
td3_bc,-1,summary,,,5,,0.278781512605042,0.6200471787524293,0.1375,0.175,123
full_cycle0,0,supervised,1.698652744293213,0.04495709063485265,5,,,,,,2026
full_cycle0,0,actor,1.698652744293213,0.04495709063485265,5,,,,,,2026
full_cycle0,0,zero,2.228533983230591,0.04791470384225249,5,,,,,,2026
full_cycle0,0,random,2.41050124168396,0.04736934695392847,5,,,,,,2026
full_cycle0,0,shuffled,2.0515692234039307,0.04546396294608712,5,,,,,,2026
full_cycle0,0,perturb_0.25sigma,1.5177894830703735,0.042807705234736204,5,,,,,,2026
full_cycle0,0,perturb_0.5sigma,2.4057884216308594,0.04778826469555497,5,,,,,,2026
full_cycle0,0,perturb_1sigma,1.2807226181030273,0.039116914849728346,5,,,,,,2026
full_cycle0,0,perturb_2sigma,1.2783873081207275,0.03831580746918917,5,,,,,,2026
full_cycle0,1,supervised,1.4928772449493408,0.03747869608923793,5,,,,,,2026
full_cycle0,1,actor,1.4928772449493408,0.03747869608923793,5,,,,,,2026
full_cycle0,1,zero,2.177105188369751,0.04044357780367136,5,,,,,,2026
full_cycle0,1,random,1.7980310916900635,0.03762763924896717,5,,,,,,2026
full_cycle0,1,shuffled,1.7283034324645996,0.03705484326928854,5,,,,,,2026
full_cycle0,1,perturb_0.25sigma,1.5132988691329956,0.03783481381833553,5,,,,,,2026
full_cycle0,1,perturb_0.5sigma,1.3564006090164185,0.035738245118409395,5,,,,,,2026
full_cycle0,1,perturb_1sigma,1.3431557416915894,0.03610461438074708,5,,,,,,2026
full_cycle0,1,perturb_2sigma,1.2279150485992432,0.03140464681200683,5,,,,,,2026
full_cycle0,2,supervised,1.0907844305038452,0.029329225420951843,5,,,,,,2026
full_cycle0,2,actor,1.0907844305038452,0.029329225420951843,5,,,,,,2026
full_cycle0,2,zero,1.960918664932251,0.03223216161131859,5,,,,,,2026
full_cycle0,2,random,1.8583157062530518,0.03142151143401861,5,,,,,,2026
full_cycle0,2,shuffled,1.1988930702209473,0.027741595171391964,5,,,,,,2026
full_cycle0,2,perturb_0.25sigma,1.0766602754592896,0.029253358021378517,5,,,,,,2026
full_cycle0,2,perturb_0.5sigma,1.4905657768249512,0.03181139566004276,5,,,,,,2026
full_cycle0,2,perturb_1sigma,1.1661772727966309,0.028758518397808075,5,,,,,,2026
full_cycle0,2,perturb_2sigma,0.6290706396102905,0.022944117430597544,5,,,,,,2026
full_cycle0,3,supervised,0.4851059913635254,0.020440266467630863,5,,,,,,2026
full_cycle0,3,actor,0.4851059913635254,0.020440266467630863,5,,,,,,2026
full_cycle0,3,zero,1.4226500988006592,0.023184419609606266,5,,,,,,2026
full_cycle0,3,random,0.4297899603843689,0.019570594653487206,5,,,,,,2026
full_cycle0,3,shuffled,0.520103394985199,0.01746730087324977,5,,,,,,2026
full_cycle0,3,perturb_0.25sigma,0.43650996685028076,0.020131370052695274,5,,,,,,2026
full_cycle0,3,perturb_0.5sigma,0.7218204140663147,0.0220065014436841,5,,,,,,2026
full_cycle0,3,perturb_1sigma,0.8553150296211243,0.022864370606839657,5,,,,,,2026
full_cycle0,3,perturb_2sigma,0.07054896652698517,0.015227261930704117,5,,,,,,2026
full_cycle0,4,supervised,-0.1348244994878769,0.010715012438595295,5,,,,,,2026
full_cycle0,4,actor,-0.1348244994878769,0.010715012438595295,5,,,,,,2026
full_cycle0,4,zero,0.5278427600860596,0.01314033754169941,5,,,,,,2026
full_cycle0,4,random,-0.2783603072166443,0.006066933739930391,5,,,,,,2026
full_cycle0,4,shuffled,-0.11123809963464737,0.0061532859690487385,5,,,,,,2026
full_cycle0,4,perturb_0.25sigma,0.03554569184780121,0.012895581312477589,5,,,,,,2026
full_cycle0,4,perturb_0.5sigma,-0.12823520600795746,0.010934005491435528,5,,,,,,2026
full_cycle0,4,perturb_1sigma,-0.1986149251461029,0.0084092291072011,5,,,,,,2026
full_cycle0,4,perturb_2sigma,-0.40895575284957886,0.006201379932463169,5,,,,,,2026
full_cycle0,5,supervised,1.698652744293213,0.04495709063485265,5,,,,,,2026
full_cycle0,5,actor,1.698652744293213,0.04495709063485265,5,,,,,,2026
full_cycle0,5,zero,2.228533983230591,0.04791470384225249,5,,,,,,2026
full_cycle0,5,random,1.6483982801437378,0.044550323858857155,5,,,,,,2026
full_cycle0,5,shuffled,2.0515692234039307,0.04546396294608712,5,,,,,,2026
full_cycle0,5,perturb_0.25sigma,1.7472922801971436,0.04543358227238059,5,,,,,,2026
full_cycle0,5,perturb_0.5sigma,1.9706480503082275,0.04720009630545974,5,,,,,,2026
full_cycle0,5,perturb_1sigma,1.5923553705215454,0.04367520613595843,5,,,,,,2026
full_cycle0,5,perturb_2sigma,1.390308141708374,0.04085151245817542,5,,,,,,2026
full_cycle0,6,supervised,1.8003425598144531,0.037407530937343836,5,,,,,,2026
full_cycle0,6,actor,1.8003425598144531,0.037407530937343836,5,,,,,,2026
full_cycle0,6,zero,2.585158348083496,0.04041109140962362,5,,,,,,2026
full_cycle0,6,random,1.1007148027420044,0.029240162701171357,5,,,,,,2026
full_cycle0,6,shuffled,1.7091481685638428,0.037199169397354126,5,,,,,,2026
full_cycle0,6,perturb_0.25sigma,1.9464428424835205,0.03826732374727726,5,,,,,,2026
full_cycle0,6,perturb_0.5sigma,1.3518965244293213,0.03318351600319147,5,,,,,,2026
full_cycle0,6,perturb_1sigma,1.8555858135223389,0.03872885461896658,5,,,,,,2026
full_cycle0,6,perturb_2sigma,1.6795600652694702,0.035770857241004705,5,,,,,,2026
full_cycle0,7,supervised,1.7015258073806763,0.029031439684331417,5,,,,,,2026
full_cycle0,7,actor,1.7015258073806763,0.029031439684331417,5,,,,,,2026
full_cycle0,7,zero,2.005563259124756,0.031845916993916035,5,,,,,,2026
full_cycle0,7,random,1.72749662399292,0.029777576215565205,5,,,,,,2026
full_cycle0,7,shuffled,1.2407554388046265,0.02752251923084259,5,,,,,,2026
full_cycle0,7,perturb_0.25sigma,1.0568190813064575,0.024802418425679207,5,,,,,,2026
full_cycle0,7,perturb_0.5sigma,1.101658582687378,0.025197220966219902,5,,,,,,2026
full_cycle0,7,perturb_1sigma,2.2561135292053223,0.03150307387113571,5,,,,,,2026
full_cycle0,7,perturb_2sigma,0.9628231525421143,0.023468303494155407,5,,,,,,2026
full_cycle0,8,supervised,1.3275119066238403,0.02004911843687296,5,,,,,,2026
full_cycle0,8,actor,1.3275119066238403,0.02004911843687296,5,,,,,,2026
full_cycle0,8,zero,1.3866405487060547,0.022690393030643463,5,,,,,,2026
full_cycle0,8,random,0.8537455201148987,0.019666981883347034,5,,,,,,2026
full_cycle0,8,shuffled,0.7165654301643372,0.017353273928165436,5,,,,,,2026
full_cycle0,8,perturb_0.25sigma,1.4948347806930542,0.022587529383599758,5,,,,,,2026
full_cycle0,8,perturb_0.5sigma,1.3013732433319092,0.022271049208939075,5,,,,,,2026
full_cycle0,8,perturb_1sigma,0.7165183424949646,0.015662372577935457,5,,,,,,2026
full_cycle0,8,perturb_2sigma,1.1089270114898682,0.02104757819324732,5,,,,,,2026
full_cycle0,9,supervised,0.6653085947036743,0.010262028314173222,5,,,,,,2026
full_cycle0,9,actor,0.6653085947036743,0.010262028314173222,5,,,,,,2026
full_cycle0,9,zero,0.6113443374633789,0.012681384570896626,5,,,,,,2026
full_cycle0,9,random,0.4793941378593445,0.010488779284060001,5,,,,,,2026
full_cycle0,9,shuffled,0.06758575886487961,0.006247709039598703,5,,,,,,2026
full_cycle0,9,perturb_0.25sigma,0.9288161993026733,0.010885663330554962,5,,,,,,2026
full_cycle0,9,perturb_0.5sigma,1.2087211608886719,0.012012572959065437,5,,,,,,2026
full_cycle0,9,perturb_1sigma,1.0662775039672852,0.012618406675755978,5,,,,,,2026
full_cycle0,9,perturb_2sigma,-0.386318564414978,-0.0027735899202525616,5,,,,,,2026
full_cycle0,10,supervised,2.3886945247650146,0.034698042552918196,5,,,,,,2026
full_cycle0,10,actor,2.3886945247650146,0.034698042552918196,5,,,,,,2026
full_cycle0,10,zero,1.6742323637008667,0.02906800084747374,5,,,,,,2026
full_cycle0,10,random,1.5305681228637695,0.028174915409181267,5,,,,,,2026
full_cycle0,10,shuffled,1.0486061573028564,0.02624544478021562,5,,,,,,2026
full_cycle0,10,perturb_0.25sigma,2.356066942214966,0.034839977975934744,5,,,,,,2026
full_cycle0,10,perturb_0.5sigma,2.2678749561309814,0.035481272265315056,5,,,,,,2026
full_cycle0,10,perturb_1sigma,2.1564950942993164,0.03650004602968693,5,,,,,,2026
full_cycle0,10,perturb_2sigma,2.201080560684204,0.03647334035485983,5,,,,,,2026
full_cycle0,11,supervised,2.416814088821411,0.028021012898534536,5,,,,,,2026
full_cycle0,11,actor,2.416814088821411,0.028021012898534536,5,,,,,,2026
full_cycle0,11,zero,1.5144872665405273,0.022393243038095534,5,,,,,,2026
full_cycle0,11,random,1.4870119094848633,0.022164051420986652,5,,,,,,2026
full_cycle0,11,shuffled,0.9536851644515991,0.019465955323539674,5,,,,,,2026
full_cycle0,11,perturb_0.25sigma,2.26004695892334,0.029155395459383726,5,,,,,,2026
full_cycle0,11,perturb_0.5sigma,2.2503607273101807,0.0292743518948555,5,,,,,,2026
full_cycle0,11,perturb_1sigma,2.4410951137542725,0.028779272455722094,5,,,,,,2026
full_cycle0,11,perturb_2sigma,2.0794990062713623,0.023631240939721465,5,,,,,,2026
full_cycle0,12,supervised,2.354696750640869,0.021130294539034367,5,,,,,,2026
full_cycle0,12,actor,2.354696750640869,0.021130294539034367,5,,,,,,2026
full_cycle0,12,zero,1.2086060047149658,0.015582538559101522,5,,,,,,2026
full_cycle0,12,random,1.0917565822601318,0.01514849963132292,5,,,,,,2026
full_cycle0,12,shuffled,0.8013025522232056,0.012546884594485164,5,,,,,,2026
full_cycle0,12,perturb_0.25sigma,2.317276954650879,0.0211060275323689,5,,,,,,2026
full_cycle0,12,perturb_0.5sigma,2.59865403175354,0.019052534829825163,5,,,,,,2026
full_cycle0,12,perturb_1sigma,2.382457971572876,0.022413068916648626,5,,,,,,2026
full_cycle0,12,perturb_2sigma,1.9289467334747314,0.0232522739097476,5,,,,,,2026
full_cycle0,13,supervised,2.0655510425567627,0.01412841398268938,5,,,,,,2026
full_cycle0,13,actor,2.0655510425567627,0.01412841398268938,5,,,,,,2026
full_cycle0,13,zero,0.6658858060836792,0.00869959022384137,5,,,,,,2026
full_cycle0,13,random,0.29310697317123413,0.006715399431413971,5,,,,,,2026
full_cycle0,13,shuffled,0.2915031313896179,0.005554968491196632,5,,,,,,2026
full_cycle0,13,perturb_0.25sigma,2.0433061122894287,0.014043423347175121,5,,,,,,2026
full_cycle0,13,perturb_0.5sigma,1.2528103590011597,0.016460430342704058,5,,,,,,2026
full_cycle0,13,perturb_1sigma,1.615089774131775,0.01605301909148693,5,,,,,,2026
full_cycle0,13,perturb_2sigma,2.4284324645996094,0.010435034986585379,5,,,,,,2026
full_cycle0,14,supervised,1.398544430732727,0.007058111485093832,5,,,,,,2026
full_cycle0,14,actor,1.398544430732727,0.007058111485093832,5,,,,,,2026
full_cycle0,14,zero,0.05604089796543121,0.0018227777909487486,5,,,,,,2026
full_cycle0,14,random,-0.1365334838628769,0.0009031392983160913,5,,,,,,2026
full_cycle0,14,shuffled,-0.33860498666763306,-0.0014225119957700372,5,,,,,,2026
full_cycle0,14,perturb_0.25sigma,1.5502114295959473,0.006372629664838314,5,,,,,,2026
full_cycle0,14,perturb_0.5sigma,2.0584990978240967,0.005428837146610022,5,,,,,,2026
full_cycle0,14,perturb_1sigma,0.9140446186065674,0.00674674054607749,5,,,,,,2026
full_cycle0,14,perturb_2sigma,0.3701965808868408,0.009962729178369045,5,,,,,,2026
full_cycle0,15,supervised,2.1621756553649902,0.0033236753806704655,5,,,,,,2026
full_cycle0,15,actor,2.1621756553649902,0.0033236753806704655,5,,,,,,2026
full_cycle0,15,zero,1.8507838249206543,0.006013420032104477,5,,,,,,2026
full_cycle0,15,random,2.4197452068328857,0.005691619197023101,5,,,,,,2026
full_cycle0,15,shuffled,1.2600140571594238,0.0015694769244873896,5,,,,,,2026
full_cycle0,15,perturb_0.25sigma,2.1432347297668457,0.0032974372734315693,5,,,,,,2026
full_cycle0,15,perturb_0.5sigma,2.0685834884643555,0.005032132328778971,5,,,,,,2026
full_cycle0,15,perturb_1sigma,2.6244518756866455,0.004280674591427669,5,,,,,,2026
full_cycle0,15,perturb_2sigma,1.8811404705047607,0.007684861251618713,5,,,,,,2026
full_cycle0,16,supervised,1.886054277420044,0.0023072428593877703,5,,,,,,2026
full_cycle0,16,actor,1.886054277420044,0.0023072428593877703,5,,,,,,2026
full_cycle0,16,zero,1.6521902084350586,0.005364638145692879,5,,,,,,2026
full_cycle0,16,random,1.7462289333343506,0.0008203296893043444,5,,,,,,2026
full_cycle0,16,shuffled,1.048837661743164,0.0006084235938033089,5,,,,,,2026
full_cycle0,16,perturb_0.25sigma,1.7815802097320557,0.002105778592522256,5,,,,,,2026
full_cycle0,16,perturb_0.5sigma,2.1504151821136475,0.002333937824005261,5,,,,,,2026
full_cycle0,16,perturb_1sigma,2.0361902713775635,0.0033964041649596766,5,,,,,,2026
full_cycle0,16,perturb_2sigma,1.5694211721420288,0.005329569772584364,5,,,,,,2026
full_cycle0,17,supervised,1.542067050933838,0.001613485481357202,5,,,,,,2026
full_cycle0,17,actor,1.542067050933838,0.001613485481357202,5,,,,,,2026
full_cycle0,17,zero,1.2749557495117188,0.0048980100837070495,5,,,,,,2026
full_cycle0,17,random,2.030480146408081,0.0020965036092093214,5,,,,,,2026
full_cycle0,17,shuffled,0.7566696405410767,-0.0001703169837128371,5,,,,,,2026
full_cycle0,17,perturb_0.25sigma,1.413596510887146,0.0020848137937719002,5,,,,,,2026
full_cycle0,17,perturb_0.5sigma,1.3409719467163086,0.0027521805895958096,5,,,,,,2026
full_cycle0,17,perturb_1sigma,1.9722506999969482,0.0017022537140292116,5,,,,,,2026
full_cycle0,17,perturb_2sigma,2.0443949699401855,0.001863235047494527,5,,,,,,2026
full_cycle0,18,supervised,1.0778183937072754,0.0011071335175074637,5,,,,,,2026
full_cycle0,18,actor,1.0778183937072754,0.0011071335175074637,5,,,,,,2026
full_cycle0,18,zero,0.6141971349716187,0.00447430502390489,5,,,,,,2026
full_cycle0,18,random,0.2254633754491806,0.001103533897548914,5,,,,,,2026
full_cycle0,18,shuffled,0.11713598668575287,-0.0009019777644425631,5,,,,,,2026
full_cycle0,18,perturb_0.25sigma,1.3284354209899902,0.0011768281692638993,5,,,,,,2026
full_cycle0,18,perturb_0.5sigma,2.0993621349334717,0.0017910425958689302,5,,,,,,2026
full_cycle0,18,perturb_1sigma,0.583249032497406,0.004775217123096809,5,,,,,,2026
full_cycle0,18,perturb_2sigma,0.4971761703491211,0.007910497661214322,5,,,,,,2026
full_cycle0,19,supervised,0.5326067209243774,0.0006287679425440729,5,,,,,,2026
full_cycle0,19,actor,0.5326067209243774,0.0006287679425440729,5,,,,,,2026
full_cycle0,19,zero,0.04088814556598663,0.003940974827855825,5,,,,,,2026
full_cycle0,19,random,-0.11475540697574615,0.003372639650478959,5,,,,,,2026
full_cycle0,19,shuffled,-0.4368084669113159,-0.001734555815346539,5,,,,,,2026
full_cycle0,19,perturb_0.25sigma,0.48398691415786743,0.0009110706741921604,5,,,,,,2026
full_cycle0,19,perturb_0.5sigma,1.8439388275146484,0.0013091850560158491,5,,,,,,2026
full_cycle0,19,perturb_1sigma,0.21852485835552216,0.00195276306476444,5,,,,,,2026
full_cycle0,19,perturb_2sigma,-0.06848914921283722,0.003873290726915002,5,,,,,,2026
full_cycle0,20,supervised,1.8684945106506348,0.06452241819351912,5,,,,,,2026
full_cycle0,20,actor,1.8684945106506348,0.06452241819351912,5,,,,,,2026
full_cycle0,20,zero,1.7065443992614746,0.06428766064345837,5,,,,,,2026
full_cycle0,20,random,1.359913945198059,0.061386944726109505,5,,,,,,2026
full_cycle0,20,shuffled,1.5709900856018066,0.06362710148096085,5,,,,,,2026
full_cycle0,20,perturb_0.25sigma,1.920398473739624,0.06443951930850744,5,,,,,,2026
full_cycle0,20,perturb_0.5sigma,1.4004013538360596,0.06177697144448757,5,,,,,,2026
full_cycle0,20,perturb_1sigma,0.7764991521835327,0.0514860968105495,5,,,,,,2026
full_cycle0,20,perturb_2sigma,1.362808346748352,0.055728036910295486,5,,,,,,2026
full_cycle0,21,supervised,1.7921640872955322,0.05303541850298643,5,,,,,,2026
full_cycle0,21,actor,1.7921640872955322,0.05303541850298643,5,,,,,,2026
full_cycle0,21,zero,1.6207866668701172,0.05300509091466665,5,,,,,,2026
full_cycle0,21,random,2.1032750606536865,0.05220679007470608,5,,,,,,2026
full_cycle0,21,shuffled,1.4826221466064453,0.0527622839435935,5,,,,,,2026
full_cycle0,21,perturb_0.25sigma,2.184460401535034,0.052456317469477654,5,,,,,,2026
full_cycle0,21,perturb_0.5sigma,1.6987076997756958,0.05280270241200924,5,,,,,,2026
full_cycle0,21,perturb_1sigma,0.9030764102935791,0.04192168181180023,5,,,,,,2026
full_cycle0,21,perturb_2sigma,1.0545456409454346,0.04712480306625366,5,,,,,,2026
full_cycle0,22,supervised,1.6024196147918701,0.040793703868985176,5,,,,,,2026
full_cycle0,22,actor,1.6024196147918701,0.040793703868985176,5,,,,,,2026
full_cycle0,22,zero,1.433426856994629,0.04101510997861624,5,,,,,,2026
full_cycle0,22,random,0.6785799264907837,0.035872132517397404,5,,,,,,2026
full_cycle0,22,shuffled,1.2889611721038818,0.041149052791297436,5,,,,,,2026
full_cycle0,22,perturb_0.25sigma,1.4817099571228027,0.040854393504559994,5,,,,,,2026
full_cycle0,22,perturb_0.5sigma,1.5425224304199219,0.04086424130946398,5,,,,,,2026
full_cycle0,22,perturb_1sigma,0.7407693266868591,0.03648666199296713,5,,,,,,2026
full_cycle0,22,perturb_2sigma,0.7264531850814819,0.03622200805693865,5,,,,,,2026
full_cycle0,23,supervised,1.2191683053970337,0.027857312932610512,5,,,,,,2026
full_cycle0,23,actor,1.2191683053970337,0.027857312932610512,5,,,,,,2026
full_cycle0,23,zero,1.0898289680480957,0.02832531090825796,5,,,,,,2026
full_cycle0,23,random,0.7062515020370483,0.02782137133181095,5,,,,,,2026
full_cycle0,23,shuffled,0.9657459259033203,0.028730335645377636,5,,,,,,2026
full_cycle0,23,perturb_0.25sigma,1.6544322967529297,0.02748511265963316,5,,,,,,2026
full_cycle0,23,perturb_0.5sigma,0.9976146221160889,0.027805745601654053,5,,,,,,2026
full_cycle0,23,perturb_1sigma,0.4988059401512146,0.027305460534989834,5,,,,,,2026
full_cycle0,23,perturb_2sigma,-0.04430454969406128,0.013717136345803738,5,,,,,,2026
full_cycle0,24,supervised,0.4144846200942993,0.014260920695960522,5,,,,,,2026
full_cycle0,24,actor,0.4144846200942993,0.014260920695960522,5,,,,,,2026
full_cycle0,24,zero,0.3766418695449829,0.014908958226442337,5,,,,,,2026
full_cycle0,24,random,0.6596798896789551,0.014411340467631817,5,,,,,,2026
full_cycle0,24,shuffled,0.2911125421524048,0.015403399243950844,5,,,,,,2026
full_cycle0,24,perturb_0.25sigma,1.0214051008224487,0.01287546381354332,5,,,,,,2026
full_cycle0,24,perturb_0.5sigma,0.6510031819343567,0.012168879620730877,5,,,,,,2026
full_cycle0,24,perturb_1sigma,0.11734145879745483,0.014109407551586628,5,,,,,,2026
full_cycle0,24,perturb_2sigma,-0.5714421272277832,-0.004348816350102425,5,,,,,,2026
full_cycle0,25,supervised,1.8684945106506348,0.06452241819351912,5,,,,,,2026
full_cycle0,25,actor,1.8684945106506348,0.06452241819351912,5,,,,,,2026
full_cycle0,25,zero,1.7065443992614746,0.06428766064345837,5,,,,,,2026
full_cycle0,25,random,2.1841795444488525,0.06380747817456722,5,,,,,,2026
full_cycle0,25,shuffled,1.5709900856018066,0.06362710148096085,5,,,,,,2026
full_cycle0,25,perturb_0.25sigma,1.5238144397735596,0.06320747546851635,5,,,,,,2026
full_cycle0,25,perturb_0.5sigma,1.4725258350372314,0.06265152432024479,5,,,,,,2026
full_cycle0,25,perturb_1sigma,1.24281907081604,0.054180593171622604,5,,,,,,2026
full_cycle0,25,perturb_2sigma,1.7128509283065796,0.057759668212383986,5,,,,,,2026
full_cycle0,26,supervised,2.287652015686035,0.05417247861623764,5,,,,,,2026
full_cycle0,26,actor,2.287652015686035,0.05417247861623764,5,,,,,,2026
full_cycle0,26,zero,2.045222520828247,0.05411237012594938,5,,,,,,2026
full_cycle0,26,random,1.2168980836868286,0.0483742319047451,5,,,,,,2026
full_cycle0,26,shuffled,1.8311457633972168,0.05376513674855232,5,,,,,,2026
full_cycle0,26,perturb_0.25sigma,1.9248621463775635,0.05375364888459444,5,,,,,,2026
full_cycle0,26,perturb_0.5sigma,1.8617050647735596,0.05355298891663551,5,,,,,,2026
full_cycle0,26,perturb_1sigma,1.2786152362823486,0.049125696532428265,5,,,,,,2026
full_cycle0,26,perturb_2sigma,1.6860555410385132,0.052881430834531784,5,,,,,,2026
full_cycle0,27,supervised,2.2761666774749756,0.042283326387405396,5,,,,,,2026
full_cycle0,27,actor,2.2761666774749756,0.042283326387405396,5,,,,,,2026
full_cycle0,27,zero,2.0392873287200928,0.042453340254724026,5,,,,,,2026
full_cycle0,27,random,1.498739242553711,0.03851580061018467,5,,,,,,2026
full_cycle0,27,shuffled,1.8105714321136475,0.04246245324611664,5,,,,,,2026
full_cycle0,27,perturb_0.25sigma,2.5108253955841064,0.042080543003976345,5,,,,,,2026
full_cycle0,27,perturb_0.5sigma,1.1017570495605469,0.03834943845868111,5,,,,,,2026
full_cycle0,27,perturb_1sigma,0.9263606071472168,0.03675285819917917,5,,,,,,2026
full_cycle0,27,perturb_2sigma,2.062309503555298,0.041205642744898796,5,,,,,,2026
full_cycle0,28,supervised,1.8989086151123047,0.02930501289665699,5,,,,,,2026
full_cycle0,28,actor,1.8989086151123047,0.02930501289665699,5,,,,,,2026
full_cycle0,28,zero,1.6611487865447998,0.029694654047489166,5,,,,,,2026
full_cycle0,28,random,0.5675597190856934,0.025077166967093945,5,,,,,,2026
full_cycle0,28,shuffled,1.4367461204528809,0.029927410185337067,5,,,,,,2026
full_cycle0,28,perturb_0.25sigma,1.9504387378692627,0.028500929474830627,5,,,,,,2026
full_cycle0,28,perturb_0.5sigma,1.2064449787139893,0.028805208392441273,5,,,,,,2026
full_cycle0,28,perturb_1sigma,0.11552660167217255,0.012063270900398493,5,,,,,,2026
full_cycle0,28,perturb_2sigma,1.6633524894714355,0.028911704197525978,5,,,,,,2026
full_cycle0,29,supervised,1.1511567831039429,0.015080063603818417,5,,,,,,2026
full_cycle0,29,actor,1.1511567831039429,0.015080063603818417,5,,,,,,2026
full_cycle0,29,zero,0.9379415512084961,0.015665018931031227,5,,,,,,2026
full_cycle0,29,random,-0.16000434756278992,-0.0020678816363215446,5,,,,,,2026
full_cycle0,29,shuffled,0.7139154076576233,0.015994500368833542,5,,,,,,2026
full_cycle0,29,perturb_0.25sigma,1.6381491422653198,0.01494607888162136,5,,,,,,2026
full_cycle0,29,perturb_0.5sigma,0.3533024191856384,0.013761541806161404,5,,,,,,2026
full_cycle0,29,perturb_1sigma,1.187105655670166,0.014269750565290451,5,,,,,,2026
full_cycle0,29,perturb_2sigma,0.33467862010002136,0.01017368771135807,5,,,,,,2026
full_cycle0,30,supervised,2.2161829471588135,0.005361930183426011,5,,,,,,2026
full_cycle0,30,actor,2.2161829471588135,0.005361930183426011,5,,,,,,2026
full_cycle0,30,zero,1.8259998559951782,0.007250060938531533,5,,,,,,2026
full_cycle0,30,random,1.4329094886779785,0.004041219770442694,5,,,,,,2026
full_cycle0,30,shuffled,1.2345843315124512,0.002985457016620785,5,,,,,,2026
full_cycle0,30,perturb_0.25sigma,2.309680938720703,0.005134168961376417,5,,,,,,2026
full_cycle0,30,perturb_0.5sigma,2.1020448207855225,0.005404574825661257,5,,,,,,2026
full_cycle0,30,perturb_1sigma,1.9957022666931152,0.005696504122170154,5,,,,,,2026
full_cycle0,30,perturb_2sigma,2.478510618209839,0.005981247188174166,5,,,,,,2026
full_cycle0,31,supervised,1.9714949131011963,0.003924870252376422,5,,,,,,2026
full_cycle0,31,actor,1.9714949131011963,0.003924870252376422,5,,,,,,2026
full_cycle0,31,zero,1.6330355405807495,0.0061940321465954185,5,,,,,,2026
full_cycle0,31,random,1.911438226699829,0.006580336921615526,5,,,,,,2026
full_cycle0,31,shuffled,1.0336135625839233,0.0016484713996760547,5,,,,,,2026
full_cycle0,31,perturb_0.25sigma,1.9619672298431396,0.004286900162696838,5,,,,,,2026
full_cycle0,31,perturb_0.5sigma,2.3325209617614746,0.0037632151797879487,5,,,,,,2026
full_cycle0,31,perturb_1sigma,1.596863031387329,0.0064835717203095555,5,,,,,,2026
full_cycle0,31,perturb_2sigma,1.5127571821212769,0.0055619980848859996,5,,,,,,2026
full_cycle0,32,supervised,1.628224492073059,0.002803877054248005,5,,,,,,2026
full_cycle0,32,actor,1.628224492073059,0.002803877054248005,5,,,,,,2026
full_cycle0,32,zero,1.2546074390411377,0.005327054182998836,5,,,,,,2026
full_cycle0,32,random,2.5169384479522705,0.0032725667115300894,5,,,,,,2026
full_cycle0,32,shuffled,0.7547292709350586,0.000499164976645261,5,,,,,,2026
full_cycle0,32,perturb_0.25sigma,1.624239444732666,0.0027182821941096336,5,,,,,,2026
full_cycle0,32,perturb_0.5sigma,1.5444618463516235,0.0035864679666701704,5,,,,,,2026
full_cycle0,32,perturb_1sigma,2.200878858566284,0.0023842125083319843,5,,,,,,2026
full_cycle0,32,perturb_2sigma,1.5326604843139648,0.0031819615396670997,5,,,,,,2026
full_cycle0,33,supervised,1.1503657102584839,0.0018749848823063076,5,,,,,,2026
full_cycle0,33,actor,1.1503657102584839,0.0018749848823063076,5,,,,,,2026
full_cycle0,33,zero,0.5973610877990723,0.004519295413047075,5,,,,,,2026
full_cycle0,33,random,1.47883939743042,0.004935682052746415,5,,,,,,2026
full_cycle0,33,shuffled,0.11819399893283844,-0.0005884142592549324,5,,,,,,2026
full_cycle0,33,perturb_0.25sigma,1.1334233283996582,0.0016794526018202305,5,,,,,,2026
full_cycle0,33,perturb_0.5sigma,1.32017183303833,0.0018840422853827477,5,,,,,,2026
full_cycle0,33,perturb_1sigma,0.692834734916687,0.0046898971777409315,5,,,,,,2026
full_cycle0,33,perturb_2sigma,0.5351121425628662,0.007701488910242915,5,,,,,,2026
full_cycle0,34,supervised,0.5796019434928894,0.0009933699620887637,5,,,,,,2026
full_cycle0,34,actor,0.5796019434928894,0.0009933699620887637,5,,,,,,2026
full_cycle0,34,zero,0.02072666585445404,0.0036337459459900856,5,,,,,,2026
full_cycle0,34,random,-0.12803073227405548,0.0022845978382974863,5,,,,,,2026
full_cycle0,34,shuffled,-0.4452442526817322,-0.00174524390604347,5,,,,,,2026
full_cycle0,34,perturb_0.25sigma,0.6373388767242432,0.000747065874747932,5,,,,,,2026
full_cycle0,34,perturb_0.5sigma,0.22697584331035614,0.0027909527998417616,5,,,,,,2026
full_cycle0,34,perturb_1sigma,1.0296512842178345,0.0022776646073907614,5,,,,,,2026
full_cycle0,34,perturb_2sigma,0.04374884068965912,0.002386314095929265,5,,,,,,2026
full_cycle0,35,supervised,2.1876189708709717,0.031511797569692135,5,,,,,,2026
full_cycle0,35,actor,2.1876189708709717,0.031511797569692135,5,,,,,,2026
full_cycle0,35,zero,1.5843111276626587,0.02600193565012887,5,,,,,,2026
full_cycle0,35,random,2.024975538253784,0.02676383196376264,5,,,,,,2026
full_cycle0,35,shuffled,0.9659178256988525,0.024682029092218727,5,,,,,,2026
full_cycle0,35,perturb_0.25sigma,2.196357011795044,0.03149770060554147,5,,,,,,2026
full_cycle0,35,perturb_0.5sigma,2.152947187423706,0.03151155915111303,5,,,,,,2026
full_cycle0,35,perturb_1sigma,2.2827913761138916,0.031230760272592306,5,,,,,,2026
full_cycle0,35,perturb_2sigma,2.1097958087921143,0.03134403424337506,5,,,,,,2026
full_cycle0,36,supervised,2.174791097640991,0.025352986995130777,5,,,,,,2026
full_cycle0,36,actor,2.174791097640991,0.025352986995130777,5,,,,,,2026
full_cycle0,36,zero,1.4402517080307007,0.019806555937975645,5,,,,,,2026
full_cycle0,36,random,1.2647933959960938,0.019422359589952976,5,,,,,,2026
full_cycle0,36,shuffled,0.9233055114746094,0.018445541616529226,5,,,,,,2026
full_cycle0,36,perturb_0.25sigma,2.195796012878418,0.02534706424921751,5,,,,,,2026
full_cycle0,36,perturb_0.5sigma,2.1433115005493164,0.02536151558160782,5,,,,,,2026
full_cycle0,36,perturb_1sigma,2.274329900741577,0.025101113598793745,5,,,,,,2026
full_cycle0,36,perturb_2sigma,2.1493213176727295,0.025327755138278008,5,,,,,,2026
full_cycle0,37,supervised,2.095914602279663,0.019110658671706915,5,,,,,,2026
full_cycle0,37,actor,2.095914602279663,0.019110658671706915,5,,,,,,2026
full_cycle0,37,zero,1.1973687410354614,0.013537131017073989,5,,,,,,2026
full_cycle0,37,random,1.0821282863616943,0.013301980216056108,5,,,,,,2026
full_cycle0,37,shuffled,0.8156235218048096,0.012140375387389213,5,,,,,,2026
full_cycle0,37,perturb_0.25sigma,2.0752503871917725,0.019105209968984127,5,,,,,,2026
full_cycle0,37,perturb_0.5sigma,2.1968512535095215,0.01892502699047327,5,,,,,,2026
full_cycle0,37,perturb_1sigma,2.168134927749634,0.019034965429455042,5,,,,,,2026
full_cycle0,37,perturb_2sigma,2.1836211681365967,0.019049301277846098,5,,,,,,2026
full_cycle0,38,supervised,1.8775758743286133,0.012796901166439056,5,,,,,,2026
full_cycle0,38,actor,1.8775758743286133,0.012796901166439056,5,,,,,,2026
full_cycle0,38,zero,0.7721068263053894,0.007205394271295518,5,,,,,,2026
full_cycle0,38,random,1.1528069972991943,0.00791516387835145,5,,,,,,2026
full_cycle0,38,shuffled,0.43203622102737427,0.005781786283478141,5,,,,,,2026
full_cycle0,38,perturb_0.25sigma,1.9875304698944092,0.012785531114786863,5,,,,,,2026
full_cycle0,38,perturb_0.5sigma,2.0080907344818115,0.01273755868896842,5,,,,,,2026
full_cycle0,38,perturb_1sigma,1.6904551982879639,0.012760181445628405,5,,,,,,2026
full_cycle0,38,perturb_2sigma,1.8087029457092285,0.012765747960656881,5,,,,,,2026
full_cycle0,39,supervised,1.3896393775939941,0.006428536493331194,5,,,,,,2026
full_cycle0,39,actor,1.3896393775939941,0.006428536493331194,5,,,,,,2026
full_cycle0,39,zero,0.20567165315151215,0.0008182196179404855,5,,,,,,2026
full_cycle0,39,random,0.06709785759449005,0.00056614656932652,5,,,,,,2026
full_cycle0,39,shuffled,-0.15601931512355804,-0.0006264543044380844,5,,,,,,2026
full_cycle0,39,perturb_0.25sigma,1.224839687347412,0.006421310361474752,5,,,,,,2026
full_cycle0,39,perturb_0.5sigma,1.2494736909866333,0.006428299471735954,5,,,,,,2026
full_cycle0,39,perturb_1sigma,1.690292477607727,0.006285684183239937,5,,,,,,2026
full_cycle0,39,perturb_2sigma,1.1535131931304932,0.0064279427751898766,5,,,,,,2026
full_cycle0,40,supervised,2.390510320663452,0.026679894421249628,5,,,,,,2026
full_cycle0,40,actor,2.390510320663452,0.026679894421249628,5,,,,,,2026
full_cycle0,40,zero,1.7052898406982422,0.022793274372816086,5,,,,,,2026
full_cycle0,40,random,2.3660948276519775,0.02267020777799189,5,,,,,,2026
full_cycle0,40,shuffled,1.089299201965332,0.019615214900113642,5,,,,,,2026
full_cycle0,40,perturb_0.25sigma,2.4133756160736084,0.02673998847603798,5,,,,,,2026
full_cycle0,40,perturb_0.5sigma,2.203629493713379,0.02972873765975237,5,,,,,,2026
full_cycle0,40,perturb_1sigma,2.3150925636291504,0.024924726225435734,5,,,,,,2026
full_cycle0,40,perturb_2sigma,2.3277218341827393,0.02891089068725705,5,,,,,,2026
full_cycle0,41,supervised,2.3896682262420654,0.02146410383284092,5,,,,,,2026
full_cycle0,41,actor,2.3896682262420654,0.02146410383284092,5,,,,,,2026
full_cycle0,41,zero,1.5365734100341797,0.01771133323200047,5,,,,,,2026
full_cycle0,41,random,1.9863827228546143,0.017914057476446033,5,,,,,,2026
full_cycle0,41,shuffled,0.9716854095458984,0.014396009617485106,5,,,,,,2026
full_cycle0,41,perturb_0.25sigma,2.3195419311523438,0.02197456080466509,5,,,,,,2026
full_cycle0,41,perturb_0.5sigma,2.202477216720581,0.023675022181123495,5,,,,,,2026
full_cycle0,41,perturb_1sigma,2.291355609893799,0.020998944528400898,5,,,,,,2026
full_cycle0,41,perturb_2sigma,1.9892752170562744,0.025506257079541683,5,,,,,,2026
full_cycle0,42,supervised,2.2733309268951416,0.01620060857385397,5,,,,,,2026
full_cycle0,42,actor,2.2733309268951416,0.01620060857385397,5,,,,,,2026
full_cycle0,42,zero,1.2117516994476318,0.012574908323585987,5,,,,,,2026
full_cycle0,42,random,1.066899299621582,0.011803100467659533,5,,,,,,2026
full_cycle0,42,shuffled,0.7921712398529053,0.009117182926274836,5,,,,,,2026
full_cycle0,42,perturb_0.25sigma,2.5629279613494873,0.015068973414599895,5,,,,,,2026
full_cycle0,42,perturb_0.5sigma,2.08850359916687,0.01596988458186388,5,,,,,,2026
full_cycle0,42,perturb_1sigma,1.7400085926055908,0.019487003795802593,5,,,,,,2026
full_cycle0,42,perturb_2sigma,2.297598361968994,0.011854067677631974,5,,,,,,2026
full_cycle0,43,supervised,1.9134743213653564,0.010837609879672527,5,,,,,,2026
full_cycle0,43,actor,1.9134743213653564,0.010837609879672527,5,,,,,,2026
full_cycle0,43,zero,0.6460214257240295,0.00738519593141973,5,,,,,,2026
full_cycle0,43,random,2.395803213119507,0.006760484189726412,5,,,,,,2026
full_cycle0,43,shuffled,0.257205069065094,0.003789092181250453,5,,,,,,2026
full_cycle0,43,perturb_0.25sigma,2.3329780101776123,0.0099989864975214,5,,,,,,2026
full_cycle0,43,perturb_0.5sigma,2.6437950134277344,0.009383056778460741,5,,,,,,2026
full_cycle0,43,perturb_1sigma,2.5446574687957764,0.007930226856842637,5,,,,,,2026
full_cycle0,43,perturb_2sigma,1.0298391580581665,0.015071583446115255,5,,,,,,2026
full_cycle0,44,supervised,1.2372537851333618,0.005402624607086182,5,,,,,,2026
full_cycle0,44,actor,1.2372537851333618,0.005402624607086182,5,,,,,,2026
full_cycle0,44,zero,0.03200717270374298,0.0021800475660711527,5,,,,,,2026
full_cycle0,44,random,0.036009982228279114,0.0024981892202049494,5,,,,,,2026
full_cycle0,44,shuffled,-0.36425769329071045,-0.0015473897801712155,5,,,,,,2026
full_cycle0,44,perturb_0.25sigma,0.554267406463623,0.006893194746226072,5,,,,,,2026
full_cycle0,44,perturb_0.5sigma,2.343696355819702,0.004107051528990269,5,,,,,,2026
full_cycle0,44,perturb_1sigma,1.759021520614624,0.0040916092693805695,5,,,,,,2026
full_cycle0,44,perturb_2sigma,0.4601329565048218,0.005014933180063963,5,,,,,,2026
full_cycle0,45,supervised,1.7565853595733643,0.057654294185340405,5,,,,,,2026
full_cycle0,45,actor,1.7565853595733643,0.057654294185340405,5,,,,,,2026
full_cycle0,45,zero,1.964811086654663,0.0587315671145916,5,,,,,,2026
full_cycle0,45,random,2.160259246826172,0.05557304248213768,5,,,,,,2026
full_cycle0,45,shuffled,2.283421754837036,0.05841442942619324,5,,,,,,2026
full_cycle0,45,perturb_0.25sigma,1.449154019355774,0.054451785050332546,5,,,,,,2026
full_cycle0,45,perturb_0.5sigma,2.0235888957977295,0.05872241500765085,5,,,,,,2026
full_cycle0,45,perturb_1sigma,1.3338347673416138,0.0531371021643281,5,,,,,,2026
full_cycle0,45,perturb_2sigma,1.8307788372039795,0.05727983918040991,5,,,,,,2026
full_cycle0,46,supervised,1.582866907119751,0.04776659235358238,5,,,,,,2026
full_cycle0,46,actor,1.582866907119751,0.04776659235358238,5,,,,,,2026
full_cycle0,46,zero,1.8780734539031982,0.04888472240418196,5,,,,,,2026
full_cycle0,46,random,2.3192389011383057,0.0480636665597558,5,,,,,,2026
full_cycle0,46,shuffled,2.3595075607299805,0.0481429249048233,5,,,,,,2026
full_cycle0,46,perturb_0.25sigma,1.5216426849365234,0.047435722313821316,5,,,,,,2026
full_cycle0,46,perturb_0.5sigma,2.081860303878784,0.048925925977528095,5,,,,,,2026
full_cycle0,46,perturb_1sigma,0.7179004549980164,0.03420129418373108,5,,,,,,2026
full_cycle0,46,perturb_2sigma,1.4284439086914062,0.0427765310741961,5,,,,,,2026
full_cycle0,47,supervised,1.2245266437530518,0.03705543465912342,5,,,,,,2026
full_cycle0,47,actor,1.2245266437530518,0.03705543465912342,5,,,,,,2026
full_cycle0,47,zero,1.6448190212249756,0.03824339061975479,5,,,,,,2026
full_cycle0,47,random,0.8841044306755066,0.029267896432429552,5,,,,,,2026
full_cycle0,47,shuffled,1.764542579650879,0.03682592883706093,5,,,,,,2026
full_cycle0,47,perturb_0.25sigma,1.2179758548736572,0.03710684459656477,5,,,,,,2026
full_cycle0,47,perturb_0.5sigma,1.4851813316345215,0.037767197005450726,5,,,,,,2026
full_cycle0,47,perturb_1sigma,0.8208304047584534,0.03378054779022932,5,,,,,,2026
full_cycle0,47,perturb_2sigma,1.1232331991195679,0.03235978167504072,5,,,,,,2026
full_cycle0,48,supervised,0.6522519588470459,0.025547013618052006,5,,,,,,2026
full_cycle0,48,actor,0.6522519588470459,0.025547013618052006,5,,,,,,2026
full_cycle0,48,zero,1.1738299131393433,0.026780621148645878,5,,,,,,2026
full_cycle0,48,random,0.3455759882926941,0.02358594536781311,5,,,,,,2026
full_cycle0,48,shuffled,0.9254341721534729,0.02440622355788946,5,,,,,,2026
full_cycle0,48,perturb_0.25sigma,0.5676982402801514,0.024809998460114002,5,,,,,,2026
full_cycle0,48,perturb_0.5sigma,1.1013712882995605,0.026448603719472885,5,,,,,,2026
full_cycle0,48,perturb_1sigma,0.2809663414955139,0.015268905786797404,5,,,,,,2026
full_cycle0,48,perturb_2sigma,0.04959207773208618,0.0196659779176116,5,,,,,,2026
full_cycle0,49,supervised,-0.13217078149318695,0.01322207786142826,5,,,,,,2026
full_cycle0,49,actor,-0.13217078149318695,0.01322207786142826,5,,,,,,2026
full_cycle0,49,zero,0.24793504178524017,0.014398778788745403,5,,,,,,2026
full_cycle0,49,random,0.4429091811180115,0.014193830080330372,5,,,,,,2026
full_cycle0,49,shuffled,0.14086169004440308,0.010808451101183891,5,,,,,,2026
full_cycle0,49,perturb_0.25sigma,-0.20588670670986176,0.01050762739032507,5,,,,,,2026
full_cycle0,49,perturb_0.5sigma,-0.2423291951417923,0.01137652900069952,5,,,,,,2026
full_cycle0,49,perturb_1sigma,-0.48349249362945557,0.007693039253354073,5,,,,,,2026
full_cycle0,49,perturb_2sigma,-0.307955801486969,0.007281624246388674,5,,,,,,2026
full_cycle0,50,supervised,1.7565853595733643,0.057654294185340405,5,,,,,,2026
full_cycle0,50,actor,1.7565853595733643,0.057654294185340405,5,,,,,,2026
full_cycle0,50,zero,1.964811086654663,0.0587315671145916,5,,,,,,2026
full_cycle0,50,random,1.1736046075820923,0.04952150536701083,5,,,,,,2026
full_cycle0,50,shuffled,2.283421754837036,0.05841442942619324,5,,,,,,2026
full_cycle0,50,perturb_0.25sigma,1.858280062675476,0.05826837848871946,5,,,,,,2026
full_cycle0,50,perturb_0.5sigma,1.4171665906906128,0.05394326243549585,5,,,,,,2026
full_cycle0,50,perturb_1sigma,1.4515836238861084,0.05390339624136686,5,,,,,,2026
full_cycle0,50,perturb_2sigma,1.1414252519607544,0.05003177234902978,5,,,,,,2026
full_cycle0,51,supervised,1.9812099933624268,0.047996788285672665,5,,,,,,2026
full_cycle0,51,actor,1.9812099933624268,0.047996788285672665,5,,,,,,2026
full_cycle0,51,zero,2.391634225845337,0.049109237268567085,5,,,,,,2026
full_cycle0,51,random,1.3337664604187012,0.04289412684738636,5,,,,,,2026
full_cycle0,51,shuffled,2.337311267852783,0.0485300412401557,5,,,,,,2026
full_cycle0,51,perturb_0.25sigma,2.125208854675293,0.048633032478392124,5,,,,,,2026
full_cycle0,51,perturb_0.5sigma,1.8361477851867676,0.047274758107960224,5,,,,,,2026
full_cycle0,51,perturb_1sigma,1.6609859466552734,0.046155630610883236,5,,,,,,2026
full_cycle0,51,perturb_2sigma,1.7933285236358643,0.047558512538671494,5,,,,,,2026
full_cycle0,52,supervised,1.9829514026641846,0.037072211503982544,5,,,,,,2026
full_cycle0,52,actor,1.9829514026641846,0.037072211503982544,5,,,,,,2026
full_cycle0,52,zero,2.4571027755737305,0.03821989521384239,5,,,,,,2026
full_cycle0,52,random,1.2952485084533691,0.0335886450484395,5,,,,,,2026
full_cycle0,52,shuffled,1.7008721828460693,0.036992913112044334,5,,,,,,2026
full_cycle0,52,perturb_0.25sigma,1.6675262451171875,0.03591015562415123,5,,,,,,2026
full_cycle0,52,perturb_0.5sigma,1.2417402267456055,0.03338218852877617,5,,,,,,2026
full_cycle0,52,perturb_1sigma,1.7134709358215332,0.03631765674799681,5,,,,,,2026
full_cycle0,52,perturb_2sigma,0.7010049223899841,0.023957430734299123,5,,,,,,2026
full_cycle0,53,supervised,1.6648433208465576,0.02547947410494089,5,,,,,,2026
full_cycle0,53,actor,1.6648433208465576,0.02547947410494089,5,,,,,,2026
full_cycle0,53,zero,1.90159273147583,0.026717565022408962,5,,,,,,2026
full_cycle0,53,random,1.094886302947998,0.023995776660740376,5,,,,,,2026
full_cycle0,53,shuffled,1.0928122997283936,0.02474972140043974,5,,,,,,2026
full_cycle0,53,perturb_0.25sigma,2.118882894515991,0.02647221554070711,5,,,,,,2026
full_cycle0,53,perturb_0.5sigma,0.952153742313385,0.023996987380087376,5,,,,,,2026
full_cycle0,53,perturb_1sigma,0.830499529838562,0.020687629468739033,5,,,,,,2026
full_cycle0,53,perturb_2sigma,0.9478097558021545,0.024874547496438026,5,,,,,,2026
full_cycle0,54,supervised,0.8585821986198425,0.012985353358089924,5,,,,,,2026
full_cycle0,54,actor,0.8585821986198425,0.012985353358089924,5,,,,,,2026
full_cycle0,54,zero,1.073148488998413,0.014282559044659138,5,,,,,,2026
full_cycle0,54,random,1.1921154260635376,0.01423696056008339,5,,,,,,2026
full_cycle0,54,shuffled,0.31038305163383484,0.01132696121931076,5,,,,,,2026
full_cycle0,54,perturb_0.25sigma,0.5625481605529785,0.012298261746764183,5,,,,,,2026
full_cycle0,54,perturb_0.5sigma,0.9938920736312866,0.01290392316877842,5,,,,,,2026
full_cycle0,54,perturb_1sigma,0.08933842182159424,0.006766472011804581,5,,,,,,2026
full_cycle0,54,perturb_2sigma,0.16881930828094482,0.007206241134554148,5,,,,,,2026
full_cycle0,55,supervised,1.1188567876815796,0.11461752094328403,5,,,,,,2026
full_cycle0,55,actor,1.1188567876815796,0.11461752094328403,5,,,,,,2026
full_cycle0,55,zero,0.00710480660200119,0.10526287415996194,5,,,,,,2026
full_cycle0,55,random,0.46862930059432983,0.1184536712244153,5,,,,,,2026
full_cycle0,55,shuffled,-0.24790579080581665,0.0827980893664062,5,,,,,,2026
full_cycle0,55,perturb_0.25sigma,1.1185050010681152,0.11793732736259699,5,,,,,,2026
full_cycle0,55,perturb_0.5sigma,0.964137852191925,0.10702115949243307,5,,,,,,2026
full_cycle0,55,perturb_1sigma,0.31713396310806274,0.08051718212664127,5,,,,,,2026
full_cycle0,55,perturb_2sigma,0.05390607565641403,0.10219571040943265,5,,,,,,2026
full_cycle0,56,supervised,1.0702937841415405,0.10337607003748417,5,,,,,,2026
full_cycle0,56,actor,1.0702937841415405,0.10337607003748417,5,,,,,,2026
full_cycle0,56,zero,-0.2821413278579712,0.08387251570820808,5,,,,,,2026
full_cycle0,56,random,-0.3246743083000183,0.08100163098424673,5,,,,,,2026
full_cycle0,56,shuffled,-0.5501978397369385,0.055960119934752584,5,,,,,,2026
full_cycle0,56,perturb_0.25sigma,0.6560226082801819,0.08553145750192925,5,,,,,,2026
full_cycle0,56,perturb_0.5sigma,0.8396446704864502,0.0949721448123455,5,,,,,,2026
full_cycle0,56,perturb_1sigma,1.0798006057739258,0.10741595830768347,5,,,,,,2026
full_cycle0,56,perturb_2sigma,-0.1850716471672058,0.09145642328076065,5,,,,,,2026
full_cycle0,57,supervised,1.0135661363601685,0.08883950673043728,5,,,,,,2026
full_cycle0,57,actor,1.0135661363601685,0.08883950673043728,5,,,,,,2026
full_cycle0,57,zero,-0.6137229204177856,0.04995775246061385,5,,,,,,2026
full_cycle0,57,random,-0.688456118106842,0.03314359253272414,5,,,,,,2026
full_cycle0,57,shuffled,-0.9114516377449036,0.01368003967218101,5,,,,,,2026
full_cycle0,57,perturb_0.25sigma,1.0132496356964111,0.08804553747177124,5,,,,,,2026
full_cycle0,57,perturb_0.5sigma,0.40086621046066284,0.06747289303893922,5,,,,,,2026
full_cycle0,57,perturb_1sigma,0.39108937978744507,0.08695407211780548,5,,,,,,2026
full_cycle0,57,perturb_2sigma,-0.2159886360168457,0.017146393656730652,5,,,,,,2026
full_cycle0,58,supervised,0.9430915713310242,0.0685780867934227,5,,,,,,2026
full_cycle0,58,actor,0.9430915713310242,0.0685780867934227,5,,,,,,2026
full_cycle0,58,zero,-1.0009889602661133,-0.013832600554451346,5,,,,,,2026
full_cycle0,58,random,-1.00168776512146,-0.01236645714379847,5,,,,,,2026
full_cycle0,58,shuffled,-1.283721685409546,-0.06357178464531898,5,,,,,,2026
full_cycle0,58,perturb_0.25sigma,0.4384843707084656,0.06745409406721592,5,,,,,,2026
full_cycle0,58,perturb_0.5sigma,0.5155728459358215,0.0690414234995842,5,,,,,,2026
full_cycle0,58,perturb_1sigma,0.47314512729644775,0.04105530217930209,5,,,,,,2026
full_cycle0,58,perturb_2sigma,-0.12073693424463272,0.009751301258802414,5,,,,,,2026
full_cycle0,59,supervised,0.7003401517868042,0.03709385171532631,5,,,,,,2026
full_cycle0,59,actor,0.7003401517868042,0.03709385171532631,5,,,,,,2026
full_cycle0,59,zero,-1.3540560007095337,-0.16042833030223846,5,,,,,,2026
full_cycle0,59,random,-1.4412509202957153,-0.19164110720157623,5,,,,,,2026
full_cycle0,59,shuffled,-1.5622565746307373,-0.23038522899150848,5,,,,,,2026
full_cycle0,59,perturb_0.25sigma,-0.37768882513046265,-0.044488899409770966,5,,,,,,2026
full_cycle0,59,perturb_0.5sigma,0.3475162386894226,0.035663165152072906,5,,,,,,2026
full_cycle0,59,perturb_1sigma,-1.394362211227417,-0.17464567720890045,5,,,,,,2026
full_cycle0,59,perturb_2sigma,-1.0438917875289917,-0.05397887900471687,5,,,,,,2026
full_cycle0,60,supervised,2.3930275440216064,0.02850756235420704,5,,,,,,2026
full_cycle0,60,actor,2.3930275440216064,0.02850756235420704,5,,,,,,2026
full_cycle0,60,zero,1.6984504461288452,0.024209159892052412,5,,,,,,2026
full_cycle0,60,random,1.8552712202072144,0.024401094065979123,5,,,,,,2026
full_cycle0,60,shuffled,1.080451250076294,0.02110272494610399,5,,,,,,2026
full_cycle0,60,perturb_0.25sigma,2.3493430614471436,0.0294526144862175,5,,,,,,2026
full_cycle0,60,perturb_0.5sigma,2.3566269874572754,0.0285362396389246,5,,,,,,2026
full_cycle0,60,perturb_1sigma,2.2824833393096924,0.03031864855438471,5,,,,,,2026
full_cycle0,60,perturb_2sigma,2.4009299278259277,0.02575275721028447,5,,,,,,2026
full_cycle0,61,supervised,2.398343324661255,0.022964368108659983,5,,,,,,2026
full_cycle0,61,actor,2.398343324661255,0.022964368108659983,5,,,,,,2026
full_cycle0,61,zero,1.5325260162353516,0.018775133416056633,5,,,,,,2026
full_cycle0,61,random,1.0379180908203125,0.015608006389811635,5,,,,,,2026
full_cycle0,61,shuffled,0.9675941467285156,0.015539281419478357,5,,,,,,2026
full_cycle0,61,perturb_0.25sigma,2.590139150619507,0.021560640074312687,5,,,,,,2026
full_cycle0,61,perturb_0.5sigma,2.481193780899048,0.022078304085880518,5,,,,,,2026
full_cycle0,61,perturb_1sigma,2.259519338607788,0.022402130533009768,5,,,,,,2026
full_cycle0,61,perturb_2sigma,1.9990265369415283,0.02722718706354499,5,,,,,,2026
full_cycle0,62,supervised,2.2911157608032227,0.01733367284759879,5,,,,,,2026
full_cycle0,62,actor,2.2911157608032227,0.01733367284759879,5,,,,,,2026
full_cycle0,62,zero,1.211336612701416,0.013261991320177913,5,,,,,,2026
full_cycle0,62,random,1.4743473529815674,0.013639019103720784,5,,,,,,2026
full_cycle0,62,shuffled,0.7932546734809875,0.009891000459901989,5,,,,,,2026
full_cycle0,62,perturb_0.25sigma,2.669133424758911,0.01561853988096118,5,,,,,,2026
full_cycle0,62,perturb_0.5sigma,2.3313281536102295,0.016606035642325878,5,,,,,,2026
full_cycle0,62,perturb_1sigma,1.796666145324707,0.01891507301479578,5,,,,,,2026
full_cycle0,62,perturb_2sigma,1.2621774673461914,0.013750911923125386,5,,,,,,2026
full_cycle0,63,supervised,1.9380714893341064,0.011605174746364355,5,,,,,,2026
full_cycle0,63,actor,1.9380714893341064,0.011605174746364355,5,,,,,,2026
full_cycle0,63,zero,0.6497395634651184,0.007686814293265343,5,,,,,,2026
full_cycle0,63,random,1.8385376930236816,0.007755223195999861,5,,,,,,2026
full_cycle0,63,shuffled,0.26026713848114014,0.004185179364867508,5,,,,,,2026
full_cycle0,63,perturb_0.25sigma,1.9215095043182373,0.011497798841446638,5,,,,,,2026
full_cycle0,63,perturb_0.5sigma,2.408184051513672,0.012031361926347017,5,,,,,,2026
full_cycle0,63,perturb_1sigma,1.088497519493103,0.015527197159826756,5,,,,,,2026
full_cycle0,63,perturb_2sigma,1.3959516286849976,0.009119984693825245,5,,,,,,2026
full_cycle0,64,supervised,1.252298355102539,0.005783152766525745,5,,,,,,2026
full_cycle0,64,actor,1.252298355102539,0.005783152766525745,5,,,,,,2026
full_cycle0,64,zero,0.031279876828193665,0.002102370373904705,5,,,,,,2026
full_cycle0,64,random,-0.1998923420906067,0.0010690343333408237,5,,,,,,2026
full_cycle0,64,shuffled,-0.36377406120300293,-0.0015232726000249386,5,,,,,,2026
full_cycle0,64,perturb_0.25sigma,0.5832016468048096,0.008008760400116444,5,,,,,,2026
full_cycle0,64,perturb_0.5sigma,0.7134706377983093,0.007512661628425121,5,,,,,,2026
full_cycle0,64,perturb_1sigma,0.3256261348724365,0.009301314130425453,5,,,,,,2026
full_cycle0,64,perturb_2sigma,1.9238035678863525,0.0025346640031784773,5,,,,,,2026
full_cycle0,65,supervised,1.7465264797210693,0.008147332060616463,5,,,,,,2026
full_cycle0,65,actor,1.7465264797210693,0.008147332060616463,5,,,,,,2026
full_cycle0,65,zero,2.1546666622161865,0.014018293644767255,5,,,,,,2026
full_cycle0,65,random,2.535587787628174,0.013438726047752425,5,,,,,,2026
full_cycle0,65,shuffled,1.4982280731201172,0.008424855477642268,5,,,,,,2026
full_cycle0,65,perturb_0.25sigma,1.6672604084014893,0.007469853590009734,5,,,,,,2026
full_cycle0,65,perturb_0.5sigma,1.5745909214019775,0.0069221780722728,5,,,,,,2026
full_cycle0,65,perturb_1sigma,1.5085581541061401,0.006690985959721729,5,,,,,,2026
full_cycle0,65,perturb_2sigma,1.5617413520812988,0.006245617420063354,5,,,,,,2026
full_cycle0,66,supervised,1.3975290060043335,0.006869030476082116,5,,,,,,2026
full_cycle0,66,actor,1.3975290060043335,0.006869030476082116,5,,,,,,2026
full_cycle0,66,zero,1.9279282093048096,0.012902319780550897,5,,,,,,2026
full_cycle0,66,random,1.2280733585357666,0.005572823109105229,5,,,,,,2026
full_cycle0,66,shuffled,1.2358274459838867,0.006645021843723953,5,,,,,,2026
full_cycle0,66,perturb_0.25sigma,1.7810373306274414,0.00946374877821654,5,,,,,,2026
full_cycle0,66,perturb_0.5sigma,1.2113978862762451,0.005539127625524998,5,,,,,,2026
full_cycle0,66,perturb_1sigma,1.135288953781128,0.0050495099276304245,5,,,,,,2026
full_cycle0,66,perturb_2sigma,1.0648951530456543,0.006206475605722517,5,,,,,,2026
full_cycle0,67,supervised,0.9660723209381104,0.005637080525048077,5,,,,,,2026
full_cycle0,67,actor,0.9660723209381104,0.005637080525048077,5,,,,,,2026
full_cycle0,67,zero,1.5364313125610352,0.011609825189225376,5,,,,,,2026
full_cycle0,67,random,0.8065622448921204,0.006083649466745555,5,,,,,,2026
full_cycle0,67,shuffled,0.8312234878540039,0.0046848227066220716,5,,,,,,2026
full_cycle0,67,perturb_0.25sigma,0.8660913705825806,0.0047729171346873045,5,,,,,,2026
full_cycle0,67,perturb_0.5sigma,1.531946063041687,0.008847533375956118,5,,,,,,2026
full_cycle0,67,perturb_1sigma,0.733803927898407,0.0036390878376550972,5,,,,,,2026
full_cycle0,67,perturb_2sigma,0.6198879480361938,0.003196066594682634,5,,,,,,2026
full_cycle0,68,supervised,0.44768744707107544,0.004244722658768296,5,,,,,,2026
full_cycle0,68,actor,0.44768744707107544,0.004244722658768296,5,,,,,,2026
full_cycle0,68,zero,0.8988617062568665,0.009934772737324238,5,,,,,,2026
full_cycle0,68,random,-0.05047009885311127,0.0015212845755741,5,,,,,,2026
full_cycle0,68,shuffled,0.12623868882656097,0.002363157967920415,5,,,,,,2026
full_cycle0,68,perturb_0.25sigma,0.8348603248596191,0.007296690950170159,5,,,,,,2026
full_cycle0,68,perturb_0.5sigma,0.2904592752456665,0.0029406393878161907,5,,,,,,2026
full_cycle0,68,perturb_1sigma,0.2930889129638672,0.0032650241628289223,5,,,,,,2026
full_cycle0,68,perturb_2sigma,0.1913270503282547,0.0029846749966964126,5,,,,,,2026
full_cycle0,69,supervised,-0.1275428980588913,0.0024572485126554966,5,,,,,,2026
full_cycle0,69,actor,-0.1275428980588913,0.0024572485126554966,5,,,,,,2026
full_cycle0,69,zero,0.21261116862297058,0.007641792297363281,5,,,,,,2026
full_cycle0,69,random,-0.32046574354171753,0.004972993861883879,5,,,,,,2026
full_cycle0,69,shuffled,-0.41983747482299805,-0.0005461131222546101,5,,,,,,2026
full_cycle0,69,perturb_0.25sigma,-0.1475548893213272,0.001963140908628702,5,,,,,,2026
full_cycle0,69,perturb_0.5sigma,-0.2298237383365631,0.0009814442601054907,5,,,,,,2026
full_cycle0,69,perturb_1sigma,-0.29676175117492676,0.0007903847726993263,5,,,,,,2026
full_cycle0,69,perturb_2sigma,-0.24522848427295685,0.0017001657979562879,5,,,,,,2026
full_cycle0,70,supervised,1.7465264797210693,0.008147332060616463,5,,,,,,2026
full_cycle0,70,actor,1.7465264797210693,0.008147332060616463,5,,,,,,2026
full_cycle0,70,zero,2.1546666622161865,0.014018293644767255,5,,,,,,2026
full_cycle0,70,random,2.073434591293335,0.011048130138078704,5,,,,,,2026
full_cycle0,70,shuffled,1.4982280731201172,0.008424855477642268,5,,,,,,2026
full_cycle0,70,perturb_0.25sigma,1.7504901885986328,0.008101918458123691,5,,,,,,2026
full_cycle0,70,perturb_0.5sigma,1.696622610092163,0.007606984509038739,5,,,,,,2026
full_cycle0,70,perturb_1sigma,2.063613176345825,0.013635715760756284,5,,,,,,2026
full_cycle0,70,perturb_2sigma,1.2713820934295654,0.007062674267217517,5,,,,,,2026
full_cycle0,71,supervised,2.2170941829681396,0.033877355977892876,5,,,,,,2026
full_cycle0,71,actor,2.2170941829681396,0.033877355977892876,5,,,,,,2026
full_cycle0,71,zero,1.5859198570251465,0.027964442095253617,5,,,,,,2026
full_cycle0,71,random,1.7712428569793701,0.028310620808042586,5,,,,,,2026
full_cycle0,71,shuffled,0.9678947925567627,0.026507358823437244,5,,,,,,2026
full_cycle0,71,perturb_0.25sigma,2.257474660873413,0.03374472400173545,5,,,,,,2026
full_cycle0,71,perturb_0.5sigma,2.130938768386841,0.03390447190031409,5,,,,,,2026
full_cycle0,71,perturb_1sigma,2.2961678504943848,0.03344896622002125,5,,,,,,2026
full_cycle0,71,perturb_2sigma,1.9377706050872803,0.03056576894596219,5,,,,,,2026
full_cycle0,72,supervised,2.2129929065704346,0.027280624955892563,5,,,,,,2026
full_cycle0,72,actor,2.2129929065704346,0.027280624955892563,5,,,,,,2026
full_cycle0,72,zero,1.4467966556549072,0.021316250320523977,5,,,,,,2026
full_cycle0,72,random,2.0999324321746826,0.023165384074673057,5,,,,,,2026
full_cycle0,72,shuffled,0.9217381477355957,0.019811726117040962,5,,,,,,2026
full_cycle0,72,perturb_0.25sigma,2.2938687801361084,0.027155939489603043,5,,,,,,2026
full_cycle0,72,perturb_0.5sigma,2.1585452556610107,0.027220591437071562,5,,,,,,2026
full_cycle0,72,perturb_1sigma,2.148786783218384,0.02723006345331669,5,,,,,,2026
full_cycle0,72,perturb_2sigma,2.2495195865631104,0.026811756659299135,5,,,,,,2026
full_cycle0,73,supervised,2.147625684738159,0.02057484071701765,5,,,,,,2026
full_cycle0,73,actor,2.147625684738159,0.02057484071701765,5,,,,,,2026
full_cycle0,73,zero,1.1996994018554688,0.014575575885828584,5,,,,,,2026
full_cycle0,73,random,1.1641929149627686,0.014523886027745903,5,,,,,,2026
full_cycle0,73,shuffled,0.8145918846130371,0.013027369743213058,5,,,,,,2026
full_cycle0,73,perturb_0.25sigma,2.1087870597839355,0.0205907067283988,5,,,,,,2026
full_cycle0,73,perturb_0.5sigma,2.037811517715454,0.020569986663758755,5,,,,,,2026
full_cycle0,73,perturb_1sigma,2.1235175132751465,0.020535531919449568,5,,,,,,2026
full_cycle0,73,perturb_2sigma,1.7559525966644287,0.01926345657557249,5,,,,,,2026
full_cycle0,74,supervised,1.9510011672973633,0.01377930911257863,5,,,,,,2026
full_cycle0,74,actor,1.9510011672973633,0.01377930911257863,5,,,,,,2026
full_cycle0,74,zero,0.7689208984375,0.007759238942526281,5,,,,,,2026
full_cycle0,74,random,0.42713463306427,0.006932081207196461,5,,,,,,2026
full_cycle0,74,shuffled,0.4272102117538452,0.006177014438435435,5,,,,,,2026
full_cycle0,74,perturb_0.25sigma,2.0750293731689453,0.013748173136264086,5,,,,,,2026
full_cycle0,74,perturb_0.5sigma,2.1128523349761963,0.013586906250566244,5,,,,,,2026
full_cycle0,74,perturb_1sigma,1.7940458059310913,0.013325417414307594,5,,,,,,2026
full_cycle0,74,perturb_2sigma,1.8164515495300293,0.01354971993714571,5,,,,,,2026
full_cycle0,75,supervised,1.4709830284118652,0.006917239166796207,5,,,,,,2026
full_cycle0,75,actor,1.4709830284118652,0.006917239166796207,5,,,,,,2026
full_cycle0,75,zero,0.19680644571781158,0.0008793215383775532,5,,,,,,2026
full_cycle0,75,random,0.9248881340026855,0.0020113701466470957,5,,,,,,2026
full_cycle0,75,shuffled,-0.1750372350215912,-0.0007316678529605269,5,,,,,,2026
full_cycle0,75,perturb_0.25sigma,1.7626941204071045,0.006858163978904486,5,,,,,,2026
full_cycle0,75,perturb_0.5sigma,1.3531475067138672,0.006920672487467527,5,,,,,,2026
full_cycle0,75,perturb_1sigma,1.2990031242370605,0.006896046455949545,5,,,,,,2026
full_cycle0,75,perturb_2sigma,0.8459665179252625,0.005159681662917137,5,,,,,,2026
full_cycle0,76,supervised,2.169977903366089,0.03768057422712445,5,,,,,,2026
full_cycle0,76,actor,2.169977903366089,0.03768057422712445,5,,,,,,2026
full_cycle0,76,zero,1.1109387874603271,0.039319292176514864,5,,,,,,2026
full_cycle0,76,random,0.8410524129867554,0.03784595965407789,5,,,,,,2026
full_cycle0,76,shuffled,0.8683376312255859,0.03797581256367266,5,,,,,,2026
full_cycle0,76,perturb_0.25sigma,2.2063090801239014,0.03753326088190079,5,,,,,,2026
full_cycle0,76,perturb_0.5sigma,2.1057655811309814,0.03788861306384206,5,,,,,,2026
full_cycle0,76,perturb_1sigma,1.1369677782058716,0.03939154581166804,5,,,,,,2026
full_cycle0,76,perturb_2sigma,0.9495794773101807,0.0387561391107738,5,,,,,,2026
full_cycle0,77,supervised,2.1166739463806152,0.031080402433872223,5,,,,,,2026
full_cycle0,77,actor,2.1166739463806152,0.031080402433872223,5,,,,,,2026
full_cycle0,77,zero,0.8975229263305664,0.03298999392427504,5,,,,,,2026
full_cycle0,77,random,1.6471601724624634,0.031661695800721645,5,,,,,,2026
full_cycle0,77,shuffled,0.6556578278541565,0.03256558743305504,5,,,,,,2026
full_cycle0,77,perturb_0.25sigma,2.121716260910034,0.03100197482854128,5,,,,,,2026
full_cycle0,77,perturb_0.5sigma,2.056706666946411,0.031109227798879147,5,,,,,,2026
full_cycle0,77,perturb_1sigma,1.0358996391296387,0.03253052267245948,5,,,,,,2026
full_cycle0,77,perturb_2sigma,1.9386355876922607,0.03068596962839365,5,,,,,,2026
full_cycle0,78,supervised,2.0268466472625732,0.02407565526664257,5,,,,,,2026
full_cycle0,78,actor,2.0268466472625732,0.02407565526664257,5,,,,,,2026
full_cycle0,78,zero,0.5587823390960693,0.026275803335011005,5,,,,,,2026
full_cycle0,78,random,1.4044593572616577,0.022767347749322653,5,,,,,,2026
full_cycle0,78,shuffled,0.3051255941390991,0.0270139304921031,5,,,,,,2026
full_cycle0,78,perturb_0.25sigma,1.2060450315475464,0.024372511077672243,5,,,,,,2026
full_cycle0,78,perturb_0.5sigma,2.0161664485931396,0.023752311244606972,5,,,,,,2026
full_cycle0,78,perturb_1sigma,0.42191755771636963,0.026572851464152336,5,,,,,,2026
full_cycle0,78,perturb_2sigma,0.8037465810775757,0.02532504452392459,5,,,,,,2026
full_cycle0,79,supervised,1.8732646703720093,0.01659722812473774,5,,,,,,2026
full_cycle0,79,actor,1.8732646703720093,0.01659722812473774,5,,,,,,2026
full_cycle0,79,zero,0.04277513921260834,0.019094415940344334,5,,,,,,2026
full_cycle0,79,random,-0.10157684981822968,0.02062578685581684,5,,,,,,2026
full_cycle0,79,shuffled,-0.2118629813194275,0.021263400558382273,5,,,,,,2026
full_cycle0,79,perturb_0.25sigma,1.9666242599487305,0.016511978581547737,5,,,,,,2026
full_cycle0,79,perturb_0.5sigma,1.4126436710357666,0.016722645610570908,5,,,,,,2026
full_cycle0,79,perturb_1sigma,0.778706967830658,0.01653524348512292,5,,,,,,2026
full_cycle0,79,perturb_2sigma,-0.12908288836479187,0.020485148765146732,5,,,,,,2026
full_cycle0,-1,summary,,,5,,0.5306722689075631,0.7319913924923116,0.225,0.3375,2026
full_cycle1,0,supervised,2.8011858463287354,0.04495709063485265,5,,,,,,2026
full_cycle1,0,actor,2.8011858463287354,0.04495709063485265,5,,,,,,2026
full_cycle1,0,zero,2.5454633235931396,0.04791470384225249,5,,,,,,2026
full_cycle1,0,random,2.2378129959106445,0.04007960157468915,5,,,,,,2026
full_cycle1,0,shuffled,2.0179555416107178,0.04546396294608712,5,,,,,,2026
full_cycle1,0,perturb_0.25sigma,2.746619701385498,0.04421454994007945,5,,,,,,2026
full_cycle1,0,perturb_0.5sigma,2.496983766555786,0.047827787697315216,5,,,,,,2026
full_cycle1,0,perturb_1sigma,2.018585681915283,0.039529265370219946,5,,,,,,2026
full_cycle1,0,perturb_2sigma,2.6582117080688477,0.045118825044482946,5,,,,,,2026
full_cycle1,1,supervised,2.9100871086120605,0.03747869608923793,5,,,,,,2026
full_cycle1,1,actor,2.9100871086120605,0.03747869608923793,5,,,,,,2026
full_cycle1,1,zero,2.4602410793304443,0.04044357780367136,5,,,,,,2026
full_cycle1,1,random,2.9675233364105225,0.03937144950032234,5,,,,,,2026
full_cycle1,1,shuffled,1.6974923610687256,0.03705484326928854,5,,,,,,2026
full_cycle1,1,perturb_0.25sigma,2.1244797706604004,0.03442439902573824,5,,,,,,2026
full_cycle1,1,perturb_0.5sigma,1.9371922016143799,0.03325617592781782,5,,,,,,2026
full_cycle1,1,perturb_1sigma,1.9939851760864258,0.04017408937215805,5,,,,,,2026
full_cycle1,1,perturb_2sigma,1.6663084030151367,0.032037113793194294,5,,,,,,2026
full_cycle1,2,supervised,2.665334701538086,0.029329225420951843,5,,,,,,2026
full_cycle1,2,actor,2.665334701538086,0.029329225420951843,5,,,,,,2026
full_cycle1,2,zero,2.073514461517334,0.03223216161131859,5,,,,,,2026
full_cycle1,2,random,2.026991367340088,0.027880861423909664,5,,,,,,2026
full_cycle1,2,shuffled,1.1672813892364502,0.027741595171391964,5,,,,,,2026
full_cycle1,2,perturb_0.25sigma,2.325974941253662,0.02830884512513876,5,,,,,,2026
full_cycle1,2,perturb_0.5sigma,2.491509199142456,0.02878238819539547,5,,,,,,2026
full_cycle1,2,perturb_1sigma,1.0669052600860596,0.02900474425405264,5,,,,,,2026
full_cycle1,2,perturb_2sigma,1.1736655235290527,0.02291992027312517,5,,,,,,2026
full_cycle1,3,supervised,2.1253550052642822,0.020440266467630863,5,,,,,,2026
full_cycle1,3,actor,2.1253550052642822,0.020440266467630863,5,,,,,,2026
full_cycle1,3,zero,1.1465214490890503,0.023184419609606266,5,,,,,,2026
full_cycle1,3,random,0.4043678641319275,0.02016094047576189,5,,,,,,2026
full_cycle1,3,shuffled,0.29012036323547363,0.01746730087324977,5,,,,,,2026
full_cycle1,3,perturb_0.25sigma,2.587571620941162,0.021450750529766083,5,,,,,,2026
full_cycle1,3,perturb_0.5sigma,1.1583640575408936,0.01825581770390272,5,,,,,,2026
full_cycle1,3,perturb_1sigma,1.1448408365249634,0.019532551988959312,5,,,,,,2026
full_cycle1,3,perturb_2sigma,0.22351115942001343,0.014757595956325531,5,,,,,,2026
full_cycle1,4,supervised,0.08354925364255905,0.010715012438595295,5,,,,,,2026
full_cycle1,4,actor,0.08354925364255905,0.010715012438595295,5,,,,,,2026
full_cycle1,4,zero,-0.24658256769180298,0.01314033754169941,5,,,,,,2026
full_cycle1,4,random,-0.6004015803337097,0.007039225660264492,5,,,,,,2026
full_cycle1,4,shuffled,-0.6728606224060059,0.0061532859690487385,5,,,,,,2026
full_cycle1,4,perturb_0.25sigma,-0.6673218607902527,0.008744657970964909,5,,,,,,2026
full_cycle1,4,perturb_0.5sigma,0.26698097586631775,0.013126684352755547,5,,,,,,2026
full_cycle1,4,perturb_1sigma,-0.5488602519035339,0.009142985567450523,5,,,,,,2026
full_cycle1,4,perturb_2sigma,-0.73757004737854,0.0003019938012585044,5,,,,,,2026
full_cycle1,5,supervised,2.8011858463287354,0.04495709063485265,5,,,,,,2026
full_cycle1,5,actor,2.8011858463287354,0.04495709063485265,5,,,,,,2026
full_cycle1,5,zero,2.5454633235931396,0.04791470384225249,5,,,,,,2026
full_cycle1,5,random,2.239759683609009,0.04107887530699372,5,,,,,,2026
full_cycle1,5,shuffled,2.0179555416107178,0.04546396294608712,5,,,,,,2026
full_cycle1,5,perturb_0.25sigma,2.7707903385162354,0.04433054383844137,5,,,,,,2026
full_cycle1,5,perturb_0.5sigma,2.775567054748535,0.04658917477354407,5,,,,,,2026
full_cycle1,5,perturb_1sigma,1.6734275817871094,0.04176208795979619,5,,,,,,2026
full_cycle1,5,perturb_2sigma,1.7943191528320312,0.03862132877111435,5,,,,,,2026
full_cycle1,6,supervised,2.9809179306030273,0.037407530937343836,5,,,,,,2026
full_cycle1,6,actor,2.9809179306030273,0.037407530937343836,5,,,,,,2026
full_cycle1,6,zero,2.363147258758545,0.04041109140962362,5,,,,,,2026
full_cycle1,6,random,1.823728084564209,0.038301135413348675,5,,,,,,2026
full_cycle1,6,shuffled,1.646301031112671,0.037199169397354126,5,,,,,,2026
full_cycle1,6,perturb_0.25sigma,2.3779094219207764,0.040446060709655285,5,,,,,,2026
full_cycle1,6,perturb_0.5sigma,2.2540154457092285,0.03452551318332553,5,,,,,,2026
full_cycle1,6,perturb_1sigma,1.9206783771514893,0.03999910783022642,5,,,,,,2026
full_cycle1,6,perturb_2sigma,1.3447158336639404,0.0306761572137475,5,,,,,,2026
full_cycle1,7,supervised,2.8308372497558594,0.029031439684331417,5,,,,,,2026
full_cycle1,7,actor,2.8308372497558594,0.029031439684331417,5,,,,,,2026
full_cycle1,7,zero,1.9763267040252686,0.031845916993916035,5,,,,,,2026
full_cycle1,7,random,0.5491289496421814,0.014348032418638468,5,,,,,,2026
full_cycle1,7,shuffled,1.1661850214004517,0.02752251923084259,5,,,,,,2026
full_cycle1,7,perturb_0.25sigma,3.0131099224090576,0.030249514617025852,5,,,,,,2026
full_cycle1,7,perturb_0.5sigma,2.2069878578186035,0.031642358750104904,5,,,,,,2026
full_cycle1,7,perturb_1sigma,2.7010345458984375,0.031169342808425426,5,,,,,,2026
full_cycle1,7,perturb_2sigma,0.6032745838165283,0.015625338535755873,5,,,,,,2026
full_cycle1,8,supervised,2.474524974822998,0.02004911843687296,5,,,,,,2026
full_cycle1,8,actor,2.474524974822998,0.02004911843687296,5,,,,,,2026
full_cycle1,8,zero,1.278320074081421,0.022690393030643463,5,,,,,,2026
full_cycle1,8,random,0.49575334787368774,0.016815716866403818,5,,,,,,2026
full_cycle1,8,shuffled,0.5201436281204224,0.017353273928165436,5,,,,,,2026
full_cycle1,8,perturb_0.25sigma,2.7411081790924072,0.021171007305383682,5,,,,,,2026
full_cycle1,8,perturb_0.5sigma,2.1468491554260254,0.019059212878346443,5,,,,,,2026
full_cycle1,8,perturb_1sigma,2.293992757797241,0.01979579869657755,5,,,,,,2026
full_cycle1,8,perturb_2sigma,2.0171239376068115,0.018972551450133324,5,,,,,,2026
full_cycle1,9,supervised,1.546809196472168,0.010262028314173222,5,,,,,,2026
full_cycle1,9,actor,1.546809196472168,0.010262028314173222,5,,,,,,2026
full_cycle1,9,zero,0.2246028631925583,0.012681384570896626,5,,,,,,2026
full_cycle1,9,random,1.1859099864959717,0.012130816467106342,5,,,,,,2026
full_cycle1,9,shuffled,-0.3430942893028259,0.006247709039598703,5,,,,,,2026
full_cycle1,9,perturb_0.25sigma,1.6263985633850098,0.012111274525523186,5,,,,,,2026
full_cycle1,9,perturb_0.5sigma,1.355214238166809,0.010297306813299656,5,,,,,,2026
full_cycle1,9,perturb_1sigma,-0.45472612977027893,0.004362673498690128,5,,,,,,2026
full_cycle1,9,perturb_2sigma,-0.5491092205047607,-0.0007417942397296429,5,,,,,,2026
full_cycle1,10,supervised,2.2307021617889404,0.034698042552918196,5,,,,,,2026
full_cycle1,10,actor,2.2307021617889404,0.034698042552918196,5,,,,,,2026
full_cycle1,10,zero,1.551203966140747,0.02906800084747374,5,,,,,,2026
full_cycle1,10,random,1.5810465812683105,0.029159137047827244,5,,,,,,2026
full_cycle1,10,shuffled,1.1975696086883545,0.02624544478021562,5,,,,,,2026
full_cycle1,10,perturb_0.25sigma,2.1774001121520996,0.03511350881308317,5,,,,,,2026
full_cycle1,10,perturb_0.5sigma,2.136000871658325,0.036476374603807926,5,,,,,,2026
full_cycle1,10,perturb_1sigma,2.193162679672241,0.03104172577150166,5,,,,,,2026
full_cycle1,10,perturb_2sigma,1.4153262376785278,0.02836965024471283,5,,,,,,2026
full_cycle1,11,supervised,2.1863205432891846,0.028021012898534536,5,,,,,,2026
full_cycle1,11,actor,2.1863205432891846,0.028021012898534536,5,,,,,,2026
full_cycle1,11,zero,1.3640979528427124,0.022393243038095534,5,,,,,,2026
full_cycle1,11,random,1.1565746068954468,0.021196131710894406,5,,,,,,2026
full_cycle1,11,shuffled,1.0394296646118164,0.019465955323539674,5,,,,,,2026
full_cycle1,11,perturb_0.25sigma,2.198601007461548,0.02779123093932867,5,,,,,,2026
full_cycle1,11,perturb_0.5sigma,2.1979501247406006,0.028068243991583586,5,,,,,,2026
full_cycle1,11,perturb_1sigma,2.1603829860687256,0.02545740082859993,5,,,,,,2026
full_cycle1,11,perturb_2sigma,1.9861055612564087,0.027552229817956686,5,,,,,,2026
full_cycle1,12,supervised,2.081482172012329,0.021130294539034367,5,,,,,,2026
full_cycle1,12,actor,2.081482172012329,0.021130294539034367,5,,,,,,2026
full_cycle1,12,zero,1.0787034034729004,0.015582538559101522,5,,,,,,2026
full_cycle1,12,random,1.3209645748138428,0.015835062135010958,5,,,,,,2026
full_cycle1,12,shuffled,0.776843249797821,0.012546884594485164,5,,,,,,2026
full_cycle1,12,perturb_0.25sigma,2.0205492973327637,0.02148735010996461,5,,,,,,2026
full_cycle1,12,perturb_0.5sigma,1.877709984779358,0.022772229742258787,5,,,,,,2026
full_cycle1,12,perturb_1sigma,2.0918030738830566,0.020786991342902184,5,,,,,,2026
full_cycle1,12,perturb_2sigma,1.650932788848877,0.016389801632612944,5,,,,,,2026
full_cycle1,13,supervised,1.8433716297149658,0.01412841398268938,5,,,,,,2026
full_cycle1,13,actor,1.8433716297149658,0.01412841398268938,5,,,,,,2026
full_cycle1,13,zero,0.6091755032539368,0.00869959022384137,5,,,,,,2026
full_cycle1,13,random,0.8154274225234985,0.009015464689582586,5,,,,,,2026
full_cycle1,13,shuffled,0.25420045852661133,0.005554968491196632,5,,,,,,2026
full_cycle1,13,perturb_0.25sigma,1.7995316982269287,0.014143918175250292,5,,,,,,2026
full_cycle1,13,perturb_0.5sigma,1.8787224292755127,0.01288837194442749,5,,,,,,2026
full_cycle1,13,perturb_1sigma,1.5302298069000244,0.013982802163809538,5,,,,,,2026
full_cycle1,13,perturb_2sigma,0.4882878065109253,0.008135771844536066,5,,,,,,2026
full_cycle1,14,supervised,1.2318893671035767,0.007058111485093832,5,,,,,,2026
full_cycle1,14,actor,1.2318893671035767,0.007058111485093832,5,,,,,,2026
full_cycle1,14,zero,-0.12454593181610107,0.0018227777909487486,5,,,,,,2026
full_cycle1,14,random,0.3480021059513092,0.002056700177490711,5,,,,,,2026
full_cycle1,14,shuffled,-0.5305105447769165,-0.0014225119957700372,5,,,,,,2026
full_cycle1,14,perturb_0.25sigma,1.209098219871521,0.007171149365603924,5,,,,,,2026
full_cycle1,14,perturb_0.5sigma,0.7569096088409424,0.003668420948088169,5,,,,,,2026
full_cycle1,14,perturb_1sigma,0.27891549468040466,0.003216162323951721,5,,,,,,2026
full_cycle1,14,perturb_2sigma,0.7992486953735352,0.007182619534432888,5,,,,,,2026
full_cycle1,15,supervised,2.4463560581207275,0.0033236753806704655,5,,,,,,2026
full_cycle1,15,actor,2.4463560581207275,0.0033236753806704655,5,,,,,,2026
full_cycle1,15,zero,1.661064624786377,0.006013420032104477,5,,,,,,2026
full_cycle1,15,random,1.3724696636199951,0.002914607168349903,5,,,,,,2026
full_cycle1,15,shuffled,1.2990264892578125,0.0015694769244873896,5,,,,,,2026
full_cycle1,15,perturb_0.25sigma,2.4295411109924316,0.0032456291301059537,5,,,,,,2026
full_cycle1,15,perturb_0.5sigma,2.4077367782592773,0.003456073784036562,5,,,,,,2026
full_cycle1,15,perturb_1sigma,2.195812463760376,0.0038882925728103146,5,,,,,,2026
full_cycle1,15,perturb_2sigma,2.155308961868286,0.0027562694303924218,5,,,,,,2026
full_cycle1,16,supervised,2.4592933654785156,0.0023072428593877703,5,,,,,,2026
full_cycle1,16,actor,2.4592933654785156,0.0023072428593877703,5,,,,,,2026
full_cycle1,16,zero,1.4491393566131592,0.005364638145692879,5,,,,,,2026
full_cycle1,16,random,2.236902952194214,0.0026492983524804004,5,,,,,,2026
full_cycle1,16,shuffled,1.1110751628875732,0.0006084235938033089,5,,,,,,2026
full_cycle1,16,perturb_0.25sigma,2.461662530899048,0.0023096509248716757,5,,,,,,2026
full_cycle1,16,perturb_0.5sigma,2.1863343715667725,0.0028832730022259057,5,,,,,,2026
full_cycle1,16,perturb_1sigma,2.1825318336486816,0.004086243992787786,5,,,,,,2026
full_cycle1,16,perturb_2sigma,1.803748369216919,0.010543551856244449,5,,,,,,2026
full_cycle1,17,supervised,2.4449331760406494,0.001613485481357202,5,,,,,,2026
full_cycle1,17,actor,2.4449331760406494,0.001613485481357202,5,,,,,,2026
full_cycle1,17,zero,1.1225866079330444,0.0048980100837070495,5,,,,,,2026
full_cycle1,17,random,0.8565424084663391,0.0017220170120708644,5,,,,,,2026
full_cycle1,17,shuffled,0.7795724272727966,-0.0001703169837128371,5,,,,,,2026
full_cycle1,17,perturb_0.25sigma,2.385920286178589,0.002288918818521779,5,,,,,,2026
full_cycle1,17,perturb_0.5sigma,2.2136826515197754,0.002103264101606328,5,,,,,,2026
full_cycle1,17,perturb_1sigma,1.6358914375305176,0.010052232923044357,5,,,,,,2026
full_cycle1,17,perturb_2sigma,2.325662851333618,0.0006196948979777517,5,,,,,,2026
full_cycle1,18,supervised,2.2307186126708984,0.0011071335175074637,5,,,,,,2026
full_cycle1,18,actor,2.2307186126708984,0.0011071335175074637,5,,,,,,2026
full_cycle1,18,zero,0.5718807578086853,0.00447430502390489,5,,,,,,2026
full_cycle1,18,random,0.37683558464050293,0.0029288854566402733,5,,,,,,2026
full_cycle1,18,shuffled,0.1466713547706604,-0.0009019777644425631,5,,,,,,2026
full_cycle1,18,perturb_0.25sigma,1.6873829364776611,0.0016846525541041046,5,,,,,,2026
full_cycle1,18,perturb_0.5sigma,2.3512802124023438,0.0012239882780704647,5,,,,,,2026
full_cycle1,18,perturb_1sigma,1.490516185760498,0.0040618715866003186,5,,,,,,2026
full_cycle1,18,perturb_2sigma,1.0763092041015625,0.0068401922180783,5,,,,,,2026
full_cycle1,19,supervised,1.4323997497558594,0.0006287679425440729,5,,,,,,2026
full_cycle1,19,actor,1.4323997497558594,0.0006287679425440729,5,,,,,,2026
full_cycle1,19,zero,-0.19674980640411377,0.003940974827855825,5,,,,,,2026
full_cycle1,19,random,-0.346589058637619,0.0025634674821048975,5,,,,,,2026
full_cycle1,19,shuffled,-0.6206635236740112,-0.001734555815346539,5,,,,,,2026
full_cycle1,19,perturb_0.25sigma,0.9657549262046814,0.001642070128582418,5,,,,,,2026
full_cycle1,19,perturb_0.5sigma,0.6708305478096008,0.001299839117564261,5,,,,,,2026
full_cycle1,19,perturb_1sigma,0.7008175253868103,0.0016745548928156495,5,,,,,,2026
full_cycle1,19,perturb_2sigma,-0.17048132419586182,0.00395760266110301,5,,,,,,2026
full_cycle1,20,supervised,2.4773294925689697,0.06452241819351912,5,,,,,,2026
full_cycle1,20,actor,2.4773294925689697,0.06452241819351912,5,,,,,,2026
full_cycle1,20,zero,2.2688114643096924,0.06428766064345837,5,,,,,,2026
full_cycle1,20,random,2.331312417984009,0.06263547483831644,5,,,,,,2026
full_cycle1,20,shuffled,2.0663065910339355,0.06362710148096085,5,,,,,,2026
full_cycle1,20,perturb_0.25sigma,2.584768533706665,0.06444368977099657,5,,,,,,2026
full_cycle1,20,perturb_0.5sigma,1.5455355644226074,0.06136269308626652,5,,,,,,2026
full_cycle1,20,perturb_1sigma,1.3164896965026855,0.058413208462297916,5,,,,,,2026
full_cycle1,20,perturb_2sigma,1.1242692470550537,0.057696444913744926,5,,,,,,2026
full_cycle1,21,supervised,2.4942920207977295,0.05303541850298643,5,,,,,,2026
full_cycle1,21,actor,2.4942920207977295,0.05303541850298643,5,,,,,,2026
full_cycle1,21,zero,2.219985008239746,0.05300509091466665,5,,,,,,2026
full_cycle1,21,random,0.999506950378418,0.04804418794810772,5,,,,,,2026
full_cycle1,21,shuffled,1.9578163623809814,0.0527622839435935,5,,,,,,2026
full_cycle1,21,perturb_0.25sigma,1.7665095329284668,0.052168939262628555,5,,,,,,2026
full_cycle1,21,perturb_0.5sigma,2.160515546798706,0.049696254543960094,5,,,,,,2026
full_cycle1,21,perturb_1sigma,0.9508246779441833,0.039779651910066605,5,,,,,,2026
full_cycle1,21,perturb_2sigma,0.9043323993682861,0.04659550078213215,5,,,,,,2026
full_cycle1,22,supervised,2.401062250137329,0.040793703868985176,5,,,,,,2026
full_cycle1,22,actor,2.401062250137329,0.040793703868985176,5,,,,,,2026
full_cycle1,22,zero,2.081068515777588,0.04101510997861624,5,,,,,,2026
full_cycle1,22,random,2.077178716659546,0.03850245010107756,5,,,,,,2026
full_cycle1,22,shuffled,1.7883598804473877,0.041149052791297436,5,,,,,,2026
full_cycle1,22,perturb_0.25sigma,2.2232110500335693,0.04078944120556116,5,,,,,,2026
full_cycle1,22,perturb_0.5sigma,1.2595213651657104,0.03984136413782835,5,,,,,,2026
full_cycle1,22,perturb_1sigma,0.5569835901260376,0.036224196664988995,5,,,,,,2026
full_cycle1,22,perturb_2sigma,0.8621950745582581,0.0388086112216115,5,,,,,,2026
full_cycle1,23,supervised,1.7558507919311523,0.027857312932610512,5,,,,,,2026
full_cycle1,23,actor,1.7558507919311523,0.027857312932610512,5,,,,,,2026
full_cycle1,23,zero,1.4345571994781494,0.02832531090825796,5,,,,,,2026
full_cycle1,23,random,1.1591055393218994,0.025023983791470528,5,,,,,,2026
full_cycle1,23,shuffled,1.1683433055877686,0.028730335645377636,5,,,,,,2026
full_cycle1,23,perturb_0.25sigma,1.1043232679367065,0.027911287732422352,5,,,,,,2026
full_cycle1,23,perturb_0.5sigma,1.7052950859069824,0.0277619706466794,5,,,,,,2026
full_cycle1,23,perturb_1sigma,-0.17732363939285278,0.024701266549527645,5,,,,,,2026
full_cycle1,23,perturb_2sigma,-0.25587305426597595,0.02278469316661358,5,,,,,,2026
full_cycle1,24,supervised,-0.02760416641831398,0.014260920695960522,5,,,,,,2026
full_cycle1,24,actor,-0.02760416641831398,0.014260920695960522,5,,,,,,2026
full_cycle1,24,zero,-0.2061920464038849,0.014908958226442337,5,,,,,,2026
full_cycle1,24,random,-0.3835340738296509,0.014624698087573051,5,,,,,,2026
full_cycle1,24,shuffled,-0.3591688871383667,0.015403399243950844,5,,,,,,2026
full_cycle1,24,perturb_0.25sigma,-0.6508821249008179,0.01422377210110426,5,,,,,,2026
full_cycle1,24,perturb_0.5sigma,-0.9296277761459351,0.013683936558663845,5,,,,,,2026
full_cycle1,24,perturb_1sigma,-1.0648224353790283,0.012467056512832642,5,,,,,,2026
full_cycle1,24,perturb_2sigma,-0.8146235942840576,0.004930334165692329,5,,,,,,2026
full_cycle1,25,supervised,2.4773294925689697,0.06452241819351912,5,,,,,,2026
full_cycle1,25,actor,2.4773294925689697,0.06452241819351912,5,,,,,,2026
full_cycle1,25,zero,2.2688114643096924,0.06428766064345837,5,,,,,,2026
full_cycle1,25,random,1.9747306108474731,0.05905055487528443,5,,,,,,2026
full_cycle1,25,shuffled,2.0663065910339355,0.06362710148096085,5,,,,,,2026
full_cycle1,25,perturb_0.25sigma,2.3692166805267334,0.06444970890879631,5,,,,,,2026
full_cycle1,25,perturb_0.5sigma,2.6050026416778564,0.06382774468511343,5,,,,,,2026
full_cycle1,25,perturb_1sigma,1.715449333190918,0.062222352251410484,5,,,,,,2026
full_cycle1,25,perturb_2sigma,1.0423929691314697,0.05065612308681011,5,,,,,,2026
full_cycle1,26,supervised,2.751546621322632,0.05417247861623764,5,,,,,,2026
full_cycle1,26,actor,2.751546621322632,0.05417247861623764,5,,,,,,2026
full_cycle1,26,zero,2.4775943756103516,0.05411237012594938,5,,,,,,2026
full_cycle1,26,random,1.001821517944336,0.047480820678174496,5,,,,,,2026
full_cycle1,26,shuffled,2.177725076675415,0.05376513674855232,5,,,,,,2026
full_cycle1,26,perturb_0.25sigma,2.6691460609436035,0.054146792739629745,5,,,,,,2026
full_cycle1,26,perturb_0.5sigma,1.1529117822647095,0.04922667518258095,5,,,,,,2026
full_cycle1,26,perturb_1sigma,1.5810096263885498,0.047141419257968664,5,,,,,,2026
full_cycle1,26,perturb_2sigma,1.298285722732544,0.04603479243814945,5,,,,,,2026
full_cycle1,27,supervised,2.7739763259887695,0.042283326387405396,5,,,,,,2026
full_cycle1,27,actor,2.7739763259887695,0.042283326387405396,5,,,,,,2026
full_cycle1,27,zero,2.482863187789917,0.042453340254724026,5,,,,,,2026
full_cycle1,27,random,0.5084116458892822,0.027010505087673664,5,,,,,,2026
full_cycle1,27,shuffled,2.1380720138549805,0.04246245324611664,5,,,,,,2026
full_cycle1,27,perturb_0.25sigma,2.8728647232055664,0.04203185625374317,5,,,,,,2026
full_cycle1,27,perturb_0.5sigma,2.56731915473938,0.04143282771110535,5,,,,,,2026
full_cycle1,27,perturb_1sigma,1.7367368936538696,0.03921467624604702,5,,,,,,2026
full_cycle1,27,perturb_2sigma,0.6086294651031494,0.026336613576859236,5,,,,,,2026
full_cycle1,28,supervised,2.381309747695923,0.02930501289665699,5,,,,,,2026
full_cycle1,28,actor,2.381309747695923,0.02930501289665699,5,,,,,,2026
full_cycle1,28,zero,2.021169424057007,0.029694654047489166,5,,,,,,2026
full_cycle1,28,random,1.4239622354507446,0.02719894517213106,5,,,,,,2026
full_cycle1,28,shuffled,1.6378499269485474,0.029927410185337067,5,,,,,,2026
full_cycle1,28,perturb_0.25sigma,2.396456480026245,0.029301846399903297,5,,,,,,2026
full_cycle1,28,perturb_0.5sigma,1.704758882522583,0.029358101077377796,5,,,,,,2026
full_cycle1,28,perturb_1sigma,0.8646048903465271,0.026543477550148964,5,,,,,,2026
full_cycle1,28,perturb_2sigma,0.6249958276748657,0.02707745786756277,5,,,,,,2026
full_cycle1,29,supervised,0.6911953091621399,0.015080063603818417,5,,,,,,2026
full_cycle1,29,actor,0.6911953091621399,0.015080063603818417,5,,,,,,2026
full_cycle1,29,zero,0.26008984446525574,0.015665018931031227,5,,,,,,2026
full_cycle1,29,random,-0.9444189071655273,0.013058967888355255,5,,,,,,2026
full_cycle1,29,shuffled,-0.09840083867311478,0.015994500368833542,5,,,,,,2026
full_cycle1,29,perturb_0.25sigma,0.35227343440055847,0.01501371432095766,5,,,,,,2026
full_cycle1,29,perturb_0.5sigma,-0.6619367599487305,0.014082485809922218,5,,,,,,2026
full_cycle1,29,perturb_1sigma,-0.528295636177063,0.014497329480946064,5,,,,,,2026
full_cycle1,29,perturb_2sigma,-0.9301326870918274,-0.0013209630269557238,5,,,,,,2026
full_cycle1,30,supervised,2.4218809604644775,0.005361930183426011,5,,,,,,2026
full_cycle1,30,actor,2.4218809604644775,0.005361930183426011,5,,,,,,2026
full_cycle1,30,zero,1.6457931995391846,0.007250060938531533,5,,,,,,2026
full_cycle1,30,random,1.6507298946380615,0.007290970650501549,5,,,,,,2026
full_cycle1,30,shuffled,1.2848129272460938,0.002985457016620785,5,,,,,,2026
full_cycle1,30,perturb_0.25sigma,2.3204023838043213,0.006598937812668737,5,,,,,,2026
full_cycle1,30,perturb_0.5sigma,1.8568944931030273,0.006583971553482115,5,,,,,,2026
full_cycle1,30,perturb_1sigma,2.3672149181365967,0.0065472442511236295,5,,,,,,2026
full_cycle1,30,perturb_2sigma,1.5264527797698975,0.006760464602848515,5,,,,,,2026
full_cycle1,31,supervised,2.425922155380249,0.003924870252376422,5,,,,,,2026
full_cycle1,31,actor,2.425922155380249,0.003924870252376422,5,,,,,,2026
full_cycle1,31,zero,1.438897728919983,0.0061940321465954185,5,,,,,,2026
full_cycle1,31,random,2.3439431190490723,0.0032572576601523906,5,,,,,,2026
full_cycle1,31,shuffled,1.100376844406128,0.0016484713996760547,5,,,,,,2026
full_cycle1,31,perturb_0.25sigma,2.407423257827759,0.0037717631203122437,5,,,,,,2026
full_cycle1,31,perturb_0.5sigma,2.3031296730041504,0.004465057601919398,5,,,,,,2026
full_cycle1,31,perturb_1sigma,2.2873103618621826,0.0047697213012725115,5,,,,,,2026
full_cycle1,31,perturb_2sigma,1.5634602308273315,0.006100882979808375,5,,,,,,2026
full_cycle1,32,supervised,2.3984434604644775,0.002803877054248005,5,,,,,,2026
full_cycle1,32,actor,2.3984434604644775,0.002803877054248005,5,,,,,,2026
full_cycle1,32,zero,1.1194407939910889,0.005327054182998836,5,,,,,,2026
full_cycle1,32,random,0.9975505471229553,0.004321202577557415,5,,,,,,2026
full_cycle1,32,shuffled,0.7742199897766113,0.000499164976645261,5,,,,,,2026
full_cycle1,32,perturb_0.25sigma,2.2537474632263184,0.0028318385302554816,5,,,,,,2026
full_cycle1,32,perturb_0.5sigma,2.2423388957977295,0.0026474956539459527,5,,,,,,2026
full_cycle1,32,perturb_1sigma,2.3213136196136475,0.002157991606509313,5,,,,,,2026
full_cycle1,32,perturb_2sigma,2.1925292015075684,0.004031488293549046,5,,,,,,2026
full_cycle1,33,supervised,2.2438576221466064,0.0018749848823063076,5,,,,,,2026
full_cycle1,33,actor,2.2438576221466064,0.0018749848823063076,5,,,,,,2026
full_cycle1,33,zero,0.5765812993049622,0.004519295413047075,5,,,,,,2026
full_cycle1,33,random,0.28470611572265625,0.0023896850179880857,5,,,,,,2026
full_cycle1,33,shuffled,0.15132352709770203,-0.0005884142592549324,5,,,,,,2026
full_cycle1,33,perturb_0.25sigma,2.120897054672241,0.002248319156933576,5,,,,,,2026
full_cycle1,33,perturb_0.5sigma,2.2661728858947754,0.001234897819813341,5,,,,,,2026
full_cycle1,33,perturb_1sigma,1.0158590078353882,0.002968404092825949,5,,,,,,2026
full_cycle1,33,perturb_2sigma,1.7625792026519775,0.000965804370935075,5,,,,,,2026
full_cycle1,34,supervised,1.4635818004608154,0.0009933699620887637,5,,,,,,2026
full_cycle1,34,actor,1.4635818004608154,0.0009933699620887637,5,,,,,,2026
full_cycle1,34,zero,-0.20205554366111755,0.0036337459459900856,5,,,,,,2026
full_cycle1,34,random,0.6872054934501648,0.0006198394694365561,5,,,,,,2026
full_cycle1,34,shuffled,-0.6283683180809021,-0.00174524390604347,5,,,,,,2026
full_cycle1,34,perturb_0.25sigma,1.3171238899230957,0.0008877617074176669,5,,,,,,2026
full_cycle1,34,perturb_0.5sigma,1.217909812927246,0.0012054386315867305,5,,,,,,2026
full_cycle1,34,perturb_1sigma,0.44901686906814575,0.0044603729620575905,5,,,,,,2026
full_cycle1,34,perturb_2sigma,1.2199113368988037,0.0015953413676470518,5,,,,,,2026
full_cycle1,35,supervised,1.9892404079437256,0.031511797569692135,5,,,,,,2026
full_cycle1,35,actor,1.9892404079437256,0.031511797569692135,5,,,,,,2026
full_cycle1,35,zero,1.4967155456542969,0.02600193565012887,5,,,,,,2026
full_cycle1,35,random,1.3936958312988281,0.02579181152395904,5,,,,,,2026
full_cycle1,35,shuffled,1.1422538757324219,0.024682029092218727,5,,,,,,2026
full_cycle1,35,perturb_0.25sigma,2.021091938018799,0.03149011870846152,5,,,,,,2026
full_cycle1,35,perturb_0.5sigma,2.06370210647583,0.031424131244421005,5,,,,,,2026
full_cycle1,35,perturb_1sigma,1.9630022048950195,0.031517365481704473,5,,,,,,2026
full_cycle1,35,perturb_2sigma,1.907243251800537,0.031438822858035564,5,,,,,,2026
full_cycle1,36,supervised,1.9006175994873047,0.025352986995130777,5,,,,,,2026
full_cycle1,36,actor,1.9006175994873047,0.025352986995130777,5,,,,,,2026
full_cycle1,36,zero,1.318192958831787,0.019806555937975645,5,,,,,,2026
full_cycle1,36,random,1.513551950454712,0.0203761967131868,5,,,,,,2026
full_cycle1,36,shuffled,1.0209434032440186,0.018445541616529226,5,,,,,,2026
full_cycle1,36,perturb_0.25sigma,1.9249391555786133,0.025326451752334833,5,,,,,,2026
full_cycle1,36,perturb_0.5sigma,1.9728282690048218,0.025289254263043404,5,,,,,,2026
full_cycle1,36,perturb_1sigma,1.8738435506820679,0.025328227784484625,5,,,,,,2026
full_cycle1,36,perturb_2sigma,1.8394012451171875,0.02532313484698534,5,,,,,,2026
full_cycle1,37,supervised,1.7419543266296387,0.019110658671706915,5,,,,,,2026
full_cycle1,37,actor,1.7419543266296387,0.019110658671706915,5,,,,,,2026
full_cycle1,37,zero,1.0489987134933472,0.013537131017073989,5,,,,,,2026
full_cycle1,37,random,1.0560437440872192,0.013525102927815169,5,,,,,,2026
full_cycle1,37,shuffled,0.7919846177101135,0.012140375387389213,5,,,,,,2026
full_cycle1,37,perturb_0.25sigma,1.7549642324447632,0.019104735925793648,5,,,,,,2026
full_cycle1,37,perturb_0.5sigma,1.7535884380340576,0.019101181998848915,5,,,,,,2026
full_cycle1,37,perturb_1sigma,1.7234907150268555,0.019113974180072546,5,,,,,,2026
full_cycle1,37,perturb_2sigma,1.7045838832855225,0.01900072582066059,5,,,,,,2026
full_cycle1,38,supervised,1.449838638305664,0.012796901166439056,5,,,,,,2026
full_cycle1,38,actor,1.449838638305664,0.012796901166439056,5,,,,,,2026
full_cycle1,38,zero,0.6248473525047302,0.007205394271295518,5,,,,,,2026
full_cycle1,38,random,1.540376901626587,0.009396183770149946,5,,,,,,2026
full_cycle1,38,shuffled,0.3768799901008606,0.005781786283478141,5,,,,,,2026
full_cycle1,38,perturb_0.25sigma,1.4264122247695923,0.01279322849586606,5,,,,,,2026
full_cycle1,38,perturb_0.5sigma,1.3908708095550537,0.012761720921844244,5,,,,,,2026
full_cycle1,38,perturb_1sigma,1.504615306854248,0.012726777698844671,5,,,,,,2026
full_cycle1,38,perturb_2sigma,1.5055855512619019,0.01185751985758543,5,,,,,,2026
full_cycle1,39,supervised,0.8362430930137634,0.006428536493331194,5,,,,,,2026
full_cycle1,39,actor,0.8362430930137634,0.006428536493331194,5,,,,,,2026
full_cycle1,39,zero,0.01404079794883728,0.0008182196179404855,5,,,,,,2026
full_cycle1,39,random,1.026097297668457,0.004239908419549465,5,,,,,,2026
full_cycle1,39,shuffled,-0.35096246004104614,-0.0006264543044380844,5,,,,,,2026
full_cycle1,39,perturb_0.25sigma,0.7949625849723816,0.00641669100150466,5,,,,,,2026
full_cycle1,39,perturb_0.5sigma,0.8568760752677917,0.006428418681025505,5,,,,,,2026
full_cycle1,39,perturb_1sigma,0.7983313798904419,0.006432563532143831,5,,,,,,2026
full_cycle1,39,perturb_2sigma,0.6325429081916809,0.004163817502558231,5,,,,,,2026
full_cycle1,40,supervised,2.2763397693634033,0.026679894421249628,5,,,,,,2026
full_cycle1,40,actor,2.2763397693634033,0.026679894421249628,5,,,,,,2026
full_cycle1,40,zero,1.5693225860595703,0.022793274372816086,5,,,,,,2026
full_cycle1,40,random,2.2495715618133545,0.022281912504695356,5,,,,,,2026
full_cycle1,40,shuffled,1.2140789031982422,0.019615214900113642,5,,,,,,2026
full_cycle1,40,perturb_0.25sigma,2.2581329345703125,0.02680400712415576,5,,,,,,2026
full_cycle1,40,perturb_0.5sigma,2.270235300064087,0.02600553585216403,5,,,,,,2026
full_cycle1,40,perturb_1sigma,2.173614740371704,0.022848356515169144,5,,,,,,2026
full_cycle1,40,perturb_2sigma,1.8269590139389038,0.023200497729703784,5,,,,,,2026
full_cycle1,41,supervised,2.2415997982025146,0.02146410383284092,5,,,,,,2026
full_cycle1,41,actor,2.2415997982025146,0.02146410383284092,5,,,,,,2026
full_cycle1,41,zero,1.3779445886611938,0.01771133323200047,5,,,,,,2026
full_cycle1,41,random,2.1182775497436523,0.016193929739529267,5,,,,,,2026
full_cycle1,41,shuffled,1.0472159385681152,0.014396009617485106,5,,,,,,2026
full_cycle1,41,perturb_0.25sigma,2.238804578781128,0.021863519214093685,5,,,,,,2026
full_cycle1,41,perturb_0.5sigma,2.239429235458374,0.019138117786496878,5,,,,,,2026
full_cycle1,41,perturb_1sigma,1.9827606678009033,0.02465823758393526,5,,,,,,2026
full_cycle1,41,perturb_2sigma,1.9950494766235352,0.022571196779608727,5,,,,,,2026
full_cycle1,42,supervised,2.15478515625,0.01620060857385397,5,,,,,,2026
full_cycle1,42,actor,2.15478515625,0.01620060857385397,5,,,,,,2026
full_cycle1,42,zero,1.0857669115066528,0.012574908323585987,5,,,,,,2026
full_cycle1,42,random,1.860083818435669,0.012261741096153855,5,,,,,,2026
full_cycle1,42,shuffled,0.7721192240715027,0.009117182926274836,5,,,,,,2026
full_cycle1,42,perturb_0.25sigma,2.15385365486145,0.014491024427115917,5,,,,,,2026
full_cycle1,42,perturb_0.5sigma,2.1849629878997803,0.01486661983653903,5,,,,,,2026
full_cycle1,42,perturb_1sigma,1.8937864303588867,0.019206590484827757,5,,,,,,2026
full_cycle1,42,perturb_2sigma,2.0686280727386475,0.01624411065131426,5,,,,,,2026
full_cycle1,43,supervised,1.9353346824645996,0.010837609879672527,5,,,,,,2026
full_cycle1,43,actor,1.9353346824645996,0.010837609879672527,5,,,,,,2026
full_cycle1,43,zero,0.6022505164146423,0.00738519593141973,5,,,,,,2026
full_cycle1,43,random,0.2976386845111847,0.005275396702927537,5,,,,,,2026
full_cycle1,43,shuffled,0.22241103649139404,0.003789092181250453,5,,,,,,2026
full_cycle1,43,perturb_0.25sigma,1.966874599456787,0.010321181267499924,5,,,,,,2026
full_cycle1,43,perturb_0.5sigma,1.9449284076690674,0.010188078507781029,5,,,,,,2026
full_cycle1,43,perturb_1sigma,1.5013490915298462,0.013469189405441284,5,,,,,,2026
full_cycle1,43,perturb_2sigma,1.6137495040893555,0.011118309572339058,5,,,,,,2026
full_cycle1,44,supervised,1.3299660682678223,0.005402624607086182,5,,,,,,2026
full_cycle1,44,actor,1.3299660682678223,0.005402624607086182,5,,,,,,2026
full_cycle1,44,zero,-0.1631881296634674,0.0021800475660711527,5,,,,,,2026
full_cycle1,44,random,-0.039997100830078125,0.0025518175680190325,5,,,,,,2026
full_cycle1,44,shuffled,-0.5771227478981018,-0.0015473897801712155,5,,,,,,2026
full_cycle1,44,perturb_0.25sigma,1.4337158203125,0.0042293188162148,5,,,,,,2026
full_cycle1,44,perturb_0.5sigma,1.436048984527588,0.003993416670709848,5,,,,,,2026
full_cycle1,44,perturb_1sigma,1.36995530128479,0.004022752400487661,5,,,,,,2026
full_cycle1,44,perturb_2sigma,0.7198893427848816,0.005804716143757105,5,,,,,,2026
full_cycle1,45,supervised,2.7611420154571533,0.057654294185340405,5,,,,,,2026
full_cycle1,45,actor,2.7611420154571533,0.057654294185340405,5,,,,,,2026
full_cycle1,45,zero,2.761723518371582,0.0587315671145916,5,,,,,,2026
full_cycle1,45,random,2.5004684925079346,0.058610486797988415,5,,,,,,2026
full_cycle1,45,shuffled,2.5498006343841553,0.05841442942619324,5,,,,,,2026
full_cycle1,45,perturb_0.25sigma,2.5841166973114014,0.05872932355850935,5,,,,,,2026
full_cycle1,45,perturb_0.5sigma,1.933396577835083,0.05195792391896248,5,,,,,,2026
full_cycle1,45,perturb_1sigma,1.2986812591552734,0.046426122076809406,5,,,,,,2026
full_cycle1,45,perturb_2sigma,1.7671886682510376,0.05070815235376358,5,,,,,,2026
full_cycle1,46,supervised,2.874971628189087,0.04776659235358238,5,,,,,,2026
full_cycle1,46,actor,2.874971628189087,0.04776659235358238,5,,,,,,2026
full_cycle1,46,zero,2.8695485591888428,0.04888472240418196,5,,,,,,2026
full_cycle1,46,random,1.3335447311401367,0.04066551057621837,5,,,,,,2026
full_cycle1,46,shuffled,2.4231598377227783,0.0481429249048233,5,,,,,,2026
full_cycle1,46,perturb_0.25sigma,2.9395594596862793,0.04869413375854492,5,,,,,,2026
full_cycle1,46,perturb_0.5sigma,2.833963632583618,0.047572956420481205,5,,,,,,2026
full_cycle1,46,perturb_1sigma,1.312936782836914,0.040948066394776106,5,,,,,,2026
full_cycle1,46,perturb_2sigma,1.442437767982483,0.040695527102798223,5,,,,,,2026
full_cycle1,47,supervised,2.6446304321289062,0.03705543465912342,5,,,,,,2026
full_cycle1,47,actor,2.6446304321289062,0.03705543465912342,5,,,,,,2026
full_cycle1,47,zero,2.8053414821624756,0.03824339061975479,5,,,,,,2026
full_cycle1,47,random,2.6164300441741943,0.0380643866956234,5,,,,,,2026
full_cycle1,47,shuffled,1.9255441427230835,0.03682592883706093,5,,,,,,2026
full_cycle1,47,perturb_0.25sigma,2.868656635284424,0.037558285519480705,5,,,,,,2026
full_cycle1,47,perturb_0.5sigma,2.8846821784973145,0.038037383928895,5,,,,,,2026
full_cycle1,47,perturb_1sigma,0.9494065046310425,0.03198380954563618,5,,,,,,2026
full_cycle1,47,perturb_2sigma,1.76199471950531,0.037034627981483936,5,,,,,,2026
full_cycle1,48,supervised,2.001086473464966,0.025547013618052006,5,,,,,,2026
full_cycle1,48,actor,2.001086473464966,0.025547013618052006,5,,,,,,2026
full_cycle1,48,zero,2.0856759548187256,0.026780621148645878,5,,,,,,2026
full_cycle1,48,random,1.1018041372299194,0.025565799325704575,5,,,,,,2026
full_cycle1,48,shuffled,0.7854166626930237,0.02440622355788946,5,,,,,,2026
full_cycle1,48,perturb_0.25sigma,1.3781746625900269,0.026274502277374268,5,,,,,,2026
full_cycle1,48,perturb_0.5sigma,0.28743261098861694,0.021764812991023064,5,,,,,,2026
full_cycle1,48,perturb_1sigma,0.039671894162893295,0.01903944043442607,5,,,,,,2026
full_cycle1,48,perturb_2sigma,-0.09966642409563065,0.01948412973433733,5,,,,,,2026
full_cycle1,49,supervised,-0.11834079772233963,0.01322207786142826,5,,,,,,2026
full_cycle1,49,actor,-0.11834079772233963,0.01322207786142826,5,,,,,,2026
full_cycle1,49,zero,0.2807406187057495,0.014398778788745403,5,,,,,,2026
full_cycle1,49,random,-0.5745484828948975,0.009042459540069103,5,,,,,,2026
full_cycle1,49,shuffled,-0.5604509115219116,0.010808451101183891,5,,,,,,2026
full_cycle1,49,perturb_0.25sigma,0.06521566957235336,0.013394883833825588,5,,,,,,2026
full_cycle1,49,perturb_0.5sigma,-0.49325770139694214,0.010797718539834023,5,,,,,,2026
full_cycle1,49,perturb_1sigma,0.5073210000991821,0.013651984743773937,5,,,,,,2026
full_cycle1,49,perturb_2sigma,-1.0117257833480835,0.008002090267837048,5,,,,,,2026
full_cycle1,50,supervised,2.7611420154571533,0.057654294185340405,5,,,,,,2026
full_cycle1,50,actor,2.7611420154571533,0.057654294185340405,5,,,,,,2026
full_cycle1,50,zero,2.761723518371582,0.0587315671145916,5,,,,,,2026
full_cycle1,50,random,2.603999376296997,0.05772779788821936,5,,,,,,2026
full_cycle1,50,shuffled,2.5498006343841553,0.05841442942619324,5,,,,,,2026
full_cycle1,50,perturb_0.25sigma,2.5632617473602295,0.058660696260631084,5,,,,,,2026
full_cycle1,50,perturb_0.5sigma,2.7687323093414307,0.05755295790731907,5,,,,,,2026
full_cycle1,50,perturb_1sigma,2.3776745796203613,0.054901896975934505,5,,,,,,2026
full_cycle1,50,perturb_2sigma,1.5435858964920044,0.04939350392669439,5,,,,,,2026
full_cycle1,51,supervised,3.0174920558929443,0.047996788285672665,5,,,,,,2026
full_cycle1,51,actor,3.0174920558929443,0.047996788285672665,5,,,,,,2026
full_cycle1,51,zero,2.853647470474243,0.049109237268567085,5,,,,,,2026
full_cycle1,51,random,2.0763490200042725,0.046733491122722626,5,,,,,,2026
full_cycle1,51,shuffled,2.3519463539123535,0.0485300412401557,5,,,,,,2026
full_cycle1,51,perturb_0.25sigma,2.5098717212677,0.04902256093919277,5,,,,,,2026
full_cycle1,51,perturb_0.5sigma,2.155510425567627,0.044354019686579704,5,,,,,,2026
full_cycle1,51,perturb_1sigma,2.4023613929748535,0.04616083297878504,5,,,,,,2026
full_cycle1,51,perturb_2sigma,2.632639169692993,0.048904431983828545,5,,,,,,2026
full_cycle1,52,supervised,2.871105432510376,0.037072211503982544,5,,,,,,2026
full_cycle1,52,actor,2.871105432510376,0.037072211503982544,5,,,,,,2026
full_cycle1,52,zero,2.632479190826416,0.03821989521384239,5,,,,,,2026
full_cycle1,52,random,2.5770158767700195,0.03821622859686613,5,,,,,,2026
full_cycle1,52,shuffled,1.8323405981063843,0.036992913112044334,5,,,,,,2026
full_cycle1,52,perturb_0.25sigma,2.85911226272583,0.0371924564242363,5,,,,,,2026
full_cycle1,52,perturb_0.5sigma,1.5646400451660156,0.036657512187957764,5,,,,,,2026
full_cycle1,52,perturb_1sigma,2.6445577144622803,0.035569870844483376,5,,,,,,2026
full_cycle1,52,perturb_2sigma,0.565883219242096,0.02104820916429162,5,,,,,,2026
full_cycle1,53,supervised,2.516594409942627,0.02547947410494089,5,,,,,,2026
full_cycle1,53,actor,2.516594409942627,0.02547947410494089,5,,,,,,2026
full_cycle1,53,zero,2.014739990234375,0.026717565022408962,5,,,,,,2026
full_cycle1,53,random,2.4910781383514404,0.026196420192718506,5,,,,,,2026
full_cycle1,53,shuffled,1.0250096321105957,0.02474972140043974,5,,,,,,2026
full_cycle1,53,perturb_0.25sigma,1.6071768999099731,0.024045015685260296,5,,,,,,2026
full_cycle1,53,perturb_0.5sigma,0.9029818177223206,0.021844464354217052,5,,,,,,2026
full_cycle1,53,perturb_1sigma,2.534701108932495,0.025881229899823666,5,,,,,,2026
full_cycle1,53,perturb_2sigma,0.8467479348182678,0.02169597428292036,5,,,,,,2026
full_cycle1,54,supervised,1.3568679094314575,0.012985353358089924,5,,,,,,2026
full_cycle1,54,actor,1.3568679094314575,0.012985353358089924,5,,,,,,2026
full_cycle1,54,zero,0.7937061786651611,0.014282559044659138,5,,,,,,2026
full_cycle1,54,random,-0.08112291246652603,0.011212806217372417,5,,,,,,2026
full_cycle1,54,shuffled,-0.14223900437355042,0.01132696121931076,5,,,,,,2026
full_cycle1,54,perturb_0.25sigma,0.2145410180091858,0.011548364534974098,5,,,,,,2026
full_cycle1,54,perturb_0.5sigma,1.6093806028366089,0.013143611140549183,5,,,,,,2026
full_cycle1,54,perturb_1sigma,-0.13205623626708984,0.011816886253654957,5,,,,,,2026
full_cycle1,54,perturb_2sigma,-0.5583343505859375,0.006920990068465471,5,,,,,,2026
full_cycle1,55,supervised,0.9736045002937317,0.11461752094328403,5,,,,,,2026
full_cycle1,55,actor,0.9736045002937317,0.11461752094328403,5,,,,,,2026
full_cycle1,55,zero,0.019766803830862045,0.10526287415996194,5,,,,,,2026
full_cycle1,55,random,0.004570300690829754,0.10255848057568073,5,,,,,,2026
full_cycle1,55,shuffled,-0.22354745864868164,0.0827980893664062,5,,,,,,2026
full_cycle1,55,perturb_0.25sigma,0.9797921776771545,0.11017959006130695,5,,,,,,2026
full_cycle1,55,perturb_0.5sigma,0.9357560873031616,0.1160370409488678,5,,,,,,2026
full_cycle1,55,perturb_1sigma,0.8526957631111145,0.0962357446551323,5,,,,,,2026
full_cycle1,55,perturb_2sigma,0.15681880712509155,0.11932802619412541,5,,,,,,2026
full_cycle1,56,supervised,0.9022966027259827,0.10337607003748417,5,,,,,,2026
full_cycle1,56,actor,0.9022966027259827,0.10337607003748417,5,,,,,,2026
full_cycle1,56,zero,-0.22218161821365356,0.08387251570820808,5,,,,,,2026
full_cycle1,56,random,-0.07654727250337601,0.0976941657718271,5,,,,,,2026
full_cycle1,56,shuffled,-0.4939536452293396,0.055960119934752584,5,,,,,,2026
full_cycle1,56,perturb_0.25sigma,0.9276736974716187,0.10299637727439404,5,,,,,,2026
full_cycle1,56,perturb_0.5sigma,0.8467922806739807,0.10748913697898388,5,,,,,,2026
full_cycle1,56,perturb_1sigma,0.931355357170105,0.10482769645750523,5,,,,,,2026
full_cycle1,56,perturb_2sigma,0.42069411277770996,0.1061554690822959,5,,,,,,2026
full_cycle1,57,supervised,0.8891026377677917,0.08883950673043728,5,,,,,,2026
full_cycle1,57,actor,0.8891026377677917,0.08883950673043728,5,,,,,,2026
full_cycle1,57,zero,-0.4937756657600403,0.04995775246061385,5,,,,,,2026
full_cycle1,57,random,-0.4014088213443756,0.06230413634330034,5,,,,,,2026
full_cycle1,57,shuffled,-0.8205887675285339,0.01368003967218101,5,,,,,,2026
full_cycle1,57,perturb_0.25sigma,0.8955965042114258,0.08750227093696594,5,,,,,,2026
full_cycle1,57,perturb_0.5sigma,-0.21221551299095154,0.07903617872034374,5,,,,,,2026
full_cycle1,57,perturb_1sigma,-0.16056597232818604,0.0791029207612155,5,,,,,,2026
full_cycle1,57,perturb_2sigma,0.16097009181976318,0.02842029556632042,5,,,,,,2026
full_cycle1,58,supervised,0.8931538462638855,0.0685780867934227,5,,,,,,2026
full_cycle1,58,actor,0.8931538462638855,0.0685780867934227,5,,,,,,2026
full_cycle1,58,zero,-0.8812707662582397,-0.013832600554451346,5,,,,,,2026
full_cycle1,58,random,-1.0026495456695557,-0.03960104659199715,5,,,,,,2026
full_cycle1,58,shuffled,-1.1472375392913818,-0.06357178464531898,5,,,,,,2026
full_cycle1,58,perturb_0.25sigma,0.8590999841690063,0.06193159520626068,5,,,,,,2026
full_cycle1,58,perturb_0.5sigma,-0.40058988332748413,0.03661659825593233,5,,,,,,2026
full_cycle1,58,perturb_1sigma,0.14463353157043457,0.0196439940482378,5,,,,,,2026
full_cycle1,58,perturb_2sigma,-0.448001503944397,-0.040185004472732544,5,,,,,,2026
full_cycle1,59,supervised,0.6966236233711243,0.03709385171532631,5,,,,,,2026
full_cycle1,59,actor,0.6966236233711243,0.03709385171532631,5,,,,,,2026
full_cycle1,59,zero,-1.3442957401275635,-0.16042833030223846,5,,,,,,2026
full_cycle1,59,random,-1.441725254058838,-0.187640979886055,5,,,,,,2026
full_cycle1,59,shuffled,-1.535104513168335,-0.23038522899150848,5,,,,,,2026
full_cycle1,59,perturb_0.25sigma,0.7171992659568787,0.0357181616127491,5,,,,,,2026
full_cycle1,59,perturb_0.5sigma,0.04875361919403076,-0.0132231330499053,5,,,,,,2026
full_cycle1,59,perturb_1sigma,-0.4293822646141052,-0.04756000638008118,5,,,,,,2026
full_cycle1,59,perturb_2sigma,-1.1009371280670166,-0.08260686695575714,5,,,,,,2026
full_cycle1,60,supervised,2.2674663066864014,0.02850756235420704,5,,,,,,2026
full_cycle1,60,actor,2.2674663066864014,0.02850756235420704,5,,,,,,2026
full_cycle1,60,zero,1.5653027296066284,0.024209159892052412,5,,,,,,2026
full_cycle1,60,random,1.6807618141174316,0.02459538565017283,5,,,,,,2026
full_cycle1,60,shuffled,1.210538387298584,0.02110272494610399,5,,,,,,2026
full_cycle1,60,perturb_0.25sigma,2.254317045211792,0.02876824839040637,5,,,,,,2026
full_cycle1,60,perturb_0.5sigma,2.262932300567627,0.027196311857551336,5,,,,,,2026
full_cycle1,60,perturb_1sigma,2.1846511363983154,0.03009005729109049,5,,,,,,2026
full_cycle1,60,perturb_2sigma,2.238096237182617,0.029582233633846045,5,,,,,,2026
full_cycle1,61,supervised,2.23064923286438,0.022964368108659983,5,,,,,,2026
full_cycle1,61,actor,2.23064923286438,0.022964368108659983,5,,,,,,2026
full_cycle1,61,zero,1.3753737211227417,0.018775133416056633,5,,,,,,2026
full_cycle1,61,random,1.5928857326507568,0.019124981481581926,5,,,,,,2026
full_cycle1,61,shuffled,1.0454292297363281,0.015539281419478357,5,,,,,,2026
full_cycle1,61,perturb_0.25sigma,2.2507948875427246,0.021966829895973206,5,,,,,,2026
full_cycle1,61,perturb_0.5sigma,2.1421968936920166,0.0248439721763134,5,,,,,,2026
full_cycle1,61,perturb_1sigma,2.102998971939087,0.0253488183952868,5,,,,,,2026
full_cycle1,61,perturb_2sigma,2.045816659927368,0.026354788802564144,5,,,,,,2026
full_cycle1,62,supervised,2.1402292251586914,0.01733367284759879,5,,,,,,2026
full_cycle1,62,actor,2.1402292251586914,0.01733367284759879,5,,,,,,2026
full_cycle1,62,zero,1.0850189924240112,0.013261991320177913,5,,,,,,2026
full_cycle1,62,random,1.4023644924163818,0.013438022695481777,5,,,,,,2026
full_cycle1,62,shuffled,0.7734877467155457,0.009891000459901989,5,,,,,,2026
full_cycle1,62,perturb_0.25sigma,2.1232004165649414,0.01665855897590518,5,,,,,,2026
full_cycle1,62,perturb_0.5sigma,2.14162015914917,0.014660074142739177,5,,,,,,2026
full_cycle1,62,perturb_1sigma,1.8728816509246826,0.014609248843044043,5,,,,,,2026
full_cycle1,62,perturb_2sigma,2.0340394973754883,0.012055358150973916,5,,,,,,2026
full_cycle1,63,supervised,1.9165372848510742,0.011605174746364355,5,,,,,,2026
full_cycle1,63,actor,1.9165372848510742,0.011605174746364355,5,,,,,,2026
full_cycle1,63,zero,0.6045631170272827,0.007686814293265343,5,,,,,,2026
full_cycle1,63,random,1.5690202713012695,0.006971408263780177,5,,,,,,2026
full_cycle1,63,shuffled,0.2304992377758026,0.004185179364867508,5,,,,,,2026
full_cycle1,63,perturb_0.25sigma,1.879223108291626,0.00975540978834033,5,,,,,,2026
full_cycle1,63,perturb_0.5sigma,1.5696192979812622,0.013333769980818033,5,,,,,,2026
full_cycle1,63,perturb_1sigma,1.7528953552246094,0.008613546844571829,5,,,,,,2026
full_cycle1,63,perturb_2sigma,1.8005484342575073,0.01308099739253521,5,,,,,,2026
full_cycle1,64,supervised,1.3091979026794434,0.005783152766525745,5,,,,,,2026
full_cycle1,64,actor,1.3091979026794434,0.005783152766525745,5,,,,,,2026
full_cycle1,64,zero,-0.15175631642341614,0.002102370373904705,5,,,,,,2026
full_cycle1,64,random,1.1133532524108887,0.000883585074916482,5,,,,,,2026
full_cycle1,64,shuffled,-0.564133882522583,-0.0015232726000249386,5,,,,,,2026
full_cycle1,64,perturb_0.25sigma,1.3438218832015991,0.005368953570723534,5,,,,,,2026
full_cycle1,64,perturb_0.5sigma,1.123024582862854,0.005365979392081499,5,,,,,,2026
full_cycle1,64,perturb_1sigma,1.1137646436691284,0.0069662476889789104,5,,,,,,2026
full_cycle1,64,perturb_2sigma,1.0342841148376465,0.002812354126945138,5,,,,,,2026
full_cycle1,65,supervised,2.6593804359436035,0.008147332060616463,5,,,,,,2026
full_cycle1,65,actor,2.6593804359436035,0.008147332060616463,5,,,,,,2026
full_cycle1,65,zero,1.8924400806427002,0.014018293644767255,5,,,,,,2026
full_cycle1,65,random,2.1638081073760986,0.014003612770466134,5,,,,,,2026
full_cycle1,65,shuffled,1.4747085571289062,0.008424855477642268,5,,,,,,2026
full_cycle1,65,perturb_0.25sigma,2.648723840713501,0.009254910386516713,5,,,,,,2026
full_cycle1,65,perturb_0.5sigma,2.098484516143799,0.013111842359649017,5,,,,,,2026
full_cycle1,65,perturb_1sigma,2.43979549407959,0.006790577404899523,5,,,,,,2026
full_cycle1,65,perturb_2sigma,2.1057028770446777,0.006087262700020801,5,,,,,,2026
full_cycle1,66,supervised,2.6844096183776855,0.006869030476082116,5,,,,,,2026
full_cycle1,66,actor,2.6844096183776855,0.006869030476082116,5,,,,,,2026
full_cycle1,66,zero,1.6439732313156128,0.012902319780550897,5,,,,,,2026
full_cycle1,66,random,2.651414632797241,0.009780510794371367,5,,,,,,2026
full_cycle1,66,shuffled,1.2336444854736328,0.006645021843723953,5,,,,,,2026
full_cycle1,66,perturb_0.25sigma,2.569399356842041,0.006635628116782755,5,,,,,,2026
full_cycle1,66,perturb_0.5sigma,2.6012015342712402,0.006570807425305247,5,,,,,,2026
full_cycle1,66,perturb_1sigma,1.6584410667419434,0.006795758527005091,5,,,,,,2026
full_cycle1,66,perturb_2sigma,1.5650334358215332,0.012036781059578061,5,,,,,,2026
full_cycle1,67,supervised,2.3766441345214844,0.005637080525048077,5,,,,,,2026
full_cycle1,67,actor,2.3766441345214844,0.005637080525048077,5,,,,,,2026
full_cycle1,67,zero,1.22909677028656,0.011609825189225376,5,,,,,,2026
full_cycle1,67,random,1.4867733716964722,0.012146991910412908,5,,,,,,2026
full_cycle1,67,shuffled,0.8183132410049438,0.0046848227066220716,5,,,,,,2026
full_cycle1,67,perturb_0.25sigma,2.6815097332000732,0.007819344755262136,5,,,,,,2026
full_cycle1,67,perturb_0.5sigma,2.695603132247925,0.007927969796583056,5,,,,,,2026
full_cycle1,67,perturb_1sigma,1.9908905029296875,0.004947107168845832,5,,,,,,2026
full_cycle1,67,perturb_2sigma,2.013575792312622,0.008768991101533175,5,,,,,,2026
full_cycle1,68,supervised,1.895932912826538,0.004244722658768296,5,,,,,,2026
full_cycle1,68,actor,1.895932912826538,0.004244722658768296,5,,,,,,2026
full_cycle1,68,zero,0.5068220496177673,0.009934772737324238,5,,,,,,2026
full_cycle1,68,random,2.3654654026031494,0.00531419541221112,5,,,,,,2026
full_cycle1,68,shuffled,0.14316752552986145,0.002363157967920415,5,,,,,,2026
full_cycle1,68,perturb_0.25sigma,2.1068215370178223,0.007457145722582936,5,,,,,,2026
full_cycle1,68,perturb_0.5sigma,1.6021580696105957,0.008154968381859362,5,,,,,,2026
full_cycle1,68,perturb_1sigma,1.7365005016326904,0.004171934677287936,5,,,,,,2026
full_cycle1,68,perturb_2sigma,1.4163787364959717,0.003357844310812652,5,,,,,,2026
full_cycle1,69,supervised,0.8809401988983154,0.0024572485126554966,5,,,,,,2026
full_cycle1,69,actor,0.8809401988983154,0.0024572485126554966,5,,,,,,2026
full_cycle1,69,zero,-0.39190179109573364,0.007641792297363281,5,,,,,,2026
full_cycle1,69,random,-0.35158759355545044,0.00827037077397108,5,,,,,,2026
full_cycle1,69,shuffled,-0.6365459561347961,-0.0005461131222546101,5,,,,,,2026
full_cycle1,69,perturb_0.25sigma,1.6248259544372559,0.0044086892157793045,5,,,,,,2026
full_cycle1,69,perturb_0.5sigma,1.2053706645965576,0.0025887645315378904,5,,,,,,2026
full_cycle1,69,perturb_1sigma,-0.4593098759651184,0.0013991158921271563,5,,,,,,2026
full_cycle1,69,perturb_2sigma,0.5152468681335449,0.0013333108508959413,5,,,,,,2026
full_cycle1,70,supervised,2.6593804359436035,0.008147332060616463,5,,,,,,2026
full_cycle1,70,actor,2.6593804359436035,0.008147332060616463,5,,,,,,2026
full_cycle1,70,zero,1.8924400806427002,0.014018293644767255,5,,,,,,2026
full_cycle1,70,random,2.264366388320923,0.012575248925713822,5,,,,,,2026
full_cycle1,70,shuffled,1.4747085571289062,0.008424855477642268,5,,,,,,2026
full_cycle1,70,perturb_0.25sigma,2.5381343364715576,0.007024376638582908,5,,,,,,2026
full_cycle1,70,perturb_0.5sigma,2.352468252182007,0.011706726247211918,5,,,,,,2026
full_cycle1,70,perturb_1sigma,1.9248000383377075,0.013941494864411652,5,,,,,,2026
full_cycle1,70,perturb_2sigma,1.9588603973388672,0.011094357236288488,5,,,,,,2026
full_cycle1,71,supervised,2.0239131450653076,0.033877355977892876,5,,,,,,2026
full_cycle1,71,actor,2.0239131450653076,0.033877355977892876,5,,,,,,2026
full_cycle1,71,zero,1.5005985498428345,0.027964442095253617,5,,,,,,2026
full_cycle1,71,random,1.5710475444793701,0.028120458940975368,5,,,,,,2026
full_cycle1,71,shuffled,1.1477108001708984,0.026507358823437244,5,,,,,,2026
full_cycle1,71,perturb_0.25sigma,2.046351194381714,0.033848462626338005,5,,,,,,2026
full_cycle1,71,perturb_0.5sigma,2.033813238143921,0.03388078976422548,5,,,,,,2026
full_cycle1,71,perturb_1sigma,2.0196728706359863,0.03388552600517869,5,,,,,,2026
full_cycle1,71,perturb_2sigma,2.115220308303833,0.03376236977055669,5,,,,,,2026
full_cycle1,72,supervised,1.94069504737854,0.027280624955892563,5,,,,,,2026
full_cycle1,72,actor,1.94069504737854,0.027280624955892563,5,,,,,,2026
full_cycle1,72,zero,1.3216848373413086,0.021316250320523977,5,,,,,,2026
full_cycle1,72,random,1.0510181188583374,0.020406571733474266,5,,,,,,2026
full_cycle1,72,shuffled,1.0226147174835205,0.019811726117040962,5,,,,,,2026
full_cycle1,72,perturb_0.25sigma,1.9763725996017456,0.02725670812651515,5,,,,,,2026
full_cycle1,72,perturb_0.5sigma,1.9622550010681152,0.027200344018638134,5,,,,,,2026
full_cycle1,72,perturb_1sigma,2.0534956455230713,0.026965031400322914,5,,,,,,2026
full_cycle1,72,perturb_2sigma,1.9532091617584229,0.027049001306295395,5,,,,,,2026
full_cycle1,73,supervised,1.7845333814620972,0.02057484071701765,5,,,,,,2026
full_cycle1,73,actor,1.7845333814620972,0.02057484071701765,5,,,,,,2026
full_cycle1,73,zero,1.0523945093154907,0.014575575885828584,5,,,,,,2026
full_cycle1,73,random,1.7835562229156494,0.01626102952286601,5,,,,,,2026
full_cycle1,73,shuffled,0.7928986549377441,0.013027369743213058,5,,,,,,2026
full_cycle1,73,perturb_0.25sigma,1.7961187362670898,0.020570342428982258,5,,,,,,2026
full_cycle1,73,perturb_0.5sigma,1.7272655963897705,0.020565723534673452,5,,,,,,2026
full_cycle1,73,perturb_1sigma,1.737872838973999,0.020580404438078403,5,,,,,,2026
full_cycle1,73,perturb_2sigma,1.7018799781799316,0.020456080324947834,5,,,,,,2026
full_cycle1,74,supervised,1.4938349723815918,0.01377930911257863,5,,,,,,2026
full_cycle1,74,actor,1.4938349723815918,0.01377930911257863,5,,,,,,2026
full_cycle1,74,zero,0.6232917308807373,0.007759238942526281,5,,,,,,2026
full_cycle1,74,random,0.5002636909484863,0.007452379970345646,5,,,,,,2026
full_cycle1,74,shuffled,0.36519157886505127,0.006177014438435435,5,,,,,,2026
full_cycle1,74,perturb_0.25sigma,1.4922358989715576,0.013780256267637014,5,,,,,,2026
full_cycle1,74,perturb_0.5sigma,1.469312310218811,0.013762141577899456,5,,,,,,2026
full_cycle1,74,perturb_1sigma,1.5668981075286865,0.013748174998909235,5,,,,,,2026
full_cycle1,74,perturb_2sigma,1.3899009227752686,0.012930089607834816,5,,,,,,2026
full_cycle1,75,supervised,0.8853482007980347,0.006917239166796207,5,,,,,,2026
full_cycle1,75,actor,0.8853482007980347,0.006917239166796207,5,,,,,,2026
full_cycle1,75,zero,-0.0016529262065887451,0.0008793215383775532,5,,,,,,2026
full_cycle1,75,random,0.026026159524917603,0.0008988545159809291,5,,,,,,2026
full_cycle1,75,shuffled,-0.37111008167266846,-0.0007316678529605269,5,,,,,,2026
full_cycle1,75,perturb_0.25sigma,0.916985034942627,0.0069032697938382626,5,,,,,,2026
full_cycle1,75,perturb_0.5sigma,0.7998065948486328,0.006895100232213736,5,,,,,,2026
full_cycle1,75,perturb_1sigma,1.0068737268447876,0.006611879914999008,5,,,,,,2026
full_cycle1,75,perturb_2sigma,0.04119991883635521,0.0014896675711497664,5,,,,,,2026
full_cycle1,76,supervised,1.2599248886108398,0.03768057422712445,5,,,,,,2026
full_cycle1,76,actor,1.2599248886108398,0.03768057422712445,5,,,,,,2026
full_cycle1,76,zero,0.42181509733200073,0.039319292176514864,5,,,,,,2026
full_cycle1,76,random,1.2446569204330444,0.0354147661710158,5,,,,,,2026
full_cycle1,76,shuffled,0.16170525550842285,0.03797581256367266,5,,,,,,2026
full_cycle1,76,perturb_0.25sigma,1.2576282024383545,0.03767826035618782,5,,,,,,2026
full_cycle1,76,perturb_0.5sigma,0.8638176918029785,0.038629697635769844,5,,,,,,2026
full_cycle1,76,perturb_1sigma,0.533117413520813,0.0393057600595057,5,,,,,,2026
full_cycle1,76,perturb_2sigma,0.4400319755077362,0.03973109042271972,5,,,,,,2026
full_cycle1,77,supervised,0.997657835483551,0.031080402433872223,5,,,,,,2026
full_cycle1,77,actor,0.997657835483551,0.031080402433872223,5,,,,,,2026
full_cycle1,77,zero,0.08062737435102463,0.03298999392427504,5,,,,,,2026
full_cycle1,77,random,0.865756630897522,0.031396735459566116,5,,,,,,2026
full_cycle1,77,shuffled,-0.15898430347442627,0.03256558743305504,5,,,,,,2026
full_cycle1,77,perturb_0.25sigma,0.8587803840637207,0.03124789521098137,5,,,,,,2026
full_cycle1,77,perturb_0.5sigma,1.0730773210525513,0.02924621058627963,5,,,,,,2026
full_cycle1,77,perturb_1sigma,0.45928558707237244,0.03206604020670056,5,,,,,,2026
full_cycle1,77,perturb_2sigma,-0.21964624524116516,0.032180054346099496,5,,,,,,2026
full_cycle1,78,supervised,0.7443654537200928,0.02407565526664257,5,,,,,,2026
full_cycle1,78,actor,0.7443654537200928,0.02407565526664257,5,,,,,,2026
full_cycle1,78,zero,-0.33279889822006226,0.026275803335011005,5,,,,,,2026
full_cycle1,78,random,-0.47364872694015503,0.026741235051304102,5,,,,,,2026
full_cycle1,78,shuffled,-0.5817791223526001,0.0270139304921031,5,,,,,,2026
full_cycle1,78,perturb_0.25sigma,0.9904054999351501,0.023882222827523947,5,,,,,,2026
full_cycle1,78,perturb_0.5sigma,0.9363481998443604,0.023969608824700117,5,,,,,,2026
full_cycle1,78,perturb_1sigma,0.11691921204328537,0.02458372013643384,5,,,,,,2026
full_cycle1,78,perturb_2sigma,-0.07132355123758316,0.01493273489177227,5,,,,,,2026
full_cycle1,79,supervised,0.29680344462394714,0.01659722812473774,5,,,,,,2026
full_cycle1,79,actor,0.29680344462394714,0.01659722812473774,5,,,,,,2026
full_cycle1,79,zero,-0.8902784585952759,0.019094415940344334,5,,,,,,2026
full_cycle1,79,random,0.8748018145561218,0.01623158622533083,5,,,,,,2026
full_cycle1,79,shuffled,-1.099719762802124,0.021263400558382273,5,,,,,,2026
full_cycle1,79,perturb_0.25sigma,0.23768308758735657,0.016636278480291367,5,,,,,,2026
full_cycle1,79,perturb_0.5sigma,0.7924418449401855,0.016439196653664112,5,,,,,,2026
full_cycle1,79,perturb_1sigma,-0.07714883238077164,0.012785612838342786,5,,,,,,2026
full_cycle1,79,perturb_2sigma,-0.8758723735809326,0.018881794065237045,5,,,,,,2026
full_cycle1,-1,summary,,,5,,0.41218487394957987,0.680495666306283,0.0625,0.1,2026
td3_bc,0,supervised,1.858739972114563,0.04495709063485265,5,,,,,,2026
td3_bc,0,actor,1.858739972114563,0.04495709063485265,5,,,,,,2026
td3_bc,0,zero,1.5900226831436157,0.04791470384225249,5,,,,,,2026
td3_bc,0,random,1.6101014614105225,0.04771526250988245,5,,,,,,2026
td3_bc,0,shuffled,1.481400489807129,0.04546396294608712,5,,,,,,2026
td3_bc,0,perturb_0.25sigma,1.6386231184005737,0.04745211964473128,5,,,,,,2026
td3_bc,0,perturb_0.5sigma,1.5642951726913452,0.04765221523120999,5,,,,,,2026
td3_bc,0,perturb_1sigma,1.8128658533096313,0.038183588068932295,5,,,,,,2026
td3_bc,0,perturb_2sigma,1.5819240808486938,0.04784665955230594,5,,,,,,2026
td3_bc,1,supervised,1.8115127086639404,0.03747869608923793,5,,,,,,2026
td3_bc,1,actor,1.8115127086639404,0.03747869608923793,5,,,,,,2026
td3_bc,1,zero,1.4487826824188232,0.04044357780367136,5,,,,,,2026
td3_bc,1,random,1.4802950620651245,0.04028617078438401,5,,,,,,2026
td3_bc,1,shuffled,1.3291079998016357,0.03705484326928854,5,,,,,,2026
td3_bc,1,perturb_0.25sigma,1.7526065111160278,0.03800499578937888,5,,,,,,2026
td3_bc,1,perturb_0.5sigma,2.2180325984954834,0.0347196226939559,5,,,,,,2026
td3_bc,1,perturb_1sigma,2.083765745162964,0.036074580159038305,5,,,,,,2026
td3_bc,1,perturb_2sigma,1.3827793598175049,0.03950614761561155,5,,,,,,2026
td3_bc,2,supervised,1.7701764106750488,0.029329225420951843,5,,,,,,2026
td3_bc,2,actor,1.7701764106750488,0.029329225420951843,5,,,,,,2026
td3_bc,2,zero,1.1704102754592896,0.03223216161131859,5,,,,,,2026
td3_bc,2,random,0.7175498604774475,0.017823825823143125,5,,,,,,2026
td3_bc,2,shuffled,1.013441562652588,0.027741595171391964,5,,,,,,2026
td3_bc,2,perturb_0.25sigma,1.5950021743774414,0.03015143983066082,5,,,,,,2026
td3_bc,2,perturb_0.5sigma,1.3922947645187378,0.031553858891129494,5,,,,,,2026
td3_bc,2,perturb_1sigma,1.1148604154586792,0.0319645581766963,5,,,,,,2026
td3_bc,2,perturb_2sigma,0.9987889528274536,0.02551269717514515,5,,,,,,2026
td3_bc,3,supervised,1.4391696453094482,0.020440266467630863,5,,,,,,2026
td3_bc,3,actor,1.4391696453094482,0.020440266467630863,5,,,,,,2026
td3_bc,3,zero,0.5333413481712341,0.023184419609606266,5,,,,,,2026
td3_bc,3,random,0.4491191506385803,0.021879221312701702,5,,,,,,2026
td3_bc,3,shuffled,0.36147886514663696,0.01746730087324977,5,,,,,,2026
td3_bc,3,perturb_0.25sigma,0.8934487104415894,0.022390483878552914,5,,,,,,2026
td3_bc,3,perturb_0.5sigma,0.6315391063690186,0.023119140416383743,5,,,,,,2026
td3_bc,3,perturb_1sigma,0.9143720269203186,0.016617046669125557,5,,,,,,2026
td3_bc,3,perturb_2sigma,0.5915735960006714,0.021903024055063725,5,,,,,,2026
td3_bc,4,supervised,0.7524911761283875,0.010715012438595295,5,,,,,,2026
td3_bc,4,actor,0.7524911761283875,0.010715012438595295,5,,,,,,2026
td3_bc,4,zero,-0.20739668607711792,0.01314033754169941,5,,,,,,2026
td3_bc,4,random,-0.7524641752243042,-0.004751727916300297,5,,,,,,2026
td3_bc,4,shuffled,-0.42183148860931396,0.0061532859690487385,5,,,,,,2026
td3_bc,4,perturb_0.25sigma,0.731774628162384,0.009336761198937893,5,,,,,,2026
td3_bc,4,perturb_0.5sigma,1.2001298666000366,0.009570692665874958,5,,,,,,2026
td3_bc,4,perturb_1sigma,0.9470647573471069,0.010214583948254585,5,,,,,,2026
td3_bc,4,perturb_2sigma,0.6840624809265137,0.009915059432387352,5,,,,,,2026
td3_bc,5,supervised,1.858739972114563,0.04495709063485265,5,,,,,,2026
td3_bc,5,actor,1.858739972114563,0.04495709063485265,5,,,,,,2026
td3_bc,5,zero,1.5900226831436157,0.04791470384225249,5,,,,,,2026
td3_bc,5,random,1.280229091644287,0.03807108270120807,5,,,,,,2026
td3_bc,5,shuffled,1.481400489807129,0.04546396294608712,5,,,,,,2026
td3_bc,5,perturb_0.25sigma,1.6915136575698853,0.04680208582431078,5,,,,,,2026
td3_bc,5,perturb_0.5sigma,1.5001872777938843,0.04707784578204155,5,,,,,,2026
td3_bc,5,perturb_1sigma,2.219365358352661,0.04156888881698251,5,,,,,,2026
td3_bc,5,perturb_2sigma,1.044174075126648,0.03314454248175025,5,,,,,,2026
td3_bc,6,supervised,1.7927405834197998,0.037407530937343836,5,,,,,,2026
td3_bc,6,actor,1.7927405834197998,0.037407530937343836,5,,,,,,2026
td3_bc,6,zero,1.4228191375732422,0.04041109140962362,5,,,,,,2026
td3_bc,6,random,1.217776894569397,0.03256332012824714,5,,,,,,2026
td3_bc,6,shuffled,1.3040374517440796,0.037199169397354126,5,,,,,,2026
td3_bc,6,perturb_0.25sigma,1.7176162004470825,0.03801513370126486,5,,,,,,2026
td3_bc,6,perturb_0.5sigma,2.1214635372161865,0.03532736375927925,5,,,,,,2026
td3_bc,6,perturb_1sigma,2.183257818222046,0.033452922478318214,5,,,,,,2026
td3_bc,6,perturb_2sigma,2.3077332973480225,0.03289422858506441,5,,,,,,2026
td3_bc,7,supervised,1.7461451292037964,0.029031439684331417,5,,,,,,2026
td3_bc,7,actor,1.7461451292037964,0.029031439684331417,5,,,,,,2026
td3_bc,7,zero,1.0893702507019043,0.031845916993916035,5,,,,,,2026
td3_bc,7,random,1.5940438508987427,0.024889648891985416,5,,,,,,2026
td3_bc,7,shuffled,0.9352890253067017,0.02752251923084259,5,,,,,,2026
td3_bc,7,perturb_0.25sigma,2.240906000137329,0.026619193144142628,5,,,,,,2026
td3_bc,7,perturb_0.5sigma,1.0041059255599976,0.03082961216568947,5,,,,,,2026
td3_bc,7,perturb_1sigma,1.1492878198623657,0.023043114226311445,5,,,,,,2026
td3_bc,7,perturb_2sigma,1.7968353033065796,0.02526793535798788,5,,,,,,2026
td3_bc,8,supervised,1.2366490364074707,0.02004911843687296,5,,,,,,2026
td3_bc,8,actor,1.2366490364074707,0.02004911843687296,5,,,,,,2026
td3_bc,8,zero,0.42889678478240967,0.022690393030643463,5,,,,,,2026
td3_bc,8,random,0.3651479482650757,0.02256343513727188,5,,,,,,2026
td3_bc,8,shuffled,0.2804383635520935,0.017353273928165436,5,,,,,,2026
td3_bc,8,perturb_0.25sigma,0.8962040543556213,0.021246420219540596,5,,,,,,2026
td3_bc,8,perturb_0.5sigma,0.34610146284103394,0.020869589410722256,5,,,,,,2026
td3_bc,8,perturb_1sigma,0.4869505763053894,0.014082688838243484,5,,,,,,2026
td3_bc,8,perturb_2sigma,-0.1215776726603508,0.004992777481675148,5,,,,,,2026
td3_bc,9,supervised,0.47446340322494507,0.010262028314173222,5,,,,,,2026
td3_bc,9,actor,0.47446340322494507,0.010262028314173222,5,,,,,,2026
td3_bc,9,zero,-0.19936811923980713,0.012681384570896626,5,,,,,,2026
td3_bc,9,random,-0.04051070660352707,0.01116273645311594,5,,,,,,2026
td3_bc,9,shuffled,-0.3920273184776306,0.006247709039598703,5,,,,,,2026
td3_bc,9,perturb_0.25sigma,-0.029223613440990448,0.012507393024861813,5,,,,,,2026
td3_bc,9,perturb_0.5sigma,-0.0834529921412468,0.01247101929038763,5,,,,,,2026
td3_bc,9,perturb_1sigma,-0.23453289270401,0.012407324276864529,5,,,,,,2026
td3_bc,9,perturb_2sigma,-0.31795114278793335,0.004521224647760391,5,,,,,,2026
td3_bc,10,supervised,2.0247368812561035,0.034698042552918196,5,,,,,,2026
td3_bc,10,actor,2.0247368812561035,0.034698042552918196,5,,,,,,2026
td3_bc,10,zero,1.4697787761688232,0.02906800084747374,5,,,,,,2026
td3_bc,10,random,1.3562308549880981,0.02833756140898913,5,,,,,,2026
td3_bc,10,shuffled,0.9281858205795288,0.02624544478021562,5,,,,,,2026
td3_bc,10,perturb_0.25sigma,2.026517868041992,0.03390718763694167,5,,,,,,2026
td3_bc,10,perturb_0.5sigma,2.0114479064941406,0.034553118981420994,5,,,,,,2026
td3_bc,10,perturb_1sigma,1.9603430032730103,0.03325546393170953,5,,,,,,2026
td3_bc,10,perturb_2sigma,1.8116761445999146,0.03702453104779124,5,,,,,,2026
td3_bc,11,supervised,1.909180760383606,0.028021012898534536,5,,,,,,2026
td3_bc,11,actor,1.909180760383606,0.028021012898534536,5,,,,,,2026
td3_bc,11,zero,1.3044286966323853,0.022393243038095534,5,,,,,,2026
td3_bc,11,random,1.2154874801635742,0.021864582668058574,5,,,,,,2026
td3_bc,11,shuffled,0.8291576504707336,0.019465955323539674,5,,,,,,2026
td3_bc,11,perturb_0.25sigma,1.90471613407135,0.027948093600571156,5,,,,,,2026
td3_bc,11,perturb_0.5sigma,1.8945015668869019,0.0269125085324049,5,,,,,,2026
td3_bc,11,perturb_1sigma,1.7366758584976196,0.02888139896094799,5,,,,,,2026
td3_bc,11,perturb_2sigma,1.878696084022522,0.023881062865257263,5,,,,,,2026
td3_bc,12,supervised,1.6989949941635132,0.021130294539034367,5,,,,,,2026
td3_bc,12,actor,1.6989949941635132,0.021130294539034367,5,,,,,,2026
td3_bc,12,zero,1.0184370279312134,0.015582538559101522,5,,,,,,2026
td3_bc,12,random,0.594298243522644,0.01279020169749856,5,,,,,,2026
td3_bc,12,shuffled,0.6074995994567871,0.012546884594485164,5,,,,,,2026
td3_bc,12,perturb_0.25sigma,1.6865606307983398,0.021742199547588825,5,,,,,,2026
td3_bc,12,perturb_0.5sigma,1.5425468683242798,0.022617869544774294,5,,,,,,2026
td3_bc,12,perturb_1sigma,1.6120506525039673,0.020852554589509964,5,,,,,,2026
td3_bc,12,perturb_2sigma,0.9201220273971558,0.015329295885749161,5,,,,,,2026
td3_bc,13,supervised,1.3418320417404175,0.01412841398268938,5,,,,,,2026
td3_bc,13,actor,1.3418320417404175,0.01412841398268938,5,,,,,,2026
td3_bc,13,zero,0.553070604801178,0.00869959022384137,5,,,,,,2026
td3_bc,13,random,0.9910976886749268,0.009291471680626273,5,,,,,,2026
td3_bc,13,shuffled,0.14501893520355225,0.005554968491196632,5,,,,,,2026
td3_bc,13,perturb_0.25sigma,1.353416085243225,0.013382676988840103,5,,,,,,2026
td3_bc,13,perturb_0.5sigma,1.319316029548645,0.014097163919359446,5,,,,,,2026
td3_bc,13,perturb_1sigma,1.2705429792404175,0.014587925281375647,5,,,,,,2026
td3_bc,13,perturb_2sigma,1.301938533782959,0.015098556876182556,5,,,,,,2026
td3_bc,14,supervised,0.7939302921295166,0.007058111485093832,5,,,,,,2026
td3_bc,14,actor,0.7939302921295166,0.007058111485093832,5,,,,,,2026
td3_bc,14,zero,-0.018810119479894638,0.0018227777909487486,5,,,,,,2026
td3_bc,14,random,0.016208060085773468,0.0023187417536973953,5,,,,,,2026
td3_bc,14,shuffled,-0.48737284541130066,-0.0014225119957700372,5,,,,,,2026
td3_bc,14,perturb_0.25sigma,0.8068756461143494,0.007093030493706465,5,,,,,,2026
td3_bc,14,perturb_0.5sigma,0.5791887640953064,0.005465480964630842,5,,,,,,2026
td3_bc,14,perturb_1sigma,0.69684898853302,0.005717623513191938,5,,,,,,2026
td3_bc,14,perturb_2sigma,0.06216812506318092,0.001941644586622715,5,,,,,,2026
td3_bc,15,supervised,2.144740104675293,0.0033236753806704655,5,,,,,,2026
td3_bc,15,actor,2.144740104675293,0.0033236753806704655,5,,,,,,2026
td3_bc,15,zero,1.5018091201782227,0.006013420032104477,5,,,,,,2026
td3_bc,15,random,1.4141032695770264,0.004737138508062344,5,,,,,,2026
td3_bc,15,shuffled,1.1146109104156494,0.0015694769244873896,5,,,,,,2026
td3_bc,15,perturb_0.25sigma,2.086916208267212,0.0033798081713030115,5,,,,,,2026
td3_bc,15,perturb_0.5sigma,2.0146713256835938,0.003770383606024552,5,,,,,,2026
td3_bc,15,perturb_1sigma,1.9395493268966675,0.009720772854052484,5,,,,,,2026
td3_bc,15,perturb_2sigma,1.9620791673660278,0.0032035928161349148,5,,,,,,2026
td3_bc,16,supervised,2.075965642929077,0.0023072428593877703,5,,,,,,2026
td3_bc,16,actor,2.075965642929077,0.0023072428593877703,5,,,,,,2026
td3_bc,16,zero,1.3450959920883179,0.005364638145692879,5,,,,,,2026
td3_bc,16,random,1.2545599937438965,0.003933442225388717,5,,,,,,2026
td3_bc,16,shuffled,0.9985448122024536,0.0006084235938033089,5,,,,,,2026
td3_bc,16,perturb_0.25sigma,2.0549707412719727,0.0019160621450282633,5,,,,,,2026
td3_bc,16,perturb_0.5sigma,2.105893850326538,0.003081320523051545,5,,,,,,2026
td3_bc,16,perturb_1sigma,2.0032811164855957,0.002903975822846405,5,,,,,,2026
td3_bc,16,perturb_2sigma,1.7721052169799805,0.010365443900809623,5,,,,,,2026
td3_bc,17,supervised,1.9524163007736206,0.001613485481357202,5,,,,,,2026
td3_bc,17,actor,1.9524163007736206,0.001613485481357202,5,,,,,,2026
td3_bc,17,zero,1.0565245151519775,0.0048980100837070495,5,,,,,,2026
td3_bc,17,random,1.1855950355529785,0.005049639934441075,5,,,,,,2026
td3_bc,17,shuffled,0.7539067268371582,-0.0001703169837128371,5,,,,,,2026
td3_bc,17,perturb_0.25sigma,1.9606009721755981,0.0019205562421120703,5,,,,,,2026
td3_bc,17,perturb_0.5sigma,1.9039744138717651,0.0019565224065445364,5,,,,,,2026
td3_bc,17,perturb_1sigma,1.0063586235046387,0.0044034276506863534,5,,,,,,2026
td3_bc,17,perturb_2sigma,1.2628884315490723,0.00361404063005466,5,,,,,,2026
td3_bc,18,supervised,1.699123740196228,0.0011071335175074637,5,,,,,,2026
td3_bc,18,actor,1.699123740196228,0.0011071335175074637,5,,,,,,2026
td3_bc,18,zero,0.5718846321105957,0.00447430502390489,5,,,,,,2026
td3_bc,18,random,0.42227092385292053,0.0021080513251945376,5,,,,,,2026
td3_bc,18,shuffled,0.25525039434432983,-0.0009019777644425631,5,,,,,,2026
td3_bc,18,perturb_0.25sigma,1.6565351486206055,0.0010979624348692596,5,,,,,,2026
td3_bc,18,perturb_0.5sigma,1.0108799934387207,0.0022604696569032967,5,,,,,,2026
td3_bc,18,perturb_1sigma,1.3299556970596313,0.0014937605883460492,5,,,,,,2026
td3_bc,18,perturb_2sigma,0.9986470937728882,0.0026970867766067386,5,,,,,,2026
td3_bc,19,supervised,1.2502671480178833,0.0006287679425440729,5,,,,,,2026
td3_bc,19,actor,1.2502671480178833,0.0006287679425440729,5,,,,,,2026
td3_bc,19,zero,-0.09867048263549805,0.003940974827855825,5,,,,,,2026
td3_bc,19,random,-0.4770122468471527,-0.0017024344997480512,5,,,,,,2026
td3_bc,19,shuffled,-0.4102615714073181,-0.001734555815346539,5,,,,,,2026
td3_bc,19,perturb_0.25sigma,1.275328516960144,0.0005694387364201248,5,,,,,,2026
td3_bc,19,perturb_0.5sigma,0.4097203016281128,0.0038030254654586315,5,,,,,,2026
td3_bc,19,perturb_1sigma,0.7712275981903076,0.0005916954833082855,5,,,,,,2026
td3_bc,19,perturb_2sigma,-0.28727638721466064,0.0009573327261023223,5,,,,,,2026
td3_bc,20,supervised,1.772676706314087,0.06452241819351912,5,,,,,,2026
td3_bc,20,actor,1.772676706314087,0.06452241819351912,5,,,,,,2026
td3_bc,20,zero,1.9047657251358032,0.06428766064345837,5,,,,,,2026
td3_bc,20,random,2.3065543174743652,0.06301262974739075,5,,,,,,2026
td3_bc,20,shuffled,2.0497066974639893,0.06362710148096085,5,,,,,,2026
td3_bc,20,perturb_0.25sigma,1.9519797563552856,0.06439454946666956,5,,,,,,2026
td3_bc,20,perturb_0.5sigma,1.6649328470230103,0.06425267644226551,5,,,,,,2026
td3_bc,20,perturb_1sigma,1.5022188425064087,0.06125609576702118,5,,,,,,2026
td3_bc,20,perturb_2sigma,1.5980641841888428,0.06333883758634329,5,,,,,,2026
td3_bc,21,supervised,1.7960329055786133,0.05303541850298643,5,,,,,,2026
td3_bc,21,actor,1.7960329055786133,0.05303541850298643,5,,,,,,2026
td3_bc,21,zero,1.959135890007019,0.05300509091466665,5,,,,,,2026
td3_bc,21,random,1.0632550716400146,0.04174167936434969,5,,,,,,2026
td3_bc,21,shuffled,2.133580207824707,0.0527622839435935,5,,,,,,2026
td3_bc,21,perturb_0.25sigma,1.8781014680862427,0.053119570948183537,5,,,,,,2026
td3_bc,21,perturb_0.5sigma,1.5061906576156616,0.05237072426825762,5,,,,,,2026
td3_bc,21,perturb_1sigma,1.0278396606445312,0.041094104875810444,5,,,,,,2026
td3_bc,21,perturb_2sigma,1.2966238260269165,0.04917546175420284,5,,,,,,2026
td3_bc,22,supervised,1.8344674110412598,0.040793703868985176,5,,,,,,2026
td3_bc,22,actor,1.8344674110412598,0.040793703868985176,5,,,,,,2026
td3_bc,22,zero,2.0228817462921143,0.04101510997861624,5,,,,,,2026
td3_bc,22,random,1.585929036140442,0.04106753785163164,5,,,,,,2026
td3_bc,22,shuffled,2.221890449523926,0.041149052791297436,5,,,,,,2026
td3_bc,22,perturb_0.25sigma,1.31895911693573,0.04030090011656284,5,,,,,,2026
td3_bc,22,perturb_0.5sigma,1.5561259984970093,0.04056488163769245,5,,,,,,2026
td3_bc,22,perturb_1sigma,0.7358808517456055,0.03168592811562121,5,,,,,,2026
td3_bc,22,perturb_2sigma,0.8119518160820007,0.03605089336633682,5,,,,,,2026
td3_bc,23,supervised,1.9607585668563843,0.027857312932610512,5,,,,,,2026
td3_bc,23,actor,1.9607585668563843,0.027857312932610512,5,,,,,,2026
td3_bc,23,zero,2.044980764389038,0.02832531090825796,5,,,,,,2026
td3_bc,23,random,0.7561118006706238,0.026789176277816296,5,,,,,,2026
td3_bc,23,shuffled,1.947057843208313,0.028730335645377636,5,,,,,,2026
td3_bc,23,perturb_0.25sigma,1.80601167678833,0.027810247614979744,5,,,,,,2026
td3_bc,23,perturb_0.5sigma,2.0466015338897705,0.027705340646207333,5,,,,,,2026
td3_bc,23,perturb_1sigma,0.8547804355621338,0.02653659973293543,5,,,,,,2026
td3_bc,23,perturb_2sigma,0.5827717781066895,0.026805894449353218,5,,,,,,2026
td3_bc,24,supervised,0.7283422946929932,0.014260920695960522,5,,,,,,2026
td3_bc,24,actor,0.7283422946929932,0.014260920695960522,5,,,,,,2026
td3_bc,24,zero,0.5414034128189087,0.014908958226442337,5,,,,,,2026
td3_bc,24,random,-0.43050616979599,0.00804171059280634,5,,,,,,2026
td3_bc,24,shuffled,0.3004515469074249,0.015403399243950844,5,,,,,,2026
td3_bc,24,perturb_0.25sigma,0.4156671166419983,0.013829298317432404,5,,,,,,2026
td3_bc,24,perturb_0.5sigma,-0.3328847885131836,0.012113763019442558,5,,,,,,2026
td3_bc,24,perturb_1sigma,-0.9458165168762207,0.010945008136332035,5,,,,,,2026
td3_bc,24,perturb_2sigma,-0.980868935585022,0.011902602389454842,5,,,,,,2026
td3_bc,25,supervised,1.772676706314087,0.06452241819351912,5,,,,,,2026
td3_bc,25,actor,1.772676706314087,0.06452241819351912,5,,,,,,2026
td3_bc,25,zero,1.9047657251358032,0.06428766064345837,5,,,,,,2026
td3_bc,25,random,1.8824456930160522,0.06437585223466158,5,,,,,,2026
td3_bc,25,shuffled,2.0497066974639893,0.06362710148096085,5,,,,,,2026
td3_bc,25,perturb_0.25sigma,1.766858696937561,0.06453859433531761,5,,,,,,2026
td3_bc,25,perturb_0.5sigma,1.4932810068130493,0.06169979926198721,5,,,,,,2026
td3_bc,25,perturb_1sigma,2.2816619873046875,0.06143918912857771,5,,,,,,2026
td3_bc,25,perturb_2sigma,1.4486454725265503,0.05728853773325682,5,,,,,,2026
td3_bc,26,supervised,1.6989203691482544,0.05417247861623764,5,,,,,,2026
td3_bc,26,actor,1.6989203691482544,0.05417247861623764,5,,,,,,2026
td3_bc,26,zero,1.8723105192184448,0.05411237012594938,5,,,,,,2026
td3_bc,26,random,1.333801031112671,0.05172119848430157,5,,,,,,2026
td3_bc,26,shuffled,2.0713868141174316,0.05376513674855232,5,,,,,,2026
td3_bc,26,perturb_0.25sigma,1.8861068487167358,0.05414533242583275,5,,,,,,2026
td3_bc,26,perturb_0.5sigma,1.6178994178771973,0.053954494185745716,5,,,,,,2026
td3_bc,26,perturb_1sigma,1.4330445528030396,0.05347577854990959,5,,,,,,2026
td3_bc,26,perturb_2sigma,1.0322335958480835,0.04043564363382757,5,,,,,,2026
td3_bc,27,supervised,1.4114484786987305,0.042283326387405396,5,,,,,,2026
td3_bc,27,actor,1.4114484786987305,0.042283326387405396,5,,,,,,2026
td3_bc,27,zero,1.5740693807601929,0.042453340254724026,5,,,,,,2026
td3_bc,27,random,1.3085516691207886,0.04263689182698727,5,,,,,,2026
td3_bc,27,shuffled,1.7622770071029663,0.04246245324611664,5,,,,,,2026
td3_bc,27,perturb_0.25sigma,1.9057570695877075,0.0420300243422389,5,,,,,,2026
td3_bc,27,perturb_0.5sigma,1.2267080545425415,0.038412319496273994,5,,,,,,2026
td3_bc,27,perturb_1sigma,0.7607599496841431,0.030640593613497913,5,,,,,,2026
td3_bc,27,perturb_2sigma,1.0690282583236694,0.03746005054563284,5,,,,,,2026
td3_bc,28,supervised,0.8188357353210449,0.02930501289665699,5,,,,,,2026
td3_bc,28,actor,0.8188357353210449,0.02930501289665699,5,,,,,,2026
td3_bc,28,zero,0.9108431339263916,0.029694654047489166,5,,,,,,2026
td3_bc,28,random,0.37018173933029175,0.02865944430232048,5,,,,,,2026
td3_bc,28,shuffled,1.0056358575820923,0.029927410185337067,5,,,,,,2026
td3_bc,28,perturb_0.25sigma,0.8611716032028198,0.029278465546667576,5,,,,,,2026
td3_bc,28,perturb_0.5sigma,0.11237133294343948,0.018619999522343278,5,,,,,,2026
td3_bc,28,perturb_1sigma,0.7469738125801086,0.029219694435596466,5,,,,,,2026
td3_bc,28,perturb_2sigma,0.3640672564506531,0.028856907971203327,5,,,,,,2026
td3_bc,29,supervised,-0.1316431164741516,0.015080063603818417,5,,,,,,2026
td3_bc,29,actor,-0.1316431164741516,0.015080063603818417,5,,,,,,2026
td3_bc,29,zero,-0.17190420627593994,0.015665018931031227,5,,,,,,2026
td3_bc,29,random,-0.25253498554229736,0.014925764873623848,5,,,,,,2026
td3_bc,29,shuffled,-0.27070969343185425,0.015994500368833542,5,,,,,,2026
td3_bc,29,perturb_0.25sigma,0.2915383279323578,0.01459837518632412,5,,,,,,2026
td3_bc,29,perturb_0.5sigma,-0.35159537196159363,0.012668374925851822,5,,,,,,2026
td3_bc,29,perturb_1sigma,-0.4301287531852722,0.012140500359237194,5,,,,,,2026
td3_bc,29,perturb_2sigma,-0.7906846404075623,0.009425853379070759,5,,,,,,2026
td3_bc,30,supervised,2.139103412628174,0.005361930183426011,5,,,,,,2026
td3_bc,30,actor,2.139103412628174,0.005361930183426011,5,,,,,,2026
td3_bc,30,zero,1.4987181425094604,0.007250060938531533,5,,,,,,2026
td3_bc,30,random,1.32939612865448,0.004784953722264618,5,,,,,,2026
td3_bc,30,shuffled,1.0921483039855957,0.002985457016620785,5,,,,,,2026
td3_bc,30,perturb_0.25sigma,2.1351895332336426,0.005364175121940207,5,,,,,,2026
td3_bc,30,perturb_0.5sigma,2.125082492828369,0.006523866846691817,5,,,,,,2026
td3_bc,30,perturb_1sigma,2.124605894088745,0.00553270177624654,5,,,,,,2026
td3_bc,30,perturb_2sigma,1.5159212350845337,0.007223020511446521,5,,,,,,2026
td3_bc,31,supervised,2.064026355743408,0.003924870252376422,5,,,,,,2026
td3_bc,31,actor,2.064026355743408,0.003924870252376422,5,,,,,,2026
td3_bc,31,zero,1.340980887413025,0.0061940321465954185,5,,,,,,2026
td3_bc,31,random,1.39476478099823,0.006674566509900615,5,,,,,,2026
td3_bc,31,shuffled,0.9790395498275757,0.0016484713996760547,5,,,,,,2026
td3_bc,31,perturb_0.25sigma,2.052354097366333,0.003749583673197776,5,,,,,,2026
td3_bc,31,perturb_0.5sigma,1.9676474332809448,0.0031398021965287626,5,,,,,,2026
td3_bc,31,perturb_1sigma,1.4583935737609863,0.005711896548746154,5,,,,,,2026
td3_bc,31,perturb_2sigma,1.7925418615341187,0.011062951292842627,5,,,,,,2026
td3_bc,32,supervised,1.9256038665771484,0.002803877054248005,5,,,,,,2026
td3_bc,32,actor,1.9256038665771484,0.002803877054248005,5,,,,,,2026
td3_bc,32,zero,1.0521432161331177,0.005327054182998836,5,,,,,,2026
td3_bc,32,random,1.650601863861084,0.002729178115259856,5,,,,,,2026
td3_bc,32,shuffled,0.738754153251648,0.000499164976645261,5,,,,,,2026
td3_bc,32,perturb_0.25sigma,1.9191685914993286,0.0045993699750397354,5,,,,,,2026
td3_bc,32,perturb_0.5sigma,1.8560665845870972,0.002510288148187101,5,,,,,,2026
td3_bc,32,perturb_1sigma,1.3952912092208862,0.0036207976518198848,5,,,,,,2026
td3_bc,32,perturb_2sigma,1.862282156944275,0.002981369645567611,5,,,,,,2026
td3_bc,33,supervised,1.6560149192810059,0.0018749848823063076,5,,,,,,2026
td3_bc,33,actor,1.6560149192810059,0.0018749848823063076,5,,,,,,2026
td3_bc,33,zero,0.5709298849105835,0.004519295413047075,5,,,,,,2026
td3_bc,33,random,0.5316992402076721,0.0039072869112715125,5,,,,,,2026
td3_bc,33,shuffled,0.24610483646392822,-0.0005884142592549324,5,,,,,,2026
td3_bc,33,perturb_0.25sigma,1.6722689867019653,0.0024024377344176173,5,,,,,,2026
td3_bc,33,perturb_0.5sigma,1.6013541221618652,0.0018760692328214645,5,,,,,,2026
td3_bc,33,perturb_1sigma,1.2560349702835083,0.005636217829305679,5,,,,,,2026
td3_bc,33,perturb_2sigma,1.3049923181533813,0.002762496587820351,5,,,,,,2026
td3_bc,34,supervised,1.1914654970169067,0.0009933699620887637,5,,,,,,2026
td3_bc,34,actor,1.1914654970169067,0.0009933699620887637,5,,,,,,2026
td3_bc,34,zero,-0.09158667922019958,0.0036337459459900856,5,,,,,,2026
td3_bc,34,random,0.10478616505861282,0.0022705693263560534,5,,,,,,2026
td3_bc,34,shuffled,-0.415574848651886,-0.00174524390604347,5,,,,,,2026
td3_bc,34,perturb_0.25sigma,1.1992075443267822,0.001166031463071704,5,,,,,,2026
td3_bc,34,perturb_0.5sigma,1.2699731588363647,0.0014001005329191685,5,,,,,,2026
td3_bc,34,perturb_1sigma,0.08010625839233398,0.003853465896099806,5,,,,,,2026
td3_bc,34,perturb_2sigma,-0.39245814085006714,-0.0006376079400070012,5,,,,,,2026
td3_bc,35,supervised,1.7208997011184692,0.031511797569692135,5,,,,,,2026
td3_bc,35,actor,1.7208997011184692,0.031511797569692135,5,,,,,,2026
td3_bc,35,zero,1.3985569477081299,0.02600193565012887,5,,,,,,2026
td3_bc,35,random,1.3228685855865479,0.025798479677177966,5,,,,,,2026
td3_bc,35,shuffled,0.7535955309867859,0.024682029092218727,5,,,,,,2026
td3_bc,35,perturb_0.25sigma,1.6954808235168457,0.03151807654649019,5,,,,,,2026
td3_bc,35,perturb_0.5sigma,1.6749788522720337,0.03151546884328127,5,,,,,,2026
td3_bc,35,perturb_1sigma,1.6388195753097534,0.03149699047207832,5,,,,,,2026
td3_bc,35,perturb_2sigma,1.6984002590179443,0.031521156430244446,5,,,,,,2026
td3_bc,36,supervised,1.5349656343460083,0.025352986995130777,5,,,,,,2026
td3_bc,36,actor,1.5349656343460083,0.025352986995130777,5,,,,,,2026
td3_bc,36,zero,1.2131129503250122,0.019806555937975645,5,,,,,,2026
td3_bc,36,random,1.291366457939148,0.020265132072381675,5,,,,,,2026
td3_bc,36,shuffled,0.6457027196884155,0.018445541616529226,5,,,,,,2026
td3_bc,36,perturb_0.25sigma,1.505041241645813,0.025358909741044044,5,,,,,,2026
td3_bc,36,perturb_0.5sigma,1.4886113405227661,0.025344813242554665,5,,,,,,2026
td3_bc,36,perturb_1sigma,1.4518585205078125,0.02533272933214903,5,,,,,,2026
td3_bc,36,perturb_2sigma,1.4497277736663818,0.024164623580873013,5,,,,,,2026
td3_bc,37,supervised,1.2455741167068481,0.019110658671706915,5,,,,,,2026
td3_bc,37,actor,1.2455741167068481,0.019110658671706915,5,,,,,,2026
td3_bc,37,zero,0.9270411133766174,0.013537131017073989,5,,,,,,2026
td3_bc,37,random,0.7741130590438843,0.013121471623890102,5,,,,,,2026
td3_bc,37,shuffled,0.43175333738327026,0.012140375387389213,5,,,,,,2026
td3_bc,37,perturb_0.25sigma,1.2333093881607056,0.019107460044324398,5,,,,,,2026
td3_bc,37,perturb_0.5sigma,1.2646070718765259,0.019110066816210747,5,,,,,,2026
td3_bc,37,perturb_1sigma,1.2487752437591553,0.019132334738969803,5,,,,,,2026
td3_bc,37,perturb_2sigma,1.1515792608261108,0.018061448354274035,5,,,,,,2026
td3_bc,38,supervised,0.8190094828605652,0.012796901166439056,5,,,,,,2026
td3_bc,38,actor,0.8190094828605652,0.012796901166439056,5,,,,,,2026
td3_bc,38,zero,0.4831494092941284,0.007205394271295518,5,,,,,,2026
td3_bc,38,random,0.5165010690689087,0.00865213992074132,5,,,,,,2026
td3_bc,38,shuffled,-0.004939310252666473,0.005781786283478141,5,,,,,,2026
td3_bc,38,perturb_0.25sigma,0.8368777632713318,0.012766223400831223,5,,,,,,2026
td3_bc,38,perturb_0.5sigma,0.7801753282546997,0.012764563784003258,5,,,,,,2026
td3_bc,38,perturb_1sigma,0.7516484260559082,0.012767760083079338,5,,,,,,2026
td3_bc,38,perturb_2sigma,0.29500681161880493,0.006807005382142961,5,,,,,,2026
td3_bc,39,supervised,0.302352637052536,0.006428536493331194,5,,,,,,2026
td3_bc,39,actor,0.302352637052536,0.006428536493331194,5,,,,,,2026
td3_bc,39,zero,-0.031562916934490204,0.0008182196179404855,5,,,,,,2026
td3_bc,39,random,-0.10353731364011765,0.0006331019103527069,5,,,,,,2026
td3_bc,39,shuffled,-0.5566953420639038,-0.0006264543044380844,5,,,,,,2026
td3_bc,39,perturb_0.25sigma,0.30613863468170166,0.006423561368137598,5,,,,,,2026
td3_bc,39,perturb_0.5sigma,0.2866128087043762,0.006426640786230564,5,,,,,,2026
td3_bc,39,perturb_1sigma,0.2999555766582489,0.006346927490085363,5,,,,,,2026
td3_bc,39,perturb_2sigma,0.22134101390838623,0.0063803293742239475,5,,,,,,2026
td3_bc,40,supervised,2.060490608215332,0.026679894421249628,5,,,,,,2026
td3_bc,40,actor,2.060490608215332,0.026679894421249628,5,,,,,,2026
td3_bc,40,zero,1.4780404567718506,0.022793274372816086,5,,,,,,2026
td3_bc,40,random,1.4221980571746826,0.022302272613160312,5,,,,,,2026
td3_bc,40,shuffled,0.9658430814743042,0.019615214900113642,5,,,,,,2026
td3_bc,40,perturb_0.25sigma,2.0479578971862793,0.027008446864783764,5,,,,,,2026
td3_bc,40,perturb_0.5sigma,2.0015554428100586,0.028783320914953947,5,,,,,,2026
td3_bc,40,perturb_1sigma,2.0351977348327637,0.027759545017033815,5,,,,,,2026
td3_bc,40,perturb_2sigma,1.7375859022140503,0.024318608455359936,5,,,,,,2026
td3_bc,41,supervised,1.9590824842453003,0.02146410383284092,5,,,,,,2026
td3_bc,41,actor,1.9590824842453003,0.02146410383284092,5,,,,,,2026
td3_bc,41,zero,1.3155268430709839,0.01771133323200047,5,,,,,,2026
td3_bc,41,random,1.2522375583648682,0.017281579319387674,5,,,,,,2026
td3_bc,41,shuffled,0.8667757511138916,0.014396009617485106,5,,,,,,2026
td3_bc,41,perturb_0.25sigma,1.9116019010543823,0.01996034011244774,5,,,,,,2026
td3_bc,41,perturb_0.5sigma,1.9473828077316284,0.02303426619619131,5,,,,,,2026
td3_bc,41,perturb_1sigma,1.7753400802612305,0.01764701586216688,5,,,,,,2026
td3_bc,41,perturb_2sigma,1.8119663000106812,0.017857374623417854,5,,,,,,2026
td3_bc,42,supervised,1.77035391330719,0.01620060857385397,5,,,,,,2026
td3_bc,42,actor,1.77035391330719,0.01620060857385397,5,,,,,,2026
td3_bc,42,zero,1.0271133184432983,0.012574908323585987,5,,,,,,2026
td3_bc,42,random,1.0801414251327515,0.012907293625175953,5,,,,,,2026
td3_bc,42,shuffled,0.6417423486709595,0.009117182926274836,5,,,,,,2026
td3_bc,42,perturb_0.25sigma,1.682770013809204,0.019529144279658794,5,,,,,,2026
td3_bc,42,perturb_0.5sigma,1.7443220615386963,0.01692776521667838,5,,,,,,2026
td3_bc,42,perturb_1sigma,1.618008017539978,0.015200973488390446,5,,,,,,2026
td3_bc,42,perturb_2sigma,1.5409952402114868,0.013370861997827888,5,,,,,,2026
td3_bc,43,supervised,1.4379490613937378,0.010837609879672527,5,,,,,,2026
td3_bc,43,actor,1.4379490613937378,0.010837609879672527,5,,,,,,2026
td3_bc,43,zero,0.5568553805351257,0.00738519593141973,5,,,,,,2026
td3_bc,43,random,0.48032820224761963,0.006867157528176904,5,,,,,,2026
td3_bc,43,shuffled,0.16980433464050293,0.003789092181250453,5,,,,,,2026
td3_bc,43,perturb_0.25sigma,1.439825177192688,0.011867568828165531,5,,,,,,2026
td3_bc,43,perturb_0.5sigma,1.4105173349380493,0.011202694848179817,5,,,,,,2026
td3_bc,43,perturb_1sigma,1.1823598146438599,0.013172661419957876,5,,,,,,2026
td3_bc,43,perturb_2sigma,0.5805711150169373,0.007720346329733729,5,,,,,,2026
td3_bc,44,supervised,0.9003490805625916,0.005402624607086182,5,,,,,,2026
td3_bc,44,actor,0.9003490805625916,0.005402624607086182,5,,,,,,2026
td3_bc,44,zero,-0.03555929288268089,0.0021800475660711527,5,,,,,,2026
td3_bc,44,random,-0.12259232252836227,0.001296335132792592,5,,,,,,2026
td3_bc,44,shuffled,-0.4699210226535797,-0.0015473897801712155,5,,,,,,2026
td3_bc,44,perturb_0.25sigma,0.8206348419189453,0.004808793775737286,5,,,,,,2026
td3_bc,44,perturb_0.5sigma,0.8418619632720947,0.003643095726147294,5,,,,,,2026
td3_bc,44,perturb_1sigma,0.9874829053878784,0.00449221720919013,5,,,,,,2026
td3_bc,44,perturb_2sigma,1.0109633207321167,0.005376771558076143,5,,,,,,2026
td3_bc,45,supervised,1.7816486358642578,0.057654294185340405,5,,,,,,2026
td3_bc,45,actor,1.7816486358642578,0.057654294185340405,5,,,,,,2026
td3_bc,45,zero,1.639609456062317,0.0587315671145916,5,,,,,,2026
td3_bc,45,random,2.3904600143432617,0.05324495676904917,5,,,,,,2026
td3_bc,45,shuffled,1.5625561475753784,0.05841442942619324,5,,,,,,2026
td3_bc,45,perturb_0.25sigma,1.885129690170288,0.05674172844737768,5,,,,,,2026
td3_bc,45,perturb_0.5sigma,1.5186902284622192,0.05764488037675619,5,,,,,,2026
td3_bc,45,perturb_1sigma,1.886281132698059,0.05647313501685858,5,,,,,,2026
td3_bc,45,perturb_2sigma,1.554190754890442,0.050072125624865294,5,,,,,,2026
td3_bc,46,supervised,1.748447299003601,0.04776659235358238,5,,,,,,2026
td3_bc,46,actor,1.748447299003601,0.04776659235358238,5,,,,,,2026
td3_bc,46,zero,1.515501618385315,0.04888472240418196,5,,,,,,2026
td3_bc,46,random,1.847022533416748,0.04748772643506527,5,,,,,,2026
td3_bc,46,shuffled,1.41230046749115,0.0481429249048233,5,,,,,,2026
td3_bc,46,perturb_0.25sigma,1.7324117422103882,0.047803315334022045,5,,,,,,2026
td3_bc,46,perturb_0.5sigma,1.8188982009887695,0.04232599586248398,5,,,,,,2026
td3_bc,46,perturb_1sigma,1.2989470958709717,0.04497521836310625,5,,,,,,2026
td3_bc,46,perturb_2sigma,1.4038857221603394,0.04797524120658636,5,,,,,,2026
td3_bc,47,supervised,1.7022724151611328,0.03705543465912342,5,,,,,,2026
td3_bc,47,actor,1.7022724151611328,0.03705543465912342,5,,,,,,2026
td3_bc,47,zero,1.251839518547058,0.03824339061975479,5,,,,,,2026
td3_bc,47,random,0.7576215267181396,0.024521297658793628,5,,,,,,2026
td3_bc,47,shuffled,1.0878896713256836,0.03682592883706093,5,,,,,,2026
td3_bc,47,perturb_0.25sigma,1.7642709016799927,0.03682883270084858,5,,,,,,2026
td3_bc,47,perturb_0.5sigma,1.662115216255188,0.0371396504342556,5,,,,,,2026
td3_bc,47,perturb_1sigma,0.8576747179031372,0.029210786102339625,5,,,,,,2026
td3_bc,47,perturb_2sigma,1.4305444955825806,0.03440150711685419,5,,,,,,2026
td3_bc,48,supervised,1.3900102376937866,0.025547013618052006,5,,,,,,2026
td3_bc,48,actor,1.3900102376937866,0.025547013618052006,5,,,,,,2026
td3_bc,48,zero,0.5893889665603638,0.026780621148645878,5,,,,,,2026
td3_bc,48,random,0.32374221086502075,0.02389463409781456,5,,,,,,2026
td3_bc,48,shuffled,0.38099777698516846,0.02440622355788946,5,,,,,,2026
td3_bc,48,perturb_0.25sigma,1.4770147800445557,0.02375959511846304,5,,,,,,2026
td3_bc,48,perturb_0.5sigma,0.8868399262428284,0.022509668953716755,5,,,,,,2026
td3_bc,48,perturb_1sigma,0.13450407981872559,0.015412378590553999,5,,,,,,2026
td3_bc,48,perturb_2sigma,-0.05427926033735275,0.010305928764864802,5,,,,,,2026
td3_bc,49,supervised,0.6666850447654724,0.01322207786142826,5,,,,,,2026
td3_bc,49,actor,0.6666850447654724,0.01322207786142826,5,,,,,,2026
td3_bc,49,zero,-0.25303006172180176,0.014398778788745403,5,,,,,,2026
td3_bc,49,random,-0.5073916912078857,0.004873740021139383,5,,,,,,2026
td3_bc,49,shuffled,-0.44986748695373535,0.010808451101183891,5,,,,,,2026
td3_bc,49,perturb_0.25sigma,1.0895168781280518,0.012793171219527721,5,,,,,,2026
td3_bc,49,perturb_0.5sigma,-0.414772093296051,0.010766467079520226,5,,,,,,2026
td3_bc,49,perturb_1sigma,-0.5023236274719238,0.007824445143342018,5,,,,,,2026
td3_bc,49,perturb_2sigma,-0.5418165326118469,0.00756903737783432,5,,,,,,2026
td3_bc,50,supervised,1.7816486358642578,0.057654294185340405,5,,,,,,2026
td3_bc,50,actor,1.7816486358642578,0.057654294185340405,5,,,,,,2026
td3_bc,50,zero,1.639609456062317,0.0587315671145916,5,,,,,,2026
td3_bc,50,random,1.5860743522644043,0.058627812191843987,5,,,,,,2026
td3_bc,50,shuffled,1.5625561475753784,0.05841442942619324,5,,,,,,2026
td3_bc,50,perturb_0.25sigma,1.5385993719100952,0.0585425216704607,5,,,,,,2026
td3_bc,50,perturb_0.5sigma,1.5619014501571655,0.058754061348736286,5,,,,,,2026
td3_bc,50,perturb_1sigma,1.3033361434936523,0.049695903435349464,5,,,,,,2026
td3_bc,50,perturb_2sigma,2.3561697006225586,0.05222662631422281,5,,,,,,2026
td3_bc,51,supervised,1.7037636041641235,0.047996788285672665,5,,,,,,2026
td3_bc,51,actor,1.7037636041641235,0.047996788285672665,5,,,,,,2026
td3_bc,51,zero,1.4833569526672363,0.049109237268567085,5,,,,,,2026
td3_bc,51,random,2.4395077228546143,0.044617204926908016,5,,,,,,2026
td3_bc,51,shuffled,1.384087324142456,0.0485300412401557,5,,,,,,2026
td3_bc,51,perturb_0.25sigma,1.6570671796798706,0.04836677573621273,5,,,,,,2026
td3_bc,51,perturb_0.5sigma,1.3839421272277832,0.04875894729048014,5,,,,,,2026
td3_bc,51,perturb_1sigma,1.0567283630371094,0.035743604181334376,5,,,,,,2026
td3_bc,51,perturb_2sigma,1.401042103767395,0.048303449526429176,5,,,,,,2026
td3_bc,52,supervised,1.5348316431045532,0.037072211503982544,5,,,,,,2026
td3_bc,52,actor,1.5348316431045532,0.037072211503982544,5,,,,,,2026
td3_bc,52,zero,1.1439368724822998,0.03821989521384239,5,,,,,,2026
td3_bc,52,random,0.8588610887527466,0.031119905412197113,5,,,,,,2026
td3_bc,52,shuffled,1.0053211450576782,0.036992913112044334,5,,,,,,2026
td3_bc,52,perturb_0.25sigma,1.0352411270141602,0.037600135430693626,5,,,,,,2026
td3_bc,52,perturb_0.5sigma,1.4211865663528442,0.037374839186668396,5,,,,,,2026
td3_bc,52,perturb_1sigma,0.9069710373878479,0.029203936457633972,5,,,,,,2026
td3_bc,52,perturb_2sigma,0.5578168034553528,0.020317138638347387,5,,,,,,2026
td3_bc,53,supervised,0.9407714605331421,0.02547947410494089,5,,,,,,2026
td3_bc,53,actor,0.9407714605331421,0.02547947410494089,5,,,,,,2026
td3_bc,53,zero,0.4590126872062683,0.026717565022408962,5,,,,,,2026
td3_bc,53,random,0.9218218922615051,0.021627645008265972,5,,,,,,2026
td3_bc,53,shuffled,0.3235161304473877,0.02474972140043974,5,,,,,,2026
td3_bc,53,perturb_0.25sigma,1.3975964784622192,0.024490870535373688,5,,,,,,2026
td3_bc,53,perturb_0.5sigma,0.3774840831756592,0.0254188384860754,5,,,,,,2026
td3_bc,53,perturb_1sigma,0.6814306378364563,0.020395103842020035,5,,,,,,2026
td3_bc,53,perturb_2sigma,0.3790525794029236,0.026522806845605373,5,,,,,,2026
td3_bc,54,supervised,0.15365004539489746,0.012985353358089924,5,,,,,,2026
td3_bc,54,actor,0.15365004539489746,0.012985353358089924,5,,,,,,2026
td3_bc,54,zero,-0.23043054342269897,0.014282559044659138,5,,,,,,2026
td3_bc,54,random,-0.7623960375785828,-0.004577343352138996,5,,,,,,2026
td3_bc,54,shuffled,-0.3761099576950073,0.01132696121931076,5,,,,,,2026
td3_bc,54,perturb_0.25sigma,0.0129246786236763,0.013475104235112667,5,,,,,,2026
td3_bc,54,perturb_0.5sigma,0.3072230815887451,0.00952804833650589,5,,,,,,2026
td3_bc,54,perturb_1sigma,-0.15170395374298096,0.013798734173178673,5,,,,,,2026
td3_bc,54,perturb_2sigma,-0.5005589723587036,0.006063356995582581,5,,,,,,2026
td3_bc,55,supervised,0.9013473987579346,0.11461752094328403,5,,,,,,2026
td3_bc,55,actor,0.9013473987579346,0.11461752094328403,5,,,,,,2026
td3_bc,55,zero,-0.18809360265731812,0.10526287415996194,5,,,,,,2026
td3_bc,55,random,-0.44374948740005493,0.08440440660342574,5,,,,,,2026
td3_bc,55,shuffled,-0.47947850823402405,0.0827980893664062,5,,,,,,2026
td3_bc,55,perturb_0.25sigma,0.8727580308914185,0.11618502251803875,5,,,,,,2026
td3_bc,55,perturb_0.5sigma,0.8910760879516602,0.11141148209571838,5,,,,,,2026
td3_bc,55,perturb_1sigma,0.918134868144989,0.11757280118763447,5,,,,,,2026
td3_bc,55,perturb_2sigma,0.5459634065628052,0.08492887206375599,5,,,,,,2026
td3_bc,56,supervised,0.8550776243209839,0.10337607003748417,5,,,,,,2026
td3_bc,56,actor,0.8550776243209839,0.10337607003748417,5,,,,,,2026
td3_bc,56,zero,-0.4457662105560303,0.08387251570820808,5,,,,,,2026
td3_bc,56,random,-0.3696528673171997,0.09408630663529038,5,,,,,,2026
td3_bc,56,shuffled,-0.7649486660957336,0.055960119934752584,5,,,,,,2026
td3_bc,56,perturb_0.25sigma,0.8394750356674194,0.1008121483027935,5,,,,,,2026
td3_bc,56,perturb_0.5sigma,0.8641378283500671,0.10449270345270634,5,,,,,,2026
td3_bc,56,perturb_1sigma,-0.5739034414291382,0.06712218467146158,5,,,,,,2026
td3_bc,56,perturb_2sigma,0.3983551859855652,0.06695790588855743,5,,,,,,2026
td3_bc,57,supervised,0.8088529109954834,0.08883950673043728,5,,,,,,2026
td3_bc,57,actor,0.8088529109954834,0.08883950673043728,5,,,,,,2026
td3_bc,57,zero,-0.7103691697120667,0.04995775246061385,5,,,,,,2026
td3_bc,57,random,0.5982990860939026,0.0939035527408123,5,,,,,,2026
td3_bc,57,shuffled,-1.0391072034835815,0.01368003967218101,5,,,,,,2026
td3_bc,57,perturb_0.25sigma,0.8280544877052307,0.08811069466173649,5,,,,,,2026
td3_bc,57,perturb_0.5sigma,0.45465385913848877,0.09239732567220926,5,,,,,,2026
td3_bc,57,perturb_1sigma,-0.4707285761833191,0.0750885775196366,5,,,,,,2026
td3_bc,57,perturb_2sigma,0.4173279404640198,0.09195363987237215,5,,,,,,2026
td3_bc,58,supervised,0.7546215057373047,0.0685780867934227,5,,,,,,2026
td3_bc,58,actor,0.7546215057373047,0.0685780867934227,5,,,,,,2026
td3_bc,58,zero,-0.9619305729866028,-0.013832600554451346,5,,,,,,2026
td3_bc,58,random,-1.0300168991088867,-0.02827212680131197,5,,,,,,2026
td3_bc,58,shuffled,-1.2624741792678833,-0.06357178464531898,5,,,,,,2026
td3_bc,58,perturb_0.25sigma,0.7284011244773865,0.06523459032177925,5,,,,,,2026
td3_bc,58,perturb_0.5sigma,0.20886999368667603,0.031226343475282192,5,,,,,,2026
td3_bc,58,perturb_1sigma,0.7219028472900391,0.06259359046816826,5,,,,,,2026
td3_bc,58,perturb_2sigma,-0.14945536851882935,-0.01610385999083519,5,,,,,,2026
td3_bc,59,supervised,0.6652839779853821,0.03709385171532631,5,,,,,,2026
td3_bc,59,actor,0.6652839779853821,0.03709385171532631,5,,,,,,2026
td3_bc,59,zero,-1.200630784034729,-0.16042833030223846,5,,,,,,2026
td3_bc,59,random,-1.0847805738449097,-0.11468683183193207,5,,,,,,2026
td3_bc,59,shuffled,-1.4261020421981812,-0.23038522899150848,5,,,,,,2026
td3_bc,59,perturb_0.25sigma,0.568768322467804,0.0283069871366024,5,,,,,,2026
td3_bc,59,perturb_0.5sigma,0.4132345914840698,0.02553274668753147,5,,,,,,2026
td3_bc,59,perturb_1sigma,-0.6086195111274719,-0.010319654829800129,5,,,,,,2026
td3_bc,59,perturb_2sigma,0.22855618596076965,-0.027076356112957,5,,,,,,2026
td3_bc,60,supervised,2.0537006855010986,0.02850756235420704,5,,,,,,2026
td3_bc,60,actor,2.0537006855010986,0.02850756235420704,5,,,,,,2026
td3_bc,60,zero,1.476237416267395,0.024209159892052412,5,,,,,,2026
td3_bc,60,random,1.541777491569519,0.02427816903218627,5,,,,,,2026
td3_bc,60,shuffled,0.9577803611755371,0.02110272494610399,5,,,,,,2026
td3_bc,60,perturb_0.25sigma,2.0476808547973633,0.02807967457920313,5,,,,,,2026
td3_bc,60,perturb_0.5sigma,1.8633393049240112,0.025473911315202713,5,,,,,,2026
td3_bc,60,perturb_1sigma,1.8809751272201538,0.031903982162475586,5,,,,,,2026
td3_bc,60,perturb_2sigma,1.9726382493972778,0.027235140092670918,5,,,,,,2026
td3_bc,61,supervised,1.9490193128585815,0.022964368108659983,5,,,,,,2026
td3_bc,61,actor,1.9490193128585815,0.022964368108659983,5,,,,,,2026
td3_bc,61,zero,1.3132177591323853,0.018775133416056633,5,,,,,,2026
td3_bc,61,random,1.1739912033081055,0.017425134894438088,5,,,,,,2026
td3_bc,61,shuffled,0.8587824702262878,0.015539281419478357,5,,,,,,2026
td3_bc,61,perturb_0.25sigma,1.9565428495407104,0.02310040593147278,5,,,,,,2026
td3_bc,61,perturb_0.5sigma,1.9186984300613403,0.023137141950428486,5,,,,,,2026
td3_bc,61,perturb_1sigma,1.9656552076339722,0.021514607593417168,5,,,,,,2026
td3_bc,61,perturb_2sigma,1.9206820726394653,0.024249233305454254,5,,,,,,2026
td3_bc,62,supervised,1.7547913789749146,0.01733367284759879,5,,,,,,2026
td3_bc,62,actor,1.7547913789749146,0.01733367284759879,5,,,,,,2026
td3_bc,62,zero,1.0260694026947021,0.013261991320177913,5,,,,,,2026
td3_bc,62,random,1.1189419031143188,0.013560166349634528,5,,,,,,2026
td3_bc,62,shuffled,0.6347166299819946,0.009891000459901989,5,,,,,,2026
td3_bc,62,perturb_0.25sigma,1.7262628078460693,0.016546742524951696,5,,,,,,2026
td3_bc,62,perturb_0.5sigma,1.548641324043274,0.014758059056475759,5,,,,,,2026
td3_bc,62,perturb_1sigma,1.6808074712753296,0.01733189495280385,5,,,,,,2026
td3_bc,62,perturb_2sigma,1.5534039735794067,0.021876748651266098,5,,,,,,2026
td3_bc,63,supervised,1.4168261289596558,0.011605174746364355,5,,,,,,2026
td3_bc,63,actor,1.4168261289596558,0.011605174746364355,5,,,,,,2026
td3_bc,63,zero,0.558131217956543,0.007686814293265343,5,,,,,,2026
td3_bc,63,random,0.357336163520813,0.0060041290416847914,5,,,,,,2026
td3_bc,63,shuffled,0.16690033674240112,0.004185179364867508,5,,,,,,2026
td3_bc,63,perturb_0.25sigma,1.4184645414352417,0.012389296665787697,5,,,,,,2026
td3_bc,63,perturb_0.5sigma,1.328508973121643,0.008766400162130594,5,,,,,,2026
td3_bc,63,perturb_1sigma,1.262104868888855,0.013570484705269337,5,,,,,,2026
td3_bc,63,perturb_2sigma,1.2354174852371216,0.0090556675568223,5,,,,,,2026
td3_bc,64,supervised,0.8800750970840454,0.005783152766525745,5,,,,,,2026
td3_bc,64,actor,0.8800750970840454,0.005783152766525745,5,,,,,,2026
td3_bc,64,zero,-0.032572682946920395,0.002102370373904705,5,,,,,,2026
td3_bc,64,random,0.15919941663742065,0.002499501220881939,5,,,,,,2026
td3_bc,64,shuffled,-0.4706909656524658,-0.0015232726000249386,5,,,,,,2026
td3_bc,64,perturb_0.25sigma,0.8133882284164429,0.006456955336034298,5,,,,,,2026
td3_bc,64,perturb_0.5sigma,0.7353307604789734,0.004626672714948654,5,,,,,,2026
td3_bc,64,perturb_1sigma,0.747390627861023,0.004738067742437124,5,,,,,,2026
td3_bc,64,perturb_2sigma,0.17399197816848755,0.0023439540527760983,5,,,,,,2026
td3_bc,65,supervised,2.096456527709961,0.008147332060616463,5,,,,,,2026
td3_bc,65,actor,2.096456527709961,0.008147332060616463,5,,,,,,2026
td3_bc,65,zero,1.5310341119766235,0.014018293644767255,5,,,,,,2026
td3_bc,65,random,1.5437673330307007,0.014126634458079934,5,,,,,,2026
td3_bc,65,shuffled,1.3081989288330078,0.008424855477642268,5,,,,,,2026
td3_bc,65,perturb_0.25sigma,2.190993309020996,0.007238759149913676,5,,,,,,2026
td3_bc,65,perturb_0.5sigma,2.229923725128174,0.006780365365557373,5,,,,,,2026
td3_bc,65,perturb_1sigma,1.8237351179122925,0.010634399193804711,5,,,,,,2026
td3_bc,65,perturb_2sigma,1.684259057044983,0.012123615306336433,5,,,,,,2026
td3_bc,66,supervised,2.0539355278015137,0.006869030476082116,5,,,,,,2026
td3_bc,66,actor,2.0539355278015137,0.006869030476082116,5,,,,,,2026
td3_bc,66,zero,1.3888860940933228,0.012902319780550897,5,,,,,,2026
td3_bc,66,random,1.631310224533081,0.010747086023911834,5,,,,,,2026
td3_bc,66,shuffled,1.1705586910247803,0.006645021843723953,5,,,,,,2026
td3_bc,66,perturb_0.25sigma,1.9853733777999878,0.007274393632542342,5,,,,,,2026
td3_bc,66,perturb_0.5sigma,2.138528347015381,0.0063642472377978265,5,,,,,,2026
td3_bc,66,perturb_1sigma,1.9856164455413818,0.005260560836177319,5,,,,,,2026
td3_bc,66,perturb_2sigma,1.79339599609375,0.0053532515885308385,5,,,,,,2026
td3_bc,67,supervised,2.0335769653320312,0.005637080525048077,5,,,,,,2026
td3_bc,67,actor,2.0335769653320312,0.005637080525048077,5,,,,,,2026
td3_bc,67,zero,1.1094043254852295,0.011609825189225376,5,,,,,,2026
td3_bc,67,random,1.1413880586624146,0.012008376186713576,5,,,,,,2026
td3_bc,67,shuffled,0.8867494463920593,0.0046848227066220716,5,,,,,,2026
td3_bc,67,perturb_0.25sigma,1.353890061378479,0.010281623690389097,5,,,,,,2026
td3_bc,67,perturb_0.5sigma,1.3119920492172241,0.010921165463514626,5,,,,,,2026
td3_bc,67,perturb_1sigma,1.2883697748184204,0.011313560185953975,5,,,,,,2026
td3_bc,67,perturb_2sigma,1.622746467590332,0.0060965989250689745,5,,,,,,2026
td3_bc,68,supervised,1.8640422821044922,0.004244722658768296,5,,,,,,2026
td3_bc,68,actor,1.8640422821044922,0.004244722658768296,5,,,,,,2026
td3_bc,68,zero,0.588454008102417,0.009934772737324238,5,,,,,,2026
td3_bc,68,random,1.1460902690887451,0.0061393267242237926,5,,,,,,2026
td3_bc,68,shuffled,0.33538317680358887,0.002363157967920415,5,,,,,,2026
td3_bc,68,perturb_0.25sigma,1.3378328084945679,0.002692022011615336,5,,,,,,2026
td3_bc,68,perturb_0.5sigma,1.529593825340271,0.002541846188250929,5,,,,,,2026
td3_bc,68,perturb_1sigma,1.1635605096817017,0.006721419165842235,5,,,,,,2026
td3_bc,68,perturb_2sigma,0.37188804149627686,0.005718088475987315,5,,,,,,2026
td3_bc,69,supervised,1.405032992362976,0.0024572485126554966,5,,,,,,2026
td3_bc,69,actor,1.405032992362976,0.0024572485126554966,5,,,,,,2026
td3_bc,69,zero,-0.1642158329486847,0.007641792297363281,5,,,,,,2026
td3_bc,69,random,-0.4184083938598633,-0.000611181603744626,5,,,,,,2026
td3_bc,69,shuffled,-0.4073807895183563,-0.0005461131222546101,5,,,,,,2026
td3_bc,69,perturb_0.25sigma,1.130972146987915,0.002826064359396696,5,,,,,,2026
td3_bc,69,perturb_0.5sigma,0.19799686968326569,0.0008684203494340181,5,,,,,,2026
td3_bc,69,perturb_1sigma,-0.02810930833220482,0.00835490133613348,5,,,,,,2026
td3_bc,69,perturb_2sigma,-0.15841573476791382,0.0032505118288099766,5,,,,,,2026
td3_bc,70,supervised,2.096456527709961,0.008147332060616463,5,,,,,,2026
td3_bc,70,actor,2.096456527709961,0.008147332060616463,5,,,,,,2026
td3_bc,70,zero,1.5310341119766235,0.014018293644767255,5,,,,,,2026
td3_bc,70,random,1.1438791751861572,0.005742711771745235,5,,,,,,2026
td3_bc,70,shuffled,1.3081989288330078,0.008424855477642268,5,,,,,,2026
td3_bc,70,perturb_0.25sigma,2.0813417434692383,0.008223777578677982,5,,,,,,2026
td3_bc,70,perturb_0.5sigma,1.9431692361831665,0.009439409026526846,5,,,,,,2026
td3_bc,70,perturb_1sigma,2.1157381534576416,0.0078081475221551955,5,,,,,,2026
td3_bc,70,perturb_2sigma,1.3778977394104004,0.009935763024259359,5,,,,,,2026
td3_bc,71,supervised,1.7804964780807495,0.033877355977892876,5,,,,,,2026
td3_bc,71,actor,1.7804964780807495,0.033877355977892876,5,,,,,,2026
td3_bc,71,zero,1.4143246412277222,0.027964442095253617,5,,,,,,2026
td3_bc,71,random,1.4245641231536865,0.027993143652565777,5,,,,,,2026
td3_bc,71,shuffled,0.7776322960853577,0.026507358823437244,5,,,,,,2026
td3_bc,71,perturb_0.25sigma,1.7684733867645264,0.03388659190386534,5,,,,,,2026
td3_bc,71,perturb_0.5sigma,1.7795238494873047,0.03383342316374183,5,,,,,,2026
td3_bc,71,perturb_1sigma,1.7266844511032104,0.03389026131480932,5,,,,,,2026
td3_bc,71,perturb_2sigma,1.6468256711959839,0.0338640920817852,5,,,,,,2026
td3_bc,72,supervised,1.605423092842102,0.027280624955892563,5,,,,,,2026
td3_bc,72,actor,1.605423092842102,0.027280624955892563,5,,,,,,2026
td3_bc,72,zero,1.2307093143463135,0.021316250320523977,5,,,,,,2026
td3_bc,72,random,1.635230541229248,0.023976559517905116,5,,,,,,2026
td3_bc,72,shuffled,0.6707878112792969,0.019811726117040962,5,,,,,,2026
td3_bc,72,perturb_0.25sigma,1.548017978668213,0.02728666365146637,5,,,,,,2026
td3_bc,72,perturb_0.5sigma,1.5353927612304688,0.027272335719317198,5,,,,,,2026
td3_bc,72,perturb_1sigma,1.6607478857040405,0.027184004429727793,5,,,,,,2026
td3_bc,72,perturb_2sigma,1.485934853553772,0.02724013151600957,5,,,,,,2026
td3_bc,73,supervised,1.3256231546401978,0.02057484071701765,5,,,,,,2026
td3_bc,73,actor,1.3256231546401978,0.02057484071701765,5,,,,,,2026
td3_bc,73,zero,0.9438618421554565,0.014575575885828584,5,,,,,,2026
td3_bc,73,random,0.873714804649353,0.01435831154230982,5,,,,,,2026
td3_bc,73,shuffled,0.46056628227233887,0.013027369743213058,5,,,,,,2026
td3_bc,73,perturb_0.25sigma,1.3027909994125366,0.020565487444400787,5,,,,,,2026
td3_bc,73,perturb_0.5sigma,1.2899633646011353,0.02049622079357505,5,,,,,,2026
td3_bc,73,perturb_1sigma,1.260404348373413,0.02054062206298113,5,,,,,,2026
td3_bc,73,perturb_2sigma,1.2700611352920532,0.020336360204964876,5,,,,,,2026
td3_bc,74,supervised,0.8897486329078674,0.01377930911257863,5,,,,,,2026
td3_bc,74,actor,0.8897486329078674,0.01377930911257863,5,,,,,,2026
td3_bc,74,zero,0.49099528789520264,0.007759238942526281,5,,,,,,2026
td3_bc,74,random,0.5459800958633423,0.008410058915615082,5,,,,,,2026
td3_bc,74,shuffled,0.014889128506183624,0.006177014438435435,5,,,,,,2026
td3_bc,74,perturb_0.25sigma,0.8896541595458984,0.013770903460681438,5,,,,,,2026
td3_bc,74,perturb_0.5sigma,0.8825600743293762,0.01377611281350255,5,,,,,,2026
td3_bc,74,perturb_1sigma,0.807863175868988,0.013755158986896276,5,,,,,,2026
td3_bc,74,perturb_2sigma,0.4395102858543396,0.008705886080861092,5,,,,,,2026
td3_bc,75,supervised,0.34919142723083496,0.006917239166796207,5,,,,,,2026
td3_bc,75,actor,0.34919142723083496,0.006917239166796207,5,,,,,,2026
td3_bc,75,zero,-0.03429543226957321,0.0008793215383775532,5,,,,,,2026
td3_bc,75,random,-0.0319439098238945,0.0020693051628768444,5,,,,,,2026
td3_bc,75,shuffled,-0.5521135926246643,-0.0007316678529605269,5,,,,,,2026
td3_bc,75,perturb_0.25sigma,0.3601868152618408,0.006894627586007118,5,,,,,,2026
td3_bc,75,perturb_0.5sigma,0.383766233921051,0.006809739861637354,5,,,,,,2026
td3_bc,75,perturb_1sigma,0.3158603608608246,0.006788186728954315,5,,,,,,2026
td3_bc,75,perturb_2sigma,0.3615747392177582,0.006328682415187359,5,,,,,,2026
td3_bc,76,supervised,1.5540295839309692,0.03768057422712445,5,,,,,,2026
td3_bc,76,actor,1.5540295839309692,0.03768057422712445,5,,,,,,2026
td3_bc,76,zero,0.6975156664848328,0.039319292176514864,5,,,,,,2026
td3_bc,76,random,0.5283417701721191,0.038664584746584296,5,,,,,,2026
td3_bc,76,shuffled,0.44664785265922546,0.03797581256367266,5,,,,,,2026
td3_bc,76,perturb_0.25sigma,1.496611475944519,0.03798938496038318,5,,,,,,2026
td3_bc,76,perturb_0.5sigma,1.177323818206787,0.03893914702348411,5,,,,,,2026
td3_bc,76,perturb_1sigma,1.0801783800125122,0.03869573422707617,5,,,,,,2026
td3_bc,76,perturb_2sigma,0.6538098454475403,0.039264171151444316,5,,,,,,2026
td3_bc,77,supervised,1.2768105268478394,0.031080402433872223,5,,,,,,2026
td3_bc,77,actor,1.2768105268478394,0.031080402433872223,5,,,,,,2026
td3_bc,77,zero,0.06780493259429932,0.03298999392427504,5,,,,,,2026
td3_bc,77,random,0.9762855768203735,0.03141842829063535,5,,,,,,2026
td3_bc,77,shuffled,-0.12503154575824738,0.03256558743305504,5,,,,,,2026
td3_bc,77,perturb_0.25sigma,1.354079008102417,0.03090615151450038,5,,,,,,2026
td3_bc,77,perturb_0.5sigma,0.8600388169288635,0.03143009264022112,5,,,,,,2026
td3_bc,77,perturb_1sigma,0.8710335493087769,0.03185564326122403,5,,,,,,2026
td3_bc,77,perturb_2sigma,0.6798174381256104,0.03146234666928649,5,,,,,,2026
td3_bc,78,supervised,0.7431269884109497,0.02407565526664257,5,,,,,,2026
td3_bc,78,actor,0.7431269884109497,0.02407565526664257,5,,,,,,2026
td3_bc,78,zero,-0.49421143531799316,0.026275803335011005,5,,,,,,2026
td3_bc,78,random,-0.5246167778968811,0.026319174095988274,5,,,,,,2026
td3_bc,78,shuffled,-0.65573650598526,0.0270139304921031,5,,,,,,2026
td3_bc,78,perturb_0.25sigma,1.2622876167297363,0.02354762377217412,5,,,,,,2026
td3_bc,78,perturb_0.5sigma,1.0375396013259888,0.02270813100039959,5,,,,,,2026
td3_bc,78,perturb_1sigma,0.020076937973499298,0.024370495695620775,5,,,,,,2026
td3_bc,78,perturb_2sigma,-0.12584957480430603,0.014582280535250902,5,,,,,,2026
td3_bc,79,supervised,-0.01518329232931137,0.01659722812473774,5,,,,,,2026
td3_bc,79,actor,-0.01518329232931137,0.01659722812473774,5,,,,,,2026
td3_bc,79,zero,-0.9541481733322144,0.019094415940344334,5,,,,,,2026
td3_bc,79,random,0.2905098795890808,0.014485116582363844,5,,,,,,2026
td3_bc,79,shuffled,-1.1111314296722412,0.021263400558382273,5,,,,,,2026
td3_bc,79,perturb_0.25sigma,-0.2489524781703949,0.016583893913775682,5,,,,,,2026
td3_bc,79,perturb_0.5sigma,0.7415357232093811,0.016108140349388123,5,,,,,,2026
td3_bc,79,perturb_1sigma,0.46869510412216187,0.01633796002715826,5,,,,,,2026
td3_bc,79,perturb_2sigma,-1.2220864295959473,0.020744341425597668,5,,,,,,2026
td3_bc,-1,summary,,,5,,0.31470588235294117,0.6401177264519243,0.1125,0.125,2026
