Seed,state,candidate,latent_perturbation_magnitude,correction_change_norm,solution_change_norm,reward,reward_delta,reward_variance,action_effect_correlation
42,0,supervised,0.0,0.0,0.0,0.003188124392181635,0.0,,
42,0,actor,0.0,0.0,0.0,0.003188124392181635,0.0,,
42,0,zero,0.2617429792881012,0.15169735252857208,0.14449335634708405,0.003808705136179924,0.0006205807439982891,,
42,0,random,0.5454047918319702,0.2442769855260849,0.2329796701669693,0.004716417286545038,0.0015282928943634033,,
42,0,shuffled,0.5208624601364136,0.33028697967529297,0.3163010776042938,0.005141192115843296,0.0019530677236616611,,
42,0,perturb_0.25sigma,0.049638647586107254,0.030909689143300056,0.02926832251250744,0.0030484856106340885,-0.0001396387815475464,,
42,0,perturb_0.5sigma,0.14924606680870056,0.120729960501194,0.11483059823513031,0.0038133375346660614,0.0006252131424844265,,
42,0,perturb_1sigma,0.18684718012809753,0.024881985038518906,0.023127270862460136,0.003171841846778989,-1.6282545402646065e-05,,
42,0,perturb_2sigma,0.3677932024002075,0.03539565950632095,0.03436079993844032,0.0028915992006659508,-0.00029652519151568413,,
42,1,supervised,0.0,0.0,0.0,0.002780693117529154,0.0,,
42,1,actor,0.0,0.0,0.0,0.002780693117529154,0.0,,
42,1,zero,0.19529105722904205,0.14233627915382385,0.1360524594783783,0.0032968553714454174,0.0005161622539162636,,
42,1,random,0.29428815841674805,0.20334677398204803,0.19440512359142303,0.003781271167099476,0.001000578049570322,,
42,1,shuffled,0.3890199363231659,0.3013398051261902,0.288705050945282,0.004522993229329586,0.0017423001118004322,,
42,1,perturb_0.25sigma,0.05711210146546364,0.0406460277736187,0.03859357908368111,0.0026287499349564314,-0.00015194318257272243,,
42,1,perturb_0.5sigma,0.1392170637845993,0.007162895053625107,0.006862259935587645,0.002705202205106616,-7.54909124225378e-05,,
42,1,perturb_1sigma,0.5106077790260315,0.4255199432373047,0.40503600239753723,0.0051485272124409676,0.0023678340949118137,,
42,1,perturb_2sigma,0.41368091106414795,0.13152596354484558,0.12488013505935669,0.002204658929258585,-0.0005760341882705688,,
42,2,supervised,0.0,0.0,0.0,0.002465139841660857,0.0,,
42,2,actor,0.0,0.0,0.0,0.002465139841660857,0.0,,
42,2,zero,0.15469378232955933,0.1318083554506302,0.12631253898143768,0.0029612593352794647,0.0004961194936186075,,
42,2,random,0.30566030740737915,0.2544233500957489,0.2441565841436386,0.004010444972664118,0.0015453051310032606,,
42,2,shuffled,0.3089102804660797,0.27253663539886475,0.2614043951034546,0.004084292333573103,0.0016191524919122458,,
42,2,perturb_0.25sigma,0.05045715719461441,0.009304954670369625,0.008915186859667301,0.002410911489278078,-5.422835238277912e-05,,
42,2,perturb_0.5sigma,0.14510324597358704,0.06731349974870682,0.06494823098182678,0.0021043948363512754,-0.00036074500530958176,,
42,2,perturb_1sigma,0.3785949647426605,0.08399897813796997,0.08067598938941956,0.002945450134575367,0.0004803102929145098,,
42,2,perturb_2sigma,0.4484788179397583,0.1411723792552948,0.1330999881029129,0.002344409003853798,-0.00012073083780705929,,
42,3,supervised,0.0,0.0,0.0,0.0022271594498306513,0.0,,
42,3,actor,0.0,0.0,0.0,0.0022271594498306513,0.0,,
42,3,zero,0.16109995543956757,0.12158873677253723,0.11671306192874908,0.002771069062873721,0.0005439096130430698,,
42,3,random,0.25633376836776733,0.022410975769162178,0.0214728731662035,0.00210797181352973,-0.00011918763630092144,,
42,3,shuffled,0.32219991087913513,0.24570849537849426,0.23585247993469238,0.0038434944581240416,0.0016163350082933903,,
42,3,perturb_0.25sigma,0.0811256617307663,0.03988507762551308,0.03784990683197975,0.0021894483361393213,-3.7711113691329956e-05,,
42,3,perturb_0.5sigma,0.15934611856937408,0.06260783970355988,0.05977975204586983,0.0024292306043207645,0.00020207115449011326,,
42,3,perturb_1sigma,0.25474196672439575,0.04036019369959831,0.03813140094280243,0.002516980515792966,0.0002898210659623146,,
42,3,perturb_2sigma,0.36563074588775635,0.07662783563137054,0.07324276864528656,0.0020970162004232407,-0.00013014324940741062,,
42,4,supervised,0.0,0.0,0.0,0.002059194492176175,0.0,,
42,4,actor,0.0,0.0,0.0,0.002059194492176175,0.0,,
42,4,zero,0.210109680891037,0.11270120739936829,0.10834132879972458,0.0026904642581939697,0.0006312697660177946,,
42,4,random,0.27925270795822144,0.11818116903305054,0.11377377808094025,0.0028282469138503075,0.0007690524216741323,,
42,4,shuffled,0.41947075724601746,0.2225344330072403,0.21365474164485931,0.0037402957677841187,0.0016811012756079435,,
42,4,perturb_0.25sigma,0.04198939725756645,0.00465667899698019,0.004510630387812853,0.0020825115498155355,2.3317057639360428e-05,,
42,4,perturb_0.5sigma,0.09004426747560501,0.03368791565299034,0.03211834654211998,0.0020753766875714064,1.6182195395231247e-05,,
42,4,perturb_1sigma,0.2516685426235199,0.13030076026916504,0.12506377696990967,0.0015814207727089524,-0.0004777737194672227,,
42,4,perturb_2sigma,0.5674933791160583,0.0769125297665596,0.07323715835809708,0.0021858904510736465,0.00012669595889747143,,
42,5,supervised,0.0,0.0,0.0,0.003188124392181635,0.0,,
42,5,actor,0.0,0.0,0.0,0.003188124392181635,0.0,,
42,5,zero,0.2617429792881012,0.15169735252857208,0.14449335634708405,0.003808705136179924,0.0006205807439982891,,
42,5,random,0.2798280715942383,0.04462071880698204,0.04346967115998268,0.0027840170077979565,-0.00040410738438367844,,
42,5,shuffled,0.5208624601364136,0.33028697967529297,0.3163010776042938,0.005141192115843296,0.0019530677236616611,,
42,5,perturb_0.25sigma,0.06368909031152725,0.045501355081796646,0.04335671663284302,0.003441679058596492,0.0002535546664148569,,
42,5,perturb_0.5sigma,0.09839140623807907,0.04376980662345886,0.04191115126013756,0.002892902120947838,-0.0002952222712337971,,
42,5,perturb_1sigma,0.36103084683418274,0.25863325595855713,0.2455301582813263,0.004733855836093426,0.0015457314439117908,,
42,5,perturb_2sigma,0.37703678011894226,0.07707718014717102,0.07170997560024261,0.0031975016463547945,9.3772541731596e-06,,
42,6,supervised,0.0,0.0,0.0,0.0032608474139124155,0.0,,
42,6,actor,0.0,0.0,0.0,0.0032608474139124155,0.0,,
42,6,zero,0.19483545422554016,0.1467427909374237,0.1401543915271759,0.0037259329110383987,0.00046508549712598324,,
42,6,random,0.3001154959201813,0.08457047492265701,0.08021487295627594,0.0031681701075285673,-9.267730638384819e-05,,
42,6,shuffled,0.38806748390197754,0.3118373453617096,0.29884129762649536,0.004915839061141014,0.0016549916472285986,,
42,6,perturb_0.25sigma,0.08426394313573837,0.030077459290623665,0.028509676456451416,0.003340695286169648,7.984787225723267e-05,,
42,6,perturb_0.5sigma,0.1681300699710846,0.1250363439321518,0.11934568732976913,0.002498653717339039,-0.0007621936965733767,,
42,6,perturb_1sigma,0.17768841981887817,0.03532227873802185,0.03301003947854042,0.003242543898522854,-1.8303515389561653e-05,,
42,6,perturb_2sigma,0.4257906675338745,0.2947525680065155,0.2815895080566406,0.005180458538234234,0.0019196111243218184,,
42,7,supervised,0.0,0.0,0.0,0.0029196529649198055,0.0,,
42,7,actor,0.0,0.0,0.0,0.0029196529649198055,0.0,,
42,7,zero,0.1508246213197708,0.14053361117839813,0.13430440425872803,0.003366246121004224,0.0004465931560844183,,
42,7,random,0.3556444048881531,0.17250846326351166,0.16416119039058685,0.003920098766684532,0.0010004458017647266,,
42,7,shuffled,0.30109843611717224,0.29354262351989746,0.2811664342880249,0.004648073576390743,0.0017284206114709377,,
42,7,perturb_0.25sigma,0.04290603846311569,0.01743323728442192,0.016703752800822258,0.002860336797311902,-5.931616760790348e-05,,
42,7,perturb_0.5sigma,0.12640827894210815,0.06574252247810364,0.06238562613725662,0.0027999412268400192,-0.0001197117380797863,,
42,7,perturb_1sigma,0.21045073866844177,0.06151919439435005,0.057917673140764236,0.002809944562613964,-0.00010970840230584145,,
42,7,perturb_2sigma,0.46326401829719543,0.456034779548645,0.43646693229675293,0.0056647639721632,0.002745111007243395,,
42,8,supervised,0.0,0.0,0.0,0.0031350036151707172,0.0,,
42,8,actor,0.0,0.0,0.0,0.0031350036151707172,0.0,,
42,8,zero,0.15121547877788544,0.12523695826530457,0.11884921044111252,0.0036412447225302458,0.0005062411073595285,,
42,8,random,0.3896242678165436,0.43091654777526855,0.4121619164943695,0.005989380180835724,0.0028543765656650066,,
42,8,shuffled,0.30237746238708496,0.2549702227115631,0.2419123351573944,0.004722584970295429,0.001587581355124712,,
42,8,perturb_0.25sigma,0.04155530780553818,0.013972489163279533,0.013351036235690117,0.003091388149186969,-4.3615465983748436e-05,,
42,8,perturb_0.5sigma,0.1393166184425354,0.07446818053722382,0.07013564556837082,0.002918092766776681,-0.0002169108483940363,,
42,8,perturb_1sigma,0.23357433080673218,0.16183410584926605,0.15377174317836761,0.002430147025734186,-0.0007048565894365311,,
42,8,perturb_2sigma,0.4788392186164856,0.04972461238503456,0.047538820654153824,0.003222467377781868,8.746376261115074e-05,,
42,9,supervised,0.0,0.0,0.0,0.003223648527637124,0.0,,
42,9,actor,0.0,0.0,0.0,0.003223648527637124,0.0,,
42,9,zero,0.19674237072467804,0.11217565834522247,0.10621868073940277,0.0037130978889763355,0.0004894493613392115,,
42,9,random,0.35184431076049805,0.04273994266986847,0.04104085639119148,0.003448680741712451,0.00022503221407532692,,
42,9,shuffled,0.39243730902671814,0.22148868441581726,0.2090873122215271,0.004524424206465483,0.0013007756788283587,,
42,9,perturb_0.25sigma,0.05469004809856415,0.026433521881699562,0.024869410321116447,0.0031625668052583933,-6.108172237873077e-05,,
42,9,perturb_0.5sigma,0.12944607436656952,0.05679642781615257,0.05425965040922165,0.0033851242624223232,0.00016147573478519917,,
42,9,perturb_1sigma,0.36883094906806946,0.241050586104393,0.22800737619400024,0.0018220198107883334,-0.0014016287168487906,,
42,9,perturb_2sigma,0.49568262696266174,0.12079751491546631,0.11632319539785385,0.002726936247199774,-0.0004967122804373503,,
42,10,supervised,0.031138306483626366,0.00041619071271270514,0.0003977322194259614,0.0007676077075302601,3.0970550142228603e-06,,
42,10,actor,0.031138306483626366,0.00041619071271270514,0.0003977322194259614,0.0007676077075302601,3.0970550142228603e-06,,
42,10,zero,0.5285434722900391,0.4011966586112976,0.3905370235443115,0.0013040556805208325,0.0005395450280047953,,
42,10,random,0.6308574676513672,0.38088634610176086,0.3706647753715515,0.0012737014330923557,0.0005091907805763185,,
42,10,shuffled,1.0383086204528809,0.6108150482177734,0.5891993641853333,0.001100855297408998,0.0003363446448929608,,
42,10,perturb_0.25sigma,0.060975879430770874,0.03116229921579361,0.029916150495409966,0.0007568896980956197,-7.620954420417547e-06,,
42,10,perturb_0.5sigma,0.10828827321529388,0.050610724836587906,0.048542048782110214,0.0007119821384549141,-5.252851406112313e-05,,
42,10,perturb_1sigma,0.21287047863006592,0.008110765367746353,0.007442466448992491,0.000727107806596905,-3.740284591913223e-05,,
42,10,perturb_2sigma,0.48373374342918396,0.22306987643241882,0.2164754420518875,0.0010411846451461315,0.0002766739926300943,,
42,11,supervised,0.026927759870886803,0.0003438759013079107,0.000323520420351997,0.0004275873361621052,3.574241418391466e-07,,
42,11,actor,0.026927759870886803,0.0003438759013079107,0.000323520420351997,0.0004275873361621052,3.574241418391466e-07,,
42,11,zero,0.5203291177749634,0.39343419671058655,0.3836296796798706,0.0009975681314244866,0.0005703382194042206,,
42,11,random,0.5611712336540222,0.3953671157360077,0.3855762481689453,0.0010474651353433728,0.0006202352233231068,,
42,11,shuffled,1.0259535312652588,0.6095419526100159,0.5885791182518005,0.0011221733875572681,0.0006949434755370021,,
42,11,perturb_0.25sigma,0.07380572706460953,0.0013200496323406696,0.0012493233662098646,0.00042591901728883386,-1.3108947314321995e-06,,
42,11,perturb_0.5sigma,0.17742428183555603,0.130965456366539,0.12732213735580444,0.00032630315399728715,-0.0001009267580229789,,
42,11,perturb_1sigma,0.24044416844844818,0.10353953391313553,0.09899353235960007,0.0005059760296717286,7.874611765146255e-05,,
42,11,perturb_2sigma,0.32914668321609497,0.10464100539684296,0.09925015270709991,0.0006036736886017025,0.0001764437765814364,,
42,12,supervised,0.03276468440890312,0.00052518246229738,0.0004994043265469372,0.00031139940256252885,3.5745324566960335e-07,,
42,12,actor,0.03276468440890312,0.00052518246229738,0.0004994043265469372,0.00031139940256252885,3.5745324566960335e-07,,
42,12,zero,0.5321642160415649,0.37983304262161255,0.3707732856273651,0.0008833561441861093,0.0005723141948692501,,
42,12,random,0.5901762247085571,0.4015018939971924,0.39154842495918274,0.0009822025895118713,0.0006711606401950121,,
42,12,shuffled,1.0503075122833252,0.5984230637550354,0.5783134698867798,0.001152066164650023,0.0008410242153331637,,
42,12,perturb_0.25sigma,0.09478667378425598,0.01074798870831728,0.010225697420537472,0.00039708055555820465,8.60386062413454e-05,,
42,12,perturb_0.5sigma,0.08683963865041733,0.024928443133831024,0.023933572694659233,0.00037443675682879984,6.33948075119406e-05,,
42,12,perturb_1sigma,0.16404396295547485,0.06046376749873161,0.05778288096189499,0.000509079429320991,0.0001980374800041318,,
42,12,perturb_2sigma,0.32187777757644653,0.08511509001255035,0.08143890649080276,0.0004068405833095312,9.579863399267197e-05,,
42,13,supervised,0.04875493794679642,0.000904180109500885,0.0008509780745953321,0.0003954108397010714,-1.1916854418814182e-06,,
42,13,actor,0.04875493794679642,0.000904180109500885,0.0008509780745953321,0.0003954108397010714,-1.1916854418814182e-06,,
42,13,zero,0.5626127123832703,0.3609713613986969,0.35265758633613586,0.0008768075495027006,0.00048020502435974777,,
42,13,random,0.6275396347045898,0.4019775986671448,0.39224088191986084,0.0010194756323471665,0.0006228731072042137,,
42,13,shuffled,1.1058628559112549,0.5785375237464905,0.5594676733016968,0.0011912459740415215,0.0007946434488985687,,
42,13,perturb_0.25sigma,0.08930936455726624,0.010091690346598625,0.009442302398383617,0.0004590405442286283,6.243801908567548e-05,,
42,13,perturb_0.5sigma,0.20869320631027222,0.01711132749915123,0.015808966010808945,0.0002729062980506569,-0.00012369622709229589,,
42,13,perturb_1sigma,0.302184522151947,0.17773132026195526,0.17364691197872162,0.00028554064920172095,-0.00011106187594123185,,
42,13,perturb_2sigma,0.6427382230758667,0.2913314402103424,0.2847763001918793,0.0006089189555495977,0.00021231643040664494,,
42,14,supervised,0.08579840511083603,0.0030874102376401424,0.002940473845228553,0.0005451863398775458,-1.1438096407800913e-05,,
42,14,actor,0.08579840511083603,0.0030874102376401424,0.002940473845228553,0.0005451863398775458,-1.1438096407800913e-05,,
42,14,zero,0.6083457469940186,0.33707892894744873,0.3294960558414459,0.00086799735436216,0.0003113729180768132,,
42,14,random,0.6201047897338867,0.2918556034564972,0.285383015871048,0.0007502027438022196,0.00019357830751687288,,
42,14,shuffled,1.1846365928649902,0.5521456599235535,0.5342573523521423,0.00123054429423064,0.0006739198579452932,,
42,14,perturb_0.25sigma,0.10153483599424362,0.012206662446260452,0.01191977970302105,0.0005020562093704939,-5.456822691485286e-05,,
42,14,perturb_0.5sigma,0.1613474190235138,0.013592991977930069,0.012924685142934322,0.00045558594865724444,-0.0001010384876281023,,
42,14,perturb_1sigma,0.20637457072734833,0.09792330861091614,0.09549969434738159,0.0003358325338922441,-0.00022079190239310265,,
42,14,perturb_2sigma,0.33009040355682373,0.11767667531967163,0.11268479377031326,0.000701833690982312,0.00014520925469696522,,
42,15,supervised,0.0,0.0,0.0,0.0011306095402687788,0.0,,
42,15,actor,0.0,0.0,0.0,0.0011306095402687788,0.0,,
42,15,zero,0.4185381531715393,0.33916980028152466,0.3274890184402466,0.0017260289750993252,0.0005954194348305464,,
42,15,random,0.5071302652359009,0.41819310188293457,0.40322431921958923,0.002035491866990924,0.0009048823267221451,,
42,15,shuffled,0.8310017585754395,0.5846328139305115,0.5628880262374878,0.0018568503437563777,0.0007262408034875989,,
42,15,perturb_0.25sigma,0.044283632189035416,0.012675204314291477,0.012054167687892914,0.0011370409047231078,6.431364454329014e-06,,
42,15,perturb_0.5sigma,0.12549132108688354,0.013205855153501034,0.012388269416987896,0.0011956205125898123,6.501097232103348e-05,,
42,15,perturb_1sigma,0.13892538845539093,0.06524070352315903,0.06194676458835602,0.0010659410618245602,-6.466847844421864e-05,,
42,15,perturb_2sigma,0.4796983599662781,0.30727139115333557,0.2956106960773468,0.0017563805449754,0.0006257710047066212,,
42,16,supervised,0.0,0.0,0.0,0.0006370425689965487,0.0,,
42,16,actor,0.0,0.0,0.0,0.0006370425689965487,0.0,,
42,16,zero,0.39109835028648376,0.3309091329574585,0.32014036178588867,0.0012341884430497885,0.0005971458740532398,,
42,16,random,0.34785354137420654,0.26926520466804504,0.2600298523902893,0.001025102916173637,0.00038806034717708826,,
42,16,shuffled,0.7776119709014893,0.5786404609680176,0.5579793453216553,0.0018287744605913758,0.0011917318915948272,,
42,16,perturb_0.25sigma,0.05864186957478523,0.03075762465596199,0.02948390133678913,0.0006328759482130408,-4.166620783507824e-06,,
42,16,perturb_0.5sigma,0.09700103104114532,0.06571855396032333,0.0627666562795639,0.0006643147207796574,2.727215178310871e-05,,
42,16,perturb_1sigma,0.250060111284256,0.1322081983089447,0.12492649257183075,0.0008004585397429764,0.00016341597074642777,,
42,16,perturb_2sigma,0.3892722427845001,0.1831265091896057,0.17333239316940308,0.0007413645507767797,0.000104321981780231,,
42,17,supervised,0.0,0.0,0.0,0.0003347538586240262,0.0,,
42,17,actor,0.0,0.0,0.0,0.0003347538586240262,0.0,,
42,17,zero,0.38791942596435547,0.32124820351600647,0.3112614154815674,0.000978649826720357,0.0006438959680963308,,
42,17,random,0.47220340371131897,0.2714519202709198,0.2624601125717163,0.0007736773695796728,0.00043892351095564663,,
42,17,shuffled,0.7712469696998596,0.5647099614143372,0.5452092289924622,0.0018064106116071343,0.0014716567529831082,,
42,17,perturb_0.25sigma,0.07772201299667358,0.016360219568014145,0.015864292159676552,0.000421029981225729,8.627612260170281e-05,,
42,17,perturb_0.5sigma,0.1709236353635788,0.019838450476527214,0.018900630995631218,0.00019162204989697784,-0.00014313180872704834,,
42,17,perturb_1sigma,0.2931901216506958,0.05683445930480957,0.05349315330386162,0.0007008877582848072,0.000366133899660781,,
42,17,perturb_2sigma,0.34899064898490906,0.09427762031555176,0.08983118087053299,0.0004410345572978258,0.00010628069867379963,,
42,18,supervised,0.004598021507263184,0.0001325911289313808,0.00012521829921752214,0.0002153372479369864,1.4551915228366852e-11,,
42,18,actor,0.004598021507263184,0.0001325911289313808,0.00012521829921752214,0.0002153372479369864,1.4551915228366852e-11,,
42,18,zero,0.4100513160228729,0.30728402733802795,0.2979625463485718,0.000849307281896472,0.0006339700485114008,,
42,18,random,0.6043996214866638,0.378589004278183,0.3657698929309845,0.0012941841268911958,0.0010788468935061246,,
42,18,shuffled,0.8143842816352844,0.5425459146499634,0.5241752862930298,0.0017870214069262147,0.0015716841735411435,,
42,18,perturb_0.25sigma,0.04063011705875397,0.0019139319192618132,0.0018155822763219476,0.0002017502556554973,-1.3586977729573846e-05,,
42,18,perturb_0.5sigma,0.13191665709018707,0.040496837347745895,0.03930465504527092,0.00022343720775097609,8.099974365904927e-06,,
42,18,perturb_1sigma,0.2547402083873749,0.1039227768778801,0.10048030316829681,0.00030305952532216907,8.772229193709791e-05,,
42,18,perturb_2sigma,0.3066072165966034,0.03666352108120918,0.035286761820316315,0.00029101292602717876,7.56756926421076e-05,,
42,19,supervised,0.012339002452790737,0.00022333925880957395,0.000210626982152462,0.00018697051564231515,5.95915480516851e-07,,
42,19,actor,0.012339002452790737,0.00022333925880957395,0.000210626982152462,0.00018697051564231515,5.95915480516851e-07,,
42,19,zero,0.45372089743614197,0.2892003357410431,0.28053411841392517,0.0007304313476197422,0.0005440567474579439,,
42,19,random,0.311354398727417,0.025165481492877007,0.02439219132065773,0.00019650808826554567,1.0133488103747368e-05,,
42,19,shuffled,0.8975174427032471,0.5140078067779541,0.4967544972896576,0.0017459746450185776,0.0015596000448567793,,
42,19,perturb_0.25sigma,0.06165916845202446,0.023244371637701988,0.022496379911899567,0.00012237111513968557,-6.400348502211273e-05,,
42,19,perturb_0.5sigma,0.13043276965618134,0.02462594211101532,0.02381066419184208,0.0002052079071290791,1.8833306967280805e-05,,
42,19,perturb_1sigma,0.17053073644638062,0.05070176720619202,0.04899384826421738,0.0001982877147383988,1.1913114576600492e-05,,
42,19,perturb_2sigma,0.3322168290615082,0.17861634492874146,0.1708844006061554,0.0004942781524732709,0.0003079035523114726,,
42,20,supervised,0.0,0.0,0.0,0.005961686372756958,0.0,,
42,20,actor,0.0,0.0,0.0,0.005961686372756958,0.0,,
42,20,zero,0.23168876767158508,0.03391081839799881,0.03213629126548767,0.006119044963270426,0.0001573585905134678,,
42,20,random,0.2920493483543396,0.15806852281093597,0.15030799806118011,0.00779416598379612,0.0018324796110391617,,
42,20,shuffled,0.4578123688697815,0.07275382429361343,0.06857036799192429,0.006270339246839285,0.0003086528740823269,,
42,20,perturb_0.25sigma,0.11421568691730499,0.009620892815291882,0.008742036297917366,0.005998303182423115,3.661680966615677e-05,,
42,20,perturb_0.5sigma,0.1165245920419693,0.07262461632490158,0.06887904554605484,0.00681086303666234,0.0008491766639053822,,
42,20,perturb_1sigma,0.1456727385520935,0.042491305619478226,0.04096967354416847,0.00530947744846344,-0.0006522089242935181,,
42,20,perturb_2sigma,0.5127729177474976,0.23570053279399872,0.22512227296829224,0.0019583851099014282,-0.00400330126285553,,
42,21,supervised,0.0,0.0,0.0,0.0059842015616595745,0.0,,
42,21,actor,0.0,0.0,0.0,0.0059842015616595745,0.0,,
42,21,zero,0.1571502536535263,0.019120803102850914,0.018212854862213135,0.00599202373996377,7.822178304195404e-06,,
42,21,random,0.3597933053970337,0.17255955934524536,0.1667666733264923,0.00316219381056726,-0.0028220077510923147,,
42,21,shuffled,0.3112957179546356,0.040008388459682465,0.037961822003126144,0.005978991277515888,-5.2102841436862946e-06,,
42,21,perturb_0.25sigma,0.05141202360391617,0.030073458328843117,0.028656335547566414,0.006369722541421652,0.00038552097976207733,,
42,21,perturb_0.5sigma,0.11490852385759354,0.04243794456124306,0.040896207094192505,0.00658137584105134,0.0005971742793917656,,
42,21,perturb_1sigma,0.23724210262298584,0.06649843603372574,0.06398054212331772,0.004967081360518932,-0.0010171202011406422,,
42,21,perturb_2sigma,0.49492308497428894,0.27798548340797424,0.2667734622955322,0.0009219114435836673,-0.005062290118075907,,
42,22,supervised,0.0,0.0,0.0,0.006146529223769903,0.0,,
42,22,actor,0.0,0.0,0.0,0.006146529223769903,0.0,,
42,22,zero,0.1013002023100853,0.005379462614655495,0.005113652907311916,0.006045106332749128,-0.00010142289102077484,,
42,22,random,0.2207036018371582,0.0879281610250473,0.08508605509996414,0.00477299839258194,-0.0013735308311879635,,
42,22,shuffled,0.2008628100156784,0.010807954706251621,0.010280277580022812,0.005936681758612394,-0.00020984746515750885,,
42,22,perturb_0.25sigma,0.1116248294711113,0.02605505660176277,0.02419937402009964,0.006120461970567703,-2.6067253202199936e-05,,
42,22,perturb_0.5sigma,0.08768463134765625,0.06604162603616714,0.06294868141412735,0.006892436183989048,0.0007459069602191448,,
42,22,perturb_1sigma,0.3130725026130676,0.3296671211719513,0.31414681673049927,0.009707094170153141,0.003560564946383238,,
42,22,perturb_2sigma,0.3112833797931671,0.08832637220621109,0.08370430767536163,0.005115100182592869,-0.0010314290411770344,,
42,23,supervised,0.0,0.0,0.0,0.00643853610381484,0.0,,
42,23,actor,0.0,0.0,0.0,0.00643853610381484,0.0,,
42,23,zero,0.10186301171779633,0.017559265717864037,0.0166179072111845,0.006265709642320871,-0.00017282646149396896,,
42,23,random,0.14344526827335358,0.02637351118028164,0.02486143819987774,0.006715541705489159,0.0002770056016743183,,
42,23,shuffled,0.2024262398481369,0.03395440801978111,0.03204797953367233,0.0060980659909546375,-0.0003404701128602028,,
42,23,perturb_0.25sigma,0.05060786381363869,0.04667611047625542,0.04464072361588478,0.007013895083218813,0.0005753589794039726,,
42,23,perturb_0.5sigma,0.08005908131599426,0.0625934898853302,0.05935806408524513,0.005690272897481918,-0.000748263206332922,,
42,23,perturb_1sigma,0.22725902497768402,0.06637047231197357,0.0635991245508194,0.005502380430698395,-0.0009361556731164455,,
42,23,perturb_2sigma,0.5700657367706299,0.3102837800979614,0.29514408111572266,0.0007279866258613765,-0.005710549477953464,,
42,24,supervised,0.0,0.0,0.0,0.0068142893724143505,0.0,,
42,24,actor,0.0,0.0,0.0,0.0068142893724143505,0.0,,
42,24,zero,0.1575894057750702,0.03418218344449997,0.032503798604011536,0.006586221978068352,-0.00022806739434599876,,
42,24,random,0.3429155945777893,0.13756564259529114,0.13123154640197754,0.008434467017650604,0.0016201776452362537,,
42,24,shuffled,0.31252580881118774,0.06314491480588913,0.059758707880973816,0.006316406186670065,-0.0004978831857442856,,
42,24,perturb_0.25sigma,0.05081506073474884,0.03503816947340965,0.03352785483002663,0.006348155438899994,-0.0004661339335143566,,
42,24,perturb_0.5sigma,0.19850678741931915,0.04721444472670555,0.04502647742629051,0.0070285736583173275,0.000214284285902977,,
42,24,perturb_1sigma,0.23163573443889618,0.04256756976246834,0.040377844125032425,0.006525939330458641,-0.00028835004195570946,,
42,24,perturb_2sigma,0.28363141417503357,0.10558778792619705,0.10123592615127563,0.008152499794960022,0.0013382104225456715,,
42,25,supervised,0.0,0.0,0.0,0.005961686372756958,0.0,,
42,25,actor,0.0,0.0,0.0,0.005961686372756958,0.0,,
42,25,zero,0.23168876767158508,0.03391081839799881,0.03213629126548767,0.006119044963270426,0.0001573585905134678,,
42,25,random,0.26895052194595337,0.08111722022294998,0.07684501260519028,0.005032196640968323,-0.0009294897317886353,,
42,25,shuffled,0.4578123688697815,0.07275382429361343,0.06857036799192429,0.006270339246839285,0.0003086528740823269,,
42,25,perturb_0.25sigma,0.0576094351708889,0.008892719633877277,0.008602837100625038,0.005810467526316643,-0.00015121884644031525,,
42,25,perturb_0.5sigma,0.09491091221570969,0.011577537283301353,0.010718934237957,0.005987281445413828,2.5595072656869888e-05,,
42,25,perturb_1sigma,0.34152233600616455,0.3292602002620697,0.31236493587493896,0.009638264775276184,0.003676578402519226,,
42,25,perturb_2sigma,0.39323800802230835,0.06415686756372452,0.06151663511991501,0.005088895093649626,-0.0008727912791073322,,
42,26,supervised,0.0,0.0,0.0,0.006308835465461016,0.0,,
42,26,actor,0.0,0.0,0.0,0.006308835465461016,0.0,,
42,26,zero,0.15917354822158813,0.015994740650057793,0.01530538871884346,0.006176152266561985,-0.00013268319889903069,,
42,26,random,0.25018396973609924,0.15577848255634308,0.14916615188121796,0.0038914456963539124,-0.0024173897691071033,,
42,26,shuffled,0.3152472972869873,0.03300044685602188,0.03146345913410187,0.00600067712366581,-0.00030815834179520607,,
42,26,perturb_0.25sigma,0.038878969848155975,0.02888178452849388,0.02733745239675045,0.006660719867795706,0.0003518844023346901,,
42,26,perturb_0.5sigma,0.16020749509334564,0.14860518276691437,0.14155621826648712,0.004148024599999189,-0.0021608108654618263,,
42,26,perturb_1sigma,0.29190027713775635,0.16545602679252625,0.1562470644712448,0.004234204068779945,-0.0020746313966810703,,
42,26,perturb_2sigma,0.32401329278945923,0.04572291299700737,0.04339387267827988,0.006816546432673931,0.0005077109672129154,,
42,27,supervised,0.0,0.0,0.0,0.006006241776049137,0.0,,
42,27,actor,0.0,0.0,0.0,0.006006241776049137,0.0,,
42,27,zero,0.10481460392475128,0.012967090122401714,0.01230480894446373,0.005785577930510044,-0.00022066384553909302,,
42,27,random,0.2434537708759308,0.07270950824022293,0.06968169659376144,0.006989157292991877,0.0009829155169427395,,
42,27,shuffled,0.20755361020565033,0.025911251083016396,0.02468150667846203,0.005559174809604883,-0.0004470669664442539,,
42,27,perturb_0.25sigma,0.12700025737285614,0.05170811712741852,0.04835006967186928,0.00551578076556325,-0.0004904610104858875,,
42,27,perturb_0.5sigma,0.1815408170223236,0.027715129777789116,0.026009451597929,0.006252444814890623,0.000246203038841486,,
42,27,perturb_1sigma,0.29691261053085327,0.2715361714363098,0.25596293807029724,0.009465647861361504,0.0034594060853123665,,
42,27,perturb_2sigma,0.5793755650520325,0.6144152283668518,0.5854819416999817,0.008810070343315601,0.0028038285672664642,,
42,28,supervised,0.0,0.0,0.0,0.00665360176935792,0.0,,
42,28,actor,0.0,0.0,0.0,0.00665360176935792,0.0,,
42,28,zero,0.10453705489635468,0.02730497159063816,0.02522575482726097,0.0062878550961613655,-0.0003657466731965542,,
42,28,random,0.17638052999973297,0.10589218884706497,0.09972625225782394,0.0051078591495752335,-0.0015457426197826862,,
42,28,shuffled,0.2075577676296234,0.05277710407972336,0.04875698685646057,0.00592434499412775,-0.0007292567752301693,,
42,28,perturb_0.25sigma,0.04599618539214134,0.015492877922952175,0.014221899211406708,0.006470152642577887,-0.0001834491267800331,,
42,28,perturb_0.5sigma,0.13766930997371674,0.025909435003995895,0.023310203105211258,0.006647324189543724,-6.277579814195633e-06,,
42,28,perturb_1sigma,0.38070911169052124,0.20436660945415497,0.19237756729125977,0.0035195667296648026,-0.003134035039693117,,
42,28,perturb_2sigma,0.539578378200531,0.21284903585910797,0.20387987792491913,0.003143886337056756,-0.0035097154323011637,,
42,29,supervised,0.0,0.0,0.0,0.005982891656458378,0.0,,
42,29,actor,0.0,0.0,0.0,0.005982891656458378,0.0,,
42,29,zero,0.15839838981628418,0.04429445043206215,0.041465580463409424,0.0054831737652421,-0.0004997178912162781,,
42,29,random,0.2202685922384262,0.06366806477308273,0.059786658734083176,0.0067749787122011185,0.0007920870557427406,,
42,29,shuffled,0.3138265013694763,0.08127345889806747,0.07591668516397476,0.004993288312107325,-0.0009896033443510532,,
42,29,perturb_0.25sigma,0.05392269045114517,0.0048690480180084705,0.004661761224269867,0.006008487194776535,2.5595538318157196e-05,,
42,29,perturb_0.5sigma,0.12513217329978943,0.06767211854457855,0.06344842165708542,0.006757455877959728,0.0007745642215013504,,
42,29,perturb_1sigma,0.2864384949207306,0.31846168637275696,0.29992130398750305,0.009989557787775993,0.0040066661313176155,,
42,29,perturb_2sigma,0.6119191646575928,0.6667162179946899,0.6357747316360474,0.007382313720881939,0.001399422064423561,,
42,30,supervised,0.0,0.0,0.0,0.00107690563891083,0.0,,
42,30,actor,0.0,0.0,0.0,0.00107690563891083,0.0,,
42,30,zero,0.42940083146095276,0.3470751643180847,0.33541491627693176,0.0016708081820979714,0.0005939025431871414,,
42,30,random,0.4574024975299835,0.37088072299957275,0.3582375943660736,0.0018410924822092056,0.0007641868432983756,,
42,30,shuffled,0.8518519997596741,0.5899306535720825,0.5680920481681824,0.0017483249539509416,0.0006714193150401115,,
42,30,perturb_0.25sigma,0.04356929659843445,0.0150996632874012,0.01429415587335825,0.0010838104644790292,6.904825568199158e-06,,
42,30,perturb_0.5sigma,0.07139698415994644,0.011528289876878262,0.011088271625339985,0.0011428754078224301,6.596976891160011e-05,,
42,30,perturb_1sigma,0.21706856787204742,0.01624157652258873,0.015460638329386711,0.0011933601927012205,0.00011645455379039049,,
42,30,perturb_2sigma,0.37139737606048584,0.04780688136816025,0.04502379149198532,0.0007710630889050663,-0.00030584255000576377,,
42,31,supervised,0.0,0.0,0.0,0.0005997533444315195,0.0,,
42,31,actor,0.0,0.0,0.0,0.0005997533444315195,0.0,,
42,31,zero,0.4040868580341339,0.3387279510498047,0.3279711604118347,0.00119775312487036,0.0005979997804388404,,
42,31,random,0.5392423868179321,0.4444597661495209,0.4305287301540375,0.0017043472034856677,0.0011045938590541482,,
42,31,shuffled,0.8028244376182556,0.5845107436180115,0.5637134909629822,0.0017298849998041987,0.0011301316553726792,,
42,31,perturb_0.25sigma,0.07113342732191086,0.021275749430060387,0.02035210281610489,0.0006283434922806919,2.8590147849172354e-05,,
42,31,perturb_0.5sigma,0.11740994453430176,0.05467900261282921,0.051690299063920975,0.000756638590246439,0.00015688524581491947,,
42,31,perturb_1sigma,0.22186699509620667,0.024115990847349167,0.02278568036854267,0.0004151933826506138,-0.00018455996178090572,,
42,31,perturb_2sigma,0.31309282779693604,0.014903738163411617,0.014485839754343033,0.0005556721007451415,-4.4081243686378e-05,,
42,32,supervised,0.0010826587677001953,9.81546108960174e-05,9.159610635833815e-05,0.0003143759386148304,1.1915108188986778e-07,,
42,32,actor,0.0010826587677001953,9.81546108960174e-05,9.159610635833815e-05,0.0003143759386148304,1.1915108188986778e-07,,
42,32,zero,0.40259674191474915,0.32873427867889404,0.3187771737575531,0.0009563777130097151,0.0006421209254767746,,
42,32,random,0.5835724472999573,0.44770348072052,0.4334152936935425,0.00157878827303648,0.0012645314855035394,,
42,32,shuffled,0.7998718023300171,0.5710609555244446,0.5514219999313354,0.0017179911956191063,0.0014037344080861658,,
42,32,perturb_0.25sigma,0.09707359224557877,0.011546898633241653,0.010914050973951817,0.00042353078606538475,0.00010927399853244424,,
42,32,perturb_0.5sigma,0.062495406717061996,0.005487046670168638,0.0051755160093307495,0.00035942153772339225,4.516475019045174e-05,,
42,32,perturb_1sigma,0.16433310508728027,0.06755048036575317,0.0651962012052536,0.00020163865701761097,-0.00011261813051532954,,
42,32,perturb_2sigma,0.4529879093170166,0.10174938291311264,0.09751827269792557,0.000583674933295697,0.00026941814576275647,,
42,33,supervised,0.007736152969300747,0.00015920031000860035,0.00015164895739872009,0.00021319216466508806,5.95915480516851e-07,,
42,33,actor,0.007736152969300747,0.00015920031000860035,0.00015164895739872009,0.00021319216466508806,5.95915480516851e-07,,
42,33,zero,0.42562928795814514,0.3144092857837677,0.3051588833332062,0.0008366805268451571,0.0006240842776605859,,
42,33,random,0.3637866675853729,0.19702301919460297,0.19096967577934265,0.0003016281989403069,8.90319497557357e-05,,
42,33,shuffled,0.8450450897216797,0.5494914650917053,0.5310233235359192,0.0017107389867305756,0.0014981427375460044,,
42,33,perturb_0.25sigma,0.05662887543439865,0.02095058001577854,0.020092951133847237,0.0002986409526783973,8.604470349382609e-05,,
42,33,perturb_0.5sigma,0.11274393647909164,0.021149104461073875,0.020285099744796753,0.00016301659343298525,-4.957965575158596e-05,,
42,33,perturb_1sigma,0.22222770750522614,0.11459709703922272,0.10967907309532166,0.0004329263174440712,0.00022033006825949997,,
42,33,perturb_2sigma,0.3415762484073639,0.0824957937002182,0.07908899337053299,0.0003718032967299223,0.0001592070475453511,,
42,34,supervised,0.015945889055728912,0.0002704744692891836,0.0002549447235651314,0.00020127305469941348,7.150956662371755e-07,,
42,34,actor,0.015945889055728912,0.0002704744692891836,0.0002549447235651314,0.00020127305469941348,7.150956662371755e-07,,
42,34,zero,0.4694051742553711,0.2955775260925293,0.2870243787765503,0.0007199476240202785,0.0005193896649871022,,
42,34,random,0.46041569113731384,0.2676215171813965,0.2601493000984192,0.0005044331192038953,0.00030387516017071903,,
42,34,shuffled,0.927486777305603,0.5212246775627136,0.5039501786231995,0.0016792099922895432,0.0014786520332563668,,
42,34,perturb_0.25sigma,0.04437924176454544,0.002824511146172881,0.002773027401417494,0.0002087814937112853,8.22353467810899e-06,,
42,34,perturb_0.5sigma,0.10777931660413742,0.06724746525287628,0.06499946117401123,4.262965376256034e-05,-0.00015792830527061597,,
42,34,perturb_1sigma,0.21502310037612915,0.08695371448993683,0.08311022073030472,0.0005226531648077071,0.00032209520577453077,,
42,34,perturb_2sigma,0.4010959565639496,0.04331507906317711,0.04094776138663292,0.0005961738643236458,0.00039561590529046953,,
42,35,supervised,0.12368381768465042,0.004742037504911423,0.004622058477252722,0.0008100228733383119,-6.4320629462599754e-06,,
42,35,actor,0.12368381768465042,0.004742037504911423,0.004622058477252722,0.0008100228733383119,-6.4320629462599754e-06,,
42,35,zero,0.6931268572807312,0.39915043115615845,0.39022645354270935,0.0009880185825750232,0.0001715636462904513,,
42,35,random,0.7602787613868713,0.41628536581993103,0.40669065713882446,0.0009771749610081315,0.00016072002472355962,,
42,35,shuffled,1.3255596160888672,0.556885838508606,0.5382455587387085,0.0006769612082280219,-0.00013949372805655003,,
42,35,perturb_0.25sigma,0.15347208082675934,0.046802159398794174,0.0456567108631134,0.0007639259565621614,-5.252897972241044e-05,,
42,35,perturb_0.5sigma,0.186602383852005,0.05523626133799553,0.05336536839604378,0.0008508740575052798,3.441912122070789e-05,,
42,35,perturb_1sigma,0.22625195980072021,0.06966423243284225,0.068050816655159,0.0008007321739569306,-1.572276232764125e-05,,
42,35,perturb_2sigma,0.33742833137512207,0.10810410976409912,0.10579570382833481,0.0007970377919264138,-1.941714435815811e-05,,
42,36,supervised,0.12380151450634003,0.004510233644396067,0.0043892222456634045,0.000667911721393466,-1.715455437079072e-05,,
42,36,actor,0.12380151450634003,0.004510233644396067,0.0043892222456634045,0.000667911721393466,-1.715455437079072e-05,,
42,36,zero,0.702417254447937,0.4028148353099823,0.39390823245048523,0.0008990542264655232,0.00021398795070126653,,
42,36,random,0.83673495054245,0.42672666907310486,0.41671863198280334,0.000928583147469908,0.00024351687170565128,,
42,36,shuffled,1.3456010818481445,0.5604551434516907,0.5415076613426208,0.0006938779260963202,8.811650332063437e-06,,
42,36,perturb_0.25sigma,0.1340515911579132,0.0110012823715806,0.01068634632974863,0.0006795857916586101,-5.48048410564661e-06,,
42,36,perturb_0.5sigma,0.1681443452835083,0.04514109343290329,0.04374821484088898,0.000741885625757277,5.6819349993020296e-05,,
42,36,perturb_1sigma,0.17748896777629852,0.011339128948748112,0.010967954061925411,0.0006721998215653002,-1.286645419895649e-05,,
42,36,perturb_2sigma,0.3803935945034027,0.08527485281229019,0.08360844850540161,0.0007309287902899086,4.586251452565193e-05,,
42,37,supervised,0.14147339761257172,0.004825461655855179,0.004689075518399477,0.0006743431440554559,-2.7518603019416332e-05,,
42,37,actor,0.14147339761257172,0.004825461655855179,0.004689075518399477,0.0006743431440554559,-2.7518603019416332e-05,,
42,37,zero,0.7277504205703735,0.39699500799179077,0.3882836699485779,0.0008908373420126736,0.00018897559493780136,,
42,37,random,0.8870893716812134,0.464259535074234,0.45236241817474365,0.000928092107642442,0.00022623036056756973,,
42,37,shuffled,1.3909813165664673,0.5567798018455505,0.5377098321914673,0.0007124637486413121,1.0602001566439867e-05,,
42,37,perturb_0.25sigma,0.14717300236225128,0.01645718514919281,0.016067322343587875,0.0006503983750008047,-5.146337207406759e-05,,
42,37,perturb_0.5sigma,0.1640629768371582,0.03938134014606476,0.038629792630672455,0.0006463482277467847,-5.551351932808757e-05,,
42,37,perturb_1sigma,0.247041255235672,0.026539871469140053,0.02567027136683464,0.0007534396718256176,5.1577924750745296e-05,,
42,37,perturb_2sigma,0.6668514609336853,0.3585977852344513,0.35164180397987366,0.0007904415251687169,8.857977809384465e-05,,
42,38,supervised,0.17795845866203308,0.0057691121473908424,0.0055731902830302715,0.0007710687350481749,-3.740249667316675e-05,,
42,38,actor,0.17795845866203308,0.0057691121473908424,0.0055731902830302715,0.0007710687350481749,-3.740249667316675e-05,,
42,38,zero,0.7666981220245361,0.3848685026168823,0.37655457854270935,0.0009170423145405948,0.0001085710828192532,,
42,38,random,0.6947774291038513,0.3209928274154663,0.3144877254962921,0.0008511965279467404,4.272529622539878e-05,,
42,38,shuffled,1.4468889236450195,0.5484746098518372,0.529605507850647,0.0007318839197978377,-7.658731192350388e-05,,
42,38,perturb_0.25sigma,0.18074151873588562,0.008705689571797848,0.008430139161646366,0.0007742850575596094,-3.41861741617322e-05,,
42,38,perturb_0.5sigma,0.22501754760742188,0.055150728672742844,0.05368871986865997,0.0008332422585226595,2.477102680131793e-05,,
42,38,perturb_1sigma,0.26658108830451965,0.050744667649269104,0.049711909145116806,0.0007978702778927982,-1.0600953828543425e-05,,
42,38,perturb_2sigma,0.2690926194190979,0.05331805720925331,0.05181242898106575,0.0008357436745427549,2.727244282141328e-05,,
42,39,supervised,0.22534535825252533,0.007555246353149414,0.007286495994776487,0.0008517062524333596,-4.668970359489322e-05,,
42,39,actor,0.22534535825252533,0.007555246353149414,0.007286495994776487,0.0008517062524333596,-4.668970359489322e-05,,
42,39,zero,0.8162161111831665,0.3677166700363159,0.3598378598690033,0.0009257418569177389,2.7345900889486074e-05,,
42,39,random,0.9037595391273499,0.3896031975746155,0.380830317735672,0.0009346664883196354,3.627053229138255e-05,,
42,39,shuffled,1.5158816576004028,0.5367830395698547,0.5183674693107605,0.0007589280721731484,-0.00013946788385510445,,
42,39,perturb_0.25sigma,0.2271208018064499,0.014338098466396332,0.014070636592805386,0.0008568273624405265,-4.1568593587726355e-05,,
42,39,perturb_0.5sigma,0.2658809721469879,0.07535819709300995,0.07394871115684509,0.0007926281541585922,-0.00010576780186966062,,
42,39,perturb_1sigma,0.24387827515602112,0.010653134435415268,0.01040987204760313,0.0008431302267126739,-5.526572931557894e-05,,
42,39,perturb_2sigma,0.297690749168396,0.05439130589365959,0.05285482108592987,0.0009026791667565703,4.283210728317499e-06,,
42,40,supervised,0.01916918158531189,0.000320994236972183,0.0003079563030041754,0.0008300223271362484,2.263113856315613e-06,,
42,40,actor,0.01916918158531189,0.000320994236972183,0.0003079563030041754,0.0008300223271362484,2.263113856315613e-06,,
42,40,zero,0.5012481212615967,0.38950997591018677,0.37845513224601746,0.0013907271204516292,0.0005629679071716964,,
42,40,random,0.49974748492240906,0.2375195473432541,0.2304905503988266,0.0009950946550816298,0.00016733544180169702,,
42,40,shuffled,0.9875579476356506,0.6091450452804565,0.5873064398765564,0.0012336212676018476,0.0004058620543219149,,
42,40,perturb_0.25sigma,0.06441955268383026,0.0350404717028141,0.033659353852272034,0.0008665916975587606,3.8832484278827906e-05,,
42,40,perturb_0.5sigma,0.08478177338838577,0.006807578261941671,0.006572659593075514,0.0008397900382988155,1.2030825018882751e-05,,
42,40,perturb_1sigma,0.11609053611755371,0.03425082936882973,0.03282543644309044,0.0008456289069727063,1.786969369277358e-05,,
42,40,perturb_2sigma,0.4418092966079712,0.26051560044288635,0.25323960185050964,0.0009323297999799252,0.00010457058669999242,,
42,41,supervised,0.016336074098944664,0.00021742867829743773,0.0002065259322989732,0.0004621415282599628,1.1918018572032452e-07,,
42,41,actor,0.016336074098944664,0.00021742867829743773,0.0002065259322989732,0.0004621415282599628,1.1918018572032452e-07,,
42,41,zero,0.4887276589870453,0.38028183579444885,0.37011754512786865,0.0010397292207926512,0.0005777068727184087,,
42,41,random,0.8353478908538818,0.49287182092666626,0.4780675768852234,0.0013457007007673383,0.0008836783526930958,,
42,41,shuffled,0.9661762118339539,0.6062868237495422,0.5851947665214539,0.0012491032248362899,0.0007870808767620474,,
42,41,perturb_0.25sigma,0.038669124245643616,0.009203927591443062,0.008935361169278622,0.00047381946933455765,1.179712126031518e-05,,
42,41,perturb_0.5sigma,0.2156749814748764,0.16322405636310577,0.1585676372051239,0.0004252083308529109,-3.6814017221331596e-05,,
42,41,perturb_1sigma,0.1811293363571167,0.013398995622992516,0.012726564891636372,0.00034858169965445995,-0.00011344064841978252,,
42,41,perturb_2sigma,0.4078805446624756,0.14064176380634308,0.13188712298870087,0.000732683518435806,0.00027066117036156356,,
42,42,supervised,0.023787537589669228,0.0003903219476342201,0.00037107543903402984,0.0003140202315989882,4.766625352203846e-07,,
42,42,actor,0.023787537589669228,0.0003903219476342201,0.00037107543903402984,0.0003140202315989882,4.766625352203846e-07,,
42,42,zero,0.49725136160850525,0.3663041889667511,0.35689350962638855,0.0008953894721344113,0.0005818459030706435,,
42,42,random,0.6047546863555908,0.4207644462585449,0.40972256660461426,0.0011280751787126064,0.0008145316096488386,,
42,42,shuffled,0.983934223651886,0.5932852029800415,0.5730994343757629,0.001276016584597528,0.0009624730155337602,,
42,42,perturb_0.25sigma,0.05690249800682068,0.017411183565855026,0.016715480014681816,0.0003634735767263919,4.993000766262412e-05,,
42,42,perturb_0.5sigma,0.08851094543933868,0.0030061216093599796,0.0028011277318000793,0.00033463668660260737,2.109311753883958e-05,,
42,42,perturb_1sigma,0.1789579689502716,0.02307388186454773,0.022537045180797577,0.00036645570071414113,5.291213165037334e-05,,
42,42,perturb_2sigma,0.5225169062614441,0.15544916689395905,0.15137669444084167,0.00027267131372354925,-4.0872255340218544e-05,,
42,43,supervised,0.03341759741306305,0.0004920785431750119,0.00046361240674741566,0.00036573823308572173,8.340866770595312e-07,,
42,43,actor,0.03341759741306305,0.0004920785431750119,0.00046361240674741566,0.00036573823308572173,8.340866770595312e-07,,
42,43,zero,0.5257682800292969,0.3480641543865204,0.33938902616500854,0.0008744290098547935,0.0005095248634461313,,
42,43,random,0.5715980529785156,0.3566327393054962,0.34782350063323975,0.0009000340942293406,0.0005351299478206784,,
42,43,shuffled,1.0365574359893799,0.5717813372612,0.5526643395423889,0.0013118586502969265,0.0009469545038882643,,
42,43,perturb_0.25sigma,0.06514757126569748,0.009176359511911869,0.008884120732545853,0.0003935039567295462,2.859981032088399e-05,,
42,43,perturb_0.5sigma,0.15363311767578125,0.0331277959048748,0.03233356028795242,0.0004274661769159138,6.256203050725162e-05,,
42,43,perturb_1sigma,0.20101894438266754,0.05692294239997864,0.05512022227048874,0.0003867054474540055,2.180130104534328e-05,,
42,43,perturb_2sigma,0.5399996042251587,0.23251304030418396,0.22709031403064728,0.00032462619128637016,-4.027795512229204e-05,,
42,44,supervised,0.06334980577230453,0.0022428063675761223,0.0021334548946470022,0.0004962164093740284,-3.2172538340091705e-06,,
42,44,actor,0.06334980577230453,0.0022428063675761223,0.0021334548946470022,0.0004962164093740284,-3.2172538340091705e-06,,
42,44,zero,0.5709089040756226,0.32513606548309326,0.3171877861022949,0.0008607348427176476,0.00036130117950960994,,
42,44,random,0.7124696373939514,0.36284303665161133,0.35295939445495605,0.0010410395916551352,0.0005416059284470975,,
42,44,shuffled,1.1180747747421265,0.5433907508850098,0.5254538059234619,0.0013454383006319404,0.0008460046374239028,,
42,44,perturb_0.25sigma,0.07716237753629684,0.004272060934454203,0.004056903533637524,0.0005212374962866306,2.1803833078593016e-05,,
42,44,perturb_0.5sigma,0.1304967701435089,0.06910507380962372,0.06722895801067352,0.00033344837720505893,-0.00016598528600297868,,
42,44,perturb_1sigma,0.2302529513835907,0.02216302417218685,0.021528096869587898,0.00039207201916724443,-0.00010736164404079318,,
42,44,perturb_2sigma,0.6427577137947083,0.23057574033737183,0.22526419162750244,0.0004386630025692284,-6.0770660638809204e-05,,
42,45,supervised,0.0,0.0,0.0,0.004089162219315767,0.0,,
42,45,actor,0.0,0.0,0.0,0.004089162219315767,0.0,,
42,45,zero,0.24417348206043243,0.10722880810499191,0.10192673653364182,0.004670266527682543,0.0005811043083667755,,
42,45,random,0.2765137255191803,0.06380897015333176,0.061646848917007446,0.003431570017710328,-0.0006575922016054392,,
42,45,shuffled,0.48403945565223694,0.23541808128356934,0.22477270662784576,0.005700239911675453,0.001611077692359686,,
42,45,perturb_0.25sigma,0.060101304203271866,0.035955652594566345,0.03415365144610405,0.0038189077749848366,-0.0002702544443309307,,
42,45,perturb_0.5sigma,0.14413487911224365,0.08385832607746124,0.07952272146940231,0.0046121240593492985,0.0005229618400335312,,
42,45,perturb_1sigma,0.19230709969997406,0.10829263925552368,0.10273085534572601,0.004726151004433632,0.0006369887851178646,,
42,45,perturb_2sigma,0.34067368507385254,0.12707199156284332,0.12077038735151291,0.0048897527158260345,0.0008005904965102673,,
42,46,supervised,0.0,0.0,0.0,0.0037907676305621862,0.0,,
42,46,actor,0.0,0.0,0.0,0.0037907676305621862,0.0,,
42,46,zero,0.17179091274738312,0.09645742177963257,0.0920218974351883,0.004267000127583742,0.0004762324970215559,,
42,46,random,0.2539146840572357,0.0449092797935009,0.04249078407883644,0.0037722447887063026,-1.85228418558836e-05,,
42,46,shuffled,0.34143850207328796,0.20582465827465057,0.1969137340784073,0.005080248694866896,0.0012894810643047094,,
42,46,perturb_0.25sigma,0.06498728692531586,0.052208174020051956,0.049732182174921036,0.004096765536814928,0.0003059979062527418,,
42,46,perturb_0.5sigma,0.1479811668395996,0.044597409665584564,0.04196910187602043,0.003727462375536561,-6.330525502562523e-05,,
42,46,perturb_1sigma,0.2726671099662781,0.09127624332904816,0.08624399453401566,0.0033164399210363626,-0.0004743277095258236,,
42,46,perturb_2sigma,0.5029371976852417,0.08944234251976013,0.08688408136367798,0.0029484054539352655,-0.0008423621766269207,,
42,47,supervised,0.0,0.0,0.0,0.0035791166592389345,0.0,,
42,47,actor,0.0,0.0,0.0,0.0035791166592389345,0.0,,
42,47,zero,0.12154451012611389,0.0842108502984047,0.0805274248123169,0.00403016060590744,0.00045104394666850567,,
42,47,random,0.2971585690975189,0.08057232201099396,0.07645012438297272,0.0038412439171224833,0.00026212725788354874,,
42,47,shuffled,0.24216358363628387,0.17484363913536072,0.16755588352680206,0.004703725688159466,0.0011246090289205313,,
42,47,perturb_0.25sigma,0.04556655138731003,0.03983895108103752,0.03796261176466942,0.003341516712680459,-0.0002375999465584755,,
42,47,perturb_0.5sigma,0.1370585858821869,0.007503272499889135,0.006865751463919878,0.003545737126842141,-3.3379532396793365e-05,,
42,47,perturb_1sigma,0.1543111652135849,0.0255898330360651,0.02472887746989727,0.0038646324537694454,0.0002855157945305109,,
42,47,perturb_2sigma,0.572378933429718,0.4679911434650421,0.44608384370803833,0.006267919670790434,0.0026888030115514994,,
42,48,supervised,0.0,0.0,0.0,0.0034604433458298445,0.0,,
42,48,actor,0.0,0.0,0.0,0.0034604433458298445,0.0,,
42,48,zero,0.12418600916862488,0.07266023755073547,0.06959133595228195,0.003958205692470074,0.0004977623466402292,,
42,48,random,0.18709377944469452,0.08192116022109985,0.0772797018289566,0.003182882210239768,-0.00027756113559007645,,
42,48,shuffled,0.24801523983478546,0.14634959399700165,0.14025940001010895,0.004584474954754114,0.0011240316089242697,,
42,48,perturb_0.25sigma,0.05889446288347244,0.03278208523988724,0.0315256267786026,0.0037253296468406916,0.0002648863010108471,,
42,48,perturb_0.5sigma,0.13978400826454163,0.05836504325270653,0.05500227212905884,0.0032620239071547985,-0.00019841943867504597,,
42,48,perturb_1sigma,0.49596384167671204,0.26665565371513367,0.254597008228302,0.0009712190949358046,-0.00248922425089404,,
42,48,perturb_2sigma,0.2160009890794754,0.07722152024507523,0.07293283939361572,0.0031245360150933266,-0.0003359073307365179,,
42,49,supervised,0.0,0.0,0.0,0.003412803402170539,0.0,,
42,49,actor,0.0,0.0,0.0,0.003412803402170539,0.0,,
42,49,zero,0.1769903004169464,0.06330838054418564,0.060776516795158386,0.004000949207693338,0.0005881458055227995,,
42,49,random,0.2772446274757385,0.1081196591258049,0.1038023829460144,0.004403968807309866,0.000991165405139327,,
42,49,shuffled,0.3524922728538513,0.12426747381687164,0.11909642815589905,0.004639058839529753,0.0012262554373592138,,
42,49,perturb_0.25sigma,0.0575389489531517,0.010596778243780136,0.010379924438893795,0.003303973702713847,-0.00010882969945669174,,
42,49,perturb_0.5sigma,0.10658551752567291,0.024307118728756905,0.023179201409220695,0.0034473766572773457,3.4573255106806755e-05,,
42,49,perturb_1sigma,0.19228346645832062,0.022543316707015038,0.02148258127272129,0.0033352195750921965,-7.758382707834244e-05,,
42,49,perturb_2sigma,0.47338658571243286,0.07214777916669846,0.06891807913780212,0.0037503913044929504,0.00033758790232241154,,
42,50,supervised,0.0,0.0,0.0,0.004089162219315767,0.0,,
42,50,actor,0.0,0.0,0.0,0.004089162219315767,0.0,,
42,50,zero,0.24417348206043243,0.10722880810499191,0.10192673653364182,0.004670266527682543,0.0005811043083667755,,
42,50,random,0.3111693263053894,0.04342783987522125,0.04220466688275337,0.003599424846470356,-0.0004897373728454113,,
42,50,shuffled,0.48403945565223694,0.23541808128356934,0.22477270662784576,0.005700239911675453,0.001611077692359686,,
42,50,perturb_0.25sigma,0.04858478158712387,0.021103234961628914,0.019886769354343414,0.003981471993029118,-0.0001076902262866497,,
42,50,perturb_0.5sigma,0.13886426389217377,0.03213195502758026,0.03068934753537178,0.004366226028650999,0.0002770638093352318,,
42,50,perturb_1sigma,0.24951079487800598,0.19107796251773834,0.1814793348312378,0.005480580497533083,0.0013914182782173157,,
42,50,perturb_2sigma,0.5466297268867493,0.26791077852249146,0.25367018580436707,0.0014946151059120893,-0.002594547113403678,,
42,51,supervised,0.0,0.0,0.0,0.004235657397657633,0.0,,
42,51,actor,0.0,0.0,0.0,0.004235657397657633,0.0,,
42,51,zero,0.17200733721256256,0.09666293114423752,0.09204971045255661,0.004659709054976702,0.0004240516573190689,,
42,51,random,0.20730924606323242,0.10023674368858337,0.09614378958940506,0.0033346174750477076,-0.0009010399226099253,,
42,51,shuffled,0.3418024778366089,0.20741844177246094,0.19829778373241425,0.005415492225438356,0.0011798348277807236,,
42,51,perturb_0.25sigma,0.041581615805625916,0.01477512251585722,0.013922707177698612,0.004264504183083773,2.884678542613983e-05,,
42,51,perturb_0.5sigma,0.09356503188610077,0.03890984132885933,0.03722503036260605,0.0039323135279119015,-0.00030334386974573135,,
42,51,perturb_1sigma,0.19755181670188904,0.09862614423036575,0.09372512996196747,0.004829964600503445,0.0005943072028458118,,
42,51,perturb_2sigma,0.5389478802680969,0.35548198223114014,0.33710360527038574,0.006955282762646675,0.0027196253649890423,,
42,52,supervised,0.0,0.0,0.0,0.0038773396518081427,0.0,,
42,52,actor,0.0,0.0,0.0,0.0038773396518081427,0.0,,
42,52,zero,0.11999758332967758,0.08612049371004105,0.082083560526371,0.004277803935110569,0.00040046428330242634,,
42,52,random,0.17162412405014038,0.07289212942123413,0.06916414946317673,0.00418604351580143,0.0003087038639932871,,
42,52,shuffled,0.23894302546977997,0.17895078659057617,0.1709032505750656,0.004975520074367523,0.0010981804225593805,,
42,52,perturb_0.25sigma,0.042444050312042236,0.03629281371831894,0.03455289080739021,0.004062454681843519,0.00018511503003537655,,
42,52,perturb_0.5sigma,0.1209135577082634,0.02105982042849064,0.02056453935801983,0.003632687032222748,-0.00024465261958539486,,
42,52,perturb_1sigma,0.2512463927268982,0.1403454691171646,0.13494983315467834,0.002749285427853465,-0.0011280542239546776,,
42,52,perturb_2sigma,0.7341820001602173,0.1692211776971817,0.15946586430072784,0.005280563607811928,0.0014032239560037851,,
42,53,supervised,0.0,0.0,0.0,0.0043853274546563625,0.0,,
42,53,actor,0.0,0.0,0.0,0.0043853274546563625,0.0,,
42,53,zero,0.11856990307569504,0.06889279186725616,0.06485168635845184,0.004821177572011948,0.0004358501173555851,,
42,53,random,0.18224972486495972,0.028477685526013374,0.02735643833875656,0.004649729933589697,0.00026440247893333435,,
42,53,shuffled,0.23651185631752014,0.13868460059165955,0.13025188446044922,0.005349443759769201,0.0009641163051128387,,
42,53,perturb_0.25sigma,0.06151127442717552,0.04002106189727783,0.03762432932853699,0.004602030850946903,0.0002167033962905407,,
42,53,perturb_0.5sigma,0.1616903394460678,0.17104478180408478,0.16148871183395386,0.005590828601270914,0.0012055011466145515,,
42,53,perturb_1sigma,0.18257179856300354,0.02327176183462143,0.022129923105239868,0.004567377734929323,0.00018205028027296066,,
42,53,perturb_2sigma,0.44578489661216736,0.15580348670482635,0.14807672798633575,0.0029699013102799654,-0.0014154261443763971,,
42,54,supervised,0.0,0.0,0.0,0.0041773635894060135,0.0,,
42,54,actor,0.0,0.0,0.0,0.0041773635894060135,0.0,,
42,54,zero,0.16939270496368408,0.05759327858686447,0.054425228387117386,0.004569872748106718,0.0003925091587007046,,
42,54,random,0.41094154119491577,0.2544124126434326,0.23878642916679382,0.006017137784510851,0.0018397741951048374,,
42,54,shuffled,0.3369530141353607,0.11294136941432953,0.10599557310342789,0.004981560632586479,0.0008041970431804657,,
42,54,perturb_0.25sigma,0.05610093101859093,0.01146597322076559,0.010715636424720287,0.00419540936127305,1.804577186703682e-05,,
42,54,perturb_0.5sigma,0.11411673575639725,0.07042577117681503,0.06655024737119675,0.004514812026172876,0.00033744843676686287,,
42,54,perturb_1sigma,0.21533611416816711,0.06407126784324646,0.060618430376052856,0.004525372758507729,0.0003480091691017151,,
42,54,perturb_2sigma,0.47439438104629517,0.1865503042936325,0.17508330941200256,0.002945763524621725,-0.0012316000647842884,,
42,55,supervised,0.0036475881934165955,0.00019861092732753605,0.00019308763148728758,0.028108688071370125,6.373971700668335e-06,,
42,55,actor,0.0036475881934165955,0.00019861092732753605,0.00019308763148728758,0.028108688071370125,6.373971700668335e-06,,
42,55,zero,0.390912264585495,0.46941855549812317,0.4508739411830902,-0.06438697874546051,-0.09248929284512997,,
42,55,random,0.3302066922187805,0.22936174273490906,0.2246447652578354,0.005931711755692959,-0.022170602343976498,,
42,55,shuffled,0.7784087061882019,0.5278493762016296,0.5035024881362915,-0.0841442123055458,-0.11224652640521526,,
42,55,perturb_0.25sigma,0.05363689363002777,0.011888395063579082,0.011108054779469967,0.028570115566253662,0.00046780146658420563,,
42,55,perturb_0.5sigma,0.11404711753129959,0.04012361168861389,0.03872787952423096,0.027371376752853394,-0.0007309373468160629,,
42,55,perturb_1sigma,0.26747289299964905,0.26898568868637085,0.25101783871650696,0.040314119309186935,0.012211805209517479,,
42,55,perturb_2sigma,0.6030333638191223,0.032305844128131866,0.030917886644601822,0.028146935626864433,4.462152719497681e-05,,
42,56,supervised,0.0,0.0,0.0,0.02967727929353714,0.0,,
42,56,actor,0.0,0.0,0.0,0.02967727929353714,0.0,,
42,56,zero,0.36825788021087646,0.4768681228160858,0.4574078619480133,-0.09002465754747391,-0.11970193684101105,,
42,56,random,0.39323654770851135,0.4701339602470398,0.45029380917549133,-0.0840364322066307,-0.11371371150016785,,
42,56,shuffled,0.7346985936164856,0.5298906564712524,0.50484299659729,-0.11205674707889557,-0.1417340263724327,,
42,56,perturb_0.25sigma,0.08986551314592361,0.07422815263271332,0.07267945259809494,0.022160513326525688,-0.007516765967011452,,
42,56,perturb_0.5sigma,0.15188682079315186,0.0263809897005558,0.025781646370887756,0.02536899968981743,-0.004308279603719711,,
42,56,perturb_1sigma,0.18934506177902222,0.015955854207277298,0.015389479696750641,0.027542101219296455,-0.0021351780742406845,,
42,56,perturb_2sigma,0.6386168599128723,0.41601866483688354,0.3972417116165161,-0.06183132156729698,-0.09150860086083412,,
42,57,supervised,0.0,0.0,0.0,0.03214746713638306,0.0,,
42,57,actor,0.0,0.0,0.0,0.03214746713638306,0.0,,
42,57,zero,0.36046484112739563,0.48397892713546753,0.4636477530002594,-0.1315707415342331,-0.16371820867061615,,
42,57,random,0.31093958020210266,0.4337090253829956,0.417283833026886,-0.102338507771492,-0.13448597490787506,,
42,57,shuffled,0.7195892333984375,0.5312959551811218,0.5058262348175049,-0.15694157779216766,-0.18908904492855072,,
42,57,perturb_0.25sigma,0.058287106454372406,0.023550260812044144,0.023224839940667152,0.029592914506793022,-0.0025545526295900345,,
42,57,perturb_0.5sigma,0.12906256318092346,0.12689876556396484,0.12189417332410812,0.04672747477889061,0.014580007642507553,,
42,57,perturb_1sigma,0.17993894219398499,0.014425010420382023,0.013746758922934532,0.030132664367556572,-0.0020148027688264847,,
42,57,perturb_2sigma,0.4145994186401367,0.4278689920902252,0.4034563899040222,0.0017663168255239725,-0.030381150310859084,,
42,58,supervised,0.0,0.0,0.0,0.036208633333444595,0.0,,
42,58,actor,0.0,0.0,0.0,0.036208633333444595,0.0,,
42,58,zero,0.36851853132247925,0.4894258379936218,0.46859243512153625,-0.2055116444826126,-0.2417202778160572,,
42,58,random,0.4002380073070526,0.47397276759147644,0.45509618520736694,-0.19497230648994446,-0.23118093982338905,,
42,58,shuffled,0.7357341051101685,0.5305850505828857,0.5052262544631958,-0.235642209649086,-0.2718508429825306,,
42,58,perturb_0.25sigma,0.05649251490831375,0.010020134039223194,0.009798108600080013,0.037525661289691925,0.0013170279562473297,,
42,58,perturb_0.5sigma,0.10970300436019897,0.1410682201385498,0.13714535534381866,0.05234801024198532,0.016139376908540726,,
42,58,perturb_1sigma,0.27596762776374817,0.19471096992492676,0.1863805055618286,0.040974583476781845,0.00476595014333725,,
42,58,perturb_2sigma,0.404048889875412,0.5894750356674194,0.558506429195404,-0.13318508863449097,-0.16939372196793556,,
42,59,supervised,0.0,0.0,0.0,0.04418976977467537,0.0,,
42,59,actor,0.0,0.0,0.0,0.04418976977467537,0.0,,
42,59,zero,0.39137396216392517,0.4921834170818329,0.47136324644088745,-0.3501507341861725,-0.39434050396084785,,
42,59,random,0.5270686745643616,0.5047987103462219,0.4821690320968628,-0.3616736829280853,-0.4058634527027607,,
42,59,shuffled,0.7795695066452026,0.5267326235771179,0.5020735263824463,-0.3864899277687073,-0.43067969754338264,,
42,59,perturb_0.25sigma,0.07233849167823792,0.10330121219158173,0.10114915668964386,0.06106533855199814,0.01687556877732277,,
42,59,perturb_0.5sigma,0.09470008313655853,0.007551271468400955,0.007407650351524353,0.044126808643341064,-6.296113133430481e-05,,
42,59,perturb_1sigma,0.3427931070327759,0.47713184356689453,0.4582360088825226,-0.33981195092201233,-0.3840017206966877,,
42,59,perturb_2sigma,0.31231096386909485,0.29848650097846985,0.2943682372570038,-0.17692390084266663,-0.221113670617342,,
42,60,supervised,0.0036475881934165955,0.00019861092732753605,0.00019308763148728758,0.028108688071370125,6.373971700668335e-06,,
42,60,actor,0.0036475881934165955,0.00019861092732753605,0.00019308763148728758,0.028108688071370125,6.373971700668335e-06,,
42,60,zero,0.390912264585495,0.46941855549812317,0.4508739411830902,-0.06438697874546051,-0.09248929284512997,,
42,60,random,0.6592799425125122,0.4764484465122223,0.45394811034202576,-0.06032867729663849,-0.08843099139630795,,
42,60,shuffled,0.7784087061882019,0.5278493762016296,0.5035024881362915,-0.0841442123055458,-0.11224652640521526,,
42,60,perturb_0.25sigma,0.08930926024913788,0.15766695141792297,0.14812470972537994,0.03956572711467743,0.011463413015007973,,
42,60,perturb_0.5sigma,0.11288545280694962,0.21622464060783386,0.20294417440891266,0.040526047348976135,0.012423733249306679,,
42,60,perturb_1sigma,0.2688691020011902,0.29490941762924194,0.2752503454685211,0.03982244431972504,0.01172013022005558,,
42,60,perturb_2sigma,0.35561659932136536,0.2219601720571518,0.21120470762252808,0.04226226359605789,0.014159949496388435,,
42,61,supervised,0.021377872675657272,0.0003162129723932594,0.0003051827079616487,0.0008160865399986506,2.2630556486546993e-06,,
42,61,actor,0.021377872675657272,0.0003162129723932594,0.0003051827079616487,0.0008160865399986506,2.2630556486546993e-06,,
42,61,zero,0.5067307353019714,0.3918144702911377,0.3808247447013855,0.001371202990412712,0.0005573795060627162,,
42,61,random,0.38508135080337524,0.19499754905700684,0.18901784718036652,0.0008357431506738067,2.1919666323810816e-05,,
42,61,shuffled,0.9977843165397644,0.6095619797706604,0.5877575874328613,0.0012043309397995472,0.00039050745544955134,,
42,61,perturb_0.25sigma,0.04112254083156586,0.0023491964675486088,0.0022145460825413465,0.0008056048536673188,-8.21863068267703e-06,,
42,61,perturb_0.5sigma,0.1092703640460968,0.0100804278627038,0.00972447358071804,0.0008418155484832823,2.7992064133286476e-05,,
42,61,perturb_1sigma,0.1396482288837433,0.048518624156713486,0.04635174199938774,0.0007755917613394558,-3.823172301054001e-05,,
42,61,perturb_2sigma,0.4453699588775635,0.0688505619764328,0.06641530245542526,0.0011959871044382453,0.00038216362008824944,,
42,62,supervised,0.018402932211756706,0.0002484479919075966,0.00023479689843952656,0.00045284765656106174,3.5745324566960335e-07,,
42,62,actor,0.018402932211756706,0.0002484479919075966,0.00023479689843952656,0.00045284765656106174,3.5745324566960335e-07,,
42,62,zero,0.4950937330722809,0.38273078203201294,0.37263113260269165,0.0010277008404955268,0.0005752106371801347,,
42,62,random,0.6835174560546875,0.49624204635620117,0.4823318123817444,0.0013079599011689425,0.0008554696978535503,,
42,62,shuffled,0.9782320857048035,0.6069958806037903,0.5859196186065674,0.0012211230350658298,0.0007686328317504376,,
42,62,perturb_0.25sigma,0.07627226412296295,0.036817945539951324,0.035115160048007965,0.0005473291967064142,9.483899339102209e-05,,
42,62,perturb_0.5sigma,0.21289987862110138,0.13033510744571686,0.1266321837902069,0.00043795903911814094,-1.45311641972512e-05,,
42,62,perturb_1sigma,0.20853638648986816,0.04973027482628822,0.04690391570329666,0.0006671792943961918,0.0002146890910807997,,
42,62,perturb_2sigma,0.33896392583847046,0.023329168558120728,0.02187020145356655,0.00023012253222987056,-0.00022236767108552158,,
42,63,supervised,0.025602465495467186,0.00042686687083914876,0.0004054312303196639,0.000310683564748615,3.574823495000601e-07,,
42,63,actor,0.025602465495467186,0.00042686687083914876,0.0004054312303196639,0.000310683564748615,3.574823495000601e-07,,
42,63,zero,0.5043125152587891,0.3684820234775543,0.3591313362121582,0.0008865752606652677,0.0005762491782661527,,
42,63,random,0.6786823272705078,0.38466671109199524,0.37423235177993774,0.0009744665585458279,0.0006641404761467129,,
42,63,shuffled,0.9975836873054504,0.5942241549491882,0.5740358829498291,0.001249108579941094,0.000938782497541979,,
42,63,perturb_0.25sigma,0.046944379806518555,0.018671898171305656,0.018121398985385895,0.0003333242784719914,2.2998196072876453e-05,,
42,63,perturb_0.5sigma,0.10795582085847855,0.022924436256289482,0.02198260836303234,0.00025002536131069064,-6.0300721088424325e-05,,
42,63,perturb_1sigma,0.23257741332054138,0.04864683747291565,0.04632888361811638,0.0005002625402994454,0.00018993645790033042,,
42,63,perturb_2sigma,0.5691686868667603,0.23109424114227295,0.22531992197036743,0.00031247330480255187,2.147222403436899e-06,,
42,64,supervised,0.03615080192685127,0.0005565033061429858,0.0005217653815634549,0.0003700283414218575,5.958136171102524e-07,,
42,64,actor,0.03615080192685127,0.0005565033061429858,0.0005217653815634549,0.0003700283414218575,5.958136171102524e-07,,
42,64,zero,0.5332507491111755,0.3498707711696625,0.3412591814994812,0.0008677587029524148,0.0004983261751476675,,
42,64,random,0.5520109534263611,0.3407590091228485,0.3322201669216156,0.0008618052816018462,0.000492372753797099,,
42,64,shuffled,1.0506465435028076,0.5728147029876709,0.5536884665489197,0.001285784994252026,0.0009163524664472789,,
42,64,perturb_0.25sigma,0.05059411749243736,0.0013927160762250423,0.0013110639993101358,0.00035620518610812724,-1.3227341696619987e-05,,
42,64,perturb_0.5sigma,0.15206719934940338,0.09288274496793747,0.09028889983892441,0.00018209268455393612,-0.0001873398432508111,,
42,64,perturb_1sigma,0.21791169047355652,0.042371369898319244,0.04058697074651718,0.000169576276675798,-0.00019985625112894922,,
42,64,perturb_2sigma,0.46960875391960144,0.3272923529148102,0.31996098160743713,0.0006360754487104714,0.00026664292090572417,,
42,65,supervised,0.06785446405410767,0.002419987926259637,0.0023009502328932285,0.0005047952872700989,-4.527857527136803e-06,,
42,65,actor,0.06785446405410767,0.002419987926259637,0.0023009502328932285,0.0005047952872700989,-4.527857527136803e-06,,
42,65,zero,0.5785307884216309,0.32655686140060425,0.3186737596988678,0.0008553747902624309,0.0003460516454651952,,
42,65,random,0.7783561944961548,0.46563971042633057,0.4528437554836273,0.0012521259486675262,0.0007428028038702905,,
42,65,shuffled,1.131693959236145,0.5446032285690308,0.5266535878181458,0.0013213894562795758,0.0008120663114823401,,
42,65,perturb_0.25sigma,0.08403339982032776,0.009009793400764465,0.00880251731723547,0.0004950256552547216,-1.4297489542514086e-05,,
42,65,perturb_0.5sigma,0.1622449904680252,0.003382414346560836,0.003272987436503172,0.0005281487829051912,1.8825638107955456e-05,,
42,65,perturb_1sigma,0.2674140930175781,0.1593834012746811,0.15561248362064362,0.0002365589898545295,-0.00027276415494270623,,
42,65,perturb_2sigma,0.3787827491760254,0.049688853323459625,0.04756367206573486,0.00018733534670900553,-0.0003219877980882302,,
42,66,supervised,0.0,0.0,0.0,0.0017460350645706058,0.0,,
42,66,actor,0.0,0.0,0.0,0.0017460350645706058,0.0,,
42,66,zero,0.33354225754737854,0.259855180978775,0.24904097616672516,0.002353707794100046,0.0006076727295294404,,
42,66,random,0.4399659037590027,0.3294992446899414,0.3160208463668823,0.002884218003600836,0.00113818293903023,,
42,66,shuffled,0.6646990776062012,0.5090989470481873,0.4893799424171448,0.0031772502698004246,0.0014312152052298188,,
42,66,perturb_0.25sigma,0.07920084148645401,0.003533892100676894,0.003258118173107505,0.0017165227327495813,-2.9512331821024418e-05,,
42,66,perturb_0.5sigma,0.17053470015525818,0.0783061683177948,0.0748421847820282,0.0014438346261158586,-0.0003022004384547472,,
42,66,perturb_1sigma,0.3705282509326935,0.07934258133172989,0.07543771713972092,0.002153894165530801,0.00040785910096019506,,
42,66,perturb_2sigma,0.6030716300010681,0.06011122465133667,0.05721215531229973,0.0017396132461726665,-6.421818397939205e-06,,
42,67,supervised,0.0,0.0,0.0,0.0012280072551220655,0.0,,
42,67,actor,0.0,0.0,0.0,0.0012280072551220655,0.0,,
42,67,zero,0.28734150528907776,0.249992236495018,0.24016782641410828,0.0017606730107218027,0.0005326657555997372,,
42,67,random,0.3051952123641968,0.19039613008499146,0.18252505362033844,0.0013570692390203476,0.00012906198389828205,,
42,67,shuffled,0.5742116570472717,0.49003979563713074,0.47141608595848083,0.0029510981403291225,0.001723090885207057,,
42,67,perturb_0.25sigma,0.06930727511644363,0.010811577551066875,0.01024668663740158,0.0013047989923506975,7.679173722863197e-05,,
42,67,perturb_0.5sigma,0.11419148743152618,0.017472000792622566,0.01638760045170784,0.0011645464692264795,-6.346078589558601e-05,,
42,67,perturb_1sigma,0.24068762362003326,0.024529630318284035,0.02278129756450653,0.0013382500037550926,0.00011024274863302708,,
42,67,perturb_2sigma,0.45060017704963684,0.20817312598228455,0.19726987183094025,0.000983262318186462,-0.0002447449369356036,,
42,68,supervised,0.0,0.0,0.0,0.0008945738663896918,0.0,,
42,68,actor,0.0,0.0,0.0,0.0008945738663896918,0.0,,
42,68,zero,0.2685585021972656,0.23955297470092773,0.23064956068992615,0.0014392040902748704,0.0005446302238851786,,
42,68,random,0.38085058331489563,0.2720331847667694,0.2611907720565796,0.0017551969503983855,0.0008606230840086937,,
42,68,shuffled,0.5369294285774231,0.4665539860725403,0.44905486702919006,0.0027565169148147106,0.0018619430484250188,,
42,68,perturb_0.25sigma,0.07837194204330444,0.05598915368318558,0.05332908034324646,0.0009273190516978502,3.27451853081584e-05,,
42,68,perturb_0.5sigma,0.10973859578371048,0.03306003659963608,0.031594693660736084,0.0009295925265178084,3.501866012811661e-05,,
42,68,perturb_1sigma,0.26891854405403137,0.13525715470314026,0.12915581464767456,0.0008329747361131012,-6.159913027659059e-05,,
42,68,perturb_2sigma,0.25380852818489075,0.007821732200682163,0.0071002715267241,0.0009237545891664922,2.9180722776800394e-05,,
42,69,supervised,0.0,0.0,0.0,0.0007250747294165194,0.0,,
42,69,actor,0.0,0.0,0.0,0.0007250747294165194,0.0,,
42,69,zero,0.28325000405311584,0.2269151359796524,0.21868695318698883,0.0012725365813821554,0.000547461851965636,,
42,69,random,0.24197401106357574,0.08285047858953476,0.07948040962219238,0.0008505096775479615,0.00012543494813144207,,
42,69,shuffled,0.5649167895317078,0.43899548053741455,0.4225684702396393,0.002591859782114625,0.0018667850526981056,,
42,69,perturb_0.25sigma,0.06873714923858643,0.007643779739737511,0.007417523302137852,0.0007791552925482392,5.408056313171983e-05,,
42,69,perturb_0.5sigma,0.14603900909423828,0.017916357144713402,0.01736229471862316,0.000820846064016223,9.577133459970355e-05,,
42,69,perturb_1sigma,0.2363438755273819,0.07602541893720627,0.0728403851389885,0.0008690898539498448,0.00014401512453332543,,
42,69,perturb_2sigma,0.3683646321296692,0.08823642879724503,0.08368537575006485,0.0008634731639176607,0.0001383984345011413,,
42,70,supervised,0.0,0.0,0.0,0.0006338214734569192,0.0,,
42,70,actor,0.0,0.0,0.0,0.0006338214734569192,0.0,,
42,70,zero,0.3268654942512512,0.21348804235458374,0.20580662786960602,0.001144302892498672,0.0005104814190417528,,
42,70,random,0.22771354019641876,0.06851409375667572,0.06499184668064117,0.000931485032197088,0.0002976635587401688,,
42,70,shuffled,0.6506913304328918,0.4098213315010071,0.39442986249923706,0.00242860266007483,0.0017947811866179109,,
42,70,perturb_0.25sigma,0.06648063659667969,0.013525945134460926,0.01289363857358694,0.0006946955691091716,6.0874095652252436e-05,,
42,70,perturb_0.5sigma,0.15899281203746796,0.058590374886989594,0.056501880288124084,0.0006839691777713597,5.014770431444049e-05,,
42,70,perturb_1sigma,0.2802886366844177,0.14082641899585724,0.13501307368278503,0.0007930705323815346,0.00015924905892461538,,
42,70,perturb_2sigma,0.39626577496528625,0.20090937614440918,0.19162672758102417,0.0008834606851451099,0.0002496392116881907,,
42,71,supervised,0.10647151619195938,0.002539142267778516,0.002482481300830841,0.0007018610485829413,-4.764879122376442e-07,,
42,71,actor,0.10647151619195938,0.002539142267778516,0.002482481300830841,0.0007018610485829413,-4.764879122376442e-07,,
42,71,zero,0.6689136624336243,0.4135728180408478,0.4042634963989258,0.0009837321704253554,0.0002813946339301765,,
42,71,random,0.6884908080101013,0.4046379625797272,0.3953808844089508,0.0010186289437115192,0.0003162914072163403,,
42,71,shuffled,1.2892576456069946,0.5762150287628174,0.5567049384117126,0.0006959012243896723,-6.4363121055066586e-06,,
42,71,perturb_0.25sigma,0.14071354269981384,0.03237102925777435,0.031583163887262344,0.0007043637451715767,2.0262086763978004e-06,,
42,71,perturb_0.5sigma,0.1489776074886322,0.004280839115381241,0.004085055552423,0.0006643357337452471,-3.800180274993181e-05,,
42,71,perturb_1sigma,0.2717893421649933,0.13978418707847595,0.1368160992860794,0.000634075200650841,-6.826233584433794e-05,,
42,71,perturb_2sigma,0.42925429344177246,0.16684620082378387,0.16355806589126587,0.000791435653809458,8.909811731427908e-05,,
42,72,supervised,0.10425641387701035,0.0022774329409003258,0.002199253998696804,0.0005121951107867062,-8.93609831109643e-06,,
42,72,actor,0.10425641387701035,0.0022774329409003258,0.002199253998696804,0.0005121951107867062,-8.93609831109643e-06,,
42,72,zero,0.6766911745071411,0.41314274072647095,0.40395864844322205,0.000854154524859041,0.00033302331576123834,,
42,72,random,0.595819354057312,0.2367989867925644,0.23200668394565582,0.0003790849295910448,-0.00014204627950675786,,
42,72,shuffled,1.3082634210586548,0.578963041305542,0.559258759021759,0.000716273149009794,0.00019514193991199136,,
42,72,perturb_0.25sigma,0.1374579817056656,0.01408582553267479,0.013793682679533958,0.0005009954329580069,-2.013577613979578e-05,,
42,72,perturb_0.5sigma,0.12806151807308197,0.03142355754971504,0.03047657199203968,0.0005565150640904903,3.53838549926877e-05,,
42,72,perturb_1sigma,0.2378152757883072,0.05909040570259094,0.05756223574280739,0.0003209460119251162,-0.00020018519717268646,,
42,72,perturb_2sigma,0.7243984341621399,0.413173645734787,0.4040578007698059,0.0008190176449716091,0.0002978864358738065,,
42,73,supervised,0.12094949930906296,0.00308149098418653,0.0029660833533853292,0.0004959888756275177,-2.001726534217596e-05,,
42,73,actor,0.12094949930906296,0.00308149098418653,0.0029660833533853292,0.0004959888756275177,-2.001726534217596e-05,,
42,73,zero,0.7009415030479431,0.40461865067481995,0.3957099914550781,0.0008314068545587361,0.0003154007135890424,,
42,73,random,0.5471220016479492,0.1720232516527176,0.16870801150798798,0.00045904790749773383,-5.695823347195983e-05,,
42,73,shuffled,1.3524658679962158,0.573959231376648,0.5542112588882446,0.0007389093516394496,0.00022290321066975594,,
42,73,perturb_0.25sigma,0.134396493434906,0.029634863138198853,0.029019782319664955,0.0004477330658119172,-6.827307515777647e-05,,
42,73,perturb_0.5sigma,0.19845286011695862,0.01681281067430973,0.01640748791396618,0.0005404310068115592,2.442486584186554e-05,,
42,73,perturb_1sigma,0.28252390027046204,0.032195478677749634,0.031523142009973526,0.0004364094929769635,-7.959664799273014e-05,,
42,73,perturb_2sigma,0.48179253935813904,0.0718093067407608,0.06990266591310501,0.0001766173227224499,-0.00033938881824724376,,
42,74,supervised,0.15721797943115234,0.005084764678031206,0.004872239660471678,0.000592255441006273,-3.4192693419754505e-05,,
42,74,actor,0.15721797943115234,0.005084764678031206,0.004872239660471678,0.000592255441006273,-3.4192693419754505e-05,,
42,74,zero,0.7392471432685852,0.38964205980300903,0.38120126724243164,0.000851181976031512,0.00022473384160548449,,
42,74,random,0.7645760774612427,0.402204304933548,0.39332306385040283,0.0008667813963256776,0.0002403332618996501,,
42,74,shuffled,1.409591794013977,0.5632554292678833,0.5437416434288025,0.0007619030075147748,0.00013545487308874726,,
42,74,perturb_0.25sigma,0.16113577783107758,0.015474235638976097,0.015044637955725193,0.0006147713866084814,-1.167674781754613e-05,,
42,74,perturb_0.5sigma,0.1694011390209198,0.016856936737895012,0.016496632248163223,0.000592731055803597,-3.371707862243056e-05,,
42,74,perturb_1sigma,0.3127768337726593,0.14496169984340668,0.1425524801015854,0.000425804901169613,-0.00020064323325641453,,
42,74,perturb_2sigma,0.2898126244544983,0.07884557545185089,0.0773085355758667,0.00039422998088411987,-0.00023221815354190767,,
42,75,supervised,0.204874187707901,0.007702561095356941,0.007379563059657812,0.0006845825118944049,-4.884181544184685e-05,,
42,75,actor,0.204874187707901,0.007702561095356941,0.007379563059657812,0.0006845825118944049,-4.884181544184685e-05,,
42,75,zero,0.7884265780448914,0.3688777685165405,0.3609338700771332,0.0008489243336953223,0.00011550000635907054,,
42,75,random,0.8247899413108826,0.3553878366947174,0.3477018177509308,0.0008451166213490069,0.00011169229401275516,,
42,75,shuffled,1.478758692741394,0.5482784509658813,0.5292139053344727,0.0007921629003249109,5.8738572988659143e-05,,
42,75,perturb_0.25sigma,0.2079671323299408,0.012909729033708572,0.012612023390829563,0.0006802934221923351,-5.313090514391661e-05,,
42,75,perturb_0.5sigma,0.22750525176525116,0.05266492813825607,0.05164274573326111,0.0006091740797273815,-0.00012425024760887027,,
42,75,perturb_1sigma,0.26232004165649414,0.049855154007673264,0.04818360134959221,0.0007356827845796943,2.2584572434425354e-06,,
42,75,perturb_2sigma,0.32854893803596497,0.05205783620476723,0.0503949411213398,0.0006765963044017553,-5.68280229344964e-05,,
42,76,supervised,0.0,0.0,0.0,0.012429004535079002,0.0,,
42,76,actor,0.0,0.0,0.0,0.012429004535079002,0.0,,
42,76,zero,0.29303058981895447,0.22779373824596405,0.22014503180980682,0.0031550577841699123,-0.00927394675090909,,
42,76,random,0.27622154355049133,0.037722762674093246,0.035950738936662674,0.01238391175866127,-4.509277641773224e-05,,
42,76,shuffled,0.5815379619598389,0.3482987880706787,0.33634307980537415,-0.0033748378045856953,-0.015803842339664698,,
42,76,perturb_0.25sigma,0.04157654568552971,0.017718248069286346,0.016654573380947113,0.012933851219713688,0.0005048466846346855,,
42,76,perturb_0.5sigma,0.09939555823802948,0.1062113493680954,0.10121335089206696,0.015696275979280472,0.0032672714442014694,,
42,76,perturb_1sigma,0.24370905756950378,0.16920101642608643,0.16228601336479187,0.00631911912932992,-0.0061098854057490826,,
42,76,perturb_2sigma,0.5154865980148315,0.319558322429657,0.3074311912059784,-0.0016887621022760868,-0.01411776663735509,,
42,77,supervised,0.0,0.0,0.0,0.01329223345965147,0.0,,
42,77,actor,0.0,0.0,0.0,0.01329223345965147,0.0,,
42,77,zero,0.24878531694412231,0.2521721124649048,0.24314995110034943,0.0026848341803997755,-0.010607399279251695,,
42,77,random,0.5407541990280151,0.3915945887565613,0.3757533133029938,-0.0049957213923335075,-0.018287954851984978,,
42,77,shuffled,0.49481987953186035,0.36875593662261963,0.3547425866127014,-0.0039027156308293343,-0.017194949090480804,,
42,77,perturb_0.25sigma,0.05354433134198189,0.029189158231019974,0.028013460338115692,0.012319738045334816,-0.0009724954143166542,,
42,77,perturb_0.5sigma,0.07657533884048462,0.08154696226119995,0.07800837606191635,0.015859385952353477,0.0025671524927020073,,
42,77,perturb_1sigma,0.19320648908615112,0.07367333769798279,0.07005181908607483,0.015623517334461212,0.002331283874809742,,
42,77,perturb_2sigma,0.3465843200683594,0.4139767289161682,0.39379626512527466,0.021013634279370308,0.007721400819718838,,
42,78,supervised,0.0,0.0,0.0,0.01445320900529623,0.0,,
42,78,actor,0.0,0.0,0.0,0.01445320900529623,0.0,,
42,78,zero,0.22686561942100525,0.2775478661060333,0.26676711440086365,0.00249565695412457,-0.01195755205117166,,
42,78,random,0.34626275300979614,0.33764928579330444,0.323513001203537,-0.0008253819542005658,-0.015278590959496796,,
42,78,shuffled,0.45198318362236023,0.387388676404953,0.37118977308273315,-0.004002596251666546,-0.018455805256962776,,
42,78,perturb_0.25sigma,0.04251306876540184,0.03791381046175957,0.03638463467359543,0.01314541231840849,-0.001307796686887741,,
42,78,perturb_0.5sigma,0.09298013150691986,0.02526729553937912,0.024401893839240074,0.015199637971818447,0.0007464289665222168,,
42,78,perturb_1sigma,0.29354342818260193,0.3214277923107147,0.30820122361183167,7.570732122985646e-05,-0.014377501684066374,,
42,78,perturb_2sigma,0.5439696907997131,0.3898158669471741,0.3733309805393219,-0.004131629131734371,-0.0185848381370306,,
42,79,supervised,0.0,0.0,0.0,0.015953602269291878,0.0,,
42,79,actor,0.0,0.0,0.0,0.015953602269291878,0.0,,
42,79,zero,0.23352432250976562,0.30427250266075134,0.2913668751716614,0.0028321172576397657,-0.013121485011652112,,
42,79,random,0.22864539921283722,0.21396787464618683,0.2047143131494522,0.007723401766270399,-0.008230200503021479,,
42,79,shuffled,0.4657667279243469,0.4048272371292114,0.38636285066604614,-0.003414029721170664,-0.01936763199046254,,
42,79,perturb_0.25sigma,0.09961854666471481,0.026393193751573563,0.02550676465034485,0.016848141327500343,0.0008945390582084656,,
42,79,perturb_0.5sigma,0.11753764003515244,0.018287206068634987,0.01758911833167076,0.016263756901025772,0.00031015463173389435,,
42,79,perturb_1sigma,0.3072499930858612,0.5040819644927979,0.481628954410553,0.020531609654426575,0.004578007385134697,,
42,79,perturb_2sigma,0.7603351473808289,0.45167282223701477,0.4316905438899994,-0.0067691258154809475,-0.022722728084772825,,
42,-1,summary,0.27635896304208374,0.16177834339438277,0.15573324876930883,-0.000802385323691447,0.0009167698883620777,0.0009167698883620777,0.8747984474747178
123,0,supervised,0.0,0.0,0.0,0.011324944905936718,0.0,,
123,0,actor,0.0,0.0,0.0,0.011324944905936718,0.0,,
123,0,zero,0.12133148312568665,0.14369674026966095,0.14159905910491943,0.011839671991765499,0.0005147270858287811,,
123,0,random,0.2678297162055969,0.2197779417037964,0.2164272964000702,0.011720800772309303,0.0003958558663725853,,
123,0,shuffled,0.23500879108905792,0.2845537066459656,0.2812529504299164,0.010265490040183067,-0.0010594548657536507,,
123,0,perturb_0.25sigma,0.04303331673145294,0.03971946984529495,0.03875000402331352,0.010776706971228123,-0.0005482379347085953,,
123,0,perturb_0.5sigma,0.11171190440654755,0.1453941911458969,0.14296387135982513,0.011792431585490704,0.0004674866795539856,,
123,0,perturb_1sigma,0.2084401398897171,0.36982929706573486,0.36564722657203674,0.008727457374334335,-0.0025974875316023827,,
123,0,perturb_2sigma,0.40530455112457275,0.45283421874046326,0.44007745385169983,-0.002548051765188575,-0.013872996671125293,,
123,1,supervised,0.0,0.0,0.0,0.011555466800928116,0.0,,
123,1,actor,0.0,0.0,0.0,0.011555466800928116,0.0,,
123,1,zero,0.13991501927375793,0.14776748418807983,0.14564859867095947,0.012215403839945793,0.0006599370390176773,,
123,1,random,0.33062297105789185,0.5126686692237854,0.5069611668586731,0.005475923884660006,-0.00607954291626811,,
123,1,shuffled,0.2658426761627197,0.2937832772731781,0.2904343008995056,0.01052633486688137,-0.0010291319340467453,,
123,1,perturb_0.25sigma,0.06979575008153915,0.14335623383522034,0.13942955434322357,0.008353092707693577,-0.003202374093234539,,
123,1,perturb_0.5sigma,0.13124415278434753,0.22074216604232788,0.21428214013576508,0.005705637391656637,-0.005849829409271479,,
123,1,perturb_1sigma,0.2662333548069,0.38275182247161865,0.3721311092376709,-0.00030810810858383775,-0.011863574909511954,,
123,1,perturb_2sigma,0.5159250497817993,0.5575942397117615,0.5509219169616699,0.004718864802271128,-0.006836601998656988,,
123,2,supervised,0.0,0.0,0.0,0.01178287249058485,0.0,,
123,2,actor,0.0,0.0,0.0,0.01178287249058485,0.0,,
123,2,zero,0.1793413907289505,0.1512545347213745,0.149087056517601,0.012605003081262112,0.0008221305906772614,,
123,2,random,0.27485722303390503,0.14403603971004486,0.1394280195236206,0.008401680737733841,-0.0033811917528510094,,
123,2,shuffled,0.3274751603603363,0.30223819613456726,0.29874998331069946,0.010821075178682804,-0.0009617973119020462,,
123,2,perturb_0.25sigma,0.04359740391373634,0.021916765719652176,0.021364016458392143,0.011414282955229282,-0.00036858953535556793,,
123,2,perturb_0.5sigma,0.08572587370872498,0.15499742329120636,0.1523018330335617,0.012399568222463131,0.0006166957318782806,,
123,2,perturb_1sigma,0.19658301770687103,0.18521128594875336,0.1821986883878708,0.012054414488375187,0.0002715419977903366,,
123,2,perturb_2sigma,0.37194180488586426,0.3327058255672455,0.3288055658340454,0.009117833338677883,-0.002665039151906967,,
123,3,supervised,0.0,0.0,0.0,0.012013052590191364,0.0,,
123,3,actor,0.0,0.0,0.0,0.012013052590191364,0.0,,
123,3,zero,0.22837921977043152,0.15435902774333954,0.1521170288324356,0.013011864386498928,0.0009988117963075638,,
123,3,random,0.2079891711473465,0.29456213116645813,0.2904911935329437,0.010994648560881615,-0.0010184040293097496,,
123,3,shuffled,0.4051775336265564,0.31009796261787415,0.30645567178726196,0.011115609668195248,-0.0008974429219961166,,
123,3,perturb_0.25sigma,0.05615612119436264,0.01436228584498167,0.014042224735021591,0.012154859490692616,0.00014180690050125122,,
123,3,perturb_0.5sigma,0.1036740094423294,0.02550218626856804,0.024956706911325455,0.012409443967044353,0.0003963913768529892,,
123,3,perturb_1sigma,0.30620983242988586,0.4388292729854584,0.43339112401008606,0.00781780481338501,-0.0041952477768063545,,
123,3,perturb_2sigma,0.4942485988140106,0.5574969053268433,0.5501973628997803,0.004811879247426987,-0.007201173342764378,,
123,4,supervised,0.0,0.0,0.0,0.012251659296452999,0.0,,
123,4,actor,0.0,0.0,0.0,0.012251659296452999,0.0,,
123,4,zero,0.2814503312110901,0.15720480680465698,0.15486612915992737,0.013441966846585274,0.0011903075501322746,,
123,4,random,0.24929657578468323,0.10581644624471664,0.10412419587373734,0.013788403011858463,0.0015367437154054642,,
123,4,shuffled,0.4756404757499695,0.3175826072692871,0.31376153230667114,0.011405933648347855,-0.0008457256481051445,,
123,4,perturb_0.25sigma,0.037305720150470734,0.011774185113608837,0.01152778696268797,0.012089727446436882,-0.0001619318500161171,,
123,4,perturb_0.5sigma,0.11635901033878326,0.13318414986133575,0.13080652058124542,0.013245171867311,0.0009935125708580017,,
123,4,perturb_1sigma,0.2100028097629547,0.4409073293209076,0.43530333042144775,0.007621202617883682,-0.004630456678569317,,
123,4,perturb_2sigma,0.3027905225753784,0.0154052022844553,0.014936192892491817,0.011719723232090473,-0.0005319360643625259,,
123,5,supervised,0.0,0.0,0.0,0.011324944905936718,0.0,,
123,5,actor,0.0,0.0,0.0,0.011324944905936718,0.0,,
123,5,zero,0.12133148312568665,0.14369674026966095,0.14159905910491943,0.011839671991765499,0.0005147270858287811,,
123,5,random,0.2835974395275116,0.16323360800743103,0.15878064930438995,0.007437190972268581,-0.0038877539336681366,,
123,5,shuffled,0.23500879108905792,0.2845537066459656,0.2812529504299164,0.010265490040183067,-0.0010594548657536507,,
123,5,perturb_0.25sigma,0.06316202878952026,0.13444708287715912,0.13220123946666718,0.011882670223712921,0.0005577253177762032,,
123,5,perturb_0.5sigma,0.12697061896324158,0.26796025037765503,0.2602778375148773,0.003946263808757067,-0.007378681097179651,,
123,5,perturb_1sigma,0.179867222905159,0.35511910915374756,0.3511514663696289,0.00861589889973402,-0.0027090460062026978,,
123,5,perturb_2sigma,0.3321797549724579,0.37314003705978394,0.3689301311969757,0.00894723366945982,-0.002377711236476898,,
123,6,supervised,0.0,0.0,0.0,0.011414402164518833,0.0,,
123,6,actor,0.0,0.0,0.0,0.011414402164518833,0.0,,
123,6,zero,0.1391432136297226,0.1444951891899109,0.14238397777080536,0.011989510618150234,0.0005751084536314011,,
123,6,random,0.32547205686569214,0.4922380745410919,0.48691868782043457,0.005665487144142389,-0.005748915020376444,,
123,6,shuffled,0.2643657624721527,0.28903722763061523,0.28570201992988586,0.010356220416724682,-0.0010581817477941513,,
123,6,perturb_0.25sigma,0.049784690141677856,0.03527333214879036,0.03441725671291351,0.011727385222911835,0.00031298305839300156,,
123,6,perturb_0.5sigma,0.09528657048940659,0.18829581141471863,0.1826484203338623,0.006826674100011587,-0.004587728064507246,,
123,6,perturb_1sigma,0.22086112201213837,0.17735564708709717,0.1746796816587448,0.011145440861582756,-0.0002689613029360771,,
123,6,perturb_2sigma,0.37578481435775757,0.5021113157272339,0.4967353641986847,0.005349892657250166,-0.006064509507268667,,
123,7,supervised,0.0,0.0,0.0,0.011333667673170567,0.0,,
123,7,actor,0.0,0.0,0.0,0.011333667673170567,0.0,,
123,7,zero,0.1780463606119156,0.14813344180583954,0.14592278003692627,0.012014482170343399,0.0006808144971728325,,
123,7,random,0.1708362102508545,0.07860862463712692,0.07729186862707138,0.011822349391877651,0.0004886817187070847,,
123,7,shuffled,0.3246876895427704,0.2979362905025482,0.2943487763404846,0.010326606221497059,-0.0010070614516735077,,
123,7,perturb_0.25sigma,0.046568162739276886,0.09705927222967148,0.09439116716384888,0.009457708336412907,-0.00187595933675766,,
123,7,perturb_0.5sigma,0.0779523029923439,0.09110478311777115,0.08843639492988586,0.009536116383969784,-0.0017975512892007828,,
123,7,perturb_1sigma,0.12255861610174179,0.04306355118751526,0.04181499779224396,0.01189385075122118,0.0005601830780506134,,
123,7,perturb_2sigma,0.37809067964553833,0.25095441937446594,0.24732226133346558,0.010539313778281212,-0.0007943538948893547,,
123,8,supervised,0.0,0.0,0.0,0.011251630261540413,0.0,,
123,8,actor,0.0,0.0,0.0,0.011251630261540413,0.0,,
123,8,zero,0.22672943770885468,0.15021230280399323,0.1480083465576172,0.012002114206552505,0.0007504839450120926,,
123,8,random,0.24346697330474854,0.3491910994052887,0.33947619795799255,0.0011505276197567582,-0.010101102641783655,,
123,8,shuffled,0.4017627239227295,0.30400192737579346,0.30034947395324707,0.010278347879648209,-0.0009732823818922043,,
123,8,perturb_0.25sigma,0.06773769855499268,0.04024205729365349,0.03933936730027199,0.011611328460276127,0.00035969819873571396,,
123,8,perturb_0.5sigma,0.13463756442070007,0.2999013662338257,0.2956199645996094,0.009935058653354645,-0.0013165716081857681,,
123,8,perturb_1sigma,0.23188182711601257,0.47383150458335876,0.4681963324546814,0.006099119782447815,-0.005152510479092598,,
123,8,perturb_2sigma,0.31739240884780884,0.4700911343097687,0.4645191431045532,0.0060847848653793335,-0.005166845396161079,,
123,9,supervised,0.0,0.0,0.0,0.011228056624531746,0.0,,
123,9,actor,0.0,0.0,0.0,0.011228056624531746,0.0,,
123,9,zero,0.2789260149002075,0.15032830834388733,0.14819496870040894,0.01202531810849905,0.0007972614839673042,,
123,9,random,0.2667814791202545,0.13595345616340637,0.13345330953598022,0.012075020931661129,0.0008469643071293831,,
123,9,shuffled,0.47151491045951843,0.3057309091091156,0.30219611525535583,0.01027197577059269,-0.0009560808539390564,,
123,9,perturb_0.25sigma,0.059257157146930695,0.05994969606399536,0.05857127532362938,0.011796430684626102,0.0005683740600943565,,
123,9,perturb_0.5sigma,0.14245952665805817,0.29459092020988464,0.29034510254859924,0.00991275068372488,-0.0013153059408068657,,
123,9,perturb_1sigma,0.1524110734462738,0.26488879323005676,0.26120609045028687,0.010329795069992542,-0.0008982615545392036,,
123,9,perturb_2sigma,0.3308431804180145,0.15296848118305206,0.14896166324615479,0.007953674532473087,-0.0032743820920586586,,
123,10,supervised,0.012944390997290611,0.0011358106276020408,0.0011123975273221731,0.008271993137896061,-8.63056629896164e-06,,
123,10,actor,0.012944390997290611,0.0011358106276020408,0.0011123975273221731,0.008271993137896061,-8.63056629896164e-06,,
123,10,zero,0.24339176714420319,0.30734220147132874,0.3053431808948517,0.0049955276772379875,-0.003285096026957035,,
123,10,random,0.35771363973617554,0.3622237741947174,0.3597038686275482,0.004081054124981165,-0.004199569579213858,,
123,10,shuffled,0.4791400134563446,0.42374423146247864,0.42104029655456543,0.0028971447609364986,-0.005383478943258524,,
123,10,perturb_0.25sigma,0.06782454997301102,0.029062563553452492,0.02860967628657818,0.00836325716227293,8.263345807790756e-05,,
123,10,perturb_0.5sigma,0.08825245499610901,0.1008603423833847,0.09841445088386536,0.00815611518919468,-0.00012450851500034332,,
123,10,perturb_1sigma,0.18468138575553894,0.14534126222133636,0.14128053188323975,0.007910731248557568,-0.000369892455637455,,
123,10,perturb_2sigma,0.43455883860588074,0.09625258296728134,0.09370306134223938,0.00802084244787693,-0.00025978125631809235,,
123,11,supervised,0.008459152653813362,0.000615760509390384,0.0006041169981472194,0.0084198834374547,-3.073364496231079e-06,,
123,11,actor,0.008459152653813362,0.000615760509390384,0.0006041169981472194,0.0084198834374547,-3.073364496231079e-06,,
123,11,zero,0.2553117871284485,0.3126407861709595,0.3106382191181183,0.005067405290901661,-0.0033555515110492706,,
123,11,random,0.23280549049377441,0.28809234499931335,0.2858690023422241,0.005586767569184303,-0.0028361892327666283,,
123,11,shuffled,0.4916864335536957,0.4292397201061249,0.4265894293785095,0.0029184208251535892,-0.005504535976797342,,
123,11,perturb_0.25sigma,0.0532747283577919,0.04956519603729248,0.048836011439561844,0.008274951949715614,-0.00014800485223531723,,
123,11,perturb_0.5sigma,0.0557934045791626,0.028384892269968987,0.027911940589547157,0.008474255912005901,5.129911005496979e-05,,
123,11,perturb_1sigma,0.20783276855945587,0.2050379067659378,0.19808009266853333,0.007683027070015669,-0.0007399297319352627,,
123,11,perturb_2sigma,0.25720831751823425,0.11923284083604813,0.11726149916648865,0.007912167347967625,-0.0005107894539833069,,
123,12,supervised,0.0060005225241184235,0.00035431914147920907,0.0003471555537544191,0.008545177057385445,-2.2454187273979187e-06,,
123,12,actor,0.0060005225241184235,0.00035431914147920907,0.0003471555537544191,0.008545177057385445,-2.2454187273979187e-06,,
123,12,zero,0.2849487364292145,0.3170073628425598,0.3149734139442444,0.005137143190950155,-0.0034102792851626873,,
123,12,random,0.26805251836776733,0.30628666281700134,0.3040240705013275,0.005313602276146412,-0.0032338201999664307,,
123,12,shuffled,0.5333012342453003,0.433514267206192,0.4308995008468628,0.0029437376651912928,-0.00560368481092155,,
123,12,perturb_0.25sigma,0.04893534258008003,0.020093707367777824,0.019637437537312508,0.008563377894461155,1.5955418348312378e-05,,
123,12,perturb_0.5sigma,0.1231631338596344,0.18837802112102509,0.18645399808883667,0.007219460792839527,-0.0013279616832733154,,
123,12,perturb_1sigma,0.23619318008422852,0.2492446005344391,0.2400522530078888,0.0070530143566429615,-0.001494408119469881,,
123,12,perturb_2sigma,0.2550002336502075,0.08028930425643921,0.07951784133911133,0.008105994202196598,-0.0004414282739162445,,
123,13,supervised,0.004648534115403891,0.00015295347839128226,0.00014215565170161426,0.008655328303575516,-1.773238182067871e-06,,
123,13,actor,0.004648534115403891,0.00015295347839128226,0.00014215565170161426,0.008655328303575516,-1.773238182067871e-06,,
123,13,zero,0.3268183767795563,0.32045963406562805,0.31836435198783875,0.005204623099416494,-0.0034524784423410892,,
123,13,random,0.4108125865459442,0.41144391894340515,0.40877726674079895,0.0034803629387170076,-0.005176738603040576,,
123,13,shuffled,0.5803453922271729,0.4364968538284302,0.43388107419013977,0.0029789188411086798,-0.005678182700648904,,
123,13,perturb_0.25sigma,0.03839978575706482,0.015307213179767132,0.014890178106725216,0.008629564195871353,-2.753734588623047e-05,,
123,13,perturb_0.5sigma,0.08747836202383041,0.0035135475918650627,0.0033307215198874474,0.00859931018203497,-5.779135972261429e-05,,
123,13,perturb_1sigma,0.19548676908016205,0.18323488533496857,0.18093721568584442,0.007406556513160467,-0.0012505450285971165,,
123,13,perturb_2sigma,0.39566853642463684,0.4068262279033661,0.39111173152923584,0.00499096792191267,-0.0036661336198449135,,
123,14,supervised,0.010085001587867737,0.0002562235458754003,0.00022762578737456352,0.008753414265811443,-1.535750925540924e-06,,
123,14,actor,0.010085001587867737,0.0002562235458754003,0.00022762578737456352,0.008753414265811443,-1.535750925540924e-06,,
123,14,zero,0.3760703206062317,0.3228149116039276,0.32062357664108276,0.005269963759928942,-0.0034849862568080425,,
123,14,random,0.24875378608703613,0.23977263271808624,0.2375386655330658,0.006700591184198856,-0.002054358832538128,,
123,14,shuffled,0.634201169013977,0.4381644129753113,0.4355195462703705,0.003018853021785617,-0.005736096994951367,,
123,14,perturb_0.25sigma,0.050694819539785385,0.05709926411509514,0.05565996468067169,0.008700350299477577,-5.4599717259407043e-05,,
123,14,perturb_0.5sigma,0.05458362400531769,0.045259442180395126,0.0443023182451725,0.008688302710652351,-6.664730608463287e-05,,
123,14,perturb_1sigma,0.14205235242843628,0.14169706404209137,0.136919766664505,0.008236512541770935,-0.0005184374749660492,,
123,14,perturb_2sigma,0.27084383368492126,0.17322757840156555,0.16698001325130463,0.00800013542175293,-0.0007548145949840546,,
123,15,supervised,0.0015032235532999039,9.783230780158192e-05,9.254068572772667e-05,0.00934340339154005,-2.3562461137771606e-07,,
123,15,actor,0.0015032235532999039,9.783230780158192e-05,9.254068572772667e-05,0.00934340339154005,-2.3562461137771606e-07,,
123,15,zero,0.1824798434972763,0.28517845273017883,0.2823609411716461,0.007047492079436779,-0.002296146936714649,,
123,15,random,0.24470724165439606,0.21158355474472046,0.20865194499492645,0.00841174740344286,-0.0009318916127085686,,
123,15,shuffled,0.35843169689178467,0.4225800037384033,0.4190480411052704,0.004191103857010603,-0.005152535159140825,,
123,15,perturb_0.25sigma,0.052157528698444366,0.05053342133760452,0.04929911345243454,0.008976513519883156,-0.0003671254962682724,,
123,15,perturb_0.5sigma,0.09706370532512665,0.13647516071796417,0.13288938999176025,0.007987507618963718,-0.0013561313971877098,,
123,15,perturb_1sigma,0.19718340039253235,0.2778407633304596,0.2746485769748688,0.007254029158502817,-0.002089609857648611,,
123,15,perturb_2sigma,0.3211349844932556,0.2764107286930084,0.26836150884628296,0.005555220413953066,-0.0037884186021983624,,
123,16,supervised,0.0003684926778078079,7.85874217399396e-05,7.572084723506123e-05,0.009540964849293232,0.0,,
123,16,actor,0.0003684926778078079,7.85874217399396e-05,7.572084723506123e-05,0.009540964849293232,0.0,,
123,16,zero,0.19658786058425903,0.2900412976741791,0.2872788906097412,0.007203493267297745,-0.002337471581995487,,
123,16,random,0.3009476363658905,0.40600794553756714,0.40240439772605896,0.004759569652378559,-0.004781395196914673,,
123,16,shuffled,0.37719833850860596,0.4277876615524292,0.4243473410606384,0.004255324136465788,-0.005285640712827444,,
123,16,perturb_0.25sigma,0.03383099287748337,0.02766919694840908,0.026950962841510773,0.009357573464512825,-0.00018339138478040695,,
123,16,perturb_0.5sigma,0.13656166195869446,0.1383848488330841,0.13459157943725586,0.008185099810361862,-0.0013558650389313698,,
123,16,perturb_1sigma,0.3161388635635376,0.4567220211029053,0.44182196259498596,0.0023029588628560305,-0.0072380059864372015,,
123,16,perturb_2sigma,0.3937617242336273,0.5039638876914978,0.4875999093055725,0.0013401785399764776,-0.008200786309316754,,
123,17,supervised,0.0,0.0,0.0,0.00971605721861124,0.0,,
123,17,actor,0.0,0.0,0.0,0.00971605721861124,0.0,,
123,17,zero,0.23049210011959076,0.2942235469818115,0.2914944887161255,0.00735793262720108,-0.00235812459141016,,
123,17,random,0.24060392379760742,0.19032713770866394,0.18785502016544342,0.008961395360529423,-0.0007546618580818176,,
123,17,shuffled,0.4292457103729248,0.43202319741249084,0.42864561080932617,0.0043267798610031605,-0.00538927735760808,,
123,17,perturb_0.25sigma,0.03935496509075165,0.03106396272778511,0.030374865978956223,0.00950329564511776,-0.00021276157349348068,,
123,17,perturb_0.5sigma,0.10143660753965378,0.10386086255311966,0.10205604135990143,0.009798578917980194,8.25216993689537e-05,,
123,17,perturb_1sigma,0.14997680485248566,0.16276192665100098,0.158211812376976,0.007979105226695538,-0.0017369519919157028,,
123,17,perturb_2sigma,0.32415249943733215,0.2690267860889435,0.2660030424594879,0.0077381921000778675,-0.001977865118533373,,
123,18,supervised,0.0,0.0,0.0,0.009875067509710789,0.0,,
123,18,actor,0.0,0.0,0.0,0.009875067509710789,0.0,,
123,18,zero,0.27627506852149963,0.2975568473339081,0.2948334813117981,0.007510099560022354,-0.0023649679496884346,,
123,18,random,0.24914240837097168,0.313729465007782,0.31061995029449463,0.007156976964324713,-0.002718090545386076,,
123,18,shuffled,0.49117130041122437,0.43514370918273926,0.431793212890625,0.004408200271427631,-0.005466867238283157,,
123,18,perturb_0.25sigma,0.03131193295121193,0.0287456214427948,0.028112776577472687,0.010002068243920803,0.00012700073421001434,,
123,18,perturb_0.5sigma,0.08902724087238312,0.09459786862134933,0.0930715873837471,0.009945064783096313,6.999727338552475e-05,,
123,18,perturb_1sigma,0.21527493000030518,0.09102696180343628,0.08887958526611328,0.009065347723662853,-0.0008097197860479355,,
123,18,perturb_2sigma,0.3111294209957123,0.1850893348455429,0.1822950690984726,0.009232266806066036,-0.0006428007036447525,,
123,19,supervised,0.00620100274682045,0.00017380794452037662,0.000154892448335886,0.010023782961070538,2.3655593395233154e-07,,
123,19,actor,0.00620100274682045,0.00017380794452037662,0.000154892448335886,0.010023782961070538,2.3655593395233154e-07,,
123,19,zero,0.3282380700111389,0.2997704744338989,0.297021746635437,0.007659759372472763,-0.002363787032663822,,
123,19,random,0.319374144077301,0.3472409248352051,0.3439926207065582,0.006631794385612011,-0.0033917520195245743,,
123,19,shuffled,0.5551533102989197,0.4369509816169739,0.4336020350456238,0.004499583039432764,-0.005523963365703821,,
123,19,perturb_0.25sigma,0.03482792526483536,0.03437887877225876,0.03368718922138214,0.010177317075431347,0.00015377067029476166,,
123,19,perturb_0.5sigma,0.11355745047330856,0.1930037885904312,0.18693530559539795,0.007640105672180653,-0.0023834407329559326,,
123,19,perturb_1sigma,0.1573370099067688,0.019197426736354828,0.01858188956975937,0.009948130697011948,-7.54157081246376e-05,,
123,19,perturb_2sigma,0.48376432061195374,0.46091529726982117,0.45667576789855957,0.0040005468763411045,-0.006022999528795481,,
123,20,supervised,0.0,0.0,0.0,0.00941369030624628,0.0,,
123,20,actor,0.0,0.0,0.0,0.00941369030624628,0.0,,
123,20,zero,0.10647320747375488,0.04465821385383606,0.043470095843076706,0.008874206803739071,-0.0005394835025072098,,
123,20,random,0.2422550916671753,0.10473661124706268,0.10292284935712814,0.009546436369419098,0.00013274606317281723,,
123,20,shuffled,0.20495077967643738,0.08610749989748001,0.08374064415693283,0.008127525448799133,-0.0012861648574471474,,
123,20,perturb_0.25sigma,0.05265772342681885,0.04280547797679901,0.04204890504479408,0.009020118974149227,-0.00039357133209705353,,
123,20,perturb_0.5sigma,0.10440578311681747,0.08449740707874298,0.08325359225273132,0.009843941777944565,0.00043025147169828415,,
123,20,perturb_1sigma,0.13423308730125427,0.05612320452928543,0.05489640682935715,0.008445561863481998,-0.0009681284427642822,,
123,20,perturb_2sigma,0.516778290271759,0.5309978723526001,0.5245769023895264,0.0034991486463695765,-0.005914541659876704,,
123,21,supervised,0.0,0.0,0.0,0.00950662512332201,0.0,,
123,21,actor,0.0,0.0,0.0,0.00950662512332201,0.0,,
123,21,zero,0.12436247617006302,0.041882190853357315,0.04065633937716484,0.009055678732693195,-0.0004509463906288147,,
123,21,random,0.27607449889183044,0.3872101306915283,0.3763458728790283,-0.002777841640636325,-0.012284466763958335,,
123,21,shuffled,0.23650005459785461,0.08072951436042786,0.07832511514425278,0.008464347571134567,-0.0010422775521874428,,
123,21,perturb_0.25sigma,0.0456337034702301,0.0565326027572155,0.0553201399743557,0.008791373111307621,-0.000715252012014389,,
123,21,perturb_0.5sigma,0.11375707387924194,0.2075640708208084,0.2046903818845749,0.009165928699076176,-0.00034069642424583435,,
123,21,perturb_1sigma,0.17088250815868378,0.2762596309185028,0.2724899351596832,0.008946076035499573,-0.0005605490878224373,,
123,21,perturb_2sigma,0.26673781871795654,0.15863586962223053,0.15703006088733673,0.009109463542699814,-0.0003971615806221962,,
123,22,supervised,0.0,0.0,0.0,0.009579832665622234,0.0,,
123,22,actor,0.0,0.0,0.0,0.009579832665622234,0.0,,
123,22,zero,0.16364416480064392,0.0391254723072052,0.0378095768392086,0.00922719668596983,-0.0003526359796524048,,
123,22,random,0.17459434270858765,0.01623193733394146,0.015520282089710236,0.010155745781958103,0.0005759131163358688,,
123,22,shuffled,0.3012162148952484,0.07416906207799911,0.07171592861413956,0.008861438371241093,-0.0007183942943811417,,
123,22,perturb_0.25sigma,0.05298445746302605,0.12545472383499146,0.12250158190727234,0.007168686017394066,-0.0024111466482281685,,
123,22,perturb_0.5sigma,0.06259443610906601,0.07563367486000061,0.07384279370307922,0.008284782990813255,-0.001295049674808979,,
123,22,perturb_1sigma,0.1933348923921585,0.3706274926662445,0.36552613973617554,0.007721543777734041,-0.0018582888878881931,,
123,22,perturb_2sigma,0.28718292713165283,0.06413786858320236,0.06300021708011627,0.010842658579349518,0.0012628259137272835,,
123,23,supervised,0.0,0.0,0.0,0.00963272899389267,0.0,,
123,23,actor,0.0,0.0,0.0,0.00963272899389267,0.0,,
123,23,zero,0.21216629445552826,0.036332692950963974,0.03487168997526169,0.009388292208313942,-0.0002444367855787277,,
123,23,random,0.22202543914318085,0.34145933389663696,0.3368425667285919,0.008019719272851944,-0.0016130097210407257,,
123,23,shuffled,0.38249626755714417,0.0668611228466034,0.06427230685949326,0.009283646009862423,-0.00034908298403024673,,
123,23,perturb_0.25sigma,0.050663966685533524,0.07959339022636414,0.07769729942083359,0.00826882105320692,-0.001363907940685749,,
123,23,perturb_0.5sigma,0.12649862468242645,0.31211379170417786,0.3077711760997772,0.008427154272794724,-0.0012055747210979462,,
123,23,perturb_1sigma,0.16823944449424744,0.08459597826004028,0.08293520659208298,0.010123072192072868,0.0004903431981801987,,
123,23,perturb_2sigma,0.28080928325653076,0.08597271144390106,0.0836298018693924,0.00819929875433445,-0.00143343023955822,,
123,24,supervised,0.0,0.0,0.0,0.009654217399656773,0.0,,
123,24,actor,0.0,0.0,0.0,0.009654217399656773,0.0,,
123,24,zero,0.26438215374946594,0.03340442478656769,0.031729456037282944,0.009535902179777622,-0.00011831521987915039,,
123,24,random,0.34722304344177246,0.3764714002609253,0.3666282296180725,-0.002523425966501236,-0.012177643366158009,,
123,24,shuffled,0.4538983404636383,0.05866115912795067,0.05583483725786209,0.009700009599328041,4.579219967126846e-05,,
123,24,perturb_0.25sigma,0.042327769100666046,0.0038489007856696844,0.0038101242389529943,0.009583848528563976,-7.036887109279633e-05,,
123,24,perturb_0.5sigma,0.07367745786905289,0.03205697983503342,0.031488604843616486,0.009144753217697144,-0.0005094641819596291,,
123,24,perturb_1sigma,0.18872280418872833,0.22458933293819427,0.22127358615398407,0.009982757270336151,0.0003285398706793785,,
123,24,perturb_2sigma,0.41694319248199463,0.1083739623427391,0.10586455464363098,0.0077694132924079895,-0.0018848041072487831,,
123,25,supervised,0.0,0.0,0.0,0.00941369030624628,0.0,,
123,25,actor,0.0,0.0,0.0,0.00941369030624628,0.0,,
123,25,zero,0.10647320747375488,0.04465821385383606,0.043470095843076706,0.008874206803739071,-0.0005394835025072098,,
123,25,random,0.22779931128025055,0.36441612243652344,0.35979515314102173,0.0072308676317334175,-0.002182822674512863,,
123,25,shuffled,0.20495077967643738,0.08610749989748001,0.08374064415693283,0.008127525448799133,-0.0012861648574471474,,
123,25,perturb_0.25sigma,0.04991116374731064,0.08906369656324387,0.08706310391426086,0.007996738888323307,-0.0014169514179229736,,
123,25,perturb_0.5sigma,0.15105584263801575,0.3879881501197815,0.3834429383277893,0.006638936698436737,-0.0027747536078095436,,
123,25,perturb_1sigma,0.17581768333911896,0.24352598190307617,0.24024033546447754,0.008684348315000534,-0.0007293419912457466,,
123,25,perturb_2sigma,0.5379616022109985,0.43679264187812805,0.4207525849342346,-0.004519472364336252,-0.013933162670582533,,
123,26,supervised,0.0,0.0,0.0,0.009462815709412098,0.0,,
123,26,actor,0.0,0.0,0.0,0.009462815709412098,0.0,,
123,26,zero,0.12404850125312805,0.04590783640742302,0.04456889256834984,0.008977233432233334,-0.00048558227717876434,,
123,26,random,0.2756839990615845,0.24205373227596283,0.23523007333278656,0.0031978031620383263,-0.006265012547373772,,
123,26,shuffled,0.23586015403270721,0.0882055014371872,0.08556941896677017,0.008313505910336971,-0.0011493097990751266,,
123,26,perturb_0.25sigma,0.05303419008851051,0.01864626444876194,0.018225742504000664,0.009600971825420856,0.00013815611600875854,,
123,26,perturb_0.5sigma,0.11341652274131775,0.19372908771038055,0.1885928213596344,0.005148625932633877,-0.004314189776778221,,
123,26,perturb_1sigma,0.2349681556224823,0.09914115071296692,0.09747397899627686,0.009751631878316402,0.0002888161689043045,,
123,26,perturb_2sigma,0.3952038288116455,0.398245632648468,0.3872280418872833,-0.003157400991767645,-0.012620216701179743,,
123,27,supervised,0.0,0.0,0.0,0.009429515339434147,0.0,,
123,27,actor,0.0,0.0,0.0,0.009429515339434147,0.0,,
123,27,zero,0.1630074679851532,0.042133480310440063,0.04070664942264557,0.00904989056289196,-0.00037962477654218674,,
123,27,random,0.2053954005241394,0.0070126848295331,0.006537114270031452,0.009798833169043064,0.00036931782960891724,,
123,27,shuffled,0.2997296154499054,0.07980452477931976,0.07711109519004822,0.008633130230009556,-0.0007963851094245911,,
123,27,perturb_0.25sigma,0.0599324107170105,0.030085856094956398,0.02939681150019169,0.008995077572762966,-0.0004344377666711807,,
123,27,perturb_0.5sigma,0.08633071184158325,0.19386783242225647,0.19088168442249298,0.009549394249916077,0.00011987891048192978,,
123,27,perturb_1sigma,0.22298574447631836,0.032255396246910095,0.03141952306032181,0.008912256918847561,-0.000517258420586586,,
123,27,perturb_2sigma,0.2470971941947937,0.06663590669631958,0.06482511013746262,0.008108378387987614,-0.0013211369514465332,,
123,28,supervised,0.0,0.0,0.0,0.009513002820312977,0.0,,
123,28,actor,0.0,0.0,0.0,0.009513002820312977,0.0,,
123,28,zero,0.21101167798042297,0.04345550760626793,0.04194704815745354,0.009189753793179989,-0.000323249027132988,,
123,28,random,0.26701855659484863,0.32017984986305237,0.31202322244644165,0.00017842095985542983,-0.009334581860457547,,
123,28,shuffled,0.38047757744789124,0.08040414750576019,0.07768134772777557,0.00894804298877716,-0.0005649598315358162,,
123,28,perturb_0.25sigma,0.048373445868492126,0.04755251854658127,0.046593282371759415,0.008959393948316574,-0.0005536088719964027,,
123,28,perturb_0.5sigma,0.07489275932312012,0.06801167875528336,0.06663580983877182,0.009990773163735867,0.0004777703434228897,,
123,28,perturb_1sigma,0.24126428365707397,0.3571726977825165,0.3477784991264343,-0.0013971287989988923,-0.01091013161931187,,
123,28,perturb_2sigma,0.24424809217453003,0.15946725010871887,0.15527251362800598,0.0062909056432545185,-0.0032220971770584583,,
123,29,supervised,0.0,0.0,0.0,0.009574050083756447,0.0,,
123,29,actor,0.0,0.0,0.0,0.009574050083756447,0.0,,
123,29,zero,0.2625008225440979,0.042563773691654205,0.04088962450623512,0.009318496100604534,-0.0002555539831519127,,
123,29,random,0.2574096918106079,0.18423736095428467,0.17923389375209808,0.00566167151555419,-0.003912378568202257,,
123,29,shuffled,0.45151838660240173,0.07633505016565323,0.07339393347501755,0.009278330020606518,-0.00029572006314992905,,
123,29,perturb_0.25sigma,0.06311266869306564,0.08286474645137787,0.08128964900970459,0.010232223197817802,0.0006581731140613556,,
123,29,perturb_0.5sigma,0.07069287449121475,0.15043136477470398,0.14789482951164246,0.010082011111080647,0.0005079610273241997,,
123,29,perturb_1sigma,0.12380377948284149,0.018352005630731583,0.01786397024989128,0.009606641717255116,3.259163349866867e-05,,
123,29,perturb_2sigma,0.276093989610672,0.04911589249968529,0.04759250953793526,0.010649715550243855,0.0010756654664874077,,
123,30,supervised,0.001909373328089714,0.00010109735740115866,9.43603299674578e-05,0.009198600426316261,-3.5390257835388184e-07,,
123,30,actor,0.001909373328089714,0.00010109735740115866,9.43603299674578e-05,0.009198600426316261,-3.5390257835388184e-07,,
123,30,zero,0.18754538893699646,0.287178099155426,0.28443601727485657,0.006790353450924158,-0.002408600877970457,,
123,30,random,0.2707080543041229,0.2159891128540039,0.21301467716693878,0.007917742244899273,-0.0012812120839953423,,
123,30,shuffled,0.36848580837249756,0.421601802110672,0.41814640164375305,0.0040278625674545765,-0.005171091761440039,,
123,30,perturb_0.25sigma,0.061470553278923035,0.04786655306816101,0.04689762368798256,0.00932710524648428,0.00012815091758966446,,
123,30,perturb_0.5sigma,0.09585089236497879,0.17825105786323547,0.1731976568698883,0.007383361458778381,-0.0018155928701162338,,
123,30,perturb_1sigma,0.17983092367649078,0.0874105840921402,0.08570997416973114,0.008707930333912373,-0.0004910239949822426,,
123,30,perturb_2sigma,0.3769983649253845,0.492108017206192,0.47661423683166504,0.00153850216884166,-0.007660452160052955,,
123,31,supervised,0.0007836874574422836,7.974474283400923e-05,7.706473843427375e-05,0.009391939267516136,-3.548339009284973e-07,,
123,31,actor,0.0007836874574422836,7.974474283400923e-05,7.706473843427375e-05,0.009391939267516136,-3.548339009284973e-07,,
123,31,zero,0.20137155055999756,0.29211390018463135,0.28942811489105225,0.006935503333806992,-0.002456790767610073,,
123,31,random,0.2506733238697052,0.09722983837127686,0.09520425647497177,0.008613976649940014,-0.0007783174514770508,,
123,31,shuffled,0.38644301891326904,0.42686328291893005,0.4235038161277771,0.004087700042873621,-0.005304594058543444,,
123,31,perturb_0.25sigma,0.05573275685310364,0.06757182627916336,0.0659952312707901,0.008957960642874241,-0.0004343334585428238,,
123,31,perturb_0.5sigma,0.08176474273204803,0.11982287466526031,0.11656487733125687,0.00840677134692669,-0.0009855227544903755,,
123,31,perturb_1sigma,0.22864916920661926,0.26552289724349976,0.262430876493454,0.007504302076995373,-0.001887992024421692,,
123,31,perturb_2sigma,0.43224653601646423,0.40802404284477234,0.4044768214225769,0.0046563418582081795,-0.004735952243208885,,
123,32,supervised,8.026137948036194e-06,2.329422022739891e-05,2.182719254051335e-05,0.009562688879668713,0.0,,
123,32,actor,8.026137948036194e-06,2.329422022739891e-05,2.182719254051335e-05,0.009562688879668713,0.0,,
123,32,zero,0.23484371602535248,0.2964264154434204,0.29377374053001404,0.0070783840492367744,-0.002484304830431938,,
123,32,random,0.21717816591262817,0.1451079100370407,0.1433563083410263,0.009191988036036491,-0.0003707008436322212,,
123,32,shuffled,0.43800777196884155,0.43121472001075745,0.42792314291000366,0.00415418203920126,-0.005408506840467453,,
123,32,perturb_0.25sigma,0.07463439553976059,0.14113423228263855,0.13713017106056213,0.0082262447103858,-0.0013364441692829132,,
123,32,perturb_0.5sigma,0.07089383155107498,0.04306579753756523,0.04215901345014572,0.009251157753169537,-0.000311531126499176,,
123,32,perturb_1sigma,0.2835874557495117,0.3639337122440338,0.3514688313007355,0.0044738054275512695,-0.005088883452117443,,
123,32,perturb_2sigma,0.41447731852531433,0.373163104057312,0.36995062232017517,0.005444029346108437,-0.004118659533560276,,
123,33,supervised,6.640329957008362e-05,5.178639912628569e-05,5.071639679954387e-05,0.009716764092445374,0.0,,
123,33,actor,6.640329957008362e-05,5.178639912628569e-05,5.071639679954387e-05,0.009716764092445374,0.0,,
123,33,zero,0.28027603030204773,0.29987776279449463,0.29722872376441956,0.007219350431114435,-0.0024974136613309383,,
123,33,random,0.20064549148082733,0.052251800894737244,0.05172038823366165,0.00982100609689951,0.0001042420044541359,,
123,33,shuffled,0.4985080361366272,0.4344191253185272,0.4311586022377014,0.00423086853697896,-0.0054858955554664135,,
123,33,perturb_0.25sigma,0.0361316055059433,0.024052927270531654,0.0236203595995903,0.00978594459593296,6.918050348758698e-05,,
123,33,perturb_0.5sigma,0.10176549106836319,0.0713716521859169,0.07001864910125732,0.009895370341837406,0.00017860624939203262,,
123,33,perturb_1sigma,0.22295686602592468,0.11271711438894272,0.10989806056022644,0.008682637475430965,-0.0010341266170144081,,
123,33,perturb_2sigma,0.3288673460483551,0.07020451128482819,0.06830696016550064,0.009232020005583763,-0.0004847440868616104,,
123,34,supervised,0.006561044603586197,0.000172043452039361,0.0001600130635779351,0.00986066460609436,1.1827796697616577e-07,,
123,34,actor,0.006561044603586197,0.000172043452039361,0.0001600130635779351,0.00986066460609436,1.1827796697616577e-07,,
123,34,zero,0.33203279972076416,0.30228328704833984,0.29960522055625916,0.007357693277299404,-0.00250285305082798,,
123,34,random,0.2733670175075531,0.19471034407615662,0.1920638233423233,0.009332654997706413,-0.0005278913304209709,,
123,34,shuffled,0.5613911151885986,0.4363185465335846,0.43306124210357666,0.004318350460380316,-0.005542195867747068,,
123,34,perturb_0.25sigma,0.04604630172252655,0.005028949119150639,0.004870130214840174,0.009844610467553139,-1.5935860574245453e-05,,
123,34,perturb_0.5sigma,0.06592340767383575,0.015375356189906597,0.014988664537668228,0.00994871836155653,8.817203342914581e-05,,
123,34,perturb_1sigma,0.1731056571006775,0.17141222953796387,0.16884379088878632,0.00933041237294674,-0.000530133955180645,,
123,34,perturb_2sigma,0.3533625304698944,0.5025790333747864,0.4856569766998291,0.001851128414273262,-0.008009417913854122,,
123,35,supervised,0.061208680272102356,0.012379218824207783,0.012026130221784115,0.0064719924703240395,-8.882395923137665e-05,,
123,35,actor,0.061208680272102356,0.012379218824207783,0.012026130221784115,0.0064719924703240395,-8.882395923137665e-05,,
123,35,zero,0.3844829499721527,0.3317074775695801,0.3293178081512451,0.003236925695091486,-0.00332389073446393,,
123,35,random,0.5140881538391113,0.3953827917575836,0.3927023708820343,0.0023982657585293055,-0.004162550671026111,,
123,35,shuffled,0.7299070358276367,0.44052064418792725,0.4376140236854553,0.0017749068792909384,-0.004785909550264478,,
123,35,perturb_0.25sigma,0.09562304615974426,0.04058891162276268,0.03944479301571846,0.0066977073438465595,0.00013689091429114342,,
123,35,perturb_0.5sigma,0.1948365867137909,0.2062159776687622,0.2042602002620697,0.00483276043087244,-0.0017280559986829758,,
123,35,perturb_1sigma,0.11391575634479523,0.0350501574575901,0.03427505120635033,0.006312562618404627,-0.00024825381115078926,,
123,35,perturb_2sigma,0.3408493995666504,0.05354932323098183,0.052536286413669586,0.006563183385878801,2.3669563233852386e-06,,
123,36,supervised,0.05062144622206688,0.009318840689957142,0.009030773304402828,0.006558094173669815,-6.371224299073219e-05,,
123,36,actor,0.05062144622206688,0.009318840689957142,0.009030773304402828,0.006558094173669815,-6.371224299073219e-05,,
123,36,zero,0.39403051137924194,0.3347233831882477,0.33226278424263,0.0032637789845466614,-0.003358027432113886,,
123,36,random,0.4725211262702942,0.35896337032318115,0.35638681054115295,0.0029425532557070255,-0.0036792531609535217,,
123,36,shuffled,0.7340008020401001,0.4439351260662079,0.44099289178848267,0.0017733596032485366,-0.004848446813412011,,
123,36,perturb_0.25sigma,0.07553786039352417,0.023684186860919,0.023040730506181717,0.00668989447876811,6.808806210756302e-05,,
123,36,perturb_0.5sigma,0.12262577563524246,0.03880458325147629,0.037582580000162125,0.006752887740731239,0.00013108132407069206,,
123,36,perturb_1sigma,0.24541151523590088,0.15731723606586456,0.14940452575683594,0.006726237945258617,0.00010443152859807014,,
123,36,perturb_2sigma,0.20159314572811127,0.048318345099687576,0.04700969532132149,0.006747795734554529,0.00012598931789398193,,
123,37,supervised,0.04636519402265549,0.007351450622081757,0.007095921318978071,0.0066233472898602486,-4.748441278934479e-05,,
123,37,actor,0.04636519402265549,0.007351450622081757,0.007095921318978071,0.0066233472898602486,-4.748441278934479e-05,,
123,37,zero,0.41769275069236755,0.3363759219646454,0.33381566405296326,0.003289562650024891,-0.0033812690526247025,,
123,37,random,0.4809528589248657,0.3876761794090271,0.38487106561660767,0.0025955410674214363,-0.004075290635228157,,
123,37,shuffled,0.7588560581207275,0.44584593176841736,0.4428483545780182,0.0017734784632921219,-0.0048973532393574715,,
123,37,perturb_0.25sigma,0.05474277585744858,0.003871818771585822,0.003713219426572323,0.006658398546278477,-1.2433156371116638e-05,,
123,37,perturb_0.5sigma,0.10807491093873978,0.03688855096697807,0.03556488826870918,0.006790540646761656,0.00011970894411206245,,
123,37,perturb_1sigma,0.16579507291316986,0.011331496760249138,0.011125832796096802,0.006597294472157955,-7.353723049163818e-05,,
123,37,perturb_2sigma,0.24662183225154877,0.030107619240880013,0.029175668954849243,0.006495327223092318,-0.00017550447955727577,,
123,38,supervised,0.05218030884861946,0.0061569116078317165,0.0059000179171562195,0.006673320662230253,-3.5878270864486694e-05,,
123,38,actor,0.05218030884861946,0.0061569116078317165,0.0059000179171562195,0.006673320662230253,-3.5878270864486694e-05,,
123,38,zero,0.45256152749061584,0.3366892635822296,0.3340011239051819,0.003313919762149453,-0.0033952791709452868,,
123,38,random,0.40611326694488525,0.31408753991127014,0.3114243745803833,0.0036144766490906477,-0.003094722284004092,,
123,38,shuffled,0.7904572486877441,0.4461231827735901,0.4430491626262665,0.0017783570801839232,-0.004930841852910817,,
123,38,perturb_0.25sigma,0.10986543446779251,0.05297126993536949,0.05095312371850014,0.0068550677970051765,0.00014586886391043663,,
123,38,perturb_0.5sigma,0.08384905010461807,0.030008452013134956,0.029268214479088783,0.0065525309182703495,-0.0001566680148243904,,
123,38,perturb_1sigma,0.22876261174678802,0.09285785257816315,0.08802857249975204,0.006946342531591654,0.0002371435984969139,,
123,38,perturb_2sigma,0.287046879529953,0.031180724501609802,0.02965460531413555,0.006791845429688692,8.264649659395218e-05,,
123,39,supervised,0.06885383278131485,0.005655504297465086,0.005351279862225056,0.006711805704981089,-2.628657966852188e-05,,
123,39,actor,0.06885383278131485,0.005655504297465086,0.005351279862225056,0.006711805704981089,-2.628657966852188e-05,,
123,39,zero,0.4954525828361511,0.3356691598892212,0.33282753825187683,0.0033369692973792553,-0.0034011229872703552,,
123,39,random,0.6755813360214233,0.4401942491531372,0.4369199872016907,0.0018618896137923002,-0.00487620267085731,,
123,39,shuffled,0.8328229784965515,0.4450112283229828,0.441843181848526,0.0017844258109107614,-0.004953666473738849,,
123,39,perturb_0.25sigma,0.08176464587450027,0.0034274777863174677,0.0032523649279028177,0.006727672182023525,-1.0420102626085281e-05,,
123,39,perturb_0.5sigma,0.1590002030134201,0.14821164309978485,0.14570724964141846,0.005662496201694012,-0.0010755960829555988,,
123,39,perturb_1sigma,0.19977402687072754,0.06312953680753708,0.060678694397211075,0.006941254250705242,0.00020316196605563164,,
123,39,perturb_2sigma,0.35129907727241516,0.044716645032167435,0.04279392957687378,0.006697122007608414,-4.097027704119682e-05,,
123,40,supervised,0.008720292709767818,0.0007475608726963401,0.0007348552462644875,0.008486439473927021,-4.7283247113227844e-06,,
123,40,actor,0.008720292709767818,0.0007475608726963401,0.0007348552462644875,0.008486439473927021,-4.7283247113227844e-06,,
123,40,zero,0.22609420120716095,0.3009883165359497,0.29880043864250183,0.005408107303082943,-0.003083060495555401,,
123,40,random,0.22285054624080658,0.019524576142430305,0.019336996600031853,0.008122789673507214,-0.0003683781251311302,,
123,40,shuffled,0.44489890336990356,0.42097631096839905,0.4180675446987152,0.003159445244818926,-0.005331722553819418,,
123,40,perturb_0.25sigma,0.05029498040676117,0.002034846693277359,0.0019658312667161226,0.008515872061252594,2.4704262614250183e-05,,
123,40,perturb_0.5sigma,0.11735263466835022,0.17604896426200867,0.17411182820796967,0.007378754206001759,-0.0011124135926365852,,
123,40,perturb_1sigma,0.15186016261577606,0.17756697535514832,0.17580963671207428,0.007331420201808214,-0.0011597475968301296,,
123,40,perturb_2sigma,0.42177096009254456,0.4211130440235138,0.405391663312912,0.004740296397358179,-0.0037508714012801647,,
123,41,supervised,0.005586645100265741,0.00038519661757163703,0.00038001430220901966,0.008646116591989994,-1.773238182067871e-06,,
123,41,actor,0.005586645100265741,0.00038519661757163703,0.00038001430220901966,0.008646116591989994,-1.773238182067871e-06,,
123,41,zero,0.2385147511959076,0.306503027677536,0.30433452129364014,0.005493233446031809,-0.003154656384140253,,
123,41,random,0.31681132316589355,0.33108454942703247,0.3285940885543823,0.005056730471551418,-0.0035911593586206436,,
123,41,shuffled,0.458804726600647,0.42667993903160095,0.42384421825408936,0.0031882019247859716,-0.00545968790538609,,
123,41,perturb_0.25sigma,0.049022939056158066,0.040442343801259995,0.03959430754184723,0.00862803217023611,-1.9857659935951233e-05,,
123,41,perturb_0.5sigma,0.13471022248268127,0.1685212105512619,0.16343742609024048,0.007891573943197727,-0.0007563158869743347,,
123,41,perturb_1sigma,0.17200681567192078,0.1430535614490509,0.14146247506141663,0.007932869717478752,-0.0007150201126933098,,
123,41,perturb_2sigma,0.3223871886730194,0.26532432436943054,0.2631222605705261,0.006226473953574896,-0.002421415876597166,,
123,42,supervised,0.0034993186127394438,0.0001613542262930423,0.00015813605568837374,0.00878355372697115,-1.2991949915885925e-06,,
123,42,actor,0.0034993186127394438,0.0001613542262930423,0.00015813605568837374,0.00878355372697115,-1.2991949915885925e-06,,
123,42,zero,0.2692541182041168,0.31128641963005066,0.30910810828208923,0.005576218944042921,-0.003208633977919817,,
123,42,random,0.2669295072555542,0.33333951234817505,0.3307918906211853,0.005144733469933271,-0.0036401194520294666,,
123,42,shuffled,0.5046353936195374,0.43139317631721497,0.42860740423202515,0.003220166312530637,-0.005564686609432101,,
123,42,perturb_0.25sigma,0.04243393987417221,0.01295786164700985,0.012747283093631268,0.008736049756407738,-4.8803165555000305e-05,,
123,42,perturb_0.5sigma,0.09531733393669128,0.08884092420339584,0.08759880810976028,0.008474268019199371,-0.0003105849027633667,,
123,42,perturb_1sigma,0.19419889152050018,0.1667736917734146,0.16454298794269562,0.007743034511804581,-0.0010418184101581573,,
123,42,perturb_2sigma,0.28224217891693115,0.22196397185325623,0.21944370865821838,0.007260647602379322,-0.001524205319583416,,
123,43,supervised,0.0031639020889997482,0.00011774253653129563,0.0001063499876181595,0.008904548361897469,-1.1809170246124268e-06,,
123,43,actor,0.0031639020889997482,0.00011774253653129563,0.0001063499876181595,0.008904548361897469,-1.1809170246124268e-06,,
123,43,zero,0.3122192621231079,0.3151893615722656,0.3129701316356659,0.0056565897539258,-0.0032491395249962807,,
123,43,random,0.2457066923379898,0.17212079465389252,0.17053914070129395,0.007807500660419464,-0.0010982286185026169,,
123,43,shuffled,0.5552709102630615,0.4348193407058716,0.4320453703403473,0.00326317991130054,-0.005642549367621541,,
123,43,perturb_0.25sigma,0.04873634874820709,0.035769619047641754,0.03495543450117111,0.008830225095152855,-7.550418376922607e-05,,
123,43,perturb_0.5sigma,0.12028419226408005,0.09563231468200684,0.09384337067604065,0.008719506673514843,-0.000186222605407238,,
123,43,perturb_1sigma,0.18858730792999268,0.021319404244422913,0.020858483389019966,0.008912229910492897,6.50063157081604e-06,,
123,43,perturb_2sigma,0.49175170063972473,0.4215848445892334,0.41844433546066284,0.003654974512755871,-0.00525075476616621,,
123,44,supervised,0.008767765946686268,0.00021750624000560492,0.0001912711886689067,0.009013478644192219,-1.4174729585647583e-06,,
123,44,actor,0.008767765946686268,0.00021750624000560492,0.0001912711886689067,0.009013478644192219,-1.4174729585647583e-06,,
123,44,zero,0.3623069226741791,0.31804725527763367,0.3157530426979065,0.005734583362936974,-0.00328031275421381,,
123,44,random,0.24573734402656555,0.11707588285207748,0.11559952795505524,0.008501574397087097,-0.0005133217200636864,,
123,44,shuffled,0.6116151213645935,0.4369255006313324,0.43413421511650085,0.0033129642251878977,-0.005701931891962886,,
123,44,perturb_0.25sigma,0.04618345573544502,0.049291692674160004,0.048333730548620224,0.008968113921582699,-4.678219556808472e-05,,
123,44,perturb_0.5sigma,0.08796485513448715,0.09826570749282837,0.09532017260789871,0.008719614706933498,-0.00029528141021728516,,
123,44,perturb_1sigma,0.13815927505493164,0.010092208161950111,0.010058281943202019,0.009062860161066055,4.796404391527176e-05,,
123,44,perturb_2sigma,0.3297879993915558,0.42503806948661804,0.40834176540374756,0.004606815055012703,-0.004408081062138081,,
123,45,supervised,0.0,0.0,0.0,0.01087259128689766,0.0,,
123,45,actor,0.0,0.0,0.0,0.01087259128689766,0.0,,
123,45,zero,0.1137532889842987,0.07690098881721497,0.07578126341104507,0.011460027657449245,0.0005874363705515862,,
123,45,random,0.255598783493042,0.30186551809310913,0.2976731061935425,0.009996318258345127,-0.0008762730285525322,,
123,45,shuffled,0.21975988149642944,0.15756970643997192,0.15551114082336426,0.011398986913263798,0.0005263956263661385,,
123,45,perturb_0.25sigma,0.04225285351276398,0.03241031989455223,0.03171928599476814,0.010476413182914257,-0.00039617810398340225,,
123,45,perturb_0.5sigma,0.21729274094104767,0.4758215546607971,0.4705626368522644,0.0059561035595834255,-0.004916487727314234,,
123,45,perturb_1sigma,0.15942814946174622,0.3243510127067566,0.3204481303691864,0.009060071781277657,-0.0018125195056200027,,
123,45,perturb_2sigma,0.2890928387641907,0.20119325816631317,0.1955840140581131,0.005670434795320034,-0.005202156491577625,,
123,46,supervised,0.0,0.0,0.0,0.011056766845285892,0.0,,
123,46,actor,0.0,0.0,0.0,0.011056766845285892,0.0,,
123,46,zero,0.13257236778736115,0.08084104210138321,0.07968568801879883,0.011794786900281906,0.0007380200549960136,,
123,46,random,0.2350810021162033,0.23182152211666107,0.22489714622497559,0.0046531143598258495,-0.006403652485460043,,
123,46,shuffled,0.25130176544189453,0.167915940284729,0.1657743602991104,0.011763456277549267,0.0007066894322633743,,
123,46,perturb_0.25sigma,0.040915921330451965,0.02413126640021801,0.023646416142582893,0.01134840864688158,0.00029164180159568787,,
123,46,perturb_0.5sigma,0.1091318130493164,0.16477134823799133,0.16013896465301514,0.00703622167930007,-0.004020545165985823,,
123,46,perturb_1sigma,0.18171775341033936,0.014363455586135387,0.014155919663608074,0.011252579279243946,0.0001958124339580536,,
123,46,perturb_2sigma,0.32014039158821106,0.5031456351280212,0.49742400646209717,0.005652567371726036,-0.005404199473559856,,
123,47,supervised,0.0,0.0,0.0,0.011233717203140259,0.0,,
123,47,actor,0.0,0.0,0.0,0.011233717203140259,0.0,,
123,47,zero,0.17238956689834595,0.08467791229486465,0.08345716446638107,0.012135439552366734,0.0009017223492264748,,
123,47,random,0.20152489840984344,0.12451842427253723,0.12128639221191406,0.008499085903167725,-0.002734631299972534,,
123,47,shuffled,0.31497129797935486,0.17882463335990906,0.1764945685863495,0.012161120772361755,0.0009274035692214966,,
123,47,perturb_0.25sigma,0.0539654940366745,0.10892726480960846,0.10604678094387054,0.008853863924741745,-0.002379853278398514,,
123,47,perturb_0.5sigma,0.10065227746963501,0.16785487532615662,0.16509191691875458,0.011750851757824421,0.0005171345546841621,,
123,47,perturb_1sigma,0.08639377355575562,0.0259621050208807,0.025309281423687935,0.010784262791275978,-0.0004494544118642807,,
123,47,perturb_2sigma,0.4882246255874634,0.4599369764328003,0.4458904266357422,-0.0041212039068341255,-0.015354921109974384,,
123,48,supervised,0.0,0.0,0.0,0.011409576050937176,0.0,,
123,48,actor,0.0,0.0,0.0,0.011409576050937176,0.0,,
123,48,zero,0.22151364386081696,0.0884832814335823,0.08717425167560577,0.012486926279962063,0.001077350229024887,,
123,48,random,0.23265939950942993,0.10784205049276352,0.10445616394281387,0.00922682136297226,-0.0021827546879649162,,
123,48,shuffled,0.3947701156139374,0.1899135559797287,0.18738065659999847,0.012558157555758953,0.0011485815048217773,,
123,48,perturb_0.25sigma,0.05854984000325203,0.09190288186073303,0.09008301049470901,0.01225697435438633,0.0008473983034491539,,
123,48,perturb_0.5sigma,0.1069755107164383,0.039737921208143234,0.03890543431043625,0.010710787028074265,-0.0006987890228629112,,
123,48,perturb_1sigma,0.24326564371585846,0.4813730716705322,0.47535240650177,0.006173172499984503,-0.005236403550952673,,
123,48,perturb_2sigma,0.49807727336883545,0.553096354007721,0.5458090305328369,0.004526878707110882,-0.006882697343826294,,
123,49,supervised,0.0,0.0,0.0,0.011586346663534641,0.0,,
123,49,actor,0.0,0.0,0.0,0.011586346663534641,0.0,,
123,49,zero,0.27443066239356995,0.0923413559794426,0.0909232497215271,0.012853235006332397,0.0012668883427977562,,
123,49,random,0.31390243768692017,0.36282339692115784,0.35316792130470276,-0.0006565465591847897,-0.012242893222719431,,
123,49,shuffled,0.46536847949028015,0.20133301615715027,0.19858580827713013,0.012940561398863792,0.0013542147353291512,,
123,49,perturb_0.25sigma,0.05173744633793831,0.09876340627670288,0.09684818983078003,0.012531312182545662,0.0009449655190110207,,
123,49,perturb_0.5sigma,0.09858056157827377,0.0987519696354866,0.09660496562719345,0.012592880055308342,0.0010065333917737007,,
123,49,perturb_1sigma,0.16776920855045319,0.24756020307540894,0.2440863847732544,0.011209577322006226,-0.0003767693415284157,,
123,49,perturb_2sigma,0.3703839182853699,0.4048534631729126,0.39417359232902527,-0.0024804612621665,-0.014066807925701141,,
123,50,supervised,0.0,0.0,0.0,0.01087259128689766,0.0,,
123,50,actor,0.0,0.0,0.0,0.01087259128689766,0.0,,
123,50,zero,0.1137532889842987,0.07690098881721497,0.07578126341104507,0.011460027657449245,0.0005874363705515862,,
123,50,random,0.24956022202968597,0.19132812321186066,0.18835321068763733,0.01097838394343853,0.00010579265654087067,,
123,50,shuffled,0.21975988149642944,0.15756970643997192,0.15551114082336426,0.011398986913263798,0.0005263956263661385,,
123,50,perturb_0.25sigma,0.03773140907287598,0.035198625177145004,0.03447078540921211,0.010339089669287205,-0.0005335016176104546,,
123,50,perturb_0.5sigma,0.11656217277050018,0.09496884793043137,0.09267042577266693,0.009179692715406418,-0.0016928985714912415,,
123,50,perturb_1sigma,0.23407605290412903,0.2598671317100525,0.25275588035583496,0.0034621611703187227,-0.007410430116578937,,
123,50,perturb_2sigma,0.48149973154067993,0.40916723012924194,0.3974180221557617,-0.001993179554119706,-0.012865770841017365,,
123,51,supervised,0.0,0.0,0.0,0.0109480582177639,0.0,,
123,51,actor,0.0,0.0,0.0,0.0109480582177639,0.0,,
123,51,zero,0.13191433250904083,0.07682541757822037,0.07571287453174591,0.011611808091402054,0.0006637498736381531,,
123,51,random,0.23925842344760895,0.011773371137678623,0.01127439271658659,0.011480990797281265,0.0005329325795173645,,
123,51,shuffled,0.25002503395080566,0.16010917723178864,0.15803176164627075,0.011591313406825066,0.0006432551890611649,,
123,51,perturb_0.25sigma,0.04834285005927086,0.09323622286319733,0.09079406410455704,0.009211939759552479,-0.001736118458211422,,
123,51,perturb_0.5sigma,0.15998142957687378,0.26729777455329895,0.2594278156757355,0.003322680713608861,-0.00762537750415504,,
123,51,perturb_1sigma,0.1979852020740509,0.25293445587158203,0.2455543875694275,0.0038789352402091026,-0.007069122977554798,,
123,51,perturb_2sigma,0.3518133759498596,0.440183162689209,0.434796541929245,0.00672560092061758,-0.00422245729714632,,
123,52,supervised,0.0,0.0,0.0,0.010868819430470467,0.0,,
123,52,actor,0.0,0.0,0.0,0.010868819430470467,0.0,,
123,52,zero,0.17126068472862244,0.08053967356681824,0.07935260981321335,0.011653520166873932,0.0007847007364034653,,
123,52,random,0.228070467710495,0.30220580101013184,0.2935393452644348,0.0018919615540653467,-0.00897685787640512,,
123,52,shuffled,0.31251832842826843,0.17093485593795776,0.1686268299818039,0.01167414803057909,0.0008053286001086235,,
123,52,perturb_0.25sigma,0.03607238084077835,0.07102038711309433,0.06920390576124191,0.009597756899893284,-0.0012710625305771828,,
123,52,perturb_0.5sigma,0.11211290210485458,0.19116079807281494,0.18567271530628204,0.0060328529216349125,-0.004835966508835554,,
123,52,perturb_1sigma,0.1693708747625351,0.2316971868276596,0.2251739352941513,0.004648131318390369,-0.006220688112080097,,
123,52,perturb_2sigma,0.2966878414154053,0.22548043727874756,0.21880260109901428,0.004716240335255861,-0.006152579095214605,,
123,53,supervised,0.0,0.0,0.0,0.010848538018763065,0.0,,
123,53,actor,0.0,0.0,0.0,0.010848538018763065,0.0,,
123,53,zero,0.21987949311733246,0.081587053835392,0.08038855344057083,0.011696645058691502,0.0008481070399284363,,
123,53,random,0.21229901909828186,0.10375238955020905,0.10037441551685333,0.009113661013543606,-0.0017348770052194595,,
123,53,shuffled,0.39159876108169556,0.17644864320755005,0.1740650087594986,0.011755326762795448,0.000906788744032383,,
123,53,perturb_0.25sigma,0.04283700883388519,0.021579308435320854,0.021155355498194695,0.010509565472602844,-0.0003389725461602211,,
123,53,perturb_0.5sigma,0.08435624837875366,0.0460292249917984,0.045273132622241974,0.01114590372890234,0.0002973657101392746,,
123,53,perturb_1sigma,0.17025256156921387,0.2979748249053955,0.2896876037120819,0.0021036132238805294,-0.008744924794882536,,
123,53,perturb_2sigma,0.20390258729457855,0.08512068539857864,0.08321978151798248,0.01188043225556612,0.0010318942368030548,,
123,54,supervised,0.0,0.0,0.0,0.010850779712200165,0.0,,
123,54,actor,0.0,0.0,0.0,0.010850779712200165,0.0,,
123,54,zero,0.27197855710983276,0.08245595544576645,0.08124572783708572,0.011757676489651203,0.0009068967774510384,,
123,54,random,0.2551482319831848,0.2663060128688812,0.2622166872024536,0.010871198028326035,2.041831612586975e-05,,
123,54,shuffled,0.46171268820762634,0.18128104507923126,0.178891122341156,0.01183390710502863,0.0009831273928284645,,
123,54,perturb_0.25sigma,0.07353322207927704,0.10777787864208221,0.10491136461496353,0.008793131448328495,-0.0020576482638716698,,
123,54,perturb_0.5sigma,0.0822519063949585,0.17177481949329376,0.16878941655158997,0.011352317407727242,0.0005015376955270767,,
123,54,perturb_1sigma,0.14948543906211853,0.036202188581228256,0.03552692010998726,0.011437632143497467,0.0005868524312973022,,
123,54,perturb_2sigma,0.3692537248134613,0.43621060252189636,0.4242691397666931,-0.002884183544665575,-0.01373496325686574,,
123,55,supervised,0.0,0.0,0.0,0.017821770161390305,0.0,,
123,55,actor,0.0,0.0,0.0,0.017821770161390305,0.0,,
123,55,zero,0.2773556709289551,0.44510191679000854,0.4325622022151947,0.06241700425744057,0.04459523409605026,,
123,55,random,0.40236735343933105,0.47235020995140076,0.45822611451148987,0.05623657628893852,0.03841480612754822,,
123,55,shuffled,0.5505087971687317,0.49917319416999817,0.48281946778297424,0.04761076346039772,0.029788993299007416,,
123,55,perturb_0.25sigma,0.09413643181324005,0.02302793599665165,0.02264288067817688,0.025615012273192406,0.007793242111802101,,
123,55,perturb_0.5sigma,0.08076900243759155,0.100282222032547,0.09834732860326767,-0.01767057366669178,-0.035492343828082085,,
123,55,perturb_1sigma,0.15651993453502655,0.15528228878974915,0.15176036953926086,0.057055529206991196,0.03923375904560089,,
123,55,perturb_2sigma,0.23351652920246124,0.05655527487397194,0.055319465696811676,0.03453094884753227,0.016709178686141968,,
123,56,supervised,0.0,0.0,0.0,0.022969603538513184,0.0,,
123,56,actor,0.0,0.0,0.0,0.022969603538513184,0.0,,
123,56,zero,0.2710491418838501,0.4384664297103882,0.42612555623054504,0.03708278760313988,0.014113184064626694,,
123,56,random,0.4091533124446869,0.45847180485725403,0.4449543356895447,0.029262160882353783,0.006292557343840599,,
123,56,shuffled,0.5376553535461426,0.4913174510002136,0.47535479068756104,0.012661240994930267,-0.010308362543582916,,
123,56,perturb_0.25sigma,0.05770978704094887,0.13386672735214233,0.13095428049564362,0.05969741940498352,0.03672781586647034,,
123,56,perturb_0.5sigma,0.10591427981853485,0.1245211735367775,0.12182168662548065,0.057757675647735596,0.03478807210922241,,
123,56,perturb_1sigma,0.13143298029899597,0.11333438009023666,0.1112634539604187,-0.02657840959727764,-0.049548013135790825,,
123,56,perturb_2sigma,0.6071006655693054,0.49531421065330505,0.4784347116947174,0.011723949573934078,-0.011245653964579105,,
123,57,supervised,0.0,0.0,0.0,0.029255492612719536,0.0,,
123,57,actor,0.0,0.0,0.0,0.029255492612719536,0.0,,
123,57,zero,0.27597400546073914,0.4332389831542969,0.4210631847381592,-0.03123805858194828,-0.060493551194667816,,
123,57,random,0.4294552505016327,0.48498645424842834,0.4699421525001526,-0.07093045860528946,-0.100185951218009,,
123,57,shuffled,0.544691264629364,0.48491865396499634,0.46929100155830383,-0.0718979462981224,-0.10115343891084194,,
123,57,perturb_0.25sigma,0.06947550177574158,0.14822152256965637,0.14524978399276733,-0.05491913482546806,-0.0841746274381876,,
123,57,perturb_0.5sigma,0.06972341239452362,0.09090547263622284,0.08917888253927231,-0.01838008500635624,-0.047635577619075775,,
123,57,perturb_1sigma,0.17914600670337677,0.2644837200641632,0.2588712275028229,-0.1411609649658203,-0.17041645757853985,,
123,57,perturb_2sigma,0.3327764868736267,0.0926385372877121,0.09060798585414886,0.057350050657987595,0.02809455804526806,,
123,58,supervised,0.0,0.0,0.0,0.03582984581589699,0.0,,
123,58,actor,0.0,0.0,0.0,0.03582984581589699,0.0,,
123,58,zero,0.29116085171699524,0.42940738797187805,0.41736286878585815,-0.2151358425617218,-0.2509656883776188,,
123,58,random,0.4047747552394867,0.48036107420921326,0.46539032459259033,-0.27982214093208313,-0.3156519867479801,,
123,58,shuffled,0.5675080418586731,0.4800441265106201,0.46469026803970337,-0.28006675839424133,-0.3158966042101383,,
123,58,perturb_0.25sigma,0.05924967676401138,0.1377018690109253,0.13468152284622192,0.045931681990623474,0.010101836174726486,,
123,58,perturb_0.5sigma,0.11139200627803802,0.14169655740261078,0.1388799101114273,-0.0742650255560875,-0.11009487137198448,,
123,58,perturb_1sigma,0.25149595737457275,0.33563727140426636,0.3282197415828705,-0.29857826232910156,-0.33440810814499855,,
123,58,perturb_2sigma,0.5167090892791748,0.46406644582748413,0.45020946860313416,-0.2586975395679474,-0.2945273853838444,,
123,59,supervised,0.0,0.0,0.0,0.023319397121667862,0.0,,
123,59,actor,0.0,0.0,0.0,0.023319397121667862,0.0,,
123,59,zero,0.3147573173046112,0.42688658833503723,0.41494351625442505,-0.7125435471534729,-0.7358629442751408,,
123,59,random,0.2429818958044052,0.325747013092041,0.317318320274353,-0.5175744295120239,-0.5408938266336918,,
123,59,shuffled,0.5993750095367432,0.47684258222579956,0.4616990387439728,-0.8000631928443909,-0.8233825899660587,,
123,59,perturb_0.25sigma,0.03659156709909439,0.03199302777647972,0.03135838359594345,0.011438028886914253,-0.011881368234753609,,
123,59,perturb_0.5sigma,0.09411684423685074,0.05789335444569588,0.05669323727488518,-0.0032846692483872175,-0.02660406637005508,,
123,59,perturb_1sigma,0.15360622107982635,0.10948669165372849,0.10717640072107315,-0.08236021548509598,-0.10567961260676384,,
123,59,perturb_2sigma,0.36705347895622253,0.15819256007671356,0.1548379808664322,-0.15796352922916412,-0.18128292635083199,,
123,60,supervised,0.009546716697514057,0.0008302173810079694,0.0008152408991008997,0.008442230522632599,-5.673617124557495e-06,,
123,60,actor,0.009546716697514057,0.0008302173810079694,0.0008152408991008997,0.008442230522632599,-5.673617124557495e-06,,
123,60,zero,0.22944816946983337,0.30222105979919434,0.300073504447937,0.005320838186889887,-0.0031270659528672695,,
123,60,random,0.2693152129650116,0.2170838564634323,0.21507549285888672,0.006580992601811886,-0.0018669115379452705,,
123,60,shuffled,0.4515420198440552,0.42140379548072815,0.41853606700897217,0.0031043048948049545,-0.005343599244952202,,
123,60,perturb_0.25sigma,0.06823790073394775,0.10236364603042603,0.09980069100856781,0.008226471953094006,-0.0002214321866631508,,
123,60,perturb_0.5sigma,0.18528223037719727,0.19526538252830505,0.1933111995458603,0.007079326082020998,-0.0013685780577361584,,
123,60,perturb_1sigma,0.2387455254793167,0.22970309853553772,0.2224886119365692,0.007099658716470003,-0.0013482454232871532,,
123,60,perturb_2sigma,0.28449204564094543,0.056070476770401,0.05517285689711571,0.008219152688980103,-0.00022875145077705383,,
123,61,supervised,0.006145121064037085,0.00043651097803376615,0.00042948240297846496,0.008599432185292244,-1.6549602150917053e-06,,
123,61,actor,0.006145121064037085,0.00043651097803376615,0.00042948240297846496,0.008599432185292244,-1.6549602150917053e-06,,
123,61,zero,0.24175895750522614,0.30769234895706177,0.3055598735809326,0.005403126124292612,-0.0031979610212147236,,
123,61,random,0.2850213944911957,0.3473481833934784,0.34497466683387756,0.004710332490503788,-0.0038907546550035477,,
123,61,shuffled,0.4651575982570648,0.42706137895584106,0.4242638945579529,0.0031311619095504284,-0.005469925235956907,,
123,61,perturb_0.25sigma,0.04958609119057655,0.036770083010196686,0.03619660809636116,0.008541757240891457,-5.932990461587906e-05,,
123,61,perturb_0.5sigma,0.12521196901798248,0.10399442911148071,0.10250271111726761,0.008161216974258423,-0.0004398701712489128,,
123,61,perturb_1sigma,0.14889051020145416,0.06220667064189911,0.06127069145441055,0.008587496355175972,-1.3590790331363678e-05,,
123,61,perturb_2sigma,0.41583314538002014,0.5175831317901611,0.4984038770198822,0.003170552896335721,-0.005430534249171615,,
123,62,supervised,0.003945259377360344,0.0002001377142732963,0.00019434910791460425,0.008734275586903095,-1.300126314163208e-06,,
123,62,actor,0.003945259377360344,0.0002001377142732963,0.00019434910791460425,0.008734275586903095,-1.300126314163208e-06,,
123,62,zero,0.27227583527565,0.31240060925483704,0.3102551996707916,0.005483036395162344,-0.0032525393180549145,,
123,62,random,0.2647078037261963,0.19004127383232117,0.18830393254756927,0.007240296341478825,-0.0014952793717384338,,
123,62,shuffled,0.5102093815803528,0.431710422039032,0.42896151542663574,0.003161345375701785,-0.005574230337515473,,
123,62,perturb_0.25sigma,0.055547311902046204,0.017070526257157326,0.016683613881468773,0.008685468696057796,-5.0107017159461975e-05,,
123,62,perturb_0.5sigma,0.07626795768737793,0.0076119136065244675,0.007563337683677673,0.008694451302289963,-4.1124410927295685e-05,,
123,62,perturb_1sigma,0.32369691133499146,0.48396921157836914,0.4653477966785431,0.00398113951086998,-0.004754436202347279,,
123,62,perturb_2sigma,0.29707416892051697,0.14899548888206482,0.14707385003566742,0.0077857356518507,-0.0009498400613665581,,
123,63,supervised,0.0034518782049417496,0.00012965095811523497,0.00011994739907095209,0.008853031322360039,-1.2991949915885925e-06,,
123,63,actor,0.0034518782049417496,0.00012965095811523497,0.00011994739907095209,0.008853031322360039,-1.2991949915885925e-06,,
123,63,zero,0.31502074003219604,0.31622597575187683,0.3140352964401245,0.005560688208788633,-0.003293642308562994,,
123,63,random,0.33458688855171204,0.3424648642539978,0.339872807264328,0.005055898334830999,-0.003798432182520628,,
123,63,shuffled,0.5601420402526855,0.4350484311580658,0.4323091208934784,0.0032030544243752956,-0.005651276092976332,,
123,63,perturb_0.25sigma,0.05305703729391098,0.08478724956512451,0.08249788731336594,0.008587369695305824,-0.00026696082204580307,,
123,63,perturb_0.5sigma,0.11636264622211456,0.1304769515991211,0.1286558359861374,0.00829410832375288,-0.0005602221935987473,,
123,63,perturb_1sigma,0.1994408369064331,0.22765985131263733,0.2250337302684784,0.007176499348133802,-0.001677831169217825,,
123,63,perturb_2sigma,0.38063544034957886,0.3818286061286926,0.3788299858570099,0.004450332839041948,-0.004403997678309679,,
123,64,supervised,0.008952816016972065,0.00022342806914821267,0.0001998200750676915,0.008959604427218437,-1.4174729585647583e-06,,
123,64,actor,0.008952816016972065,0.00022342806914821267,0.0001998200750676915,0.008959604427218437,-1.4174729585647583e-06,,
123,64,zero,0.36495622992515564,0.319004625082016,0.3167336583137512,0.005635962821543217,-0.0033250590786337852,,
123,64,random,0.2789614498615265,0.1066831424832344,0.10584378987550735,0.0083384457975626,-0.0006225761026144028,,
123,64,shuffled,0.6159485578536987,0.43708351254463196,0.43432486057281494,0.00325070321559906,-0.005710318684577942,,
123,64,perturb_0.25sigma,0.0557997040450573,0.014952459372580051,0.014582948759198189,0.009010524488985538,4.950258880853653e-05,,
123,64,perturb_0.5sigma,0.08425571769475937,0.0212609451264143,0.020439328625798225,0.00885988399386406,-0.0001011379063129425,,
123,64,perturb_1sigma,0.24216674268245697,0.3003731369972229,0.2974318563938141,0.006148512475192547,-0.002812509424984455,,
123,64,perturb_2sigma,0.2021990865468979,0.027890795841813087,0.02716096304357052,0.009078803472220898,0.00011778157204389572,,
123,65,supervised,0.0,0.0,0.0,0.010806192643940449,0.0,,
123,65,actor,0.0,0.0,0.0,0.010806192643940449,0.0,,
123,65,zero,0.1478327065706253,0.25496894121170044,0.2518407106399536,0.0096588134765625,-0.0011473791673779488,,
123,65,random,0.2636462450027466,0.12519675493240356,0.12281910330057144,0.011144832707941532,0.0003386400640010834,,
123,65,shuffled,0.2889159917831421,0.42168861627578735,0.41772186756134033,0.006115346681326628,-0.004690845962613821,,
123,65,perturb_0.25sigma,0.0446779727935791,0.07073718309402466,0.06935381144285202,0.011197170242667198,0.0003909775987267494,,
123,65,perturb_0.5sigma,0.11422143131494522,0.215253546833992,0.21200913190841675,0.010369538329541683,-0.00043665431439876556,,
123,65,perturb_1sigma,0.3356277048587799,0.5032526850700378,0.4886068105697632,-0.0011245182249695063,-0.011930710868909955,,
123,65,perturb_2sigma,0.4226945638656616,0.33984723687171936,0.32992735505104065,0.0032574543729424477,-0.007548738270998001,,
123,66,supervised,0.0,0.0,0.0,0.011024925857782364,0.0,,
123,66,actor,0.0,0.0,0.0,0.011024925857782364,0.0,,
123,66,zero,0.1643494963645935,0.2589254677295685,0.25581714510917664,0.009935397654771805,-0.001089528203010559,,
123,66,random,0.22435367107391357,0.18102101981639862,0.17542007565498352,0.007696652784943581,-0.0033282730728387833,,
123,66,shuffled,0.31438735127449036,0.42663151025772095,0.4227004051208496,0.00622943788766861,-0.004795487970113754,,
123,66,perturb_0.25sigma,0.04495662823319435,0.02917030081152916,0.028507746756076813,0.011295829899609089,0.000270904041826725,,
123,66,perturb_0.5sigma,0.0824146643280983,0.15152789652347565,0.1489897519350052,0.011244208551943302,0.00021928269416093826,,
123,66,perturb_1sigma,0.29201701283454895,0.40355995297431946,0.3991850018501282,0.007157804910093546,-0.003867120947688818,,
123,66,perturb_2sigma,0.4904692471027374,0.5548627376556396,0.5371106266975403,-0.0022098419722169638,-0.013234767829999328,,
123,67,supervised,0.0,0.0,0.0,0.011226164177060127,0.0,,
123,67,actor,0.0,0.0,0.0,0.011226164177060127,0.0,,
123,67,zero,0.2014818638563156,0.2618435025215149,0.25873491168022156,0.010214736685156822,-0.001011427491903305,,
123,67,random,0.22036434710025787,0.2481955736875534,0.24505716562271118,0.010390538722276688,-0.0008356254547834396,,
123,67,shuffled,0.37067094445228577,0.43003416061401367,0.42609116435050964,0.0063660223968327045,-0.004860141780227423,,
123,67,perturb_0.25sigma,0.0515255443751812,0.065676249563694,0.06393730640411377,0.010302862152457237,-0.00092330202460289,,
123,67,perturb_0.5sigma,0.1019129827618599,0.17996488511562347,0.17708812654018402,0.011329901404678822,0.0001037372276186943,,
123,67,perturb_1sigma,0.19557715952396393,0.20506982505321503,0.20184989273548126,0.011053584516048431,-0.00017257966101169586,,
123,67,perturb_2sigma,0.27874308824539185,0.25600555539131165,0.24776911735534668,0.005870032589882612,-0.005356131587177515,,
123,68,supervised,0.0,0.0,0.0,0.011416403576731682,0.0,,
123,68,actor,0.0,0.0,0.0,0.011416403576731682,0.0,,
123,68,zero,0.24946166574954987,0.26378676295280457,0.26065540313720703,0.010497772134840488,-0.0009186314418911934,,
123,68,random,0.1576869636774063,0.14373023808002472,0.14155639708042145,0.011832003481686115,0.00041559990495443344,,
123,68,shuffled,0.4409000873565674,0.4324202537536621,0.4284432828426361,0.006508628372102976,-0.004907775204628706,,
123,68,perturb_0.25sigma,0.05887658894062042,0.1168031170964241,0.11443784087896347,0.012048271484673023,0.0006318679079413414,,
123,68,perturb_0.5sigma,0.08743245154619217,0.02466796152293682,0.024091282859444618,0.011163921095430851,-0.00025248248130083084,,
123,68,perturb_1sigma,0.20009222626686096,0.028025250881910324,0.02714528515934944,0.011461072601377964,4.4669024646282196e-05,,
123,68,perturb_2sigma,0.36794278025627136,0.1812250316143036,0.17860029637813568,0.011565489694476128,0.0001490861177444458,,
123,69,supervised,0.00261557474732399,0.00011505193106131628,0.00010822812328115106,0.011600242927670479,9.424984455108643e-07,,
123,69,actor,0.00261557474732399,0.00011505193106131628,0.00010822812328115106,0.011600242927670479,9.424984455108643e-07,,
123,69,zero,0.30245736241340637,0.26485562324523926,0.26167958974838257,0.010785799473524094,-0.0008135009557008743,,
123,69,random,0.35627493262290955,0.4744740128517151,0.4694977104663849,0.005577870178967714,-0.006021430250257254,,
123,69,shuffled,0.5116875767707825,0.4338485598564148,0.4298154413700104,0.006656897719949484,-0.004942402709275484,,
123,69,perturb_0.25sigma,0.027809036895632744,0.025352150201797485,0.02475559152662754,0.011872521601617336,0.0002732211723923683,,
123,69,perturb_0.5sigma,0.10750129818916321,0.0652572512626648,0.06363597512245178,0.012237409129738808,0.0006381087005138397,,
123,69,perturb_1sigma,0.18242710828781128,0.24640382826328278,0.239192932844162,0.006299310829490423,-0.005299989599734545,,
123,69,perturb_2sigma,0.4438432455062866,0.4365236163139343,0.431741327047348,0.006406766828149557,-0.005192533601075411,,
123,70,supervised,0.04836490750312805,0.009664888493716717,0.00943756103515625,0.006832461338490248,-7.28098675608635e-05,,
123,70,actor,0.04836490750312805,0.009664888493716717,0.00943756103515625,0.006832461338490248,-7.28098675608635e-05,,
123,70,zero,0.36005350947380066,0.33316969871520996,0.3309079110622406,0.003444371744990349,-0.0034608994610607624,,
123,70,random,0.3716610372066498,0.294973760843277,0.29260164499282837,0.0039649344980716705,-0.0029403367079794407,,
123,70,shuffled,0.6917251348495483,0.44193601608276367,0.43917879462242126,0.001901869778521359,-0.005003401427529752,,
123,70,perturb_0.25sigma,0.12731540203094482,0.11572079360485077,0.11124987155199051,0.0071373931132256985,0.00023212190717458725,,
123,70,perturb_0.5sigma,0.06822609901428223,0.013278805650770664,0.012902400456368923,0.006946350447833538,4.1079241782426834e-05,,
123,70,perturb_1sigma,0.20507147908210754,0.06220899522304535,0.06138971447944641,0.0064995973370969296,-0.00040567386895418167,,
123,70,perturb_2sigma,0.31806644797325134,0.20838311314582825,0.19874531030654907,0.006771939806640148,-0.00013333139941096306,,
123,71,supervised,0.03858186677098274,0.007085988763719797,0.006897124461829662,0.006924451794475317,-5.1258597522974014e-05,,
123,71,actor,0.03858186677098274,0.007085988763719797,0.006897124461829662,0.006924451794475317,-5.1258597522974014e-05,,
123,71,zero,0.3699475824832916,0.3365570902824402,0.3342302739620209,0.0034760902635753155,-0.0034996201284229755,,
123,71,random,0.3923286199569702,0.26736411452293396,0.2650921940803528,0.004354674834758043,-0.0026210355572402477,,
123,71,shuffled,0.6963965892791748,0.4456823170185089,0.4428967535495758,0.0019023454515263438,-0.005073364940471947,,
123,71,perturb_0.25sigma,0.06440626084804535,0.010442819446325302,0.010227268561720848,0.007001042831689119,2.5332439690828323e-05,,
123,71,perturb_0.5sigma,0.07478197664022446,0.027961930260062218,0.02720915898680687,0.007082480471581221,0.00010677007958292961,,
123,71,perturb_1sigma,0.24238692224025726,0.2664767801761627,0.2642536461353302,0.004483443219214678,-0.002492267172783613,,
123,71,perturb_2sigma,0.32218825817108154,0.2416464388370514,0.2274470329284668,0.006748377811163664,-0.00022733258083462715,,
123,72,supervised,0.032471559941768646,0.004956930410116911,0.004808428697288036,0.0069995056837797165,-3.397325053811073e-05,,
123,72,actor,0.032471559941768646,0.004956930410116911,0.004808428697288036,0.0069995056837797165,-3.397325053811073e-05,,
123,72,zero,0.39443886280059814,0.33858346939086914,0.3361596465110779,0.003506738692522049,-0.0035267402417957783,,
123,72,random,0.36309710144996643,0.25644609332084656,0.25408923625946045,0.004603418987244368,-0.0024300599470734596,,
123,72,shuffled,0.7226383686065674,0.4478600025177002,0.44502371549606323,0.0019057957688346505,-0.005127683165483177,,
123,72,perturb_0.25sigma,0.07591812312602997,0.05037433281540871,0.04877341911196709,0.00719740753993392,0.00016392860561609268,,
123,72,perturb_0.5sigma,0.0650973916053772,0.008303050883114338,0.008116579614579678,0.007009448949247599,-2.4029985070228577e-05,,
123,72,perturb_1sigma,0.18469011783599854,0.010614071972668171,0.0100088557228446,0.006966952234506607,-6.652669981122017e-05,,
123,72,perturb_2sigma,0.5630587935447693,0.4277479350566864,0.42488348484039307,0.0022554241586476564,-0.004778054775670171,,
123,73,supervised,0.03689553216099739,0.0037726808805018663,0.0036321983207017183,0.007057509385049343,-2.2134743630886078e-05,,
123,73,actor,0.03689553216099739,0.0037726808805018663,0.0036321983207017183,0.007057509385049343,-2.2134743630886078e-05,,
123,73,zero,0.43034863471984863,0.3392237424850464,0.3366692364215851,0.003535960800945759,-0.0035436833277344704,,
123,73,random,0.40905246138572693,0.3669236898422241,0.36417439579963684,0.0031461375765502453,-0.003933506552129984,,
123,73,shuffled,0.7549217939376831,0.44837167859077454,0.4454590380191803,0.0019144811667501926,-0.0051651629619300365,,
123,73,perturb_0.25sigma,0.09457352757453918,0.09664574265480042,0.09492967277765274,0.006479465402662754,-0.0006001787260174751,,
123,73,perturb_0.5sigma,0.11290368437767029,0.038215141743421555,0.03720821067690849,0.0068593411706388,-0.00022030295804142952,,
123,73,perturb_1sigma,0.29741692543029785,0.2681487500667572,0.26539430022239685,0.0046121967025101185,-0.0024674474261701107,,
123,73,perturb_2sigma,0.2899200916290283,0.13278372585773468,0.1307222992181778,0.0061706495471298695,-0.0009089945815503597,,
123,74,supervised,0.05265713855624199,0.0031413258984684944,0.0029881044756621122,0.007103436626493931,-1.195492222905159e-05,,
123,74,actor,0.05265713855624199,0.0031413258984684944,0.0029881044756621122,0.007103436626493931,-1.195492222905159e-05,,
123,74,zero,0.47421884536743164,0.3384349048137665,0.3357201814651489,0.003563756588846445,-0.0035516349598765373,,
123,74,random,0.3982338011264801,0.26828882098197937,0.2655126750469208,0.004516080487519503,-0.0025993110612034798,,
123,74,shuffled,0.7974410653114319,0.4473184645175934,0.44430792331695557,0.0019259032560512424,-0.00518948829267174,,
123,74,perturb_0.25sigma,0.06743399053812027,0.02701173909008503,0.026122624054551125,0.0072099571116268635,9.456556290388107e-05,,
123,74,perturb_0.5sigma,0.14938347041606903,0.11038017272949219,0.10819659382104874,0.006418823730200529,-0.0006965678185224533,,
123,74,perturb_1sigma,0.28630444407463074,0.2500482201576233,0.2362464815378189,0.006587100215256214,-0.0005282913334667683,,
123,74,perturb_2sigma,0.2625417709350586,0.07971126586198807,0.078003890812397,0.006612818688154221,-0.0005025728605687618,,
123,75,supervised,0.0,0.0,0.0,0.0058474731631577015,0.0,,
123,75,actor,0.0,0.0,0.0,0.0058474731631577015,0.0,,
123,75,zero,0.1529489904642105,0.30029815435409546,0.29309096932411194,0.0021024250891059637,-0.003745048074051738,,
123,75,random,0.43082621693611145,0.4139644503593445,0.4004057049751282,-0.003278383519500494,-0.009125856682658195,,
123,75,shuffled,0.3004949390888214,0.39377710223197937,0.3823925256729126,-0.0021353433839976788,-0.00798281654715538,,
123,75,perturb_0.25sigma,0.06957898288965225,0.02177569456398487,0.021428415551781654,0.005909813102334738,6.233993917703629e-05,,
123,75,perturb_0.5sigma,0.09395529329776764,0.19724857807159424,0.19451314210891724,0.004446495324373245,-0.0014009778387844563,,
123,75,perturb_1sigma,0.2951447069644928,0.4656051993370056,0.4574320316314697,-0.0013388461666181684,-0.00718631932977587,,
123,75,perturb_2sigma,0.3974398970603943,0.36927586793899536,0.3595036268234253,-0.0007767517236061394,-0.006624224886763841,,
123,76,supervised,0.0,0.0,0.0,0.005790584720671177,0.0,,
123,76,actor,0.0,0.0,0.0,0.005790584720671177,0.0,,
123,76,zero,0.15774276852607727,0.29805073142051697,0.29095035791397095,0.001452222466468811,-0.004338362254202366,,
123,76,random,0.25531214475631714,0.15949293971061707,0.15650317072868347,0.0047117737121880054,-0.0010788110084831715,,
123,76,shuffled,0.30817222595214844,0.39172324538230896,0.380604088306427,-0.003012833883985877,-0.008803418604657054,,
123,76,perturb_0.25sigma,0.06644385308027267,0.13072828948497772,0.12841007113456726,0.00511451531201601,-0.0006760694086551666,,
123,76,perturb_0.5sigma,0.10029512643814087,0.12743143737316132,0.1255173236131668,0.005183585919439793,-0.0006069988012313843,,
123,76,perturb_1sigma,0.1728767603635788,0.27780383825302124,0.27389097213745117,0.003197664627805352,-0.0025929200928658247,,
123,76,perturb_2sigma,0.2641986310482025,0.012225060723721981,0.01180072408169508,0.0055946484208106995,-0.00019593629986047745,,
123,77,supervised,0.0,0.0,0.0,0.005651312414556742,0.0,,
123,77,actor,0.0,0.0,0.0,0.005651312414556742,0.0,,
123,77,zero,0.18140491843223572,0.29641956090927124,0.2894152104854584,0.0005964620504528284,-0.005054850364103913,,
123,77,random,0.28386014699935913,0.3874872326850891,0.3765353858470917,-0.004071817267686129,-0.00972312968224287,,
123,77,shuffled,0.3491344749927521,0.39014115929603577,0.37927553057670593,-0.004111618269234896,-0.009762930683791637,,
123,77,perturb_0.25sigma,0.05822397768497467,0.10670211166143417,0.10476960241794586,0.004958312958478928,-0.0006929994560778141,,
123,77,perturb_0.5sigma,0.08965964615345001,0.18039052188396454,0.17790096998214722,0.004508090205490589,-0.0011432222090661526,,
123,77,perturb_1sigma,0.14107705652713776,0.03662976250052452,0.035668548196554184,0.005491029936820269,-0.00016028247773647308,,
123,77,perturb_2sigma,0.297271728515625,0.10197574645280838,0.10013013333082199,0.005015369039028883,-0.0006359433755278587,,
123,78,supervised,0.0,0.0,0.0,0.00537555618211627,0.0,,
123,78,actor,0.0,0.0,0.0,0.00537555618211627,0.0,,
123,78,zero,0.21733294427394867,0.2952723801136017,0.28835350275039673,-0.0005247199442237616,-0.005900276126340032,,
123,78,random,0.24284811317920685,0.3544556498527527,0.34525206685066223,-0.0037924679927527905,-0.00916802417486906,,
123,78,shuffled,0.4103199541568756,0.3889632225036621,0.3783431053161621,-0.005486483685672283,-0.010862039867788553,,
123,78,perturb_0.25sigma,0.07159930467605591,0.16350215673446655,0.16031143069267273,0.0033960393629968166,-0.0019795168191194534,,
123,78,perturb_0.5sigma,0.07890840619802475,0.16265808045864105,0.1595364362001419,0.0034388084895908833,-0.0019367476925253868,,
123,78,perturb_1sigma,0.17057883739471436,0.09462855756282806,0.0929233729839325,0.004688064567744732,-0.0006874916143715382,,
123,78,perturb_2sigma,0.3631867468357086,0.40435031056404114,0.39195185899734497,-0.006567721255123615,-0.011943277437239885,,
123,79,supervised,0.0,0.0,0.0,0.004876013845205307,0.0,,
123,79,actor,0.0,0.0,0.0,0.004876013845205307,0.0,,
123,79,zero,0.2600495517253876,0.2945736348628998,0.2877292037010193,-0.001971220364794135,-0.006847234209999442,,
123,79,random,0.27894628047943115,0.37584635615348816,0.3658114969730377,-0.006659564096480608,-0.011535577941685915,,
123,79,shuffled,0.471508651971817,0.3885311782360077,0.378130167722702,-0.007224418688565493,-0.0121004325337708,,
123,79,perturb_0.25sigma,0.04874889552593231,0.06893452256917953,0.06783519685268402,0.005022757221013308,0.00014674337580800056,,
123,79,perturb_0.5sigma,0.11153604835271835,0.1647595465183258,0.16176258027553558,0.0025362332817167044,-0.0023397805634886026,,
123,79,perturb_1sigma,0.29545313119888306,0.2910148799419403,0.28394028544425964,-0.0022481291089206934,-0.007124142954126,,
123,79,perturb_2sigma,0.4180598556995392,0.4073861539363861,0.39479178190231323,-0.008571420796215534,-0.013447434641420841,,
123,-1,summary,0.19237551340742762,0.18941406022056242,0.18613194232254954,0.002528465856186004,0.0017734421878302883,0.0017734421878302883,0.8275182734875787
2026,0,supervised,0.0,0.0,0.0,0.011031984351575375,0.0,,
2026,0,actor,0.0,0.0,0.0,0.011031984351575375,0.0,,
2026,0,zero,0.14944280683994293,0.16344287991523743,0.15586623549461365,0.012772718444466591,0.0017407340928912163,,
2026,0,random,0.26674947142601013,0.05928780511021614,0.04998383671045303,0.010000156238675117,-0.0010318281129002571,,
2026,0,shuffled,0.29888561367988586,0.3029453456401825,0.2904902994632721,0.008990711532533169,-0.002041272819042206,,
2026,0,perturb_0.25sigma,0.047477517277002335,0.039053890854120255,0.03618508577346802,0.010197713039815426,-0.0008342713117599487,,
2026,0,perturb_0.5sigma,0.128280907869339,0.0830528512597084,0.07662396878004074,0.009185814298689365,-0.0018461700528860092,,
2026,0,perturb_1sigma,0.17823712527751923,0.020682066679000854,0.01643102616071701,0.01128921564668417,0.00025723129510879517,,
2026,0,perturb_2sigma,0.44970542192459106,0.22843055427074432,0.20994216203689575,0.005593934562057257,-0.005438049789518118,,
2026,1,supervised,0.0,0.0,0.0,0.011085626669228077,0.0,,
2026,1,actor,0.0,0.0,0.0,0.011085626669228077,0.0,,
2026,1,zero,0.11854347586631775,0.17936809360980988,0.16981975734233856,0.01297619566321373,0.001890568993985653,,
2026,1,random,0.3075561821460724,0.3759825825691223,0.3598397672176361,0.005395806394517422,-0.005689820274710655,,
2026,1,shuffled,0.2370869517326355,0.32411035895347595,0.3100472688674927,0.008482925593852997,-0.00260270107537508,,
2026,1,perturb_0.25sigma,0.06901051849126816,0.09595533460378647,0.0894744023680687,0.008737092837691307,-0.00234853383153677,,
2026,1,perturb_0.5sigma,0.22931388020515442,0.20509900152683258,0.1897725760936737,0.00603305222466588,-0.005052574444562197,,
2026,1,perturb_1sigma,0.2890717685222626,0.3185887038707733,0.304141104221344,0.008477252908051014,-0.002608373761177063,,
2026,1,perturb_2sigma,0.5433699488639832,0.11947175860404968,0.10446014255285263,0.008460289798676968,-0.0026253368705511093,,
2026,2,supervised,0.0,0.0,0.0,0.01104495208710432,0.0,,
2026,2,actor,0.0,0.0,0.0,0.01104495208710432,0.0,,
2026,2,zero,0.12775422632694244,0.19631989300251007,0.18450161814689636,0.01311551034450531,0.0020705582574009895,,
2026,2,random,0.3092997968196869,0.0572943352162838,0.05682582035660744,0.010273931547999382,-0.0007710205391049385,,
2026,2,shuffled,0.2555084526538849,0.3449555039405823,0.3290502727031708,0.007814505137503147,-0.0032304469496011734,,
2026,2,perturb_0.25sigma,0.05161801725625992,0.05912516266107559,0.05486901476979256,0.009617805480957031,-0.0014271466061472893,,
2026,2,perturb_0.5sigma,0.12895089387893677,0.12147368490695953,0.1135278046131134,0.008134696632623672,-0.002910255454480648,,
2026,2,perturb_1sigma,0.2950513958930969,0.4003765285015106,0.38158509135246277,0.004160397686064243,-0.006884554401040077,,
2026,2,perturb_2sigma,0.43612703680992126,0.4066248834133148,0.38756248354911804,0.004089995753020048,-0.006954956334084272,,
2026,3,supervised,0.0,0.0,0.0,0.01091383770108223,0.0,,
2026,3,actor,0.0,0.0,0.0,0.01091383770108223,0.0,,
2026,3,zero,0.16910050809383392,0.21443690359592438,0.2003883570432663,0.013174338266253471,0.0022605005651712418,,
2026,3,random,0.20362314581871033,0.026699014008045197,0.020833900198340416,0.011551324278116226,0.0006374865770339966,,
2026,3,shuffled,0.33820101618766785,0.36448273062705994,0.34672224521636963,0.007018392439931631,-0.0038954452611505985,,
2026,3,perturb_0.25sigma,0.07465601712465286,0.03055988997220993,0.028933657333254814,0.011664681136608124,0.0007508434355258942,,
2026,3,perturb_0.5sigma,0.1317215859889984,0.11289310455322266,0.10644792020320892,0.008146759122610092,-0.0027670785784721375,,
2026,3,perturb_1sigma,0.283740371465683,0.17691528797149658,0.16139817237854004,0.013678097166121006,0.0027642594650387764,,
2026,3,perturb_2sigma,0.41415706276893616,0.2159694880247116,0.20155972242355347,0.005848888773471117,-0.005064948927611113,,
2026,4,supervised,0.0,0.0,0.0,0.010715130716562271,0.0,,
2026,4,actor,0.0,0.0,0.0,0.010715130716562271,0.0,,
2026,4,zero,0.22444535791873932,0.2331697940826416,0.21714849770069122,0.01314033754169941,0.0024252068251371384,,
2026,4,random,0.19335518777370453,0.13909895718097687,0.12752501666545868,0.013117858208715916,0.0024027274921536446,,
2026,4,shuffled,0.4474600553512573,0.3813433051109314,0.3618561327457428,0.0061532859690487385,-0.004561844747513533,,
2026,4,perturb_0.25sigma,0.09824583679437637,0.1542138010263443,0.14425218105316162,0.012921239249408245,0.002206108532845974,,
2026,4,perturb_0.5sigma,0.11696765571832657,0.06553062796592712,0.06013078987598419,0.009297313168644905,-0.001417817547917366,,
2026,4,perturb_1sigma,0.18961966037750244,0.011011647060513496,0.008683926425874233,0.010788720101118088,7.358938455581665e-05,,
2026,4,perturb_2sigma,0.5299540758132935,0.25536590814590454,0.23382745683193207,0.006264406256377697,-0.004450724460184574,,
2026,5,supervised,0.0,0.0,0.0,0.011031984351575375,0.0,,
2026,5,actor,0.0,0.0,0.0,0.011031984351575375,0.0,,
2026,5,zero,0.14944280683994293,0.16344287991523743,0.15586623549461365,0.012772718444466591,0.0017407340928912163,,
2026,5,random,0.2882414162158966,0.023279886692762375,0.017184389755129814,0.011062991805374622,3.100745379924774e-05,,
2026,5,shuffled,0.29888561367988586,0.3029453456401825,0.2904902994632721,0.008990711532533169,-0.002041272819042206,,
2026,5,perturb_0.25sigma,0.0770190954208374,0.018974006175994873,0.017130719497799873,0.010676562786102295,-0.0003554215654730797,,
2026,5,perturb_0.5sigma,0.10536991059780121,0.06750045716762543,0.06435652822256088,0.01219889149069786,0.0011669071391224861,,
2026,5,perturb_1sigma,0.16069532930850983,0.024187006056308746,0.02009773626923561,0.010585742071270943,-0.0004462422803044319,,
2026,5,perturb_2sigma,0.6668804287910461,0.5223631858825684,0.5048184990882874,-0.004536330699920654,-0.015568315051496029,,
2026,6,supervised,0.0,0.0,0.0,0.010968550108373165,0.0,,
2026,6,actor,0.0,0.0,0.0,0.010968550108373165,0.0,,
2026,6,zero,0.1176743358373642,0.17753593623638153,0.16807636618614197,0.012958896346390247,0.001990346238017082,,
2026,6,random,0.25470462441444397,0.12575866281986237,0.11583347618579865,0.007535144221037626,-0.003433405887335539,,
2026,6,shuffled,0.2353486716747284,0.32034042477607727,0.30628639459609985,0.008731119334697723,-0.0022374307736754417,,
2026,6,perturb_0.25sigma,0.08218351006507874,0.11556278169155121,0.10791221261024475,0.008121693506836891,-0.002846856601536274,,
2026,6,perturb_0.5sigma,0.1526072919368744,0.13562925159931183,0.12845927476882935,0.007464858237653971,-0.0035036918707191944,,
2026,6,perturb_1sigma,0.24971099197864532,0.22344431281089783,0.2079845666885376,0.005188789218664169,-0.005779760889708996,,
2026,6,perturb_2sigma,0.5785948634147644,0.24769872426986694,0.22763344645500183,0.005402338225394487,-0.005566211882978678,,
2026,7,supervised,0.0,0.0,0.0,0.01077197678387165,0.0,,
2026,7,actor,0.0,0.0,0.0,0.01077197678387165,0.0,,
2026,7,zero,0.125898078083992,0.19012071192264557,0.17769908905029297,0.01287711039185524,0.002105133607983589,,
2026,7,random,0.20851896703243256,0.1588674932718277,0.14747940003871918,0.006678169127553701,-0.004093807656317949,,
2026,7,shuffled,0.251796156167984,0.3374720513820648,0.3208502233028412,0.007877902127802372,-0.0028940746560692787,,
2026,7,perturb_0.25sigma,0.0808977484703064,0.019974052906036377,0.01814640872180462,0.010284204967319965,-0.00048777181655168533,,
2026,7,perturb_0.5sigma,0.13058678805828094,0.1531219184398651,0.14324957132339478,0.006861343048512936,-0.003910633735358715,,
2026,7,perturb_1sigma,0.33607983589172363,0.39887580275535583,0.38028907775878906,0.003903824370354414,-0.006868152413517237,,
2026,7,perturb_2sigma,0.32146719098091125,0.05181421339511871,0.049024198204278946,0.012070161290466785,0.0012981845065951347,,
2026,8,supervised,0.0,0.0,0.0,0.010584446601569653,0.0,,
2026,8,actor,0.0,0.0,0.0,0.010584446601569653,0.0,,
2026,8,zero,0.1654316633939743,0.20340469479560852,0.18893904983997345,0.012850984930992126,0.002266538329422474,,
2026,8,random,0.44793784618377686,0.3274945616722107,0.3110489547252655,0.008539073169231415,-0.0020453734323382378,,
2026,8,shuffled,0.3308633267879486,0.350926011800766,0.3326359987258911,0.0071863532066345215,-0.003398093394935131,,
2026,8,perturb_0.25sigma,0.08415188640356064,0.0795329287648201,0.07500284165143967,0.008677417412400246,-0.0019070291891694069,,
2026,8,perturb_0.5sigma,0.16571475565433502,0.15152141451835632,0.13979099690914154,0.013065030798316002,0.0024805841967463493,,
2026,8,perturb_1sigma,0.13776759803295135,0.012745056301355362,0.012514231726527214,0.010917260311543941,0.00033281370997428894,,
2026,8,perturb_2sigma,0.5238052606582642,0.41605496406555176,0.3950960338115692,0.0022319266572594643,-0.008352519944310188,,
2026,9,supervised,0.0,0.0,0.0,0.010262028314173222,0.0,,
2026,9,actor,0.0,0.0,0.0,0.010262028314173222,0.0,,
2026,9,zero,0.2199249416589737,0.21496999263763428,0.1987924426794052,0.012681384570896626,0.002419356256723404,,
2026,9,random,0.2720561623573303,0.20086123049259186,0.19147895276546478,0.00538504496216774,-0.004876983352005482,,
2026,9,shuffled,0.43836474418640137,0.36359739303588867,0.34408020973205566,0.006247709039598703,-0.004014319274574518,,
2026,9,perturb_0.25sigma,0.0503121092915535,0.04560230299830437,0.04189418628811836,0.009173066355288029,-0.0010889619588851929,,
2026,9,perturb_0.5sigma,0.09017835557460785,0.08756478130817413,0.08248037844896317,0.008262756280601025,-0.001999272033572197,,
2026,9,perturb_1sigma,0.1849217414855957,0.1186157613992691,0.11033511906862259,0.007227479945868254,-0.003034548368304968,,
2026,9,perturb_2sigma,0.3711904287338257,0.29603850841522217,0.27603065967559814,0.010149250738322735,-0.00011277757585048676,,
2026,10,supervised,0.045614246279001236,0.011017991229891777,0.010945644229650497,0.006919966544955969,-0.0002471613697707653,,
2026,10,actor,0.045614246279001236,0.011017991229891777,0.010945644229650497,0.006919966544955969,-0.0002471613697707653,,
2026,10,zero,0.5169960856437683,0.45397141575813293,0.432759165763855,0.0017564992886036634,-0.005410628626123071,,
2026,10,random,0.7473849058151245,0.5288163423538208,0.5064914226531982,-0.0002201400784542784,-0.007387267993181013,,
2026,10,shuffled,1.0232361555099487,0.5455277562141418,0.5247318744659424,-0.0010216583032160997,-0.008188786217942834,,
2026,10,perturb_0.25sigma,0.08193637430667877,0.02065288834273815,0.020475460216403008,0.006728399079293013,-0.00043872883543372154,,
2026,10,perturb_0.5sigma,0.11751119047403336,0.04387174919247627,0.04343658313155174,0.006209632381796837,-0.0009574955329298973,,
2026,10,perturb_1sigma,0.26218023896217346,0.1185179352760315,0.1156657338142395,0.00898545142263174,0.0018183235079050064,,
2026,10,perturb_2sigma,0.40944913029670715,0.12860332429409027,0.11279208213090897,0.005209567956626415,-0.001957559958100319,,
2026,11,supervised,0.03132728114724159,0.007552369963377714,0.007516147568821907,0.007044381927698851,-0.00017280830070376396,,
2026,11,actor,0.03132728114724159,0.007552369963377714,0.007516147568821907,0.007044381927698851,-0.00017280830070376396,,
2026,11,zero,0.5008456707000732,0.46407219767570496,0.4411185681819916,0.0017788700060918927,-0.005438320222310722,,
2026,11,random,0.5296443700790405,0.3671662211418152,0.3481028079986572,0.00204064161516726,-0.005176548613235354,,
2026,11,shuffled,0.993133008480072,0.5550848245620728,0.533218502998352,-0.001129002426750958,-0.008346192655153573,,
2026,11,perturb_0.25sigma,0.07118627429008484,0.02053387463092804,0.020367959514260292,0.006774457637220621,-0.0004427325911819935,,
2026,11,perturb_0.5sigma,0.2152428925037384,0.179295152425766,0.16649070382118225,0.004739059135317802,-0.002478131093084812,,
2026,11,perturb_1sigma,0.2747344374656677,0.2573300302028656,0.24362874031066895,0.002402704209089279,-0.004814486019313335,,
2026,11,perturb_2sigma,0.2613458037376404,0.12286713719367981,0.12235510349273682,0.009587328881025314,0.0023701386526226997,,
2026,12,supervised,0.019713256508111954,0.004984255414456129,0.00495978444814682,0.007088532671332359,-0.00011575594544410706,,
2026,12,actor,0.019713256508111954,0.004984255414456129,0.00495978444814682,0.007088532671332359,-0.00011575594544410706,,
2026,12,zero,0.49953874945640564,0.47155308723449707,0.4466930329799652,0.0017968377796933055,-0.005407450837083161,,
2026,12,random,0.4202522337436676,0.28239545226097107,0.26738089323043823,0.0013456325978040695,-0.005858656018972397,,
2026,12,shuffled,0.9925248622894287,0.562321126461029,0.5391733646392822,-0.0012328966986387968,-0.008437185315415263,,
2026,12,perturb_0.25sigma,0.059379447251558304,0.030137518420815468,0.02876889333128929,0.00767912482842803,0.00047483621165156364,,
2026,12,perturb_0.5sigma,0.13857688009738922,0.09348084777593613,0.08886437863111496,0.005420188885182142,-0.0017840997315943241,,
2026,12,perturb_1sigma,0.23948775231838226,0.23638296127319336,0.22170130908489227,0.002715773181989789,-0.004488515434786677,,
2026,12,perturb_2sigma,0.3774460256099701,0.14364096522331238,0.14274638891220093,0.00976748950779438,0.002563200891017914,,
2026,13,supervised,0.017252814024686813,0.0019809091463685036,0.0019713544752448797,0.007100487127900124,-4.663504660129547e-05,,
2026,13,actor,0.017252814024686813,0.0019809091463685036,0.0019713544752448797,0.007100487127900124,-4.663504660129547e-05,,
2026,13,zero,0.5121251940727234,0.4768142104148865,0.4500778019428253,0.0018113547703251243,-0.005335767404176295,,
2026,13,random,0.43800705671310425,0.25160205364227295,0.2389030158519745,0.0014624064788222313,-0.005684715695679188,,
2026,13,shuffled,1.0190658569335938,0.5676613450050354,0.543197751045227,-0.001331609208136797,-0.008478731382638216,,
2026,13,perturb_0.25sigma,0.054426003247499466,0.01593395322561264,0.014887496829032898,0.007349259220063686,0.0002021370455622673,,
2026,13,perturb_0.5sigma,0.09491278976202011,0.03285602852702141,0.027933863922953606,0.006939018610864878,-0.00020810356363654137,,
2026,13,perturb_1sigma,0.2650459110736847,0.11489390581846237,0.11357312649488449,0.009133237414062023,0.001986115239560604,,
2026,13,perturb_2sigma,0.6084305644035339,0.49116915464401245,0.46319127082824707,0.0014826400438323617,-0.005664482130669057,,
2026,14,supervised,0.02891628071665764,0.0005543724982999265,0.00044180406257510185,0.007058111485093832,-3.5511329770088196e-06,,
2026,14,actor,0.02891628071665764,0.0005543724982999265,0.00044180406257510185,0.007058111485093832,-3.5511329770088196e-06,,
2026,14,zero,0.5366368889808655,0.4798617660999298,0.45142295956611633,0.0018227777909487486,-0.005238884827122092,,
2026,14,random,0.571239709854126,0.4719322621822357,0.44363778829574585,0.001979716820642352,-0.005081945797428489,,
2026,14,shuffled,1.0602067708969116,0.5711608529090881,0.5454657077789307,-0.0014225119957700372,-0.008484174613840878,,
2026,14,perturb_0.25sigma,0.07503744214773178,0.045538708567619324,0.044072650372982025,0.007855490781366825,0.0007938281632959843,,
2026,14,perturb_0.5sigma,0.09780509024858475,0.07317441701889038,0.06913124024868011,0.0056647551245987415,-0.0013969074934720993,,
2026,14,perturb_1sigma,0.2782661020755768,0.2905685007572174,0.2664087414741516,0.0022815128322690725,-0.004780149785801768,,
2026,14,perturb_2sigma,0.2389257550239563,0.08704123646020889,0.08067585527896881,0.008697509765625,0.0016358471475541592,,
2026,15,supervised,0.0,0.0,0.0,0.0018266839906573296,0.0,,
2026,15,actor,0.0,0.0,0.0,0.0018266839906573296,0.0,,
2026,15,zero,0.36088913679122925,0.4230567514896393,0.40024101734161377,0.0037472948897629976,0.001920610899105668,,
2026,15,random,0.37078362703323364,0.13499779999256134,0.11390826106071472,0.0004700470599345863,-0.0013566369307227433,,
2026,15,shuffled,0.7217775583267212,0.4960572123527527,0.4684124290943146,-0.0009183215443044901,-0.0027450055349618196,,
2026,15,perturb_0.25sigma,0.09517227858304977,0.07790207117795944,0.06918363273143768,0.0016986604314297438,-0.0001280235592275858,,
2026,15,perturb_0.5sigma,0.08983448147773743,0.0879727303981781,0.07724812626838684,0.0018159967148676515,-1.0687275789678097e-05,,
2026,15,perturb_1sigma,0.2222977578639984,0.12815628945827484,0.12204841524362564,0.004727971274405718,0.0029012872837483883,,
2026,15,perturb_2sigma,0.5702808499336243,0.46939340233802795,0.44326215982437134,0.002262359717860818,0.00043567572720348835,,
2026,16,supervised,0.0,0.0,0.0,0.0013999996008351445,0.0,,
2026,16,actor,0.0,0.0,0.0,0.0013999996008351445,0.0,,
2026,16,zero,0.34318670630455017,0.44660016894340515,0.4211590886116028,0.0038113046903163195,0.002411305089481175,,
2026,16,random,0.508150577545166,0.4937068521976471,0.46434545516967773,0.0018363427370786667,0.00043634313624352217,,
2026,16,shuffled,0.6863529682159424,0.5144743323326111,0.4850764274597168,-0.0011245853966102004,-0.002524584997445345,,
2026,16,perturb_0.25sigma,0.06500780582427979,0.03868956118822098,0.03373356908559799,0.001621024333871901,0.00022102473303675652,,
2026,16,perturb_0.5sigma,0.07645992934703827,0.04361119121313095,0.038812555372714996,0.0011352263391017914,-0.00026477326173335314,,
2026,16,perturb_1sigma,0.25921761989593506,0.131016343832016,0.11049116402864456,0.002065136795863509,0.0006651371950283647,,
2026,16,perturb_2sigma,0.3132742941379547,0.050829265266656876,0.04254794865846634,0.00032934415503405035,-0.0010706554458010942,,
2026,17,supervised,0.0,0.0,0.0,0.0010397053556516767,0.0,,
2026,17,actor,0.0,0.0,0.0,0.0010397053556516767,0.0,,
2026,17,zero,0.34513065218925476,0.4661565124988556,0.43818199634552,0.003865217324346304,0.0028255119686946273,,
2026,17,random,0.40982186794281006,0.4841626286506653,0.45507627725601196,0.0033640859182924032,0.0023243805626407266,,
2026,17,shuffled,0.6901925206184387,0.5299698710441589,0.49888888001441956,-0.0013319061836227775,-0.002371611539274454,,
2026,17,perturb_0.25sigma,0.060106754302978516,0.010856942273676395,0.009346764534711838,0.0009594422299414873,-8.026312571018934e-05,,
2026,17,perturb_0.5sigma,0.2013891339302063,0.19961294531822205,0.1740073412656784,0.0022154999896883965,0.0011757946340367198,,
2026,17,perturb_1sigma,0.26333877444267273,0.14543810486793518,0.12647028267383575,0.0015215615276247263,0.00048185617197304964,,
2026,17,perturb_2sigma,0.35974299907684326,0.06756634265184402,0.05992826074361801,0.0009261122904717922,-0.00011359306517988443,,
2026,18,supervised,0.0013540182262659073,0.0001315637637162581,0.00011657420691335574,0.0007819661987014115,1.0720686987042427e-06,,
2026,18,actor,0.0013540182262659073,0.0001315637637162581,0.00011657420691335574,0.0007819661987014115,1.0720686987042427e-06,,
2026,18,zero,0.36510491371154785,0.4811057448387146,0.45084163546562195,0.003908083774149418,0.0031271896441467106,,
2026,18,random,0.4905896484851837,0.47910255193710327,0.4495800733566284,0.003967098891735077,0.0031862047617323697,,
2026,18,shuffled,0.7300633192062378,0.5421996712684631,0.5096390247344971,-0.0015369418542832136,-0.002317835984285921,,
2026,18,perturb_0.25sigma,0.0549345389008522,0.023365193977952003,0.019994184374809265,0.0006079298909753561,-0.00017296423902735114,,
2026,18,perturb_0.5sigma,0.1545783132314682,0.0988336056470871,0.09172116219997406,0.002633069409057498,0.0018521752790547907,,
2026,18,perturb_1sigma,0.2938908338546753,0.19030210375785828,0.18531522154808044,0.006829120684415102,0.006048226554412395,,
2026,18,perturb_2sigma,0.3693544864654541,0.12745721638202667,0.11325071007013321,0.0021152507979422808,0.0013343566679395735,,
2026,19,supervised,0.0038964245468378067,0.0002760403149295598,0.00025065310182981193,0.0006287679425440729,2.9784278012812138e-06,,
2026,19,actor,0.0038964245468378067,0.0002760403149295598,0.00025065310182981193,0.0006287679425440729,2.9784278012812138e-06,,
2026,19,zero,0.39927566051483154,0.4910595118999481,0.4587879776954651,0.003940974827855825,0.0033151853131130338,,
2026,19,random,0.3713313043117523,0.395473837852478,0.3646582365036011,0.004656258039176464,0.004030468524433672,,
2026,19,shuffled,0.7948622107505798,0.5508107542991638,0.5169828534126282,-0.001734555815346539,-0.0023603453300893307,,
2026,19,perturb_0.25sigma,0.0615551695227623,0.02590087801218033,0.023580463603138924,0.000977523741312325,0.00035173422656953335,,
2026,19,perturb_0.5sigma,0.1906847357749939,0.12091255187988281,0.11113886535167694,0.002719372510910034,0.0020935829961672425,,
2026,19,perturb_1sigma,0.24100220203399658,0.10477055609226227,0.08649271726608276,0.000863224791828543,0.0002374352770857513,,
2026,19,perturb_2sigma,0.42586827278137207,0.2026808112859726,0.1992769092321396,0.007559136021882296,0.006933346507139504,,
2026,20,supervised,0.0,0.0,0.0,0.015560685656964779,0.0,,
2026,20,actor,0.0,0.0,0.0,0.015560685656964779,0.0,,
2026,20,zero,0.12467730790376663,0.041211750358343124,0.03721701726317406,0.015597295947372913,3.661029040813446e-05,,
2026,20,random,0.25083377957344055,0.02802477777004242,0.027113234624266624,0.0156401377171278,7.945206016302109e-05,,
2026,20,shuffled,0.24935461580753326,0.08359163999557495,0.07599546015262604,0.015145804733037949,-0.0004148809239268303,,
2026,20,perturb_0.25sigma,0.0658918246626854,0.02793058380484581,0.026940012350678444,0.01572955958545208,0.00016887392848730087,,
2026,20,perturb_0.5sigma,0.11586599051952362,0.10369625687599182,0.09762214869260788,0.015229749493300915,-0.00033093616366386414,,
2026,20,perturb_1sigma,0.2567238509654999,0.1378716081380844,0.13222913444042206,0.01224472001194954,-0.0033159656450152397,,
2026,20,perturb_2sigma,0.404010534286499,0.026500139385461807,0.024862317368388176,0.01582026481628418,0.0002595791593194008,,
2026,21,supervised,0.0,0.0,0.0,0.01553861889988184,0.0,,
2026,21,actor,0.0,0.0,0.0,0.01553861889988184,0.0,,
2026,21,zero,0.08315722644329071,0.03222709894180298,0.03018784150481224,0.01566736213862896,0.0001287432387471199,,
2026,21,random,0.22721433639526367,0.022037547081708908,0.0198409054428339,0.015675107017159462,0.00013648811727762222,,
2026,21,shuffled,0.16631445288658142,0.06541644781827927,0.06153110787272453,0.015559147112071514,2.0528212189674377e-05,,
2026,21,perturb_0.25sigma,0.04571272060275078,0.02126956544816494,0.020260954275727272,0.015675343573093414,0.00013672467321157455,,
2026,21,perturb_0.5sigma,0.07248589396476746,0.034041836857795715,0.031174227595329285,0.015641776844859123,0.00010315794497728348,,
2026,21,perturb_1sigma,0.17634977400302887,0.185216024518013,0.1774585247039795,0.010697833262383938,-0.004840785637497902,,
2026,21,perturb_2sigma,0.6993995308876038,0.36099591851234436,0.33734628558158875,0.009306689724326134,-0.006231929175555706,,
2026,22,supervised,0.0,0.0,0.0,0.015304670669138432,0.0,,
2026,22,actor,0.0,0.0,0.0,0.015304670669138432,0.0,,
2026,22,zero,0.086403489112854,0.02232108637690544,0.021820569410920143,0.015599529258906841,0.00029485858976840973,,
2026,22,random,0.39410701394081116,0.4768463373184204,0.465628057718277,-0.0021902716252952814,-0.017494942294433713,,
2026,22,shuffled,0.172806978225708,0.04536741226911545,0.04451712220907211,0.015794329345226288,0.0004896586760878563,,
2026,22,perturb_0.25sigma,0.07122773677110672,0.09394525736570358,0.08858220279216766,0.015189595520496368,-0.00011507514864206314,,
2026,22,perturb_0.5sigma,0.11775239557027817,0.13050399720668793,0.12329162657260895,0.014806868508458138,-0.000497802160680294,,
2026,22,perturb_1sigma,0.21799933910369873,0.20649278163909912,0.19548586010932922,0.013091917149722576,-0.0022127535194158554,,
2026,22,perturb_2sigma,0.35703298449516296,0.26027563214302063,0.25038450956344604,0.007724384777247906,-0.007580285891890526,,
2026,23,supervised,0.0,0.0,0.0,0.014874429441988468,0.0,,
2026,23,actor,0.0,0.0,0.0,0.014874429441988468,0.0,,
2026,23,zero,0.12969160079956055,0.014641630463302135,0.013560941442847252,0.015360314399003983,0.0004858849570155144,,
2026,23,random,0.16343705356121063,0.09853845089673996,0.09269235283136368,0.014790783636271954,-8.364580571651459e-05,,
2026,23,shuffled,0.2593832015991211,0.030400967225432396,0.028137248009443283,0.015770046040415764,0.0008956165984272957,,
2026,23,perturb_0.25sigma,0.044147346168756485,0.02949046529829502,0.026808779686689377,0.01487007923424244,-4.3502077460289e-06,,
2026,23,perturb_0.5sigma,0.16313718259334564,0.15930618345737457,0.14996406435966492,0.013779877685010433,-0.001094551756978035,,
2026,23,perturb_1sigma,0.21918004751205444,0.12329581379890442,0.11309245973825455,0.013018677942454815,-0.0018557514995336533,,
2026,23,perturb_2sigma,0.6279201507568359,0.35814398527145386,0.3373388648033142,0.01061879564076662,-0.0042556338012218475,,
2026,24,supervised,0.0,0.0,0.0,0.014260920695960522,0.0,,
2026,24,actor,0.0,0.0,0.0,0.014260920695960522,0.0,,
2026,24,zero,0.18616564571857452,0.018001405522227287,0.012863066047430038,0.014908958226442337,0.0006480375304818153,,
2026,24,random,0.3110020160675049,0.3300522267818451,0.31683349609375,0.0058373864740133286,-0.008423534221947193,,
2026,24,shuffled,0.3717432916164398,0.03695287927985191,0.026152368634939194,0.015403399243950844,0.0011424785479903221,,
2026,24,perturb_0.25sigma,0.08081082999706268,0.046857334673404694,0.04378114640712738,0.014415089040994644,0.00015416834503412247,,
2026,24,perturb_0.5sigma,0.1174267902970314,0.06708645820617676,0.060467034578323364,0.013733240775763988,-0.0005276799201965332,,
2026,24,perturb_1sigma,0.22566136717796326,0.3499724566936493,0.33670946955680847,0.005095324944704771,-0.00916559575125575,,
2026,24,perturb_2sigma,0.5807326436042786,0.35480746626853943,0.33360761404037476,0.01064828410744667,-0.003612636588513851,,
2026,25,supervised,0.0,0.0,0.0,0.015560685656964779,0.0,,
2026,25,actor,0.0,0.0,0.0,0.015560685656964779,0.0,,
2026,25,zero,0.12467730790376663,0.041211750358343124,0.03721701726317406,0.015597295947372913,3.661029040813446e-05,,
2026,25,random,0.20122608542442322,0.09713438898324966,0.09096116572618484,0.015271664597094059,-0.0002890210598707199,,
2026,25,shuffled,0.24935461580753326,0.08359163999557495,0.07599546015262604,0.015145804733037949,-0.0004148809239268303,,
2026,25,perturb_0.25sigma,0.04095738008618355,0.0454242043197155,0.04255536198616028,0.015682734549045563,0.00012204889208078384,,
2026,25,perturb_0.5sigma,0.14644968509674072,0.21031148731708527,0.20368900895118713,0.009389490820467472,-0.006171194836497307,,
2026,25,perturb_1sigma,0.3489474952220917,0.4866182208061218,0.4771876037120819,-0.003554302267730236,-0.019114987924695015,,
2026,25,perturb_2sigma,0.5112231373786926,0.3362552225589752,0.3183954358100891,0.010254984721541405,-0.005305700935423374,,
2026,26,supervised,0.0,0.0,0.0,0.015564675442874432,0.0,,
2026,26,actor,0.0,0.0,0.0,0.015564675442874432,0.0,,
2026,26,zero,0.08434789627790451,0.03718792274594307,0.03480491787195206,0.015673110261559486,0.00010843481868505478,,
2026,26,random,0.34105047583580017,0.3166414797306061,0.30193185806274414,0.010659272782504559,-0.004905402660369873,,
2026,26,shuffled,0.16869579255580902,0.07554847002029419,0.07104942947626114,0.015468298457562923,-9.637698531150818e-05,,
2026,26,perturb_0.25sigma,0.036953363567590714,0.008323113434016705,0.00766290258616209,0.015503643080592155,-6.1032362282276154e-05,,
2026,26,perturb_0.5sigma,0.08810164779424667,0.017310969531536102,0.01653278060257435,0.015689309686422348,0.0001246342435479164,,
2026,26,perturb_1sigma,0.18271340429782867,0.10131768882274628,0.09286504238843918,0.015020625665783882,-0.0005440497770905495,,
2026,26,perturb_2sigma,0.4850664734840393,0.3452276587486267,0.3275090754032135,0.009826458059251308,-0.005738217383623123,,
2026,27,supervised,0.0,0.0,0.0,0.015418189577758312,0.0,,
2026,27,actor,0.0,0.0,0.0,0.015418189577758312,0.0,,
2026,27,zero,0.08558198064565659,0.028070008382201195,0.027157170698046684,0.015665484592318535,0.0002472950145602226,,
2026,27,random,0.23470020294189453,0.128322035074234,0.12377811223268509,0.014918448403477669,-0.0004997411742806435,,
2026,27,shuffled,0.17116396129131317,0.05699094012379646,0.05539534240961075,0.015739882364869118,0.0003216927871108055,,
2026,27,perturb_0.25sigma,0.05559574440121651,0.041340120136737823,0.03850755840539932,0.015011490322649479,-0.0004066992551088333,,
2026,27,perturb_0.5sigma,0.09684142470359802,0.07852084189653397,0.07324723899364471,0.015241377986967564,-0.0001768115907907486,,
2026,27,perturb_1sigma,0.25284573435783386,0.028233904391527176,0.02279864065349102,0.015282252803444862,-0.00013593677431344986,,
2026,27,perturb_2sigma,0.463077187538147,0.4092361629009247,0.39932700991630554,0.0004861144407186657,-0.014932075137039647,,
2026,28,supervised,0.0,0.0,0.0,0.015306784771382809,0.0,,
2026,28,actor,0.0,0.0,0.0,0.015306784771382809,0.0,,
2026,28,zero,0.12777084112167358,0.022253990173339844,0.02180035039782524,0.01572134718298912,0.0004145624116063118,,
2026,28,random,0.2577369213104248,0.14618146419525146,0.1375109702348709,0.01430155523121357,-0.001005229540169239,,
2026,28,shuffled,0.25554168224334717,0.045561399310827255,0.04482020437717438,0.015970679000020027,0.0006638942286372185,,
2026,28,perturb_0.25sigma,0.04832857474684715,0.06206906586885452,0.056710876524448395,0.014667592011392117,-0.0006391927599906921,,
2026,28,perturb_0.5sigma,0.0690908133983612,0.09589837491512299,0.08803469687700272,0.013986255042254925,-0.001320529729127884,,
2026,28,perturb_1sigma,0.2569895386695862,0.172258660197258,0.16424629092216492,0.011687217280268669,-0.0036195674911141396,,
2026,28,perturb_2sigma,0.41363391280174255,0.30006808042526245,0.2858639657497406,0.01083547156304121,-0.0044713132083415985,,
2026,29,supervised,0.0,0.0,0.0,0.015080063603818417,0.0,,
2026,29,actor,0.0,0.0,0.0,0.015080063603818417,0.0,,
2026,29,zero,0.18281500041484833,0.019059469923377037,0.01707877591252327,0.015665018931031227,0.0005849553272128105,,
2026,29,random,0.2501102089881897,0.03272957354784012,0.03101755492389202,0.015243509784340858,0.00016344618052244186,,
2026,29,shuffled,0.36513447761535645,0.03895078971982002,0.034797053784132004,0.015994500368833542,0.0009144367650151253,,
2026,29,perturb_0.25sigma,0.048725053668022156,0.01772027462720871,0.016807539388537407,0.015001623891294003,-7.843971252441406e-05,,
2026,29,perturb_0.5sigma,0.13850830495357513,0.19805416464805603,0.18732984364032745,0.012672260403633118,-0.002407803200185299,,
2026,29,perturb_1sigma,0.15026965737342834,0.057110704481601715,0.050631213933229446,0.014736546203494072,-0.00034351740032434464,,
2026,29,perturb_2sigma,0.4029828608036041,0.19652609527111053,0.18410830199718475,0.011897328309714794,-0.0031827352941036224,,
2026,30,supervised,0.0,0.0,0.0,0.002207026118412614,0.0,,
2026,30,actor,0.0,0.0,0.0,0.002207026118412614,0.0,,
2026,30,zero,0.3759460747241974,0.42790138721466064,0.404567688703537,0.0034606773406267166,0.0012536512222141027,,
2026,30,random,0.3351379334926605,0.3451823592185974,0.32337477803230286,0.0034767230972647667,0.0012696969788521528,,
2026,30,shuffled,0.7518921494483948,0.5015488862991333,0.47407659888267517,-0.0009856794495135546,-0.0031927055679261684,,
2026,30,perturb_0.25sigma,0.04575970023870468,0.016023674979805946,0.015259791165590286,0.001912000123411417,-0.00029502599500119686,,
2026,30,perturb_0.5sigma,0.11749502271413803,0.11211375892162323,0.1002725213766098,0.0018168330425396562,-0.0003901930758729577,,
2026,30,perturb_1sigma,0.347026526927948,0.37161046266555786,0.3485172390937805,0.0033102761954069138,0.0011032500769942999,,
2026,30,perturb_2sigma,0.6574145555496216,0.49201565980911255,0.4641399681568146,0.000439254567027092,-0.0017677715513855219,,
2026,31,supervised,0.0,0.0,0.0,0.0017844309331849217,0.0,,
2026,31,actor,0.0,0.0,0.0,0.0017844309331849217,0.0,,
2026,31,zero,0.35846146941185,0.4510568678379059,0.42505839467048645,0.0035176968667656183,0.0017332659335806966,,
2026,31,random,0.3587847054004669,0.42038097977638245,0.3943955898284912,0.0036734221503138542,0.0018889912171289325,,
2026,31,shuffled,0.7169076204299927,0.5200182795524597,0.49075475335121155,-0.0011791270226240158,-0.0029635579558089375,,
2026,31,perturb_0.25sigma,0.050940122455358505,0.032233014702796936,0.029758227989077568,0.002337721874937415,0.0005532909417524934,,
2026,31,perturb_0.5sigma,0.15360234677791595,0.056281425058841705,0.05152386799454689,0.0026537817902863026,0.0008693508571013808,,
2026,31,perturb_1sigma,0.29034215211868286,0.08769697695970535,0.07378746569156647,0.0007608670857734978,-0.001023563847411424,,
2026,31,perturb_2sigma,0.5043255090713501,0.37533777952194214,0.349758505821228,0.003807868342846632,0.0020234374096617103,,
2026,32,supervised,0.0,0.0,0.0,0.0014201088342815638,0.0,,
2026,32,actor,0.0,0.0,0.0,0.0014201088342815638,0.0,,
2026,32,zero,0.36001864075660706,0.4701668620109558,0.4416080415248871,0.003565448336303234,0.0021453395020216703,,
2026,32,random,0.2850804626941681,0.25558608770370483,0.22978469729423523,0.0027749871369451284,0.0013548783026635647,,
2026,32,shuffled,0.7199738621711731,0.5354964733123779,0.5045185685157776,-0.0013723730808123946,-0.0027924819150939584,,
2026,32,perturb_0.25sigma,0.05549401789903641,0.039196573197841644,0.03291720524430275,0.0012560700997710228,-0.00016403873451054096,,
2026,32,perturb_0.5sigma,0.1124882623553276,0.07118711620569229,0.0677943304181099,0.003128876443952322,0.0017087676096707582,,
2026,32,perturb_1sigma,0.3389377295970917,0.26289936900138855,0.26150065660476685,0.01019590999931097,0.008775801165029407,,
2026,32,perturb_2sigma,0.4594746232032776,0.0762689933180809,0.06517350673675537,0.0002464977733325213,-0.0011736110609490424,,
2026,33,supervised,0.0013642404228448868,0.00013348396169021726,0.00011961718701058999,0.0011546090245246887,1.071603037416935e-06,,
2026,33,actor,0.0013642404228448868,0.00013348396169021726,0.00011961718701058999,0.0011546090245246887,1.071603037416935e-06,,
2026,33,zero,0.37913408875465393,0.48464280366897583,0.4537876546382904,0.003604170633479953,0.002450633211992681,,
2026,33,random,0.6895338892936707,0.5534225702285767,0.5200244784355164,-0.0016252988716587424,-0.002778836293146014,,
2026,33,shuffled,0.7581266760826111,0.5476440787315369,0.5151664018630981,-0.0015624923398718238,-0.0027160297613590956,,
2026,33,perturb_0.25sigma,0.05759412795305252,0.054710399359464645,0.050206996500492096,0.002118607284501195,0.0009650698630139232,,
2026,33,perturb_0.5sigma,0.20511381328105927,0.20547813177108765,0.17547377943992615,0.002002799417823553,0.0008492619963362813,,
2026,33,perturb_1sigma,0.2707649767398834,0.12388905882835388,0.10842523723840714,0.0010007898090407252,-0.00015274761244654655,,
2026,33,perturb_2sigma,0.34456005692481995,0.16202691197395325,0.1389341652393341,0.0015908358618617058,0.000437298440374434,,
2026,34,supervised,0.003978872671723366,0.00029294847627170384,0.00026730544050224125,0.0009933699620887637,3.5729026421904564e-06,,
2026,34,actor,0.003978872671723366,0.00029294847627170384,0.00026730544050224125,0.0009933699620887637,3.5729026421904564e-06,,
2026,34,zero,0.4122105836868286,0.49415501952171326,0.46130481362342834,0.0036337459459900856,0.0026439488865435123,,
2026,34,random,0.4309118390083313,0.5092527270317078,0.47492915391921997,0.003093757200986147,0.0021039601415395737,,
2026,34,shuffled,0.8198279738426208,0.5561093091964722,0.5223547220230103,-0.0017453632317483425,-0.0027351602911949158,,
2026,34,perturb_0.25sigma,0.053816404193639755,0.004590225871652365,0.003607243997976184,0.0010567230638116598,6.692600436508656e-05,,
2026,34,perturb_0.5sigma,0.1188136637210846,0.031954046338796616,0.02843625284731388,0.0015854235971346498,0.0005956265376880765,,
2026,34,perturb_1sigma,0.2613639831542969,0.1288849264383316,0.12167157977819443,0.0038627570029348135,0.0028729599434882402,,
2026,34,perturb_2sigma,0.4221782684326172,0.048701703548431396,0.046512529253959656,-0.00048182025784626603,-0.0014716173172928393,,
2026,35,supervised,0.2293752133846283,0.014399321749806404,0.013577665202319622,0.006247179117053747,-2.2509600967168808e-05,,
2026,35,actor,0.2293752133846283,0.014399321749806404,0.013577665202319622,0.006247179117053747,-2.2509600967168808e-05,,
2026,35,zero,0.768851637840271,0.4731717109680176,0.45451757311820984,0.0007976133492775261,-0.00547207536874339,,
2026,35,random,0.5943753123283386,0.2052580714225769,0.19724765419960022,0.004207734018564224,-0.0020619546994566917,,
2026,35,shuffled,1.4253288507461548,0.5466764569282532,0.5280500650405884,-0.0005090260528959334,-0.006778714770916849,,
2026,35,perturb_0.25sigma,0.239579975605011,0.0160786472260952,0.01489391177892685,0.006257721688598394,-1.1967029422521591e-05,,
2026,35,perturb_0.5sigma,0.2543320059776306,0.01602371782064438,0.01503592636436224,0.006255826447159052,-1.386227086186409e-05,,
2026,35,perturb_1sigma,0.3627057671546936,0.13872894644737244,0.1307612955570221,0.005295575130730867,-0.0009741135872900486,,
2026,35,perturb_2sigma,0.7657210826873779,0.48586025834083557,0.4667356014251709,0.0006223805830813944,-0.0056473081349395216,,
2026,36,supervised,0.20369529724121094,0.011252704076468945,0.0106285959482193,0.006305226124823093,-1.9665341824293137e-05,,
2026,36,actor,0.20369529724121094,0.011252704076468945,0.0106285959482193,0.006305226124823093,-1.9665341824293137e-05,,
2026,36,zero,0.7537345290184021,0.476094514131546,0.4567180871963501,0.0008040452376008034,-0.005520846229046583,,
2026,36,random,0.9862184524536133,0.5125102996826172,0.492694616317749,0.00023499633243773133,-0.006089895134209655,,
2026,36,shuffled,1.4148566722869873,0.5505985617637634,0.5315649509429932,-0.0005476703518070281,-0.006872561818454415,,
2026,36,perturb_0.25sigma,0.214726522564888,0.015668973326683044,0.01461657416075468,0.006290182936936617,-3.470852971076965e-05,,
2026,36,perturb_0.5sigma,0.22140565514564514,0.026496760547161102,0.024892758578062057,0.006262580864131451,-6.23106025159359e-05,,
2026,36,perturb_1sigma,0.29450997710227966,0.09060295671224594,0.08476066589355469,0.005858423188328743,-0.00046646827831864357,,
2026,36,perturb_2sigma,0.42155203223228455,0.19873495399951935,0.18672072887420654,0.004812846891582012,-0.0015120445750653744,,
2026,37,supervised,0.18437722325325012,0.0085593955591321,0.008083749562501907,0.006352253723889589,-1.5754718333482742e-05,,
2026,37,actor,0.18437722325325012,0.0085593955591321,0.008083749562501907,0.006352253723889589,-1.5754718333482742e-05,,
2026,37,zero,0.7493186593055725,0.4779922068119049,0.45789745450019836,0.0008094052318483591,-0.005558603210374713,,
2026,37,random,0.8316431641578674,0.49652278423309326,0.47610411047935486,0.0005286158411763608,-0.005839392601046711,,
2026,37,shuffled,1.4206115007400513,0.5534597039222717,0.5339973568916321,-0.0005817834171466529,-0.006949791859369725,,
2026,37,perturb_0.25sigma,0.19481146335601807,0.014426239766180515,0.013522588647902012,0.006348226219415665,-1.978222280740738e-05,,
2026,37,perturb_0.5sigma,0.21772579848766327,0.014026950113475323,0.013076300732791424,0.0063514248467981815,-1.6583595424890518e-05,,
2026,37,perturb_1sigma,0.25163891911506653,0.02199387364089489,0.020563218742609024,0.0063363793306052685,-3.1629111617803574e-05,,
2026,37,perturb_2sigma,0.49480631947517395,0.24056139588356018,0.2267337143421173,0.00418910151347518,-0.0021789069287478924,,
2026,38,supervised,0.17192815244197845,0.007511926349252462,0.007068425416946411,0.006390159018337727,-1.2556090950965881e-05,,
2026,38,actor,0.17192815244197845,0.007511926349252462,0.007068425416946411,0.006390159018337727,-1.2556090950965881e-05,,
2026,38,zero,0.7550250291824341,0.479025661945343,0.4582357108592987,0.0008140506106428802,-0.005588664498645812,,
2026,38,random,0.6450105309486389,0.35133036971092224,0.33390799164772034,0.002477619331330061,-0.0039250957779586315,,
2026,38,shuffled,1.4348526000976562,0.5551552176475525,0.5352482199668884,-0.0006069515366107225,-0.007009666645899415,,
2026,38,perturb_0.25sigma,0.18180491030216217,0.019760925322771072,0.018278302624821663,0.006374049931764603,-2.8665177524089813e-05,,
2026,38,perturb_0.5sigma,0.18091624975204468,0.006667314097285271,0.006099664140492678,0.006399279460310936,-3.4356489777565002e-06,,
2026,38,perturb_1sigma,0.24032028019428253,0.025743016973137856,0.023707441985607147,0.006357230711728334,-4.548439756035805e-05,,
2026,38,perturb_2sigma,0.3840044438838959,0.03979998826980591,0.036090828478336334,0.0062577202916145325,-0.00014499481767416,,
2026,39,supervised,0.17010235786437988,0.006959127262234688,0.0064246766269207,0.006428536493331194,-3.316439688205719e-06,,
2026,39,actor,0.17010235786437988,0.006959127262234688,0.0064246766269207,0.006428536493331194,-3.316439688205719e-06,,
2026,39,zero,0.7699025869369507,0.4793134033679962,0.45786967873573303,0.0008182196179404855,-0.005613633315078914,,
2026,39,random,0.6857604384422302,0.3587450683116913,0.34005412459373474,0.002417209791019559,-0.004014643141999841,,
2026,39,shuffled,1.4514895677566528,0.556011974811554,0.5356677174568176,-0.0006264543044380844,-0.007058307237457484,,
2026,39,perturb_0.25sigma,0.17637889087200165,0.0068796719424426556,0.006407624576240778,0.006429364904761314,-2.488028258085251e-06,,
2026,39,perturb_0.5sigma,0.1873433142900467,0.003938764333724976,0.002655882854014635,0.006441920530050993,1.0067597031593323e-05,,
2026,39,perturb_1sigma,0.4256788492202759,0.2697780728340149,0.251293420791626,0.004207621328532696,-0.002224231604486704,,
2026,39,perturb_2sigma,1.0012280941009521,0.5254727602005005,0.5035065412521362,6.586478411918506e-05,-0.006365988148900215,,
2026,40,supervised,0.02857917547225952,0.006747026927769184,0.006697207223623991,0.005637130234390497,-0.00017921533435583115,,
2026,40,actor,0.02857917547225952,0.006747026927769184,0.006697207223623991,0.005637130234390497,-0.00017921533435583115,,
2026,40,zero,0.47736337780952454,0.4478617310523987,0.4250490367412567,0.002097733784466982,-0.0037186117842793465,,
2026,40,random,0.472417950630188,0.3441557288169861,0.32453858852386475,0.0022822346072643995,-0.003534110961481929,,
2026,40,shuffled,0.9480943083763123,0.5369322299957275,0.5139634609222412,-0.0010736876865848899,-0.006890033255331218,,
2026,40,perturb_0.25sigma,0.06934373080730438,0.03155424818396568,0.028442637994885445,0.00539742223918438,-0.0004189233295619488,,
2026,40,perturb_0.5sigma,0.09932097792625427,0.07267678529024124,0.07113529741764069,0.007393158506602049,0.0015768129378557205,,
2026,40,perturb_1sigma,0.2795245349407196,0.08708687126636505,0.08168003708124161,0.00705739064142108,0.0012410450726747513,,
2026,40,perturb_2sigma,0.23206716775894165,0.12800078094005585,0.12085853517055511,0.0033366314601153135,-0.002479714108631015,,
2026,41,supervised,0.017182260751724243,0.004380933940410614,0.004351831506937742,0.005613655783236027,-0.00011806096881628036,,
2026,41,actor,0.017182260751724243,0.004380933940410614,0.004351831506937742,0.005613655783236027,-0.00011806096881628036,,
2026,41,zero,0.4609244763851166,0.4615546762943268,0.4365083873271942,0.0021252117585390806,-0.0036065049935132265,,
2026,41,random,0.40832269191741943,0.27071690559387207,0.25178059935569763,0.0016676133964210749,-0.004064103355631232,,
2026,41,shuffled,0.9180448055267334,0.5491827130317688,0.5247551202774048,-0.0012003126321360469,-0.006932029384188354,,
2026,41,perturb_0.25sigma,0.0994655191898346,0.08865369856357574,0.08129426091909409,0.004279187880456448,-0.0014525288715958595,,
2026,41,perturb_0.5sigma,0.1878988891839981,0.18726682662963867,0.17172107100486755,0.0032692740205675364,-0.0024624427314847708,,
2026,41,perturb_1sigma,0.16348497569561005,0.028918379917740822,0.02779817022383213,0.006324413698166609,0.0005926969461143017,,
2026,41,perturb_2sigma,0.49541038274765015,0.1802072525024414,0.17151515185832977,0.0007861300837248564,-0.004945586668327451,,
2026,42,supervised,0.0055349767208099365,0.0014755323063582182,0.0014648976502940059,0.005584136117249727,-4.0067825466394424e-05,,
2026,42,actor,0.0055349767208099365,0.0014755323063582182,0.0014648976502940059,0.005584136117249727,-4.0067825466394424e-05,,
2026,42,zero,0.4603019058704376,0.47219333052635193,0.4448190927505493,0.0021480503492057323,-0.0034761535935103893,,
2026,42,random,0.501524031162262,0.47644373774528503,0.44925743341445923,0.0020343244541436434,-0.0035898794885724783,,
2026,42,shuffled,0.9185585379600525,0.5588058233261108,0.5327730178833008,-0.0013233128702268004,-0.006947516812942922,,
2026,42,perturb_0.25sigma,0.08794593811035156,0.0741439163684845,0.07293910533189774,0.007288663182407618,0.001664459239691496,,
2026,42,perturb_0.5sigma,0.19682323932647705,0.1731422245502472,0.15812361240386963,0.0028079005423933268,-0.002816303400322795,,
2026,42,perturb_1sigma,0.2585029900074005,0.30427491664886475,0.2799561023712158,0.002187316305935383,-0.003436887636780739,,
2026,42,perturb_2sigma,0.40341976284980774,0.2369978129863739,0.2355162501335144,0.01057415921241045,0.004949955269694328,,
2026,43,supervised,0.0063016340136528015,0.00018686274415813386,0.00017599736747797579,0.0055098035372793674,-3.437977284193039e-06,,
2026,43,actor,0.0063016340136528015,0.00018686274415813386,0.00017599736747797579,0.0055098035372793674,-3.437977284193039e-06,,
2026,43,zero,0.47442111372947693,0.47994565963745117,0.45041799545288086,0.002166011603549123,-0.0033472299110144377,,
2026,43,random,0.5850102305412292,0.5222872495651245,0.4918864667415619,0.000861929845996201,-0.0046513116685673594,,
2026,43,shuffled,0.945892333984375,0.5660510063171387,0.5385059118270874,-0.0014389862772077322,-0.006952227791771293,,
2026,43,perturb_0.25sigma,0.06707125157117844,0.019399909302592278,0.01750173419713974,0.005849525798112154,0.0003362842835485935,,
2026,43,perturb_0.5sigma,0.09135977923870087,0.01877942495048046,0.015510612167418003,0.005818237084895372,0.0003049955703318119,,
2026,43,perturb_1sigma,0.292728990316391,0.17552931606769562,0.17463070154190063,0.009436063468456268,0.003922821953892708,,
2026,43,perturb_2sigma,0.28369712829589844,0.16353975236415863,0.1631084382534027,0.009452126920223236,0.003938885405659676,,
2026,44,supervised,0.01859615370631218,0.0003096532600466162,0.0002820269437506795,0.005402624607086182,-6.2836334109306335e-06,,
2026,44,actor,0.01859615370631218,0.0003096532600466162,0.0002820269437506795,0.005402624607086182,-6.2836334109306335e-06,,
2026,44,zero,0.5010359287261963,0.48470166325569153,0.45329737663269043,0.0021800475660711527,-0.0032288606744259596,,
2026,44,random,0.4289235770702362,0.4259703457355499,0.3951825201511383,0.0025077068712562323,-0.00290120136924088,,
2026,44,shuffled,0.9914230704307556,0.5709230303764343,0.5420536994934082,-0.0015473897801712155,-0.006956298020668328,,
2026,44,perturb_0.25sigma,0.059187889099121094,0.023989805951714516,0.020758280530571938,0.00505243893712759,-0.0003564693033695221,,
2026,44,perturb_0.5sigma,0.19694076478481293,0.22209101915359497,0.19625701010227203,0.0022275070659816265,-0.0031814011745154858,,
2026,44,perturb_1sigma,0.260679692029953,0.12975601851940155,0.12812279164791107,0.008274802938103676,0.0028658946976065636,,
2026,44,perturb_2sigma,0.3522298038005829,0.15667636692523956,0.1508043110370636,0.0011348630068823695,-0.004274045233614743,,
2026,45,supervised,0.0,0.0,0.0,0.013732639141380787,0.0,,
2026,45,actor,0.0,0.0,0.0,0.013732639141380787,0.0,,
2026,45,zero,0.13021963834762573,0.08153329789638519,0.07799622416496277,0.014224615879356861,0.0004919767379760742,,
2026,45,random,0.29433488845825195,0.21737901866436005,0.2064979076385498,0.011225473135709763,-0.0025071660056710243,,
2026,45,shuffled,0.26043927669525146,0.15912164747714996,0.15196888148784637,0.013184689916670322,-0.0005479492247104645,,
2026,45,perturb_0.25sigma,0.06009209156036377,0.02137201651930809,0.01884644292294979,0.014006104320287704,0.00027346517890691757,,
2026,45,perturb_0.5sigma,0.12268298864364624,0.13643719255924225,0.12780249118804932,0.010982437990605831,-0.0027502011507749557,,
2026,45,perturb_1sigma,0.21527111530303955,0.021038418635725975,0.020837891846895218,0.013396174646914005,-0.0003364644944667816,,
2026,45,perturb_2sigma,0.4526810944080353,0.29376357793807983,0.27426978945732117,0.006740771234035492,-0.006991867907345295,,
2026,46,supervised,0.0,0.0,0.0,0.013839633204042912,0.0,,
2026,46,actor,0.0,0.0,0.0,0.013839633204042912,0.0,,
2026,46,zero,0.09331828355789185,0.09378134459257126,0.08826588094234467,0.014412639662623405,0.0005730064585804939,,
2026,46,random,0.30349835753440857,0.42412102222442627,0.4101225733757019,0.0006468278006650507,-0.01319280540337786,,
2026,46,shuffled,0.1866365671157837,0.18188674747943878,0.17229577898979187,0.012997261248528957,-0.0008423719555139542,,
2026,46,perturb_0.25sigma,0.04738739877939224,0.00854108389467001,0.008252634666860104,0.013737223111093044,-0.00010241009294986725,,
2026,46,perturb_0.5sigma,0.16296826303005219,0.24056243896484375,0.22888050973415375,0.010848898440599442,-0.00299073476344347,,
2026,46,perturb_1sigma,0.2874681353569031,0.2611803114414215,0.24647976458072662,0.00773219857364893,-0.006107434630393982,,
2026,46,perturb_2sigma,0.6305058598518372,0.5382400751113892,0.5228861570358276,-0.005270435940474272,-0.019110069144517183,,
2026,47,supervised,0.0,0.0,0.0,0.013774966821074486,0.0,,
2026,47,actor,0.0,0.0,0.0,0.013774966821074486,0.0,,
2026,47,zero,0.10219670087099075,0.10822232812643051,0.10029338300228119,0.014518272131681442,0.0007433053106069565,,
2026,47,random,0.1449015885591507,0.09514094889163971,0.08696999400854111,0.014608850702643394,0.0008338838815689087,,
2026,47,shuffled,0.2043934017419815,0.20825926959514618,0.1961708813905716,0.012539423070847988,-0.0012355437502264977,,
2026,47,perturb_0.25sigma,0.0834958553314209,0.15281178057193756,0.14250585436820984,0.01389737892895937,0.00012241210788488388,,
2026,47,perturb_0.5sigma,0.1040908470749855,0.045567549765110016,0.04239589348435402,0.014253403060138226,0.0004784362390637398,,
2026,47,perturb_1sigma,0.33835694193840027,0.1946960687637329,0.18208085000514984,0.012948781251907349,-0.0008261855691671371,,
2026,47,perturb_2sigma,0.4399726390838623,0.24509155750274658,0.23593437671661377,0.007780467625707388,-0.005994499195367098,,
2026,48,supervised,0.0,0.0,0.0,0.013559069484472275,0.0,,
2026,48,actor,0.0,0.0,0.0,0.013559069484472275,0.0,,
2026,48,zero,0.14727960526943207,0.12459702044725418,0.11421547830104828,0.014520622789859772,0.000961553305387497,,
2026,48,random,0.2563364803791046,0.22324520349502563,0.21249251067638397,0.008856168948113918,-0.0047029005363583565,,
2026,48,shuffled,0.29455921053886414,0.23734553158283234,0.22304114699363708,0.011797137558460236,-0.0017619319260120392,,
2026,48,perturb_0.25sigma,0.07407859712839127,0.0642201155424118,0.060420092195272446,0.012508303858339787,-0.0010507656261324883,,
2026,48,perturb_0.5sigma,0.1922536939382553,0.23596340417861938,0.22076565027236938,0.011766506358981133,-0.0017925631254911423,,
2026,48,perturb_1sigma,0.22500061988830566,0.15809504687786102,0.14871914684772491,0.01050467137247324,-0.003054398111999035,,
2026,48,perturb_2sigma,0.2474716156721115,0.036135751754045486,0.03480272740125656,0.01406628917902708,0.0005072196945548058,,
2026,49,supervised,0.0,0.0,0.0,0.01322207786142826,0.0,,
2026,49,actor,0.0,0.0,0.0,0.01322207786142826,0.0,,
2026,49,zero,0.2050069123506546,0.14236196875572205,0.1297704130411148,0.014398778788745403,0.0011767009273171425,,
2026,49,random,0.34159135818481445,0.2532047927379608,0.2392633706331253,0.007977738976478577,-0.005244338884949684,,
2026,49,shuffled,0.40883195400238037,0.2668161988258362,0.2506505250930786,0.010808451101183891,-0.0024136267602443695,,
2026,49,perturb_0.25sigma,0.05547342076897621,0.06225388124585152,0.05831553786993027,0.013787558302283287,0.0005654804408550262,,
2026,49,perturb_0.5sigma,0.10115640610456467,0.11976783722639084,0.11334748566150665,0.010804738849401474,-0.002417339012026787,,
2026,49,perturb_1sigma,0.42874056100845337,0.26789164543151855,0.2490997016429901,0.007619689684361219,-0.005602388177067041,,
2026,49,perturb_2sigma,0.314199835062027,0.030284179374575615,0.02367207780480385,0.01341229397803545,0.00019021611660718918,,
2026,50,supervised,0.0,0.0,0.0,0.013732639141380787,0.0,,
2026,50,actor,0.0,0.0,0.0,0.013732639141380787,0.0,,
2026,50,zero,0.13021963834762573,0.08153329789638519,0.07799622416496277,0.014224615879356861,0.0004919767379760742,,
2026,50,random,0.2511337101459503,0.2433144599199295,0.23325857520103455,0.01028377190232277,-0.0034488672390580177,,
2026,50,shuffled,0.26043927669525146,0.15912164747714996,0.15196888148784637,0.013184689916670322,-0.0005479492247104645,,
2026,50,perturb_0.25sigma,0.09436997771263123,0.10611975938081741,0.10043547302484512,0.011683394201099873,-0.0020492449402809143,,
2026,50,perturb_0.5sigma,0.12067090719938278,0.09159134328365326,0.08538724482059479,0.01207626424729824,-0.0016563748940825462,,
2026,50,perturb_1sigma,0.2833675444126129,0.303379625082016,0.291700541973114,0.0071125030517578125,-0.006620136089622974,,
2026,50,perturb_2sigma,0.44806426763534546,0.02617291919887066,0.02411540597677231,0.014012916944921017,0.0002802778035402298,,
2026,51,supervised,0.0,0.0,0.0,0.013757094740867615,0.0,,
2026,51,actor,0.0,0.0,0.0,0.013757094740867615,0.0,,
2026,51,zero,0.09308911114931107,0.0901009738445282,0.08479320257902145,0.0143746854737401,0.0006175907328724861,,
2026,51,random,0.2967415153980255,0.20599070191383362,0.19362202286720276,0.00907923560589552,-0.0046778591349720955,,
2026,51,shuffled,0.18617822229862213,0.17398175597190857,0.16453313827514648,0.013210573233664036,-0.000546521507203579,,
2026,51,perturb_0.25sigma,0.04233664274215698,0.017901772633194923,0.016879238188266754,0.013441691175103188,-0.0003154035657644272,,
2026,51,perturb_0.5sigma,0.06191442534327507,0.031635988503694534,0.029596103355288506,0.014182533137500286,0.00042543839663267136,,
2026,51,perturb_1sigma,0.2642923593521118,0.08068288862705231,0.0762975662946701,0.012188620865345001,-0.0015684738755226135,,
2026,51,perturb_2sigma,0.497212678194046,0.42645081877708435,0.4117894768714905,0.0006406322936527431,-0.013116462447214872,,
2026,52,supervised,0.0,0.0,0.0,0.013540017418563366,0.0,,
2026,52,actor,0.0,0.0,0.0,0.013540017418563366,0.0,,
2026,52,zero,0.10047473013401031,0.10184046626091003,0.09369529783725739,0.014326507225632668,0.0007864898070693016,,
2026,52,random,0.30013325810432434,0.20508573949337006,0.19412650167942047,0.009100853465497494,-0.004439163953065872,,
2026,52,shuffled,0.20094946026802063,0.1947803646326065,0.18200337886810303,0.012669969350099564,-0.0008700480684638023,,
2026,52,perturb_0.25sigma,0.05525144189596176,0.05351213738322258,0.05056478828191757,0.012568464502692223,-0.0009715529158711433,,
2026,52,perturb_0.5sigma,0.12525823712348938,0.01622314564883709,0.016006719321012497,0.013540961779654026,9.443610906600952e-07,,
2026,52,perturb_1sigma,0.40256956219673157,0.2863960862159729,0.26758667826652527,0.006885693408548832,-0.006654324010014534,,
2026,52,perturb_2sigma,0.3829009234905243,0.12013154476881027,0.1142188161611557,0.014019163325428963,0.00047914590686559677,,
2026,53,supervised,0.0,0.0,0.0,0.013343479484319687,0.0,,
2026,53,actor,0.0,0.0,0.0,0.013343479484319687,0.0,,
2026,53,zero,0.144026979804039,0.11401324719190598,0.10365718603134155,0.0143845584243536,0.0010410789400339127,,
2026,53,random,0.253680020570755,0.19625426828861237,0.18593266606330872,0.009106525219976902,-0.004236954264342785,,
2026,53,shuffled,0.288053959608078,0.21477743983268738,0.1998239904642105,0.012185719795525074,-0.0011577596887946129,,
2026,53,perturb_0.25sigma,0.09717699885368347,0.15060298144817352,0.13895738124847412,0.013675983063876629,0.000332503579556942,,
2026,53,perturb_0.5sigma,0.11388064920902252,0.05992703139781952,0.054635126143693924,0.014158678241074085,0.0008151987567543983,,
2026,53,perturb_1sigma,0.22841507196426392,0.13563849031925201,0.1273600310087204,0.01072347816079855,-0.0026200013235211372,,
2026,53,perturb_2sigma,0.3710501790046692,0.17783644795417786,0.16731831431388855,0.012885232456028461,-0.00045824702829122543,,
2026,54,supervised,0.0,0.0,0.0,0.012985353358089924,0.0,,
2026,54,actor,0.0,0.0,0.0,0.012985353358089924,0.0,,
2026,54,zero,0.20062994956970215,0.12575343251228333,0.11354774236679077,0.014282559044659138,0.0012972056865692139,,
2026,54,random,0.32482874393463135,0.40461763739585876,0.3868045508861542,0.002068967092782259,-0.010916386265307665,,
2026,54,shuffled,0.40008261799812317,0.23534289002418518,0.21905919909477234,0.01132696121931076,-0.0016583921387791634,,
2026,54,perturb_0.25sigma,0.05107244476675987,0.049854930490255356,0.04578804224729538,0.013633402064442635,0.0006480487063527107,,
2026,54,perturb_0.5sigma,0.0887061282992363,0.06142053380608559,0.05787206441164017,0.011756452731788158,-0.0012289006263017654,,
2026,54,perturb_1sigma,0.15950000286102295,0.06034097820520401,0.05851149186491966,0.011814535595476627,-0.0011708177626132965,,
2026,54,perturb_2sigma,0.28733959794044495,0.111494280397892,0.09939884394407272,0.01407629158347845,0.001090938225388527,,
2026,55,supervised,0.0,0.0,0.0,0.027282292023301125,0.0,,
2026,55,actor,0.0,0.0,0.0,0.027282292023301125,0.0,,
2026,55,zero,0.40574100613594055,0.40940120816230774,0.3943769037723541,0.06124944984912872,0.0339671578258276,,
2026,55,random,0.35467174649238586,0.09586019814014435,0.09364119172096252,0.043313756585121155,0.01603146456182003,,
2026,55,shuffled,0.8114414811134338,0.4757709503173828,0.45229727029800415,0.04156685620546341,0.014284564182162285,,
2026,55,perturb_0.25sigma,0.07250796258449554,0.0977381244301796,0.09581268578767776,0.0070786853320896626,-0.020203606691211462,,
2026,55,perturb_0.5sigma,0.20513609051704407,0.19399084150791168,0.18827414512634277,0.05281645432114601,0.025534162297844887,,
2026,55,perturb_1sigma,0.2691074013710022,0.23251381516456604,0.22650064527988434,0.05780714377760887,0.030524851754307747,,
2026,55,perturb_2sigma,0.36691179871559143,0.26314449310302734,0.2569539546966553,-0.03444559499621391,-0.06172788701951504,,
2026,56,supervised,0.0,0.0,0.0,0.03143727034330368,0.0,,
2026,56,actor,0.0,0.0,0.0,0.03143727034330368,0.0,,
2026,56,zero,0.3860400319099426,0.4056919515132904,0.3907860815525055,0.06032980978488922,0.02889253944158554,,
2026,56,random,0.41551774740219116,0.35138699412345886,0.3368518054485321,0.07037631422281265,0.03893904387950897,,
2026,56,shuffled,0.7720800638198853,0.4715127944946289,0.44893842935562134,0.034807369112968445,0.0033700987696647644,,
2026,56,perturb_0.25sigma,0.08034469932317734,0.047145552933216095,0.04594492167234421,0.02143794298171997,-0.00999932736158371,,
2026,56,perturb_0.5sigma,0.09453320503234863,0.02993989922106266,0.029304303228855133,0.024810276925563812,-0.006626993417739868,,
2026,56,perturb_1sigma,0.21607720851898193,0.0716405063867569,0.06968104839324951,0.043589524924755096,0.012152254581451416,,
2026,56,perturb_2sigma,0.3108134865760803,0.1933889389038086,0.1895279884338379,-0.02071828953921795,-0.05215555988252163,,
2026,57,supervised,0.0,0.0,0.0,0.03617321699857712,0.0,,
2026,57,actor,0.0,0.0,0.0,0.03617321699857712,0.0,,
2026,57,zero,0.3739560544490814,0.4031466543674469,0.3883724808692932,0.048694610595703125,0.012521393597126007,,
2026,57,random,0.5485734939575195,0.4476231634616852,0.4317588210105896,0.024656837806105614,-0.011516379192471504,,
2026,57,shuffled,0.7479121088981628,0.4682653546333313,0.44670820236206055,0.013778163120150566,-0.022395053878426552,,
2026,57,perturb_0.25sigma,0.0393492765724659,0.015267012640833855,0.014969891868531704,0.032366082072257996,-0.0038071349263191223,,
2026,57,perturb_0.5sigma,0.08258742094039917,0.03574622794985771,0.0348634198307991,0.02698145993053913,-0.009191757068037987,,
2026,57,perturb_1sigma,0.22042202949523926,0.22195103764533997,0.2143765240907669,0.06495384126901627,0.028780624270439148,,
2026,57,perturb_2sigma,0.4373589754104614,0.3855248689651489,0.3703342378139496,0.05412425845861435,0.01795104146003723,,
2026,58,supervised,0.0,0.0,0.0,0.04064546898007393,0.0,,
2026,58,actor,0.0,0.0,0.0,0.04064546898007393,0.0,,
2026,58,zero,0.37009891867637634,0.4018126130104065,0.38717544078826904,0.0023072364274412394,-0.03833823255263269,,
2026,58,random,0.46475058794021606,0.43552353978157043,0.4201206564903259,-0.0251083355396986,-0.06575380451977253,,
2026,58,shuffled,0.7393988966941833,0.4661228358745575,0.44564658403396606,-0.04788270220160484,-0.08852817118167877,,
2026,58,perturb_0.25sigma,0.07803650200366974,0.04230872914195061,0.04135559871792793,0.027981072664260864,-0.012664396315813065,,
2026,58,perturb_0.5sigma,0.11222228407859802,0.15434595942497253,0.14980871975421906,0.05780964717268944,0.01716417819261551,,
2026,58,perturb_1sigma,0.20379696786403656,0.12704096734523773,0.12290972471237183,0.05767237767577171,0.017026908695697784,,
2026,58,perturb_2sigma,0.3789438307285309,0.2763582766056061,0.26956525444984436,-0.08669080585241318,-0.1273362748324871,,
2026,59,supervised,0.0,0.0,0.0,0.037094078958034515,0.0,,
2026,59,actor,0.0,0.0,0.0,0.037094078958034515,0.0,,
2026,59,zero,0.37463027238845825,0.40163683891296387,0.38714683055877686,-0.16042840480804443,-0.19752248376607895,,
2026,59,random,0.4583742916584015,0.4310557246208191,0.4158788323402405,-0.19446851313114166,-0.23156259208917618,,
2026,59,shuffled,0.7465981841087341,0.4649944603443146,0.4456113278865814,-0.23038552701473236,-0.2674796059727669,,
2026,59,perturb_0.25sigma,0.06554293632507324,0.0964261144399643,0.09434717893600464,0.002328542061150074,-0.03476553689688444,,
2026,59,perturb_0.5sigma,0.09592697769403458,0.03328657150268555,0.032187189906835556,0.04098913446068764,0.003895055502653122,,
2026,59,perturb_1sigma,0.24827365577220917,0.15288016200065613,0.14980296790599823,-0.03386181592941284,-0.07095589488744736,,
2026,59,perturb_2sigma,0.46505028009414673,0.2942582070827484,0.2864200174808502,-0.155124232172966,-0.19221831113100052,,
2026,60,supervised,0.03174881264567375,0.007582687307149172,0.007529925554990768,0.005924783181399107,-0.00019480334594845772,,
2026,60,actor,0.03174881264567375,0.007582687307149172,0.007529925554990768,0.005924783181399107,-0.00019480334594845772,,
2026,60,zero,0.48528823256492615,0.44871604442596436,0.4261820912361145,0.0020229052752256393,-0.004096681252121925,,
2026,60,random,0.46252867579460144,0.30814027786254883,0.28952348232269287,0.001831121277064085,-0.00428846525028348,,
2026,60,shuffled,0.9631842970848083,0.53868567943573,0.5161687135696411,-0.0010655132355168462,-0.007185099762864411,,
2026,60,perturb_0.25sigma,0.05529947206377983,0.008020838722586632,0.00787465088069439,0.005923124495893717,-0.00019646203145384789,,
2026,60,perturb_0.5sigma,0.16966712474822998,0.11538706719875336,0.11430135369300842,0.008635335601866245,0.0025157490745186806,,
2026,60,perturb_1sigma,0.31822070479393005,0.09619668871164322,0.08479167520999908,0.006832931190729141,0.0007133446633815765,,
2026,60,perturb_2sigma,0.3461093604564667,0.10354921221733093,0.09326131641864777,0.00706200348213315,0.0009424169547855854,,
2026,61,supervised,0.019846102222800255,0.005160809028893709,0.0051301042549312115,0.005935445427894592,-0.0001347297802567482,,
2026,61,actor,0.019846102222800255,0.005160809028893709,0.0051301042549312115,0.005935445427894592,-0.0001347297802567482,,
2026,61,zero,0.46891525387763977,0.46157535910606384,0.43689629435539246,0.0020495527423918247,-0.004020622465759516,,
2026,61,random,0.620948314666748,0.4944116771221161,0.4689524471759796,0.0013278857804834843,-0.004742289427667856,,
2026,61,shuffled,0.9331071376800537,0.5503154993057251,0.5264092087745667,-0.0011879598023369908,-0.007258135010488331,,
2026,61,perturb_0.25sigma,0.11590900272130966,0.0400921069085598,0.034430742263793945,0.00585923669859767,-0.00021093850955367088,,
2026,61,perturb_0.5sigma,0.08563083410263062,0.016154659911990166,0.014002718962728977,0.006243623793125153,0.0001734485849738121,,
2026,61,perturb_1sigma,0.22366413474082947,0.03876170888543129,0.03701551631093025,0.005307302810251713,-0.0007628723978996277,,
2026,61,perturb_2sigma,0.4999684989452362,0.45247653126716614,0.4278124272823334,0.0020141026470810175,-0.004056072561070323,,
2026,62,supervised,0.008206263184547424,0.0022343583405017853,0.0022212208714336157,0.005927978083491325,-5.889497697353363e-05,,
2026,62,actor,0.008206263184547424,0.0022343583405017853,0.0022212208714336157,0.005927978083491325,-5.889497697353363e-05,,
2026,62,zero,0.46814045310020447,0.4714829623699188,0.4445470869541168,0.0020714413840323687,-0.00391543167643249,,
2026,62,random,0.5464702248573303,0.4990592300891876,0.471172034740448,0.0014618082204833627,-0.004525064839981496,,
2026,62,shuffled,0.9334700107574463,0.5593875646591187,0.5339304208755493,-0.0013067807303741574,-0.0072936537908390164,,
2026,62,perturb_0.25sigma,0.0574394166469574,0.01729520969092846,0.015810508280992508,0.006212819367647171,0.000225946307182312,,
2026,62,perturb_0.5sigma,0.09639565646648407,0.033714406192302704,0.033583663403987885,0.006816602777689695,0.0008297297172248363,,
2026,62,perturb_1sigma,0.23228856921195984,0.13074761629104614,0.11800011247396469,0.003983347211033106,-0.002003525849431753,,
2026,62,perturb_2sigma,0.39075788855552673,0.24896903336048126,0.2303389459848404,0.001746390014886856,-0.004240483045578003,,
2026,63,supervised,0.00822582095861435,0.00022313225781545043,0.000215550244320184,0.005885195452719927,-4.1476450860500336e-06,,
2026,63,actor,0.00822582095861435,0.00022313225781545043,0.000215550244320184,0.005885195452719927,-4.1476450860500336e-06,,
2026,63,zero,0.4819597899913788,0.4787147641181946,0.4496637284755707,0.0020889281295239925,-0.0038004149682819843,,
2026,63,random,0.5280066132545471,0.48145008087158203,0.45219114422798157,0.0021092696115374565,-0.0037800734862685204,,
2026,63,shuffled,0.9607070088386536,0.5662351250648499,0.5392915606498718,-0.0014188707573339343,-0.007308213855139911,,
2026,63,perturb_0.25sigma,0.04578233137726784,0.03330459073185921,0.033045630902051926,0.0067576393485069275,0.0008682962507009506,,
2026,63,perturb_0.5sigma,0.07508377730846405,0.007635917514562607,0.0061783259734511375,0.005907595157623291,1.8252059817314148e-05,,
2026,63,perturb_1sigma,0.22675302624702454,0.06065792217850685,0.04952613636851311,0.005602972581982613,-0.00028637051582336426,,
2026,63,perturb_2sigma,0.4603380858898163,0.08486533910036087,0.08272408694028854,0.003663628827780485,-0.0022257142700254917,,
2026,64,supervised,0.020554503425955772,0.0003455943369772285,0.0003022533201146871,0.005783152766525745,-5.6889839470386505e-06,,
2026,64,actor,0.020554503425955772,0.0003455943369772285,0.0003022533201146871,0.005783152766525745,-5.6889839470386505e-06,,
2026,64,zero,0.5081438422203064,0.48313960433006287,0.4522337317466736,0.002102370373904705,-0.003686471376568079,,
2026,64,random,0.6606292128562927,0.5189118981361389,0.4876115322113037,0.0010483145015314221,-0.004740527248941362,,
2026,64,shuffled,1.005164623260498,0.5708306431770325,0.542565643787384,-0.0015232726000249386,-0.007312114350497723,,
2026,64,perturb_0.25sigma,0.06016164273023605,0.04325617849826813,0.04223068431019783,0.006748517509549856,0.0009596757590770721,,
2026,64,perturb_0.5sigma,0.10995374619960785,0.07876095920801163,0.0783662497997284,0.0077123637311160564,0.0019235219806432724,,
2026,64,perturb_1sigma,0.31350407004356384,0.3432958722114563,0.31216055154800415,0.0024773867335170507,-0.0033114550169557333,,
2026,64,perturb_2sigma,0.340838760137558,0.1818065196275711,0.18077613413333893,0.009722509421408176,0.003933667670935392,,
2026,65,supervised,0.0,0.0,0.0,0.0031472165137529373,0.0,,
2026,65,actor,0.0,0.0,0.0,0.0031472165137529373,0.0,,
2026,65,zero,0.24388322234153748,0.34996190667152405,0.3340461552143097,0.007307656574994326,0.004160440061241388,,
2026,65,random,0.3109784424304962,0.04965658113360405,0.045297540724277496,0.003931101877242327,0.0007838853634893894,,
2026,65,shuffled,0.48776644468307495,0.45890694856643677,0.435487300157547,0.0009668687707744539,-0.0021803477429784834,,
2026,65,perturb_0.25sigma,0.052443891763687134,0.04347195103764534,0.039245132356882095,0.004062546417117119,0.0009153299033641815,,
2026,65,perturb_0.5sigma,0.22687771916389465,0.1314389407634735,0.11646033823490143,0.001796778291463852,-0.0013504382222890854,,
2026,65,perturb_1sigma,0.20910081267356873,0.04232123866677284,0.039450425654649734,0.004150398075580597,0.0010031815618276596,,
2026,65,perturb_2sigma,0.4003450274467468,0.3213898837566376,0.307414710521698,0.007713604252785444,0.004566387739032507,,
2026,66,supervised,0.0,0.0,0.0,0.002868861658498645,0.0,,
2026,66,actor,0.0,0.0,0.0,0.002868861658498645,0.0,,
2026,66,zero,0.22309131920337677,0.37279385328292847,0.3547508716583252,0.007435810752213001,0.004566949093714356,,
2026,66,random,0.3783999979496002,0.2793290317058563,0.2654290795326233,0.008200854063034058,0.005331992404535413,,
2026,66,shuffled,0.44618263840675354,0.4739668369293213,0.44910329580307007,0.0006129777757450938,-0.002255883882753551,,
2026,66,perturb_0.25sigma,0.08743253350257874,0.06565942615270615,0.056309446692466736,0.0016963583184406161,-0.0011725033400580287,,
2026,66,perturb_0.5sigma,0.139241024851799,0.044979292899370193,0.041466403752565384,0.0037726894952356815,0.0009038278367370367,,
2026,66,perturb_1sigma,0.14424480497837067,0.029057500883936882,0.024397268891334534,0.0035167254973202944,0.0006478638388216496,,
2026,66,perturb_2sigma,0.3510785698890686,0.12549203634262085,0.11414293944835663,0.0020261695608496666,-0.0008426920976489782,,
2026,67,supervised,0.0,0.0,0.0,0.0026606987230479717,0.0,,
2026,67,actor,0.0,0.0,0.0,0.0026606987230479717,0.0,,
2026,67,zero,0.22877554595470428,0.39301180839538574,0.37269872426986694,0.007535198703408241,0.0048744999803602695,,
2026,67,random,0.2878028452396393,0.32531261444091797,0.3065878748893738,0.008220598101615906,0.005559899378567934,,
2026,67,shuffled,0.4575349688529968,0.48669761419296265,0.4602454900741577,0.00023393398441839963,-0.002426764738629572,,
2026,67,perturb_0.25sigma,0.0581202358007431,0.006261489354074001,0.006107422057539225,0.002552974969148636,-0.00010772375389933586,,
2026,67,perturb_0.5sigma,0.25510215759277344,0.41723424196243286,0.39515650272369385,0.006763962563127279,0.0041032638400793076,,
2026,67,perturb_1sigma,0.22964616119861603,0.251171737909317,0.23194417357444763,0.007280792575329542,0.0046200938522815704,,
2026,67,perturb_2sigma,0.5239831209182739,0.1920928955078125,0.17697742581367493,0.005821850150823593,0.0031611514277756214,,
2026,68,supervised,0.0,0.0,0.0,0.002525981515645981,0.0,,
2026,68,actor,0.0,0.0,0.0,0.002525981515645981,0.0,,
2026,68,zero,0.25769564509391785,0.4103342592716217,0.38779398798942566,0.007603107485920191,0.00507712597027421,,
2026,68,random,0.3488192856311798,0.44886940717697144,0.4240507185459137,0.006021399516612291,0.0034954180009663105,,
2026,68,shuffled,0.515192985534668,0.4970598816871643,0.46904540061950684,-0.00015675877511966974,-0.0026827402907656506,,
2026,68,perturb_0.25sigma,0.04208144173026085,0.00819267425686121,0.006757743656635284,0.0023916037753224373,-0.00013437774032354355,,
2026,68,perturb_0.5sigma,0.17015711963176727,0.12404335290193558,0.10991138219833374,0.0011263571213930845,-0.0013996243942528963,,
2026,68,perturb_1sigma,0.26278939843177795,0.14368319511413574,0.12894614040851593,0.002015323145315051,-0.0005106583703309298,,
2026,68,perturb_2sigma,0.6323112845420837,0.50323086977005,0.4738057553768158,-0.0003004401514772326,-0.0028264216671232134,,
2026,69,supervised,0.001228639855980873,0.000123316262033768,0.00011687237565638497,0.0024572485126554966,1.3080425560474396e-06,,
2026,69,actor,0.001228639855980873,0.000123316262033768,0.00011687237565638497,0.0024572485126554966,1.3080425560474396e-06,,
2026,69,zero,0.3020499050617218,0.42402809858322144,0.3994200825691223,0.007641792297363281,0.005185851827263832,,
2026,69,random,0.4692540764808655,0.4983835518360138,0.4681565463542938,0.0012102632317692041,-0.001245677238330245,,
2026,69,shuffled,0.6024211049079895,0.5047356486320496,0.4752957224845886,-0.0005461131222546101,-0.0030020535923540592,,
2026,69,perturb_0.25sigma,0.056269560009241104,0.015102853067219257,0.014261191710829735,0.0020634334068745375,-0.0003925070632249117,,
2026,69,perturb_0.5sigma,0.13152360916137695,0.07499660551548004,0.0665530264377594,0.0010960099752992392,-0.00135993049480021,,
2026,69,perturb_1sigma,0.37435415387153625,0.05276161804795265,0.05175378918647766,0.004036890808492899,0.0015809503383934498,,
2026,69,perturb_2sigma,0.4693697690963745,0.19091804325580597,0.17875522375106812,0.007692320737987757,0.005236380267888308,,
2026,70,supervised,0.0,0.0,0.0,0.0031472165137529373,0.0,,
2026,70,actor,0.0,0.0,0.0,0.0031472165137529373,0.0,,
2026,70,zero,0.24388322234153748,0.34996190667152405,0.3340461552143097,0.007307656574994326,0.004160440061241388,,
2026,70,random,0.48659369349479675,0.41515055298805237,0.3959712088108063,0.0054786731489002705,0.002331456635147333,,
2026,70,shuffled,0.48776644468307495,0.45890694856643677,0.435487300157547,0.0009668687707744539,-0.0021803477429784834,,
2026,70,perturb_0.25sigma,0.11222386360168457,0.08777743577957153,0.07899417728185654,0.0018217827891930938,-0.0013254337245598435,,
2026,70,perturb_0.5sigma,0.14175929129123688,0.09793546050786972,0.08653973788022995,0.001667910604737699,-0.0014793059090152383,,
2026,70,perturb_1sigma,0.3425534665584564,0.3433457314968109,0.3274856209754944,0.0068977586925029755,0.003750542178750038,,
2026,70,perturb_2sigma,0.5384819507598877,0.2340410202741623,0.22760222852230072,0.011954797431826591,0.008807580918073654,,
2026,71,supervised,0.1971466988325119,0.014810501597821712,0.014141554944217205,0.006693817209452391,-4.4759828597307205e-05,,
2026,71,actor,0.1971466988325119,0.014810501597821712,0.014141554944217205,0.006693817209452391,-4.4759828597307205e-05,,
2026,71,zero,0.7308878302574158,0.4765395224094391,0.45868271589279175,0.0008550244965590537,-0.005883552541490644,,
2026,71,random,0.8156100511550903,0.492652952671051,0.4741051197052002,0.0006372709176503122,-0.006101306120399386,,
2026,71,shuffled,1.3693325519561768,0.5516713857650757,0.5337448716163635,-0.000585719186346978,-0.007324296224396676,,
2026,71,perturb_0.25sigma,0.20729795098304749,0.010415147989988327,0.010006370954215527,0.006706842686980963,-3.173435106873512e-05,,
2026,71,perturb_0.5sigma,0.23963721096515656,0.017532724887132645,0.016246046870946884,0.006729339715093374,-9.237322956323624e-06,,
2026,71,perturb_1sigma,0.22749099135398865,0.021948479115962982,0.020928848534822464,0.00666255597025156,-7.602106779813766e-05,,
2026,71,perturb_2sigma,0.3781700134277344,0.13865378499031067,0.1313723772764206,0.005658480804413557,-0.0010800962336361408,,
2026,72,supervised,0.17231708765029907,0.011252833530306816,0.010763048194348812,0.006770900916308165,-3.682402893900871e-05,,
2026,72,actor,0.17231708765029907,0.011252833530306816,0.010763048194348812,0.006770900916308165,-3.682402893900871e-05,,
2026,72,zero,0.7157207131385803,0.4800194203853607,0.4614013731479645,0.0008627660572528839,-0.005944958887994289,,
2026,72,random,0.6387485265731812,0.4175792336463928,0.4015507102012634,0.0015337110962718725,-0.005274013848975301,,
2026,72,shuffled,1.356866478919983,0.55605548620224,0.5377115607261658,-0.0006305095739662647,-0.007438234519213438,,
2026,72,perturb_0.25sigma,0.1765565574169159,0.016730278730392456,0.015973331406712532,0.006751601584255695,-5.6123360991477966e-05,,
2026,72,perturb_0.5sigma,0.19869399070739746,0.02086339332163334,0.01912909746170044,0.006769716273993254,-3.80086712539196e-05,,
2026,72,perturb_1sigma,0.21551689505577087,0.01159908901900053,0.0108339237049222,0.0067822677083313465,-2.5457236915826797e-05,,
2026,72,perturb_2sigma,0.28087377548217773,0.02630443684756756,0.024047276005148888,0.006760007701814175,-4.771724343299866e-05,,
2026,73,supervised,0.1544952690601349,0.008477837778627872,0.008116050623357296,0.006830220110714436,-2.9836315661668777e-05,,
2026,73,actor,0.1544952690601349,0.008477837778627872,0.008116050623357296,0.006830220110714436,-2.9836315661668777e-05,,
2026,73,zero,0.7116729021072388,0.4822811484336853,0.4628804326057434,0.0008690785034559667,-0.005990977922920138,,
2026,73,random,0.6918003559112549,0.4601479768753052,0.4412612318992615,0.0011552507057785988,-0.005704805720597506,,
2026,73,shuffled,1.3634326457977295,0.5593039989471436,0.5404936671257019,-0.0006723792757838964,-0.007532435702160001,,
2026,73,perturb_0.25sigma,0.16968770325183868,0.01188725046813488,0.011354816146194935,0.006819446105509996,-4.061032086610794e-05,,
2026,73,perturb_0.5sigma,0.19015935063362122,0.021268613636493683,0.01967405155301094,0.006799792405217886,-6.0264021158218384e-05,,
2026,73,perturb_1sigma,0.23130089044570923,0.016893208026885986,0.01580682024359703,0.006838507484644651,-2.1548941731452942e-05,,
2026,73,perturb_2sigma,0.2780122458934784,0.0209550429135561,0.018744224682450294,0.0067906733602285385,-6.938306614756584e-05,,
2026,74,supervised,0.14308227598667145,0.007152569480240345,0.00685544079169631,0.006874973885715008,-2.5690998882055283e-05,,
2026,74,actor,0.14308227598667145,0.007152569480240345,0.00685544079169631,0.006874973885715008,-2.5690998882055283e-05,,
2026,74,zero,0.7181833982467651,0.4835522472858429,0.4633694589138031,0.0008744382066652179,-0.006026226677931845,,
2026,74,random,0.7172709703445435,0.4787254333496094,0.45855721831321716,0.0009473285754211247,-0.005953336309175938,,
2026,74,shuffled,1.3778076171875,0.5613062381744385,0.5419917702674866,-0.0007048265542834997,-0.007605491438880563,,
2026,74,perturb_0.25sigma,0.15755315124988556,0.016535751521587372,0.01521253865212202,0.006864911410957575,-3.575347363948822e-05,,
2026,74,perturb_0.5sigma,0.17585216462612152,0.01658177748322487,0.015437313355505466,0.00686147715896368,-3.91877256333828e-05,,
2026,74,perturb_1sigma,0.20875003933906555,0.01761922985315323,0.016607869416475296,0.006847505457699299,-5.3159426897764206e-05,,
2026,74,perturb_2sigma,0.42865392565727234,0.10395240038633347,0.09555111825466156,0.00637394143268466,-0.0005267234519124031,,
2026,75,supervised,0.14177918434143066,0.006556865759193897,0.006149666849523783,0.006917239166796207,-1.5745870769023895e-05,,
2026,75,actor,0.14177918434143066,0.006556865759193897,0.006149666849523783,0.006917239166796207,-1.5745870769023895e-05,,
2026,75,zero,0.7341951727867126,0.4839630424976349,0.463026762008667,0.0008793215383775532,-0.006053663499187678,,
2026,75,random,0.8437371253967285,0.5035271048545837,0.4824657142162323,0.0005612610257230699,-0.006371724011842161,,
2026,75,shuffled,1.3991023302078247,0.5624372363090515,0.5426082015037537,-0.0007316678529605269,-0.007664652890525758,,
2026,75,perturb_0.25sigma,0.14564813673496246,0.007221124600619078,0.006816530600190163,0.006915226578712463,-1.7758458852767944e-05,,
2026,75,perturb_0.5sigma,0.17674700915813446,0.020724691450595856,0.01897447556257248,0.0068883528001606464,-4.4632237404584885e-05,,
2026,75,perturb_1sigma,0.2026868611574173,0.01908380351960659,0.017512675374746323,0.006904808338731527,-2.8176698833703995e-05,,
2026,75,perturb_2sigma,0.27328068017959595,0.01792607270181179,0.016603805124759674,0.006881367415189743,-5.161762237548828e-05,,
2026,76,supervised,0.0,0.0,0.0,0.010478448122739792,0.0,,
2026,76,actor,0.0,0.0,0.0,0.010478448122739792,0.0,,
2026,76,zero,0.22085872292518616,0.2478315383195877,0.2331245243549347,0.016901971772313118,0.006423523649573326,,
2026,76,random,0.28474244475364685,0.16705581545829773,0.16191570460796356,0.014997854828834534,0.004519406706094742,,
2026,76,shuffled,0.4417174458503723,0.33704376220703125,0.3167894780635834,0.01657813973724842,0.006099691614508629,,
2026,76,perturb_0.25sigma,0.06049804016947746,0.05177748575806618,0.050871096551418304,0.009126589633524418,-0.001351858489215374,,
2026,76,perturb_0.5sigma,0.10888875275850296,0.09083457291126251,0.08999539166688919,0.007791824173182249,-0.002686623949557543,,
2026,76,perturb_1sigma,0.25828981399536133,0.22929851710796356,0.21549248695373535,0.016756393015384674,0.006277944892644882,,
2026,76,perturb_2sigma,0.46642470359802246,0.2952735722064972,0.29177427291870117,2.263746500830166e-05,-0.01045581065773149,,
2026,77,supervised,0.0,0.0,0.0,0.010366490110754967,0.0,,
2026,77,actor,0.0,0.0,0.0,0.010366490110754967,0.0,,
2026,77,zero,0.19427332282066345,0.2440386414527893,0.2297910749912262,0.016316447407007217,0.005949957296252251,,
2026,77,random,0.3140188157558441,0.25696176290512085,0.24060748517513275,0.0161172803491354,0.005750790238380432,,
2026,77,shuffled,0.3885466456413269,0.33246687054634094,0.3134794235229492,0.01674005016684532,0.006373560056090355,,
2026,77,perturb_0.25sigma,0.04559394717216492,0.036821600049734116,0.036243271082639694,0.011204613372683525,0.0008381232619285583,,
2026,77,perturb_0.5sigma,0.11634186655282974,0.089333176612854,0.08789221942424774,0.008303624577820301,-0.0020628655329346657,,
2026,77,perturb_1sigma,0.28635790944099426,0.27028030157089233,0.2532041370868683,0.01663128100335598,0.006264790892601013,,
2026,77,perturb_2sigma,0.4578610062599182,0.2862604260444641,0.27041155099868774,0.01690874993801117,0.006542259827256203,,
2026,78,supervised,0.0,0.0,0.0,0.010075862519443035,0.0,,
2026,78,actor,0.0,0.0,0.0,0.010075862519443035,0.0,,
2026,78,zero,0.18483491241931915,0.23986592888832092,0.22613389790058136,0.015293242409825325,0.00521737989038229,,
2026,78,random,0.30128607153892517,0.26878881454467773,0.252469927072525,0.015805315226316452,0.005729452706873417,,
2026,78,shuffled,0.3696698248386383,0.32771795988082886,0.31005340814590454,0.016652239486575127,0.0065763769671320915,,
2026,78,perturb_0.25sigma,0.061407580971717834,0.0829394981265068,0.0804416760802269,0.011351234279572964,0.0012753717601299286,,
2026,78,perturb_0.5sigma,0.13591212034225464,0.23055385053157806,0.2274145781993866,0.0043532042764127254,-0.00572265824303031,,
2026,78,perturb_1sigma,0.3698682188987732,0.4183092713356018,0.4115108847618103,-0.0047203367576003075,-0.014796199277043343,,
2026,78,perturb_2sigma,0.384672611951828,0.27800697088241577,0.26234447956085205,0.01629883609712124,0.006222973577678204,,
2026,79,supervised,0.0,0.0,0.0,0.00951372180134058,0.0,,
2026,79,actor,0.0,0.0,0.0,0.00951372180134058,0.0,,
2026,79,zero,0.1945774108171463,0.23542003333568573,0.22222916781902313,0.013686507940292358,0.004172786138951778,,
2026,79,random,0.26430076360702515,0.26102709770202637,0.24596789479255676,0.01457225251942873,0.00505853071808815,,
2026,79,shuffled,0.3891548216342926,0.3226993680000305,0.3063032031059265,0.016195954754948616,0.006682232953608036,,
2026,79,perturb_0.25sigma,0.10076334327459335,0.10950002819299698,0.10544577240943909,0.010248709470033646,0.0007349876686930656,,
2026,79,perturb_0.5sigma,0.08353806287050247,0.041207391768693924,0.040304649621248245,0.009054762311279774,-0.0004589594900608063,,
2026,79,perturb_1sigma,0.21146002411842346,0.10973701626062393,0.1046728640794754,0.009872475638985634,0.00035875383764505386,,
2026,79,perturb_2sigma,0.27395179867744446,0.24454544484615326,0.24072898924350739,0.004550212062895298,-0.004963509738445282,,
2026,-1,summary,0.26462912577618325,0.19434279672705088,0.18394623349364564,0.007262844226235959,0.00021880029085538194,0.00021880029085538194,0.8489579528775992
