Seed,Case,Step,Horizon,GreedyImmediateReward,GreedyFinalError,LongHorizonReturn,LongHorizonFinalError,AbsoluteOracleGain,RelativeOracleGain,GreedyActionShift,LongActionShift,ActionsDifferent
42,0,0,5,0.0042585702612996,0.3278375566005707,0.0128345256671309,0.3278375566005707,0.0,0.0,0.5,0.5,False
42,0,1,5,0.0031242056284099,0.3282477259635925,0.0083961654454469,0.3282477259635925,0.0,0.0,0.4999999701976776,0.4999999701976776,False
42,0,2,5,0.0025580255314707,0.3283194303512573,0.0055429679341614,0.3283105194568634,8.910894393920898e-06,2.71409291383926e-05,0.5,0.25,True
42,0,3,5,0.0021137006115168,0.328306496143341,0.0034266030415892,0.328306496143341,0.0,0.0,0.5,0.5,False
42,0,4,5,0.0015528965741395,0.3284087479114532,0.0015528965741395,0.3284087479114532,0.0,0.0,0.5,0.5,False
42,1,0,5,0.0009245907422155,0.50206458568573,0.0026450618170201,0.5020596981048584,4.887580871582031e-06,9.734964406833185e-06,0.5920112729072571,0.6084394454956055,True
42,1,1,5,0.0008159578428603,0.5020564794540405,0.0018869718769565,0.5020564794540405,0.0,0.0,0.5920875072479248,0.5920875072479248,False
42,1,2,5,0.0007035083253867,0.5020477771759033,0.0013093951856717,0.5020477771759033,0.0,0.0,0.677775502204895,0.677775502204895,False
42,1,3,5,0.0004981253296136,0.5020921230316162,0.0007573321927338,0.5020921230316162,0.0,0.0,0.6589229106903076,0.6589229106903076,False
42,1,4,5,0.0006152243586257,0.5019832253456116,0.0006152243586257,0.5019832253456116,0.0,0.0,0.90492981672287,0.90492981672287,False
42,2,0,5,0.0013595623895525,0.4393164813518524,0.003335032146424,0.439210832118988,0.0001056492328643,0.0002404854753895,0.4962199330329895,0.4999999701976776,True
42,2,1,5,0.0010335644474253,0.4393131136894226,0.0019715204834938,0.4393131136894226,0.0,0.0,0.4759034514427185,0.4759034514427185,False
42,2,2,5,0.0008514540968462,0.4393087327480316,0.0011584125459194,0.4393087327480316,0.0,0.0,0.4895722270011902,0.4895722270011902,False
42,2,3,5,0.0007026660605333,0.4392636716365814,0.0007077479967847,0.4392636716365814,0.0,0.0,0.5010061860084534,0.5010061860084534,False
42,2,4,5,0.0005481428233906,0.4392042160034179,0.0005481428233906,0.4392042160034179,0.0,0.0,0.512671172618866,0.512671172618866,False
42,3,0,5,0.0081222308799624,0.2957797944545746,0.0280220787972211,0.2957797944545746,0.0,0.0,0.5,0.5,False
42,3,1,5,0.0073895608074963,0.2959931492805481,0.0213392581790685,0.2959931492805481,0.0,0.0,0.5,0.5,False
42,3,2,5,0.0066098091192543,0.2961878478527069,0.0152068268507719,0.2961878478527069,0.0,0.0,0.4999999403953552,0.4999999403953552,False
42,3,3,5,0.0059446385130286,0.2963335812091827,0.0098685342818498,0.2963335812091827,0.0,0.0,0.5,0.5,False
42,3,4,5,0.0048070764169096,0.2965970039367676,0.0048070764169096,0.2965970039367676,0.0,0.0,0.4798693656921386,0.4798693656921386,False
42,4,0,5,0.0012713529868051,0.4457606375217438,0.0031501585617661,0.4457606375217438,0.0,0.0,0.5,0.5,False
42,4,1,5,0.0010388069786131,0.445803165435791,0.0019778420682996,0.445803165435791,0.0,0.0,0.4999999701976776,0.4999999701976776,False
42,4,2,5,0.0007229297771118,0.4458788335323334,0.0010523211676627,0.4458674192428589,1.1414289474487305e-05,2.559953201649252e-05,0.5,0.4999999701976776,True
42,4,3,5,0.0004996544448658,0.4458752274513244,0.0005302600911818,0.4458657503128052,9.47713851928711e-06,2.1255135822323107e-05,0.5026825666427612,0.2572033405303955,True
42,4,4,5,0.0006289157900027,0.4456956684589386,0.0006289157900027,0.4456956684589386,0.0,0.0,0.5277159214019775,0.5277159214019775,False
42,5,0,5,0.0010661979904398,0.5946336388587952,0.0040135229937732,0.5946311950683594,2.443790435791016e-06,4.109741319850442e-06,1.5397323369979858,1.5504070520401,True
42,5,1,5,0.0011206241324543,0.5944750905036926,0.0034595909528434,0.5944750905036926,0.0,0.0,1.515393614768982,1.515393614768982,False
42,5,2,5,0.001187187153846,0.5943489074707031,0.0028054621070623,0.5943489074707031,0.0,0.0,1.6137282848358154,1.6137282848358154,False
42,5,3,5,0.0012193364091217,0.5942525863647461,0.0020546193700283,0.5942525863647461,0.0,0.0,1.8639074563980105,1.8639074563980105,False
42,5,4,5,0.0012363595888018,0.594177782535553,0.0012363595888018,0.594177782535553,0.0,0.0,2.2086009979248047,2.2086009979248047,False
42,6,0,5,0.0009697268251329,0.4869747459888458,0.0025508638937026,0.4869747459888458,0.0,0.0,0.5130211114883423,0.5130211114883423,False
42,6,1,5,0.0008008378790691,0.4869600236415863,0.0017533841310068,0.4869600236415863,0.0,0.0,0.511161208152771,0.511161208152771,False
42,6,2,5,0.0006733774789609,0.4869444370269775,0.00116461107973,0.4869444370269775,0.0,0.0,0.5851457118988037,0.5851457118988037,False
42,6,3,5,0.0005587608320638,0.4869375824928283,0.0007238105754368,0.4869375824928283,0.0,0.0,0.6106693744659424,0.6106693744659424,False
42,6,4,5,0.0005911593907512,0.4868496656417846,0.0005911593907512,0.4868496656417846,0.0,0.0,0.7707639932632446,0.7707639932632446,False
42,7,0,5,0.0049344738945364,0.3125510513782501,0.0165795385837554,0.3125510513782501,0.0,0.0,0.4999999701976776,0.4999999701976776,False
42,7,1,5,0.0043405992910265,0.3126434981822967,0.0121946362778544,0.3126434981822967,0.0,0.0,0.5,0.5,False
42,7,2,5,0.0037196450866758,0.3126961290836334,0.0084844157099723,0.3126961290836334,0.0,0.0,0.5,0.5,False
42,7,3,5,0.0037188129499554,0.3125669658184051,0.0059312325902283,0.3125669658184051,0.0,0.0,0.5,0.5,False
42,7,4,5,0.0022639320231974,0.3129804730415344,0.0022639320231974,0.3129804730415344,0.0,0.0,0.4999999701976776,0.4999999701976776,False
42,8,0,5,0.0411538556218147,0.2349946796894073,0.1462029963731765,0.2349946796894073,0.0,0.0,0.4790175855159759,0.4790175855159759,False
42,8,1,5,0.0423260405659675,0.2349669635295868,0.1182185932993888,0.2349669635295868,0.0,0.0,0.4999999701976776,0.4999999701976776,False
42,8,2,5,0.0427155047655105,0.2349595129489898,0.0918127298355102,0.2347420156002044,0.0002174973487854,0.0009256801142272,0.5,0.5,True
42,8,3,5,0.0427358262240886,0.2344789206981659,0.0672824382781982,0.2344789206981659,0.0,0.0,0.4999999701976776,0.4999999701976776,False
42,8,4,5,0.0443461015820503,0.2342287302017212,0.0443461015820503,0.2342287302017212,0.0,0.0,0.2499040812253952,0.2499040812253952,False
42,9,0,5,0.0009566227672621,0.4900426268577575,0.0025705469306558,0.4900260865688324,1.65402889251709e-05,3.375275541074914e-05,0.5555750727653503,0.539338231086731,True
42,9,1,5,0.000802491151262,0.4900349378585815,0.0017385953105986,0.4900349378585815,0.0,0.0,0.5515258312225342,0.5515258312225342,False
42,9,2,5,0.0006362064159475,0.4900276362895965,0.0011466364376246,0.4900244176387787,3.2186508178710938e-06,6.568304682246401e-06,0.5652254819869995,0.5960139036178589,True
42,9,3,5,0.0006010503857396,0.4899827837944031,0.0007768275099806,0.4899827837944031,0.0,0.0,0.6823612451553345,0.6823612451553345,False
42,9,4,5,0.0005357724730856,0.4899438023567199,0.0005357724730856,0.4899438023567199,0.0,0.0,0.7880994081497192,0.7880994081497192,False
42,10,0,5,0.0019490380072966,0.3835387527942657,0.0054279933683574,0.3835387527942657,0.0,0.0,0.4999999701976776,0.4999999701976776,False
42,10,1,5,0.0015513338148593,0.3837365210056305,0.003354252083227,0.3836644887924194,7.203221321105957e-05,0.0001877126863564,0.5,0.4999999701976776,True
42,10,2,5,0.0011313305003568,0.3837308287620544,0.0020340057089924,0.3836573958396911,7.343292236328125e-05,0.0001913657096569,0.5,0.4999999701976776,True
42,10,3,5,0.0008500273688696,0.3837110996246338,0.0009523796034045,0.3837110996246338,0.0,0.0,0.4999999701976776,0.4999999701976776,False
42,10,4,5,0.0005374302854761,0.383662611246109,0.0005374302854761,0.383662611246109,0.0,0.0,0.5,0.5,False
42,11,0,5,0.0008318173931911,0.5803980827331543,0.0036856250371783,0.5803980827331543,0.0,0.0,1.3831218481063845,1.3831218481063845,False
42,11,1,5,0.0008607595809735,0.5803548097610474,0.0030578507576137,0.5803548097610474,0.0,0.0,1.3440022468566897,1.3440022468566897,False
42,11,2,5,0.0009163851500488,0.5802921652793884,0.0024328127037733,0.5802921652793884,0.0,0.0,1.3956300020217896,1.3956300020217896,False
42,11,3,5,0.0009536646539345,0.5802512168884277,0.001730699557811,0.5802512168884277,0.0,0.0,1.6358493566513062,1.6358493566513062,False
42,11,4,5,0.0009518755832687,0.580234944820404,0.0009518755832687,0.580234944820404,0.0,0.0,1.9769713878631592,1.9769713878631592,False
42,12,0,5,0.0175376012921333,0.2951163649559021,0.0680354684591293,0.2951163649559021,0.0,0.0,0.4889245629310608,0.4889245629310608,False
42,12,1,5,0.0202084947377443,0.2947486340999603,0.0568532794713974,0.2947486340999603,0.0,0.0,0.4999999701976776,0.4999999701976776,False
42,12,2,5,0.0185295008122921,0.2949771583080292,0.0431969612836837,0.2949771583080292,0.0,0.0,0.5,0.5,False
42,12,3,5,0.0240340251475572,0.2934128940105438,0.036312561482191,0.2934128940105438,0.0,0.0,0.4999999701976776,0.4999999701976776,False
42,12,4,5,0.0218860805034637,0.2940324544906616,0.0218860805034637,0.2940324544906616,0.0,0.0,0.4818764626979828,0.4818764626979828,False
42,13,0,5,0.0075744898058474,0.2945770025253296,0.0281549971550703,0.2945770025253296,0.0,0.0,0.4999999701976776,0.4999999701976776,False
42,13,1,5,0.0082604577764868,0.2941841185092926,0.0231535639613866,0.2941841185092926,0.0,0.0,0.5,0.5,False
42,13,2,5,0.0075244512408971,0.2942302823066711,0.0171131826937198,0.2942302823066711,0.0,0.0,0.5,0.5,False
42,13,3,5,0.0071332226507365,0.2943081259727478,0.0115983188152313,0.2943081259727478,0.0,0.0,0.5000000596046448,0.5000000596046448,False
42,13,4,5,0.0063506639562547,0.2945065200328827,0.0063506639562547,0.2945065200328827,0.0,0.0,0.4999999701976776,0.4999999701976776,False
42,14,0,5,0.0397107526659965,0.2646399438381195,0.1397803872823715,0.2646399438381195,0.0,0.0,0.4905765950679779,0.4905765950679779,False
42,14,1,5,0.042605236172676,0.2644229233264923,0.1154602169990539,0.2644229233264923,0.0,0.0,0.4999999701976776,0.4999999701976776,False
42,14,2,5,0.0433875322341918,0.2643792033195495,0.0901673287153244,0.2643792033195495,0.0,0.0,0.5,0.5,False
42,14,3,5,0.0413530133664608,0.2651622593402862,0.0627040117979049,0.2651622593402862,0.0,0.0,0.4893257617950439,0.4893257617950439,False
42,14,4,5,0.0435715205967426,0.2642537653446197,0.0435715205967426,0.2642537653446197,0.0,0.0,0.4999451339244842,0.4999451339244842,False
42,15,0,5,0.0433333627879619,0.2501963376998901,0.1446701884269714,0.2501963376998901,0.0,0.0,0.4958975315093994,0.4958975315093994,False
42,15,1,5,0.0440408550202846,0.2500067353248596,0.1192267164587974,0.2497896254062652,0.0002171099185943,0.0008684162781144,0.4977320730686188,0.5,True
42,15,2,5,0.0433647595345974,0.250843346118927,0.0885311886668205,0.250843346118927,0.0,0.0,0.5,0.5,False
42,15,3,5,0.0397605039179325,0.2514194548130035,0.0610798820853233,0.2514194548130035,0.0,0.0,0.4999999701976776,0.4999999701976776,False
42,15,4,5,0.0422163307666778,0.2503655254840851,0.0422163307666778,0.2503655254840851,0.0,0.0,0.5,0.5,False
42,16,0,5,0.000984143698588,0.4776922762393951,0.0026004114188253,0.4776922762393951,0.0,0.0,0.4781805872917175,0.4781805872917175,False
42,16,1,5,0.0008378708735108,0.4777122735977173,0.0017189433565363,0.4776965379714966,1.5735626220703125e-05,3.2939547695092584e-05,0.4669804871082306,0.4712073802947998,True
42,16,2,5,0.0006638276972807,0.4777091145515442,0.001069639227353,0.477699875831604,9.238719940185549e-06,1.9339635059838703e-05,0.5396444201469421,0.5291493535041809,True
42,16,3,5,0.0006652754964306,0.4776140451431274,0.0007930173887871,0.4776140451431274,0.0,0.0,0.5922147035598755,0.5922147035598755,False
42,16,4,5,0.0004505741526372,0.4776382148265838,0.0004505741526372,0.4776382148265838,0.0,0.0,0.6921748518943787,0.6921748518943787,False
42,17,0,5,0.0008065646397881,0.5779604911804199,0.0036245146766304,0.5779604911804199,0.0,0.0,1.3609346151351929,1.3609346151351929,False
42,17,1,5,0.0008432561880908,0.5779019594192505,0.0030270048882812,0.5779019594192505,0.0,0.0,1.3312770128250122,1.3312770128250122,False
42,17,2,5,0.0008824408287182,0.5778617262840271,0.0023728995583951,0.5778617262840271,0.0,0.0,1.3984273672103882,1.3984273672103882,False
42,17,3,5,0.0009360375697724,0.5778128504753113,0.0016983016394078,0.5778128504753113,0.0,0.0,1.6067187786102295,1.6067187786102295,False
42,17,4,5,0.0009409166523255,0.5777934193611145,0.0009409166523255,0.5777934193611145,0.0,0.0,1.962734818458557,1.962734818458557,False
42,18,0,5,0.0007936906768009,0.5224692821502686,0.0027704916428774,0.5224599838256836,9.298324584960938e-06,1.7796882807526714e-05,0.6614859104156494,0.777981698513031,True
42,18,1,5,0.0007947690319269,0.5223987102508545,0.0021825265139341,0.5223987102508545,0.0,0.0,0.7098323106765747,0.7098323106765747,False
42,18,2,5,0.0007544994005002,0.5223879814147949,0.0016109991120174,0.5223879814147949,0.0,0.0,0.7959556579589844,0.7959556579589844,False
42,18,3,5,0.0006318053347058,0.5224214196205139,0.0010364024201408,0.5224214196205139,0.0,0.0,0.8767422437667847,0.8767422437667847,False
42,18,4,5,0.0007125671836547,0.5223535299301147,0.0007125671836547,0.5223535299301147,0.0,0.0,1.212048888206482,1.212048888206482,False
42,19,0,5,0.0525419078767299,0.2277488261461258,0.205957680940628,0.2276129722595214,0.0001358538866043,0.0005965075162106,0.4865199327468872,0.2654861211776733,True
42,19,1,5,0.0533605851233005,0.2269181609153747,0.1580074727535247,0.2269181609153747,0.0,0.0,0.4998240172863006,0.4998240172863006,False
42,19,2,5,0.0502147302031517,0.2260852307081222,0.1121816039085388,0.2260852307081222,0.0,0.0,0.4981491267681122,0.4981491267681122,False
42,19,3,5,0.0448118597269058,0.2255789339542389,0.0716452449560165,0.2255789339542389,0.0,0.0,0.5000000596046448,0.5000000596046448,False
42,19,4,5,0.0398375056684017,0.2249618619680404,0.0398375056684017,0.2249618619680404,0.0,0.0,0.4856790900230407,0.4856790900230407,False
42,20,0,5,0.0043835574761033,0.323103666305542,0.0137664824724197,0.323103666305542,0.0,0.0,0.4381824433803558,0.4381824433803558,False
42,20,1,5,0.0037027781363576,0.3233490586280823,0.0095828641206026,0.3233490586280823,0.0,0.0,0.5,0.5,False
42,20,2,5,0.0030915280804038,0.3233195841312408,0.0067878356203436,0.3233195841312408,0.0,0.0,0.4999999701976776,0.4999999701976776,False
42,20,3,5,0.0022163554094731,0.3235662877559662,0.0036872292403131,0.3235662877559662,0.0,0.0,0.5,0.5,False
42,20,4,5,0.0014702880289405,0.3237160444259643,0.0014702880289405,0.3237160444259643,0.0,0.0,0.4999999701976776,0.4999999701976776,False
42,21,0,5,0.001232189591974,0.6060843467712402,0.0042202579788863,0.6060843467712402,0.0,0.0,1.6825937032699585,1.6825937032699585,False
42,21,1,5,0.0012913650134578,0.6059701442718506,0.0036511812359094,0.6059701442718506,0.0,0.0,1.661913514137268,1.661913514137268,False
42,21,2,5,0.001302677206695,0.6059103012084961,0.0029400126077234,0.6059103012084961,0.0,0.0,1.7415763139724731,1.7415763139724731,False
42,21,3,5,0.001376488013193,0.6058247089385986,0.002220228780061,0.6058247089385986,0.0,0.0,2.0052497386932373,2.0052497386932373,False
42,21,4,5,0.0014217247953638,0.6057643890380859,0.0014217247953638,0.6057643890380859,0.0,0.0,2.386128664016724,2.386128664016724,False
42,22,0,5,0.0034189913421869,0.3383622169494629,0.0103585161268711,0.3383217751979828,4.044175148010254e-05,0.0001195220667505,0.5,0.5,True
42,22,1,5,0.002792714163661,0.3384601175785064,0.0071780188009142,0.3384581804275512,1.937150955200196e-06,5.723424576754954e-06,0.4999999701976776,0.4999999701976776,True
42,22,2,5,0.0026310293469578,0.33831587433815,0.0053221145644783,0.33831587433815,0.0,0.0,0.4999999403953552,0.4999999403953552,False
42,22,3,5,0.001585389021784,0.3386316895484924,0.0026168101467192,0.3386316895484924,0.0,0.0,0.4999999701976776,0.4999999701976776,False
42,22,4,5,0.0009103067568503,0.3387893140316009,0.0009103067568503,0.3387893140316009,0.0,0.0,0.5,0.5,False
42,23,0,5,0.0016403555637225,0.4097850024700165,0.0042241867631673,0.409637838602066,0.0001471638679504,0.0003591245825576,0.5,0.5,True
42,23,1,5,0.0011724112555384,0.4097952842712402,0.0025539824273437,0.4097436666488647,5.161762237548828e-05,0.000125959532373,0.2499999850988388,0.4999999701976776,True
42,23,2,5,0.0009225522517226,0.4098338484764099,0.0014446297427639,0.4097663164138794,6.753206253051758e-05,0.0001647791239829,0.4999999701976776,0.5,True
42,23,3,5,0.0007883085636422,0.4097446799278259,0.0007792642572894,0.4097446799278259,0.0,0.0,0.4999999701976776,0.4999999701976776,False
42,23,4,5,0.0005002552643418,0.4097006618976593,0.0005002552643418,0.4097006618976593,0.0,0.0,0.5,0.5,False
123,0,0,5,0.0120898587629199,0.2330447882413864,0.0542900376021862,0.2330289334058761,1.5854835510253906e-05,6.803342666402632e-05,0.5,0.4831012487411499,True
123,0,1,5,0.0117154978215694,0.2330507040023803,0.042908675968647,0.2330420464277267,8.657574653625488e-06,3.714888865359128e-05,0.25,0.2499999850988388,True
123,0,2,5,0.0115959029644727,0.2330227792263031,0.0320119932293891,0.2330227792263031,0.0,0.0,0.4999999701976776,0.4999999701976776,False
123,0,3,5,0.0113578485324978,0.2330369651317596,0.0213471800088882,0.2330369651317596,0.0,0.0,0.5,0.5,False
123,0,4,5,0.0111178532242774,0.2330415993928909,0.0111178532242774,0.2330415993928909,0.0,0.0,0.5,0.5,False
123,1,0,5,0.0083368942141532,0.3888158202171325,0.0422664172947406,0.3888158202171325,0.0,0.0,0.5744560360908508,0.5744560360908508,False
123,1,1,5,0.0084162186831235,0.3888198435306549,0.033975388854742,0.3888198435306549,0.0,0.0,0.5512096285820007,0.5512096285820007,False
123,1,2,5,0.0084872599691152,0.3888236582279205,0.0255871843546628,0.3888236582279205,0.0,0.0,0.3161146342754364,0.3161146342754364,False
123,1,3,5,0.0085854772478342,0.3888114392757416,0.0171602014452219,0.3888114392757416,0.0,0.0,0.2921968400478363,0.2921968400478363,False
123,1,4,5,0.0086901858448982,0.3887907862663269,0.0086901858448982,0.3887907862663269,0.0,0.0,0.5243646502494812,0.5243646502494812,False
123,2,0,5,0.0095135727897286,0.3250692486763,0.0475504919886589,0.3250692486763,0.0,0.0,0.2543001770973205,0.2543001770973205,False
123,2,1,5,0.0095861889421939,0.3250806331634521,0.0381815657019615,0.325077474117279,3.159046173095703e-06,9.71773108214453e-06,0.2488192319869995,0.5,True
123,2,2,5,0.0096736755222082,0.3250731527805328,0.0287602078169584,0.3250731527805328,0.0,0.0,0.2435350865125656,0.2435350865125656,False
123,2,3,5,0.0097347125411033,0.3250627815723419,0.0192985832691192,0.3250627815723419,0.0,0.0,0.4999999701976776,0.4999999701976776,False
123,2,4,5,0.0098135694861412,0.3250488638877868,0.0098135694861412,0.3250488638877868,0.0,0.0,0.4939844906330108,0.4939844906330108,False
123,3,0,5,0.0100060040131211,0.2108479887247085,0.0417683757841587,0.2108029127120971,4.507601261138916e-05,0.0002137844087772,0.4944720864295959,0.5,True
123,3,1,5,0.0094331996515393,0.2107849568128585,0.0324400514364242,0.2107849568128585,0.0,0.0,0.5,0.5,False
123,3,2,5,0.0090108206495642,0.2108228802680969,0.0236512403935194,0.2108111232519149,1.17570161819458e-05,5.5767268557353774e-05,0.4999999701976776,0.5,True
123,3,3,5,0.0086448760703206,0.2108404487371444,0.0156005285680294,0.2108404487371444,0.0,0.0,0.2499999850988388,0.2499999850988388,False
123,3,4,5,0.0085711255669593,0.2108113020658493,0.0085711255669593,0.2108113020658493,0.0,0.0,0.5,0.5,False
123,4,0,5,0.0093222614377737,0.331342875957489,0.0468498542904853,0.331342875957489,0.0,0.0,0.2598194479942322,0.2598194479942322,False
123,4,1,5,0.0094279581680893,0.3313396573066711,0.0376606918871402,0.3313396573066711,0.0,0.0,0.500410795211792,0.500410795211792,False
123,4,2,5,0.0095089646056294,0.3313376903533935,0.028368892148137,0.3313376903533935,0.0,0.0,0.2499999850988388,0.2499999850988388,False
123,4,3,5,0.0095540704205632,0.3313393294811249,0.0189986769109964,0.3313393294811249,0.0,0.0,0.4999999701976776,0.4999999701976776,False
123,4,4,5,0.0096506522968411,0.3313191533088684,0.0096506522968411,0.3313191533088684,0.0,0.0,0.5086963176727295,0.5086963176727295,False
123,5,0,5,0.0070973853580653,0.4947751462459564,0.0337553732097148,0.4947751462459564,0.0,0.0,1.2880765199661257,1.2880765199661257,False
123,5,1,5,0.0071236630901694,0.4947954416275024,0.0271536856889724,0.4947954416275024,0.0,0.0,1.1633163690567017,1.1633163690567017,False
123,5,2,5,0.007093247026205,0.4948389530181885,0.0204640440642833,0.4948389530181885,0.0,0.0,1.079805850982666,1.079805850982666,False
123,5,3,5,0.0071066212840378,0.494854986667633,0.0137990061193704,0.494854986667633,0.0,0.0,1.0126500129699707,1.0126500129699707,False
123,5,4,5,0.0071442634798586,0.4948549270629883,0.0071442634798586,0.4948549270629883,0.0,0.0,1.0520005226135254,1.0520005226135254,False
123,6,0,5,0.0085499109700322,0.3727962374687195,0.0433809980750083,0.3727962374687195,0.0,0.0,0.3556863665580749,0.3556863665580749,False
123,6,1,5,0.0087425457313656,0.3727644085884094,0.0349751487374305,0.3727644085884094,0.0,0.0,0.5220715403556824,0.5220715403556824,False
123,6,2,5,0.0087347468361258,0.3727993369102478,0.0262837707996368,0.3727993369102478,0.0,0.0,0.5011612772941589,0.5011612772941589,False
123,6,3,5,0.0088006872683763,0.3727980256080627,0.0176051538437604,0.3727980256080627,0.0,0.0,0.2656159102916717,0.2656159102916717,False
123,6,4,5,0.0088527956977486,0.3727991580963135,0.0088527956977486,0.3727991580963135,0.0,0.0,0.2953020632266998,0.2953020632266998,False
123,7,0,5,0.0116053279489278,0.2222282290458679,0.0508486740291118,0.2221385836601257,8.96453857421875e-05,0.0004033933318331,0.2499999850988388,0.5,True
123,7,1,5,0.0112293735146522,0.2221871316432953,0.0397821962833404,0.2221816778182983,5.453824996948242e-06,2.454608850031849e-05,0.4999999701976776,0.5,True
123,7,2,5,0.010821552015841,0.2221891283988952,0.0294044371694326,0.222183808684349,5.319714546203613e-06,2.3942280995194105e-05,0.5,0.25,True
123,7,3,5,0.0104493116959929,0.222187802195549,0.0195457488298416,0.222187802195549,0.0,0.0,0.5,0.5,False
123,7,4,5,0.0104661798104643,0.2221380025148391,0.0104661798104643,0.2221380025148391,0.0,0.0,0.5,0.5,False
123,8,0,5,0.0679874718189239,0.1698775440454483,0.0342216491699218,0.1671192646026611,0.0027582794427871,0.0162368690828802,0.5,0.4775879085063934,True
123,8,1,5,0.0502278096973896,0.1711160093545913,0.0158092156052589,0.1672180145978927,0.0038979947566986,0.0227798367400041,0.5,0.1000000089406967,True
123,8,2,5,0.0285458639264106,0.1686759740114212,0.0034216633066534,0.1670369207859039,0.0016390532255172,0.0097171706588532,0.5,0.5,True
123,8,3,5,0.0094906967133283,0.1677896082401275,-0.0043783858418464,0.1670812219381332,0.0007083863019943,0.0042218723163149,0.5,0.2499999850988388,True
123,8,4,5,-0.0043393927626311,0.1669927835464477,-0.0043393927626311,0.1669927835464477,0.0,0.0,0.5,0.5,False
123,9,0,5,0.0084980195388197,0.375996321439743,0.0431420281529426,0.375996321439743,0.0,0.0,0.4970143139362335,0.4970143139362335,False
123,9,1,5,0.0085769752040505,0.376004546880722,0.0346721410751342,0.376004546880722,0.0,0.0,0.3257822096347809,0.3257822096347809,False
123,9,2,5,0.0087217427790164,0.3759830892086029,0.0261765830218791,0.3759830892086029,0.0,0.0,0.5165812969207764,0.5165812969207764,False
123,9,3,5,0.0087336832657456,0.3760019540786743,0.0174897015094757,0.3760019540786743,0.0,0.0,0.511598527431488,0.511598527431488,False
123,9,4,5,0.0088042309507727,0.3759952187538147,0.0088042309507727,0.3759952187538147,0.0,0.0,0.2926245033740997,0.2926245033740997,False
123,10,0,5,0.0112564666196703,0.2753979861736297,0.0539409518241882,0.2753979861736297,0.0,0.0,0.4949523508548736,0.4949523508548736,False
123,10,1,5,0.0113215269520878,0.2754026353359222,0.0431267395615577,0.2754002511501312,2.384185791015625e-06,8.657091418560739e-06,0.5,0.5,True
123,10,2,5,0.0112699028104543,0.2753935158252716,0.0323850400745868,0.2753935158252716,0.0,0.0,0.2499999850988388,0.2499999850988388,False
123,10,3,5,0.0111818490549921,0.2753968238830566,0.0216873995959758,0.2753968238830566,0.0,0.0,0.25,0.25,False
123,10,4,5,0.0111072259023785,0.2753978967666626,0.0111072259023785,0.2753978967666626,0.0,0.0,0.4927231073379516,0.4927231073379516,False
123,11,0,5,0.007154915947467,0.4778619408607483,0.0351941287517547,0.4778619408607483,0.0,0.0,1.095251202583313,1.095251202583313,False
123,11,1,5,0.0072077019140124,0.477865070104599,0.0282824523746967,0.477865070104599,0.0,0.0,0.9718107581138612,0.9718107581138612,False
123,11,2,5,0.0071871108375489,0.4778988361358642,0.0212601069360971,0.4778988361358642,0.0,0.0,0.9273352026939392,0.9273352026939392,False
123,11,3,5,0.0072617894038558,0.4778814315795898,0.0143081722781062,0.4778814315795898,0.0,0.0,0.8661735653877258,0.8661735653877258,False
123,11,4,5,0.0072546903975307,0.4778995811939239,0.0072546903975307,0.4778995811939239,0.0,0.0,0.8087180852890015,0.8087180852890015,False
123,12,0,5,0.0060229571536183,0.2053770422935485,0.0238692089915275,0.2039792537689209,0.0013977885246276,0.0068059628720809,0.4928561747074127,0.4965097606182098,True
123,12,1,5,0.0051614078693091,0.2045249491930008,0.0177860148251056,0.2040273547172546,0.0004975944757461,0.0024329280007623,0.2499999850988388,0.5,True
123,12,2,5,0.005168761126697,0.2043874412775039,0.0128872115164995,0.204046756029129,0.0003406852483749,0.0016668599902494,0.5,0.5,True
123,12,3,5,0.0054310397244989,0.2040057331323623,0.0093230139464139,0.2040057331323623,0.0,0.0,0.4999999701976776,0.4999999701976776,False
123,12,4,5,0.0063491179607808,0.2040502578020095,0.0063491179607808,0.2040502578020095,0.0,0.0,0.4999999701976776,0.4999999701976776,False
123,13,0,5,0.0095023894682526,0.2097270786762237,0.0396601594984531,0.2095322012901306,0.0001948773860931,0.0009291951584086,0.5,0.5,True
123,13,1,5,0.009001363068819,0.2096752077341079,0.0306537970900535,0.2095181345939636,0.0001570731401443,0.0007491259545741,0.25,0.25,True
123,13,2,5,0.0087597398087382,0.2095513939857483,0.0224034991115331,0.2095102965831756,4.109740257263184e-05,0.0001961208741728,0.4999999701976776,0.5000000596046448,True
123,13,3,5,0.0084195947274565,0.2094743102788925,0.0150729715824127,0.2094743102788925,0.0,0.0,0.5,0.5,False
123,13,4,5,0.0084519833326339,0.209451824426651,0.0084519833326339,0.209451824426651,0.0,0.0,0.4999999403953552,0.4999999403953552,False
123,14,0,5,0.0274760108441114,0.1833690702915191,0.0293850675225257,0.180249884724617,0.0031191855669021,0.0170104236332948,0.5,0.5,True
123,14,1,5,0.018179390579462,0.1822403371334076,0.0185880623757839,0.1803680062294006,0.0018723309040069,0.0102739653221577,0.4999999701976776,0.2500000298023224,True
123,14,2,5,0.0107432389631867,0.1812315881252288,0.0102154603227972,0.1803856343030929,0.0008459538221359,0.0046678056010378,0.5,0.4999999701976776,True
123,14,3,5,0.0047835907898843,0.1806923896074295,0.0044740894809365,0.1803458929061889,0.0003464967012405,0.0019176053955196,0.2499999850988388,0.25,True
123,14,4,5,0.0009694120963104,0.1803725063800811,0.0009694120963104,0.1803725063800811,0.0,0.0,0.2499999850988388,0.2499999850988388,False
123,15,0,5,0.0444258600473403,0.1763992458581924,0.0304261147975921,0.1734663248062133,0.002932921051979,0.0166266076575908,0.4913578629493713,0.1000000014901161,True
123,15,1,5,0.031275451183319,0.1757748872041702,0.0184061843901872,0.1734081804752349,0.0023667067289352,0.0134644189882836,0.4999999701976776,0.5,True
123,15,2,5,0.0180993340909481,0.1746281385421753,0.0083976341411471,0.1734371781349182,0.001190960407257,0.0068199799711513,0.5,0.2499999701976776,True
123,15,3,5,0.0074057849124073,0.1734213083982467,0.0021773702464997,0.1733816564083099,3.965198993682861e-05,0.0002286454317699,0.5,0.2499999850988388,True
123,15,4,5,-0.0004927652189508,0.1733792126178741,-0.0004927652189508,0.1733792126178741,0.0,0.0,0.25,0.25,False
123,16,0,5,0.0086580570787191,0.3631711602210998,0.0440470241010189,0.3631711602210998,0.0,0.0,0.3210934996604919,0.3210934996604919,False
123,16,1,5,0.0088530369102954,0.3631360828876495,0.0355163514614105,0.3631360828876495,0.0,0.0,0.5149867534637451,0.5149867534637451,False
123,16,2,5,0.008868514560163,0.3631653189659118,0.0266988836228847,0.3631653189659118,0.0,0.0,0.1345694810152053,0.1345694810152053,False
123,16,3,5,0.0089566558599472,0.3631571233272552,0.0178991332650184,0.3631571233272552,0.0,0.0,0.4932864308357239,0.4932864308357239,False
123,16,4,5,0.0090189138427376,0.3631540238857269,0.0090189138427376,0.3631540238857269,0.0,0.0,0.5054325461387634,0.5054325461387634,False
123,17,0,5,0.0072197718545794,0.4749623835086822,0.0354894585907459,0.4749623835086822,0.0,0.0,1.0703136920928955,1.0703136920928955,False
123,17,1,5,0.0072364574298262,0.474981427192688,0.028486518189311,0.474981427192688,0.0,0.0,1.0376834869384766,1.0376834869384766,False
123,17,2,5,0.0072585917077958,0.4749941229820251,0.0214496031403541,0.4749941229820251,0.0,0.0,0.9088088870048524,0.9088088870048524,False
123,17,3,5,0.0072930329479277,0.4749958217144012,0.0143982451409101,0.4749958217144012,0.0,0.0,0.7496926188468933,0.7496926188468933,False
123,17,4,5,0.0072846333496272,0.4750135540962219,0.0072846333496272,0.4750135540962219,0.0,0.0,0.7718927264213562,0.7718927264213562,False
123,18,0,5,0.0081253675743937,0.411083459854126,0.0407849326729774,0.411083459854126,0.0,0.0,0.7186014652252197,0.7186014652252197,False
123,18,1,5,0.0081667518243193,0.4111002087593078,0.0327540412545204,0.4111002087593078,0.0,0.0,0.4937950074672699,0.4937950074672699,False
123,18,2,5,0.0082820272073149,0.4110809862613678,0.0247275084257125,0.4110809862613678,0.0,0.0,0.5872563719749451,0.5872563719749451,False
123,18,3,5,0.0083262445405125,0.4110859930515289,0.0165726915001869,0.4110859930515289,0.0,0.0,0.5523521304130554,0.5523521304130554,False
123,18,4,5,0.0083278967067599,0.4111044406890869,0.0083278967067599,0.4111044406890869,0.0,0.0,0.3666738867759704,0.3666738867759704,False
123,19,0,5,0.1725047528743744,0.2087235152721405,0.4652751088142395,0.1814022064208984,0.027321308851242,0.1308971287476624,0.25,0.2500000298023224,True
123,19,1,5,0.1541519612073898,0.2008825540542602,0.3421785831451416,0.1813834458589553,0.0194991081953048,0.0970672056969067,0.1000000163912773,0.1000000014901161,True
123,19,2,5,0.1210652664303779,0.1903427690267563,0.2170628011226654,0.1813962012529373,0.0089465677738189,0.0470024042392771,0.25,0.25,True
123,19,3,5,0.0750828683376312,0.1837548166513443,0.1053386703133583,0.181363359093666,0.0023914575576782,0.0130143938605743,0.25,0.25,True
123,19,4,5,0.0301556810736656,0.1814553588628769,0.0301556810736656,0.1814553588628769,0.0,0.0,0.25,0.25,False
123,20,0,5,0.0119022233411669,0.2297016680240631,0.0534085668623447,0.2296689301729202,3.27378511428833e-05,0.0001425233496321,0.2499999850988388,0.4414360523223877,True
123,20,1,5,0.0117060709744691,0.2296713441610336,0.0421629287302494,0.2296713441610336,0.0,0.0,0.25,0.25,False
123,20,2,5,0.0114033455029129,0.229642316699028,0.0314435735344886,0.229642316699028,0.0,0.0,0.5,0.5,False
123,20,3,5,0.0111138420179486,0.229683443903923,0.020892821252346,0.2296704947948455,1.2949109077453612e-05,5.637806912574093e-05,0.25,0.4999999701976776,True
123,20,4,5,0.0109940553084015,0.229648619890213,0.0109940553084015,0.229648619890213,0.0,0.0,0.4999999701976776,0.4999999701976776,False
123,21,0,5,0.0070930058136582,0.5084385871887207,0.0325944721698761,0.5084385871887207,0.0,0.0,1.4275834560394287,1.4275834560394287,False
123,21,1,5,0.0071579869836568,0.5084404945373535,0.0263176411390304,0.5084404945373535,0.0,0.0,1.2946014404296875,1.2946014404296875,False
123,21,2,5,0.0071437861770391,0.5084793567657471,0.0199314206838607,0.5084793567657471,0.0,0.0,1.1847416162490845,1.1847416162490845,False
123,21,3,5,0.0071576354093849,0.5084983110427856,0.0135569013655185,0.5084983110427856,0.0,0.0,1.0867161750793457,1.0867161750793457,False
123,21,4,5,0.0071739694103598,0.5085118412971497,0.0071739694103598,0.5085118412971497,0.0,0.0,1.174397587776184,1.174397587776184,False
123,22,0,5,0.0121303685009479,0.2404942214488983,0.0552298985421657,0.2404942214488983,0.0,0.0,0.2499999850988388,0.2499999850988388,False
123,22,1,5,0.0119770178571343,0.2404897809028625,0.0439510643482208,0.2404626905918121,2.709031105041504e-05,0.0001126464124534,0.5,0.5,True
123,22,2,5,0.0116946315392851,0.2405254542827606,0.0326410233974456,0.2405020594596862,2.339482307434082e-05,9.726547713672738e-05,0.5,0.4999999701976776,True
123,22,3,5,0.0115650258958339,0.240475982427597,0.0219009332358837,0.240475982427597,0.0,0.0,0.4999999701976776,0.4999999701976776,False
123,22,4,5,0.0112940818071365,0.2404948621988296,0.0112940818071365,0.2404948621988296,0.0,0.0,0.2407850325107574,0.2407850325107574,False
123,23,0,5,0.0104243885725736,0.2978308796882629,0.0509556010365486,0.2978299558162689,9.238719940185548e-07,3.102002032111525e-06,0.2499168515205383,0.5,True
123,23,1,5,0.0105258394032716,0.2978186309337616,0.0408859811723232,0.2978186309337616,0.0,0.0,0.5,0.5,False
123,23,2,5,0.010519353672862,0.2978190183639526,0.030741237103939,0.2978190183639526,0.0,0.0,0.4986365735530853,0.4986365735530853,False
123,23,3,5,0.0105352792888879,0.2978108823299408,0.0206273980438709,0.2978108823299408,0.0,0.0,0.2499999850988388,0.2499999850988388,False
123,23,4,5,0.0105189988389611,0.2978098094463348,0.0105189988389611,0.2978098094463348,0.0,0.0,0.5053156018257141,0.5053156018257141,False
2026,0,0,5,0.0128854624927043,0.2109503298997879,0.0478219427168369,0.2109503298997879,0.0,0.0,0.4990366399288177,0.4990366399288177,False
2026,0,1,5,0.0123090054839849,0.2108795046806335,0.0371258296072483,0.2108795046806335,0.0,0.0,0.4738171696662903,0.4738171696662903,False
2026,0,2,5,0.0118397753685712,0.2108432352542877,0.0271569937467575,0.2108432352542877,0.0,0.0,0.25,0.25,False
2026,0,3,5,0.011179725639522,0.2108035385608673,0.0182341877371072,0.2108035385608673,0.0,0.0,0.4999999701976776,0.4999999701976776,False
2026,0,4,5,0.0104922289028763,0.2107580751180648,0.0104922289028763,0.2107580751180648,0.0,0.0,0.5,0.5,False
2026,1,0,5,0.0093670999631285,0.3435264527797699,0.037333995103836,0.3435264527797699,0.0,0.0,0.5081462264060974,0.5081462264060974,False
2026,1,1,5,0.0086828432977199,0.3437710106372833,0.0294553823769092,0.3437710106372833,0.0,0.0,0.5217434763908386,0.5217434763908386,False
2026,1,2,5,0.0084239998832345,0.3438425660133362,0.0221271812915802,0.3438425660133362,0.0,0.0,0.27918341755867,0.27918341755867,False
2026,1,3,5,0.0087399231269955,0.3436972200870514,0.0155251529067754,0.3436972200870514,0.0,0.0,0.5178144574165344,0.5178144574165344,False
2026,1,4,5,0.0087427590042352,0.3436578214168548,0.0087427590042352,0.3436578214168548,0.0,0.0,0.5818105340003967,0.5818105340003967,False
2026,2,0,5,0.0042046015150845,0.2874340415000915,0.0056516942568123,0.2874340415000915,0.0,0.0,0.2499999701976776,0.2499999701976776,False
2026,2,1,5,0.0035119212698191,0.287437379360199,0.0038134108763188,0.287437379360199,0.0,0.0,0.4928155541419983,0.4928155541419983,False
2026,2,2,5,0.0030679018236696,0.287394642829895,0.0027921460568904,0.287394642829895,0.0,0.0,0.4916129410266876,0.4916129410266876,False
2026,2,3,5,0.0030097775161266,0.2872617244720459,0.0026763707865029,0.2872617244720459,0.0,0.0,0.4902993738651275,0.4902993738651275,False
2026,2,4,5,0.0021289349533617,0.2873962223529815,0.0021289349533617,0.2873962223529815,0.0,0.0,0.5056896209716797,0.5056896209716797,False
2026,3,0,5,0.0158359874039888,0.2052930295467376,0.0645981580018997,0.2052851915359497,7.838010787963867e-06,3.817962453605587e-05,0.5,0.5,True
2026,3,1,5,0.0144959278404712,0.2053321599960327,0.0489783138036727,0.2052972912788391,3.486871719360352e-05,0.0001698161515189,0.25,0.1000000163912773,True
2026,3,2,5,0.0131418369710445,0.2053149491548538,0.0346087627112865,0.2052883505821228,2.6598572731018063e-05,0.0001295501026131,0.5000000596046448,0.4999999403953552,True
2026,3,3,5,0.0116160213947296,0.2052807062864303,0.0216359607875347,0.2052692025899887,1.150369644165039e-05,5.603885844780347e-05,0.25,0.4999999701976776,True
2026,3,4,5,0.010145572014153,0.2052554190158844,0.010145572014153,0.2052554190158844,0.0,0.0,0.4799441695213318,0.4799441695213318,False
2026,4,0,5,0.0053392881527543,0.2928130626678467,0.0085241785272955,0.2928130626678467,0.0,0.0,0.5,0.5,False
2026,4,1,5,0.0040207034908235,0.293020635843277,0.0056084813550114,0.293020635843277,0.0,0.0,0.5,0.5,False
2026,4,2,5,0.0033623385243117,0.2930305004119873,0.0040071480907499,0.2930305004119873,0.0,0.0,0.5,0.5,False
2026,4,3,5,0.0018387751188129,0.2933458983898163,0.0019445236539468,0.2933458983898163,0.0,0.0,0.2506397068500519,0.2506397068500519,False
2026,4,4,5,0.0022421486210078,0.293112576007843,0.0022421486210078,0.293112576007843,0.0,0.0,0.4950782358646393,0.4950782358646393,False
2026,5,0,5,0.0065663964487612,0.4573269784450531,0.031869038939476,0.4573269784450531,0.0,0.0,2.208823204040528,2.208823204040528,False
2026,5,1,5,0.0065964763052761,0.4573303461074829,0.025592116639018,0.4573303461074829,0.0,0.0,2.0880630016326904,2.0880630016326904,False
2026,5,2,5,0.0066279787570238,0.4573274552822113,0.0192997939884662,0.4573274552822113,0.0,0.0,2.0164926052093506,2.0164926052093506,False
2026,5,3,5,0.0066398200578987,0.4573307633399963,0.0129766762256622,0.4573307633399963,0.0,0.0,1.94378924369812,1.94378924369812,False
2026,5,4,5,0.0066548599861562,0.4573295414447784,0.0066548599861562,0.4573295414447784,0.0,0.0,1.979339957237244,1.979339957237244,False
2026,6,0,5,0.0083652446046471,0.3291407227516174,0.0296769440174102,0.3291407227516174,0.0,0.0,0.5263554453849792,0.5263554453849792,False
2026,6,1,5,0.0086813056841492,0.3289840221405029,0.0243369173258543,0.3289840221405029,0.0,0.0,0.4976041913032532,0.4976041913032532,False
2026,6,2,5,0.0081311492249369,0.3291158974170685,0.0183364693075418,0.3291158974170685,0.0,0.0,0.5011188983917236,0.5011188983917236,False
2026,6,3,5,0.0089272037148475,0.3287948966026306,0.013942870311439,0.3287948966026306,0.0,0.0,0.5050090551376343,0.5050090551376343,False
2026,6,4,5,0.0070601198822259,0.3293662369251251,0.0070601198822259,0.3293662369251251,0.0,0.0,0.539092481136322,0.539092481136322,False
2026,7,0,5,0.0142905404791235,0.2060558050870895,0.0588256828486919,0.2059947252273559,6.107985973358154e-05,0.0002964238726871,0.4787130057811737,0.2500000298023224,True
2026,7,1,5,0.0136525742709636,0.205951303243637,0.0453037321567535,0.205951303243637,0.0,0.0,0.4823389053344726,0.4823389053344726,False
2026,7,2,5,0.012807784602046,0.2059208303689956,0.0326356627047061,0.2059208303689956,0.0,0.0,0.5,0.5,False
2026,7,3,5,0.0118720503523945,0.2058815062046051,0.0211275704205036,0.2058815062046051,0.0,0.0,0.4718682765960693,0.4718682765960693,False
2026,7,4,5,0.0108944047242403,0.2058449685573578,0.0108944047242403,0.2058449685573578,0.0,0.0,0.2500000298023224,0.2500000298023224,False
2026,8,0,5,0.0567504279315471,0.2500036060810089,0.1192124038934707,0.2497307658195495,0.0002728402614593,0.0010913453039191,0.4999999701976776,0.25,True
2026,8,1,5,0.0529101677238941,0.2497158050537109,0.0919898226857185,0.2497158050537109,0.0,0.0,0.5,0.5,False
2026,8,2,5,0.0389456190168857,0.2494985908269882,0.0671056732535362,0.2494985908269882,0.0,0.0,0.5,0.5,False
2026,8,3,5,0.0333236083388328,0.2495570480823516,0.0434243381023407,0.249546617269516,1.043081283569336e-05,4.179730813393529e-05,0.25,0.25,True
2026,8,4,5,0.0239416137337684,0.2492561191320419,0.0239416137337684,0.2492561191320419,0.0,0.0,0.491771250963211,0.491771250963211,False
2026,9,0,5,0.0085892444476485,0.3319730162620544,0.0313754305243492,0.3319730162620544,0.0,0.0,0.5007840394973755,0.5007840394973755,False
2026,9,1,5,0.0084042539820075,0.3319763243198395,0.0252458862960338,0.3319763243198395,0.0,0.0,0.5089230537414551,0.5089230537414551,False
2026,9,2,5,0.0084236431866884,0.3319311439990997,0.0194370783865451,0.3319311439990997,0.0,0.0,0.4889004230499267,0.4889004230499267,False
2026,9,3,5,0.0074947993271052,0.3321996033191681,0.0128799956291913,0.3321996033191681,0.0,0.0,0.5061019659042358,0.5061019659042358,False
2026,9,4,5,0.0075582116842269,0.3321245312690735,0.0075582116842269,0.3321245312690735,0.0,0.0,0.5508155822753906,0.5508155822753906,False
2026,10,0,5,0.0072243432514369,0.2420542538166046,0.0133844064548611,0.2420542538166046,0.0,0.0,0.4999999701976776,0.4999999701976776,False
2026,10,1,5,0.0072308513335883,0.2418542206287384,0.0110639175400137,0.2418542206287384,0.0,0.0,0.5,0.5,False
2026,10,2,5,0.0072217378765344,0.2417628169059753,0.0090922731906175,0.2417628169059753,0.0,0.0,0.5,0.5,False
2026,10,3,5,0.0066904351115226,0.2418456673622131,0.0071608731523156,0.2418456673622131,0.0,0.0,0.5,0.5,False
2026,10,4,5,0.005640257615596,0.2420028895139694,0.005640257615596,0.2420028895139694,0.0,0.0,0.500866711139679,0.500866711139679,False
2026,11,0,5,0.0067873587831854,0.4386956989765167,0.03398297727108,0.4386956989765167,0.0,0.0,1.8494871854782104,1.8494871854782104,False
2026,11,1,5,0.0068216957151889,0.4386972188949585,0.0272409617900848,0.4386972188949585,0.0,0.0,1.7688080072402954,1.7688080072402954,False
2026,11,2,5,0.0068472702987492,0.4386959969997406,0.0204686410725116,0.4386959969997406,0.0,0.0,1.6503952741622925,1.6503952741622925,False
2026,11,3,5,0.0068557946942746,0.438698261976242,0.0136670712381601,0.4386982023715973,5.960464477539065e-08,1.3586706386044116e-07,1.657553791999817,1.6593769788742063,True
2026,11,4,5,0.0068765133619308,0.4386913478374481,0.0068765133619308,0.4386913478374481,0.0,0.0,1.695830464363098,1.695830464363098,False
2026,12,0,5,0.01455984916538,0.2304051965475082,0.0386383049190044,0.2304051965475082,0.0,0.0,0.5,0.5,False
2026,12,1,5,0.0144033087417483,0.2302197813987732,0.0289647988975048,0.2302197813987732,0.0,0.0,0.4999999701976776,0.4999999701976776,False
2026,12,2,5,0.0110520049929618,0.2303183674812317,0.0194423738867044,0.2303183674812317,0.0,0.0,0.5,0.5,False
2026,12,3,5,0.0081745581701397,0.2303672730922699,0.0116072176024317,0.2303672730922699,0.0,0.0,0.4999999701976776,0.4999999701976776,False
2026,12,4,5,0.005232953466475,0.2304389923810959,0.005232953466475,0.2304389923810959,0.0,0.0,0.4999999701976776,0.4999999701976776,False
2026,13,0,5,0.0159623529762029,0.2059506773948669,0.0641279369592666,0.2059506773948669,0.0,0.0,0.458699882030487,0.458699882030487,False
2026,13,1,5,0.0146331526339054,0.2059800773859024,0.0484998188912868,0.2059675008058548,1.2576580047607422e-05,6.105726440739837e-05,0.5,0.4999999403953552,True
2026,13,2,5,0.0130710154771804,0.2059727013111114,0.0341382473707199,0.2059727013111114,0.0,0.0,0.5,0.5,False
2026,13,3,5,0.0115064289420843,0.2059681713581085,0.0212224796414375,0.2059681713581085,0.0,0.0,0.5,0.5,False
2026,13,4,5,0.0098018767312169,0.2059756219387054,0.0098018767312169,0.2059756219387054,0.0,0.0,0.25,0.25,False
2026,14,0,5,0.0276591461151838,0.2510608732700348,0.0494906716048717,0.2510608732700348,0.0,0.0,0.4930764734745025,0.4930764734745025,False
2026,14,1,5,0.0234483536332845,0.2511013746261596,0.0372150652110576,0.2511013746261596,0.0,0.0,0.4999999701976776,0.4999999701976776,False
2026,14,2,5,0.014994372613728,0.2514432370662689,0.0250424966216087,0.2514432370662689,0.0,0.0,0.4999999701976776,0.4999999701976776,False
2026,14,3,5,0.0141598358750343,0.2511084675788879,0.0170092787593603,0.2511084675788879,0.0,0.0,0.4999999701976776,0.4999999701976776,False
2026,14,4,5,0.0092698065564036,0.2510818839073181,0.0092698065564036,0.2510818839073181,0.0,0.0,0.5,0.5,False
2026,15,0,5,0.035123698413372,0.2519273161888122,0.0652884468436241,0.2519273161888122,0.0,0.0,0.4904696047306061,0.4904696047306061,False
2026,15,1,5,0.0263909697532653,0.2519249618053436,0.0493937879800796,0.2519049942493438,1.996755599975586e-05,7.925993461173693e-05,0.5,0.5,True
2026,15,2,5,0.0249180030077695,0.251762717962265,0.0354141741991043,0.251762717962265,0.0,0.0,0.5,0.5,False
2026,15,3,5,0.0190852656960487,0.2516355812549591,0.0230882726609706,0.2516355812549591,0.0,0.0,0.5,0.5,False
2026,15,4,5,0.0115631511434912,0.2517803609371185,0.0115631511434912,0.2517803609371185,0.0,0.0,0.5,0.5,False
2026,16,0,5,0.0084321517497301,0.3205425441265106,0.0249588321894407,0.3205425441265106,0.0,0.0,0.4874912202358246,0.4874912202358246,False
2026,16,1,5,0.0070612924173474,0.3209036886692047,0.018944676965475,0.3209036886692047,0.0,0.0,0.5030564665794373,0.5030564665794373,False
2026,16,2,5,0.0073990705423057,0.3207128942012787,0.0150275714695453,0.3207075595855713,5.334615707397461e-06,1.66336178053679e-05,0.4775658249855041,0.4910783767700195,True
2026,16,3,5,0.0071633257903158,0.3207052946090698,0.0108518982306122,0.3207052946090698,0.0,0.0,0.4984524846076965,0.4984524846076965,False
2026,16,4,5,0.0066835042089223,0.3207976818084717,0.0066835042089223,0.3207976818084717,0.0,0.0,0.5159536004066467,0.5159536004066467,False
2026,17,0,5,0.0068460842594504,0.4355348944664001,0.0343675278127193,0.4355342090129852,6.854534149169922e-07,1.5738197412558232e-06,1.8092361688613887,1.7905367612838743,True
2026,17,1,5,0.006884325761348,0.435534119606018,0.0275479611009359,0.435534119606018,0.0,0.0,1.6961896419525146,1.6961896419525146,False
2026,17,2,5,0.006910964846611,0.4355320036411285,0.0206951275467872,0.4355320036411285,0.0,0.0,1.624130368232727,1.624130368232727,False
2026,17,3,5,0.0069184233434498,0.4355340301990509,0.0138109195977449,0.4355340301990509,0.0,0.0,1.62555992603302,1.62555992603302,False
2026,17,4,5,0.0069284858182072,0.4355310499668121,0.0069284858182072,0.4355310499668121,0.0,0.0,1.622270584106445,1.622270584106445,False
2026,18,0,5,0.0086490456014871,0.3659385442733764,0.040657740086317,0.3659385442733764,0.0,0.0,0.7521072626113892,0.7521072626113892,False
2026,18,1,5,0.0085388924926519,0.3659979999065399,0.0324932932853698,0.3659979999065399,0.0,0.0,0.5336732268333435,0.5336732268333435,False
2026,18,2,5,0.0087822284549474,0.3659051060676574,0.0247051548212766,0.3659051060676574,0.0,0.0,0.6431248188018799,0.6431248188018799,False
2026,18,3,5,0.0084955152124166,0.3659984767436981,0.0164172425866127,0.3659984767436981,0.0,0.0,0.5188408493995667,0.5188408493995667,False
2026,18,4,5,0.008651646785438,0.365917831659317,0.008651646785438,0.365917831659317,0.0,0.0,0.7294506430625916,0.7294506430625916,False
2026,19,0,5,0.1968020498752594,0.2583094537258148,0.5895459055900574,0.2536886036396026,0.0046208500862121,0.0178888152158651,0.4893030822277069,0.4896359443664551,True
2026,19,1,5,0.2007915526628494,0.2727598249912262,0.4725907742977142,0.2537217736244201,0.019038051366806,0.0697978573912724,0.5,0.4999999701976776,True
2026,19,2,5,0.1882748901844024,0.2595964074134826,0.3477510809898376,0.2537727057933807,0.0058237016201019,0.0224336757127227,0.4760121405124664,0.4813234508037567,True
2026,19,3,5,0.1532179117202758,0.2538617849349975,0.2210514992475509,0.2538617849349975,0.0,0.0,0.2416707575321197,0.2416707575321197,False
2026,19,4,5,0.1055847480893135,0.253789484500885,0.1055847480893135,0.253789484500885,0.0,0.0,0.4972137808799743,0.4972137808799743,False
2026,20,0,5,0.0132640888914465,0.2092180550098419,0.0514087490737438,0.2091490030288696,6.905198097229004e-05,0.0003300479060903,0.5,0.5,True
2026,20,1,5,0.0128080258145928,0.209075465798378,0.0398669019341468,0.209075465798378,0.0,0.0,0.5,0.5,False
2026,20,2,5,0.0122093800455331,0.2090596556663513,0.0290037188678979,0.2090469747781753,1.2680888175964355e-05,6.0656792605659e-05,0.5,0.492209643125534,True
2026,20,3,5,0.0113532319664955,0.2090431451797485,0.0190744940191507,0.2090431451797485,0.0,0.0,0.4999999701976776,0.4999999701976776,False
2026,20,4,5,0.0107907494530081,0.2089450508356094,0.0107907494530081,0.2089450508356094,0.0,0.0,0.4999999701976776,0.4999999701976776,False
2026,21,0,5,0.0065568038262426,0.4722520709037781,0.0303987227380275,0.4722520709037781,0.0,0.0,2.539290428161621,2.539290428161621,False
2026,21,1,5,0.0065871207043528,0.4722567200660705,0.0244825724512338,0.4722567200660705,0.0,0.0,2.386641502380371,2.386641502380371,False
2026,21,2,5,0.006613531615585,0.4722574949264526,0.0185509026050567,0.4722574949264526,0.0,0.0,2.2824299335479736,2.2824299335479736,False
2026,21,3,5,0.0066302292980253,0.472260445356369,0.0126001592725515,0.472260445356369,0.0,0.0,2.229243755340576,2.229243755340576,False
2026,21,4,5,0.0066518997773528,0.4722587168216705,0.0066518997773528,0.4722587168216705,0.0,0.0,2.237764835357666,2.237764835357666,False
2026,22,0,5,0.0118007836863398,0.2153727412223816,0.0402110368013381,0.2153619974851608,1.074373722076416e-05,4.988438722461535e-05,0.4831587374210357,0.25,True
2026,22,1,5,0.0114007368683815,0.2152988910675048,0.0313015393912792,0.2152988910675048,0.0,0.0,0.5,0.5,False
2026,22,2,5,0.0109212957322597,0.2152600735425949,0.0232091285288333,0.2152511328458786,8.940696716308594e-06,4.153439404330334e-05,0.5,0.5,True
2026,22,3,5,0.0105217210948467,0.2152030616998672,0.0161007791757583,0.2152030616998672,0.0,0.0,0.4994030594825744,0.4994030594825744,False
2026,22,4,5,0.0098095722496509,0.2152081280946731,0.0098095722496509,0.2152081280946731,0.0,0.0,0.5,0.5,False
2026,23,0,5,0.0030186499934643,0.2628015577793121,0.0027787217404693,0.2628015577793121,0.0,0.0,0.4999999403953552,0.4999999403953552,False
2026,23,1,5,0.0033411618787795,0.2625140249729156,0.0023627383634448,0.2625140249729156,0.0,0.0,0.5,0.5,False
2026,23,2,5,0.004465086851269,0.2620314359664917,0.0034179638605564,0.2620314359664917,0.0,0.0,0.5,0.5,False
2026,23,3,5,0.0031615009065717,0.2622876763343811,0.0023129323963075,0.2622876763343811,0.0,0.0,0.5000073909759521,0.5000073909759521,False
2026,23,4,5,0.0026287492364645,0.2623231709003448,0.0026287492364645,0.2623231709003448,0.0,0.0,0.5004922151565552,0.5004922151565552,False
42,0,0,10,0.0042585702612996,0.3273172378540039,0.014422689564526,0.3273172378540039,0.0,0.0,0.5,0.5,False
42,0,1,10,0.0031747103203088,0.3279871344566345,0.0091900955885648,0.3279871344566345,0.0,0.0,0.4999999701976776,0.4999999701976776,False
42,0,2,10,0.0026966587174683,0.3280809819698334,0.0064239809289574,0.3280107676982879,7.021427154541016e-05,0.000214015061537,0.5,0.2499999850988388,True
42,0,3,10,0.0023704972118139,0.3279345631599426,0.0044408468529582,0.3279345631599426,0.0,0.0,0.4999999701976776,0.4999999701976776,False
42,0,4,10,0.0019241835689172,0.3280712068080902,0.0023127079475671,0.3280712068080902,0.0,0.0,0.5,0.5,False
42,0,5,10,0.0012549340026453,0.3281871080398559,0.0007311622030101,0.3281871080398559,0.0,0.0,0.4999999701976776,0.4999999701976776,False
42,0,6,10,0.0008928073802962,0.3281474411487579,0.0001002292265184,0.3281474411487579,0.0,0.0,0.5,0.5,False
42,0,7,10,0.000283290981315,0.3283391296863556,-0.0007708551711402,0.3283391296863556,0.0,0.0,0.4999999701976776,0.4999999701976776,False
42,0,8,10,-0.000179039692739,0.328435331583023,-0.0009195251623168,0.328435331583023,0.0,0.0,0.5,0.5,False
42,0,9,10,-0.0002894514182116,0.3284032046794891,-0.0002894514182116,0.3284032046794891,0.0,0.0,0.4999999701976776,0.4999999701976776,False
42,1,0,10,0.0009559147874824,0.5024782419204712,0.001817024545744,0.5024755597114563,2.682209014892578e-06,5.337960514750209e-06,0.6083293557167053,0.6135782599449158,True
42,1,1,10,0.0007670170161873,0.5024958848953247,0.0010119298240169,0.5024958848953247,0.0,0.0,0.5716570019721985,0.5716570019721985,False
42,1,2,10,0.0006475318805314,0.50250244140625,0.0004034801095258,0.50250244140625,0.0,0.0,0.5962837338447571,0.5962837338447571,False
42,1,3,10,0.0006526390207,0.5024665594100952,1.6248959582298994e-05,0.5024665594100952,0.0,0.0,0.6402833461761475,0.6402833461761475,False
42,1,4,10,0.0005437412764877,0.5024659633636475,-0.0003186117100995,0.5024659633636475,0.0,0.0,0.6773253679275513,0.6773253679275513,False
42,1,5,10,0.0003361807612236,0.5024971961975098,-0.0005878193769603,0.5024971961975098,0.0,0.0,0.7280018925666809,0.7280018925666809,False
42,1,6,10,0.0003454728575889,0.5024293661117554,-0.0005327699473127,0.5024293661117554,0.0,0.0,0.7472308874130249,0.7472308874130249,False
42,1,7,10,0.0002102044381899,0.5024301409721375,-0.0004879742045886,0.5024301409721375,0.0,0.0,0.8389925360679626,0.8389925360679626,False
42,1,8,10,6.241269875317812e-05,0.5024386644363403,-0.0003349729813635,0.5024386644363403,0.0,0.0,0.9131642580032348,0.9131642580032348,False
42,1,9,10,9.473862519371323e-06,0.5024099946022034,9.473862519371323e-06,0.5024099946022034,0.0,0.0,1.0754549503326416,1.0754549503326416,False
42,2,0,10,0.0013356420677155,0.4398990273475647,0.0017689426895231,0.4398990273475647,0.0,0.0,0.5,0.5,False
42,2,1,10,0.001121568144299,0.4400378763675689,0.0003281711833551,0.4400355517864227,2.3245811462402344e-06,5.282684221252089e-06,0.4999999701976776,0.4999999701976776,True
42,2,2,10,0.0007950069848448,0.4401401281356811,-0.0006637191982008,0.4400987923145294,4.13358211517334e-05,9.391513863282852e-05,0.4605392515659332,0.4859738051891327,True
42,2,3,10,0.0005719984183087,0.4401596784591675,-0.0011105434969067,0.440025269985199,0.0001344084739685,0.0003053629865393,0.5,0.4945666790008545,True
42,2,4,10,0.0005913866916671,0.4401513338088989,-0.0017857676139101,0.4401513338088989,0.0,0.0,0.4990374743938446,0.4990374743938446,False
42,2,5,10,0.0003144752699881,0.4401595890522003,-0.0019734639208763,0.4401595890522003,0.0,0.0,0.5,0.5,False
42,2,6,10,-1.5617050621585804e-06,0.4401833713054657,-0.0019101279322057,0.4401498436927795,3.3527612686157227e-05,7.616737676101515e-05,0.4988197088241577,0.5022665858268738,True
42,2,7,10,0.0001010136766126,0.4400399327278137,-0.0014137309044599,0.4400399327278137,0.0,0.0,0.502633273601532,0.502633273601532,False
42,2,8,10,1.2327786862442736e-06,0.4399864375591278,-0.0008491945336572,0.4399864375591278,0.0,0.0,0.4937835335731506,0.4937835335731506,False
42,2,9,10,-0.0004079541831742,0.4400689601898193,-0.0004079541831742,0.4400689601898193,0.0,0.0,0.523000955581665,0.523000955581665,False
42,3,0,10,0.0074309697374701,0.2924168407917022,0.039456833153963,0.2924168407917022,0.0,0.0,0.4999999701976776,0.4999999701976776,False
42,3,1,10,0.0069266599602997,0.2929584980010986,0.0325011163949966,0.2927076816558838,0.0002508163452148,0.000856149751334,0.4999999701976776,0.5,True
42,3,2,10,0.0071680210530757,0.2922796010971069,0.0284716859459877,0.2922796010971069,0.0,0.0,0.5,0.5,False
42,3,3,10,0.0059231892228126,0.2928613126277923,0.021588435396552,0.2928613126277923,0.0,0.0,0.5,0.5,False
42,3,4,10,0.006085171829909,0.2925951480865478,0.0182385630905628,0.2925951480865478,0.0,0.0,0.5,0.5,False
42,3,5,10,0.0051457290537655,0.2929157316684723,0.013499298132956,0.2929157316684723,0.0,0.0,0.4999999701976776,0.4999999701976776,False
42,3,6,10,0.0044747162610292,0.2930668294429779,0.0099512599408626,0.2930668294429779,0.0,0.0,0.5,0.5,False
42,3,7,10,0.0041290670633316,0.2930878698825836,0.0073882024735212,0.2930878698825836,0.0,0.0,0.5,0.5,False
42,3,8,10,0.005370202474296,0.2926701009273529,0.00684309983626,0.2926701009273529,0.0,0.0,0.5,0.5,False
42,3,9,10,0.0031050730030983,0.2933016121387481,0.0031050730030983,0.2933016121387481,0.0,0.0,0.4999999701976776,0.4999999701976776,False
42,4,0,10,0.0011939561227336,0.4466719925403595,0.0016829930245876,0.4464150071144104,0.000256985425949,0.0005753336458091,0.4817094206809997,0.4999999701976776,True
42,4,1,10,0.0010404578642919,0.4467275142669678,0.0002790399594232,0.4465610980987549,0.0001664161682128,0.0003725227636492,0.5,0.5,True
42,4,2,10,0.0008235801942646,0.4467224776744842,-0.0003302181139588,0.4464736878871918,0.0002487897872924,0.0005569224736297,0.4929502606391907,0.5,True
42,4,3,10,0.0006354957004077,0.4466633200645447,-0.0012438917765393,0.4466222524642944,4.106760025024414e-05,9.194307749360237e-05,0.5,0.4821271598339081,True
42,4,4,10,0.0004063783271703,0.4466597735881805,-0.0016943825175985,0.4466597735881805,0.0,0.0,0.5,0.5,False
42,4,5,10,0.0003535737341735,0.4466372728347778,-0.0018001765711233,0.4466372728347778,0.0,0.0,0.5023939609527588,0.5023939609527588,False
42,4,6,10,0.0002729957341216,0.4465907216072082,-0.0016516982577741,0.4465907216072082,0.0,0.0,0.4969750642776489,0.4969750642776489,False
42,4,7,10,-2.6000980142271143e-05,0.4466195702552795,-0.0014759065816178,0.4466195702552795,0.0,0.0,0.5219378471374512,0.5219378471374512,False
42,4,8,10,-0.0001151129690697,0.4465630054473877,-0.0009219927596859,0.4465630054473877,0.0,0.0,0.4987898468971252,0.4987898468971252,False
42,4,9,10,-0.0002337914629606,0.4465256631374359,-0.0002337914629606,0.4465256631374359,0.0,0.0,0.492343932390213,0.492343932390213,False
42,5,0,10,0.0010454803705215,0.5928671956062317,0.0069974279031157,0.5928593873977661,7.808208465576172e-06,1.3170248790021094e-05,1.5503580570220947,1.5409942865371704,True
42,5,1,10,0.0011306253727525,0.5926324129104614,0.0065639223903417,0.5926324129104614,0.0,0.0,1.516411304473877,1.516411304473877,False
42,5,2,10,0.001121335895732,0.5925359129905701,0.0059817903675138,0.5924738645553589,6.204843521118164e-05,0.0001047167502439,1.51484215259552,1.53001868724823,True
42,5,3,10,0.0011858759680762,0.5923364162445068,0.0053364681079983,0.5923364162445068,0.0,0.0,1.5516613721847534,1.5516613721847534,False
42,5,4,10,0.0011437238426879,0.592256486415863,0.0046093831770122,0.592239260673523,1.722574234008789e-05,2.90849365691751e-05,1.595362901687622,1.621334671974182,True
42,5,5,10,0.0011681366013363,0.5921106934547424,0.0039373841136693,0.5921106934547424,0.0,0.0,1.7105867862701416,1.7105867862701416,False
42,5,6,10,0.0011284818174317,0.5920499563217163,0.0031633363105356,0.5920499563217163,0.0,0.0,1.8389958143234253,1.8389958143234253,False
42,5,7,10,0.0011187196942046,0.5919510722160339,0.0024729075375944,0.5919510722160339,0.0,0.0,2.008800983428955,2.008800983428955,False
42,5,8,10,0.0010984782129526,0.5918718576431274,0.0017728323582559,0.5918718576431274,0.0,0.0,2.213530778884888,2.213530778884888,False
42,5,9,10,0.0010641806293278,0.5918131470680237,0.0010641806293278,0.5918131470680237,0.0,0.0,2.437168836593628,2.437168836593628,False
42,6,0,10,0.0009754513739608,0.4874817430973053,0.001509912777692,0.4874817430973053,0.0,0.0,0.5499995946884155,0.5499995946884155,False
42,6,1,10,0.000793932180386,0.4875781536102295,0.0007342576282098,0.4874564111232757,0.0001217424869537,0.0002496881495864,0.5163759589195251,0.5150837302207947,True
42,6,2,10,0.0006935097044333,0.487565129995346,-0.0001169000461231,0.487565129995346,0.0,0.0,0.5187374949455261,0.5187374949455261,False
42,6,3,10,0.00057234975975,0.4875552654266357,-0.0005619369330815,0.4875541031360626,1.1622905731201172e-06,2.383915538483732e-06,0.5305831432342529,0.5728583931922913,True
42,6,4,10,0.0004566445713862,0.4875594675540924,-0.0008938860846683,0.4875594675540924,0.0,0.0,0.5901505351066589,0.5901505351066589,False
42,6,5,10,0.000385621067835,0.487519234418869,-0.0009802486747503,0.487519234418869,0.0,0.0,0.5795429944992065,0.5795429944992065,False
42,6,6,10,0.0003087591321673,0.4874764680862427,-0.00091460312251,0.4874764680862427,0.0,0.0,0.6254417896270752,0.6254417896270752,False
42,6,7,10,8.517773676430807e-05,0.4875043630599975,-0.0008486580336466,0.4875043630599975,0.0,0.0,0.70187908411026,0.70187908411026,False
42,6,8,10,-9.202936053043231e-05,0.4875217080116272,-0.0006216209731064,0.4875217080116272,0.0,0.0,0.7629568576812744,0.7629568576812744,False
42,6,9,10,8.146328764269128e-05,0.4873718023300171,8.146328764269128e-05,0.4873718023300171,0.0,0.0,0.8764368295669556,0.8764368295669556,False
42,7,0,10,0.0049923602491617,0.3112436234951019,0.0207711290568113,0.3112436234951019,0.0,0.0,0.5,0.5,False
42,7,1,10,0.0046088099479675,0.3112455904483795,0.0166757609695196,0.3112455904483795,0.0,0.0,0.485561192035675,0.485561192035675,False
42,7,2,10,0.0044027948752045,0.3111047148704529,0.0135650821030139,0.3111031353473663,1.5795230865478516e-06,5.077142875207085e-06,0.5,0.5,True
42,7,3,10,0.0053283390589058,0.3103923499584198,0.01281273458153,0.3103923499584198,0.0,0.0,0.5,0.5,False
42,7,4,10,0.0033150441013276,0.3112687170505523,0.0075206961482763,0.3112687170505523,0.0,0.0,0.4999999701976776,0.4999999701976776,False
42,7,5,10,0.0020914541091769,0.311876893043518,0.0039289174601435,0.3117856383323669,9.125471115112303e-05,0.0002925985001985,0.5,0.5,True
42,7,6,10,0.001910499529913,0.3116948008537292,0.0028241747058928,0.3116948008537292,0.0,0.0,0.5,0.5,False
42,7,7,10,0.0014029139420017,0.3118462264537811,0.0014465393032878,0.3118462264537811,0.0,0.0,0.5,0.5,False
42,7,8,10,0.0007043670630082,0.3120063245296478,0.0005124404560774,0.3120063245296478,0.0,0.0,0.4999999403953552,0.4999999403953552,False
42,7,9,10,0.0004451168060768,0.3120225369930267,0.0004451168060768,0.3120225369930267,0.0,0.0,0.467709869146347,0.467709869146347,False
42,8,0,10,0.0407422482967376,0.2149505019187927,0.2353578507900238,0.2149505019187927,0.0,0.0,0.4960737526416778,0.4960737526416778,False
42,8,1,10,0.0414921008050441,0.2168127596378326,0.1986292153596878,0.2168127596378326,0.0,0.0,0.5,0.5,False
42,8,2,10,0.0415496155619621,0.2152630686759948,0.184739202260971,0.213924765586853,0.0013383030891418,0.0062170584920732,0.5,0.494300901889801,True
42,8,3,10,0.0419848896563053,0.2171344012022018,0.152775302529335,0.2152536362409591,0.0018807649612426,0.0086617548892736,0.4978918135166168,0.4999999701976776,True
42,8,4,10,0.0422495789825916,0.2161126583814621,0.1316893100738525,0.21467025578022,0.001442402601242,0.0066743087241843,0.4999999403953552,0.5,True
42,8,5,10,0.0399026609957218,0.2175317555665969,0.0961485877633094,0.2175317555665969,0.0,0.0,0.5,0.5,False
42,8,6,10,0.037072118371725,0.2178088873624801,0.0857836455106735,0.2154086381196975,0.0024002492427825,0.0110199784400352,0.25,0.4999999701976776,True
42,8,7,10,0.0373146906495094,0.2169285714626312,0.0696345046162605,0.2151974290609359,0.0017311424016952,0.0079802415607271,0.4995682835578918,0.5,True
42,8,8,10,0.037939578294754,0.2163264155387878,0.0519780442118644,0.2159380167722702,0.0003883987665176,0.001795429215384,0.5,0.5,True
42,8,9,10,0.0411589778959751,0.215914249420166,0.0411589778959751,0.215914249420166,0.0,0.0,0.4998470842838287,0.4998470842838287,False
42,9,0,10,0.0009073218679986,0.490635871887207,0.0013932762667536,0.4906032681465149,3.260374069213867e-05,6.64520116858353e-05,0.5510653853416443,0.4817667305469513,True
42,9,1,10,0.0008699232712388,0.490560233592987,0.0006670598522759,0.490560233592987,0.0,0.0,0.4969922006130218,0.4969922006130218,False
42,9,2,10,0.000721018819604,0.4905947744846344,-2.2904365323483944e-05,0.4905947744846344,0.0,0.0,0.5103731751441956,0.5103731751441956,False
42,9,3,10,0.0005526895401999,0.4905990064144134,-0.0004952462622895,0.4905990064144134,0.0,0.0,0.5545439124107361,0.5545439124107361,False
42,9,4,10,0.0005132441292516,0.4905611872673034,-0.000740279268939,0.4905611872673034,0.0,0.0,0.5886178016662598,0.5886178016662598,False
42,9,5,10,0.0004123250255361,0.4905314445495605,-0.0008546262979507,0.4905314445495605,0.0,0.0,0.6541430354118347,0.6541430354118347,False
42,9,6,10,0.0002785040123853,0.4905175566673279,-0.0008583973394706,0.4905175566673279,0.0,0.0,0.6342400908470154,0.6342400908470154,False
42,9,7,10,0.0001568078587297,0.4905112385749817,-0.0007368350634351,0.4905112385749817,0.0,0.0,0.7102078199386597,0.7102078199386597,False
42,9,8,10,0.0001262957521248,0.4904560446739197,-0.0003795607190113,0.4904560446739197,0.0,0.0,0.8110182285308838,0.8110182285308838,False
42,9,9,10,-8.774200978223234e-05,0.4904966354370117,-8.774200978223234e-05,0.4904966354370117,0.0,0.0,0.8581220507621765,0.8581220507621765,False
42,10,0,10,0.0020914431661367,0.3840144276618957,0.0041884584352374,0.3840144276618957,0.0,0.0,0.4465323984622955,0.4465323984622955,False
42,10,1,10,0.0017111817141994,0.3842065632343292,0.0019421185133978,0.3842065632343292,0.0,0.0,0.5,0.5,False
42,10,2,10,0.0013939627679064,0.3846919536590576,0.0006190709536895,0.3841869831085205,0.0005049705505371,0.0013126621072627,0.4999999701976776,0.4999999701976776,True
42,10,3,10,0.0009631860884837,0.3845646977424621,-0.001006189500913,0.3844146728515625,0.0001500248908996,0.0003901161281323,0.5,0.5,True
42,10,4,10,0.0006353654898703,0.384683758020401,-0.0020156977698206,0.3845361769199371,0.0001475811004638,0.0003836426607229,0.4999999701976776,0.5,True
42,10,5,10,0.0004828715173061,0.3845838606357574,-0.0024792964104562,0.3845735788345337,1.0281801223754885e-05,2.6734874434818945e-05,0.5000000596046448,0.5,True
42,10,6,10,0.0001602705888217,0.3845660090446472,-0.0024979021400213,0.3845628798007965,3.129243850708008e-06,8.137078621383592e-06,0.5,0.4999999701976776,True
42,10,7,10,-0.0002091640490107,0.3845643699169159,-0.002092651091516,0.3845115303993225,5.283951759338379e-05,0.0001374009703623,0.4999999701976776,0.5,True
42,10,8,10,-0.0004846958036068,0.3845503628253937,-0.0016193008050322,0.3845503628253937,0.0,0.0,0.5,0.5,False
42,10,9,10,-0.0004431369889061,0.3844260573387146,-0.0004431369889061,0.3844260573387146,0.0,0.0,0.4930907487869262,0.4930907487869262,False
42,11,0,10,0.0007988259312696,0.5789289474487305,0.0062201241962611,0.5789289474487305,0.0,0.0,1.3733508586883545,1.3733508586883545,False
42,11,1,10,0.0008353946032002,0.5788476467132568,0.0056579951196908,0.5788476467132568,0.0,0.0,1.3654006719589231,1.3654006719589231,False
42,11,2,10,0.0008160941652022,0.5788220763206482,0.0050464384257793,0.5787902474403381,3.1828880310058594e-05,5.498905728057693e-05,1.3587284088134766,1.3406816720962524,True
42,11,3,10,0.0008540945709683,0.5787259936332703,0.0044343834742903,0.5787259936332703,0.0,0.0,1.367176532745361,1.367176532745361,False
42,11,4,10,0.0008646998903714,0.5786515474319458,0.0038364012725651,0.5786515474319458,0.0,0.0,1.427269697189331,1.427269697189331,False
42,11,5,10,0.0008830418810248,0.5785875916481018,0.0032278078142553,0.5785875916481018,0.0,0.0,1.5157301425933838,1.5157301425933838,False
42,11,6,10,0.0008343201479874,0.5785869359970093,0.0025266534648835,0.5785869359970093,0.0,0.0,1.6507689952850342,1.6507689952850342,False
42,11,7,10,0.0007814404089003,0.5785554647445679,0.0019023560453206,0.5785554647445679,0.0,0.0,1.8078978061676023,1.8078978061676023,False
42,11,8,10,0.0007892937283031,0.578511118888855,0.0013283060397952,0.578511118888855,0.0,0.0,1.9994800090789795,1.9994800090789795,False
42,11,9,10,0.0007626118604093,0.5784791707992554,0.0007626118604093,0.5784791707992554,0.0,0.0,2.2180280685424805,2.2180280685424805,False
42,12,0,10,0.0167853031307458,0.27808278799057,0.127485916018486,0.27808278799057,0.0,0.0,0.5,0.5,False
42,12,1,10,0.0213551446795463,0.2781896591186523,0.1155236735939979,0.277953028678894,0.0002366304397583,0.0008506083242201,0.4999999701976776,0.5,True
42,12,2,10,0.0185114778578281,0.2777168750762939,0.1034090742468833,0.2777168750762939,0.0,0.0,0.5,0.5,False
42,12,3,10,0.0205869376659393,0.2773822844028473,0.0922146216034889,0.2773822844028473,0.0,0.0,0.5,0.5,False
42,12,4,10,0.0203177202492952,0.2773487865924835,0.0797056183218956,0.2773487865924835,0.0,0.0,0.4999999701976776,0.4999999701976776,False
42,12,5,10,0.0227997880429029,0.2767259180545807,0.0695409104228019,0.2767259180545807,0.0,0.0,0.5,0.5,False
42,12,6,10,0.018783850595355,0.2779684066772461,0.0527545996010303,0.2779684066772461,0.0,0.0,0.5,0.5,False
42,12,7,10,0.0194605253636837,0.2777673900127411,0.0415711663663387,0.2777673900127411,0.0,0.0,0.5,0.5,False
42,12,8,10,0.024116763845086,0.2762215435504913,0.0356583371758461,0.2762215435504913,0.0,0.0,0.5,0.5,False
42,12,9,10,0.0225015543401241,0.2767825722694397,0.0225015543401241,0.2767825722694397,0.0,0.0,0.4874010682106018,0.4874010682106018,False
42,13,0,10,0.008834283798933,0.2894816994667053,0.0456030778586864,0.2894816994667053,0.0,0.0,0.4999999403953552,0.4999999403953552,False
42,13,1,10,0.0076162596233189,0.2903550863265991,0.0362546853721141,0.2903550863265991,0.0,0.0,0.4999999403953552,0.4999999403953552,False
42,13,2,10,0.0072133531793951,0.2904388308525085,0.0300662238150835,0.2904388308525085,0.0,0.0,0.2499999850988388,0.2499999850988388,False
42,13,3,10,0.0083795022219419,0.2895598113536834,0.0278021153062582,0.2895598113536834,0.0,0.0,0.5,0.5,False
42,13,4,10,0.0069196750409901,0.2901284694671631,0.02118431776762,0.2901284694671631,0.0,0.0,0.4999999701976776,0.4999999701976776,False
42,13,5,10,0.0060091014020144,0.2904952764511108,0.0158889777958393,0.2904952764511108,0.0,0.0,0.4999999701976776,0.4999999701976776,False
42,13,6,10,0.0056786816567182,0.2905150949954986,0.0124119678512215,0.2905150949954986,0.0,0.0,0.5,0.5,False
42,13,7,10,0.0059592090547084,0.2903628945350647,0.0100679313763976,0.2903628945350647,0.0,0.0,0.5,0.5,False
42,13,8,10,0.0065800766460597,0.2901522517204284,0.0084623666480183,0.2901522517204284,0.0,0.0,0.5,0.5,False
42,13,9,10,0.005956835579127,0.2903122007846832,0.005956835579127,0.2903122007846832,0.0,0.0,0.4999999701976776,0.4999999701976776,False
42,14,0,10,0.0408413484692573,0.2425846606492996,0.2344113141298294,0.2407452017068863,0.0018394589424133,0.0075827504405672,0.4436859786510467,0.4908838272094726,True
42,14,1,10,0.041245087981224,0.2415653467178344,0.2132954895496368,0.2397782206535339,0.0017871260643005,0.0073981060966829,0.4994540810585022,0.5,True
42,14,2,10,0.0423444733023643,0.2412842065095901,0.1816349178552627,0.2412842065095901,0.0,0.0,0.5,0.5,False
42,14,3,10,0.0405482500791549,0.243501991033554,0.1633849143981933,0.2397720664739608,0.0037299245595932,0.0153178400873084,0.25,0.4999999701976776,True
42,14,4,10,0.042885523289442,0.2418971806764602,0.1321856528520584,0.2418971806764602,0.0,0.0,0.5,0.5,False
42,14,5,10,0.036816369742155,0.244078129529953,0.1022902578115463,0.244078129529953,0.0,0.0,0.5,0.5,False
42,14,6,10,0.0420515574514865,0.2414352893829345,0.0940857082605362,0.2414352893829345,0.0,0.0,0.5,0.5,False
42,14,7,10,0.042401734739542,0.2416425943374633,0.0749953016638755,0.2416425943374633,0.0,0.0,0.5,0.5,False
42,14,8,10,0.0416940934956073,0.2420840263366699,0.0569452792406082,0.2420840263366699,0.0,0.0,0.4993017017841339,0.4993017017841339,False
42,14,9,10,0.0335400104522705,0.244399607181549,0.0335400104522705,0.244399607181549,0.0,0.0,0.4742458760738373,0.4742458760738373,False
42,15,0,10,0.0412911362946033,0.2311237603425979,0.2240732312202453,0.2310982197523117,2.5540590286254883e-05,0.0001105061212589,0.4999999701976776,0.4999999701976776,True
42,15,1,10,0.0407048501074314,0.2318399995565414,0.2131989449262619,0.2273854911327362,0.0044545084238052,0.0192137182208666,0.487506240606308,0.4999999403953552,True
42,15,2,10,0.0441736355423927,0.2299479842185974,0.1755788624286651,0.2299479842185974,0.0,0.0,0.4726754128932953,0.4726754128932953,False
42,15,3,10,0.044208999723196,0.2290231734514236,0.1544349044561386,0.2290231734514236,0.0,0.0,0.5,0.5,False
42,15,4,10,0.0445238500833511,0.2293437868356704,0.1302370280027389,0.2293437868356704,0.0,0.0,0.4999999701976776,0.4999999701976776,False
42,15,5,10,0.0434584021568298,0.2275684177875518,0.1170328110456466,0.2275684177875518,0.0,0.0,0.5,0.5,False
42,15,6,10,0.0384272411465644,0.2309596389532089,0.0831858962774276,0.2309596389532089,0.0,0.0,0.5,0.5,False
42,15,7,10,0.0446083955466747,0.2281433194875717,0.0776070356369018,0.2281433194875717,0.0,0.0,0.5,0.5,False
42,15,8,10,0.0356413982808589,0.2312511354684829,0.0483949594199657,0.2312511354684829,0.0,0.0,0.4854706823825836,0.4854706823825836,False
42,15,9,10,0.0413147844374179,0.2297311127185821,0.0413147844374179,0.2297311127185821,0.0,0.0,0.4866813421249389,0.4866813421249389,False
42,16,0,10,0.0009990270482376,0.4783594906330108,0.0014212664682418,0.4782558083534241,0.0001036822795867,0.0002167455263604,0.4780824780464172,0.4990501701831817,True
42,16,1,10,0.0008131098002195,0.4783816635608673,0.0003728278097696,0.4783399701118469,4.169344902038574e-05,8.715519886368061e-05,0.4921510517597198,0.4894414842128753,True
42,16,2,10,0.0006183219375088,0.4784661531448364,-0.000236101768678,0.4783184230327606,0.0001477301120758,0.0003087577064852,0.4770785868167877,0.4933337867259979,True
42,16,3,10,0.0005780607461929,0.4783818125724792,-0.0007806131034158,0.478349506855011,3.230571746826172e-05,6.753124098623023e-05,0.5296080708503723,0.5384271740913391,True
42,16,4,10,0.000543147791177,0.4783216714859009,-0.0010405802167952,0.4783216714859009,0.0,0.0,0.561597466468811,0.561597466468811,False
42,16,5,10,0.0003351013292558,0.4783378839492798,-0.0012281399685889,0.4783378839492798,0.0,0.0,0.5735675096511841,0.5735675096511841,False
42,16,6,10,0.0001496550830779,0.478344976902008,-0.0012389464536681,0.478344976902008,0.0,0.0,0.5994901061058044,0.5994901061058044,False
42,16,7,10,0.0001274953101528,0.4782688319683075,-0.0009204818634316,0.4782688319683075,0.0,0.0,0.6131270527839661,0.6131270527839661,False
42,16,8,10,-0.0001503866224084,0.4783296883106231,-0.000740451621823,0.4783296883106231,0.0,0.0,0.6713159084320068,0.6713159084320068,False
42,16,9,10,3.116118750767782e-05,0.4781752228736877,3.116118750767782e-05,0.4781752228736877,0.0,0.0,0.7923332452774048,0.7923332452774048,False
42,17,0,10,0.000838250038214,0.5765143036842346,0.0061296806670725,0.5765143036842346,0.0,0.0,1.3505240678787231,1.3505240678787231,False
42,17,1,10,0.0008182415622286,0.5764733552932739,0.0055021597072482,0.5764733552932739,0.0,0.0,1.312916278839111,1.312916278839111,False
42,17,2,10,0.0008438467630185,0.5764175057411194,0.0048978528939187,0.5764175057411194,0.0,0.0,1.3286247253417969,1.3286247253417969,False
42,17,3,10,0.0008214575937017,0.5763794779777527,0.0042789163999259,0.5763660073280334,1.347064971923828e-05,2.337114736718337e-05,1.3526254892349243,1.3459177017211914,True
42,17,4,10,0.000775714404881,0.5763648152351379,0.0036119590513408,0.5763429403305054,2.187490463256836e-05,3.795322693951073e-05,1.3798969984054563,1.396976113319397,True
42,17,5,10,0.0008336083847098,0.5762622356414795,0.0030556570272892,0.5762622356414795,0.0,0.0,1.4993836879730225,1.4993836879730225,False
42,17,6,10,0.000767019635532,0.5762594938278198,0.002383338054642,0.5762594938278198,0.0,0.0,1.617356538772583,1.617356538772583,False
42,17,7,10,0.0007796463905833,0.5762022137641907,0.0018306231359019,0.5762022137641907,0.0,0.0,1.7751185894012451,1.7751185894012451,False
42,17,8,10,0.0007555827032774,0.5761681795120239,0.0012667141854763,0.5761681795120239,0.0,0.0,1.961426019668579,1.961426019668579,False
42,17,9,10,0.0006652896990999,0.5761732459068298,0.0006652896990999,0.5761732459068298,0.0,0.0,2.161100387573242,2.161100387573242,False
42,18,0,10,0.000785356212873,0.5225582718849182,0.0026058163493871,0.5225459933280945,1.2278556823730469e-05,2.349700977737952e-05,0.6556707620620728,0.7667759656906128,True
42,18,1,10,0.0007822583429515,0.5224859714508057,0.0020152986980974,0.5224859714508057,0.0,0.0,0.7290112972259521,0.7290112972259521,False
42,18,2,10,0.0006802844582125,0.5224942564964294,0.0014165029861032,0.5224942564964294,0.0,0.0,0.7336772680282593,0.7336772680282593,False
42,18,3,10,0.0005947407335042,0.5225057005882263,0.0009125928627327,0.5225057005882263,0.0,0.0,0.7639111876487732,0.7639111876487732,False
42,18,4,10,0.0005355309112928,0.5224846005439758,0.0005597310373559,0.5224846005439758,0.0,0.0,0.8118544220924377,0.8118544220924377,False
42,18,5,10,0.000430447369581,0.5224819183349609,0.000266651622951,0.5224819183349609,0.0,0.0,0.8845184445381165,0.8845184445381165,False
42,18,6,10,0.0003917128487955,0.5224561095237732,0.0001161421387223,0.5224561095237732,0.0,0.0,0.9393233060836792,0.9393233060836792,False
42,18,7,10,0.0003017343115061,0.5224494338035583,2.8050431865267456e-05,0.5224494338035583,0.0,0.0,1.0518341064453125,1.0518341064453125,False
42,18,8,10,0.0001882767974166,0.5224583745002747,8.513641660101712e-06,0.5224583745002747,0.0,0.0,1.1800148487091064,1.1800148487091064,False
42,18,9,10,0.0002330869465367,0.5223888158798218,0.0002330869465367,0.5223888158798218,0.0,0.0,1.350369215011597,1.350369215011597,False
42,19,0,10,0.052626509219408,0.237754225730896,0.1959376633167266,0.2299050986766815,0.0078491270542144,0.0330136174450105,0.2671206891536712,0.2503393888473511,True
42,19,1,10,0.0516280345618724,0.2328269034624099,0.1323017328977584,0.2328269034624099,0.0,0.0,0.4642412066459656,0.4642412066459656,False
42,19,2,10,0.0471728965640068,0.2331390529870987,0.0826642885804176,0.2330713868141174,6.766617298126221e-05,0.0002902395463749,0.5,0.4589144289493561,True
42,19,3,10,0.0423286892473697,0.2343033999204635,0.0380005612969398,0.2336795926094055,0.000623807311058,0.0026623912041814,0.4763797521591186,0.4970978796482086,True
42,19,4,10,0.0357918888330459,0.2341678738594055,0.0025327038019895,0.2341678738594055,0.0,0.0,0.2500000298023224,0.2500000298023224,False
42,19,5,10,0.0308960266411304,0.2331610471010208,-0.0169796328991651,0.2331610471010208,0.0,0.0,0.25,0.25,False
42,19,6,10,0.0233388431370258,0.2327167838811874,-0.0261285305023193,0.2320490330457687,0.0006677508354187,0.0028693711913774,0.4899882674217224,0.4793926179409027,True
42,19,7,10,0.0182801205664873,0.2308665364980697,-0.0232746545225381,0.23052579164505,0.0003407448530197,0.001475938688163,0.4834570586681366,0.5,True
42,19,8,10,0.0170553736388683,0.2289745211601257,-0.0088318549096584,0.2289745211601257,0.0,0.0,0.4999999701976776,0.4999999701976776,False
42,19,9,10,0.0129494033753871,0.2276610881090164,0.0129494033753871,0.2276610881090164,0.0,0.0,0.4569462537765503,0.4569462537765503,False
42,20,0,10,0.0042307949624955,0.3227071166038513,0.0154515337198972,0.3225596249103546,0.0001474916934967,0.0004570450600807,0.498648077249527,0.4945354759693146,True
42,20,1,10,0.0037292628549039,0.3227393925189972,0.0114698717370629,0.3227393925189972,0.0,0.0,0.4999999701976776,0.4999999701976776,False
42,20,2,10,0.003728549927473,0.322190374135971,0.0102551579475402,0.322190374135971,0.0,0.0,0.4999999701976776,0.4999999701976776,False
42,20,3,10,0.0025325811002403,0.3229333758354187,0.0055294688791036,0.3229333758354187,0.0,0.0,0.5,0.5,False
42,20,4,10,0.002148910658434,0.3228540122509002,0.0038771003019064,0.3228540122509002,0.0,0.0,0.5,0.5,False
42,20,5,10,0.0018082906026393,0.3232081532478332,0.0020434446632862,0.3229947984218597,0.0002133548259735,0.0006601158536056,0.5,0.5,True
42,20,6,10,0.0008818480418995,0.3233730792999267,-2.9315007850527763e-05,0.3233730792999267,0.0,0.0,0.5,0.5,False
42,20,7,10,0.0002115407405653,0.3234953582286834,-0.0007619087118655,0.3234728574752807,2.250075340270996e-05,6.955510436351874e-05,0.5,0.5,True
42,20,8,10,0.0005057660746388,0.3232366740703583,-1.2014992535114288e-05,0.3232366740703583,0.0,0.0,0.5,0.5,False
42,20,9,10,-0.0003507466171868,0.3234806954860687,-0.0003507466171868,0.3234806954860687,0.0,0.0,0.2499999701976776,0.2499999701976776,False
42,21,0,10,0.001227188273333,0.6041471362113953,0.0074213347397744,0.6041471362113953,0.0,0.0,1.6888433694839478,1.6888433694839478,False
42,21,1,10,0.0012770774774253,0.603971004486084,0.0069559076800942,0.603971004486084,0.0,0.0,1.657206416130066,1.657206416130066,False
42,21,2,10,0.0012980306055396,0.6038575172424316,0.0063667241483926,0.603847324848175,1.0192394256591795e-05,1.687880661507082e-05,1.649100422859192,1.6680898666381836,True
42,21,3,10,0.0013495837338268,0.6036990284919739,0.0057853683829307,0.6036990284919739,0.0,0.0,1.704395055770874,1.704395055770874,False
42,21,4,10,0.0013466072268784,0.6036186814308167,0.0050838780589401,0.6036096811294556,9.000301361083984e-06,1.4910574569610216e-05,1.7657074928283691,1.773805856704712,True
42,21,5,10,0.0013470846461132,0.6035348176956177,0.0043641440570354,0.6035259962081909,8.821487426757812e-06,1.4616368713307236e-05,1.8820319175720213,1.872200846672058,True
42,21,6,10,0.0013464883668348,0.6034712791442871,0.0035964855924248,0.6034712791442871,0.0,0.0,2.019810199737549,2.019810199737549,False
42,21,7,10,0.0013404187047854,0.6034069657325745,0.0028518529143184,0.6034069657325745,0.0,0.0,2.193593263626098,2.193593263626098,False
42,21,8,10,0.0013139904476702,0.6033711433410645,0.0020716136787086,0.6033711433410645,0.0,0.0,2.397079944610596,2.397079944610596,False
42,21,9,10,0.0013174400664865,0.6033278107643127,0.0013174400664865,0.6033278107643127,0.0,0.0,2.6289186477661133,2.6289186477661133,False
42,22,0,10,0.0035251937806606,0.3380193412303924,0.0112527068704366,0.3380193412303924,0.0,0.0,0.5,0.5,False
42,22,1,10,0.0026992689818143,0.3388880491256714,0.0068114772439002,0.3385822176933288,0.0003058314323425,0.0009024556431882,0.4999999701976776,0.25,True
42,22,2,10,0.002420682227239,0.3386281430721283,0.0043650637380778,0.3386281430721283,0.0,0.0,0.5,0.5,False
42,22,3,10,0.0017558115068823,0.3386693000793457,0.0023794104345142,0.3386693000793457,0.0,0.0,0.5000000596046448,0.5000000596046448,False
42,22,4,10,0.0012430277420207,0.3387990891933441,0.0005983571172691,0.3387990891933441,0.0,0.0,0.5,0.5,False
42,22,5,10,0.0007146057905629,0.3390952050685882,-0.0006982581107877,0.3389172554016113,0.0001779496669769,0.0005247778922174,0.5,0.5,True
42,22,6,10,0.0002763585071079,0.3391742706298828,-0.0014996052486822,0.3390179276466369,0.0001563429832458,0.0004609517784338,0.5,0.5,True
42,22,7,10,-4.819089372176677e-05,0.3389486074447632,-0.0013627845328301,0.3389486074447632,0.0,0.0,0.4999999701976776,0.4999999701976776,False
42,22,8,10,-0.0003893512475769,0.3391005992889404,-0.0014695941936224,0.3391005992889404,0.0,0.0,0.5,0.5,False
42,22,9,10,-0.0006231506122276,0.3390546441078186,-0.0006231506122276,0.3390546441078186,0.0,0.0,0.5,0.5,False
42,23,0,10,0.0017079615499824,0.4102039933204651,0.002842929912731,0.4102039933204651,0.0,0.0,0.5,0.5,False
42,23,1,10,0.0013095581671223,0.4107520282268524,0.0010794859845191,0.4103482067584991,0.0004038214683532,0.0009831271438792,0.5,0.4999999701976776,True
42,23,2,10,0.0010278595145791,0.4101550579071045,0.0004640928236767,0.4101550579071045,0.0,0.0,0.4999999701976776,0.4999999701976776,False
42,23,3,10,0.0007041175849735,0.4106771647930145,-0.0013512227451428,0.410572350025177,0.0001048147678375,0.0002552242413827,0.4999999701976776,0.4999999701976776,True
42,23,4,10,0.0007357865688391,0.4106546938419342,-0.0018825327279046,0.4105780720710754,7.662177085876465e-05,0.0001865844272761,0.5,0.4999999701976776,True
42,23,5,10,0.0003633342857938,0.4106872081756592,-0.0023247133940458,0.4106585383415222,2.866983413696289e-05,6.98094159404649e-05,0.5,0.5,True
42,23,6,10,0.0001980360248126,0.4106245934963226,-0.0022252111230045,0.4106245934963226,0.0,0.0,0.4999999701976776,0.4999999701976776,False
42,23,7,10,-6.1947044741828e-05,0.4106055200099945,-0.0019022885244339,0.4106055200099945,0.0,0.0,0.4934214949607849,0.4934214949607849,False
42,23,8,10,-0.0002380852092755,0.4105487763881683,-0.0012399289989843,0.4105487763881683,0.0,0.0,0.4999999701976776,0.4999999701976776,False
42,23,9,10,-0.0003683865070343,0.4105011522769928,-0.0003683865070343,0.4105011522769928,0.0,0.0,0.4506734013557434,0.4506734013557434,False
123,0,0,10,0.0120898587629199,0.223341479897499,0.0972897857427597,0.2232210338115692,0.0001204460859298,0.0005392911607156,0.5,0.4831012487411499,True
123,0,1,10,0.0117342276498675,0.2234020978212356,0.0859104096889495,0.223233163356781,0.0001689344644546,0.0007561901437014,0.25,0.4999999701976776,True
123,0,2,10,0.011623241007328,0.2232371866703033,0.075048916041851,0.2232010662555694,3.612041473388672e-05,0.000161802857636,0.5,0.5,True
123,0,3,10,0.011379181407392,0.2232753634452819,0.0642604827880859,0.2232340723276138,4.1291117668151855e-05,0.0001849336040976,0.5,0.5,True
123,0,4,10,0.0111395437270402,0.2232162207365036,0.05410136282444,0.2232162207365036,0.0,0.0,0.5,0.5,False
123,0,5,10,0.0109724812209606,0.2232304364442825,0.0446657724678516,0.2231338173151016,9.66191291809082e-05,0.00043282238175,0.25,0.5,True
123,0,6,10,0.010734986513853,0.2232235670089721,0.0351325497031211,0.2231763452291488,4.722177982330322e-05,0.0002115447775341,0.2499999850988388,0.4999999701976776,True
123,0,7,10,0.010566440410912,0.2231940776109695,0.0262303967028856,0.2231865227222442,7.554888725280762e-06,3.3848965914091324e-05,0.5,0.2499999850988388,True
123,0,8,10,0.0102782314643263,0.2232054471969604,0.017885472625494,0.2231854349374771,2.00122594833374e-05,8.96584726522298e-05,0.4521472156047821,0.5,True
123,0,9,10,0.0104228798300027,0.2231048047542572,0.0104228798300027,0.2231048047542572,0.0,0.0,0.4999170303344726,0.4999170303344726,False
123,1,0,10,0.0083399694412946,0.3721323907375335,0.0861221179366111,0.3721323907375335,0.0,0.0,0.6016538739204407,0.6016538739204407,False
123,1,1,10,0.00849115755409,0.3721111714839935,0.0778985768556594,0.3721111714839935,0.0,0.0,0.4025425314903259,0.4025425314903259,False
123,1,2,10,0.008605689741671,0.3720925152301788,0.0695735961198806,0.3720925152301788,0.0,0.0,0.5655604600906372,0.5655604600906372,False
123,1,3,10,0.008599542081356,0.3721303343772888,0.0610121190547943,0.3721303343772888,0.0,0.0,0.3309644758701324,0.3309644758701324,False
123,1,4,10,0.0086465794593095,0.3721393048763275,0.0524515733122825,0.3721393048763275,0.0,0.0,0.4961252212524414,0.4961252212524414,False
123,1,5,10,0.0087733836844563,0.3721080720424652,0.0439303740859031,0.3721080720424652,0.0,0.0,0.5228335857391357,0.5228335857391357,False
123,1,6,10,0.0087564876303076,0.3721344769001007,0.0351936221122741,0.3721344769001007,0.0,0.0,0.499757707118988,0.499757707118988,False
123,1,7,10,0.0088562164455652,0.37211674451828,0.026521386578679,0.37211674451828,0.0,0.0,0.510841429233551,0.510841429233551,False
123,1,8,10,0.0089073767885565,0.3721152544021606,0.0177575685083866,0.3721152544021606,0.0,0.0,0.4809998869895935,0.4809998869895935,False
123,1,9,10,0.0089145852252841,0.3721272051334381,0.0089145852252841,0.3721272051334381,0.0,0.0,0.5291218757629395,0.5291218757629395,False
123,2,0,10,0.0094860605895519,0.3097290694713592,0.0958905220031738,0.3097290694713592,0.0,0.0,0.2538791596889496,0.2538791596889496,False
123,2,1,10,0.0095931552350521,0.3097359836101532,0.0865321159362793,0.3097335696220398,2.4139881134033203e-06,7.793696054513536e-06,0.5005295872688293,0.5002546310424805,True
123,2,2,10,0.0096822949126362,0.3097332417964935,0.0771236270666122,0.3097245097160339,8.732080459594727e-06,2.819226121467464e-05,0.25,0.5,True
123,2,3,10,0.0097305811941623,0.3097369074821472,0.0676177218556404,0.3097229599952698,1.3947486877441406e-05,4.503010955594732e-05,0.5,0.2482939809560775,True
123,2,4,10,0.009847211651504,0.3097115457057953,0.0580891333520412,0.3097115457057953,0.0,0.0,0.5,0.5,False
123,2,5,10,0.0098711736500263,0.3097147643566131,0.0484741292893886,0.3097147643566131,0.0,0.0,0.25,0.25,False
123,2,6,10,0.0098969051614403,0.3097205758094787,0.0388499274849891,0.3097132444381714,7.331371307373047e-06,2.3670921081726453e-05,0.4972990155220032,0.4632214903831482,True
123,2,7,10,0.0099052870646119,0.309715986251831,0.0291996225714683,0.309715986251831,0.0,0.0,0.2528708577156067,0.2528708577156067,False
123,2,8,10,0.0099752778187394,0.3096984922885895,0.019612705335021,0.3096984922885895,0.0,0.0,0.507581889629364,0.507581889629364,False
123,2,9,10,0.0099817691370844,0.3096967935562134,0.0099817691370844,0.3096967935562134,0.0,0.0,0.4674547016620636,0.4674547016620636,False
123,3,0,10,0.0099770845845341,0.2070586383342743,0.0644415989518165,0.2060770690441131,0.0009815692901611,0.0047405377435955,0.5,0.5,True
123,3,1,10,0.0094866883009672,0.2069498300552368,0.0557978339493274,0.205918475985527,0.0010313540697097,0.0049835946684976,0.5,0.4999999701976776,True
123,3,2,10,0.0091786831617355,0.206614464521408,0.0467238426208496,0.2060041725635528,0.0006102919578552,0.0029537716987475,0.4999999701976776,0.5,True
123,3,3,10,0.0086435759440064,0.2065825164318084,0.0382434129714965,0.2061312347650528,0.0004512816667556,0.0021845104539843,0.5,0.5,True
123,3,4,10,0.0084510361775755,0.2063801139593124,0.0308603998273611,0.2062020897865295,0.0001780241727828,0.0008626033262971,0.4999999701976776,0.5,True
123,3,5,10,0.0082839978858828,0.2064662277698516,0.0254184231162071,0.2060479074716568,0.0004183202981948,0.0020260955155396,0.5,0.4999999701976776,True
123,3,6,10,0.0078672831878066,0.2064974009990692,0.0179175678640604,0.2064974009990692,0.0,0.0,0.5,0.5,False
123,3,7,10,0.0086436867713928,0.2061519771814346,0.015150336548686,0.2061519771814346,0.0,0.0,0.5,0.5,False
123,3,8,10,0.0087280673906207,0.2061723619699478,0.0114977089688181,0.2061723619699478,0.0,0.0,0.4802651107311249,0.4802651107311249,False
123,3,9,10,0.0069175567477941,0.20656718313694,0.0069175567477941,0.20656718313694,0.0,0.0,0.5,0.5,False
123,4,0,10,0.0093079721555113,0.3158641755580902,0.094691053032875,0.3158641755580902,0.0,0.0,0.2587150037288666,0.2587150037288666,False
123,4,1,10,0.0094553548842668,0.3158509135246277,0.0855341255664825,0.3158509135246277,0.0,0.0,0.5,0.5,False
123,4,2,10,0.0095219546929001,0.3158483803272247,0.0762440934777259,0.3158483803272247,0.0,0.0,0.251443862915039,0.251443862915039,False
123,4,3,10,0.0095707196742296,0.3158614337444305,0.066825583577156,0.3158614337444305,0.0,0.0,0.2488162070512771,0.2488162070512771,False
123,4,4,10,0.0097146406769752,0.3158295154571533,0.0574875771999359,0.3158295154571533,0.0,0.0,0.4951116740703583,0.4951116740703583,False
123,4,5,10,0.009708265773952,0.3158454895019531,0.0479566603899002,0.3158438205718994,1.6689300537109375e-06,5.28400787468145e-06,0.4999999701976776,0.2464845925569534,True
123,4,6,10,0.0097482865676283,0.3158431351184845,0.038439892232418,0.3158431351184845,0.0,0.0,0.2499999701976776,0.2499999701976776,False
123,4,7,10,0.0097926743328571,0.3158332407474518,0.028930801898241,0.3158332407474518,0.0,0.0,0.5,0.5,False
123,4,8,10,0.0097888968884944,0.3158396780490875,0.0193581953644752,0.3158396780490875,0.0,0.0,0.2676992416381836,0.2676992416381836,False
123,4,9,10,0.0098194684833288,0.3158344328403473,0.0098194684833288,0.3158344328403473,0.0,0.0,0.2895729541778564,0.2895729541778564,False
123,5,0,10,0.0070780920796096,0.478115439414978,0.0680060014128685,0.478115439414978,0.0,0.0,1.3108783960342407,1.3108783960342407,False
123,5,1,10,0.0070980954915285,0.4781402945518493,0.0613933019340038,0.4781402945518493,0.0,0.0,1.2315809726715088,1.2315809726715088,False
123,5,2,10,0.0071311225183308,0.4781592190265655,0.0547474473714828,0.4781592190265655,0.0,0.0,1.1004992723464966,1.1004992723464966,False
123,5,3,10,0.0071856826543807,0.4781614542007446,0.0480951815843582,0.4781614542007446,0.0,0.0,1.1125047206878662,1.1125047206878662,False
123,5,4,10,0.0072591798380017,0.4781557917594909,0.0414205230772495,0.4781557917594909,0.0,0.0,1.0563188791275024,1.0563188791275024,False
123,5,5,10,0.0072054541669785,0.4782115221023559,0.0345820561051368,0.4782115221023559,0.0,0.0,0.9460227489471436,0.9460227489471436,False
123,5,6,10,0.007244627457112,0.4782180488109588,0.027814345434308,0.4782180488109588,0.0,0.0,0.923906683921814,0.923906683921814,False
123,5,7,10,0.007228534668684,0.4782502353191376,0.0209633074700832,0.4782502353191376,0.0,0.0,0.9854757189750672,0.9854757189750672,False
123,5,8,10,0.007310664281249,0.4782326221466064,0.0141895348206162,0.4782326221466064,0.0,0.0,1.0121030807495115,1.0121030807495115,False
123,5,9,10,0.0073132705874741,0.4782527387142181,0.0073132705874741,0.4782527387142181,0.0,0.0,1.0131789445877075,1.0131789445877075,False
123,6,0,10,0.0085083059966564,0.3564371764659881,0.0882715061306953,0.356431096792221,6.079673767089844e-06,1.705678915810281e-05,0.3651086390018463,0.3535958230495453,True
123,6,1,10,0.0086436355486512,0.3564189076423645,0.079814501106739,0.3564189076423645,0.0,0.0,0.3321063816547394,0.3321063816547394,False
123,6,2,10,0.0087405405938625,0.356413722038269,0.0712370425462722,0.356413722038269,0.0,0.0,0.5235176086425781,0.5235176086425781,False
123,6,3,10,0.0088186478242278,0.3564178347587585,0.0625440031290054,0.3564178347587585,0.0,0.0,0.5180560946464539,0.5180560946464539,False
123,6,4,10,0.0088817439973354,0.3564193844795227,0.0537841990590095,0.3564177453517914,1.6391277313232422e-06,4.598873694024391e-06,0.270260214805603,0.2749805748462677,True
123,6,5,10,0.0089469635859131,0.3564167022705078,0.0449585765600204,0.3564167022705078,0.0,0.0,0.4999999701976776,0.4999999701976776,False
123,6,6,10,0.0090043824166059,0.3564114868640899,0.0360845103859901,0.3564114868640899,0.0,0.0,0.4911338984966278,0.4911338984966278,False
123,6,7,10,0.0090308440849184,0.3564227819442749,0.0271123796701431,0.3564227819442749,0.0,0.0,0.2404991686344146,0.2404991686344146,False
123,6,8,10,0.0090812882408499,0.3564180731773376,0.0181404836475849,0.3564180731773376,0.0,0.0,0.2913702130317688,0.2913702130317688,False
123,6,9,10,0.0091199167072772,0.3564170598983764,0.0091199167072772,0.3564170598983764,0.0,0.0,0.5267313718795776,0.5267313718795776,False
123,7,0,10,0.0114642726257443,0.2147518247365951,0.0862196683883667,0.2144185900688171,0.000333234667778,0.0015517198430641,0.2499999850988388,0.5,True
123,7,1,10,0.0112778218463063,0.2145078629255294,0.0756573975086212,0.2143521159887313,0.000155746936798,0.0007260663300354,0.4977344572544098,0.4842959344387054,True
123,7,2,10,0.0108256805688142,0.2145466655492782,0.0652257427573204,0.2143625766038894,0.0001840889453887,0.0008580368514117,0.25,0.5,True
123,7,3,10,0.0106345051899552,0.2145021706819534,0.0555002950131893,0.2143363058567047,0.0001658648252487,0.0007732547634431,0.5,0.4999999701976776,True
123,7,4,10,0.0102582992985844,0.2144877165555954,0.0461334846913814,0.2143560498952865,0.0001316666603088,0.0006138657375034,0.2499999850988388,0.4999999701976776,True
123,7,5,10,0.0100127253681421,0.214497223496437,0.0376705899834632,0.2143116891384124,0.0001855343580245,0.000864973238349,0.5,0.4999999701976776,True
123,7,6,10,0.0098461844027042,0.2144065201282501,0.0295006148517131,0.2143400460481643,6.64740800857544e-05,0.000310037586758,0.5,0.2499999850988388,True
123,7,7,10,0.0097009809687733,0.2142889350652694,0.0223559457808733,0.2142889350652694,0.0,0.0,0.4649930596351623,0.4649930596351623,False
123,7,8,10,0.0096166841685771,0.2142966240644455,0.0156179098412394,0.2142948359251022,1.7881393432617188e-06,8.34422544483935e-06,0.4999999701976776,0.5,True
123,7,9,10,0.0096261305734515,0.2142882049083709,0.0096261305734515,0.2142882049083709,0.0,0.0,0.4999999701976776,0.4999999701976776,False
123,8,0,10,0.0722020715475082,0.2079797238111496,-0.0521268099546432,0.1821911036968231,0.0257886201143264,0.1239958378718838,0.4946443736553192,0.5,True
123,8,1,10,0.0501761250197887,0.2041218429803848,-0.0730054825544357,0.1827488988637924,0.0213729441165924,0.1047067957281095,0.5,0.5,True
123,8,2,10,0.0286840554326772,0.203632652759552,-0.0853152349591255,0.1826853603124618,0.0209472924470901,0.1028680428370422,0.4999999701976776,0.5,True
123,8,3,10,0.0103471465408802,0.1976630687713623,-0.0938517600297927,0.1830358654260635,0.0146272033452987,0.0740006893357408,0.5,0.5,True
123,8,4,10,-0.0042383521795272,0.1946478486061096,-0.0905919969081878,0.1824450641870498,0.0122027844190597,0.0626915966780263,0.25,0.4999999701976776,True
123,8,5,10,-0.0131440153345465,0.1899611204862594,-0.0901310071349144,0.1836411505937576,0.0063199698925018,0.033269807402294,0.4999999701976776,0.5,True
123,8,6,10,-0.0169784165918827,0.1874130815267563,-0.0715809911489486,0.1827893406152725,0.0046237409114837,0.0246713883247453,0.5000000596046448,0.5,True
123,8,7,10,-0.0152669176459312,0.185434803366661,-0.0541362725198268,0.1833272278308868,0.0021075755357742,0.0113655877834697,0.25,0.4999999701976776,True
123,8,8,10,-0.0070407623425126,0.182862788438797,-0.025452721863985,0.182862788438797,0.0,0.0,0.5,0.5,False
123,8,9,10,0.0056153750047087,0.1828462481498718,0.0056153750047087,0.1828462481498718,0.0,0.0,0.5,0.5,False
123,9,0,10,0.0084928208962082,0.3595528602600097,0.0878646746277809,0.3595510721206665,1.7881393432617188e-06,4.973230756580911e-06,0.3762447834014892,0.5673243999481201,True
123,9,1,10,0.0085708303377032,0.3595621883869171,0.0793859139084816,0.3595621883869171,0.0,0.0,0.5052829384803772,0.5052829384803772,False
123,9,2,10,0.0087200934067368,0.3595427572727203,0.070893794298172,0.3595422804355621,4.76837158203125e-07,1.3262321338917545e-06,0.3134433925151825,0.5280303359031677,True
123,9,3,10,0.0087857935577631,0.3595500290393829,0.0622360929846763,0.3595500290393829,0.0,0.0,0.5174551606178284,0.5174551606178284,False
123,9,4,10,0.0088075380772352,0.3595638275146484,0.0534830279648304,0.3595638275146484,0.0,0.0,0.2765109837055206,0.2765109837055206,False
123,9,5,10,0.0088798515498638,0.3595574498176574,0.0447169616818428,0.3595574498176574,0.0,0.0,0.2734317183494568,0.2734317183494568,False
123,9,6,10,0.0089412871748209,0.3595570921897888,0.0358738526701927,0.3595570921897888,0.0,0.0,0.5,0.5,False
123,9,7,10,0.0090127661824226,0.3595459461212158,0.0270086489617824,0.3595459461212158,0.0,0.0,0.512358546257019,0.512358546257019,False
123,9,8,10,0.0091196792200207,0.3595195114612579,0.0181398894637823,0.3595195114612579,0.0,0.0,0.5075425505638123,0.5075425505638123,False
123,9,9,10,0.0090582529082894,0.3595555126667022,0.0090582529082894,0.3595555126667022,0.0,0.0,0.3206817209720611,0.3206817209720611,False
123,10,0,10,0.0112668368965387,0.2615958154201507,0.1054442077875137,0.2615731358528137,2.2679567337036133e-05,8.669698060961079e-05,0.2476833313703537,0.4334437549114227,True
123,10,1,10,0.0113091534003615,0.2615893483161926,0.0946228429675102,0.2615770995616913,1.2248754501342772e-05,4.6824362613332615e-05,0.2486057877540588,0.25,True
123,10,2,10,0.0112803922966122,0.2616028785705566,0.0839017108082771,0.2615572214126587,4.565715789794922e-05,0.0001745284996381,0.4999999701976776,0.4999999701976776,True
123,10,3,10,0.0112899402156472,0.2615971267223358,0.0730941519141197,0.2615709900856018,2.613663673400879e-05,9.991178825809778e-05,0.5,0.4999999701976776,True
123,10,4,10,0.0113057354465126,0.2615670263767242,0.0624489933252334,0.2615607380867004,6.288290023803711e-06,2.404083615167512e-05,0.5,0.25,True
123,10,5,10,0.0113596003502607,0.261521965265274,0.0520078167319297,0.261521965265274,0.0,0.0,0.4999999701976776,0.4999999701976776,False
123,10,6,10,0.0112090799957513,0.2615351676940918,0.0414949916303157,0.2615324258804321,2.7418136596679688e-06,1.0483537200148046e-05,0.25,0.25,True
123,10,7,10,0.0112596498802304,0.2615035772323608,0.0312670916318893,0.2615035772323608,0.0,0.0,0.4999999701976776,0.4999999701976776,False
123,10,8,10,0.0111201964318752,0.2615092992782593,0.0210585352033376,0.2615092992782593,0.0,0.0,0.4945535957813263,0.4945535957813263,False
123,10,9,10,0.0109569048509001,0.2615302503108978,0.0109569048509001,0.2615302503108978,0.0,0.0,0.5059998035430908,0.5059998035430908,False
123,11,0,10,0.0071787009947001,0.460898607969284,0.0713374316692352,0.460898607969284,0.0,0.0,1.1597455739974976,1.1597455739974976,False
123,11,1,10,0.007237640209496,0.460901141166687,0.0644266977906227,0.460901141166687,0.0,0.0,1.0789519548416138,1.0789519548416138,False
123,11,2,10,0.0072724358178675,0.4609145820140838,0.0574410408735275,0.4609145820140838,0.0,0.0,1.02627432346344,1.02627432346344,False
123,11,3,10,0.0073140948079526,0.4609233736991882,0.0504180863499641,0.4609233736991882,0.0,0.0,0.9481187462806702,0.9481187462806702,False
123,11,4,10,0.0073335035704076,0.4609397351741791,0.0433344170451164,0.4609397351741791,0.0,0.0,0.934066653251648,0.934066653251648,False
123,11,5,10,0.0073608378879725,0.4609496891498565,0.0362239927053451,0.4609496891498565,0.0,0.0,0.8850127458572388,0.8850127458572388,False
123,11,6,10,0.0073788287118077,0.4609635472297668,0.0290675293654203,0.4609635472297668,0.0,0.0,0.841774582862854,0.841774582862854,False
123,11,7,10,0.0074150362052023,0.4609659016132355,0.0219021812081336,0.4609659016132355,0.0,0.0,0.8600627183914185,0.8600627183914185,False
123,11,8,10,0.0074582262896001,0.4609642028808594,0.0147143434733152,0.4609642028808594,0.0,0.0,0.8556076884269714,0.8556076884269714,False
123,11,9,10,0.0074492362327873,0.4609853029251098,0.0074492362327873,0.4609853029251098,0.0,0.0,0.8982941508293152,0.8982941508293152,False
123,12,0,10,0.0059902658686041,0.2074360847473144,0.0251704063266515,0.2037139683961868,0.0037221163511276,0.0179434371587839,0.2499999850988388,0.4999999403953552,True
123,12,1,10,0.00509949401021,0.206560343503952,0.0155929503962397,0.2044752687215805,0.0020850747823715,0.0100942646928335,0.25,0.5,True
123,12,2,10,0.0047869328409433,0.2053742706775665,0.0124904885888099,0.2041385918855667,0.0012356787919998,0.0060167166409068,0.5,0.5,True
123,12,3,10,0.0050145746208727,0.2048920392990112,0.0061273924075067,0.2046970129013061,0.000195026397705,0.0009518495612241,0.4999999701976776,0.5,True
123,12,4,10,0.0060331672430038,0.2041701227426529,0.0062036355957388,0.2041701227426529,0.0,0.0,0.4999999701976776,0.4999999701976776,False
123,12,5,10,0.0064861825667321,0.2043557614088058,0.003924123942852,0.2043557614088058,0.0,0.0,0.5,0.5,False
123,12,6,10,0.0072492272593081,0.2043173313140869,0.0038626557216048,0.2043173313140869,0.0,0.0,0.5,0.5,False
123,12,7,10,0.009099774993956,0.2039989978075027,0.0062723369337618,0.2039989978075027,0.0,0.0,0.5,0.5,False
123,12,8,10,0.008864676579833,0.2043133825063705,0.0066492659971117,0.2043133825063705,0.0,0.0,0.5,0.5,False
123,12,9,10,0.0117204589769244,0.2038788646459579,0.0117204589769244,0.2038788646459579,0.0,0.0,0.4999999701976776,0.4999999701976776,False
123,13,0,10,0.0095773693174123,0.2064418792724609,0.0600199177861213,0.2053092271089553,0.0011326521635055,0.005486542592507,0.25,0.5,True
123,13,1,10,0.0089402860030531,0.2062753438949585,0.051360297948122,0.205224335193634,0.0010510087013244,0.0050951736716515,0.4999999701976776,0.4999999403953552,True
123,13,2,10,0.0088012171909213,0.2061143815517425,0.0416413955390453,0.2055207937955856,0.0005935877561569,0.0028798948995604,0.4999999701976776,0.4999999701976776,True
123,13,3,10,0.0081888195127248,0.2061208486557006,0.0352504551410675,0.2053045332431793,0.0008163154125213,0.0039603728484783,0.4999999701976776,0.5,True
123,13,4,10,0.0079206256195902,0.2057138979434967,0.0266764219850301,0.2057138979434967,0.0,0.0,0.5,0.5,False
123,13,5,10,0.008020557463169,0.2056335359811782,0.023293973878026,0.2052377313375473,0.0003958046436309,0.0019248059016366,0.5,0.4999999701976776,True
123,13,6,10,0.0081577152013778,0.205356940627098,0.0179128292948007,0.205356940627098,0.0,0.0,0.5,0.5,False
123,13,7,10,0.0086497003212571,0.2052300572395324,0.0146407103165984,0.2052300572395324,0.0,0.0,0.5,0.5,False
123,13,8,10,0.007006227504462,0.2057982683181762,0.0088980356231331,0.2057982683181762,0.0,0.0,0.5,0.5,False
123,13,9,10,0.0101335542276501,0.2051195651292801,0.0101335542276501,0.2051195651292801,0.0,0.0,0.5,0.5,False
123,14,0,10,0.0240837503224611,0.1930425018072128,0.0105153862386941,0.1836834251880645,0.0093590766191482,0.0484819484389761,0.2499999850988388,0.5,True
123,14,1,10,0.0184374824166297,0.1947029381990432,0.0065026902593672,0.1825610399246215,0.0121418982744216,0.0623611455827601,0.5,0.4999999701976776,True
123,14,2,10,0.0103142280131578,0.190990000963211,-0.0036615692079067,0.1829494535923004,0.0080405473709106,0.0420993105940631,0.5,0.5,True
123,14,3,10,0.0049567981623113,0.189439982175827,-0.0087462374940514,0.1828380227088928,0.0066019594669342,0.0348498737758888,0.5,0.4999999701976776,True
123,14,4,10,0.0010584886185824,0.1876503974199295,-0.0137552712112665,0.1831797212362289,0.0044706761837005,0.023824496218337,0.5,0.5,True
123,14,5,10,-0.0009399311384186,0.1857983916997909,-0.0116589199751615,0.1827142089605331,0.0030841827392578,0.0165996202176021,0.2499999850988388,0.5,True
123,14,6,10,-0.0009371869382448,0.1852537244558334,-0.0101624242961406,0.1828632950782776,0.0023904293775558,0.0129035428819448,0.5,0.5,True
123,14,7,10,0.0030097784474492,0.183396428823471,-0.0043311743065714,0.1827230006456375,0.0006734281778335,0.0036719808676414,0.5,0.4999999701976776,True
123,14,8,10,0.0079494630917906,0.1826381385326385,0.0038582412526011,0.1826381385326385,0.0,0.0,0.4999999701976776,0.4999999701976776,False
123,14,9,10,0.01596624776721,0.1822952330112457,0.01596624776721,0.1822952330112457,0.0,0.0,0.5,0.5,False
123,15,0,10,0.0441599190235137,0.1967687457799911,-0.007442831993103,0.1801612675189972,0.0166074782609939,0.0844009966885845,0.4997217357158661,0.5,True
123,15,1,10,0.0310117565095424,0.1968661397695541,-0.0177557338029146,0.1797937154769897,0.0170724242925643,0.0867209785926055,0.4999999701976776,0.5,True
123,15,2,10,0.0179394073784351,0.1928642690181732,-0.0274168830364942,0.1798387169837951,0.013025552034378,0.0675374038990637,0.5,0.4999999403953552,True
123,15,3,10,0.0078508388251066,0.1891580671072006,-0.0335121378302574,0.1798462271690368,0.0093118399381637,0.0492278234841895,0.5,0.4999999701976776,True
123,15,4,10,2.6690047889132984e-05,0.1871470957994461,-0.0339610204100608,0.1795040220022201,0.0076430737972259,0.0408399273554133,0.5,0.5,True
123,15,5,10,-0.00520437117666,0.1847108453512191,-0.0386203825473785,0.1806241273880005,0.0040867179632186,0.0221249486214411,0.0999999940395355,0.5,True
123,15,6,10,-0.0058411764912307,0.1827359497547149,-0.0360448509454727,0.1811644285917282,0.0015715211629867,0.0085999561941489,0.4999999701976776,0.25,True
123,15,7,10,-0.0045390548184514,0.181340292096138,-0.0193821676075458,0.1798710525035858,0.0014692395925521,0.0081021133007399,0.5000000596046448,0.4999999701976776,True
123,15,8,10,0.0017950847977772,0.1801493465900421,-0.0076945177279412,0.1801493465900421,0.0,0.0,0.5,0.5,False
123,15,9,10,0.0078359367325901,0.1803503185510635,0.0078359367325901,0.1803503185510635,0.0,0.0,0.5,0.5,False
123,16,0,10,0.008666449226439,0.3469840586185455,0.0896421447396278,0.3469840586185455,0.0,0.0,0.5370275378227234,0.5370275378227234,False
123,16,1,10,0.0087855663150548,0.3469858467578888,0.0810331180691719,0.3469776809215545,8.165836334228516e-06,2.353362942761833e-05,0.5214501023292542,0.517598569393158,True
123,16,2,10,0.0088841123506426,0.3469729721546173,0.0723157227039337,0.3469729721546173,0.0,0.0,0.5112240314483643,0.5112240314483643,False
123,16,3,10,0.0089346803724765,0.3469902575016022,0.0634446218609809,0.3469902575016022,0.0,0.0,0.2633281946182251,0.2633281946182251,False
123,16,4,10,0.009060263633728,0.3469709157943725,0.0546005479991436,0.3469709157943725,0.0,0.0,0.4972996711730957,0.4972996711730957,False
123,16,5,10,0.0091103520244359,0.3469708859920501,0.0456337332725524,0.3469708859920501,0.0,0.0,0.4999999701976776,0.4999999701976776,False
123,16,6,10,0.0091679953038692,0.346971184015274,0.0366081930696964,0.346971184015274,0.0,0.0,0.5040174126625061,0.5040174126625061,False
123,16,7,10,0.0091864224523305,0.3469783365726471,0.0275146160274744,0.3469783365726471,0.0,0.0,0.4997316598892212,0.4997316598892212,False
123,16,8,10,0.0092963855713605,0.3469519913196563,0.0184771381318569,0.3469519913196563,0.0,0.0,0.4447659850120544,0.4447659850120544,False
123,16,9,10,0.0092510329559445,0.3469792008399963,0.0092510329559445,0.3469792008399963,0.0,0.0,0.4671997725963592,0.4671997725963592,False
123,17,0,10,0.0072284140624105,0.4579706490039825,0.071919284760952,0.4579706490039825,0.0,0.0,1.1372612714767456,1.1372612714767456,False
123,17,1,10,0.0072743268683552,0.4579758942127228,0.0649453327059745,0.4579758942127228,0.0,0.0,1.0751824378967283,1.0751824378967283,False
123,17,2,10,0.0072963410057127,0.4579957723617553,0.0578868798911571,0.4579957723617553,0.0,0.0,1.0108007192611694,1.0108007192611694,False
123,17,3,10,0.0073337405920028,0.4580051004886627,0.0508027374744415,0.4580051004886627,0.0,0.0,0.9615398645401,0.9615398645401,False
123,17,4,10,0.007383796852082,0.4580056369304657,0.0436928942799568,0.4580056369304657,0.0,0.0,0.907766044139862,0.907766044139862,False
123,17,5,10,0.0074116024188697,0.4580145478248596,0.0365229323506355,0.4580145478248596,0.0,0.0,0.8611018657684326,0.8611018657684326,False
123,17,6,10,0.0074285278096795,0.4580277502536773,0.0293052829802036,0.4580277502536773,0.0,0.0,0.818639874458313,0.818639874458313,False
123,17,7,10,0.0074423695914447,0.4580397307872772,0.022055197507143,0.4580397307872772,0.0,0.0,0.8345251679420471,0.8345251679420471,False
123,17,8,10,0.007453023456037,0.4580524563789367,0.014771744608879,0.4580524563789367,0.0,0.0,0.7624254822731018,0.7624254822731018,False
123,17,9,10,0.0074938433244824,0.458049327135086,0.0074938433244824,0.458049327135086,0.0,0.0,0.8868508338928223,0.8868508338928223,False
123,18,0,10,0.0081611946225166,0.3940611183643341,0.0830747559666633,0.3940611183643341,0.0,0.0,0.7218379974365234,0.7218379974365234,False
123,18,1,10,0.0081462943926453,0.3941052556037903,0.0749759972095489,0.3941039741039276,1.2814998626708984e-06,3.2516690514760387e-06,0.678552508354187,0.4895765483379364,True
123,18,2,10,0.0082745794206857,0.3940819501876831,0.0669586807489395,0.3940819501876831,0.0,0.0,0.6075488924980164,0.6075488924980164,False
123,18,3,10,0.0082942070439457,0.3940998017787933,0.0587644949555397,0.3940998017787933,0.0,0.0,0.433207631111145,0.433207631111145,False
123,18,4,10,0.0083692781627178,0.3940930664539337,0.0505619049072265,0.3940930664539337,0.0,0.0,0.5804118514060974,0.5804118514060974,False
123,18,5,10,0.008430746383965,0.3940935134887695,0.0422775000333786,0.3940935134887695,0.0,0.0,0.3577155470848083,0.3577155470848083,False
123,18,6,10,0.0084873652085661,0.3940927386283874,0.0339376516640186,0.3940927386283874,0.0,0.0,0.5230030417442322,0.5230030417442322,False
123,18,7,10,0.0085339387878775,0.3940912783145904,0.0255467370152473,0.3940912783145904,0.0,0.0,0.5421578884124756,0.5421578884124756,False
123,18,8,10,0.0085368854925036,0.3941085934638977,0.0170601978898048,0.3941085934638977,0.0,0.0,0.5445359349250793,0.2956291437149048,True
123,18,9,10,0.0085886623710393,0.3941029608249664,0.0085886623710393,0.3941029608249664,0.0,0.0,0.4038626253604889,0.4038626253604889,False
123,19,0,10,0.1720256060361862,0.3456217646598816,0.1724995672702789,0.2431047111749649,0.1025170534849166,0.2966163128812254,0.4999999701976776,0.5,True
123,19,1,10,0.1536459475755691,0.3382302522659302,-0.0138582363724708,0.2589539289474487,0.0792763233184814,0.2343856671228545,0.2500000298023224,0.25,True
123,19,2,10,0.1224039047956466,0.3271214663982391,-0.1559968143701553,0.2639084160327911,0.063213050365448,0.1932403001901811,0.4999999701976776,0.4999999701976776,True
123,19,3,10,0.0773823037743568,0.3071208298206329,-0.1787998527288437,0.2417546361684799,0.065366193652153,0.212835429268437,0.2499999850988388,0.5,True
123,19,4,10,0.0292854774743318,0.2949194610118866,-0.2558573782444,0.2417790591716766,0.0531404018402099,0.180186148645064,0.4999999701976776,0.5,True
123,19,5,10,-0.0026852185837924,0.2801993787288666,-0.3232178092002868,0.2532562017440796,0.0269431769847869,0.0961571617575155,0.25,0.5,True
123,19,6,10,-0.0024368136655539,0.2620123922824859,-0.2316574901342392,0.2412982285022735,0.0207141637802124,0.0790579544721672,0.4999999701976776,0.4996089935302734,True
123,19,7,10,0.0267661660909652,0.2472091615200042,-0.1322216391563415,0.2399114817380905,0.0072976797819137,0.0295202642856875,0.5,0.4999999701976776,True
123,19,8,10,0.0682162344455719,0.2454112023115158,-0.0340822786092758,0.2454112023115158,0.0,0.0,0.5,0.5,False
123,19,9,10,0.105001151561737,0.2429673671722412,0.105001151561737,0.2429673671722412,0.0,0.0,0.49803227186203,0.49803227186203,False
123,20,0,10,0.0119048152118921,0.2206090092658996,0.0946198776364326,0.2203962802886963,0.0002127289772033,0.0009642805518743,0.2499999850988388,0.4999999701976776,True
123,20,1,10,0.0117261009290814,0.2205581814050674,0.0833063870668411,0.2204135954380035,0.0001445859670639,0.0006555456983858,0.4999999701976776,0.5000000596046448,True
123,20,2,10,0.0114878416061401,0.2205307334661483,0.0725217834115028,0.2203951030969619,0.0001356303691864,0.0006150179934318,0.2499999701976776,0.5,True
123,20,3,10,0.0114102941006422,0.2204923331737518,0.0623096413910388,0.220341071486473,0.0001512616872787,0.0006860178995863,0.5,0.4999999403953552,True
123,20,4,10,0.0110475812107324,0.2205501049757003,0.0523007735610008,0.2203412055969238,0.0002088993787765,0.0009471742432385,0.4999999701976776,0.5,True
123,20,5,10,0.0106603316962718,0.2204609215259552,0.0425758138298988,0.2203850746154785,7.584691047668457e-05,0.0003440378909409,0.5,0.25,True
123,20,6,10,0.010509705170989,0.2204126566648483,0.0335511676967144,0.2203868925571441,2.57641077041626e-05,0.0001168903278695,0.4853885769844055,0.4999999701976776,True
123,20,7,10,0.0103852460160851,0.2203759104013443,0.0252828132361173,0.2203396707773208,3.62396240234375e-05,0.0001644445799789,0.25,0.4999999701976776,True
123,20,8,10,0.0101149249821901,0.2203630805015564,0.017248360440135,0.2203630805015564,0.0,0.0,0.4999999701976776,0.4999999701976776,False
123,20,9,10,0.0099682277068495,0.2203461974859237,0.0099682277068495,0.2203461974859237,0.0,0.0,0.5,0.5,False
123,21,0,10,0.0070283790118992,0.4920964241027832,0.0652637034654617,0.4920964241027832,0.0,0.0,1.4186121225357056,1.4186121225357056,False
123,21,1,10,0.0071244891732931,0.4920825958251953,0.0590187087655067,0.4920825958251953,0.0,0.0,1.362562656402588,1.362562656402588,False
123,21,2,10,0.0071931378915905,0.4920844733715057,0.0527012459933757,0.4920844733715057,0.0,0.0,1.285563826560974,1.285563826560974,False
123,21,3,10,0.0071995318867266,0.4921168386936188,0.0462839752435684,0.4921168386936188,0.0,0.0,1.220561146736145,1.220561146736145,False
123,21,4,10,0.0071845036000013,0.4921578764915466,0.0398142524063587,0.4921578764915466,0.0,0.0,1.1526683568954468,1.1526683568954468,False
123,21,5,10,0.0072648613713681,0.4921470284461975,0.0334185920655727,0.4921470284461975,0.0,0.0,1.1424399614334106,1.1424399614334106,False
123,21,6,10,0.0072991815395653,0.4921587705612182,0.0269478820264339,0.4921587705612182,0.0,0.0,1.113443374633789,1.113443374633789,False
123,21,7,10,0.0073174065910279,0.4921775162220001,0.0204369109123945,0.4921775162220001,0.0,0.0,1.1363757848739624,1.1363757848739624,False
123,21,8,10,0.0073267589323222,0.4921998977661133,0.0138949193060398,0.4921998977661133,0.0,0.0,1.154886245727539,1.154886245727539,False
123,21,9,10,0.0073259323835372,0.4922252297401428,0.0073259323835372,0.4922252297401428,0.0,0.0,1.2040926218032837,1.2040926218032837,False
123,22,0,10,0.0121143460273742,0.2297823280096054,0.1017310470342636,0.2295669764280319,0.0002153515815734,0.000937198188559,0.25,0.4917666614055633,True
123,22,1,10,0.0119436802342534,0.2297535389661789,0.0902988463640213,0.229572057723999,0.0001814812421798,0.0007898953069296,0.25,0.4999999701976776,True
123,22,2,10,0.0117842946201562,0.2297093123197555,0.0791423469781875,0.2295675128698349,0.0001417994499206,0.0006172995273403,0.4999999403953552,0.25,True
123,22,3,10,0.0117334015667438,0.2296119332313537,0.0682384893298149,0.2295686304569244,4.330277442932129e-05,0.0001885911320893,0.5,0.5000000596046448,True
123,22,4,10,0.011448829434812,0.2296126782894134,0.0575906559824943,0.2295827865600586,2.98917293548584e-05,0.0001301832702686,0.2499999850988388,0.25,True
123,22,5,10,0.0111596947535872,0.2296608388423919,0.0474066138267517,0.2295695543289184,9.128451347351074e-05,0.0003974753115665,0.2499999850988388,0.5,True
123,22,6,10,0.0111369453370571,0.2295749187469482,0.0375784486532211,0.22955983877182,1.5079975128173828e-05,6.568650970446782e-05,0.5,0.5,True
123,22,7,10,0.0109471287578344,0.2295367270708084,0.0282040163874626,0.2295367270708084,0.0,0.0,0.25,0.25,False
123,22,8,10,0.0108143500983715,0.2295235246419906,0.0192016325891017,0.2295235246419906,0.0,0.0,0.4947867393493652,0.4947867393493652,False
123,22,9,10,0.0106835626065731,0.2294988483190536,0.0106835626065731,0.2294988483190536,0.0,0.0,0.4836417436599731,0.4836417436599731,False
123,23,0,10,0.0104070473462343,0.2831726670265198,0.1015490442514419,0.2831364572048187,3.6209821701049805e-05,0.0001278718814258,0.0999999865889549,0.2465212047100067,True
123,23,1,10,0.0104939918965101,0.2831544578075409,0.0913778245449066,0.2831544578075409,0.0,0.0,0.2415129244327545,0.2415129244327545,False
123,23,2,10,0.010580338537693,0.283139020204544,0.0812695026397705,0.283139020204544,0.0,0.0,0.5,0.5,False
123,23,3,10,0.0105720814317464,0.2831529974937439,0.0710853710770607,0.283137172460556,1.582503318786621e-05,5.588863027387113e-05,0.25,0.5,True
123,23,4,10,0.0106033394113183,0.2831476330757141,0.0608602575957775,0.2831457555294037,1.877546310424805e-06,6.630980065168852e-06,0.4999999701976776,0.25,True
123,23,5,10,0.0106409648433327,0.2831340134143829,0.0507401190698146,0.2831293046474457,4.708766937255859e-06,1.66308769492993e-05,0.25,0.5,True
123,23,6,10,0.0106327086687088,0.2831312417984009,0.0405990555882453,0.2831284999847412,2.7418136596679688e-06,9.683896564195603e-06,0.25,0.2434350997209549,True
123,23,7,10,0.0106612537056207,0.2831056714057922,0.0305851362645626,0.2831056714057922,0.0,0.0,0.4999999701976776,0.4999999701976776,False
123,23,8,10,0.0105532109737396,0.2831256091594696,0.0204825773835182,0.2831256091594696,0.0,0.0,0.2585261464118957,0.2585261464118957,False
123,23,9,10,0.010610181838274,0.283101350069046,0.010610181838274,0.283101350069046,0.0,0.0,0.4934220314025879,0.4934220314025879,False
2026,0,0,10,0.0128854624927043,0.2066915035247802,0.068933755159378,0.2065433859825134,0.0001481175422668,0.0007166116639578,0.4990366399288177,0.4993631839752197,True
2026,0,1,10,0.0123230181634426,0.2065431773662567,0.0581677332520484,0.2064884454011917,5.473196506500244e-05,0.0002649904284562,0.472440242767334,0.5,True
2026,0,2,10,0.011934014968574,0.2065460681915283,0.0482250526547431,0.2064323425292968,0.0001137256622314,0.0005506067640367,0.25,0.5000000596046448,True
2026,0,3,10,0.0113526452332735,0.20650614798069,0.0390776246786117,0.2064005881547927,0.0001055598258972,0.0005111703788455,0.4999999701976776,0.2499999701976776,True
2026,0,4,10,0.0108004221692681,0.2064231783151626,0.0306685212999582,0.2064231783151626,0.0,0.0,0.5,0.5,False
2026,0,5,10,0.0100675793364644,0.2064283043146133,0.0234269965440034,0.2064283043146133,0.0,0.0,0.5,0.5,False
2026,0,6,10,0.0094586750492453,0.2063485831022262,0.0177485980093479,0.2063485831022262,0.0,0.0,0.4999999701976776,0.4999999701976776,False
2026,0,7,10,0.0088299009948968,0.2062926590442657,0.0131618175655603,0.2062926590442657,0.0,0.0,0.5,0.5,False
2026,0,8,10,0.0078425286337733,0.2063464820384979,0.0092894351109862,0.2063464820384979,0.0,0.0,0.5,0.5,False
2026,0,9,10,0.006847670301795,0.2063672542572021,0.006847670301795,0.2063672542572021,0.0,0.0,0.5,0.5,False
2026,1,0,10,0.0089289797469973,0.3317080736160278,0.0723425224423408,0.3317080736160278,0.0,0.0,0.3874242603778839,0.3874242603778839,False
2026,1,1,10,0.008835163898766,0.3317553997039795,0.065032809972763,0.3317553997039795,0.0,0.0,0.5231757760047913,0.5231757760047913,False
2026,1,2,10,0.0090500758960843,0.3316976130008697,0.0580256804823875,0.3316976130008697,0.0,0.0,0.4931621253490448,0.4931621253490448,False
2026,1,3,10,0.0091357193887233,0.3316642343997955,0.050954733043909,0.3316642343997955,0.0,0.0,0.5094475746154785,0.5094475746154785,False
2026,1,4,10,0.0087899072095751,0.3317793607711792,0.0434646382927894,0.3317793607711792,0.0,0.0,0.4969249665737152,0.4969249665737152,False
2026,1,5,10,0.0084989434108138,0.3318809568881988,0.0360592156648635,0.3318809568881988,0.0,0.0,0.5223515033721924,0.5223515033721924,False
2026,1,6,10,0.0084392474964261,0.3318773210048675,0.0290260463953018,0.3318773210048675,0.0,0.0,0.5115793347358704,0.5115793347358704,False
2026,1,7,10,0.0089443391188979,0.3316985368728637,0.0225864313542842,0.3316985368728637,0.0,0.0,0.5586798787117004,0.5586798787117004,False
2026,1,8,10,0.0084730554372072,0.3318403661251068,0.0152534320950508,0.3318403661251068,0.0,0.0,0.5559297204017639,0.5559297204017639,False
2026,1,9,10,0.0085660787299275,0.3317946493625641,0.0085660787299275,0.3317946493625641,0.0,0.0,0.6395771503448486,0.6395771503448486,False
2026,2,0,10,0.0046955752186477,0.2885331213474273,0.0018346469150856,0.2885331213474273,0.0,0.0,0.5,0.5,False
2026,2,1,10,0.0035763166379183,0.2887057662010193,-0.0005900816759094,0.2887057662010193,0.0,0.0,0.5,0.5,False
2026,2,2,10,0.002980887889862,0.2887318134307861,-0.0020297672599554,0.2887318134307861,0.0,0.0,0.4999999701976776,0.4999999701976776,False
2026,2,3,10,0.0016149355797097,0.2889887392520904,-0.003804285544902,0.2889887392520904,0.0,0.0,0.25,0.25,False
2026,2,4,10,0.0026307795196771,0.2884235680103302,-0.0022891347762197,0.2884235680103302,0.0,0.0,0.5,0.5,False
2026,2,5,10,0.0017861375818029,0.2886160314083099,-0.0029782289639115,0.2886160314083099,0.0,0.0,0.4865269064903259,0.4865269064903259,False
2026,2,6,10,0.0039620297029614,0.2879376113414764,-0.0002509830519556,0.2879376113414764,0.0,0.0,0.4999999403953552,0.4999999403953552,False
2026,2,7,10,0.0030779941007494,0.288098007440567,-6.330793257802725e-05,0.288098007440567,0.0,0.0,0.5,0.5,False
2026,2,8,10,0.0025580362416803,0.2881506085395813,0.0008451555622741,0.2881506085395813,0.0,0.0,0.4841637313365936,0.4841637313365936,False
2026,2,9,10,-1.271541532332776e-05,0.2888064384460449,-1.271541532332776e-05,0.2888064384460449,0.0,0.0,0.5160614848136902,0.5160614848136902,False
2026,3,0,10,0.0157100763171911,0.200100302696228,0.0913672000169754,0.1998626738786697,0.0002376288175582,0.001187548516201,0.25,0.2500000298023224,True
2026,3,1,10,0.0146450186148285,0.2000505477190017,0.0758325159549713,0.1998575031757354,0.0001930445432662,0.000964978828938,0.5,0.4999999701976776,True
2026,3,2,10,0.0134026454761624,0.199971541762352,0.0614963769912719,0.1998308300971985,0.0001407116651535,0.0007036584501645,0.5,0.5,True
2026,3,3,10,0.0119164464995265,0.199939414858818,0.0483962222933769,0.1998056024312973,0.0001338124275207,0.0006692648751385,0.4999999701976776,0.25,True
2026,3,4,10,0.0104354666545987,0.1999183595180511,0.0366800688207149,0.1997811049222946,0.0001372545957565,0.0006865532314661,0.25,0.4999999701976776,True
2026,3,5,10,0.008886719122529,0.1998488754034042,0.0265082493424415,0.199751928448677,9.694695472717284e-05,0.0004851013273478,0.4967136979103088,0.2499999850988388,True
2026,3,6,10,0.0072768656536936,0.1998620778322219,0.0179928764700889,0.1997192353010177,0.0001428425312042,0.0007147055246975,0.5,0.4999999701976776,True
2026,3,7,10,0.0057718181051313,0.1997327208518982,0.0111647667363286,0.1996966153383255,3.610551357269287e-05,0.0001807691469815,0.5,0.25,True
2026,3,8,10,0.0043727443553507,0.1996828615665435,0.0061754155904054,0.1996694952249527,1.3366341590881348e-05,6.693785078008341e-05,0.4999999701976776,0.5,True
2026,3,9,10,0.0031221751123666,0.1996289938688278,0.0031221751123666,0.1996289938688278,0.0,0.0,0.5,0.5,False
2026,4,0,10,0.003854363458231,0.2937183082103729,0.0054371082223951,0.2937183082103729,0.0,0.0,0.4837817549705505,0.4837817549705505,False
2026,4,1,10,0.00508289411664,0.2932094633579254,0.0049637830816209,0.2932094633579254,0.0,0.0,0.4999999701976776,0.4999999701976776,False
2026,4,2,10,0.0028440987225621,0.2937490344047546,0.0013710483908653,0.2937490344047546,0.0,0.0,0.5,0.5,False
2026,4,3,10,0.0027816779911518,0.2936287820339203,0.0004697679542005,0.2936287820339203,0.0,0.0,0.25,0.25,False
2026,4,4,10,0.0031950457487255,0.2933758795261383,0.0004460016498342,0.2933758795261383,0.0,0.0,0.4999999701976776,0.4999999701976776,False
2026,4,5,10,0.0025939589831978,0.2934532165527344,-0.0003005416947416,0.2934532165527344,0.0,0.0,0.48401540517807,0.48401540517807,False
2026,4,6,10,0.0024350800085812,0.2933757901191711,-0.0001417160965502,0.2933757901191711,0.0,0.0,0.4999999701976776,0.4999999701976776,False
2026,4,7,10,0.0020963463466614,0.2933851778507232,7.353723049163818e-05,0.2933851778507232,0.0,0.0,0.5,0.5,False
2026,4,8,10,0.0006061103777028,0.293738305568695,-0.0005546364118345,0.293738305568695,0.0,0.0,0.5036640763282776,0.5036640763282776,False
2026,4,9,10,0.0011645726626738,0.2934914529323578,0.0011645726626738,0.2934914529323578,0.0,0.0,0.5248963832855225,0.5248963832855225,False
2026,5,0,10,0.0065690018236637,0.4428305327892303,0.0640800669789314,0.4428305327892303,0.0,0.0,2.2305948734283447,2.2305948734283447,False
2026,5,1,10,0.0066015692427754,0.4428330361843109,0.0578048042953014,0.4428330361843109,0.0,0.0,2.17355751991272,2.17355751991272,False
2026,5,2,10,0.0066282143816351,0.4428387284278869,0.0514931716024875,0.4428378045558929,9.238719940185548e-07,2.086249315407382e-06,2.108964681625366,2.1159591674804688,True
2026,5,3,10,0.006658885627985,0.4428380727767944,0.0451650731265544,0.4428380727767944,0.0,0.0,2.061875343322754,2.061875343322754,False
2026,5,4,10,0.0066820951178669,0.4428416788578033,0.0388058274984359,0.4428416788578033,0.0,0.0,1.9917997121810915,1.9917997121810915,False
2026,5,5,10,0.0067085027694702,0.4428409934043884,0.0324366241693496,0.4428409934043884,0.0,0.0,1.9927340745925903,1.9927340745925903,False
2026,5,6,10,0.0067359721288084,0.4428417384624481,0.0260468106716871,0.4428417384624481,0.0,0.0,1.995665192604065,1.995665192604065,False
2026,5,7,10,0.0067561022005975,0.4428426623344421,0.0196418389678001,0.4428426623344421,0.0,0.0,1.9663408994674685,1.9663408994674685,False
2026,5,8,10,0.0067787184379994,0.4428421556949615,0.0132270343601703,0.4428421556949615,0.0,0.0,2.016426086425781,2.016426086425781,False
2026,5,9,10,0.0067981365136802,0.4428429007530212,0.0067981365136802,0.4428429007530212,0.0,0.0,2.0787415504455566,2.0787415504455566,False
2026,6,0,10,0.007355882320553,0.3211405873298645,0.0542829856276512,0.3211405873298645,0.0,0.0,0.4967870712280273,0.4967870712280273,False
2026,6,1,10,0.0091409152373671,0.3204533457756042,0.0506088323891162,0.3204533457756042,0.0,0.0,0.4576455950736999,0.4576455950736999,False
2026,6,2,10,0.0083963386714458,0.3207257688045501,0.0440581329166889,0.3207257688045501,0.0,0.0,0.5047293305397034,0.5047293305397034,False
2026,6,3,10,0.007745245937258,0.3209121525287628,0.0379036255180835,0.3209121525287628,0.0,0.0,0.4984058439731598,0.4984058439731598,False
2026,6,4,10,0.0079168723896145,0.3208329379558563,0.0327103286981582,0.3208329379558563,0.0,0.0,0.4895048141479492,0.4895048141479492,False
2026,6,5,10,0.0084247095510363,0.3206306993961334,0.0280343294143676,0.3206306993961334,0.0,0.0,0.5001384615898132,0.5001384615898132,False
2026,6,6,10,0.0094773974269628,0.320241779088974,0.0240736193954944,0.320241779088974,0.0,0.0,0.4970943629741668,0.4970943629741668,False
2026,6,7,10,0.0081587005406618,0.3206599354743957,0.0177256073802709,0.3206599354743957,0.0,0.0,0.5144825577735901,0.5144825577735901,False
2026,6,8,10,0.0088908160105347,0.3203997611999511,0.0136221284046769,0.3203997611999511,0.0,0.0,0.5306310653686523,0.5306310653686523,False
2026,6,9,10,0.0084958672523498,0.3205083608627319,0.0084958672523498,0.3205083608627319,0.0,0.0,0.5625872611999512,0.5625872611999512,False
2026,7,0,10,0.014306410215795,0.2001680582761764,0.0882976651191711,0.2000121623277664,0.00015589594841,0.0007788253018618,0.25,0.496086835861206,True
2026,7,1,10,0.0136067075654864,0.2002137750387191,0.0745286047458648,0.2000194191932678,0.0001943558454513,0.0009707416256137,0.25,0.25,True
2026,7,2,10,0.012908169068396,0.2000796943902969,0.0619512721896171,0.1999588459730148,0.0001208484172821,0.0006040014087904,0.2499999850988388,0.4835481345653534,True
2026,7,3,10,0.0121912388131022,0.2000392228364944,0.0502042509615421,0.1999281644821167,0.0001110583543777,0.0005551828926496,0.4999999701976776,0.25,True
2026,7,4,10,0.0112061267718672,0.1999532133340835,0.0395319275557994,0.1999034434556961,4.976987838745117e-05,0.0002489076197254,0.4999999701976776,0.2499999850988388,True
2026,7,5,10,0.0103224543854594,0.1999256610870361,0.0301945749670267,0.1998554319143295,7.0229172706604e-05,0.0003512764310731,0.5,0.5,True
2026,7,6,10,0.009415446780622,0.1998704969882965,0.0221288781613111,0.1998170018196106,5.3495168685913086e-05,0.0002676491502847,0.5,0.25,True
2026,7,7,10,0.0083408271893858,0.1998026669025421,0.0154357673600316,0.1997850835323333,1.7583370208740234e-05,8.800368123873384e-05,0.4999999701976776,0.5,True
2026,7,8,10,0.0073446896858513,0.1997833847999572,0.0101495636627078,0.1997660100460052,1.7374753952026367e-05,8.696796267329076e-05,0.5000000596046448,0.5,True
2026,7,9,10,0.006460084579885,0.199731171131134,0.006460084579885,0.199731171131134,0.0,0.0,0.4999999701976776,0.4999999701976776,False
2026,8,0,10,0.0625002905726432,0.2519621849060058,0.1574083566665649,0.2403718680143356,0.0115903168916702,0.0460002237875258,0.5,0.4999096393585205,True
2026,8,1,10,0.0534407570958137,0.2514317631721496,0.1301228702068328,0.2403726577758789,0.0110591053962707,0.0439845199220069,0.4999999701976776,0.4975515604019165,True
2026,8,2,10,0.0441607274115085,0.2515730559825897,0.1045838296413421,0.2403864860534668,0.0111865699291229,0.0444664866252493,0.5,0.5,True
2026,8,3,10,0.0326328314840793,0.2495544403791427,0.0813572406768798,0.2403865456581115,0.0091678947210311,0.0367370530738807,0.4999999701976776,0.5,True
2026,8,4,10,0.0231082029640674,0.2468616962432861,0.0607253834605217,0.2404040992259979,0.0064575970172882,0.0261587646668527,0.4999999701976776,0.25,True
2026,8,5,10,0.0161156319081783,0.2435514330863952,0.0432808771729469,0.2403825670480728,0.0031688660383224,0.0130110753123688,0.25,0.5,True
2026,8,6,10,0.0109568294137716,0.2428541630506515,0.0291556287556886,0.2403569370508194,0.0024972259998321,0.0102828214615012,0.48562952876091,0.4999999701976776,True
2026,8,7,10,0.0075934552587568,0.241446316242218,0.0182453449815511,0.2403962761163711,0.0010500401258468,0.0043489589826397,0.1000000014901161,0.5,True
2026,8,8,10,0.0060912435874342,0.2408800274133682,0.0110559519380331,0.2403959035873413,0.0004841238260269,0.0020098130643107,0.2474696934223175,0.5,True
2026,8,9,10,0.0071034212596714,0.2404614984989166,0.0071034212596714,0.2404614984989166,0.0,0.0,0.2513067424297333,0.2513067424297333,False
2026,9,0,10,0.0086787063628435,0.3227301239967346,0.0596123076975345,0.3227301239967346,0.0,0.0,0.5142242312431335,0.5142242312431335,False
2026,9,1,10,0.0078983027487993,0.3230193555355072,0.0525968447327613,0.3230193555355072,0.0,0.0,0.2881135642528534,0.2881135642528534,False
2026,9,2,10,0.0092221824452281,0.3225188553333282,0.048110369592905,0.3225188553333282,0.0,0.0,0.5001533031463623,0.5001533031463623,False
2026,9,3,10,0.0077394521795213,0.323038786649704,0.0405602268874645,0.323038786649704,0.0,0.0,0.2588555216789245,0.2588555216789245,False
2026,9,4,10,0.0088140117004513,0.322635293006897,0.0359773002564907,0.322635293006897,0.0,0.0,0.4924000203609466,0.4924000203609466,False
2026,9,5,10,0.0082740969955921,0.322795957326889,0.0297573469579219,0.322795957326889,0.0,0.0,0.4821884334087372,0.4821884334087372,False
2026,9,6,10,0.0083105079829692,0.3227529525756836,0.0242817047983407,0.3227529525756836,0.0,0.0,0.5060153603553772,0.5060153603553772,False
2026,9,7,10,0.0085827400907874,0.3226496577262878,0.0191087462007999,0.3226496577262878,0.0,0.0,0.4549406170845032,0.4549406170845032,False
2026,9,8,10,0.0080561824142932,0.3228059411048889,0.0132473828271031,0.3228059411048889,0.0,0.0,0.5311371088027954,0.5311371088027954,False
2026,9,9,10,0.0073920926079154,0.322998046875,0.0073920926079154,0.322998046875,0.0,0.0,0.565213680267334,0.565213680267334,False
2026,10,0,10,0.007134748622775,0.2434720247983932,0.0083480384200811,0.2432763129472732,0.0001957118511199,0.0008038371196118,0.4999999701976776,0.4653297662734985,True
2026,10,1,10,0.007056743837893,0.2432765513658523,0.0051998123526573,0.2432765513658523,0.0,0.0,0.4999999701976776,0.4999999701976776,False
2026,10,2,10,0.0056398981250822,0.2438375204801559,0.0004346871282905,0.2438375204801559,0.0,0.0,0.5,0.5,False
2026,10,3,10,0.0066893701441586,0.243271917104721,0.0009855062235146,0.243271917104721,0.0,0.0,0.5,0.5,False
2026,10,4,10,0.0062715159729123,0.2432947158813476,-0.0001900121569633,0.2432947158813476,0.0,0.0,0.5,0.5,False
2026,10,5,10,0.0036930150818079,0.2439617812633514,-0.0033255568705499,0.2439617812633514,0.0,0.0,0.25,0.25,False
2026,10,6,10,0.0041874544695019,0.2436840683221817,-0.0019087293185293,0.2436840683221817,0.0,0.0,0.4999999701976776,0.4999999701976776,False
2026,10,7,10,0.0057769254781305,0.2431207150220871,0.001344722462818,0.2431207150220871,0.0,0.0,0.4960600435733795,0.4960600435733795,False
2026,10,8,10,0.0052663190290331,0.243166834115982,0.0027396152727305,0.243166834115982,0.0,0.0,0.5,0.5,False
2026,10,9,10,0.0056054051965475,0.2430077493190765,0.0056054051965475,0.2430077493190765,0.0,0.0,0.5,0.5,False
2026,11,0,10,0.0067942268215119,0.423746794462204,0.0686522871255874,0.423746794462204,0.0,0.0,1.87960147857666,1.87960147857666,False
2026,11,1,10,0.0068298643454909,0.4237498939037323,0.0619069635868072,0.4237497448921203,1.4901161193847656e-07,3.516499097279517e-07,1.8138586282730105,1.8183343410491943,True
2026,11,2,10,0.0068573327735066,0.4237525463104248,0.0551232732832431,0.4237525463104248,0.0,0.0,1.767366647720337,1.767366647720337,False
2026,11,3,10,0.0068824328482151,0.4237535893917084,0.0483111590147018,0.4237535893917084,0.0,0.0,1.6876975297927856,1.6876975297927856,False
2026,11,4,10,0.0069112023338675,0.4237521290779114,0.0414775088429451,0.4237521290779114,0.0,0.0,1.7025914192199707,1.7025914192199707,False
2026,11,5,10,0.0069391406141221,0.4237506687641144,0.0346200540661811,0.4237506687641144,0.0,0.0,1.646443247795105,1.646443247795105,False
2026,11,6,10,0.0069648311473429,0.4237481653690338,0.0277451984584331,0.4237481653690338,0.0,0.0,1.6892870664596558,1.6892870664596558,False
2026,11,7,10,0.006980930455029,0.423749178647995,0.0208457168191671,0.423749178647995,0.0,0.0,1.690626859664917,1.690626859664917,False
2026,11,8,10,0.007003896869719,0.4237460494041443,0.0139417359605431,0.4237460494041443,0.0,0.0,1.7238060235977173,1.7238060235977173,False
2026,11,9,10,0.0070166806690394,0.4237470030784607,0.0070166806690394,0.4237470030784607,0.0,0.0,1.7877297401428225,1.7877297401428225,False
2026,12,0,10,0.015628857538104,0.2331559807062149,0.03712173178792,0.2307548969984054,0.0024010837078094,0.0102981862208154,0.5000000596046448,0.5,True
2026,12,1,10,0.0117219518870115,0.2328992784023285,0.0281286388635635,0.2304123640060424,0.002486914396286,0.0106780682763212,0.5,0.5,True
2026,12,2,10,0.0117951817810535,0.2333871126174926,0.0205359011888504,0.2300734221935272,0.0033136904239654,0.0141982579363599,0.5,0.5,True
2026,12,3,10,0.008618289604783,0.2335745394229889,0.0095129143446683,0.2308745086193084,0.0027000308036804,0.0115596109505361,0.5,0.25,True
2026,12,4,10,0.0056498027406632,0.2332347482442855,0.0045167026109993,0.2306582331657409,0.0025765150785446,0.0110468748672304,0.5,0.25,True
2026,12,5,10,0.002698217285797,0.2315843850374221,0.0021201311610639,0.2302353531122207,0.0013490319252014,0.0058252283502768,0.2499999701976776,0.5,True
2026,12,6,10,0.0023028436116874,0.230470597743988,-0.0006163935177028,0.2303005307912826,0.0001700669527053,0.0007379117092163,0.5,0.4999999701976776,True
2026,12,7,10,0.0023012973833829,0.2304388284683227,-0.0018346573924645,0.2304388284683227,0.0,0.0,0.5,0.5,False
2026,12,8,10,0.0023476812057197,0.2304688245058059,-0.0007134412880986,0.2304688245058059,0.0,0.0,0.5,0.5,False
2026,12,9,10,0.0042801965028047,0.2300418615341186,0.0042801965028047,0.2300418615341186,0.0,0.0,0.4999999701976776,0.4999999701976776,False
2026,13,0,10,0.0159077905118465,0.2012911438941955,0.0881968513131141,0.2010528445243835,0.000238299369812,0.0011838542183319,0.5,0.495468258857727,True
2026,13,1,10,0.0145967351272702,0.2012389004230499,0.0727039724588394,0.2010420113801956,0.0001968890428543,0.0009783846087431,0.0999999940395355,0.2499999850988388,True
2026,13,2,10,0.0132220769301056,0.201198861002922,0.0584254078567028,0.2010197937488556,0.0001790672540664,0.0008900013308915,0.2499999850988388,0.5,True
2026,13,3,10,0.0117601118981838,0.2011968791484832,0.0454890392720699,0.2009911686182022,0.000205710530281,0.0010224340017185,0.5,0.5000000596046448,True
2026,13,4,10,0.0100951753556728,0.2011464834213256,0.0339273214340209,0.200978472828865,0.0001680105924606,0.0008352648756414,0.1000000014901161,0.4999999701976776,True
2026,13,5,10,0.0083892764523625,0.2011253237724304,0.0240657944232225,0.2009432911872863,0.000182032585144,0.0009050704393147,0.1000000089406967,0.5,True
2026,13,6,10,0.0067577930167317,0.2010180205106735,0.0158224161714315,0.2009255141019821,9.250640869140624e-05,0.000460189631041,0.25,0.5,True
2026,13,7,10,0.0051000379025936,0.200964018702507,0.0094808842986822,0.2008876800537109,7.633864879608154e-05,0.000379862272306,0.5,0.5,True
2026,13,8,10,0.003616887377575,0.2008838504552841,0.0050841732881963,0.2008362710475921,4.7579407691955566e-05,0.0002368503370685,0.25,0.4911380112171173,True
2026,13,9,10,0.0023694145493209,0.200834110379219,0.0023694145493209,0.200834110379219,0.0,0.0,0.5,0.5,False
2026,14,0,10,0.0260099302977323,0.2532667815685272,0.0604977756738662,0.2483125776052475,0.0049542039632797,0.0195612070899998,0.4851764142513275,0.4999999701976776,True
2026,14,1,10,0.0205203499644994,0.2530865967273712,0.048578780144453,0.2482640594244003,0.0048225373029708,0.0190548901653839,0.4999999701976776,0.4948640465736389,True
2026,14,2,10,0.0153234815225005,0.2525613307952881,0.0381780974566936,0.2481719404458999,0.0043893903493881,0.0173795027748959,0.4999999701976776,0.5,True
2026,14,3,10,0.01397012360394,0.2535175085067749,0.0285110771656036,0.2482509911060333,0.0052665174007415,0.0207737817863606,0.4999999701976776,0.4999999701976776,True
2026,14,4,10,0.0098642855882644,0.2539918422698974,0.0202016551047563,0.2483630031347274,0.0056288391351699,0.0221614957585474,0.5,0.5,True
2026,14,5,10,0.0049922708421945,0.2502033412456512,0.0130017679184675,0.2485829442739486,0.0016203969717025,0.0064763202746827,0.4999999701976776,0.25,True
2026,14,6,10,0.0033078223932534,0.2494524121284485,0.0097498744726181,0.2482118010520935,0.0012406110763549,0.0049733376629613,0.25,0.5,True
2026,14,7,10,0.0024842123966664,0.2489786148071289,0.0063213356770575,0.2482750564813614,0.0007035583257675,0.0028257781348511,0.25,0.5,True
2026,14,8,10,0.0028520594350993,0.2484531253576278,0.0043533421121537,0.2483591139316558,9.401142597198486e-05,0.0003783869727404,0.5,0.4915499687194824,True
2026,14,9,10,0.003857547417283,0.2484482377767563,0.003857547417283,0.2484482377767563,0.0,0.0,0.25,0.25,False
2026,15,0,10,0.0361172743141651,0.2538022994995117,0.0859496593475341,0.246775597333908,0.0070267021656036,0.0276857308994442,0.4911165237426758,0.4875700175762176,True
2026,15,1,10,0.0294139143079519,0.2536423504352569,0.0700358524918556,0.2467584460973739,0.0068839043378829,0.0271402008618435,0.4999999701976776,0.4999999701976776,True
2026,15,2,10,0.0247317124158144,0.2538639605045318,0.0556254461407661,0.2467461228370666,0.0071178376674652,0.0280379997748366,0.5,0.4999999701976776,True
2026,15,3,10,0.0173610392957925,0.2533029019832611,0.0426188893616199,0.2468008399009704,0.0065020620822906,0.0256691180060792,0.5,0.4999999701976776,True
2026,15,4,10,0.0112940715625882,0.2527830004692077,0.0317077115178108,0.2467841804027557,0.005998820066452,0.023731105554239,0.4999999701976776,0.5,True
2026,15,5,10,0.0075925011187791,0.249124988913536,0.0226465296000242,0.2467801868915558,0.0023448020219802,0.0094121510339297,0.25,0.5,True
2026,15,6,10,0.00523137813434,0.2481796741485595,0.0155813917517662,0.2467665374279022,0.0014131367206573,0.0056940066728085,0.2499999701976776,0.5,True
2026,15,7,10,0.0040499097667634,0.2474155277013778,0.0104099698364734,0.2467718720436096,0.0006436556577682,0.0026015168237343,0.4999999701976776,0.5,True
2026,15,8,10,0.004125534556806,0.2469344437122345,0.0070819132961332,0.2467998266220092,0.0001346170902252,0.0005451531515874,0.4950197637081146,0.5,True
2026,15,9,10,0.0056073418818414,0.2468306273221969,0.0056073418818414,0.2468306273221969,0.0,0.0,0.4898656606674194,0.4898656606674194,False
2026,16,0,10,0.0077689024619758,0.3148735165596008,0.042802345007658,0.3148735165596008,0.0,0.0,0.4747414290904999,0.4747414290904999,False
2026,16,1,10,0.0081048952415585,0.314676433801651,0.038540381938219,0.314676433801651,0.0,0.0,0.4875428080558777,0.4875428080558777,False
2026,16,2,10,0.0074924300424754,0.3148711919784546,0.0332569852471351,0.3148711919784546,0.0,0.0,0.4999999701976776,0.4999999701976776,False
2026,16,3,10,0.0079129636287689,0.3146567046642303,0.0295028649270534,0.3146567046642303,0.0,0.0,0.4988381564617157,0.4988381564617157,False
2026,16,4,10,0.0063072289340198,0.3151454031467438,0.0237408876419067,0.3151454031467438,0.0,0.0,0.2413454204797744,0.2413454204797744,False
2026,16,5,10,0.0084341596812009,0.3143732845783233,0.0221975930035114,0.3143732845783233,0.0,0.0,0.4957221150398254,0.4957221150398254,False
2026,16,6,10,0.0071537387557327,0.3147599697113037,0.0171715728938579,0.3147599697113037,0.0,0.0,0.4961898326873779,0.4961898326873779,False
2026,16,7,10,0.0073048747144639,0.3146843314170837,0.0138019695878028,0.3146843314170837,0.0,0.0,0.495226502418518,0.495226502418518,False
2026,16,8,10,0.0067237676121294,0.3148313462734222,0.0098979324102401,0.3148313462734222,0.0,0.0,0.524628758430481,0.524628758430481,False
2026,16,9,10,0.0064115892164409,0.3148984014987945,0.0064115892164409,0.3148984014987945,0.0,0.0,0.3741774559020996,0.3741774559020996,False
2026,17,0,10,0.0068469131365418,0.4205194115638733,0.0694514065980911,0.4205186367034912,7.748603820800781e-07,1.8426269056128544e-06,1.8249577283859253,1.8198843002319336,True
2026,17,1,10,0.006881839595735,0.4205203056335449,0.0626278221607208,0.4205203056335449,0.0,0.0,1.7383450269699097,1.7383450269699097,False
2026,17,2,10,0.0069160545244812,0.4205198884010315,0.0557696558535099,0.4205198884010315,0.0,0.0,1.6745197772979736,1.6745197772979736,False
2026,17,3,10,0.0069399690255522,0.4205221533775329,0.0488720685243606,0.4205217957496643,3.5762786865234375e-07,8.504376422977068e-07,1.6306356191635132,1.630626201629639,True
2026,17,4,10,0.0069759571924805,0.4205175042152405,0.0419607460498809,0.4205175042152405,0.0,0.0,1.6443445682525637,1.6443445682525637,False
2026,17,5,10,0.0069964379072189,0.4205178022384643,0.0350142642855644,0.4205178022384643,0.0,0.0,1.6277713775634766,1.6277713775634766,False
2026,17,6,10,0.0070340815000236,0.4205099642276764,0.028066836297512,0.4205099642276764,0.0,0.0,1.6268781423568726,1.6268781423568726,False
2026,17,7,10,0.0070350281894207,0.4205170571804046,0.0210674405097961,0.4205170571804046,0.0,0.0,1.6059225797653198,1.6059225797653198,False
2026,17,8,10,0.0070542045868933,0.4205151498317718,0.0140752643346786,0.4205151498317718,0.0,0.0,1.6432543992996216,1.6432543992996216,False
2026,17,9,10,0.0070819035172462,0.420508861541748,0.0070819035172462,0.420508861541748,0.0,0.0,1.7227859497070312,1.7227859497070312,False
2026,18,0,10,0.008626471273601,0.3512194156646728,0.0817114636301994,0.3512194156646728,0.0,0.0,0.750383734703064,0.750383734703064,False
2026,18,1,10,0.0087411049753427,0.3512024879455566,0.0737578421831131,0.3512024879455566,0.0,0.0,0.6845037937164307,0.6845037937164307,False
2026,18,2,10,0.0088873915374279,0.3511678576469421,0.0657884627580642,0.3511678576469421,0.0,0.0,0.6628857254981995,0.6628857254981995,False
2026,18,3,10,0.0088446196168661,0.3512004911899566,0.0575839057564735,0.3512004911899566,0.0,0.0,0.6502937078475952,0.6502937078475952,False
2026,18,4,10,0.0088630514219403,0.351199209690094,0.0494496673345565,0.351199209690094,0.0,0.0,0.6364409923553467,0.6364409923553467,False
2026,18,5,10,0.0087144011631608,0.3512603044509887,0.0411268174648284,0.3512603044509887,0.0,0.0,0.5758775472640991,0.5758775472640991,False
2026,18,6,10,0.0085627688094973,0.3513099253177643,0.0328387059271335,0.3513099253177643,0.0,0.0,0.6469139456748962,0.6469139456748962,False
2026,18,7,10,0.0088463919237256,0.3512043952941894,0.0250042974948883,0.3512043952941894,0.0,0.0,0.71817547082901,0.71817547082901,False
2026,18,8,10,0.0086884004995226,0.3512538373470306,0.0167492013424634,0.3512538373470306,0.0,0.0,0.7233186960220337,0.7233186960220337,False
2026,18,9,10,0.0085626514628529,0.3512895703315735,0.0085626514628529,0.3512895703315735,0.0,0.0,0.8116967678070068,0.8116967678070068,False
2026,19,0,10,0.2023924887180328,0.3878745138645172,0.3692098557949066,0.3162217438220978,0.0716527700424194,0.1847318333151618,0.4897477030754089,0.4998493790626526,True
2026,19,1,10,0.1877681761980056,0.3661856651306152,0.2574879229068756,0.3146122395992279,0.0515734255313873,0.1408395533806369,0.25,0.467075914144516,True
2026,19,2,10,0.1859979778528213,0.3692486584186554,0.1364451348781585,0.3140796720981598,0.0551689863204956,0.1494087657806594,0.5,0.4999999403953552,True
2026,19,3,10,0.1589875221252441,0.3679018914699554,0.0156630426645278,0.3130626678466797,0.0548392236232757,0.1490593685293792,0.5,0.4999999701976776,True
2026,19,4,10,0.1089827865362167,0.3568718135356903,-0.0996617004275322,0.3130777478218078,0.0437940657138824,0.1227165162751152,0.2499999701976776,0.5,True
2026,19,5,10,0.0454435870051384,0.3396700024604797,-0.184342473745346,0.3116144239902496,0.0280555784702301,0.0825965739305882,0.4491576850414276,0.5,True
2026,19,6,10,-0.0128387166187167,0.3324190378189087,-0.2244997918605804,0.310863196849823,0.0215558409690856,0.0648453864451308,0.2499999701976776,0.4969262182712555,True
2026,19,7,10,-0.0434745885431766,0.3196011483669281,-0.2083287537097931,0.3110100328922272,0.0085911154747009,0.0268807403183596,0.477546751499176,0.4999999701976776,True
2026,19,8,10,-0.0475638844072818,0.3115391731262207,-0.1405950337648391,0.3115391731262207,0.0,0.0,0.5004693269729614,0.5004693269729614,False
2026,19,9,10,-0.0277736522257328,0.3083678483963012,-0.0277736522257328,0.3083678483963012,0.0,0.0,0.4633030295372009,0.4633030295372009,False
2026,20,0,10,0.0133946621790528,0.2043691128492355,0.0754256173968315,0.2041856199502945,0.000183492898941,0.0008978504451228,0.5,0.4923540353775024,True
2026,20,1,10,0.012692917138338,0.20418581366539,0.0637245774269104,0.2041463404893875,3.947317600250244e-05,0.0001933198751368,0.2377649545669555,0.5,True
2026,20,2,10,0.0122368168085813,0.2042508125305175,0.0528507120907306,0.204106330871582,0.0001444816589355,0.0007073737291202,0.2499999850988388,0.5,True
2026,20,3,10,0.011710412800312,0.20415660738945,0.0429978966712951,0.2040474265813827,0.0001091808080673,0.0005347894905945,0.5,0.2499999850988388,True
2026,20,4,10,0.0110087785869836,0.2040709257125854,0.0339090228080749,0.2040424942970276,2.8431415557861328e-05,0.0001393212455845,0.25,0.5,True
2026,20,5,10,0.0101706041023135,0.2039743810892105,0.0262507386505603,0.2039743810892105,0.0,0.0,0.5,0.5,False
2026,20,6,10,0.0094879567623138,0.2040276676416397,0.01943339407444,0.2039795964956283,4.807114601135254e-05,0.0002356109177103,0.2499999850988388,0.4999999701976776,True
2026,20,7,10,0.0086643425747752,0.2039737403392791,0.013934158720076,0.2039737403392791,0.0,0.0,0.2499999850988388,0.2499999850988388,False
2026,20,8,10,0.0079962816089391,0.2039091885089874,0.0100339138880372,0.2039091885089874,0.0,0.0,0.5000000596046448,0.5000000596046448,False
2026,20,9,10,0.0070943823084235,0.2039228975772857,0.0070943823084235,0.2039228975772857,0.0,0.0,0.5000000596046448,0.5000000596046448,False
2026,21,0,10,0.0065583437681198,0.4581475257873535,0.0607198625802993,0.4581475257873535,0.0,0.0,2.525012969970703,2.525012969970703,False
2026,21,1,10,0.0065902010537683,0.4581513404846191,0.0548054911196231,0.4581513404846191,0.0,0.0,2.4616212844848637,2.4616212844848637,False
2026,21,2,10,0.006620162166655,0.4581557810306549,0.0488631539046764,0.4581557810306549,0.0,0.0,2.3957598209381104,2.3957598209381104,False
2026,21,3,10,0.0066484650596976,0.4581591784954071,0.0429011471569538,0.4581585526466369,6.258487701416016e-07,1.3660072732732026e-06,2.315378904342652,2.3147521018981934,True
2026,21,4,10,0.0066843451932072,0.458157867193222,0.0369269251823425,0.458157867193222,0.0,0.0,2.3046698570251465,2.3046698570251465,False
2026,21,5,10,0.0067036477848887,0.4581623375415802,0.0309240389615297,0.4581623375415802,0.0,0.0,2.252500534057617,2.252500534057617,False
2026,21,6,10,0.0067268568091094,0.4581658542156219,0.0249078813940286,0.4581658542156219,0.0,0.0,2.2422749996185303,2.243515968322754,True
2026,21,7,10,0.0067524332553148,0.4581668972969055,0.0188836622983217,0.4581668972969055,0.0,0.0,2.219921350479126,2.219921350479126,False
2026,21,8,10,0.0067855860106647,0.4581642150878906,0.0128559991717338,0.4581642150878906,0.0,0.0,2.2719554901123047,2.2719554901123047,False
2026,21,9,10,0.0068085570819675,0.4581657648086548,0.0068085570819675,0.4581657648086548,0.0,0.0,2.3210458755493164,2.3210458755493164,False
2026,22,0,10,0.0119509790092706,0.21234992146492,0.0547185018658638,0.2122600823640823,8.983910083770752e-05,0.0004230710339704,0.5,0.4876183271408081,True
2026,22,1,10,0.0115192933008074,0.2122446298599243,0.0459284000098705,0.2121725678443908,7.206201553344727e-05,0.0003395233866741,0.5,0.5,True
2026,22,2,10,0.0110801113769412,0.2122035324573516,0.0373883992433548,0.2122035324573516,0.0,0.0,0.25,0.25,False
2026,22,3,10,0.0106287039816379,0.2122063934803009,0.0298615656793117,0.2122063934803009,0.0,0.0,0.4999999701976776,0.4999999701976776,False
2026,22,4,10,0.0100433873012661,0.212210863828659,0.0232745371758937,0.212210863828659,0.0,0.0,0.4999999701976776,0.4999999701976776,False
2026,22,5,10,0.009490325115621,0.2120378017425537,0.0185308903455734,0.2120378017425537,0.0,0.0,0.493169754743576,0.493169754743576,False
2026,22,6,10,0.0089781852439045,0.2120149433612823,0.0141453128308057,0.212012305855751,2.637505531311035e-06,1.2440186948599257e-05,0.5,0.5,True
2026,22,7,10,0.0085562039166688,0.2120064347982406,0.0108101926743984,0.2119949907064438,1.1444091796875e-05,5.397992663650023e-05,0.5,0.4969866573810577,True
2026,22,8,10,0.0078036193735897,0.212000623345375,0.0084782717749476,0.212000623345375,0.0,0.0,0.4999999701976776,0.4999999701976776,False
2026,22,9,10,0.0074161691591143,0.2119748890399933,0.0074161691591143,0.2119748890399933,0.0,0.0,0.4859629571437835,0.4859629571437835,False
2026,23,0,10,0.0035308862570673,0.2652009427547455,-0.0063103483989834,0.2652009427547455,0.0,0.0,0.5,0.5,False
2026,23,1,10,0.0043827230110764,0.2646996676921844,-0.0059289657510817,0.2646996676921844,0.0,0.0,0.5,0.5,False
2026,23,2,10,0.0036702179349958,0.264832854270935,-0.0073559801094233,0.264832854270935,0.0,0.0,0.5,0.5,False
2026,23,3,10,0.0052427207119762,0.264092355966568,-0.004907255526632,0.264092355966568,0.0,0.0,0.5,0.5,False
2026,23,4,10,0.0022191845346242,0.2650324702262878,-0.0082584507763385,0.2650324702262878,0.0,0.0,0.4999999701976776,0.4999999701976776,False
2026,23,5,10,0.0046002524904906,0.2641399800777435,-0.0041499705985188,0.2641399800777435,0.0,0.0,0.5,0.5,False
2026,23,6,10,0.0027274324093014,0.2646493017673492,-0.0048293992877006,0.2646493017673492,0.0,0.0,0.5,0.5,False
2026,23,7,10,0.00058127369266,0.2651596665382385,-0.0050199814140796,0.2651596665382385,0.0,0.0,0.4990934729576111,0.4990934729576111,False
2026,23,8,10,0.0023736883886158,0.2645662128925323,-0.0005770155694335,0.2645662128925323,0.0,0.0,0.5001343488693237,0.5001343488693237,False
2026,23,9,10,0.0021449658088386,0.2645465433597564,0.0021449658088386,0.2645465433597564,0.0,0.0,0.507565438747406,0.507565438747406,False
42,0,0,20,0.00425857026129961,0.33163848519325256,0.0013069130945950747,0.33163848519325256,0.0,0.0,0.5,0.5,False
42,0,1,20,0.003197882091626525,0.33262398838996887,-0.004848399665206671,0.33262398838996887,0.0,0.0,0.4999999701976776,0.4999999701976776,False
42,0,2,20,0.0027577653527259827,0.3326902389526367,-0.007487449329346418,0.3326006531715393,8.958578109741211e-05,0.0002692768545883486,0.5,0.2499999850988388,True
42,0,3,20,0.002483471529558301,0.33244600892066956,-0.009277289733290672,0.33244600892066956,0.0,0.0,0.4999999701976776,0.4999999701976776,False
42,0,4,20,0.002090028254315257,0.33256596326828003,-0.01141691580414772,0.33256596326828003,0.0,0.0,0.5,0.5,False
42,0,5,20,0.0014795745955780149,0.33270636200904846,-0.013162036426365376,0.33270636200904846,0.0,0.0,0.4999999701976776,0.4999999701976776,False
42,0,6,20,0.0011598009150475264,0.33254387974739075,-0.013545981608331203,0.33254387974739075,0.0,0.0,0.5,0.5,False
42,0,7,20,0.0005996520631015301,0.3328426778316498,-0.014874536544084549,0.3328426778316498,0.0,0.0,0.4999999701976776,0.4999999701976776,False
42,0,8,20,0.0001428900141036138,0.33297768235206604,-0.015300558879971504,0.33297768235206604,0.0,0.0,0.5,0.5,False
42,0,9,20,0.0001096372288884595,0.33290329575538635,-0.0147187989205122,0.33290329575538635,0.0,0.0,0.4999999701976776,0.4999999701976776,False
42,0,10,20,0.00011452454782556742,0.33265921473503113,-0.013317455537617207,0.33265921473503113,0.0,0.0,0.4999999701976776,0.4999999701976776,False
42,0,11,20,-0.0006824459997005761,0.3330865204334259,-0.013646772131323814,0.3330865204334259,0.0,0.0,0.5,0.5,False
42,0,12,20,8.055294892983511e-05,0.33259591460227966,-0.011023439466953278,0.33259591460227966,0.0,0.0,0.4999999701976776,0.4999999701976776,False
42,0,13,20,-0.0004044675442855805,0.3328571319580078,-0.010467140935361385,0.3328571319580078,0.0,0.0,0.4999999701976776,0.4999999701976776,False
42,0,14,20,0.0001239421690115705,0.3326455354690552,-0.008388235233724117,0.3326455354690552,0.0,0.0,0.5,0.5,False
42,0,15,20,-0.0004760223382618278,0.3329084813594818,-0.007607241161167622,0.3329084813594818,0.0,0.0,0.4999999403953552,0.4999999403953552,False
42,0,16,20,-0.0010574950138106942,0.3331279456615448,-0.006645073648542166,0.3331279456615448,0.0,0.0,0.25,0.25,False
42,0,17,20,-0.000996992806904018,0.333087295293808,-0.004797126166522503,0.333087295293808,0.0,0.0,0.4999999701976776,0.4999999701976776,False
42,0,18,20,-0.0011517124949023128,0.33311232924461365,-0.0031212931498885155,0.33311232924461365,0.0,0.0,0.5,0.5,False
42,0,19,20,-0.0012573999119922519,0.3331093192100525,-0.0012573999119922519,0.3331093192100525,0.0,0.0,0.4999999701976776,0.4999999701976776,False
42,1,0,20,0.000895764387678355,0.5076678991317749,-0.00804504007101059,0.5074552893638611,0.00021260976791381836,0.00041879695028468095,0.5281213521957397,0.5919554829597473,True
42,1,1,20,0.0008131168433465064,0.5075157284736633,-0.008928430266678333,0.5075157284736633,0.0,0.0,0.6073073148727417,0.6073073148727417,False
42,1,2,20,0.000630380236543715,0.5075896978378296,-0.009671549312770367,0.5075896978378296,0.0,0.0,0.49720674753189087,0.49720674753189087,False
42,1,3,20,0.0005132636870257556,0.5076090693473816,-0.009995212778449059,0.5075185894966125,9.047985076904297e-05,0.00017824711226174567,0.5799996852874756,0.5554474592208862,True
42,1,4,20,0.0005527951871044934,0.5075482130050659,-0.010398113168776035,0.5075482130050659,0.0,0.0,0.5841493606567383,0.5841493606567383,False
42,1,5,20,0.0003476104757282883,0.5075870156288147,-0.01069034356623888,0.5075870156288147,0.0,0.0,0.611046552658081,0.611046552658081,False
42,1,6,20,0.0001282171724596992,0.507614254951477,-0.010802153497934341,0.5076004862785339,1.3768672943115234e-05,2.7124283466845083e-05,0.6099539995193481,0.625874936580658,True
42,1,7,20,0.0002054309588856995,0.5074954628944397,-0.010544085875153542,0.5074954628944397,0.0,0.0,0.6045348048210144,0.6045348048210144,False
42,1,8,20,0.00014094120706431568,0.507424533367157,-0.010213838890194893,0.507424533367157,0.0,0.0,0.6702846884727478,0.6702846884727478,False
42,1,9,20,-0.000179898357600905,0.5075343251228333,-0.010097663849592209,0.5075343251228333,0.0,0.0,0.6676204800605774,0.6676204800605774,False
42,1,10,20,-8.1073165347334e-05,0.5073834657669067,-0.009330852888524532,0.5073834657669067,0.0,0.0,0.6906264424324036,0.6906264424324036,False
42,1,11,20,-0.00032531406031921506,0.5074557662010193,-0.008872131817042828,0.5074557662010193,0.0,0.0,0.7289451360702515,0.7289451360702515,False
42,1,12,20,-0.00042876863153651357,0.5074486136436462,-0.008136791177093983,0.5074486136436462,0.0,0.0,0.7421217560768127,0.7421217560768127,False
42,1,13,20,-0.00048529633204452693,0.507419228553772,-0.007247854024171829,0.507419228553772,0.0,0.0,0.7522338628768921,0.7522338628768921,False
42,1,14,20,-0.00038559941458515823,0.5073070526123047,-0.006098817568272352,0.5073070526123047,0.0,0.0,0.8269967436790466,0.8269967436790466,False
42,1,15,20,-0.00040903224726207554,0.5072768330574036,-0.005026491824537516,0.5072768330574036,0.0,0.0,0.8956745862960815,0.8956745862960815,False
42,1,16,20,-0.0007110265432856977,0.5074324607849121,-0.004250038415193558,0.5074324607849121,0.0,0.0,0.9690707325935364,0.9690707325935364,False
42,1,17,20,-0.0007272475631907582,0.5074210166931152,-0.0030861892737448215,0.5074210166931152,0.0,0.0,1.0223900079727173,1.0223900079727173,False
42,1,18,20,-0.0005425448762252927,0.5073237419128418,-0.001710259122774005,0.5073237419128418,0.0,0.0,1.1225452423095703,1.1225452423095703,False
42,1,19,20,-0.0007712130318395793,0.5074638724327087,-0.0007712130318395793,0.5074638724327087,0.0,0.0,1.2407504320144653,1.2407504320144653,False
42,2,0,20,0.0012493268586695194,0.4452005922794342,-0.01021105982363224,0.4452005922794342,0.0,0.0,0.4999999701976776,0.4999999701976776,False
42,2,1,20,0.0010860665934160352,0.4459463953971863,-0.011975125409662724,0.44548264145851135,0.00046375393867492676,0.0010399320264981176,0.5,0.4999999701976776,True
42,2,2,20,0.000874201359692961,0.4459457993507385,-0.012139596045017242,0.44517216086387634,0.0007736384868621826,0.0017348262680992588,0.48715460300445557,0.5,True
42,2,3,20,0.0007104281103238463,0.4458377957344055,-0.013543772511184216,0.44550904631614685,0.000328749418258667,0.0007373744922570664,0.5,0.5,True
42,2,4,20,0.0005133792874403298,0.44582033157348633,-0.013723600655794144,0.4453902840614319,0.00043004751205444336,0.0009646206814674106,0.5,0.5,True
42,2,5,20,0.0004068402049597353,0.4458578824996948,-0.014384035021066666,0.4455733001232147,0.00028458237648010254,0.0006382804648077459,0.4999999701976776,0.4999999701976776,True
42,2,6,20,0.0002564294554758817,0.44583818316459656,-0.014712745323777199,0.4456935524940491,0.00014463067054748535,0.00032440171346672194,0.4999999701976776,0.5,True
42,2,7,20,-5.801103907288052e-05,0.44584283232688904,-0.014843977987766266,0.4458119869232178,3.084540367126465e-05,6.918447810471696e-05,0.4999999701976776,0.5,True
42,2,8,20,-0.0001610757171874866,0.44578224420547485,-0.014381793327629566,0.4457511305809021,3.1113624572753906e-05,6.979556717923623e-05,0.5,0.478200227022171,True
42,2,9,20,-0.00023355070152319968,0.44573360681533813,-0.0138084776699543,0.44572538137435913,8.225440979003906e-06,1.8453715073836926e-05,0.4993799030780792,0.4999999701976776,True
42,2,10,20,-0.0004795721033588052,0.4457213282585144,-0.013105180114507675,0.4457213282585144,0.0,0.0,0.4999541938304901,0.4999541938304901,False
42,2,11,20,-0.0004243707226123661,0.4456261694431305,-0.012029573321342468,0.4456261694431305,0.0,0.0,0.49555009603500366,0.49555009603500366,False
42,2,12,20,-0.0007925788522697985,0.4457222819328308,-0.011232445947825909,0.4457222819328308,0.0,0.0,0.5062656402587891,0.5062656402587891,False
42,2,13,20,-0.0007054345333017409,0.44560563564300537,-0.009821150451898575,0.44560563564300537,0.0,0.0,0.5037047266960144,0.5037047266960144,False
42,2,14,20,-0.0008744794758968055,0.44562992453575134,-0.008608337491750717,0.44562992453575134,0.0,0.0,0.5054302215576172,0.5054302215576172,False
42,2,15,20,-0.0008816404151730239,0.44558122754096985,-0.00712894182652235,0.44558122754096985,0.0,0.0,0.538433849811554,0.538433849811554,False
42,2,16,20,-0.000835829006973654,0.44552209973335266,-0.0055418373085558414,0.44552209973335266,0.0,0.0,0.5061945915222168,0.5061945915222168,False
42,2,17,20,-0.001024281489662826,0.44559794664382935,-0.004188880790024996,0.44559794664382935,0.0,0.0,0.5330258011817932,0.5330258011817932,False
42,2,18,20,-0.0010833509732037783,0.4456257224082947,-0.0026752017438411713,0.4456257224082947,0.0,0.0,0.5800092816352844,0.5800092816352844,False
42,2,19,20,-0.0010846725199371576,0.44563642144203186,-0.0010846725199371576,0.44563642144203186,0.0,0.0,0.6433806419372559,0.6433806419372559,False
42,3,0,20,0.007329558487981558,0.29243141412734985,0.039406273514032364,0.29243141412734985,0.0,0.0,0.47926586866378784,0.47926586866378784,False
42,3,1,20,0.007772291079163551,0.2922995090484619,0.03420386090874672,0.2922094762325287,9.003281593322754e-05,0.00030801562488529707,0.4999999701976776,0.5,True
42,3,2,20,0.0066044810228049755,0.29293712973594666,0.02621636539697647,0.29293712973594666,0.0,0.0,0.5,0.5,False
42,3,3,20,0.007739640306681395,0.29157713055610657,0.0259556844830513,0.29157713055610657,0.0,0.0,0.4999999701976776,0.4999999701976776,False
42,3,4,20,0.006174624897539616,0.2926619350910187,0.017952078953385353,0.2926619350910187,0.0,0.0,0.4999999701976776,0.4999999701976776,False
42,3,5,20,0.00483127823099494,0.2933596968650818,0.011889738962054253,0.2933596968650818,0.0,0.0,0.4999999701976776,0.4999999701976776,False
42,3,6,20,0.0055321622639894485,0.29262813925743103,0.0113114845007658,0.29262813925743103,0.0,0.0,0.5,0.5,False
42,3,7,20,0.004671105183660984,0.2929624617099762,0.007640473544597626,0.2929624617099762,0.0,0.0,0.5,0.5,False
42,3,8,20,0.004572260193526745,0.29293200373649597,0.005736577790230513,0.29293200373649597,0.0,0.0,0.5,0.5,False
42,3,9,20,0.004171446431428194,0.2928154170513153,0.004530205391347408,0.2928154170513153,0.0,0.0,0.4999999701976776,0.4999999701976776,False
42,3,10,20,0.003962251357734203,0.2929239869117737,0.0029697087593376637,0.2929239869117737,0.0,0.0,0.5,0.5,False
42,3,11,20,0.0037647695280611515,0.2929757237434387,0.0018743174150586128,0.2929757237434387,0.0,0.0,0.4999999701976776,0.4999999701976776,False
42,3,12,20,0.0046210275031626225,0.2926056385040283,0.002585961949080229,0.2926056385040283,0.0,0.0,0.5,0.5,False
42,3,13,20,0.008135817013680935,0.2911900579929352,0.007076410111039877,0.2911900579929352,0.0,0.0,0.5,0.5,False
42,3,14,20,0.004348785150796175,0.2928248941898346,0.0013897416647523642,0.2928248941898346,0.0,0.0,0.5,0.5,False
42,3,15,20,0.002527579665184021,0.29344961047172546,-0.0006547514931298792,0.29344961047172546,0.0,0.0,0.5,0.5,False
42,3,16,20,0.003184216795489192,0.29315951466560364,0.0006433224771171808,0.29315951466560364,0.0,0.0,0.5,0.5,False
42,3,17,20,0.002259528962895274,0.2933567762374878,0.0004391305847093463,0.2933567762374878,0.0,0.0,0.5,0.5,False
42,3,18,20,0.0013398185838013887,0.29359856247901917,0.00028314965311437845,0.29359856247901917,0.0,0.0,0.4999999701976776,0.4999999701976776,False
42,3,19,20,0.001236004289239645,0.2935653328895569,0.001236004289239645,0.2935653328895569,0.0,0.0,0.4603174328804016,0.4603174328804016,False
42,4,0,20,0.00121217779815197,0.4520284831523895,-0.010813730768859386,0.4520284831523895,0.0,0.0,0.46334564685821533,0.46334564685821533,False
42,4,1,20,0.0009972440311685205,0.4521905481815338,-0.011630548164248466,0.4519110918045044,0.00027945637702941895,0.0006180057901547071,0.49387240409851074,0.5,True
42,4,2,20,0.0007946543046273291,0.4521650969982147,-0.012263325043022633,0.4518277049064636,0.00033739209175109863,0.0007461701356228978,0.5,0.49078628420829773,True
42,4,3,20,0.0008029776508919895,0.4523165822029114,-0.013289622962474823,0.4520145058631897,0.0003020763397216797,0.0006678427269910851,0.48602771759033203,0.5,True
42,4,4,20,0.000503363786265254,0.45232927799224854,-0.013930692337453365,0.45211413502693176,0.00021514296531677246,0.00047563351696296635,0.4913502633571625,0.4999999701976776,True
42,4,5,20,0.0003477389400359243,0.4523312449455261,-0.014404906891286373,0.4522238075733185,0.0001074373722076416,0.00023751923708162189,0.5,0.5,True
42,4,6,20,0.00010519284842303023,0.45234575867652893,-0.014311418868601322,0.4521595537662506,0.0001862049102783203,0.0004116428787198486,0.4999999701976776,0.5,True
42,4,7,20,1.3759738976659719e-05,0.4522850811481476,-0.014394385740160942,0.45225879549980164,2.6285648345947266e-05,5.811743398482186e-05,0.49945738911628723,0.4994860291481018,True
42,4,8,20,2.449341627652757e-05,0.4521982669830322,-0.013940454460680485,0.4521982669830322,0.0,0.0,0.4948611557483673,0.4948611557483673,False
42,4,9,20,-0.0002815036859828979,0.45221462845802307,-0.013473942875862122,0.45221462845802307,0.0,0.0,0.5,0.5,False
42,4,10,20,-0.0004768896324094385,0.45220908522605896,-0.012786386534571648,0.45220908522605896,0.0,0.0,0.260324090719223,0.260324090719223,False
42,4,11,20,-0.000464552897028625,0.45212408900260925,-0.011760622262954712,0.45212408900260925,0.0,0.0,0.4578787088394165,0.4578787088394165,False
42,4,12,20,-0.0004592479090206325,0.4520476460456848,-0.0106072798371315,0.4520476460456848,0.0,0.0,0.5061086416244507,0.5061086416244507,False
42,4,13,20,-0.0007075726753100753,0.4520929753780365,-0.009590423665940762,0.4520929753780365,0.0,0.0,0.5275719165802002,0.5275719165802002,False
42,4,14,20,-0.0007703916635364294,0.45207634568214417,-0.008302472531795502,0.4520682096481323,8.13603401184082e-06,1.7997035433393992e-05,0.5165940523147583,0.508945107460022,True
42,4,15,20,-0.000830568780656904,0.45204833149909973,-0.006924808025360107,0.45204833149909973,0.0,0.0,0.5493894815444946,0.5493894815444946,False
42,4,16,20,-0.0008589579374529421,0.4520297646522522,-0.005466407164931297,0.4520297646522522,0.0,0.0,0.5003176927566528,0.5003176927566528,False
42,4,17,20,-0.0010069829877465963,0.45208272337913513,-0.004098153673112392,0.45208272337913513,0.0,0.0,0.5647443532943726,0.5647443532943726,False
42,4,18,20,-0.0009277471690438688,0.4520433843135834,-0.002473272383213043,0.4520433843135834,0.0,0.0,0.623897135257721,0.623897135257721,False
42,4,19,20,-0.0011804398382082582,0.4521715044975281,-0.0011804398382082582,0.4521715044975281,0.0,0.0,0.5803104043006897,0.5803104043006897,False
42,5,0,20,0.0010747740743681788,0.5908200144767761,0.0106887212023139,0.590674877166748,0.00014513731002807617,0.0002456540172502589,1.5550256967544556,1.5568650960922241,True
42,5,1,20,0.0010958518832921982,0.5906854271888733,0.010378330014646053,0.5903760194778442,0.00030940771102905273,0.0005238113161205834,1.5127249956130981,1.540509581565857,True
42,5,2,20,0.0011730169644579291,0.5902908444404602,0.009836951270699501,0.5901989936828613,9.185075759887695e-05,0.00015560254485387246,1.5222464799880981,1.5398950576782227,True
42,5,3,20,0.0011667085345834494,0.590045154094696,0.009236129000782967,0.590045154094696,0.0,0.0,1.5147802829742432,1.5147802829742432,False
42,5,4,20,0.0011525352019816637,0.5900623798370361,0.00861616525799036,0.5898993015289307,0.00016307830810546875,0.0002763746913512904,1.5278502702713013,1.5220953226089478,True
42,5,5,20,0.0011320598423480988,0.5897462964057922,0.008017671294510365,0.5897462964057922,0.0,0.0,1.5445690155029297,1.5445690155029297,False
42,5,6,20,0.0011089585023000836,0.5896798968315125,0.00739937461912632,0.5896170735359192,6.282329559326172e-05,0.00010653796395438599,1.557976484298706,1.5556275844573975,True
42,5,7,20,0.0010175033239647746,0.5896063446998596,0.006954923737794161,0.5894020199775696,0.00020432472229003906,0.00034654430727683403,1.5617620944976807,1.5986822843551636,True
42,5,8,20,0.0010176203213632107,0.5895226001739502,0.006161850411444902,0.5894128084182739,0.00010979175567626953,0.00018623841671866918,1.6138091087341309,1.6173533201217651,True
42,5,9,20,0.0009992809500545263,0.5893948674201965,0.005511668976396322,0.5893619060516357,3.2961368560791016e-05,5.5924084824600125e-05,1.6657183170318604,1.6573138236999512,True
42,5,10,20,0.0009012630325742066,0.5893707275390625,0.005046939942985773,0.5892257690429688,0.00014495849609375,0.0002459546925566343,1.6903352737426758,1.7179591655731201,True
42,5,11,20,0.0008845904958434403,0.5892464518547058,0.00448530213907361,0.5891693830490112,7.706880569458008e-05,0.0001307921421537612,1.768049716949463,1.7955758571624756,True
42,5,12,20,0.0008489745669066906,0.5892066359519958,0.0039389245212078094,0.5891258716583252,8.07642936706543e-05,0.0001370729532605508,1.860298752784729,1.8638172149658203,True
42,5,13,20,0.0008400413789786398,0.5891241431236267,0.0033750904258340597,0.5891121029853821,1.2040138244628906e-05,2.0437353289902945e-05,1.9379044771194458,1.9354106187820435,True
42,5,14,20,0.0008155044633895159,0.5890563130378723,0.0029620423447340727,0.5890268087387085,2.950429916381836e-05,5.00873999833042e-05,2.0188663005828857,2.034341335296631,True
42,5,15,20,0.0007558361394330859,0.5889742970466614,0.002518705790862441,0.5889742970466614,0.0,0.0,2.1201469898223877,2.1201469898223877,False
42,5,16,20,0.0007734583341516554,0.5889638662338257,0.0020249506924301386,0.5889638662338257,0.0,0.0,2.2118980884552,2.2118980884552,False
42,5,17,20,0.0007204500725492835,0.5889533162117004,0.001553997746668756,0.5889500975608826,3.2186508178710938e-06,5.4650355627068806e-06,2.319962739944458,2.320187568664551,True
42,5,18,20,0.0007437976892106235,0.5889009237289429,0.0011559177655726671,0.5889009237289429,0.0,0.0,2.4339346885681152,2.4339346885681152,False
42,5,19,20,0.0007320049917325377,0.5888721942901611,0.0007320049917325377,0.5888721942901611,0.0,0.0,2.549943447113037,2.549943447113037,False
42,6,0,20,0.000998673727735877,0.49268844723701477,-0.009114707820117474,0.49268844723701477,0.0,0.0,0.5534833669662476,0.5534833669662476,False
42,6,1,20,0.0007897528703324497,0.49295222759246826,-0.009601816534996033,0.4925207495689392,0.00043147802352905273,0.0008752937898999875,0.5323663353919983,0.5215588212013245,True
42,6,2,20,0.000678849930409342,0.49293115735054016,-0.010707463137805462,0.492753267288208,0.00017789006233215332,0.00036088216311644025,0.4676576852798462,0.5052746534347534,True
42,6,3,20,0.0005308943800628185,0.4928850829601288,-0.011189325712621212,0.4927535355091095,0.0001315474510192871,0.0002668927414667334,0.520900547504425,0.4697311222553253,True
42,6,4,20,0.00047810617252252996,0.49286627769470215,-0.011699525639414787,0.4928356409072876,3.063678741455078e-05,6.216044554285419e-05,0.53487229347229,0.5404397249221802,True
42,6,5,20,0.0003750296600628644,0.4928586483001709,-0.011944761499762535,0.4928586483001709,0.0,0.0,0.5321102738380432,0.5321102738380432,False
42,6,6,20,8.2915517850779e-05,0.49290546774864197,-0.012094513513147831,0.49290546774864197,0.0,0.0,0.3729661703109741,0.3729661703109741,False
42,6,7,20,6.418434350052848e-05,0.4928390383720398,-0.011866629123687744,0.4928390383720398,0.0,0.0,0.507119357585907,0.507119357585907,False
42,6,8,20,7.241737330332398e-05,0.49275079369544983,-0.01144563127309084,0.49275079369544983,0.0,0.0,0.5975146293640137,0.5975146293640137,False
42,6,9,20,-0.00014985456073191017,0.49277105927467346,-0.0110939871519804,0.49277105927467346,0.0,0.0,0.6159851551055908,0.6159851551055908,False
42,6,10,20,-0.0003355770604684949,0.4927794933319092,-0.010572962462902069,0.4927794933319092,0.0,0.0,0.5970898866653442,0.5970898866653442,False
42,6,11,20,-0.0003803452418651432,0.4927307963371277,-0.00979773048311472,0.4927307963371277,0.0,0.0,0.6515034437179565,0.6515034437179565,False
42,6,12,20,-0.00043998242472298443,0.4926947355270386,-0.00892096571624279,0.4926947355270386,0.0,0.0,0.6500207781791687,0.6500207781791687,False
42,6,13,20,-0.000520892150234431,0.49266934394836426,-0.007949910126626492,0.49266934394836426,0.0,0.0,0.6644346714019775,0.6644346714019775,False
42,6,14,20,-0.0005218014703132212,0.4926242530345917,-0.006835426203906536,0.4926242530345917,0.0,0.0,0.7136118412017822,0.7136118412017822,False
42,6,15,20,-0.0006170384585857391,0.49263080954551697,-0.005735788960009813,0.49263080954551697,0.0,0.0,0.7346267104148865,0.7346267104148865,False
42,6,16,20,-0.0005470157484523952,0.49255359172821045,-0.004390626680105925,0.49255359172821045,0.0,0.0,0.8237532377243042,0.8237532377243042,False
42,6,17,20,-0.0008191731758415699,0.4926944673061371,-0.0034260209649801254,0.4926944673061371,0.0,0.0,0.8710367679595947,0.8710367679595947,False
42,6,18,20,-0.0006952176336199045,0.49262547492980957,-0.0019886144436895847,0.49262547492980957,0.0,0.0,0.9668915867805481,0.9668915867805481,False
42,6,19,20,-0.0007420466281473637,0.49266767501831055,-0.0007420466281473637,0.49266767501831055,0.0,0.0,1.0698415040969849,1.0698415040969849,False
42,7,0,20,0.005631610285490751,0.3134884536266327,0.01358393020927906,0.3134884536266327,0.0,0.0,0.5,0.5,False
42,7,1,20,0.005056890659034252,0.31372541189193726,0.008739272132515907,0.31372541189193726,0.0,0.0,0.5,0.5,False
42,7,2,20,0.004318287130445242,0.3141132891178131,0.003923047333955765,0.3141132891178131,0.0,0.0,0.5,0.5,False
42,7,3,20,0.004436618648469448,0.3138064444065094,0.0018282091477885842,0.3138064444065094,0.0,0.0,0.4999999701976776,0.4999999701976776,False
42,7,4,20,0.003185766050592065,0.3146243393421173,-0.0033013885840773582,0.3146243393421173,0.0,0.0,0.5,0.5,False
42,7,5,20,0.0024288883432745934,0.3151068389415741,-0.006840795278549194,0.3151068389415741,0.0,0.0,0.5,0.5,False
42,7,6,20,0.002760500879958272,0.3144882619380951,-0.00636710412800312,0.3144882619380951,0.0,0.0,0.4999999701976776,0.4999999701976776,False
42,7,7,20,0.001900147763080895,0.31489619612693787,-0.008665774017572403,0.31489619612693787,0.0,0.0,0.5,0.5,False
42,7,8,20,0.0016602490795776248,0.3148486018180847,-0.009060131385922432,0.3148486018180847,0.0,0.0,0.5,0.5,False
42,7,9,20,0.0004949213471263647,0.3154338300228119,-0.011060100980103016,0.3154338300228119,0.0,0.0,0.5,0.5,False
42,7,10,20,0.0005835664342157543,0.31525009870529175,-0.010282614268362522,0.31525009870529175,0.0,0.0,0.4999999701976776,0.4999999701976776,False
42,7,11,20,0.0014064828865230083,0.31484678387641907,-0.008512018248438835,0.31484678387641907,0.0,0.0,0.4999999701976776,0.4999999701976776,False
42,7,12,20,0.0004888471448794007,0.31517523527145386,-0.008834919892251492,0.31517523527145386,0.0,0.0,0.4999999403953552,0.4999999403953552,False
42,7,13,20,-5.600109216175042e-05,0.31543925404548645,-0.008498712442815304,0.3153565227985382,8.273124694824219e-05,0.0002622731504948091,0.5,0.5,True
42,7,14,20,-0.00022166479902807623,0.31554967164993286,-0.007779547944664955,0.3154643177986145,8.535385131835938e-05,0.00027049260064846445,0.5,0.4999999701976776,True
42,7,15,20,0.0006239560316316783,0.31521421670913696,-0.00579390162602067,0.31521421670913696,0.0,0.0,0.5,0.5,False
42,7,16,20,-0.0005483631975948811,0.31552454829216003,-0.005356675945222378,0.31548580527305603,3.8743019104003906e-05,0.00012278923878889384,0.5,0.5,True
42,7,17,20,0.00014003433170728385,0.31533509492874146,-0.0032825074158608913,0.3152804374694824,5.46574592590332e-05,0.00017333135492382965,0.5,0.5,True
42,7,18,20,-0.000436009286204353,0.31540077924728394,-0.002168581122532487,0.31540077924728394,0.0,0.0,0.4999999701976776,0.4999999701976776,False
42,7,19,20,-0.00046355760423466563,0.3153749406337738,-0.00046355760423466563,0.3153749406337738,0.0,0.0,0.5,0.5,False
42,8,0,20,0.03801948204636574,0.20539940893650055,0.2897774577140808,0.20356547832489014,0.0018339306116104126,0.008928607054450552,0.491864413022995,0.4999999701976776,True
42,8,1,20,0.04199734330177307,0.2186053842306137,0.21941636502742767,0.21235227584838867,0.006253108382225037,0.02860454880483838,0.5005765557289124,0.2499999701976776,True
42,8,2,20,0.04097916558384895,0.20994925498962402,0.2331295609474182,0.20382890105247498,0.006120353937149048,0.02915158683202531,0.5,0.4858013093471527,True
42,8,3,20,0.04020525515079498,0.2184792459011078,0.1570807695388794,0.2143469750881195,0.004132270812988281,0.018913791083198392,0.49974122643470764,0.4957331717014313,True
42,8,4,20,0.040402185171842575,0.21785053610801697,0.20136085152626038,0.20030304789543152,0.01754748821258545,0.08054829024558777,0.4983673095703125,0.4949771463871002,True
42,8,5,20,0.04097788780927658,0.21675360202789307,0.1047658771276474,0.2157936543226242,0.0009599477052688599,0.0044287508778992676,0.5,0.5,True
42,8,6,20,0.03953727334737778,0.20909196138381958,0.1289784461259842,0.20650844275951385,0.002583518624305725,0.012355896454399268,0.5,0.5,True
42,8,7,20,0.036655109375715256,0.2085030972957611,0.10275623947381973,0.2085030972957611,0.0,0.0,0.5,0.5,False
42,8,8,20,0.04093974828720093,0.20621086657047272,0.10071571171283722,0.20621086657047272,0.0,0.0,0.4975777268409729,0.4975777268409729,False
42,8,9,20,0.03798719495534897,0.21019916236400604,0.07123640179634094,0.21019916236400604,0.0,0.0,0.5,0.5,False
42,8,10,20,0.03984752669930458,0.20725281536579132,0.12322998046875,0.1977122724056244,0.009540542960166931,0.046033357584688676,0.5,0.5,True
42,8,11,20,0.044297222048044205,0.20242413878440857,0.09298736602067947,0.20242413878440857,0.0,0.0,0.48435255885124207,0.48435255885124207,False
42,8,12,20,0.04542836174368858,0.20416182279586792,0.110770583152771,0.19759097695350647,0.00657084584236145,0.032184498317941346,0.5,0.5,True
42,8,13,20,0.03956099599599838,0.20889277756214142,0.05032527074217796,0.20889277756214142,0.0,0.0,0.5,0.5,False
42,8,14,20,0.04496452212333679,0.20622442662715912,0.0587468296289444,0.20622442662715912,0.0,0.0,0.4781244397163391,0.4781244397163391,False
42,8,15,20,0.04838908091187477,0.2053421139717102,0.059894952923059464,0.2053421139717102,0.0,0.0,0.4999999701976776,0.4999999701976776,False
42,8,16,20,0.057967979460954666,0.20161835849285126,0.07577641308307648,0.20161835849285126,0.0,0.0,0.497301310300827,0.497301310300827,False
42,8,17,20,0.051187362521886826,0.2053343802690506,0.055909499526023865,0.2053343802690506,0.0,0.0,0.49326252937316895,0.49326252937316895,False
42,8,18,20,0.06824731081724167,0.20001134276390076,0.08137345314025879,0.20001134276390076,0.0,0.0,0.4958246648311615,0.4958246648311615,False
42,8,19,20,0.05662481486797333,0.20497898757457733,0.05662481486797333,0.20497898757457733,0.0,0.0,0.4932188391685486,0.4932188391685486,False
42,9,0,20,0.000908748887013644,0.4959312975406647,-0.008772826753556728,0.4956159293651581,0.0003153681755065918,0.0006359110164462501,0.3548325300216675,0.5498243570327759,True
42,9,1,20,0.0008390695438720286,0.49589022994041443,-0.00973696168512106,0.49569040536880493,0.00019982457160949707,0.0004029612997890839,0.5081923007965088,0.5441648960113525,True
42,9,2,20,0.0006714639021083713,0.4959208071231842,-0.010232712142169476,0.4956267476081848,0.00029405951499938965,0.0005929565986658566,0.5237031579017639,0.5312550067901611,True
42,9,3,20,0.0005247975350357592,0.4959471523761749,-0.010909189470112324,0.495726078748703,0.00022107362747192383,0.0004457604533320113,0.5270892381668091,0.5299991965293884,True
42,9,4,20,0.0004612937045749277,0.4958888590335846,-0.011579460464417934,0.4958888590335846,0.0,0.0,0.540684700012207,0.540684700012207,False
42,9,5,20,0.0003105623763985932,0.4958719313144684,-0.011691024526953697,0.4958447813987732,2.714991569519043e-05,5.4751870353340686e-05,0.5632979869842529,0.5295793414115906,True
42,9,6,20,0.00022498377074953169,0.49584901332855225,-0.01175917498767376,0.49584901332855225,0.0,0.0,0.5176733732223511,0.5176733732223511,False
42,9,7,20,7.098060450516641e-05,0.495830237865448,-0.011635844595730305,0.495830237865448,0.0,0.0,0.5742234587669373,0.5742234587669373,False
42,9,8,20,-8.476860239170492e-05,0.4958149194717407,-0.011372843757271767,0.4958149194717407,0.0,0.0,0.6124604940414429,0.6124604940414429,False
42,9,9,20,-6.527213554363698e-05,0.4957205057144165,-0.010801269672811031,0.4957205057144165,0.0,0.0,0.6332675814628601,0.6332675814628601,False
42,9,10,20,-0.0003509513917379081,0.49578630924224854,-0.010409204289317131,0.49578630924224854,0.0,0.0,0.6238587498664856,0.6238587498664856,False
42,9,11,20,-0.00045667681843042374,0.4957723319530487,-0.009719736874103546,0.4957723319530487,0.0,0.0,0.6580284237861633,0.6580284237861633,False
42,9,12,20,-0.0003776758967433125,0.4956584572792053,-0.00870326068252325,0.4956584572792053,0.0,0.0,0.6798570156097412,0.6798570156097412,False
42,9,13,20,-0.0004526803095359355,0.4956369400024414,-0.0077581023797392845,0.4956369400024414,0.0,0.0,0.6596255302429199,0.6596255302429199,False
42,9,14,20,-0.0006172774592414498,0.4956848621368408,-0.006850990932434797,0.4956848621368408,0.0,0.0,0.752472996711731,0.752472996711731,False
42,9,15,20,-0.0004775440611410886,0.4955456554889679,-0.0054766954854130745,0.4955456554889679,0.0,0.0,0.7503630518913269,0.7503630518913269,False
42,9,16,20,-0.0006638523191213608,0.4956296980381012,-0.004477979615330696,0.4956296980381012,0.0,0.0,0.803375780582428,0.803375780582428,False
42,9,17,20,-0.0008036624058149755,0.4956878423690796,-0.0033653313294053078,0.4956878423690796,0.0,0.0,0.9006245732307434,0.9006245732307434,False
42,9,18,20,-0.0005929417093284428,0.49557527899742126,-0.0018615706358104944,0.49557527899742126,0.0,0.0,0.9988833069801331,0.9988833069801331,False
42,9,19,20,-0.0008192331879399717,0.4957084357738495,-0.0008192331879399717,0.4957084357738495,0.0,0.0,1.0834453105926514,1.0834453105926514,False
42,10,0,20,0.0021077413111925125,0.3899542987346649,-0.011098762974143028,0.3899298906326294,2.440810203552246e-05,6.259221174051057e-05,0.4999999701976776,0.4999999701976776,True
42,10,1,20,0.001646797638386488,0.3899911940097809,-0.0130020622164011,0.3899911940097809,0.0,0.0,0.4999999701976776,0.4999999701976776,False
42,10,2,20,0.001333625870756805,0.3903392255306244,-0.013153837993741035,0.3895081877708435,0.0008310377597808838,0.0021290142148823934,0.4999999403953552,0.4999999403953552,True
42,10,3,20,0.001087742275558412,0.3907531201839447,-0.015987452119588852,0.3901926577091217,0.000560462474822998,0.0014343134984031954,0.5,0.5,True
42,10,4,20,0.0007662906427867711,0.39075133204460144,-0.01658531092107296,0.39012542366981506,0.000625908374786377,0.001601807398867508,0.4999999701976776,0.4999999701976776,True
42,10,5,20,0.0005855937488377094,0.39049437642097473,-0.017316512763500214,0.39022549986839294,0.0002688765525817871,0.0006885542246373432,0.5,0.5,True
42,10,6,20,0.00023141942801885307,0.3906886577606201,-0.01842331327497959,0.3905862867832184,0.0001023709774017334,0.00026202700121501194,0.5,0.5,True
42,10,7,20,-0.00026551506016403437,0.3907240927219391,-0.01850246824324131,0.39066141843795776,6.267428398132324e-05,0.00016040547575325932,0.4999999701976776,0.5,True
42,10,8,20,-0.0003767159359995276,0.3906646966934204,-0.01760091818869114,0.390465646982193,0.000199049711227417,0.0005095154819776921,0.5,0.5,True
42,10,9,20,-0.0006683928659185767,0.3906495273113251,-0.017397867515683174,0.3906495273113251,0.0,0.0,0.4999999701976776,0.4999999701976776,False
42,10,10,20,-0.0008447765721939504,0.39063137769699097,-0.016408422961831093,0.39062270522117615,8.672475814819336e-06,2.2201175609468048e-05,0.4999999701976776,0.25,True
42,10,11,20,-0.0007743705064058304,0.39050427079200745,-0.014959525316953659,0.39050427079200745,0.0,0.0,0.4999999701976776,0.4999999701976776,False
42,10,12,20,-0.0011423330288380384,0.39059534668922424,-0.013794663362205029,0.39056992530822754,2.54213809967041e-05,6.5083676014529e-05,0.4999999701976776,0.5,True
42,10,13,20,-0.0010486316168680787,0.3904460668563843,-0.011979049071669579,0.3904460668563843,0.0,0.0,0.5,0.5,False
42,10,14,20,-0.001237254124134779,0.3904750347137451,-0.01043425127863884,0.3904750347137451,0.0,0.0,0.5,0.5,False
42,10,15,20,-0.001364830881357193,0.3905528783798218,-0.008817847818136215,0.3905181586742401,3.471970558166504e-05,8.889885980535346e-05,0.5,0.48500654101371765,True
42,10,16,20,-0.0014191123191267252,0.39049220085144043,-0.006960770580917597,0.39049220085144043,0.0,0.0,0.47537508606910706,0.47537508606910706,False
42,10,17,20,-0.0014975869562476873,0.39056017994880676,-0.005243322812020779,0.3905456066131592,1.4573335647583008e-05,3.7313931106579344e-05,0.49578261375427246,0.49415504932403564,True
42,10,18,20,-0.0016031936975196004,0.3905929923057556,-0.0034840917214751244,0.3905929923057556,0.0,0.0,0.46832048892974854,0.46832048892974854,False
42,10,19,20,-0.0014460055390372872,0.3905450999736786,-0.0014460055390372872,0.3905450999736786,0.0,0.0,0.497099369764328,0.497099369764328,False
42,11,0,20,0.000809658202342689,0.5782261490821838,0.007671278435736895,0.5780892968177795,0.00013685226440429688,0.0002366760213482596,1.366487979888916,1.3371249437332153,True
42,11,1,20,0.0008264616481028497,0.5780317187309265,0.0071152327582240105,0.5780045986175537,2.7120113372802734e-05,4.691803666474423e-05,1.375664234161377,1.3511675596237183,True
42,11,2,20,0.0008309894474223256,0.5779649019241333,0.006556133273988962,0.5779228210449219,4.208087921142578e-05,7.280871047935976e-05,1.359886646270752,1.365249752998352,True
42,11,3,20,0.0008507580496370792,0.5779411196708679,0.00584877235814929,0.5779263377189636,1.4781951904296875e-05,2.5576916750126828e-05,1.3389471769332886,1.3571453094482422,True
42,11,4,20,0.0008444489212706685,0.5778628587722778,0.0052658021450042725,0.5778628587722778,0.0,0.0,1.3486377000808716,1.3486377000808716,False
42,11,5,20,0.0007726236945018172,0.5778478384017944,0.004646299406886101,0.5778323411941528,1.5497207641601562e-05,2.6818838129538702e-05,1.3457062244415283,1.380968451499939,True
42,11,6,20,0.0007716699619777501,0.5777933597564697,0.004072928801178932,0.5777933597564697,0.0,0.0,1.377562165260315,1.377562165260315,False
42,11,7,20,0.0007099629729054868,0.5777891874313354,0.0035138532985001802,0.5777692198753357,1.996755599975586e-05,3.4558549093874844e-05,1.4119608402252197,1.400066614151001,True
42,11,8,20,0.0006934033590368927,0.5777334570884705,0.0030242460779845715,0.5777327418327332,7.152557373046875e-07,1.2380375907417072e-06,1.4348812103271484,1.4434243440628052,True
42,11,9,20,0.000606080808211118,0.5777068138122559,0.0025697059463709593,0.5777068138122559,0.0,0.0,1.4814167022705078,1.4814167022705078,False
42,11,10,20,0.000554488564375788,0.5777075290679932,0.002138672396540642,0.5776990056037903,8.52346420288086e-06,1.475394342987296e-05,1.504750370979309,1.5198845863342285,True
42,11,11,20,0.0005095773958601058,0.57762211561203,0.0018812353955581784,0.57762211561203,0.0,0.0,1.5729564428329468,1.5729564428329468,False
42,11,12,20,0.0004931291914545,0.5776195526123047,0.0015448984922841191,0.5776195526123047,0.0,0.0,1.647399663925171,1.647399663925171,False
42,11,13,20,0.00039435154758393764,0.5776228308677673,0.0012678479542955756,0.5776083469390869,1.4483928680419922e-05,2.507506266443901e-05,1.7112631797790527,1.722466230392456,True
42,11,14,20,0.0003811228380072862,0.5775858759880066,0.001090373145416379,0.5775615572929382,2.4318695068359375e-05,4.210403349417143e-05,1.7924588918685913,1.780397891998291,True
42,11,15,20,0.0003916083660442382,0.5775333642959595,0.0009132595732808113,0.5775333642959595,0.0,0.0,1.896621823310852,1.896621823310852,False
42,11,16,20,0.0003521655744407326,0.5775268077850342,0.0007249598274938762,0.5775268077850342,0.0,0.0,1.9866760969161987,1.9866760969161987,False
42,11,17,20,0.0003232088638469577,0.577517569065094,0.0005624021869152784,0.577517569065094,0.0,0.0,2.073209524154663,2.073209524154663,False
42,11,18,20,0.00025290081975981593,0.5775287747383118,0.0003810202470049262,0.5775287747383118,0.0,0.0,2.1784727573394775,2.1784727573394775,False
42,11,19,20,0.00030664398218505085,0.5774849653244019,0.00030664398218505085,0.5774849653244019,0.0,0.0,2.292407512664795,2.292407512664795,False
42,12,0,20,0.017469309270381927,0.2544723451137543,0.2167883962392807,0.2543257176876068,0.00014662742614746094,0.000576201811170937,0.5,0.5,True
42,12,1,20,0.019251719117164612,0.2546147108078003,0.20532815158367157,0.2540794610977173,0.0005352497100830078,0.002102194756873451,0.5,0.4999999701976776,True
42,12,2,20,0.021936636418104172,0.2536361813545227,0.196648970246315,0.25298359990119934,0.0006525814533233643,0.0025729036363751727,0.5,0.5,True
42,12,3,20,0.021435212343931198,0.2529909014701843,0.18413880467414856,0.2529909014701843,0.0,0.0,0.5,0.5,False
42,12,4,20,0.020838212221860886,0.25317344069480896,0.17069938778877258,0.25317344069480896,0.0,0.0,0.5,0.5,False
42,12,5,20,0.02086295746266842,0.25413334369659424,0.15440253913402557,0.25413334369659424,0.0,0.0,0.4999999403953552,0.4999999403953552,False
42,12,6,20,0.01889919489622116,0.2542048394680023,0.1417839378118515,0.2542048394680023,0.0,0.0,0.5,0.5,False
42,12,7,20,0.019185392186045647,0.2541961073875427,0.12983277440071106,0.2541961073875427,0.0,0.0,0.4999999701976776,0.4999999701976776,False
42,12,8,20,0.020982015877962112,0.25349152088165283,0.12103904783725739,0.25349152088165283,0.0,0.0,0.5,0.5,False
42,12,9,20,0.018587742000818253,0.2545839846134186,0.10548843443393707,0.2545839846134186,0.0,0.0,0.4667300879955292,0.4667300879955292,False
42,12,10,20,0.019553806632757187,0.253982812166214,0.09700917452573776,0.253982812166214,0.0,0.0,0.4889152944087982,0.4889152944087982,False
42,12,11,20,0.01615675538778305,0.2551937997341156,0.0816442221403122,0.2551937997341156,0.0,0.0,0.25,0.25,False
42,12,12,20,0.0200099665671587,0.25362128019332886,0.07765831053256989,0.25362128019332886,0.0,0.0,0.5,0.5,False
42,12,13,20,0.018550880253314972,0.2542074918746948,0.06558647751808167,0.2542074918746948,0.0,0.0,0.5,0.5,False
42,12,14,20,0.013864927925169468,0.2553170621395111,0.05187222361564636,0.2553170621395111,0.0,0.0,0.5,0.5,False
42,12,15,20,0.019106797873973846,0.2537993788719177,0.04894210025668144,0.2537993788719177,0.0,0.0,0.5,0.5,False
42,12,16,20,0.014088988304138184,0.25499427318573,0.03577481210231781,0.25499427318573,0.0,0.0,0.480142205953598,0.480142205953598,False
42,12,17,20,0.01679336652159691,0.2542420029640198,0.03069591522216797,0.2542420029640198,0.0,0.0,0.4938206970691681,0.4938206970691681,False
42,12,18,20,0.014318759553134441,0.25473207235336304,0.021148787811398506,0.25473207235336304,0.0,0.0,0.5,0.5,False
42,12,19,20,0.016972118988633156,0.25397732853889465,0.016972118988633156,0.25397732853889465,0.0,0.0,0.4999999701976776,0.4999999701976776,False
42,13,0,20,0.007602173835039139,0.2896944582462311,0.04486788436770439,0.2896944582462311,0.0,0.0,0.25,0.25,False
42,13,1,20,0.008618978783488274,0.2886519134044647,0.042137254029512405,0.2886519134044647,0.0,0.0,0.4999999701976776,0.4999999701976776,False
42,13,2,20,0.006699216086417437,0.29024872183799744,0.03129973262548447,0.2900785803794861,0.00017014145851135254,0.0005861919302656469,0.4999999701976776,0.5,True
42,13,3,20,0.006163726560771465,0.2903153896331787,0.02529057115316391,0.2902803122997284,3.507733345031738e-05,0.00012082491904627769,0.5,0.5000000596046448,True
42,13,4,20,0.008514492772519588,0.2882944345474243,0.027470430359244347,0.2882944345474243,0.0,0.0,0.5,0.5,False
42,13,5,20,0.006161001045256853,0.2897354066371918,0.018419688567519188,0.2897354066371918,0.0,0.0,0.4999999701976776,0.4999999701976776,False
42,13,6,20,0.0057378290221095085,0.28976404666900635,0.0148769561201334,0.28976404666900635,0.0,0.0,0.5,0.5,False
42,13,7,20,0.0054583000019192696,0.2896668612957001,0.01231891568750143,0.2896668612957001,0.0,0.0,0.5,0.5,False
42,13,8,20,0.005665520206093788,0.2895297408103943,0.010500124655663967,0.2895112633705139,1.8477439880371094e-05,6.38187974356372e-05,0.4999999701976776,0.5,True
42,13,9,20,0.005147620569914579,0.2896253764629364,0.008257242850959301,0.28959229588508606,3.30805778503418e-05,0.00011421850617628854,0.4999999701976776,0.5,True
42,13,10,20,0.003913566004484892,0.2902577221393585,0.004703435581177473,0.2901816964149475,7.602572441101074e-05,0.0002619248985028184,0.4999999701976776,0.5,True
42,13,11,20,0.00448989775031805,0.2898672819137573,0.004522682633250952,0.2898672819137573,0.0,0.0,0.5,0.5,False
42,13,12,20,0.003900620387867093,0.2901589870452881,0.002650047652423382,0.2901589870452881,0.0,0.0,0.5,0.5,False
42,13,13,20,0.0063294474966824055,0.2891007959842682,0.0056505450047552586,0.2891007959842682,0.0,0.0,0.5,0.5,False
42,13,14,20,0.005387628450989723,0.28947165608406067,0.004014049656689167,0.28947165608406067,0.0,0.0,0.4999999701976776,0.4999999701976776,False
42,13,15,20,0.00482735363766551,0.2896897792816162,0.0030668589752167463,0.2896897792816162,0.0,0.0,0.4999999701976776,0.4999999701976776,False
42,13,16,20,0.006617732811719179,0.28910496830940247,0.005140061955899,0.28910496830940247,0.0,0.0,0.5,0.5,False
42,13,17,20,0.0035758039448410273,0.2900281548500061,0.002144582336768508,0.2900281548500061,0.0,0.0,0.4999999701976776,0.4999999701976776,False
42,13,18,20,0.0035401713103055954,0.29000231623649597,0.0026704841293394566,0.29000231623649597,0.0,0.0,0.5,0.5,False
42,13,19,20,0.003055400913581252,0.290061891078949,0.003055400913581252,0.290061891078949,0.0,0.0,0.4942760169506073,0.4942760169506073,False
42,14,0,20,0.04049156978726387,0.2223414182662964,0.3156043589115143,0.22197069227695465,0.00037072598934173584,0.0016673726030555429,0.4999999701976776,0.4815906584262848,True
42,14,1,20,0.04086058959364891,0.22541256248950958,0.2750769257545471,0.22541256248950958,0.0,0.0,0.48752421140670776,0.48752421140670776,False
42,14,2,20,0.041833240538835526,0.22116191685199738,0.26876622438430786,0.22116191685199738,0.0,0.0,0.4999999701976776,0.4999999701976776,False
42,14,3,20,0.04172529652714729,0.22163787484169006,0.24215056002140045,0.22163787484169006,0.0,0.0,0.4999999701976776,0.4999999701976776,False
42,14,4,20,0.03756558150053024,0.22605600953102112,0.20029316842556,0.22605600953102112,0.0,0.0,0.5,0.5,False
42,14,5,20,0.04104889556765556,0.22202633321285248,0.19742423295974731,0.22202633321285248,0.0,0.0,0.4999999701976776,0.4999999701976776,False
42,14,6,20,0.04029416665434837,0.22283168137073517,0.17494487762451172,0.22283168137073517,0.0,0.0,0.4999999701976776,0.4999999701976776,False
42,14,7,20,0.03471618518233299,0.2256554365158081,0.14418332278728485,0.2256554365158081,0.0,0.0,0.4999999701976776,0.4999999701976776,False
42,14,8,20,0.03891129791736603,0.2235093116760254,0.13747423887252808,0.2235093116760254,0.0,0.0,0.5,0.5,False
42,14,9,20,0.04228104650974274,0.221091166138649,0.13398848474025726,0.221091166138649,0.0,0.0,0.4999999701976776,0.4999999701976776,False
42,14,10,20,0.042080361396074295,0.22129234671592712,0.12021203339099884,0.22129234671592712,0.0,0.0,0.5,0.5,False
42,14,11,20,0.025599859654903412,0.2276560366153717,0.08099676668643951,0.22763435542583466,2.168118953704834e-05,9.523661159786874e-05,0.4999999701976776,0.4999999701976776,True
42,14,12,20,0.02499103732407093,0.2273728996515274,0.07180556654930115,0.2273728996515274,0.0,0.0,0.4999999701976776,0.4999999701976776,False
42,14,13,20,0.042075008153915405,0.2221272885799408,0.08604377508163452,0.2221272885799408,0.0,0.0,0.5,0.5,False
42,14,14,20,0.037407439202070236,0.2237839698791504,0.07003989070653915,0.2237839698791504,0.0,0.0,0.4999999701976776,0.4999999701976776,False
42,14,15,20,0.04234735295176506,0.22215181589126587,0.06975855678319931,0.22215181589126587,0.0,0.0,0.5,0.5,False
42,14,16,20,0.03539620339870453,0.22438067197799683,0.05285433679819107,0.22438067197799683,0.0,0.0,0.5000000596046448,0.5000000596046448,False
42,14,17,20,0.050061117857694626,0.2200266718864441,0.06641337275505066,0.2200266718864441,0.0,0.0,0.4944416880607605,0.4944416880607605,False
42,14,18,20,0.04177449271082878,0.22290082275867462,0.04799555242061615,0.22290082275867462,0.0,0.0,0.4992758631706238,0.4992758631706238,False
42,14,19,20,0.04551425576210022,0.22234375774860382,0.04551425576210022,0.22234375774860382,0.0,0.0,0.5028061866760254,0.5028061866760254,False
42,15,0,20,0.041968975216150284,0.21339263021945953,0.307035356760025,0.21269939839839935,0.0006932318210601807,0.0032486211934650215,0.49031180143356323,0.4987969696521759,True
42,15,1,20,0.040430694818496704,0.2177228182554245,0.25662216544151306,0.2177228182554245,0.0,0.0,0.5,0.5,False
42,15,2,20,0.03987104818224907,0.2147803008556366,0.245682492852211,0.2143896222114563,0.00039067864418029785,0.001818968697892319,0.47723883390426636,0.49569371342658997,True
42,15,3,20,0.042588911950588226,0.2151857316493988,0.21686698496341705,0.2151857316493988,0.0,0.0,0.4999999701976776,0.4999999701976776,False
42,15,4,20,0.044215474277734756,0.2093786746263504,0.23077569901943207,0.2074870616197586,0.0018916130065917969,0.009034411025704986,0.475522518157959,0.5,True
42,15,5,20,0.042907580733299255,0.21320928633213043,0.18265549838542938,0.21320928633213043,0.0,0.0,0.5,0.5,False
42,15,6,20,0.042784977704286575,0.20512689650058746,0.2024294137954712,0.20512689650058746,0.0,0.0,0.5,0.5,False
42,15,7,20,0.03464699909090996,0.2151252180337906,0.13714297115802765,0.2151252180337906,0.0,0.0,0.4999999701976776,0.4999999701976776,False
42,15,8,20,0.04277552664279938,0.20941835641860962,0.1483871042728424,0.20941835641860962,0.0,0.0,0.4999999701976776,0.4999999701976776,False
42,15,9,20,0.031892042607069016,0.21564756333827972,0.1051318496465683,0.21564756333827972,0.0,0.0,0.5,0.5,False
42,15,10,20,0.044175416231155396,0.20908835530281067,0.12328106164932251,0.20908835530281067,0.0,0.0,0.4999999701976776,0.4999999701976776,False
42,15,11,20,0.043575648218393326,0.2100464254617691,0.10702373832464218,0.2100464254617691,0.0,0.0,0.5,0.5,False
42,15,12,20,0.037037964910268784,0.21337085962295532,0.08093024045228958,0.21337085962295532,0.0,0.0,0.5,0.5,False
42,15,13,20,0.051313482224941254,0.20509813725948334,0.11166375875473022,0.20509813725948334,0.0,0.0,0.5,0.5,False
42,15,14,20,0.04151676222681999,0.21216100454330444,0.07020732760429382,0.21216100454330444,0.0,0.0,0.4999999701976776,0.4999999701976776,False
42,15,15,20,0.04687529429793358,0.21053379774093628,0.0717490166425705,0.21053379774093628,0.0,0.0,0.4999999701976776,0.4999999701976776,False
42,15,16,20,0.04995453730225563,0.20975828170776367,0.06966649740934372,0.20975828170776367,0.0,0.0,0.4924834966659546,0.4924834966659546,False
42,15,17,20,0.061476126313209534,0.20497219264507294,0.08835865557193756,0.20497219264507294,0.0,0.0,0.5,0.5,False
42,15,18,20,0.04842951148748398,0.2112000435590744,0.054067887365818024,0.2112000435590744,0.0,0.0,0.4999999403953552,0.4999999403953552,False
42,15,19,20,0.051350779831409454,0.21109524369239807,0.051350779831409454,0.21109524369239807,0.0,0.0,0.5020004510879517,0.5020004510879517,False
42,16,0,20,0.001073092338629067,0.4837383031845093,-0.00915838498622179,0.4833422303199768,0.0003960728645324707,0.0008187750730613513,0.5009824633598328,0.5071390271186829,True
42,16,1,20,0.0008255034335888922,0.48362836241722107,-0.010313482023775578,0.48347872495651245,0.00014963746070861816,0.0003094058833950841,0.5081273317337036,0.44987669587135315,True
42,16,2,20,0.0006571820704266429,0.48373255133628845,-0.010900263674557209,0.4834428131580353,0.00028973817825317383,0.0005989635749192104,0.5005309581756592,0.4799566864967346,True
42,16,3,20,0.0005339820636436343,0.48381391167640686,-0.011728312820196152,0.4836024045944214,0.00021150708198547363,0.00043716618493380076,0.4884535074234009,0.49743184447288513,True
42,16,4,20,0.00044460190110839903,0.48381277918815613,-0.01227568183094263,0.483698308467865,0.0001144707202911377,0.00023660127473941676,0.4937669038772583,0.49290814995765686,True
42,16,5,20,0.0002466770529281348,0.4837959110736847,-0.01231078989803791,0.4836207926273346,0.00017511844635009766,0.0003619676031603049,0.5200650095939636,0.5200249552726746,True
42,16,6,20,0.00033676077146083117,0.4836871922016144,-0.012492747977375984,0.4836871922016144,0.0,0.0,0.5210182666778564,0.5210182666778564,False
42,16,7,20,3.082117109443061e-05,0.4837246835231781,-0.012461021542549133,0.4837246835231781,0.0,0.0,0.5287551879882812,0.5287551879882812,False
42,16,8,20,-2.981479701702483e-05,0.483664333820343,-0.012073139660060406,0.483664333820343,0.0,0.0,0.5497744083404541,0.5497744083404541,False
42,16,9,20,-0.0002343301457585767,0.48366835713386536,-0.011662415228784084,0.48366835713386536,0.0,0.0,0.518335223197937,0.518335223197937,False
42,16,10,20,-0.0002412584435660392,0.4835944175720215,-0.01094077154994011,0.4835944175720215,0.0,0.0,0.5570226311683655,0.5570226311683655,False
42,16,11,20,-0.0003116028383374214,0.4835532009601593,-0.010144759900867939,0.4835532009601593,0.0,0.0,0.5445546507835388,0.5445546507835388,False
42,16,12,20,-0.0004452232096809894,0.4835485816001892,-0.009294132702052593,0.4835485816001892,0.0,0.0,0.588953971862793,0.588953971862793,False
42,16,13,20,-0.0005668909288942814,0.4835541546344757,-0.008345991373062134,0.4835541546344757,0.0,0.0,0.6219789981842041,0.6219789981842041,False
42,16,14,20,-0.0008314651786349714,0.4836442768573761,-0.007466061506420374,0.4836442768573761,0.0,0.0,0.5165773034095764,0.5165773034095764,False
42,16,15,20,-0.0008004481787793338,0.48358026146888733,-0.00617494061589241,0.48358026146888733,0.0,0.0,0.5596597194671631,0.5596597194671631,False
42,16,16,20,-0.0006081594037823379,0.4834403097629547,-0.004648187197744846,0.4834403097629547,0.0,0.0,0.7375361323356628,0.7375361323356628,False
42,16,17,20,-0.0007852464914321899,0.48351818323135376,-0.003507582936435938,0.48351818323135376,0.0,0.0,0.7906530499458313,0.7906530499458313,False
42,16,18,20,-0.0006329661700874567,0.48343533277511597,-0.0019842563197016716,0.48343533277511597,0.0,0.0,0.8898154497146606,0.8898154497146606,False
42,16,19,20,-0.000772456347476691,0.4835206866264343,-0.000772456347476691,0.4835206866264343,0.0,0.0,0.9487594962120056,0.9487594962120056,False
42,17,0,20,0.000798463704995811,0.576050877571106,0.007117644418030977,0.5759448409080505,0.00010603666305541992,0.00018407516971854812,1.3241328001022339,1.3577407598495483,True
42,17,1,20,0.0008053744095377624,0.5759639739990234,0.00659807026386261,0.5758416056632996,0.00012236833572387695,0.00021245831553361085,1.34896719455719,1.330596923828125,True
42,17,2,20,0.0007978767389431596,0.5758580565452576,0.005904706660658121,0.5758432745933533,1.4781951904296875e-05,2.5669436654195943e-05,1.312605619430542,1.3075482845306396,True
42,17,3,20,0.0007828654488548636,0.5758373141288757,0.005347841419279575,0.5757688879966736,6.842613220214844e-05,0.00011882893053859005,1.2696495056152344,1.3194376230239868,True
42,17,4,20,0.0008089517941698432,0.5757743120193481,0.004695456940680742,0.5757573843002319,1.6927719116210938e-05,2.939992070303078e-05,1.306700348854065,1.3206075429916382,True
42,17,5,20,0.0007082981755957007,0.5757634043693542,0.004090738482773304,0.5757330656051636,3.0338764190673828e-05,5.269310963572705e-05,1.3425980806350708,1.3240747451782227,True
42,17,6,20,0.0007066222024150193,0.5757589936256409,0.0034809024073183537,0.5757316946983337,2.7298927307128906e-05,4.741380961367787e-05,1.3359251022338867,1.3343534469604492,True
42,17,7,20,0.0006632736185565591,0.5755903720855713,0.003157331608235836,0.5755903720855713,0.0,0.0,1.3731917142868042,1.3731917142868042,False
42,17,8,20,0.0005692706909030676,0.5756538510322571,0.0025292879436165094,0.5756538510322571,0.0,0.0,1.35499906539917,1.35499906539917,False
42,17,9,20,0.0005338774644769728,0.5756649971008301,0.0021424584556370974,0.5756105780601501,5.441904067993164e-05,9.453248148488681e-05,1.3971643447875977,1.4485714435577393,True
42,17,10,20,0.0005195798585191369,0.5756100416183472,0.0018126933136954904,0.575567364692688,4.267692565917969e-05,7.414207983445192e-05,1.470130443572998,1.4703295230865479,True
42,17,11,20,0.0004801396862603724,0.5755734443664551,0.0014611056540161371,0.5755684971809387,4.947185516357422e-06,8.595228923048883e-06,1.5522016286849976,1.507811188697815,True
42,17,12,20,0.0004405811778269708,0.5755317211151123,0.0012257106136530638,0.5755317211151123,0.0,0.0,1.6148672103881836,1.6148672103881836,False
42,17,13,20,0.0004003048234153539,0.5755123496055603,0.0010049936827272177,0.5755123496055603,0.0,0.0,1.696424126625061,1.696424126625061,False
42,17,14,20,0.00035192639916203916,0.5754961967468262,0.0008163419552147388,0.5754961967468262,0.0,0.0,1.7553220987319946,1.7553220987319946,False
42,17,15,20,0.00027578059234656394,0.5754837989807129,0.00065332226222381,0.5754837989807129,0.0,0.0,1.823117733001709,1.823117733001709,False
42,17,16,20,0.00020367639081086963,0.5755124688148499,0.00044439907651394606,0.5755124688148499,0.0,0.0,1.9334309101104736,1.9334309101104736,False
42,17,17,20,0.00018997032020706683,0.5754828453063965,0.00036599067971110344,0.5754779577255249,4.887580871582031e-06,8.493008803728639e-06,2.0370616912841797,2.0398647785186768,True
42,17,18,20,0.0002631440293043852,0.5754231810569763,0.0003388162876944989,0.5754231810569763,0.0,0.0,2.1470394134521484,2.1470394134521484,False
42,17,19,20,0.00024574462440796196,0.5754133462905884,0.00024574462440796196,0.5754133462905884,0.0,0.0,2.267937183380127,2.267937183380127,False
42,18,0,20,0.0008807659614831209,0.5268743634223938,-0.005599740892648697,0.526851236820221,2.3126602172851562e-05,4.3893959885672074e-05,0.7650144696235657,0.7727004289627075,True
42,18,1,20,0.0007668986218050122,0.5268812775611877,-0.006362152751535177,0.5268812775611877,0.0,0.0,0.7469499707221985,0.7469499707221985,False
42,18,2,20,0.0006453788373619318,0.5268681645393372,-0.006917270831763744,0.5268681645393372,0.0,0.0,0.7413684725761414,0.7413684725761414,False
42,18,3,20,0.0006329968455247581,0.5268374681472778,-0.007334843277931213,0.5268374681472778,0.0,0.0,0.7135184407234192,0.7135184407234192,False
42,18,4,20,0.0005730590200982988,0.526790976524353,-0.007628114894032478,0.526790976524353,0.0,0.0,0.7281976938247681,0.7281976938247681,False
42,18,5,20,0.00042304364615119994,0.5268138647079468,-0.00794961303472519,0.5268138647079468,0.0,0.0,0.7588186264038086,0.7588186264038086,False
42,18,6,20,0.0003316496731713414,0.5268064737319946,-0.00810303259640932,0.5268064737319946,0.0,0.0,0.7452130317687988,0.7452130317687988,False
42,18,7,20,0.0001924473326653242,0.5267980098724365,-0.008136131800711155,0.5267980098724365,0.0,0.0,0.767896294593811,0.767896294593811,False
42,18,8,20,0.00010459733312018216,0.5267692804336548,-0.008006948046386242,0.5267692804336548,0.0,0.0,0.7911416292190552,0.7911416292190552,False
42,18,9,20,6.227803532965481e-05,0.5267067551612854,-0.007686451077461243,0.5267067551612854,0.0,0.0,0.8329342007637024,0.8329342007637024,False
42,18,10,20,-0.00012600338959600776,0.5267528295516968,-0.007447842508554459,0.5267528295516968,0.0,0.0,0.8630648851394653,0.8630648851394653,False
42,18,11,20,-0.00014818196359556168,0.5266916155815125,-0.006888177711516619,0.5266916155815125,0.0,0.0,0.9048232436180115,0.9048232436180115,False
42,18,12,20,-0.0003347292367834598,0.526757538318634,-0.006463198456913233,0.526757538318634,0.0,0.0,0.9249409437179565,0.9249409437179565,False
42,18,13,20,-0.000493639730848372,0.5268123745918274,-0.005921055097132921,0.5268123745918274,0.0,0.0,0.9706069231033325,0.9706069231033325,False
42,18,14,20,-0.0002196659188484773,0.5265714526176453,-0.004733715206384659,0.5265714526176453,0.0,0.0,1.0288379192352295,1.0288379192352295,False
42,18,15,20,-0.0005085470620542765,0.5267270803451538,-0.004226702731102705,0.5267270803451538,0.0,0.0,1.104396104812622,1.104396104812622,False
42,18,16,20,-0.00042119176941923797,0.5266502499580383,-0.003218709956854582,0.5266502499580383,0.0,0.0,1.2035770416259766,1.2035770416259766,False
42,18,17,20,-0.0003939369635190815,0.5266144871711731,-0.002238901797682047,0.5266144871711731,0.0,0.0,1.2722411155700684,1.2722411155700684,False
42,18,18,20,-0.0006036600098013878,0.5267453789710999,-0.00153950578533113,0.5267453789710999,0.0,0.0,1.3495479822158813,1.3495479822158813,False
42,18,19,20,-0.0006441578734666109,0.5267874598503113,-0.0006441578734666109,0.5267874598503113,0.0,0.0,1.4753729104995728,1.4753729104995728,False
42,19,0,20,0.05429974943399429,0.31641513109207153,-0.1093357503414154,0.31198009848594666,0.004435032606124878,0.014016499750874295,0.46756431460380554,0.24357157945632935,True
42,19,1,20,0.05029136687517166,0.3107534348964691,-0.13128285109996796,0.3030444085597992,0.007709026336669922,0.024807533790377145,0.25881677865982056,0.4813673794269562,True
42,19,2,20,0.04617897793650627,0.33067262172698975,-0.21160966157913208,0.3129826486110687,0.01768997311592102,0.05349693912829056,0.25780951976776123,0.24404269456863403,True
42,19,3,20,0.03793594241142273,0.3768026530742645,-0.25451356172561646,0.3134772479534149,0.06332540512084961,0.16805987060916136,0.2511290907859802,0.5013957023620605,True
42,19,4,20,0.03102893754839897,0.3728983402252197,-0.2913319170475006,0.31491926312446594,0.057979077100753784,0.15548226110563032,0.5,0.5005854964256287,True
42,19,5,20,0.023966360837221146,0.37165093421936035,-0.31066274642944336,0.3139478266239166,0.057703107595443726,0.15526157015223724,0.24936681985855103,0.49622979760169983,True
42,19,6,20,0.015389724634587765,0.3551640212535858,-0.32566148042678833,0.3155268728733063,0.03963714838027954,0.11160237526418466,0.5,0.4991854429244995,True
42,19,7,20,0.007558181881904602,0.3472079634666443,-0.32797619700431824,0.31756192445755005,0.02964603900909424,0.08538409866265145,0.2499999850988388,0.25,True
42,19,8,20,0.005156643223017454,0.3290831744670868,-0.31128090620040894,0.3175387382507324,0.01154443621635437,0.03508060305741637,0.2499999850988388,0.4999999701976776,True
42,19,9,20,0.007773354183882475,0.32966944575309753,-0.28688642382621765,0.3158269226551056,0.013842523097991943,0.04198909931240384,0.5,0.5,True
42,19,10,20,0.005838330369442701,0.3190460503101349,-0.2559095621109009,0.3133523762226105,0.005693674087524414,0.017845931902274823,0.5,0.5,True
42,19,11,20,0.009034191258251667,0.3187747597694397,-0.24137233197689056,0.3164583742618561,0.002316385507583618,0.0072665273413082985,0.4954167306423187,0.25,True
42,19,12,20,0.008787959814071655,0.3175990879535675,-0.20678448677062988,0.31396374106407166,0.0036353468894958496,0.011446339197382492,0.25,0.5,True
42,19,13,20,0.012276041321456432,0.3179757297039032,-0.18353888392448425,0.3144344985485077,0.003541231155395508,0.01113679700866817,0.4999999701976776,0.49127185344696045,True
42,19,14,20,0.006091434508562088,0.3160017132759094,-0.15575046837329865,0.31339794397354126,0.002603769302368164,0.008239731599476312,0.5,0.5000000596046448,True
42,19,15,20,0.0059366775676608086,0.31445634365081787,-0.13035491108894348,0.31345897912979126,0.0009973645210266113,0.0031717106083702226,0.49910593032836914,0.5,True
42,19,16,20,0.0010908342665061355,0.31369152665138245,-0.1035311371088028,0.3131696581840515,0.0005218684673309326,0.001663635842835198,0.5,0.489688515663147,True
42,19,17,20,0.0007332935929298401,0.3133530616760254,-0.07045711576938629,0.312130868434906,0.0012221932411193848,0.0039003711487044794,0.25,0.24075384438037872,True
42,19,18,20,-0.002808931516483426,0.31244832277297974,-0.0418311171233654,0.3122439980506897,0.00020432472229003906,0.0006539472527061646,0.5,0.4912763833999634,True
42,19,19,20,-0.0022015278227627277,0.30987298488616943,-0.0022015278227627277,0.30987298488616943,0.0,0.0,0.2490091621875763,0.2490091621875763,False
42,20,0,20,0.0038659425918012857,0.3276219069957733,0.0006714580813422799,0.3273622691631317,0.00025963783264160156,0.0007924922817965014,0.4999999701976776,0.25,True
42,20,1,20,0.0032999487593770027,0.3276210427284241,-0.0026911296881735325,0.32734206318855286,0.0002789795398712158,0.000851531200645348,0.25,0.5,True
42,20,2,20,0.00307643529959023,0.3272313177585602,-0.0049415891990065575,0.3271193504333496,0.00011196732521057129,0.0003421656764930541,0.489905446767807,0.5,True
42,20,3,20,0.0029611526988446712,0.3270181119441986,-0.006316392682492733,0.32676461338996887,0.00025349855422973633,0.0007751820005400574,0.4999999701976776,0.5,True
42,20,4,20,0.002349565736949444,0.32706716656684875,-0.009204121306538582,0.32706716656684875,0.0,0.0,0.5,0.5,False
42,20,5,20,0.0018682610243558884,0.32717257738113403,-0.011013193055987358,0.32717257738113403,0.0,0.0,0.4999999701976776,0.4999999701976776,False
42,20,6,20,0.0010989515576511621,0.32762035727500916,-0.013398230075836182,0.32762035727500916,0.0,0.0,0.5,0.5,False
42,20,7,20,0.00045929098268970847,0.3278423249721527,-0.014559470117092133,0.32781746983528137,2.485513687133789e-05,7.581430150438665e-05,0.25,0.4999999701976776,True
42,20,8,20,0.000712826382368803,0.32734039425849915,-0.013239910826086998,0.32734039425849915,0.0,0.0,0.5,0.5,False
42,20,9,20,0.0001971226156456396,0.32759779691696167,-0.01377468928694725,0.32759779691696167,0.0,0.0,0.5,0.5,False
42,20,10,20,-0.00026500964304432273,0.32773926854133606,-0.013640468008816242,0.32773926854133606,0.0,0.0,0.4999999701976776,0.4999999701976776,False
42,20,11,20,-0.0003462738241069019,0.327719509601593,-0.012725616805255413,0.327719509601593,0.0,0.0,0.5,0.5,False
42,20,12,20,-0.000648201908916235,0.32783403992652893,-0.01201881468296051,0.32783403992652893,0.0,0.0,0.5,0.5,False
42,20,13,20,-0.0006500504678115249,0.3277449309825897,-0.010499469004571438,0.3277449309825897,0.0,0.0,0.4999999701976776,0.4999999701976776,False
42,20,14,20,-0.00039498606929555535,0.3276039958000183,-0.008711282163858414,0.3276039958000183,0.0,0.0,0.5,0.5,False
42,20,15,20,-0.00022780110884923488,0.32756489515304565,-0.00710710883140564,0.32756489515304565,0.0,0.0,0.4999999701976776,0.4999999701976776,False
42,20,16,20,-0.0005044677527621388,0.3276863396167755,-0.005935475695878267,0.3276863396167755,0.0,0.0,0.4999999701976776,0.4999999701976776,False
42,20,17,20,-0.0008976567769423127,0.32782840728759766,-0.00450129946693778,0.32775771617889404,7.069110870361328e-05,0.00021563448173543212,0.5,0.5,True
42,20,18,20,-0.0004270627105142921,0.32758957147598267,-0.00230222730897367,0.32758957147598267,0.0,0.0,0.5,0.5,False
42,20,19,20,-0.00028908633976243436,0.3275192379951477,-0.00028908633976243436,0.3275192379951477,0.0,0.0,0.4991925060749054,0.4991925060749054,False
42,21,0,20,0.001234688563272357,0.6013741493225098,0.012063266709446907,0.6013492345809937,2.491474151611328e-05,4.142968490445006e-05,1.671138882637024,1.6914408206939697,True
42,21,1,20,0.0012583838542923331,0.60114586353302,0.011887934990227222,0.6009994149208069,0.00014644861221313477,0.00024361576964438444,1.660404920578003,1.6782201528549194,True
42,21,2,20,0.0012805314036086202,0.6009063720703125,0.01131987664848566,0.6008684635162354,3.790855407714844e-05,6.30856250476118e-05,1.667396068572998,1.6279761791229248,True
42,21,3,20,0.001303749973885715,0.6005842089653015,0.010992329567670822,0.6005777716636658,6.4373016357421875e-06,1.0718399750856752e-05,1.667920708656311,1.6511090993881226,True
42,21,4,20,0.0013247010065242648,0.6005555391311646,0.010451728478074074,0.6004063487052917,0.00014919042587280273,0.00024842069742398755,1.679172396659851,1.6759703159332275,True
42,21,5,20,0.0012988680973649025,0.6004083156585693,0.009765836410224438,0.60032057762146,8.7738037109375e-05,0.00014613061615100694,1.6520925760269165,1.675716519355774,True
42,21,6,20,0.0012761286925524473,0.6002845168113708,0.00921638123691082,0.6001570820808411,0.00012743473052978516,0.00021229055049878847,1.6947565078735352,1.6994211673736572,True
42,21,7,20,0.001278987736441195,0.6001247763633728,0.008551372215151787,0.6000710129737854,5.3763389587402344e-05,8.958701874166391e-05,1.7253069877624512,1.7285120487213135,True
42,21,8,20,0.0012471959926187992,0.6001073122024536,0.007888534106314182,0.5999944806098938,0.00011283159255981445,0.00018801902637331859,1.7704647779464722,1.7720212936401367,True
42,21,9,20,0.0012421970022842288,0.599976122379303,0.007294277660548687,0.5998901128768921,8.600950241088867e-05,0.00014335487564039046,1.8091055154800415,1.825729489326477,True
42,21,10,20,0.001213858718983829,0.5999172329902649,0.00660695182159543,0.5998557806015015,6.145238876342773e-05,0.00010243477830620169,1.8812669515609741,1.8863325119018555,True
42,21,11,20,0.0011677831644192338,0.5998214483261108,0.005966033786535263,0.5998077392578125,1.3709068298339844e-05,2.28552485687149e-05,1.943660020828247,1.9509729146957397,True
42,21,12,20,0.0011470626341179013,0.599794864654541,0.005336887203156948,0.5997660160064697,2.8848648071289062e-05,4.809752428924977e-05,2.0324926376342773,2.014934539794922,True
42,21,13,20,0.0011544444132596254,0.5997360944747925,0.0048114461824297905,0.5996741652488708,6.192922592163086e-05,0.00010326079502662618,2.0981228351593018,2.120701789855957,True
42,21,14,20,0.0011337271425873041,0.5996925234794617,0.004197922069579363,0.5996454954147339,4.70280647277832e-05,7.842029521215771e-05,2.1928133964538574,2.1948602199554443,True
42,21,15,20,0.0011165797477588058,0.5996775031089783,0.0035270368680357933,0.5996604561805725,1.704692840576172e-05,2.842682661494442e-05,2.294077157974243,2.2989237308502197,True
42,21,16,20,0.0011106259189546108,0.5996542572975159,0.0029041427187621593,0.5996538400650024,4.172325134277344e-07,6.957884620182497e-07,2.398937463760376,2.4128358364105225,True
42,21,17,20,0.0011000283993780613,0.5996423363685608,0.0022986361291259527,0.5996423363685608,0.0,0.0,2.514979600906372,2.514979600906372,False
42,21,18,20,0.0010820523602887988,0.5996320247650146,0.0016981546068564057,0.5996320247650146,0.0,0.0,2.6307754516601562,2.6307754516601562,False
42,21,19,20,0.0010928836418315768,0.5996271371841431,0.0010928836418315768,0.5996271371841431,0.0,0.0,2.7513997554779053,2.7513997554779053,False
42,22,0,20,0.003178268438205123,0.3434750735759735,-0.004759062547236681,0.3434750735759735,0.0,0.0,0.5,0.5,False
42,22,1,20,0.0027496791444718838,0.3434213399887085,-0.0073801735416054726,0.3434213399887085,0.0,0.0,0.5,0.5,False
42,22,2,20,0.0022723758593201637,0.3437073528766632,-0.01053982600569725,0.3437073528766632,0.0,0.0,0.4999999701976776,0.4999999701976776,False
42,22,3,20,0.001867783605121076,0.3439585268497467,-0.012539847753942013,0.3437396287918091,0.00021889805793762207,0.0006364082900995924,0.5,0.4999999701976776,True
42,22,4,20,0.001544803031720221,0.3435441255569458,-0.013439996168017387,0.3435441255569458,0.0,0.0,0.4999999403953552,0.4999999403953552,False
42,22,5,20,0.0010071375872939825,0.34414124488830566,-0.01547270268201828,0.34388211369514465,0.00025913119316101074,0.000752979182268938,0.4999999701976776,0.5,True
42,22,6,20,0.000775705324485898,0.34426605701446533,-0.01636618562042713,0.34397101402282715,0.0002950429916381836,0.0008570202772728957,0.4999999701976776,0.25,True
42,22,7,20,0.0002539736160542816,0.3440939486026764,-0.01694556325674057,0.3440939486026764,0.0,0.0,0.5,0.5,False
42,22,8,20,-0.00020873990433756262,0.34429487586021423,-0.01715957373380661,0.3442244231700897,7.045269012451172e-05,0.00020462892440233682,0.4999999701976776,0.4999999701976776,True
42,22,9,20,-9.158463217318058e-05,0.34392911195755005,-0.015777265653014183,0.34392911195755005,0.0,0.0,0.4999999701976776,0.4999999701976776,False
42,22,10,20,-0.0004078669589944184,0.34404054284095764,-0.015275607816874981,0.34404054284095764,0.0,0.0,0.5,0.5,False
42,22,11,20,-0.0007418451714329422,0.3441430926322937,-0.014474768191576004,0.3441430926322937,0.0,0.0,0.5,0.5,False
42,22,12,20,-0.0008189142099581659,0.34409767389297485,-0.013050699606537819,0.34409767389297485,0.0,0.0,0.5,0.5,False
42,22,13,20,-0.001127310679294169,0.34426239132881165,-0.012049599550664425,0.34426239132881165,0.0,0.0,0.5,0.5,False
42,22,14,20,-0.0011509403120726347,0.3442341089248657,-0.01038895733654499,0.3442341089248657,0.0,0.0,0.5,0.5,False
42,22,15,20,-0.0013603593688458204,0.3442692160606384,-0.008791636675596237,0.3442692160606384,0.0,0.0,0.5,0.5,False
42,22,16,20,-0.0007468527182936668,0.34409981966018677,-0.006557775661349297,0.34409981966018677,0.0,0.0,0.4999999701976776,0.4999999701976776,False
42,22,17,20,-0.0012304249685257673,0.34428977966308594,-0.0052389344200491905,0.34427523612976074,1.4543533325195312e-05,4.2242129114106376e-05,0.4999999701976776,0.4999999701976776,True
42,22,18,20,-0.001204406376928091,0.3441846966743469,-0.0031287784222513437,0.3441846966743469,0.0,0.0,0.4999999701976776,0.4999999701976776,False
42,22,19,20,-0.0010395904537290335,0.34412771463394165,-0.0010395904537290335,0.34412771463394165,0.0,0.0,0.4617338478565216,0.4617338478565216,False
42,23,0,20,0.0015722820535302162,0.4164259731769562,-0.01184818334877491,0.4162746071815491,0.0001513659954071045,0.00036348836325534136,0.4999999701976776,0.4999999701976776,True
42,23,1,20,0.0013359953882172704,0.4166125953197479,-0.012507458217442036,0.41596153378486633,0.0006510615348815918,0.0015627504837723535,0.4999999701976776,0.5,True
42,23,2,20,0.0010609464952722192,0.4167078733444214,-0.014150540344417095,0.41618648171424866,0.0005213916301727295,0.0012512161721066977,0.5000000596046448,0.4999999403953552,True
42,23,3,20,0.0007889402913860977,0.4164365231990814,-0.014750396832823753,0.41608643531799316,0.00035008788108825684,0.000840675256816737,0.5,0.4999999701976776,True
42,23,4,20,0.0005056228255853057,0.41673317551612854,-0.015591816045343876,0.41619181632995605,0.0005413591861724854,0.0012990546900951817,0.25,0.5000000596046448,True
42,23,5,20,0.00036180586903356016,0.41667893528938293,-0.016517551615834236,0.4164334237575531,0.000245511531829834,0.0005892103272735075,0.5,0.4999999701976776,True
42,23,6,20,0.00022056617308408022,0.41665560007095337,-0.01600060425698757,0.41617336869239807,0.00048223137855529785,0.0011573860485090742,0.5,0.5,True
42,23,7,20,-0.00011396012996556237,0.4166419506072998,-0.016777250915765762,0.4165526032447815,8.934736251831055e-05,0.00021444639069128133,0.5,0.4999999701976776,True
42,23,8,20,-0.0003015249967575073,0.41659602522850037,-0.016459614038467407,0.41657498478889465,2.104043960571289e-05,5.050561774844669e-05,0.5,0.5,True
42,23,9,20,-0.0004544041003100574,0.41657334566116333,-0.01585361547768116,0.41657334566116333,0.0,0.0,0.4953049421310425,0.4953049421310425,False
42,23,10,20,-0.0006648185662925243,0.4165697693824768,-0.015030493028461933,0.4165697693824768,0.0,0.0,0.4999999701976776,0.4999999701976776,False
42,23,11,20,-0.0005756558966822922,0.4164298474788666,-0.01368318498134613,0.4164298474788666,0.0,0.0,0.4999999701976776,0.4999999701976776,False
42,23,12,20,-0.001116069732233882,0.4166133403778076,-0.012887053191661835,0.416591078042984,2.22623348236084e-05,5.3436442537869056e-05,0.4999999701976776,0.4966917634010315,True
42,23,13,20,-0.001058767782524228,0.41648808121681213,-0.011303544044494629,0.41648808121681213,0.0,0.0,0.4999999701976776,0.4999999701976776,False
42,23,14,20,-0.0009185778326354921,0.4163567125797272,-0.009526234120130539,0.4163567125797272,0.0,0.0,0.4939126968383789,0.4939126968383789,False
42,23,15,20,-0.0012056257110089064,0.41645368933677673,-0.008190380409359932,0.41645368933677673,0.0,0.0,0.4959147274494171,0.4959147274494171,False
42,23,16,20,-0.0012177934404462576,0.416425496339798,-0.006472836714237928,0.416425496339798,0.0,0.0,0.5001235008239746,0.5001235008239746,False
42,23,17,20,-0.0013835696736350656,0.416530966758728,-0.004943901672959328,0.41650325059890747,2.771615982055664e-05,6.654045444983923e-05,0.48312970995903015,0.510021984577179,True
42,23,18,20,-0.0011771614663302898,0.41639068722724915,-0.002912779338657856,0.41639068722724915,0.0,0.0,0.48596838116645813,0.48596838116645813,False
42,23,19,20,-0.001114799058996141,0.4163891673088074,-0.001114799058996141,0.4163891673088074,0.0,0.0,0.5364106893539429,0.5364106893539429,False
123,0,0,20,0.012089858762919903,0.2155381143093109,0.13705915212631226,0.2145177274942398,0.001020386815071106,0.004734136318956497,0.5,0.4801636338233948,True
123,0,1,20,0.011746127158403397,0.215626522898674,0.12313651293516159,0.21507568657398224,0.0005508363246917725,0.0025545852026312103,0.2499999850988388,0.5,True
123,0,2,20,0.011639147996902466,0.21524578332901,0.1129959225654602,0.2148868590593338,0.0003589242696762085,0.0016675089477947234,0.5,0.5,True
123,0,3,20,0.011397331021726131,0.2153354436159134,0.10563383996486664,0.21417813003063202,0.001157313585281372,0.0053744686236866495,0.5,0.4999999701976776,True
123,0,4,20,0.0111626498401165,0.21514175832271576,0.09376493096351624,0.2145213484764099,0.0006204098463058472,0.0028837258333420488,0.5,0.4999999701976776,True
123,0,5,20,0.010988280177116394,0.21522952616214752,0.08388369530439377,0.21453231573104858,0.000697210431098938,0.0032393809693827993,0.25,0.5,True
123,0,6,20,0.010737815871834755,0.21521198749542236,0.07499537616968155,0.2144319713115692,0.0007800161838531494,0.0036244086257961844,0.2499999850988388,0.5,True
123,0,7,20,0.01053636148571968,0.21515049040317535,0.06587795168161392,0.2144898623228073,0.000660628080368042,0.0030705395053019684,0.5,0.4999999701976776,True
123,0,8,20,0.010212390683591366,0.21523107588291168,0.05576135590672493,0.2148786336183548,0.00035244226455688477,0.0016375064014855253,0.5,0.5,True
123,0,9,20,0.01035940833389759,0.214727520942688,0.04872845858335495,0.214727520942688,0.0,0.0,0.5,0.5,False
123,0,10,20,0.010057921521365643,0.2145962119102478,0.0422038659453392,0.2145962119102478,0.0,0.0,0.5,0.5,False
123,0,11,20,0.009755282662808895,0.21478308737277985,0.03786160796880722,0.2141311913728714,0.0006518959999084473,0.003035136555128335,0.5,0.4999999701976776,True
123,0,12,20,0.009908025152981281,0.21434742212295532,0.03229452297091484,0.21406783163547516,0.0002795904874801636,0.0013043799860573229,0.48624321818351746,0.5,True
123,0,13,20,0.009744042530655861,0.21402625739574432,0.027295898646116257,0.21402625739574432,0.0,0.0,0.4999999701976776,0.4999999701976776,False
123,0,14,20,0.009611130692064762,0.21451684832572937,0.02057514525949955,0.21450114250183105,1.570582389831543e-05,7.321487342787731e-05,0.5,0.4999999701976776,True
123,0,15,20,0.009447473101317883,0.21452544629573822,0.016659410670399666,0.21452544629573822,0.0,0.0,0.5000000596046448,0.5000000596046448,False
123,0,16,20,0.0076821488328278065,0.21500863134860992,0.011321667581796646,0.21500863134860992,0.0,0.0,0.5,0.5,False
123,0,17,20,0.00838021282106638,0.21472306549549103,0.010285569354891777,0.21472306549549103,0.0,0.0,0.48615825176239014,0.48615825176239014,False
123,0,18,20,0.008045375347137451,0.2147206813097,0.008659414947032928,0.2147206813097,0.0,0.0,0.488337904214859,0.488337904214859,False
123,0,19,20,0.010471232235431671,0.2141372263431549,0.010471232235431671,0.2141372263431549,0.0,0.0,0.49055832624435425,0.49055832624435425,False
123,1,0,20,0.008334645070135593,0.33975082635879517,0.17722824215888977,0.33972710371017456,2.372264862060547e-05,6.982366717057834e-05,0.614956796169281,0.4497154951095581,True
123,1,1,20,0.008406405337154865,0.33973708748817444,0.16893897950649261,0.33972999453544617,7.092952728271484e-06,2.08777698682025e-05,0.41078296303749084,0.4147588312625885,True
123,1,2,20,0.00849092099815607,0.3397447168827057,0.160553976893425,0.33973434567451477,1.0371208190917969e-05,3.0526473777364283e-05,0.5636803507804871,0.3192903995513916,True
123,1,3,20,0.008668326772749424,0.3396856188774109,0.1522403359413147,0.3396856188774109,0.0,0.0,0.5446635484695435,0.5446635484695435,False
123,1,4,20,0.008696217089891434,0.33970725536346436,0.14364078640937805,0.33970725536346436,0.0,0.0,0.5298944115638733,0.5298944115638733,False
123,1,5,20,0.008727770298719406,0.3397156298160553,0.13500672578811646,0.3397156298160553,0.0,0.0,0.5362375974655151,0.5362375974655151,False
123,1,6,20,0.008798552677035332,0.33971649408340454,0.12634289264678955,0.33971112966537476,5.364418029785156e-06,1.5790867158979117e-05,0.49084869027137756,0.5343678593635559,True
123,1,7,20,0.008859758265316486,0.33972620964050293,0.11758001148700714,0.3397189676761627,7.241964340209961e-06,2.1317061017674738e-05,0.4893173575401306,0.5000780820846558,True
123,1,8,20,0.008935379795730114,0.3397003710269928,0.10883712023496628,0.3397003710269928,0.0,0.0,0.5210357904434204,0.5210357904434204,False
123,1,9,20,0.008948486298322678,0.33973637223243713,0.09991283714771271,0.33972546458244324,1.0907649993896484e-05,3.210621789542689e-05,0.4771121144294739,0.29723772406578064,True
123,1,10,20,0.00901051890105009,0.339713990688324,0.09104740619659424,0.339713990688324,0.0,0.0,0.28091657161712646,0.28091657161712646,False
123,1,11,20,0.009113764390349388,0.33969491720199585,0.08215903490781784,0.33969491720199585,0.0,0.0,0.520661473274231,0.520661473274231,False
123,1,12,20,0.0090860053896904,0.33971917629241943,0.07310232520103455,0.33971917629241943,0.0,0.0,0.5083131790161133,0.5083131790161133,False
123,1,13,20,0.00912522803992033,0.3397083878517151,0.06411023437976837,0.3397083878517151,0.0,0.0,0.28565460443496704,0.28565460443496704,False
123,1,14,20,0.009155821055173874,0.3397122621536255,0.05503934249281883,0.3397122621536255,0.0,0.0,0.29559963941574097,0.29559963941574097,False
123,1,15,20,0.009186295792460442,0.3397141098976135,0.04594210907816887,0.3397141098976135,0.0,0.0,0.4725896418094635,0.4725896418094635,False
123,1,16,20,0.00932106003165245,0.3396768867969513,0.03692943975329399,0.3396768867969513,0.0,0.0,0.5160908699035645,0.5160908699035645,False
123,1,17,20,0.009288582019507885,0.33969753980636597,0.027717988938093185,0.33969753980636597,0.0,0.0,0.5235617160797119,0.5235617160797119,False
123,1,18,20,0.009249014779925346,0.33972102403640747,0.018472757190465927,0.3397207260131836,2.980232238769531e-07,8.772586999061158e-07,0.32573166489601135,0.3468773663043976,True
123,1,19,20,0.0093067716807127,0.3397088348865509,0.0093067716807127,0.3397088348865509,0.0,0.0,0.53079754114151,0.53079754114151,False
123,2,0,20,0.009479682892560959,0.2814841866493225,0.19171006977558136,0.28142818808555603,5.599856376647949e-05,0.00019894035410324273,0.2549495995044708,0.4826325476169586,True
123,2,1,20,0.009615706279873848,0.2814779579639435,0.18238024413585663,0.2814244031906128,5.3554773330688477e-05,0.00019026276060148443,0.5,0.5017580986022949,True
123,2,2,20,0.009695872664451599,0.28145071864128113,0.1729108691215515,0.2814331650733948,1.755356788635254e-05,6.236817575415461e-05,0.25167325139045715,0.5009215474128723,True
123,2,3,20,0.00974156055599451,0.28147757053375244,0.16342267394065857,0.28142547607421875,5.2094459533691406e-05,0.00018507499348849421,0.24930375814437866,0.5,True
123,2,4,20,0.009882032871246338,0.2814423143863678,0.15382644534111023,0.2814304828643799,1.1831521987915039e-05,4.203888819530018e-05,0.49524399638175964,0.25023800134658813,True
123,2,5,20,0.009885692037642002,0.2814556360244751,0.14421097934246063,0.281427264213562,2.8371810913085938e-05,0.00010080384714917826,0.4999999701976776,0.5,True
123,2,6,20,0.009927358478307724,0.2814537584781647,0.13459372520446777,0.2814142405986786,3.9517879486083984e-05,0.00014040629515753937,0.24975064396858215,0.5,True
123,2,7,20,0.009984721429646015,0.28142327070236206,0.12487433105707169,0.28142282366752625,4.470348358154297e-07,1.5884785742832943e-06,0.5,0.24284616112709045,True
123,2,8,20,0.009992392733693123,0.28141915798187256,0.1152314841747284,0.2814057171344757,1.3440847396850586e-05,4.776095377883396e-05,0.2499999850988388,0.5,True
123,2,9,20,0.010000181384384632,0.2814556062221527,0.10547448694705963,0.2814193665981293,3.62396240234375e-05,0.0001287578688158501,0.25,0.5,True
123,2,10,20,0.010023550130426884,0.28142136335372925,0.0958772674202919,0.2813888192176819,3.254413604736328e-05,0.00011564202397263392,0.24884940683841705,0.49212950468063354,True
123,2,11,20,0.010058483108878136,0.2814268171787262,0.08618514984846115,0.28138837218284607,3.844499588012695e-05,0.0001366074358710159,0.5,0.5,True
123,2,12,20,0.010065684095025063,0.28140196204185486,0.07647692412137985,0.2813979983329773,3.9637088775634766e-06,1.4085576549654357e-05,0.23600345849990845,0.4999999701976776,True
123,2,13,20,0.01004868932068348,0.28139299154281616,0.06684809178113937,0.28139299154281616,0.0,0.0,0.24940556287765503,0.24940556287765503,False
123,2,14,20,0.010063791647553444,0.2814176380634308,0.05718114227056503,0.2814081907272339,9.447336196899414e-06,3.3570519111421186e-05,0.4958727955818176,0.492147296667099,True
123,2,15,20,0.010086101479828358,0.2813689708709717,0.04774855822324753,0.2813689708709717,0.0,0.0,0.4839075207710266,0.4839075207710266,False
123,2,16,20,0.010053882375359535,0.2813814878463745,0.038179975003004074,0.2813814878463745,0.0,0.0,0.49313884973526,0.49313884973526,False
123,2,17,20,0.010050223208963871,0.28137752413749695,0.02872438356280327,0.28137752413749695,0.0,0.0,0.4776949882507324,0.4776949882507324,False
123,2,18,20,0.010128229856491089,0.28134381771087646,0.019436318427324295,0.28134381771087646,0.0,0.0,0.5159883499145508,0.5159883499145508,False
123,2,19,20,0.01003901194781065,0.28136011958122253,0.01003901194781065,0.28136011958122253,0.0,0.0,0.5318553447723389,0.5318553447723389,False
123,3,0,20,0.009892457164824009,0.21543705463409424,0.03258153051137924,0.21274833381175995,0.0026887208223342896,0.012480308120164872,0.2499999850988388,0.49269193410873413,True
123,3,1,20,0.009532974101603031,0.2154129445552826,0.024920381605625153,0.21237577497959137,0.003037169575691223,0.014099290003028475,0.5,0.49317166209220886,True
123,3,2,20,0.00917844194918871,0.21521823108196259,0.014373972080647945,0.21277721226215363,0.00244101881980896,0.011342063390899887,0.5,0.5,True
123,3,3,20,0.008636603131890297,0.21417488157749176,0.007401380222290754,0.212589830160141,0.001585051417350769,0.0074007344170155314,0.48098888993263245,0.5,True
123,3,4,20,0.008388266898691654,0.21395611763000488,0.002615533769130707,0.21211835741996765,0.0018377602100372314,0.008589425861686633,0.5,0.4999999701976776,True
123,3,5,20,0.008188817650079727,0.21323460340499878,-0.003890523687005043,0.21220050752162933,0.0010340958833694458,0.004849568816958739,0.5,0.5,True
123,3,6,20,0.008151449263095856,0.2128698229789734,-0.01223687082529068,0.2128698229789734,0.0,0.0,0.5,0.5,False
123,3,7,20,0.008844324387609959,0.21211138367652893,-0.01291404478251934,0.21211138367652893,0.0,0.0,0.5,0.5,False
123,3,8,20,0.00891617126762867,0.21246613562107086,-0.01785459741950035,0.21246613562107086,0.0,0.0,0.5,0.5,False
123,3,9,20,0.008168363943696022,0.21337652206420898,-0.02440561354160309,0.21337652206420898,0.0,0.0,0.4999999701976776,0.4999999701976776,False
123,3,10,20,0.009832123294472694,0.21212518215179443,-0.01979289948940277,0.21212518215179443,0.0,0.0,0.5,0.5,False
123,3,11,20,0.008507059887051582,0.21310965716838837,-0.024679912254214287,0.21310965716838837,0.0,0.0,0.4999999701976776,0.4999999701976776,False
123,3,12,20,0.008983522653579712,0.21284577250480652,-0.022686053067445755,0.21284577250480652,0.0,0.0,0.4999999701976776,0.4999999701976776,False
123,3,13,20,0.010811403393745422,0.21224582195281982,-0.018106766045093536,0.21224582195281982,0.0,0.0,0.4999999701976776,0.4999999701976776,False
123,3,14,20,0.007049075327813625,0.2135671228170395,-0.021564744412899017,0.2135671228170395,0.0,0.0,0.5,0.5,False
123,3,15,20,0.010878033936023712,0.21239185333251953,-0.012330199591815472,0.21239185333251953,0.0,0.0,0.5,0.5,False
123,3,16,20,0.012329385615885258,0.21205997467041016,-0.006107141263782978,0.21205997467041016,0.0,0.0,0.5,0.5,False
123,3,17,20,0.01168309710919857,0.2122839391231537,-0.0015925941988825798,0.2122839391231537,0.0,0.0,0.5,0.5,False
123,3,18,20,0.012393677607178688,0.21217888593673706,0.005347258877009153,0.21217888593673706,0.0,0.0,0.48402467370033264,0.48402467370033264,False
123,3,19,20,0.012731535360217094,0.21215645968914032,0.012731535360217094,0.21215645968914032,0.0,0.0,0.4835529923439026,0.4835529923439026,False
123,4,0,20,0.009303366765379906,0.28707656264305115,0.19030429422855377,0.28706204891204834,1.4513731002807617e-05,5.055700426807005e-05,0.49306678771972656,0.4952930808067322,True
123,4,1,20,0.009513452649116516,0.2870565354824066,0.18112477660179138,0.2870563864707947,1.4901161193847656e-07,5.191019660571682e-07,0.5020430088043213,0.5,True
123,4,2,20,0.00951864942908287,0.2870583236217499,0.1719084531068802,0.28703343868255615,2.4884939193725586e-05,8.66894883233412e-05,0.4650542736053467,0.4984012544155121,True
123,4,3,20,0.009603779762983322,0.2870442271232605,0.16249170899391174,0.2870442271232605,0.0,0.0,0.5,0.5,False
123,4,4,20,0.009651479311287403,0.2870774269104004,0.15297852456569672,0.28706327080726624,1.4156103134155273e-05,4.931109800762401e-05,0.2513042688369751,0.25,True
123,4,5,20,0.009747697040438652,0.28706303238868713,0.1435224562883377,0.2870500385761261,1.2993812561035156e-05,4.526466697196093e-05,0.5,0.25,True
123,4,6,20,0.009800936095416546,0.28706198930740356,0.1339804232120514,0.28704872727394104,1.3262033462524414e-05,4.619919723444338e-05,0.5000000596046448,0.5001384019851685,True
123,4,7,20,0.0097920848056674,0.2870437204837799,0.12441771477460861,0.2870437204837799,0.0,0.0,0.24931544065475464,0.24931544065475464,False
123,4,8,20,0.009939160197973251,0.2870193421840668,0.11489913612604141,0.2870193421840668,0.0,0.0,0.5,0.5,False
123,4,9,20,0.009898911230266094,0.28704914450645447,0.10520850121974945,0.28704002499580383,9.119510650634766e-06,3.176985831577599e-05,0.2499999850988388,0.24548284709453583,True
123,4,10,20,0.009896669536828995,0.28702467679977417,0.09563669562339783,0.28702467679977417,0.0,0.0,0.25,0.25,False
123,4,11,20,0.009944944642484188,0.2870232164859772,0.08601731806993484,0.2870232164859772,0.0,0.0,0.23445557057857513,0.23445557057857513,False
123,4,12,20,0.009996875189244747,0.28701159358024597,0.07644233107566833,0.28701159358024597,0.0,0.0,0.5,0.5,False
123,4,13,20,0.00996654387563467,0.2870243787765503,0.06682310253381729,0.28701677918434143,7.599592208862305e-06,2.6477166299447406e-05,0.45484963059425354,0.49841150641441345,True
123,4,14,20,0.0099436454474926,0.2870340049266815,0.05721519887447357,0.28702494502067566,9.059906005859375e-06,3.1563876928706024e-05,0.5007284879684448,0.2515370845794678,True
123,4,15,20,0.009983302094042301,0.2870229482650757,0.04774649068713188,0.2870010435581207,2.1904706954956055e-05,7.631691851595885e-05,0.5,0.4721773862838745,True
123,4,16,20,0.009972207248210907,0.2870190739631653,0.03816502168774605,0.2870190739631653,0.0,0.0,0.46818238496780396,0.46818238496780396,False
123,4,17,20,0.00999168399721384,0.28699934482574463,0.02875571697950363,0.28699934482574463,0.0,0.0,0.514569103717804,0.514569103717804,False
123,4,18,20,0.010020598769187927,0.28698432445526123,0.01937592402100563,0.28698432445526123,0.0,0.0,0.4956841468811035,0.4956841468811035,False
123,4,19,20,0.00995214469730854,0.28699687123298645,0.00995214469730854,0.28699687123298645,0.0,0.0,0.4995940029621124,0.4995940029621124,False
123,5,0,20,0.007079866714775562,0.44512462615966797,0.13950282335281372,0.44512462615966797,0.0,0.0,1.2972360849380493,1.2972360849380493,False
123,5,1,20,0.007116916123777628,0.44514399766921997,0.13289852440357208,0.44514399766921997,0.0,0.0,1.272169828414917,1.272169828414917,False
123,5,2,20,0.007148046512156725,0.4451660215854645,0.1262413114309311,0.4451660215854645,0.0,0.0,1.226081132888794,1.226081132888794,False
123,5,3,20,0.007200120948255062,0.44516828656196594,0.11958394199609756,0.44516828656196594,0.0,0.0,1.1647917032241821,1.1647917032241821,False
123,5,4,20,0.007243202533572912,0.44518518447875977,0.11285058408975601,0.44518518447875977,0.0,0.0,1.1332722902297974,1.1332722902297974,False
123,5,5,20,0.007260600570589304,0.44521045684814453,0.1060565933585167,0.44521045684814453,0.0,0.0,1.104377269744873,1.104377269744873,False
123,5,6,20,0.007314919959753752,0.44521161913871765,0.09927620738744736,0.44521161913871765,0.0,0.0,1.0686532258987427,1.0686532258987427,False
123,5,7,20,0.007342376280575991,0.4452320337295532,0.09241332113742828,0.4452320337295532,0.0,0.0,1.0301138162612915,1.0301138162612915,False
123,5,8,20,0.007373143918812275,0.44524598121643066,0.0855276882648468,0.44524598121643066,0.0,0.0,0.9422857761383057,0.9422857761383057,False
123,5,9,20,0.007401779759675264,0.445259153842926,0.07860784977674484,0.445259153842926,0.0,0.0,0.9862275123596191,0.9862275123596191,False
123,5,10,20,0.0074256849475204945,0.4452795386314392,0.07164301723241806,0.4452766478061676,2.8908252716064453e-06,6.492158342804969e-06,0.9886522889137268,0.9741563200950623,True
123,5,11,20,0.007467451971024275,0.44528114795684814,0.0646742731332779,0.44528114795684814,0.0,0.0,0.9445043802261353,0.9445043802261353,False
123,5,12,20,0.00749230245128274,0.4452999234199524,0.057645283639431,0.4452976882457733,2.2351741790771484e-06,5.019480268289213e-06,0.8851324319839478,0.9448180198669434,True
123,5,13,20,0.0075393919833004475,0.4453025758266449,0.05061095580458641,0.4453025758266449,0.0,0.0,0.9362632036209106,0.9362632036209106,False
123,5,14,20,0.0075719282031059265,0.44531285762786865,0.04353366419672966,0.44531285762786865,0.0,0.0,0.970355749130249,0.970355749130249,False
123,5,15,20,0.007607183884829283,0.44531962275505066,0.03643423691391945,0.44531962275505066,0.0,0.0,0.9821115732192993,0.9821115732192993,False
123,5,16,20,0.007621146272867918,0.44533899426460266,0.029277296736836433,0.44533899426460266,0.0,0.0,0.9947711229324341,0.9947711229324341,False
123,5,17,20,0.0076757995411753654,0.44533607363700867,0.02214246802031994,0.44533607363700867,0.0,0.0,1.0299731492996216,1.0299731492996216,False
123,5,18,20,0.007713655475527048,0.44534245133399963,0.014959121122956276,0.44534245133399963,0.0,0.0,1.0434731245040894,1.0434731245040894,False
123,5,19,20,0.007724420633167028,0.44535988569259644,0.007724420633167028,0.44535988569259644,0.0,0.0,1.102358341217041,1.102358341217041,False
123,6,0,20,0.008531353436410427,0.3248719573020935,0.18106292188167572,0.32484519481658936,2.676248550415039e-05,8.237856454709127e-05,0.3626786172389984,0.5646809935569763,True
123,6,1,20,0.008605931885540485,0.32488277554512024,0.17251351475715637,0.32486405968666077,1.8715858459472656e-05,5.760803547700967e-05,0.3286396861076355,0.25264865159988403,True
123,6,2,20,0.00874490849673748,0.3248734176158905,0.1639363169670105,0.32486051321029663,1.290440559387207e-05,3.9721334200169655e-05,0.5276604294776917,0.3132188618183136,True
123,6,3,20,0.008807774633169174,0.3248717486858368,0.15528614819049835,0.3248518407344818,1.990795135498047e-05,6.12794169868929e-05,0.5194258689880371,0.2944503724575043,True
123,6,4,20,0.008860829286277294,0.3248719274997711,0.14653010666370392,0.32485130429267883,2.0623207092285156e-05,6.348103774617364e-05,0.2886120676994324,0.2835361361503601,True
123,6,5,20,0.008958188816905022,0.3248421251773834,0.13772720098495483,0.3248421251773834,0.0,0.0,0.4964372217655182,0.4964372217655182,False
123,6,6,20,0.009109756909310818,0.3248143196105957,0.12891417741775513,0.3248143196105957,0.0,0.0,0.5125374794006348,0.5125374794006348,False
123,6,7,20,0.009103143587708473,0.32482674717903137,0.11991748213768005,0.32482674717903137,0.0,0.0,0.5117719173431396,0.5117719173431396,False
123,6,8,20,0.009198230691254139,0.32481586933135986,0.11093790829181671,0.32481586933135986,0.0,0.0,0.5117494463920593,0.5117494463920593,False
123,6,9,20,0.009169884026050568,0.32484161853790283,0.10181079059839249,0.3248370885848999,4.5299530029296875e-06,1.3945112770090229e-05,0.501274049282074,0.48553895950317383,True
123,6,10,20,0.009220907464623451,0.3248503506183624,0.09269475936889648,0.3248404264450073,9.924173355102539e-06,3.05499850506905e-05,0.46362069249153137,0.5078710317611694,True
123,6,11,20,0.00927689392119646,0.3248343765735626,0.08356869965791702,0.3248343765735626,0.0,0.0,0.4930226504802704,0.4930226504802704,False
123,6,12,20,0.009270519018173218,0.3248365521430969,0.07438275218009949,0.3248365521430969,0.0,0.0,0.26363635063171387,0.26363635063171387,False
123,6,13,20,0.009312565438449383,0.32483261823654175,0.06518475711345673,0.32483261823654175,0.0,0.0,0.2512045204639435,0.2512045204639435,False
123,6,14,20,0.009398892521858215,0.3248240351676941,0.055973753333091736,0.3248240351676941,0.0,0.0,0.46359381079673767,0.46359381079673767,False
123,6,15,20,0.009345279075205326,0.32484641671180725,0.04664336144924164,0.32484641671180725,0.0,0.0,0.2734673023223877,0.2734673023223877,False
123,6,16,20,0.00937716756016016,0.3248368203639984,0.037390679121017456,0.3248368203639984,0.0,0.0,0.27572065591812134,0.27572065591812134,False
123,6,17,20,0.00942558329552412,0.32483524084091187,0.028107047080993652,0.32483142614364624,3.814697265625e-06,1.1743483421779501e-05,0.5163747072219849,0.5249830484390259,True
123,6,18,20,0.009421332739293575,0.3248409628868103,0.018762242048978806,0.3248409628868103,0.0,0.0,0.31882429122924805,0.31882429122924805,False
123,6,19,20,0.009461603127419949,0.32483211159706116,0.009461603127419949,0.32483211159706116,0.0,0.0,0.5026763677597046,0.5026763677597046,False
123,7,0,20,0.011666485108435154,0.21344931423664093,0.0958152785897255,0.21237079799175262,0.0010785162448883057,0.005052797891365474,0.48952510952949524,0.5,True
123,7,1,20,0.011190473102033138,0.21333198249340057,0.08854715526103973,0.21160675585269928,0.001725226640701294,0.008087051085997684,0.2499999850988388,0.4999999701976776,True
123,7,2,20,0.011047940701246262,0.21342511475086212,0.07681897282600403,0.21188944578170776,0.001535668969154358,0.007195352669469068,0.5,0.5,True
123,7,3,20,0.010576707310974598,0.21311861276626587,0.06764069199562073,0.21174488961696625,0.0013737231492996216,0.006445814992265497,0.5,0.5,True
123,7,4,20,0.010363542474806309,0.21284060180187225,0.05689616873860359,0.2120550125837326,0.0007855892181396484,0.0036909744263499728,0.2499999701976776,0.5,True
123,7,5,20,0.010079996660351753,0.21263383328914642,0.05012621358036995,0.2116546928882599,0.0009791404008865356,0.00460481940122421,0.5,0.5,True
123,7,6,20,0.009518800303339958,0.21202534437179565,0.04155728965997696,0.21177566051483154,0.00024968385696411133,0.0011776132598859494,0.5,0.4999999701976776,True
123,7,7,20,0.009556588716804981,0.21243900060653687,0.03524462878704071,0.21156668663024902,0.0008723139762878418,0.004106185652339207,0.5,0.4999999701976776,True
123,7,8,20,0.00929796788841486,0.21205876767635345,0.029615866020321846,0.21136781573295593,0.000690951943397522,0.0032583040586751915,0.5,0.4999999701976776,True
123,7,9,20,0.009311429224908352,0.21186140179634094,0.02552463673055172,0.21100524067878723,0.0008561611175537109,0.004041137792417352,0.4999999701976776,0.5,True
123,7,10,20,0.009335878305137157,0.21194882690906525,0.01604047417640686,0.21194882690906525,0.0,0.0,0.5000000596046448,0.5000000596046448,False
123,7,11,20,0.00950733944773674,0.21161678433418274,0.013393759727478027,0.21161678433418274,0.0,0.0,0.5,0.5,False
123,7,12,20,0.009462470188736916,0.21172413229942322,0.009498829953372478,0.21172413229942322,0.0,0.0,0.4999999701976776,0.4999999701976776,False
123,7,13,20,0.009613372385501862,0.21167512238025665,0.007182527799159288,0.21167512238025665,0.0,0.0,0.5,0.5,False
123,7,14,20,0.010609002783894539,0.21118201315402985,0.00781448557972908,0.21118201315402985,0.0,0.0,0.5,0.5,False
123,7,15,20,0.007769099902361631,0.21234944462776184,0.0014539000112563372,0.21234944462776184,0.0,0.0,0.4999999701976776,0.4999999701976776,False
123,7,16,20,0.006662389263510704,0.21256545186042786,0.00044006272219121456,0.21256545186042786,0.0,0.0,0.4942457973957062,0.4942457973957062,False
123,7,17,20,0.010191620327532291,0.21154706180095673,0.006090452894568443,0.21154706180095673,0.0,0.0,0.49722030758857727,0.49722030758857727,False
123,7,18,20,0.009085233323276043,0.21181967854499817,0.00648476742208004,0.21181967854499817,0.0,0.0,0.4974399209022522,0.4974399209022522,False
123,7,19,20,0.008692607283592224,0.21188178658485413,0.008692607283592224,0.21188178658485413,0.0,0.0,0.5009546875953674,0.5009546875953674,False
123,8,0,20,0.07046035677194595,0.31163185834884644,-0.41822874546051025,0.2627381682395935,0.04889369010925293,0.1568956728888753,0.4995953142642975,0.4999999701976776,True
123,8,1,20,0.049528975039720535,0.3156256377696991,-0.4094308614730835,0.25583645701408386,0.059789180755615234,0.18943068496622348,0.4999999701976776,0.4999999701976776,True
123,8,2,20,0.029108405113220215,0.30745580792427063,-0.41995400190353394,0.255405068397522,0.05205073952674866,0.1692950277249902,0.25,0.5,True
123,8,3,20,0.010770022869110107,0.29972735047340393,-0.4560765027999878,0.2632010579109192,0.03652629256248474,0.12186506338108065,0.25,0.4999999701976776,True
123,8,4,20,-0.002739204792305827,0.29624825716018677,-0.45323437452316284,0.26256585121154785,0.033682405948638916,0.11369655393593162,0.5,0.5,True
123,8,5,20,-0.012749725952744484,0.28462040424346924,-0.45658156275749207,0.26529955863952637,0.01932084560394287,0.06788285490387921,0.4999999701976776,0.2499999850988388,True
123,8,6,20,-0.016903910785913467,0.27986273169517517,-0.45040541887283325,0.2672310471534729,0.01263168454170227,0.0451352863783972,0.5,0.5,True
123,8,7,20,-0.017124777659773827,0.2725293040275574,-0.4115140736103058,0.2620861828327179,0.010443121194839478,0.03831925976585439,0.25,0.5,True
123,8,8,20,-0.010976750403642654,0.26469793915748596,-0.3818570673465729,0.2608371376991272,0.0038608014583587646,0.014585687635677903,0.5,0.5,True
123,8,9,20,-0.0009210465359501541,0.2596301734447479,-0.34764134883880615,0.2596301734447479,0.0,0.0,0.5,0.5,False
123,8,10,20,0.010706566274166107,0.2575605809688568,-0.306159108877182,0.2575605809688568,0.0,0.0,0.5,0.5,False
123,8,11,20,0.024935467168688774,0.25468745827674866,-0.2583571672439575,0.25468745827674866,0.0,0.0,0.4999999701976776,0.4999999701976776,False
123,8,12,20,0.02914014644920826,0.25788962841033936,-0.23191392421722412,0.25788962841033936,0.0,0.0,0.4999999701976776,0.4999999701976776,False
123,8,13,20,0.03800912946462631,0.2572869658470154,-0.18897317349910736,0.2572869658470154,0.0,0.0,0.5,0.5,False
123,8,14,20,0.04201219975948334,0.2581934630870819,-0.15082962810993195,0.2581934630870819,0.0,0.0,0.4999999701976776,0.4999999701976776,False
123,8,15,20,0.036581963300704956,0.26140278577804565,-0.1209576278924942,0.26140278577804565,0.0,0.0,0.5,0.5,False
123,8,16,20,0.032203782349824905,0.263625830411911,-0.08704536408185959,0.263625830411911,0.0,0.0,0.4995150864124298,0.4995150864124298,False
123,8,17,20,0.012335076928138733,0.2698361277580261,-0.06813197582960129,0.2698361277580261,0.0,0.0,0.4984166920185089,0.4984166920185089,False
123,8,18,20,0.060985010117292404,0.2570827901363373,0.022037040442228317,0.2570827901363373,0.0,0.0,0.5,0.5,False
123,8,19,20,0.055512528866529465,0.2590544819831848,0.055512528866529465,0.2590544819831848,0.0,0.0,0.4999999701976776,0.4999999701976776,False
123,9,0,20,0.008592694997787476,0.32776519656181335,0.1804226189851761,0.32776519656181335,0.0,0.0,0.5334869027137756,0.5334869027137756,False
123,9,1,20,0.00856208335608244,0.327825129032135,0.1718451827764511,0.3278076946735382,1.7434358596801758e-05,5.3181885867854744e-05,0.5606430172920227,0.3521079123020172,True
123,9,2,20,0.008648596704006195,0.3278173506259918,0.16327421367168427,0.32781660556793213,7.450580596923828e-07,2.272784092329581e-06,0.23930135369300842,0.30722787976264954,True
123,9,3,20,0.008778353221714497,0.3277932107448578,0.15471357107162476,0.3277932107448578,0.0,0.0,0.5347254872322083,0.5347254872322083,False
123,9,4,20,0.008888240903615952,0.32778650522232056,0.14602148532867432,0.32778650522232056,0.0,0.0,0.521567165851593,0.521567165851593,False
123,9,5,20,0.00889343861490488,0.3278205990791321,0.1371600329875946,0.3278110921382904,9.506940841674805e-06,2.9000437642968066e-05,0.2889787256717682,0.4976288080215454,True
123,9,6,20,0.008946841582655907,0.3278246819972992,0.1283198893070221,0.32780659198760986,1.8090009689331055e-05,5.5181963661540565e-05,0.2763151228427887,0.5128731727600098,True
123,9,7,20,0.009055651724338531,0.3277881443500519,0.11946164071559906,0.3277881443500519,0.0,0.0,0.5156720876693726,0.5156720876693726,False
123,9,8,20,0.009065812453627586,0.327801913022995,0.11044971644878387,0.327801913022995,0.0,0.0,0.278080016374588,0.278080016374588,False
123,9,9,20,0.009104912169277668,0.3278123438358307,0.10145322978496552,0.3277941048145294,1.823902130126953e-05,5.563860435470265e-05,0.27571752667427063,0.2759620249271393,True
123,9,10,20,0.00919397734105587,0.3277910351753235,0.09239745885133743,0.3277910351753235,0.0,0.0,0.49099963903427124,0.49099963903427124,False
123,9,11,20,0.009259295649826527,0.3277701437473297,0.08335548639297485,0.3277701437473297,0.0,0.0,0.50279301404953,0.50279301404953,False
123,9,12,20,0.009289410896599293,0.3277846872806549,0.07416896522045135,0.3277846872806549,0.0,0.0,0.5089014768600464,0.5089014768600464,False
123,9,13,20,0.009276068769395351,0.32779011130332947,0.06497758626937866,0.32779011130332947,0.0,0.0,0.2706547975540161,0.2706547975540161,False
123,9,14,20,0.009280556812882423,0.3277987539768219,0.055750772356987,0.3277975618839264,1.1920928955078125e-06,3.6366608507368013e-06,0.15697254240512848,0.15599726140499115,True
123,9,15,20,0.009330042637884617,0.32779067754745483,0.04654155299067497,0.32779067754745483,0.0,0.0,0.2740994393825531,0.2740994393825531,False
123,9,16,20,0.009399129077792168,0.3277771770954132,0.03732902184128761,0.3277771770954132,0.0,0.0,0.2707805335521698,0.2707805335521698,False
123,9,17,20,0.00940928515046835,0.32778075337409973,0.02804385870695114,0.32778075337409973,0.0,0.0,0.3090023994445801,0.3090023994445801,False
123,9,18,20,0.009428532794117928,0.327781081199646,0.018750425428152084,0.327781081199646,0.0,0.0,0.5158289074897766,0.5158289074897766,False
123,9,19,20,0.009393580257892609,0.3277972936630249,0.009393580257892609,0.3277972936630249,0.0,0.0,0.2660045325756073,0.2660045325756073,False
123,10,0,20,0.011263773776590824,0.23947277665138245,0.19430243968963623,0.2393326610326767,0.0001401156187057495,0.0005851004054198853,0.22886918485164642,0.4999999701976776,True
123,10,1,20,0.011336498893797398,0.23946568369865417,0.1833721399307251,0.23936256766319275,0.00010311603546142578,0.0004306088198891493,0.4999999701976776,0.5000000596046448,True
123,10,2,20,0.01135335210710764,0.23952540755271912,0.17271724343299866,0.23932485282421112,0.0002005547285079956,0.0008373004373820087,0.4999999701976776,0.4999999701976776,True
123,10,3,20,0.011416880413889885,0.23942571878433228,0.162033811211586,0.23929984867572784,0.00012587010860443115,0.0005257167410565917,0.5,0.4999999403953552,True
123,10,4,20,0.011471327394247055,0.2394525706768036,0.15136930346488953,0.23928268253803253,0.00016988813877105713,0.0007094855498559684,0.4999999701976776,0.5,True
123,10,5,20,0.011291474103927612,0.239444762468338,0.1405695229768753,0.23931576311588287,0.00012899935245513916,0.0005387436798589272,0.2500000298023224,0.2499999850988388,True
123,10,6,20,0.011345221661031246,0.23938710987567902,0.13003408908843994,0.23930886387825012,7.824599742889404e-05,0.00032685969378021046,0.5,0.4999999701976776,True
123,10,7,20,0.011227470822632313,0.23930850625038147,0.11966903507709503,0.23928935825824738,1.9147992134094238e-05,8.001383834664137e-05,0.25,0.4999999701976776,True
123,10,8,20,0.011208727024495602,0.23935769498348236,0.10942014306783676,0.23927465081214905,8.304417133331299e-05,0.0003469459017770192,0.5,0.5,True
123,10,9,20,0.01112561859190464,0.23934482038021088,0.0993218943476677,0.23926082253456116,8.399784564971924e-05,0.0003509490847401025,0.5,0.5,True
123,10,10,20,0.011079640127718449,0.23932954668998718,0.0893389880657196,0.23926052451133728,6.902217864990234e-05,0.00028839806703561527,0.5,0.4999999701976776,True
123,10,11,20,0.010951360687613487,0.23936332762241364,0.07962330430746078,0.23924121260643005,0.00012211501598358154,0.0005101659355948345,0.5,0.4999999403953552,True
123,10,12,20,0.010801133699715137,0.23924262821674347,0.07009005546569824,0.2392272651195526,1.5363097190856934e-05,6.421555098842433e-05,0.49345770478248596,0.2500000298023224,True
123,10,13,20,0.010915162041783333,0.23925764858722687,0.06077099218964577,0.23921510577201843,4.254281520843506e-05,0.00017781172497365367,0.4890599846839905,0.4999999701976776,True
123,10,14,20,0.010691925883293152,0.23922517895698547,0.05164800584316254,0.23921258747577667,1.259148120880127e-05,5.2634431140148984e-05,0.24977688491344452,0.5,True
123,10,15,20,0.010621747933328152,0.23918776214122772,0.04287159815430641,0.23918776214122772,0.0,0.0,0.5,0.5,False
123,10,16,20,0.010485035367310047,0.23922288417816162,0.034170616418123245,0.23920920491218567,1.3679265975952148e-05,5.718209619847445e-05,0.5,0.5005427598953247,True
123,10,17,20,0.010400922037661076,0.2392081916332245,0.02590416558086872,0.23919472098350525,1.3470649719238281e-05,5.631349673799086e-05,0.26030057668685913,0.26098835468292236,True
123,10,18,20,0.010348539799451828,0.23917855322360992,0.017944183200597763,0.23917855322360992,0.0,0.0,0.5088786482810974,0.5088786482810974,False
123,10,19,20,0.010177805088460445,0.23919136822223663,0.010177805088460445,0.23919136822223663,0.0,0.0,0.5162308216094971,0.5162308216094971,False
123,11,0,20,0.0072292364202439785,0.4273669719696045,0.1468714475631714,0.4273669719696045,0.0,0.0,1.1384607553482056,1.1384607553482056,False
123,11,1,20,0.007207820191979408,0.427415132522583,0.13986556231975555,0.4274098575115204,5.27501106262207e-06,1.2341657234944434e-05,1.1149582862854004,1.114650845527649,True
123,11,2,20,0.0072721997275948524,0.4274140000343323,0.13290025293827057,0.42741313576698303,8.642673492431641e-07,2.0220847917329364e-06,1.0146864652633667,1.0733283758163452,True
123,11,3,20,0.007329004816710949,0.427417129278183,0.12588228285312653,0.427417129278183,0.0,0.0,1.0450940132141113,1.0450940132141113,False
123,11,4,20,0.007359296083450317,0.42742720246315,0.11880095303058624,0.42742720246315,0.0,0.0,1.003182291984558,1.003182291984558,False
123,11,5,20,0.007421424612402916,0.4274294674396515,0.11169054359197617,0.4274294674396515,0.0,0.0,0.9813382625579834,0.9813382625579834,False
123,11,6,20,0.007437754422426224,0.42744919657707214,0.10449337214231491,0.42744919657707214,0.0,0.0,0.8554473519325256,0.8554473519325256,False
123,11,7,20,0.007452545687556267,0.4274680018424988,0.09725464135408401,0.4274680018424988,0.0,0.0,0.8235671520233154,0.8235671520233154,False
123,11,8,20,0.007475500460714102,0.42748138308525085,0.08998586237430573,0.42748138308525085,0.0,0.0,0.8835928440093994,0.8835928440093994,False
123,11,9,20,0.007550394628196955,0.4274701178073883,0.08273433893918991,0.4274701178073883,0.0,0.0,0.856791079044342,0.856791079044342,False
123,11,10,20,0.007551815826445818,0.42749184370040894,0.07536675035953522,0.427491694688797,1.4901161193847656e-07,3.4857182454902124e-07,0.8574115037918091,0.8497999906539917,True
123,11,11,20,0.007582577411085367,0.4274989068508148,0.06799513846635818,0.4274989068508148,0.0,0.0,0.8135241866111755,0.8135241866111755,False
123,11,12,20,0.007626943290233612,0.427500456571579,0.06060020253062248,0.427500456571579,0.0,0.0,0.8284703493118286,0.8284703493118286,False
123,11,13,20,0.0076771024614572525,0.42749765515327454,0.053179703652858734,0.42749765515327454,0.0,0.0,0.8204126358032227,0.8204126358032227,False
123,11,14,20,0.007694254629313946,0.4275081157684326,0.045694246888160706,0.4275081157684326,0.0,0.0,0.826397716999054,0.826397716999054,False
123,11,15,20,0.007733647711575031,0.4275108575820923,0.03819294273853302,0.4275108575820923,0.0,0.0,0.8117181658744812,0.8117181658744812,False
123,11,16,20,0.007741102017462254,0.4275267422199249,0.03062857687473297,0.4275267422199249,0.0,0.0,0.7611335515975952,0.7611335515975952,False
123,11,17,20,0.007785341702401638,0.42752528190612793,0.023073196411132812,0.42752528190612793,0.0,0.0,0.7969728112220764,0.7969728112220764,False
123,11,18,20,0.007790547329932451,0.42754030227661133,0.015448493883013725,0.42754030227661133,0.0,0.0,0.8260515928268433,0.8260515928268433,False
123,11,19,20,0.007835140451788902,0.42753782868385315,0.007835140451788902,0.42753782868385315,0.0,0.0,0.9682472944259644,0.9682472944259644,False
123,12,0,20,0.005980200599879026,0.22867229580879211,-0.06018513813614845,0.221865713596344,0.00680658221244812,0.029765661766651214,0.4734015166759491,0.4999999701976776,True
123,12,1,20,0.005398926325142384,0.2266291081905365,-0.07337909191846848,0.22350165247917175,0.003127455711364746,0.013799885356012452,0.5,0.25,True
123,12,2,20,0.004830710124224424,0.22589652240276337,-0.07201304286718369,0.22214403748512268,0.003752484917640686,0.016611521406912914,0.5,0.5,True
123,12,3,20,0.004969380330294371,0.2237124741077423,-0.06638311594724655,0.2201065719127655,0.0036059021949768066,0.01611846728421664,0.4999999403953552,0.4999999701976776,True
123,12,4,20,0.005835504271090031,0.2225419133901596,-0.07980900257825851,0.2225419133901596,0.0,0.0,0.4999999701976776,0.4999999701976776,False
123,12,5,20,0.007231818977743387,0.22157303988933563,-0.07669242471456528,0.22157303988933563,0.0,0.0,0.5,0.5,False
123,12,6,20,0.008108056150376797,0.22158552706241608,-0.07681504637002945,0.22158552706241608,0.0,0.0,0.5,0.5,False
123,12,7,20,0.008851789869368076,0.22179670631885529,-0.07665091007947922,0.22179670631885529,0.0,0.0,0.5,0.5,False
123,12,8,20,0.009544081054627895,0.22202198207378387,-0.07537761330604553,0.22202198207378387,0.0,0.0,0.5,0.5,False
123,12,9,20,0.011647761799395084,0.22133351862430573,-0.06882978975772858,0.22133351862430573,0.0,0.0,0.5,0.5,False
123,12,10,20,0.013630497269332409,0.22094467282295227,-0.06250134110450745,0.22094467282295227,0.0,0.0,0.4999999701976776,0.4999999701976776,False
123,12,11,20,0.011419511400163174,0.22227899730205536,-0.06285916268825531,0.22227899730205536,0.0,0.0,0.5,0.5,False
123,12,12,20,0.012585483491420746,0.2220810204744339,-0.05525223910808563,0.2220810204744339,0.0,0.0,0.4999999701976776,0.4999999701976776,False
123,12,13,20,0.01514833141118288,0.22145169973373413,-0.04469697177410126,0.22145169973373413,0.0,0.0,0.5,0.5,False
123,12,14,20,0.009838885627686977,0.22324872016906738,-0.044111549854278564,0.22324872016906738,0.0,0.0,0.4999999701976776,0.4999999701976776,False
123,12,15,20,0.01203182339668274,0.2227237969636917,-0.03219841420650482,0.2227237969636917,0.0,0.0,0.5,0.5,False
123,12,16,20,0.010709067806601524,0.22319865226745605,-0.023938558995723724,0.22319865226745605,0.0,0.0,0.5,0.5,False
123,12,17,20,0.011442027986049652,0.22309885919094086,-0.012334393337368965,0.22309885919094086,0.0,0.0,0.5,0.5,False
123,12,18,20,0.01891431026160717,0.22143566608428955,0.007009266875684261,0.22143566608428955,0.0,0.0,0.5,0.5,False
123,12,19,20,0.01000826247036457,0.2235487848520279,0.01000826247036457,0.2235487848520279,0.0,0.0,0.49748268723487854,0.49748268723487854,False
123,13,0,20,0.009574304334819317,0.2161058485507965,0.017083756625652313,0.214316263794899,0.001789584755897522,0.008281056565097419,0.25,0.5,True
123,13,1,20,0.00899380911141634,0.21562160551548004,0.01008517760783434,0.21387214958667755,0.0017494559288024902,0.008113546528049074,0.4999999701976776,0.5,True
123,13,2,20,0.008480818942189217,0.21615535020828247,0.00044390931725502014,0.21416471898555756,0.0019906312227249146,0.009209261861003147,0.5,0.5,True
123,13,3,20,0.008097894489765167,0.2152009755373001,-0.0027412064373493195,0.21325771510601044,0.0019432604312896729,0.00902997965709897,0.25,0.5,True
123,13,4,20,0.00797088909894228,0.21480002999305725,-0.008089703507721424,0.21300342679023743,0.0017966032028198242,0.008364073333127067,0.5,0.4999999701976776,True
123,13,5,20,0.007730192504823208,0.21408683061599731,-0.018780920654535294,0.21408683061599731,0.0,0.0,0.5000000596046448,0.5000000596046448,False
123,13,6,20,0.008238820359110832,0.21310164034366608,-0.01883043348789215,0.21310164034366608,0.0,0.0,0.5,0.5,False
123,13,7,20,0.008297470398247242,0.2137121707201004,-0.025038015097379684,0.21364150941371918,7.066130638122559e-05,0.0003306377271033897,0.5,0.4999999701976776,True
123,13,8,20,0.00831662118434906,0.21361100673675537,-0.027568012475967407,0.21361100673675537,0.0,0.0,0.4999999701976776,0.4999999701976776,False
123,13,9,20,0.008344050496816635,0.21371577680110931,-0.029708897694945335,0.21371577680110931,0.0,0.0,0.4999999701976776,0.4999999701976776,False
123,13,10,20,0.009425630792975426,0.21313610672950745,-0.027614058926701546,0.21313610672950745,0.0,0.0,0.4999999701976776,0.4999999701976776,False
123,13,11,20,0.005531939212232828,0.2149975597858429,-0.0358998104929924,0.2149975597858429,0.0,0.0,0.5,0.5,False
123,13,12,20,0.0062740338034927845,0.214595228433609,-0.03258901089429855,0.214595228433609,0.0,0.0,0.4999999701976776,0.4999999701976776,False
123,13,13,20,0.011090616695582867,0.21279852092266083,-0.021727969869971275,0.21279852092266083,0.0,0.0,0.5,0.5,False
123,13,14,20,0.00574779836460948,0.2145889699459076,-0.026655983179807663,0.2145889699459076,0.0,0.0,0.4999999701976776,0.4999999701976776,False
123,13,15,20,0.006120019126683474,0.21440863609313965,-0.0213924553245306,0.21440863609313965,0.0,0.0,0.5,0.5,False
123,13,16,20,0.0103832446038723,0.2132578343153,-0.010646659880876541,0.2132578343153,0.0,0.0,0.49701645970344543,0.49701645970344543,False
123,13,17,20,0.009219546802341938,0.21356916427612305,-0.0058350092731416225,0.21356916427612305,0.0,0.0,0.5,0.5,False
123,13,18,20,0.00667175417765975,0.21414977312088013,-0.0014134128578007221,0.21414977312088013,0.0,0.0,0.4940131604671478,0.4940131604671478,False
123,13,19,20,0.009978619404137135,0.21341605484485626,0.009978619404137135,0.21341605484485626,0.0,0.0,0.5018724799156189,0.5018724799156189,False
123,14,0,20,0.027140330523252487,0.2494015097618103,-0.1663932353258133,0.21923017501831055,0.030171334743499756,0.12097494827643482,0.5,0.5,True
123,14,1,20,0.01842741295695305,0.24676565825939178,-0.1669444590806961,0.21713772416114807,0.029627934098243713,0.12006506216152582,0.5,0.5,True
123,14,2,20,0.010627776384353638,0.24124620854854584,-0.16729266941547394,0.21550002694129944,0.0257461816072464,0.10672160098244822,0.5,0.5,True
123,14,3,20,0.0046211653389036655,0.2363920658826828,-0.17969122529029846,0.21698206663131714,0.01940999925136566,0.0821093515930374,0.5,0.4999999701976776,True
123,14,4,20,0.0014300801558420062,0.23090068995952606,-0.17695249617099762,0.21573041379451752,0.015170276165008545,0.06570043670145681,0.5,0.4999999403953552,True
123,14,5,20,-0.0007493333541788161,0.22706648707389832,-0.21050243079662323,0.22298815846443176,0.004078328609466553,0.017960944664367266,0.5,0.25,True
123,14,6,20,-0.00039425125578418374,0.22115015983581543,-0.17943719029426575,0.21663916110992432,0.004510998725891113,0.02039789945998743,0.4999999701976776,0.5,True
123,14,7,20,0.0011575523531064391,0.219048410654068,-0.18567295372486115,0.219048410654068,0.0,0.0,0.4999999701976776,0.4999999701976776,False
123,14,8,20,0.006510214880108833,0.2167377918958664,-0.167646586894989,0.2167377918958664,0.0,0.0,0.5,0.5,False
123,14,9,20,0.00792807899415493,0.21905510127544403,-0.16834355890750885,0.21905510127544403,0.0,0.0,0.5,0.5,False
123,14,10,20,0.013826877810060978,0.21777379512786865,-0.150146946310997,0.21777379512786865,0.0,0.0,0.5000000596046448,0.5000000596046448,False
123,14,11,20,0.016804659739136696,0.2177257239818573,-0.13536974787712097,0.2177257239818573,0.0,0.0,0.5,0.5,False
123,14,12,20,0.022589363157749176,0.21675360202789307,-0.11429896950721741,0.21675360202789307,0.0,0.0,0.4999999701976776,0.4999999701976776,False
123,14,13,20,0.023630984127521515,0.21759849786758423,-0.09976474940776825,0.21759849786758423,0.0,0.0,0.5,0.5,False
123,14,14,20,0.03120005689561367,0.21612271666526794,-0.07292522490024567,0.21612271666526794,0.0,0.0,0.5,0.5,False
123,14,15,20,0.027153626084327698,0.21818162500858307,-0.060990698635578156,0.21818162500858307,0.0,0.0,0.5,0.5,False
123,14,16,20,0.01988230273127556,0.2205633521080017,-0.04926546663045883,0.2205633521080017,0.0,0.0,0.2499999850988388,0.2499999850988388,False
123,14,17,20,0.03958772495388985,0.2161465436220169,-0.005505777895450592,0.2161465436220169,0.0,0.0,0.5,0.5,False
123,14,18,20,0.051917772740125656,0.21384774148464203,0.02947142906486988,0.21384774148464203,0.0,0.0,0.5,0.5,False
123,14,19,20,0.04295192286372185,0.21629294753074646,0.04295192286372185,0.21629294753074646,0.0,0.0,0.5,0.5,False
123,15,0,20,0.04494156688451767,0.27382799983024597,-0.2412865310907364,0.22762425243854523,0.046203747391700745,0.16873273522190502,0.5,0.5,True
123,15,1,20,0.030812017619609833,0.2706380784511566,-0.24127542972564697,0.2248266637325287,0.04581141471862793,0.16927187401271673,0.49447116255760193,0.5,True
123,15,2,20,0.01761416718363762,0.26698583364486694,-0.26841437816619873,0.22890198230743408,0.03808385133743286,0.1426437156515591,0.5,0.4999999701976776,True
123,15,3,20,0.008192823268473148,0.258411169052124,-0.25645312666893005,0.22488246858119965,0.03352870047092438,0.12974942450789081,0.5,0.5,True
123,15,4,20,0.00016507733380421996,0.2510490119457245,-0.26235881447792053,0.22572895884513855,0.025320053100585938,0.10085701156258685,0.4999999701976776,0.47963079810142517,True
123,15,5,20,-0.005193227902054787,0.24527081847190857,-0.2676027715206146,0.22727377712726593,0.01799704134464264,0.07337620291222652,0.2499999850988388,0.5,True
123,15,6,20,-0.006613740231841803,0.24187035858631134,-0.29693061113357544,0.23529094457626343,0.006579414010047913,0.027202233661468078,0.5,0.2500000298023224,True
123,15,7,20,-0.005222414620220661,0.23191559314727783,-0.23691581189632416,0.22359928488731384,0.00831630825996399,0.035859202682774004,0.5,0.4999999701976776,True
123,15,8,20,-0.0005778133636340499,0.22956696152687073,-0.24282526969909668,0.22777871787548065,0.0017882436513900757,0.007789638541610276,0.4966288208961487,0.4999999701976776,True
123,15,9,20,0.006715666502714157,0.22470758855342865,-0.2132929414510727,0.22470758855342865,0.0,0.0,0.5,0.5,False
123,15,10,20,0.004866055678576231,0.23222799599170685,-0.22719469666481018,0.23222799599170685,0.0,0.0,0.5,0.5,False
123,15,11,20,0.01775897853076458,0.22747986018657684,-0.18478283286094666,0.22747986018657684,0.0,0.0,0.4999999701976776,0.4999999701976776,False
123,15,12,20,0.019487103447318077,0.2290658801794052,-0.16759251058101654,0.2290658801794052,0.0,0.0,0.4999999701976776,0.4999999701976776,False
123,15,13,20,0.03378980979323387,0.22523722052574158,-0.12457921355962753,0.22523722052574158,0.0,0.0,0.5,0.5,False
123,15,14,20,0.025268448516726494,0.22970469295978546,-0.11641635745763779,0.22970469295978546,0.0,0.0,0.5,0.5,False
123,15,15,20,0.03620113432407379,0.22734197974205017,-0.07695348560810089,0.22734197974205017,0.0,0.0,0.5,0.5,False
123,15,16,20,0.030614415183663368,0.22968915104866028,-0.05711502581834793,0.22968915104866028,0.0,0.0,0.5,0.5,False
123,15,17,20,0.024728398770093918,0.23172792792320251,-0.0351354219019413,0.23172792792320251,0.0,0.0,0.4999999701976776,0.4999999701976776,False
123,15,18,20,0.0214651208370924,0.23288534581661224,-0.00885593518614769,0.23288534581661224,0.0,0.0,0.25,0.25,False
123,15,19,20,0.022834446281194687,0.23283754289150238,0.022834446281194687,0.23283754289150238,0.0,0.0,0.5,0.5,False
123,16,0,20,0.008735697716474533,0.31598833203315735,0.18330451846122742,0.31596001982688904,2.8312206268310547e-05,8.959889780151657e-05,0.5285569429397583,0.5247501730918884,True
123,16,1,20,0.008842520415782928,0.3159562349319458,0.17468921840190887,0.3159562349319458,0.0,0.0,0.4850150942802429,0.4850150942802429,False
123,16,2,20,0.008875839412212372,0.3160046637058258,0.1659417748451233,0.31596270203590393,4.1961669921875e-05,0.00013278813492745742,0.4933334290981293,0.4958139955997467,True
123,16,3,20,0.009030376560986042,0.3159599006175995,0.15713393688201904,0.3159599006175995,0.0,0.0,0.4632663428783417,0.4632663428783417,False
123,16,4,20,0.009116613306105137,0.3159491717815399,0.1482705920934677,0.3159491717815399,0.0,0.0,0.4926217496395111,0.4926217496395111,False
123,16,5,20,0.009110232815146446,0.31598860025405884,0.1392124444246292,0.31597694754600525,1.1652708053588867e-05,3.687698874016323e-05,0.26794707775115967,0.4650598466396332,True
123,16,6,20,0.009129134938120842,0.315990686416626,0.13018029928207397,0.31597623229026794,1.4454126358032227e-05,4.574225437446854e-05,0.2624058723449707,0.5,True
123,16,7,20,0.009279970079660416,0.31595462560653687,0.12115687131881714,0.31595462560653687,0.0,0.0,0.5052706599235535,0.5052706599235535,False
123,16,8,20,0.009226701222360134,0.31599241495132446,0.11192001402378082,0.31598421931266785,8.195638656616211e-06,2.5936187923620472e-05,0.12767605483531952,0.12987230718135834,True
123,16,9,20,0.009295561350882053,0.3159688711166382,0.10278142988681793,0.3159688711166382,0.0,0.0,0.24098694324493408,0.24098694324493408,False
123,16,10,20,0.009323079138994217,0.31597933173179626,0.09352235496044159,0.31597933173179626,0.0,0.0,0.4990476667881012,0.4990476667881012,False
123,16,11,20,0.009403504431247711,0.3159535229206085,0.08434443920850754,0.3159535229206085,0.0,0.0,0.49501994252204895,0.49501994252204895,False
123,16,12,20,0.00943420734256506,0.31596264243125916,0.07502713799476624,0.31596264243125916,0.0,0.0,0.5020954012870789,0.5020954012870789,False
123,16,13,20,0.009431608952581882,0.31597480177879333,0.06567642092704773,0.31597480177879333,0.0,0.0,0.25066736340522766,0.25066736340522766,False
123,16,14,20,0.00948486477136612,0.3159686028957367,0.05637602135539055,0.31596460938453674,3.993511199951172e-06,1.2638949450521672e-05,0.5060783624649048,0.4948387145996094,True
123,16,15,20,0.009584994986653328,0.3159390091896057,0.04710818827152252,0.3159390091896057,0.0,0.0,0.5076664090156555,0.5076664090156555,False
123,16,16,20,0.009568583220243454,0.3159478008747101,0.037718746811151505,0.3159478008747101,0.0,0.0,0.49041426181793213,0.49041426181793213,False
123,16,17,20,0.009571773931384087,0.3159416615962982,0.02836744114756584,0.3159416615962982,0.0,0.0,0.5061503052711487,0.5061503052711487,False
123,16,18,20,0.00954036321491003,0.3159634470939636,0.018921781331300735,0.3159634470939636,0.0,0.0,0.5089815258979797,0.5089815258979797,False
123,16,19,20,0.009645331650972366,0.315931111574173,0.009645331650972366,0.315931111574173,0.0,0.0,0.5408164262771606,0.5408164262771606,False
123,17,0,20,0.007246045395731926,0.42438629269599915,0.14807915687561035,0.42438629269599915,0.0,0.0,1.1304208040237427,1.1304208040237427,False
123,17,1,20,0.007299419026821852,0.4243917465209961,0.14110389351844788,0.4243917465209961,0.0,0.0,1.0937715768814087,1.0937715768814087,False
123,17,2,20,0.007262615021318197,0.42444127798080444,0.13397027552127838,0.42444127798080444,0.0,0.0,1.0750547647476196,1.0750547647476196,False
123,17,3,20,0.007346045691519976,0.42442911863327026,0.1269311159849167,0.42442911863327026,0.0,0.0,1.0250412225723267,1.0250412225723267,False
123,17,4,20,0.007369122467935085,0.424446702003479,0.11977074295282364,0.424446702003479,0.0,0.0,0.9093008041381836,0.9093008041381836,False
123,17,5,20,0.007454081904143095,0.42443206906318665,0.11263877153396606,0.42443206906318665,0.0,0.0,0.9612812399864197,0.9612812399864197,False
123,17,6,20,0.007466151844710112,0.4244517385959625,0.10537862777709961,0.4244517385959625,0.0,0.0,0.9007306098937988,0.9007306098937988,False
123,17,7,20,0.007491354364901781,0.42446252703666687,0.09809482097625732,0.42446252703666687,0.0,0.0,0.8876257538795471,0.8876257538795471,False
123,17,8,20,0.007558795623481274,0.42445603013038635,0.09080851078033447,0.42445603013038635,0.0,0.0,0.862004280090332,0.862004280090332,False
123,17,9,20,0.007570627145469189,0.424472451210022,0.0834265947341919,0.424472451210022,0.0,0.0,0.7306445837020874,0.7306445837020874,False
123,17,10,20,0.007599260192364454,0.42448097467422485,0.07602326571941376,0.42448097467422485,0.0,0.0,0.793725311756134,0.793725311756134,False
123,17,11,20,0.007645161356776953,0.424481064081192,0.06860122829675674,0.424481064081192,0.0,0.0,0.8083650469779968,0.8083650469779968,False
123,17,12,20,0.007677101064473391,0.4244844615459442,0.061134353280067444,0.4244844615459442,0.0,0.0,0.7965157628059387,0.7965157628059387,False
123,17,13,20,0.007674265652894974,0.4245072305202484,0.05358915776014328,0.42450571060180664,1.519918441772461e-06,3.580430043346371e-06,0.6860286593437195,0.7906054258346558,True
123,17,14,20,0.007751744706183672,0.4244903028011322,0.046095408499240875,0.4244903028011322,0.0,0.0,0.7821628451347351,0.7821628451347351,False
123,17,15,20,0.007761447690427303,0.4245050549507141,0.03849839046597481,0.4245041608810425,8.940696716308594e-07,2.1061461134653924e-06,0.807426929473877,0.8387672901153564,True
123,17,16,20,0.0077880630269646645,0.4245113730430603,0.03088398277759552,0.4245113730430603,0.0,0.0,0.8212802410125732,0.8212802410125732,False
123,17,17,20,0.007847437635064125,0.4245017170906067,0.023277010768651962,0.4245017170906067,0.0,0.0,0.8620358109474182,0.8620358109474182,False
123,17,18,20,0.007831236347556114,0.42452582716941833,0.015559449791908264,0.42452582716941833,0.0,0.0,0.8081701993942261,0.8081701993942261,False
123,17,19,20,0.007862462662160397,0.4245283007621765,0.007862462662160397,0.4245283007621765,0.0,0.0,0.904512345790863,0.904512345790863,False
123,18,0,20,0.008129862137138844,0.360774427652359,0.17132702469825745,0.360774427652359,0.0,0.0,0.5942467451095581,0.5942467451095581,False
123,18,1,20,0.008232607506215572,0.3607708811759949,0.16334637999534607,0.3607708811759949,0.0,0.0,0.699403703212738,0.699403703212738,False
123,18,2,20,0.008261102251708508,0.3607897162437439,0.15523068606853485,0.36078670620918274,3.0100345611572266e-06,8.342905647354134e-06,0.64017653465271,0.5213468074798584,True
123,18,3,20,0.008319265209138393,0.3608032464981079,0.1470489203929901,0.36079853773117065,4.708766937255859e-06,1.305078871367792e-05,0.4871871769428253,0.6284974217414856,True
123,18,4,20,0.008437004871666431,0.36078405380249023,0.13886667788028717,0.36078405380249023,0.0,0.0,0.5969223976135254,0.5969223976135254,False
123,18,5,20,0.008428499102592468,0.36080387234687805,0.1305498629808426,0.3607930839061737,1.0788440704345703e-05,2.990112227502276e-05,0.6114622950553894,0.5939925312995911,True
123,18,6,20,0.008474483154714108,0.3608057200908661,0.12216166406869888,0.36080417037010193,1.5497207641601562e-06,4.295166838734905e-06,0.5461262464523315,0.3397170901298523,True
123,18,7,20,0.008549891412258148,0.3608008921146393,0.11376838386058807,0.3607948124408722,6.079673767089844e-06,1.685049538391417e-05,0.38554346561431885,0.5663543939590454,True
123,18,8,20,0.008562895469367504,0.36081168055534363,0.10524746030569077,0.3608107566833496,9.238719940185547e-07,2.5605379310242293e-06,0.2945675551891327,0.5525751709938049,True
123,18,9,20,0.008668317459523678,0.3607901334762573,0.09677354991436005,0.3607901334762573,0.0,0.0,0.5314326882362366,0.5314326882362366,False
123,18,10,20,0.008676707744598389,0.36080607771873474,0.08814670890569687,0.36080607771873474,0.0,0.0,0.3364630341529846,0.3364630341529846,False
123,18,11,20,0.00872138049453497,0.36080223321914673,0.07952695339918137,0.36080223321914673,0.0,0.0,0.32628047466278076,0.32628047466278076,False
123,18,12,20,0.008828203193843365,0.3607772886753082,0.0709201991558075,0.3607772886753082,0.0,0.0,0.5477238893508911,0.5477238893508911,False
123,18,13,20,0.00882583949714899,0.3607974052429199,0.0621451660990715,0.3607974052429199,0.0,0.0,0.5251168608665466,0.5251168608665466,False
123,18,14,20,0.008861170150339603,0.3607971668243408,0.05338608846068382,0.3607971668243408,0.0,0.0,0.33076608180999756,0.33076608180999756,False
123,18,15,20,0.008898980915546417,0.36079639196395874,0.044589314609766006,0.36079639196395874,0.0,0.0,0.5569062232971191,0.5569062232971191,False
123,18,16,20,0.008982393890619278,0.36077842116355896,0.03580257296562195,0.36077842116355896,0.0,0.0,0.5523385405540466,0.5523385405540466,False
123,18,17,20,0.008970106020569801,0.3607962727546692,0.0268810223788023,0.3607962727546692,0.0,0.0,0.5706654191017151,0.5706654191017151,False
123,18,18,20,0.009050441905856133,0.36077889800071716,0.018022440373897552,0.36077889800071716,0.0,0.0,0.5422808527946472,0.5422808527946472,False
123,18,19,20,0.009029886685311794,0.36079782247543335,0.009029886685311794,0.36079782247543335,0.0,0.0,0.42791464924812317,0.42791464924812317,False
123,19,0,20,0.17197449505329132,0.7696976661682129,-0.8197970390319824,0.6557559370994568,0.1139417290687561,0.14803439594145112,0.25,0.25,True
123,19,1,20,0.1545819342136383,0.7520325779914856,-0.90738844871521,0.6328163743019104,0.1192162036895752,0.15852531815573148,0.25,0.4999999701976776,True
123,19,2,20,0.12416442483663559,0.741644024848938,-1.0803645849227905,0.665806770324707,0.07583725452423096,0.1022555996991655,0.4999999701976776,0.5,True
123,19,3,20,0.07940848916769028,0.72535240650177,-1.1226897239685059,0.6226410865783691,0.10271131992340088,0.14160195651484372,0.25,0.5,True
123,19,4,20,0.029458189383149147,0.7092213034629822,-1.217793345451355,0.6335391998291016,0.07568210363388062,0.10671154865814157,0.10000001639127731,0.5,True
123,19,5,20,-0.00762928044423461,0.689660906791687,-1.238539695739746,0.630435049533844,0.05922585725784302,0.08587677897151312,0.4999999701976776,0.5,True
123,19,6,20,-0.018698565661907196,0.6754792332649231,-1.2108205556869507,0.6351397633552551,0.04033946990966797,0.059719778082129166,0.5,0.5,True
123,19,7,20,-0.0014579389244318008,0.645420253276825,-1.0989010334014893,0.6183752417564392,0.027045011520385742,0.04190294832409909,0.5,0.5,True
123,19,8,20,0.03357992693781853,0.6341508030891418,-1.0098040103912354,0.6341508030891418,0.0,0.0,0.5,0.5,False
123,19,9,20,0.008978578262031078,0.6652863621711731,-0.9325235486030579,0.6652863621711731,0.0,0.0,0.5,0.5,False
123,19,10,20,0.10495401918888092,0.6093835234642029,-0.7196117639541626,0.6093835234642029,0.0,0.0,0.4999999701976776,0.4999999701976776,False
123,19,11,20,0.045933403074741364,0.6504284739494324,-0.6650821566581726,0.6504284739494324,0.0,0.0,0.4999999701976776,0.4999999701976776,False
123,19,12,20,0.08021380752325058,0.6339595913887024,-0.527189314365387,0.6339595913887024,0.0,0.0,0.5,0.5,False
123,19,13,20,0.1241692304611206,0.6104564666748047,-0.38505038619041443,0.6104564666748047,0.0,0.0,0.4999999701976776,0.4999999701976776,False
123,19,14,20,0.0628548339009285,0.6415675282478333,-0.3380105793476105,0.6415675282478333,0.0,0.0,0.5,0.5,False
123,19,15,20,0.08755923807621002,0.6272593140602112,-0.22573316097259521,0.6272593140602112,0.0,0.0,0.4999999701976776,0.4999999701976776,False
123,19,16,20,0.11491648107767105,0.6104145050048828,-0.11515359580516815,0.6104145050048828,0.0,0.0,0.5,0.5,False
123,19,17,20,0.07818208634853363,0.6291105151176453,-0.06770732253789902,0.6291105151176453,0.0,0.0,0.5,0.5,False
123,19,18,20,0.0647602453827858,0.6355125308036804,-0.005343548953533173,0.6355125308036804,0.0,0.0,0.49624285101890564,0.49624285101890564,False
123,19,19,20,0.0279530081897974,0.6578596234321594,0.0279530081897974,0.6578596234321594,0.0,0.0,0.4891846477985382,0.4891846477985382,False
123,20,0,20,0.011940152384340763,0.21480806171894073,0.12817156314849854,0.21312418580055237,0.0016838759183883667,0.007838979156152828,0.25,0.4870322644710541,True
123,20,1,20,0.011643855832517147,0.2147989720106125,0.11592798680067062,0.21333925426006317,0.0014597177505493164,0.006795738996726654,0.2499999850988388,0.5,True
123,20,2,20,0.011375057511031628,0.21443599462509155,0.10383754968643188,0.21359717845916748,0.0008388161659240723,0.003911732110976115,0.4999999701976776,0.5,True
123,20,3,20,0.01123820897191763,0.2145233452320099,0.09404131025075912,0.21345151960849762,0.001071825623512268,0.004996312277123379,0.2499999850988388,0.5,True
123,20,4,20,0.010923901572823524,0.21446804702281952,0.08342431485652924,0.21357671916484833,0.0008913278579711914,0.004155993726544979,0.2499999850988388,0.5,True
123,20,5,20,0.0106583246961236,0.21437516808509827,0.07275208830833435,0.2138182371854782,0.0005569308996200562,0.0025979263577718906,0.2499999850988388,0.5,True
123,20,6,20,0.010545918717980385,0.21410821378231049,0.06663133203983307,0.2132001668214798,0.0009080469608306885,0.004241065509770325,0.5,0.5,True
123,20,7,20,0.010302186943590641,0.2140807807445526,0.057220593094825745,0.21340428292751312,0.0006764978170394897,0.003160011910862314,0.2499999850988388,0.4999999701976776,True
123,20,8,20,0.010034911334514618,0.21385939419269562,0.04768533259630203,0.21376252174377441,9.687244892120361e-05,0.0004529726144922948,0.5,0.4999999701976776,True
123,20,9,20,0.009794595651328564,0.21375541388988495,0.04048580676317215,0.21375541388988495,0.0,0.0,0.5,0.5,False
123,20,10,20,0.00978243350982666,0.2134125530719757,0.035512953996658325,0.2134125530719757,0.0,0.0,0.4999999701976776,0.4999999701976776,False
123,20,11,20,0.009984511882066727,0.21341843903064728,0.0315459705889225,0.21300050616264343,0.0004179328680038452,0.0019582790966989937,0.5000000596046448,0.5,True
123,20,12,20,0.009417363442480564,0.21368958055973053,0.02316613495349884,0.21367935836315155,1.0222196578979492e-05,4.783666359493921e-05,0.5,0.5,True
123,20,13,20,0.009786074049770832,0.21296446025371552,0.022040637210011482,0.21296446025371552,0.0,0.0,0.5,0.5,False
123,20,14,20,0.009374257177114487,0.21350117027759552,0.015784284099936485,0.21350117027759552,0.0,0.0,0.5000000596046448,0.5000000596046448,False
123,20,15,20,0.010018373839557171,0.21308067440986633,0.014765162952244282,0.21308067440986633,0.0,0.0,0.5,0.5,False
123,20,16,20,0.008881907910108566,0.21355736255645752,0.010298924520611763,0.21355736255645752,0.0,0.0,0.4999999701976776,0.4999999701976776,False
123,20,17,20,0.00903809629380703,0.21345336735248566,0.009317898191511631,0.21345336735248566,0.0,0.0,0.49970030784606934,0.49970030784606934,False
123,20,18,20,0.009829646907746792,0.21320758759975433,0.00976521521806717,0.21320758759975433,0.0,0.0,0.49386489391326904,0.49386489391326904,False
123,20,19,20,0.008027873001992702,0.2135901153087616,0.008027873001992702,0.2135901153087616,0.0,0.0,0.494752436876297,0.494752436876297,False
123,21,0,20,0.007082353346049786,0.45963138341903687,0.13351239264011383,0.45963138341903687,0.0,0.0,1.4095910787582397,1.4095910787582397,False
123,21,1,20,0.0071714771911501884,0.45961835980415344,0.12726742029190063,0.45961835980415344,0.0,0.0,1.3934537172317505,1.3934537172317505,False
123,21,2,20,0.007173137739300728,0.45966261625289917,0.12085655331611633,0.45966261625289917,0.0,0.0,1.3383431434631348,1.3383431434631348,False
123,21,3,20,0.0072375210002064705,0.45966532826423645,0.11449538171291351,0.45966532826423645,0.0,0.0,1.2940096855163574,1.2940096855163574,False
123,21,4,20,0.007237877696752548,0.4597044885158539,0.10801522433757782,0.4597044885158539,0.0,0.0,1.2466059923171997,1.2466059923171997,False
123,21,5,20,0.007263560779392719,0.4597271680831909,0.10153350979089737,0.4597271680831909,0.0,0.0,1.2118861675262451,1.2118861675262451,False
123,21,6,20,0.007337285205721855,0.4597192406654358,0.09508182108402252,0.4597192406654358,0.0,0.0,1.1845409870147705,1.1845409870147705,False
123,21,7,20,0.007361899130046368,0.4597373902797699,0.0885380432009697,0.4597373902797699,0.0,0.0,1.1575791835784912,1.1575791835784912,False
123,21,8,20,0.007411127910017967,0.45975232124328613,0.08196794986724854,0.45975232124328613,0.0,0.0,1.1458511352539062,1.1458511352539062,False
123,21,9,20,0.007449347525835037,0.45976492762565613,0.0753694474697113,0.45976492762565613,0.0,0.0,1.1058580875396729,1.1058580875396729,False
123,21,10,20,0.007438700646162033,0.45980289578437805,0.068684421479702,0.45980289578437805,0.0,0.0,1.04075288772583,1.04075288772583,False
123,21,11,20,0.007513715419918299,0.45979535579681396,0.06206788122653961,0.45979535579681396,0.0,0.0,1.087738037109375,1.087738037109375,False
123,21,12,20,0.007521762978285551,0.4598219096660614,0.05534718930721283,0.4598219096660614,0.0,0.0,1.0859123468399048,1.0859123468399048,False
123,21,13,20,0.007550157140940428,0.45983588695526123,0.04862494766712189,0.45983588695526123,0.0,0.0,1.0836602449417114,1.0836602449417114,False
123,21,14,20,0.007603042759001255,0.4598415493965149,0.04189344123005867,0.459841251373291,2.980232238769531e-07,6.480998167044098e-07,1.1000237464904785,1.0820075273513794,True
123,21,15,20,0.0076594725251197815,0.4598411023616791,0.03514665737748146,0.4598411023616791,0.0,0.0,1.1312600374221802,1.1312600374221802,False
123,21,16,20,0.007665862329304218,0.45986753702163696,0.028315141797065735,0.45986753702163696,0.0,0.0,1.1375763416290283,1.1375763416290283,False
123,21,17,20,0.007706320378929377,0.4598764479160309,0.02149626426398754,0.4598764479160309,0.0,0.0,1.104105830192566,1.104105830192566,False
123,21,18,20,0.007717204745858908,0.45989862084388733,0.014623424038290977,0.45989862084388733,0.0,0.0,1.1789345741271973,1.1789345741271973,False
123,21,19,20,0.0077842725440859795,0.4598940908908844,0.0077842725440859795,0.4598940908908844,0.0,0.0,1.2105878591537476,1.2105878591537476,False
123,22,0,20,0.012153804302215576,0.21833230555057526,0.15661786496639252,0.21730618178844452,0.0010261237621307373,0.004699825614643374,0.4873371124267578,0.5,True
123,22,1,20,0.011934379115700722,0.21820351481437683,0.1439216285943985,0.21758581697940826,0.0006176978349685669,0.002830833570641771,0.4999999701976776,0.5,True
123,22,2,20,0.011861932463943958,0.2181994467973709,0.13410547375679016,0.2172866016626358,0.0009128451347351074,0.004183535513647811,0.5,0.5,True
123,22,3,20,0.011684737168252468,0.21832604706287384,0.12126239389181137,0.21770299971103668,0.0006230473518371582,0.0028537472290593533,0.5000000596046448,0.5,True
123,22,4,20,0.011567735113203526,0.21811603009700775,0.11012281477451324,0.21781495213508606,0.0003010779619216919,0.0013803568760525605,0.4999999701976776,0.4999999701976776,True
123,22,5,20,0.011394736357033253,0.21794888377189636,0.10012329369783401,0.21775273978710175,0.0001961439847946167,0.0008999540690462976,0.5,0.4999999701976776,True
123,22,6,20,0.011142721399664879,0.21805597841739655,0.09158086776733398,0.21745498478412628,0.0006009936332702637,0.0027561438013859853,0.5,0.5,True
123,22,7,20,0.010912342928349972,0.2179442197084427,0.08083793520927429,0.21772433817386627,0.00021988153457641602,0.0010088890399138136,0.5,0.5,True
123,22,8,20,0.010829919017851353,0.21777711808681488,0.07301834225654602,0.21745258569717407,0.0003245323896408081,0.0014902042624672634,0.5,0.4999999701976776,True
123,22,9,20,0.010505924001336098,0.21793559193611145,0.0625002309679985,0.21786904335021973,6.654858589172363e-05,0.0003053589608769942,0.25,0.4999999701976776,True
123,22,10,20,0.010511470027267933,0.21756784617900848,0.05628282204270363,0.21745651960372925,0.00011132657527923584,0.0005116867093846192,0.5,0.5,True
123,22,11,20,0.010250975377857685,0.21761424839496613,0.04823427274823189,0.21755503118038177,5.9217214584350586e-05,0.00027212011631183434,0.4999999701976776,0.4999999701976776,True
123,22,12,20,0.01016931887716055,0.21746906638145447,0.041575849056243896,0.21746906638145447,0.0,0.0,0.5,0.5,False
123,22,13,20,0.009919712319970131,0.2176523506641388,0.034244291484355927,0.2176523506641388,0.0,0.0,0.4999999701976776,0.4999999701976776,False
123,22,14,20,0.00956555176526308,0.2176787108182907,0.02825590968132019,0.21767063438892365,8.07642936706543e-06,3.710252296471612e-05,0.4999999701976776,0.49277055263519287,True
123,22,15,20,0.010019557550549507,0.21729186177253723,0.02469659596681595,0.21729186177253723,0.0,0.0,0.498166561126709,0.498166561126709,False
123,22,16,20,0.00987426657229662,0.21737325191497803,0.019639939069747925,0.21737325191497803,0.0,0.0,0.5,0.5,False
123,22,17,20,0.009975888766348362,0.2172805815935135,0.0160164013504982,0.2172805815935135,0.0,0.0,0.5,0.5,False
123,22,18,20,0.009481950663030148,0.2173975557088852,0.012072527781128883,0.2173975557088852,0.0,0.0,0.4984740614891052,0.4984740614891052,False
123,22,19,20,0.00999465212225914,0.21725045144557953,0.00999465212225914,0.21725045144557953,0.0,0.0,0.5042761564254761,0.5042761564254761,False
123,23,0,20,0.010460017248988152,0.2575782835483551,0.19635224342346191,0.2575271427631378,5.1140785217285156e-05,0.0001985446308313663,0.4902074337005615,0.4954759478569031,True
123,23,1,20,0.010512512177228928,0.2575908601284027,0.18630537390708923,0.25751152634620667,7.933378219604492e-05,0.0003079836845006806,0.497919499874115,0.4876989424228668,True
123,23,2,20,0.01057125348597765,0.2576419711112976,0.17614082992076874,0.257509708404541,0.0001322627067565918,0.0005133585424226405,0.4961293041706085,0.5,True
123,23,3,20,0.01065429300069809,0.25757038593292236,0.16587933897972107,0.25752243399620056,4.795193672180176e-05,0.0001861702250750582,0.5000000596046448,0.25,True
123,23,4,20,0.010684369131922722,0.2575500011444092,0.155674546957016,0.2575155794620514,3.4421682357788086e-05,0.00013365048419661132,0.5,0.48414894938468933,True
123,23,5,20,0.010699702426791191,0.25752440094947815,0.14553633332252502,0.2574913501739502,3.30507755279541e-05,0.000128340364664854,0.4999999701976776,0.4999999701976776,True
123,23,6,20,0.010716920718550682,0.25754648447036743,0.13536323606967926,0.257480263710022,6.622076034545898e-05,0.0002571215851835017,0.5,0.5,True
123,23,7,20,0.010696752928197384,0.25757572054862976,0.12519331276416779,0.25747644901275635,9.927153587341309e-05,0.00038540719467645176,0.5,0.2499999850988388,True
123,23,8,20,0.010714679956436157,0.25752729177474976,0.1150805652141571,0.25746962428092957,5.766749382019043e-05,0.00022392769878009744,0.4999999701976776,0.5,True
123,23,9,20,0.010717274621129036,0.25751882791519165,0.10501763224601746,0.25746503472328186,5.379319190979004e-05,0.00020889032598232267,0.25,0.5,True
123,23,10,20,0.010716804303228855,0.25748366117477417,0.09497439116239548,0.2574738562107086,9.804964065551758e-06,3.807994659084938e-05,0.25,0.5,True
123,23,11,20,0.010676114819943905,0.2574837803840637,0.08506622165441513,0.25746938586235046,1.4394521713256836e-05,5.590457655929207e-05,0.4999999701976776,0.5,True
123,23,12,20,0.010650991462171078,0.25748345255851746,0.07530452311038971,0.2574518620967865,3.159046173095703e-05,0.000122689289028302,0.25,0.4999999403953552,True
123,23,13,20,0.010545189492404461,0.25748157501220703,0.06562088429927826,0.2574416399002075,3.993511199951172e-05,0.00015509891143713263,0.25,0.4916830062866211,True
123,23,14,20,0.010562647134065628,0.2574387490749359,0.056026916950941086,0.2574387490749359,0.0,0.0,0.49806320667266846,0.49806320667266846,False
123,23,15,20,0.010485148057341576,0.257426917552948,0.04659682512283325,0.257426917552948,0.0,0.0,0.4984796941280365,0.4984796941280365,False
123,23,16,20,0.01043170690536499,0.25744351744651794,0.03719664737582207,0.25744351744651794,0.0,0.0,0.5013141632080078,0.5013141632080078,False
123,23,17,20,0.010331663303077221,0.25743767619132996,0.02803456410765648,0.25743767619132996,0.0,0.0,0.5099877119064331,0.5099877119064331,False
123,23,18,20,0.010239630937576294,0.2574450969696045,0.019009288400411606,0.25743839144706726,6.705522537231445e-06,2.6046417726196354e-05,0.5013763308525085,0.49702000617980957,True
123,23,19,20,0.010304289869964123,0.2574012577533722,0.010304289869964123,0.2574012577533722,0.0,0.0,0.4950839579105377,0.4950839579105377,False
2026,0,0,20,0.012885462492704391,0.2167530357837677,0.02401551604270935,0.21603234112262726,0.0007206946611404419,0.0033249576345468356,0.49903663992881775,0.4944857954978943,True
2026,0,1,20,0.012321369722485542,0.216445192694664,0.013401774689555168,0.215941920876503,0.0005032718181610107,0.0023251697665143747,0.47192609310150146,0.47231897711753845,True
2026,0,2,20,0.011949917301535606,0.2164938598871231,0.003595835529267788,0.21584688127040863,0.0006469786167144775,0.0029884386423328735,0.5,0.4565151035785675,True
2026,0,3,20,0.011358891613781452,0.2164657711982727,-0.005244827829301357,0.21573102474212646,0.0007347464561462402,0.0033942847041311037,0.4999999403953552,0.5,True
2026,0,4,20,0.010824478231370449,0.21631932258605957,-0.01639544405043125,0.21631932258605957,0.0,0.0,0.49742648005485535,0.49742648005485535,False
2026,0,5,20,0.010187828913331032,0.21633808314800262,-0.023886848241090775,0.21633808314800262,0.0,0.0,0.5,0.5,False
2026,0,6,20,0.009606978856027126,0.2161683291196823,-0.029417186975479126,0.2161683291196823,0.0,0.0,0.49515214562416077,0.49515214562416077,False
2026,0,7,20,0.009020947851240635,0.21603786945343018,-0.032162703573703766,0.21564500033855438,0.00039286911487579346,0.0018185196691197772,0.5,0.4999999701976776,True
2026,0,8,20,0.008117721416056156,0.2162286788225174,-0.03884463384747505,0.2162286788225174,0.0,0.0,0.4989432990550995,0.4989432990550995,False
2026,0,9,20,0.007149886339902878,0.21627762913703918,-0.04182274639606476,0.21627762913703918,0.0,0.0,0.5,0.5,False
2026,0,10,20,0.006734956055879593,0.2156209796667099,-0.04028402268886566,0.2156209796667099,0.0,0.0,0.5,0.5,False
2026,0,11,20,0.006233485881239176,0.21564258635044098,-0.04061955213546753,0.21564258635044098,0.0,0.0,0.5,0.5,False
2026,0,12,20,0.004513259045779705,0.21626776456832886,-0.04248179867863655,0.21626776456832886,0.0,0.0,0.4999999701976776,0.4999999701976776,False
2026,0,13,20,0.004613892175257206,0.21590813994407654,-0.038522474467754364,0.21590813994407654,0.0,0.0,0.25,0.25,False
2026,0,14,20,0.004281947854906321,0.2155134081840515,-0.03315472975373268,0.2155134081840515,0.0,0.0,0.4999999701976776,0.4999999701976776,False
2026,0,15,20,0.003961168695241213,0.21548835933208466,-0.028284810483455658,0.21548835933208466,0.0,0.0,0.5,0.5,False
2026,0,16,20,0.0007492521544918418,0.2162889987230301,-0.026062138378620148,0.2162889987230301,0.0,0.0,0.25,0.25,False
2026,0,17,20,0.0029620835557579994,0.2155027538537979,-0.015357847325503826,0.2155027538537979,0.0,0.0,0.5,0.5,False
2026,0,18,20,0.0022673627827316523,0.2155473232269287,-0.00742175430059433,0.2155473232269287,0.0,0.0,0.4999999701976776,0.4999999701976776,False
2026,0,19,20,-0.0017153959488496184,0.2162935733795166,-0.0017153959488496184,0.2162935733795166,0.0,0.0,0.4999999701976776,0.4999999701976776,False
2026,1,0,20,0.009090358391404152,0.3086940050125122,0.14424656331539154,0.3086940050125122,0.0,0.0,0.5763131976127625,0.5763131976127625,False
2026,1,1,20,0.008969978429377079,0.3087913990020752,0.13676363229751587,0.3087913990020752,0.0,0.0,0.5603494048118591,0.5603494048118591,False
2026,1,2,20,0.008639944717288017,0.3089299201965332,0.12910646200180054,0.3089299201965332,0.0,0.0,0.34556734561920166,0.34556734561920166,False
2026,1,3,20,0.008438777178525925,0.3090363144874573,0.12152571976184845,0.3090363144874573,0.0,0.0,0.32807657122612,0.32807657122612,False
2026,1,4,20,0.008419984020292759,0.3090701401233673,0.11416402459144592,0.3090701401233673,0.0,0.0,0.49332237243652344,0.49332237243652344,False
2026,1,5,20,0.008924608118832111,0.3088763356208801,0.1075318455696106,0.3088763356208801,0.0,0.0,0.42718568444252014,0.42718568444252014,False
2026,1,6,20,0.009182613343000412,0.30876341462135315,0.10063932090997696,0.30876341462135315,0.0,0.0,0.44218239188194275,0.44218239188194275,False
2026,1,7,20,0.009441026486456394,0.3086860775947571,0.09364043176174164,0.3086860775947571,0.0,0.0,0.5153323411941528,0.5153323411941528,False
2026,1,8,20,0.00913914479315281,0.308793306350708,0.0860591009259224,0.308793306350708,0.0,0.0,0.5101853609085083,0.5101853609085083,False
2026,1,9,20,0.00866145733743906,0.3089991807937622,0.07818001508712769,0.3089991807937622,0.0,0.0,0.5253875851631165,0.5253875851631165,False
2026,1,10,20,0.008659681305289268,0.30896812677383423,0.07109422981739044,0.30896812677383423,0.0,0.0,0.523064136505127,0.523064136505127,False
2026,1,11,20,0.008675162680447102,0.30895525217056274,0.06398235261440277,0.30895525217056274,0.0,0.0,0.46599051356315613,0.46599051356315613,False
2026,1,12,20,0.008587469346821308,0.30897992849349976,0.05678553134202957,0.30897992849349976,0.0,0.0,0.5229306221008301,0.5229306221008301,False
2026,1,13,20,0.008952845819294453,0.3088512420654297,0.050127606838941574,0.3088512420654297,0.0,0.0,0.5351964235305786,0.5351964235305786,False
2026,1,14,20,0.008322101086378098,0.3090718686580658,0.04238510504364967,0.3090718686580658,0.0,0.0,0.5715197324752808,0.5715197324752808,False
2026,1,15,20,0.008503079414367676,0.3089860677719116,0.03568543121218681,0.3089860677719116,0.0,0.0,0.5773086547851562,0.5773086547851562,False
2026,1,16,20,0.008230004459619522,0.3090819716453552,0.02845272235572338,0.3090819716453552,0.0,0.0,0.573698878288269,0.573698878288269,False
2026,1,17,20,0.008295854553580284,0.3090363144874573,0.021737489849328995,0.3090363144874573,0.0,0.0,0.6021721363067627,0.6021721363067627,False
2026,1,18,20,0.008554732427001,0.308942049741745,0.015243460424244404,0.308942049741745,0.0,0.0,0.6651540994644165,0.6651540994644165,False
2026,1,19,20,0.008448353037238121,0.3089619278907776,0.008448353037238121,0.3089619278907776,0.0,0.0,0.6645635962486267,0.6645635962486267,False
2026,2,0,20,0.0032915661577135324,0.2968599796295166,-0.025860317051410675,0.2966354191303253,0.00022456049919128418,0.0007564525857326316,0.4915395677089691,0.4999999701976776,True
2026,2,1,20,0.004470466636121273,0.2964584529399872,-0.027090128511190414,0.2964584529399872,0.0,0.0,0.5,0.5,False
2026,2,2,20,0.0024970134254544973,0.29641881585121155,-0.028404083102941513,0.29641881585121155,0.0,0.0,0.5,0.5,False
2026,2,3,20,0.002358503406867385,0.2968226969242096,-0.03014357015490532,0.2966151833534241,0.00020751357078552246,0.000699116249989834,0.25,0.4999999701976776,True
2026,2,4,20,0.0026944116689264774,0.29661452770233154,-0.0308571495115757,0.29661452770233154,0.0,0.0,0.5,0.5,False
2026,2,5,20,0.002199135022237897,0.29663610458374023,-0.030493926256895065,0.2963998317718506,0.00023627281188964844,0.0007965072634068006,0.5,0.4999999701976776,True
2026,2,6,20,0.001969379372894764,0.29624390602111816,-0.029978521168231964,0.29624390602111816,0.0,0.0,0.5000000596046448,0.5000000596046448,False
2026,2,7,20,0.0021594827994704247,0.29609107971191406,-0.029127245768904686,0.29609107971191406,0.0,0.0,0.5,0.5,False
2026,2,8,20,0.0007026807870715857,0.29653599858283997,-0.02995304763317108,0.29653599858283997,0.0,0.0,0.5,0.5,False
2026,2,9,20,0.000594654877204448,0.2966499626636505,-0.02932564727962017,0.2966499626636505,0.0,0.0,0.5,0.5,False
2026,2,10,20,9.892700472846627e-05,0.29670119285583496,-0.02776508219540119,0.2965851128101349,0.00011608004570007324,0.0003912355207701363,0.4999999701976776,0.4999999701976776,True
2026,2,11,20,0.0007864246726967394,0.29625990986824036,-0.02500268816947937,0.29625990986824036,0.0,0.0,0.5,0.5,False
2026,2,12,20,0.0006516962312161922,0.296225905418396,-0.022906478494405746,0.296225905418396,0.0,0.0,0.5,0.5,False
2026,2,13,20,-0.0009715479100123048,0.2966785132884979,-0.022136257961392403,0.29667624831199646,2.2649765014648438e-06,7.63444739006873e-06,0.5,0.5,True
2026,2,14,20,0.00029009836725890636,0.29624515771865845,-0.018094707280397415,0.29624515771865845,0.0,0.0,0.4999999701976776,0.4999999701976776,False
2026,2,15,20,0.0006531242397613823,0.29602205753326416,-0.014464840292930603,0.29602205753326416,0.0,0.0,0.477710485458374,0.477710485458374,False
2026,2,16,20,-0.001229798886924982,0.29652804136276245,-0.013018371537327766,0.29652804136276245,0.0,0.0,0.4999999701976776,0.4999999701976776,False
2026,2,17,20,-0.0005965389427728951,0.2962528169155121,-0.00866890512406826,0.2962528169155121,0.0,0.0,0.4899332523345947,0.4899332523345947,False
2026,2,18,20,0.0001764012995408848,0.2959499657154083,-0.0039704060181975365,0.2959499657154083,0.0,0.0,0.49583396315574646,0.49583396315574646,False
2026,2,19,20,-0.002061778912320733,0.29654553532600403,-0.002061778912320733,0.29654553532600403,0.0,0.0,0.5002685785293579,0.5002685785293579,False
2026,3,0,20,0.01575995236635208,0.2169342041015625,0.021699242293834686,0.2142830640077591,0.0026511400938034058,0.012220940928993458,0.5,0.461633563041687,True
2026,3,1,20,0.014588981866836548,0.216952845454216,0.004079432226717472,0.21472470462322235,0.0022281408309936523,0.010270161824007334,0.10000000149011612,0.4999999701976776,True
2026,3,2,20,0.013354656286537647,0.21673274040222168,-0.012943458743393421,0.21526916325092316,0.001463577151298523,0.00675291212846917,0.5,0.2499999850988388,True
2026,3,3,20,0.012052841484546661,0.21684589982032776,-0.022649921476840973,0.21450012922286987,0.0023457705974578857,0.010817684813969383,0.4999999701976776,0.5,True
2026,3,4,20,0.010566876269876957,0.21665887534618378,-0.032763950526714325,0.21410708129405975,0.0025517940521240234,0.011777934543630828,0.2499999850988388,0.4999999701976776,True
2026,3,5,20,0.009023887105286121,0.21642331779003143,-0.04274510219693184,0.21399977803230286,0.0024235397577285767,0.011198145294491027,0.5,0.5,True
2026,3,6,20,0.007494832389056683,0.2164723128080368,-0.05304308608174324,0.2142995297908783,0.0021727830171585083,0.010037232886615332,0.4999999701976776,0.4999999701976776,True
2026,3,7,20,0.005868640728294849,0.21619665622711182,-0.05439193546772003,0.213047593832016,0.003149062395095825,0.014565731265463124,0.2500000298023224,0.5,True
2026,3,8,20,0.004276474937796593,0.21610449254512787,-0.06429233402013779,0.21400226652622223,0.0021022260189056396,0.0097278219168287,0.4999999701976776,0.5,True
2026,3,9,20,0.002855464583262801,0.215474471449852,-0.06877917796373367,0.21419644355773926,0.001278027892112732,0.005931226485965281,0.25,0.5,True
2026,3,10,20,0.0016957017360255122,0.21517588198184967,-0.0732676237821579,0.21479831635951996,0.0003775656223297119,0.0017546837445358305,0.5,0.5,True
2026,3,11,20,0.0011325336527079344,0.2139502763748169,-0.0690685287117958,0.2139502763748169,0.0,0.0,0.5,0.5,False
2026,3,12,20,0.0005753483856096864,0.21404771506786346,-0.06735503673553467,0.21404771506786346,0.0,0.0,0.5,0.5,False
2026,3,13,20,-7.656545494683087e-05,0.21418152749538422,-0.06390492618083954,0.21418152749538422,0.0,0.0,0.5,0.5,False
2026,3,14,20,-0.0018091821111738682,0.2147102653980255,-0.06043493002653122,0.2147102653980255,0.0,0.0,0.5,0.5,False
2026,3,15,20,-0.001704389345832169,0.21435683965682983,-0.051047515124082565,0.21435533463954926,1.5050172805786133e-06,7.0210835492258596e-06,0.4999999701976776,0.5,True
2026,3,16,20,0.0007566651911474764,0.21340426802635193,-0.03715759143233299,0.21340426802635193,0.0,0.0,0.4999999701976776,0.4999999701976776,False
2026,3,17,20,-0.00461956113576889,0.21480070054531097,-0.0326247438788414,0.21480070054531097,0.0,0.0,0.4999999701976776,0.4999999701976776,False
2026,3,18,20,-0.003182794200256467,0.2142748236656189,-0.017618020996451378,0.2142748236656189,0.0,0.0,0.5,0.5,False
2026,3,19,20,-0.007230172399431467,0.21503637731075287,-0.007230172399431467,0.21503637731075287,0.0,0.0,0.47904762625694275,0.47904762625694275,False
2026,4,0,20,0.005625485442578793,0.2991592288017273,-0.012918881140649319,0.2991592288017273,0.0,0.0,0.4951322078704834,0.4951322078704834,False
2026,4,1,20,0.00385398231446743,0.29959559440612793,-0.015848681330680847,0.2993755340576172,0.0002200603485107422,0.0007345246479573768,0.4999999701976776,0.5,True
2026,4,2,20,0.004168515093624592,0.2993822395801544,-0.017726020887494087,0.2993822395801544,0.0,0.0,0.5,0.5,False
2026,4,3,20,0.0036179986782372,0.29944005608558655,-0.018976610153913498,0.29930463433265686,0.0001354217529296875,0.00045224995847242626,0.4999999701976776,0.49562907218933105,True
2026,4,4,20,0.003138968488201499,0.2994694411754608,-0.020699400454759598,0.2994694411754608,0.0,0.0,0.5,0.5,False
2026,4,5,20,0.0031984953675419092,0.2993360757827759,-0.021092772483825684,0.2993360757827759,0.0,0.0,0.5,0.5,False
2026,4,6,20,0.002158212009817362,0.29955199360847473,-0.02232379838824272,0.29955199360847473,0.0,0.0,0.5,0.5,False
2026,4,7,20,0.004176692105829716,0.29881027340888977,-0.020029572769999504,0.29881027340888977,0.0,0.0,0.4999999701976776,0.4999999701976776,False
2026,4,8,20,0.001714383135549724,0.2992854416370392,-0.021482447162270546,0.2992854416370392,0.0,0.0,0.4999999701976776,0.4999999701976776,False
2026,4,9,20,0.0026973942294716835,0.2990782558917999,-0.020338090136647224,0.2990782558917999,0.0,0.0,0.5,0.5,False
2026,4,10,20,0.0019750017672777176,0.29917681217193604,-0.019905729219317436,0.29917681217193604,0.0,0.0,0.5,0.5,False
2026,4,11,20,0.001302062999457121,0.29920512437820435,-0.01893335022032261,0.29920512437820435,0.0,0.0,0.4999999403953552,0.4999999403953552,False
2026,4,12,20,0.0029232571832835674,0.298706591129303,-0.015901770442724228,0.298706591129303,0.0,0.0,0.5,0.5,False
2026,4,13,20,-0.00024215203302446753,0.2995797395706177,-0.01716788299381733,0.2995797395706177,0.0,0.0,0.2499999850988388,0.2499999850988388,False
2026,4,14,20,0.001467453083023429,0.2989782691001892,-0.013225552625954151,0.2989782691001892,0.0,0.0,0.4783165156841278,0.4783165156841278,False
2026,4,15,20,0.0003975917352363467,0.29921478033065796,-0.011813432909548283,0.29921478033065796,0.0,0.0,0.4535183906555176,0.4535183906555176,False
2026,4,16,20,0.0011193325044587255,0.29891496896743774,-0.008348077535629272,0.29891496896743774,0.0,0.0,0.49215632677078247,0.49215632677078247,False
2026,4,17,20,0.0015876732068136334,0.29871392250061035,-0.00496315723285079,0.29871392250061035,0.0,0.0,0.49584874510765076,0.49584874510765076,False
2026,4,18,20,-1.753109972923994e-05,0.299129843711853,-0.0034042042680084705,0.299129843711853,0.0,0.0,0.4904763102531433,0.4904763102531433,False
2026,4,19,20,-0.0011452552862465382,0.29940444231033325,-0.0011452552862465382,0.29940444231033325,0.0,0.0,0.4713435471057892,0.4713435471057892,False
2026,5,0,20,0.0065639084205031395,0.41447094082832336,0.13027119636535645,0.4144676923751831,3.248453140258789e-06,7.837589611871777e-06,2.209012746810913,2.2104384899139404,True
2026,5,1,20,0.0066027529537677765,0.4144704341888428,0.12399756908416748,0.4144693911075592,1.043081283569336e-06,2.5166602911272625e-06,2.1975159645080566,2.1760149002075195,True
2026,5,2,20,0.006631884723901749,0.41447606682777405,0.11768796294927597,0.41447293758392334,3.129243850708008e-06,7.549878270796014e-06,2.1462583541870117,2.1443777084350586,True
2026,5,3,20,0.006666817702353001,0.4144763648509979,0.11135216057300568,0.41447532176971436,1.043081283569336e-06,2.5166242807218167e-06,2.1454386711120605,2.115417242050171,True
2026,5,4,20,0.006696067750453949,0.4144764542579651,0.10499172657728195,0.4144764542579651,0.0,0.0,2.091076135635376,2.091076135635376,False
2026,5,5,20,0.006731116212904453,0.4144790470600128,0.09860405325889587,0.4144781231880188,9.238719940185547e-07,2.2289956526675433e-06,2.1033895015716553,2.090507984161377,True
2026,5,6,20,0.006750418338924646,0.4144833981990814,0.09218687564134598,0.41448190808296204,1.4901161193847656e-06,3.595116537500121e-06,2.0391628742218018,2.06809663772583,True
2026,5,7,20,0.006785939913243055,0.41448113322257996,0.08575713634490967,0.41448113322257996,0.0,0.0,2.0538105964660645,2.0538105964660645,False
2026,5,8,20,0.006812343839555979,0.4144838750362396,0.07929637283086777,0.4144838750362396,0.0,0.0,2.01670503616333,2.01670503616333,False
2026,5,9,20,0.006836497224867344,0.4144861102104187,0.07281642407178879,0.4144861102104187,0.0,0.0,2.0190207958221436,2.0190207958221436,False
2026,5,10,20,0.006863964721560478,0.4144880175590515,0.06631729006767273,0.4144880175590515,0.0,0.0,2.027083396911621,2.027083396911621,False
2026,5,11,20,0.006887525320053101,0.4144895076751709,0.05979979783296585,0.4144895076751709,0.0,0.0,2.0141208171844482,2.0141208171844482,False
2026,5,12,20,0.00691073015332222,0.41449201107025146,0.053262174129486084,0.41449201107025146,0.0,0.0,1.9887404441833496,1.9887404441833496,False
2026,5,13,20,0.006934171076864004,0.41449373960494995,0.046709030866622925,0.41449373960494995,0.0,0.0,2.0218143463134766,2.0218143463134766,False
2026,5,14,20,0.006960687693208456,0.41449597477912903,0.04013989865779877,0.41449517011642456,8.046627044677734e-07,1.941304025682158e-06,2.0035529136657715,1.9991124868392944,True
2026,5,15,20,0.0069915857166051865,0.4144934117794037,0.033562950789928436,0.4144934117794037,0.0,0.0,2.0446372032165527,2.0446372032165527,False
2026,5,16,20,0.007021535187959671,0.41449207067489624,0.026969775557518005,0.41449207067489624,0.0,0.0,2.0588910579681396,2.0588910579681396,False
2026,5,17,20,0.007034911774098873,0.4144973158836365,0.020346764475107193,0.4144973158836365,0.0,0.0,2.065917491912842,2.065917491912842,False
2026,5,18,20,0.007059413939714432,0.41449809074401855,0.013721024617552757,0.41449809074401855,0.0,0.0,2.117924928665161,2.117924928665161,False
2026,5,19,20,0.007074921857565641,0.4145018756389618,0.007074921857565641,0.4145018756389618,0.0,0.0,2.1366331577301025,2.1366331577301025,False
2026,6,0,20,0.008234372362494469,0.3055073022842407,0.1041870266199112,0.3055073022842407,0.0,0.0,0.46573400497436523,0.46573400497436523,False
2026,6,1,20,0.007658070418983698,0.3057888448238373,0.09744970500469208,0.3057888448238373,0.0,0.0,0.5099242329597473,0.5099242329597473,False
2026,6,2,20,0.009168793447315693,0.3051397204399109,0.09382188320159912,0.3051397204399109,0.0,0.0,0.5148776173591614,0.5148776173591614,False
2026,6,3,20,0.009387291967868805,0.3050280809402466,0.08850575238466263,0.3050280809402466,0.0,0.0,0.49963611364364624,0.49963611364364624,False
2026,6,4,20,0.008831500075757504,0.3052663803100586,0.08211875706911087,0.3052663803100586,0.0,0.0,0.5083718299865723,0.5083718299865723,False
2026,6,5,20,0.0071691288612782955,0.305850088596344,0.07468048483133316,0.305850088596344,0.0,0.0,0.4750000238418579,0.4750000238418579,False
2026,6,6,20,0.009209427051246166,0.30512213706970215,0.07161511480808258,0.30512213706970215,0.0,0.0,0.5062009692192078,0.5062009692192078,False
2026,6,7,20,0.008881717920303345,0.30522042512893677,0.06592602282762527,0.30522042512893677,0.0,0.0,0.4940917193889618,0.4940917193889618,False
2026,6,8,20,0.00823886413127184,0.3054135739803314,0.060009896755218506,0.3054135739803314,0.0,0.0,0.5025965571403503,0.5025965571403503,False
2026,6,9,20,0.007450663950294256,0.30569183826446533,0.0538998581469059,0.30569183826446533,0.0,0.0,0.4830639362335205,0.4830639362335205,False
2026,6,10,20,0.009064368903636932,0.3051106631755829,0.0506879985332489,0.3051106631755829,0.0,0.0,0.4738811254501343,0.4738811254501343,False
2026,6,11,20,0.007676760666072369,0.3056159019470215,0.044060759246349335,0.3055990934371948,1.6808509826660156e-05,5.499880640888219e-05,0.5053545832633972,0.500184178352356,True
2026,6,12,20,0.007333988789469004,0.3056811988353729,0.03885231167078018,0.3056811988353729,0.0,0.0,0.5090067982673645,0.5090067982673645,False
2026,6,13,20,0.007071004714816809,0.3057231903076172,0.03386468067765236,0.3057231903076172,0.0,0.0,0.5145953297615051,0.5145953297615051,False
2026,6,14,20,0.007857026532292366,0.30547717213630676,0.029910843819379807,0.30547717213630676,0.0,0.0,0.5301135778427124,0.5301135778427124,False
2026,6,15,20,0.007397298235446215,0.305595725774765,0.024858392775058746,0.305595725774765,0.0,0.0,0.5078790783882141,0.5078790783882141,False
2026,6,16,20,0.006589487660676241,0.3058529794216156,0.019447635859251022,0.3058529794216156,0.0,0.0,0.49455809593200684,0.49455809593200684,False
2026,6,17,20,0.007311269175261259,0.3055964708328247,0.015815118327736855,0.3055964708328247,0.0,0.0,0.5653228163719177,0.5653228163719177,False
2026,6,18,20,0.006552531849592924,0.3058035373687744,0.010767243802547455,0.3058035373687744,0.0,0.0,0.5778504610061646,0.5778504610061646,False
2026,6,19,20,0.006068390794098377,0.30593544244766235,0.006068390794098377,0.30593544244766235,0.0,0.0,0.5956736207008362,0.5956736207008362,False
2026,7,0,20,0.01431028451770544,0.21057261526584625,0.04313136264681816,0.20925292372703552,0.00131969153881073,0.006267156520541049,0.25,0.4999999701976776,True
2026,7,1,20,0.013636346906423569,0.21020251512527466,0.029901020228862762,0.2091478407382965,0.0010546743869781494,0.005017420397418146,0.25,0.48774752020835876,True
2026,7,2,20,0.012915229424834251,0.21032549440860748,0.01859152875840664,0.20881491899490356,0.0015105754137039185,0.0071820842164253525,0.2499999850988388,0.4952527582645416,True
2026,7,3,20,0.012046611867845058,0.2103019654750824,0.005537410266697407,0.20904263854026794,0.0012593269348144531,0.005988184332797709,0.5,0.49340754747390747,True
2026,7,4,20,0.01125846616923809,0.20981815457344055,-0.0072633856907486916,0.20943644642829895,0.00038170814514160156,0.0018192331636774361,0.25,0.48999565839767456,True
2026,7,5,20,0.01044290978461504,0.20992787182331085,-0.018274948000907898,0.20969600975513458,0.00023186206817626953,0.0011044844410723123,0.2499999850988388,0.25,True
2026,7,6,20,0.009218445047736168,0.21014046669006348,-0.023072125390172005,0.2089143544435501,0.0012261122465133667,0.005834726960618022,0.25,0.5,True
2026,7,7,20,0.008454067632555962,0.20991668105125427,-0.030194152146577835,0.2088964581489563,0.0010202229022979736,0.004860132587790254,0.25,0.5,True
2026,7,8,20,0.0075262016616761684,0.20955286920070648,-0.03760746121406555,0.20923146605491638,0.0003214031457901001,0.0015337568367162998,0.5,0.5,True
2026,7,9,20,0.006571060046553612,0.2094397246837616,-0.04241134226322174,0.20932574570178986,0.00011397898197174072,0.0005442089944676947,0.46258699893951416,0.25,True
2026,7,10,20,0.00567913381382823,0.2093561291694641,-0.04540667682886124,0.2093561291694641,0.0,0.0,0.5,0.5,False
2026,7,11,20,0.0046987347304821014,0.2091699093580246,-0.044532325118780136,0.20889846980571747,0.0002714395523071289,0.0012976988570689717,0.4999999403953552,0.49478793144226074,True
2026,7,12,20,0.0035634301602840424,0.20945154130458832,-0.04366818815469742,0.20876772701740265,0.0006838142871856689,0.003264785176210537,0.5,0.5,True
2026,7,13,20,0.003037435235455632,0.20910827815532684,-0.043508611619472504,0.20910827815532684,0.0,0.0,0.4999999701976776,0.4999999701976776,False
2026,7,14,20,0.0024335116613656282,0.20878444612026215,-0.03826052322983742,0.20870667695999146,7.776916027069092e-05,0.00037248541122596374,0.4999999701976776,0.4999999701976776,True
2026,7,15,20,0.0016404769849032164,0.2089526206254959,-0.03455787152051926,0.20894218981266022,1.043081283569336e-05,4.9919511918390444e-05,0.5,0.5,True
2026,7,16,20,0.0010116478661075234,0.20890575647354126,-0.02809339389204979,0.20890575647354126,0.0,0.0,0.5,0.5,False
2026,7,17,20,0.0004067332192789763,0.2088560163974762,-0.020163826644420624,0.2088560163974762,0.0,0.0,0.5,0.5,False
2026,7,18,20,-0.0002586440241429955,0.20886607468128204,-0.011187915690243244,0.20886607468128204,0.0,0.0,0.5,0.5,False
2026,7,19,20,-0.0021131187677383423,0.20911750197410583,-0.0021131187677383423,0.20911750197410583,0.0,0.0,0.5,0.5,False
2026,8,0,20,0.06055835634469986,0.30733802914619446,0.057582028210163116,0.2656058967113495,0.04173213243484497,0.1357857748706843,0.5,0.4999999701976776,True
2026,8,1,20,0.055807337164878845,0.30966249108314514,0.02928774431347847,0.26587483286857605,0.04378765821456909,0.1414044628440711,0.5,0.48805850744247437,True
2026,8,2,20,0.03708969056606293,0.2959313988685608,0.004086809232831001,0.2658444046974182,0.030086994171142578,0.10166881340126346,0.4999999701976776,0.4730696380138397,True
2026,8,3,20,0.03331957757472992,0.30477800965309143,-0.021242279559373856,0.26646026968955994,0.038317739963531494,0.1257234405039459,0.4999999701976776,0.4999999701976776,True
2026,8,4,20,0.02291039191186428,0.2961447834968567,-0.03697329759597778,0.2652209997177124,0.030923783779144287,0.10442116661316277,0.4999999701976776,0.5,True
2026,8,5,20,0.016044773161411285,0.2894967496395111,-0.06286928057670593,0.2674649655818939,0.022031784057617188,0.07610373548252869,0.2499999850988388,0.4999999701976776,True
2026,8,6,20,0.011324171908199787,0.28439387679100037,-0.06527544558048248,0.2643076181411743,0.02008625864982605,0.07062830914811623,0.2499999850988388,0.4891873002052307,True
2026,8,7,20,0.007794794626533985,0.27923446893692017,-0.0851801335811615,0.2667034864425659,0.012530982494354248,0.04487620221837667,0.2499999850988388,0.5,True
2026,8,8,20,0.006265401374548674,0.2751420736312866,-0.07252862304449081,0.2614281177520752,0.013713955879211426,0.049843179918710914,0.25,0.49945348501205444,True
2026,8,9,20,0.006954271346330643,0.27115464210510254,-0.09167587757110596,0.26549890637397766,0.005655735731124878,0.020857971256611024,0.5,0.5,True
2026,8,10,20,0.010325570590794086,0.2651526927947998,-0.08663885295391083,0.26414787769317627,0.0010048151016235352,0.0037895715522721692,0.5,0.4999999701976776,True
2026,8,11,20,0.015617895871400833,0.2628749907016754,-0.07832657545804977,0.2628749907016754,0.0,0.0,0.4999999701976776,0.4999999701976776,False
2026,8,12,20,0.017794828861951828,0.2658463716506958,-0.08270592987537384,0.2658463716506958,0.0,0.0,0.5,0.5,False
2026,8,13,20,0.023149805143475533,0.26472705602645874,-0.06847644597291946,0.26472705602645874,0.0,0.0,0.5,0.5,False
2026,8,14,20,0.025839118286967278,0.2652410566806793,-0.05753745138645172,0.2652410566806793,0.0,0.0,0.4999999701976776,0.4999999701976776,False
2026,8,15,20,0.02800389938056469,0.26566651463508606,-0.04370327293872833,0.26566651463508606,0.0,0.0,0.5,0.5,False
2026,8,16,20,0.03188307210803032,0.2652721703052521,-0.024563390761613846,0.2652721703052521,0.0,0.0,0.4874279797077179,0.4874279797077179,False
2026,8,17,20,0.031513966619968414,0.26616811752319336,-0.00839872844517231,0.26616811752319336,0.0,0.0,0.5,0.5,False
2026,8,18,20,0.03672688826918602,0.26522865891456604,0.016219496726989746,0.26522865891456604,0.0,0.0,0.5,0.5,False
2026,8,19,20,0.0459233820438385,0.26327750086784363,0.0459233820438385,0.26327750086784363,0.0,0.0,0.4960830509662628,0.4960830509662628,False
2026,9,0,20,0.008578013628721237,0.305702269077301,0.11381600797176361,0.305702269077301,0.0,0.0,0.5276700854301453,0.5276700854301453,False
2026,9,1,20,0.009002817794680595,0.30553138256073,0.10825566202402115,0.30553138256073,0.0,0.0,0.4925514757633209,0.4925514757633209,False
2026,9,2,20,0.00927297119051218,0.3054638206958771,0.10239414125680923,0.3054638206958771,0.0,0.0,0.5023877620697021,0.5023877620697021,False
2026,9,3,20,0.008847810328006744,0.30566248297691345,0.09570638090372086,0.30566248297691345,0.0,0.0,0.5134080648422241,0.5134080648422241,False
2026,9,4,20,0.008973401971161366,0.3055921494960785,0.08995071053504944,0.3055921494960785,0.0,0.0,0.4926985502243042,0.4926985502243042,False
2026,9,5,20,0.008636867627501488,0.3056681156158447,0.08377215266227722,0.3056681156158447,0.0,0.0,0.4727397859096527,0.4727397859096527,False
2026,9,6,20,0.007792443968355656,0.3059840798377991,0.076868936419487,0.3059840798377991,0.0,0.0,0.4872463047504425,0.4872463047504425,False
2026,9,7,20,0.008647744543850422,0.3057017922401428,0.07198390364646912,0.3057017922401428,0.0,0.0,0.5072658658027649,0.5072658658027649,False
2026,9,8,20,0.008944218046963215,0.30553922057151794,0.06677395105361938,0.30553922057151794,0.0,0.0,0.4844803214073181,0.4844803214073181,False
2026,9,9,20,0.007836207747459412,0.305939644575119,0.05979011580348015,0.305939644575119,0.0,0.0,0.48805221915245056,0.48805221915245056,False
2026,9,10,20,0.009243207983672619,0.3054562211036682,0.0557679757475853,0.3054562211036682,0.0,0.0,0.501558244228363,0.501558244228363,False
2026,9,11,20,0.007096221204847097,0.306163489818573,0.04792391508817673,0.306163489818573,0.0,0.0,0.49344611167907715,0.49344611167907715,False
2026,9,12,20,0.008314651437103748,0.3057630658149719,0.04377756267786026,0.3057630658149719,0.0,0.0,0.513788104057312,0.513788104057312,False
2026,9,13,20,0.008297032676637173,0.30571505427360535,0.03855714201927185,0.30571505427360535,0.0,0.0,0.5236116647720337,0.5236116647720337,False
2026,9,14,20,0.007242274470627308,0.30606722831726074,0.03210979700088501,0.30606722831726074,0.0,0.0,0.5062857866287231,0.5062857866287231,False
2026,9,15,20,0.0071286591701209545,0.306118369102478,0.026730358600616455,0.306118369102478,0.0,0.0,0.5287753343582153,0.5287753343582153,False
2026,9,16,20,0.008083263412117958,0.30576997995376587,0.022743914276361465,0.30576997995376587,0.0,0.0,0.5630286931991577,0.5630286931991577,False
2026,9,17,20,0.007067576516419649,0.3060666620731354,0.016738299280405045,0.3060666620731354,0.0,0.0,0.5568833947181702,0.5568833947181702,False
2026,9,18,20,0.007751163560897112,0.3058386445045471,0.012540613301098347,0.3058386445045471,0.0,0.0,0.5671539306640625,0.5671539306640625,False
2026,9,19,20,0.006985424552112818,0.30605533719062805,0.006985424552112818,0.30605533719062805,0.0,0.0,0.5681778192520142,0.5681778192520142,False
2026,10,0,20,0.0061100320890545845,0.25766721367836,-0.049123868346214294,0.25766721367836,0.0,0.0,0.5,0.5,False
2026,10,1,20,0.007392032537609339,0.25643107295036316,-0.04746219515800476,0.25643107295036316,0.0,0.0,0.4999999701976776,0.4999999701976776,False
2026,10,2,20,0.006299828644841909,0.2570478320121765,-0.05239005759358406,0.2570478320121765,0.0,0.0,0.5,0.5,False
2026,10,3,20,0.005912621971219778,0.2571527361869812,-0.05469091609120369,0.2571527361869812,0.0,0.0,0.5,0.5,False
2026,10,4,20,0.006237279158085585,0.2567824721336365,-0.054502006620168686,0.2567824721336365,0.0,0.0,0.4963096082210541,0.4963096082210541,False
2026,10,5,20,0.006297104060649872,0.2565441429615021,-0.054033827036619186,0.25650742650032043,3.6716461181640625e-05,0.00014311946769780836,0.5,0.5,True
2026,10,6,20,0.005019513890147209,0.25699177384376526,-0.055871009826660156,0.25699177384376526,0.0,0.0,0.5,0.5,False
2026,10,7,20,0.003125253599137068,0.2575386166572571,-0.05729488283395767,0.2575386166572571,0.0,0.0,0.25,0.25,False
2026,10,8,20,0.0059894113801419735,0.2561066746711731,-0.05036954954266548,0.2561066746711731,0.0,0.0,0.5,0.5,False
2026,10,9,20,0.003357914974913001,0.25713038444519043,-0.052369244396686554,0.25713038444519043,0.0,0.0,0.5,0.5,False
2026,10,10,20,0.005296911578625441,0.25625407695770264,-0.046336766332387924,0.25625407695770264,0.0,0.0,0.4999999701976776,0.4999999701976776,False
2026,10,11,20,0.004505673423409462,0.2564209997653961,-0.04375302419066429,0.2564209997653961,0.0,0.0,0.5,0.5,False
2026,10,12,20,0.004462594166398048,0.2563227713108063,-0.03953387588262558,0.2563227713108063,0.0,0.0,0.5,0.5,False
2026,10,13,20,0.004337497986853123,0.25627315044403076,-0.03491990268230438,0.25627315044403076,0.0,0.0,0.48621222376823425,0.48621222376823425,False
2026,10,14,20,0.0038962194230407476,0.25632813572883606,-0.030149979516863823,0.25632813572883606,0.0,0.0,0.5,0.5,False
2026,10,15,20,0.0026669201906770468,0.25660935044288635,-0.025717824697494507,0.25660935044288635,0.0,0.0,0.48354023694992065,0.48354023694992065,False
2026,10,16,20,0.0024062753655016422,0.25658196210861206,-0.019561031833291054,0.25658196210861206,0.0,0.0,0.5,0.5,False
2026,10,17,20,-0.00010287440090905875,0.2571742832660675,-0.015317883342504501,0.2571742832660675,0.0,0.0,0.5,0.5,False
2026,10,18,20,0.002215030137449503,0.25646689534187317,-0.005540118552744389,0.25646689534187317,0.0,0.0,0.45919814705848694,0.45919814705848694,False
2026,10,19,20,0.0012434874661266804,0.2566438615322113,0.0012434874661266804,0.2566438615322113,0.0,0.0,0.4833236336708069,0.4833236336708069,False
2026,11,0,20,0.006790675222873688,0.394584059715271,0.13995546102523804,0.394584059715271,0.0,0.0,1.8784879446029663,1.8784879446029663,False
2026,11,1,20,0.006827023811638355,0.39458784461021423,0.13320742547512054,0.39458784461021423,0.0,0.0,1.8385108709335327,1.8385108709335327,False
2026,11,2,20,0.006855083163827658,0.3945932984352112,0.1264221966266632,0.3945911228656769,2.175569534301758e-06,5.513447752227773e-06,1.8258817195892334,1.7861987352371216,True
2026,11,3,20,0.006888115778565407,0.39459097385406494,0.11961077898740768,0.39459097385406494,0.0,0.0,1.7968778610229492,1.7968778610229492,False
2026,11,4,20,0.0069210282526910305,0.3945905268192291,0.1127673014998436,0.3945905268192291,0.0,0.0,1.7611647844314575,1.7611647844314575,False
2026,11,5,20,0.0069565437734127045,0.3945889174938202,0.1058962419629097,0.3945889174938202,0.0,0.0,1.7445780038833618,1.7445780038833618,False
2026,11,6,20,0.006983533967286348,0.3945920169353485,0.09898433834314346,0.3945920169353485,0.0,0.0,1.7395843267440796,1.7395843267440796,False
2026,11,7,20,0.0070119453594088554,0.39458978176116943,0.09205903857946396,0.39458978176116943,0.0,0.0,1.7353135347366333,1.7353135347366333,False
2026,11,8,20,0.007032897789031267,0.39459359645843506,0.08509277552366257,0.39459359645843506,0.0,0.0,1.6969469785690308,1.6969469785690308,False
2026,11,9,20,0.007058346644043922,0.3945959806442261,0.07810676097869873,0.3945959806442261,0.0,0.0,1.7100391387939453,1.7100391387939453,False
2026,11,10,20,0.007080601062625647,0.3945958912372589,0.07110440731048584,0.3945958912372589,0.0,0.0,1.7091903686523438,1.7091903686523438,False
2026,11,11,20,0.007113388739526272,0.394592821598053,0.06408820301294327,0.394592821598053,0.0,0.0,1.7098137140274048,1.7098137140274048,False
2026,11,12,20,0.007133037783205509,0.39459294080734253,0.05704393610358238,0.39459294080734253,0.0,0.0,1.698390245437622,1.698390245437622,False
2026,11,13,20,0.007160615175962448,0.3945915699005127,0.04998499155044556,0.3945915699005127,0.0,0.0,1.715050220489502,1.715050220489502,False
2026,11,14,20,0.007178369909524918,0.39459171891212463,0.04290439188480377,0.39459171891212463,0.0,0.0,1.7338669300079346,1.7338669300079346,False
2026,11,15,20,0.0071943472139537334,0.3945951461791992,0.03579976409673691,0.39459484815597534,2.980232238769531e-07,7.552632787368615e-07,1.7132962942123413,1.737369418144226,True
2026,11,16,20,0.007216478697955608,0.39459428191185,0.028688974678516388,0.39459428191185,0.0,0.0,1.7366139888763428,1.7366139888763428,False
2026,11,17,20,0.007229734677821398,0.39459607005119324,0.02155771106481552,0.39459607005119324,0.0,0.0,1.7643301486968994,1.7643301486968994,False
2026,11,18,20,0.007257428485900164,0.3945922255516052,0.014427276328206062,0.3945922255516052,0.0,0.0,1.8198788166046143,1.8198788166046143,False
2026,11,19,20,0.007269736845046282,0.39459407329559326,0.007269736845046282,0.39459407329559326,0.0,0.0,1.8411340713500977,1.8411340713500977,False
2026,12,0,20,0.015246307477355003,0.27090728282928467,-0.09160459041595459,0.26245561242103577,0.008451670408248901,0.03119764932113257,0.4999999701976776,0.2499999850988388,True
2026,12,1,20,0.01350189745426178,0.2709631323814392,-0.09248080104589462,0.2599475085735321,0.011015623807907104,0.040653588962797464,0.4999999701976776,0.5,True
2026,12,2,20,0.011642735451459885,0.2712968587875366,-0.10336342453956604,0.26042336225509644,0.010873496532440186,0.040079699341287446,0.4999999701976776,0.4999999701976776,True
2026,12,3,20,0.00870837364345789,0.27116334438323975,-0.11909890174865723,0.2625696361064911,0.008593708276748657,0.03169199840153551,0.5,0.5,True
2026,12,4,20,0.005325924139469862,0.2704978883266449,-0.12099609524011612,0.2615202069282532,0.008977681398391724,0.033189469440702446,0.4999999701976776,0.5,True
2026,12,5,20,0.0028365077450871468,0.27106571197509766,-0.1253681629896164,0.2615678906440735,0.00949782133102417,0.035038814986296456,0.5,0.5,True
2026,12,6,20,0.002122641773894429,0.2618872821331024,-0.12169543653726578,0.2599835693836212,0.0019037127494812012,0.0072692065608350245,0.5,0.5,True
2026,12,7,20,0.00239762756973505,0.2605755031108856,-0.12452930212020874,0.2605755031108856,0.0,0.0,0.5,0.5,False
2026,12,8,20,0.002900310093536973,0.26040440797805786,-0.12254850566387177,0.26040440797805786,0.0,0.0,0.5,0.5,False
2026,12,9,20,0.0026001366786658764,0.2612573504447937,-0.12259699404239655,0.2612573504447937,0.0,0.0,0.5000000596046448,0.5000000596046448,False
2026,12,10,20,0.005228989291936159,0.2591874301433563,-0.10952728986740112,0.2591874301433563,0.0,0.0,0.4999999701976776,0.4999999701976776,False
2026,12,11,20,0.0048788622952997684,0.260009229183197,-0.10570837557315826,0.260009229183197,0.0,0.0,0.5,0.5,False
2026,12,12,20,0.0009776245569810271,0.262251615524292,-0.10549096763134003,0.262251615524292,0.0,0.0,0.5,0.5,False
2026,12,13,20,-0.0003448219213169068,0.2627318501472473,-0.09676110744476318,0.2627318501472473,0.0,0.0,0.2499999701976776,0.2499999701976776,False
2026,12,14,20,-0.0025278753601014614,0.2634136974811554,-0.08712056279182434,0.2634136974811554,0.0,0.0,0.5,0.5,False
2026,12,15,20,0.005210970528423786,0.26061680912971497,-0.06263627111911774,0.26061680912971497,0.0,0.0,0.5000000596046448,0.5000000596046448,False
2026,12,16,20,0.0059829275123775005,0.260458379983902,-0.04674645513296127,0.260458379983902,0.0,0.0,0.5,0.5,False
2026,12,17,20,-0.0003205554385203868,0.26238593459129333,-0.037482134997844696,0.26238593459129333,0.0,0.0,0.5,0.5,False
2026,12,18,20,0.006827580742537975,0.26037442684173584,-0.011911463923752308,0.26037442684173584,0.0,0.0,0.5,0.5,False
2026,12,19,20,0.0034071390982717276,0.26133206486701965,0.0034071390982717276,0.26133206486701965,0.0,0.0,0.4999999403953552,0.4999999403953552,False
2026,13,0,20,0.015922579914331436,0.2201332151889801,0.011511221528053284,0.2170770764350891,0.003056138753890991,0.013883133225794006,0.4999999701976776,0.5000000596046448,True
2026,13,1,20,0.01470845565199852,0.22009289264678955,-0.003997147083282471,0.21706879138946533,0.0030241012573242188,0.013740113190194516,0.5,0.5,True
2026,13,2,20,0.013301127590239048,0.2201738953590393,-0.017443852499127388,0.21685972809791565,0.0033141672611236572,0.015052498643034946,0.4999999701976776,0.49642297625541687,True
2026,13,3,20,0.011805824004113674,0.2200518399477005,-0.030998243018984795,0.21695061028003693,0.0031012296676635742,0.014093177627601934,0.10000000149011612,0.5,True
2026,13,4,20,0.010225922800600529,0.21993272006511688,-0.043183498084545135,0.21705061197280884,0.0028821080923080444,0.013104498918827177,0.2499999850988388,0.5,True
2026,13,5,20,0.008552862331271172,0.22011001408100128,-0.05239029973745346,0.21683882176876068,0.0032711923122406006,0.014861624201417706,0.5,0.4999999701976776,True
2026,13,6,20,0.0068739368580281734,0.21971113979816437,-0.06551840156316757,0.21783970296382904,0.0018714368343353271,0.008517714832550163,0.5,0.49611109495162964,True
2026,13,7,20,0.005098968744277954,0.21934381127357483,-0.06362991034984589,0.21596437692642212,0.00337943434715271,0.015407019361662031,0.2499999850988388,0.4999999403953552,True
2026,13,8,20,0.0036152140237390995,0.21926860511302948,-0.07705177366733551,0.2178116887807846,0.001456916332244873,0.006644436541628273,0.5,0.4999999701976776,True
2026,13,9,20,0.002086447551846504,0.2183428555727005,-0.07980576157569885,0.21776165068149567,0.000581204891204834,0.0026618910414099315,0.2499999850988388,0.4999999701976776,True
2026,13,10,20,0.0008496797527186573,0.21835604310035706,-0.0835513174533844,0.21835604310035706,0.0,0.0,0.5,0.5,False
2026,13,11,20,0.0009547421359457076,0.21678294241428375,-0.0753573477268219,0.21678294241428375,0.0,0.0,0.5,0.5,False
2026,13,12,20,-0.0005604126490652561,0.21765351295471191,-0.07642435282468796,0.21765351295471191,0.0,0.0,0.4999999701976776,0.4999999701976776,False
2026,13,13,20,-0.0011814371682703495,0.21754290163516998,-0.07102815061807632,0.21754290163516998,0.0,0.0,0.5,0.5,False
2026,13,14,20,-0.0015326259890571237,0.21740886569023132,-0.06363233178853989,0.21740886569023132,0.0,0.0,0.5,0.5,False
2026,13,15,20,-0.0028466868679970503,0.2176501601934433,-0.0561438649892807,0.2176501601934433,0.0,0.0,0.5,0.5,False
2026,13,16,20,0.0015419491101056337,0.2161058932542801,-0.03870241343975067,0.2161058932542801,0.0,0.0,0.5,0.5,False
2026,13,17,20,-0.0024539814330637455,0.21714664995670319,-0.03157227486371994,0.21714664995670319,0.0,0.0,0.5,0.5,False
2026,13,18,20,-0.0020518170204013586,0.216939777135849,-0.017189905047416687,0.216939777135849,0.0,0.0,0.5,0.5,False
2026,13,19,20,-0.007245597895234823,0.21799442172050476,-0.007245597895234823,0.21799442172050476,0.0,0.0,0.5,0.5,False
2026,14,0,20,0.022785233333706856,0.2823037803173065,-0.007011629641056061,0.2656547725200653,0.01664900779724121,0.05897550425477087,0.5,0.49798479676246643,True
2026,14,1,20,0.018172044306993484,0.28130340576171875,-0.004300335422158241,0.2617453932762146,0.01955801248550415,0.0695263977787421,0.5,0.5,True
2026,14,2,20,0.015868045389652252,0.28283217549324036,-0.023074164986610413,0.263854056596756,0.018978118896484375,0.06710028257353608,0.25,0.5,True
2026,14,3,20,0.013253376819193363,0.28443393111228943,-0.026806095615029335,0.2623800039291382,0.022053927183151245,0.0775362035637188,0.4999999701976776,0.5,True
2026,14,4,20,0.008469418622553349,0.2847649157047272,-0.050492458045482635,0.26656317710876465,0.018201738595962524,0.0639184730707343,0.4999999701976776,0.5,True
2026,14,5,20,0.004994524642825127,0.27475839853286743,-0.05193493515253067,0.2652568817138672,0.009501516819000244,0.03458135172477228,0.5,0.5,True
2026,14,6,20,0.0033643764909356833,0.2724224627017975,-0.05229850858449936,0.2640813887119293,0.008341073989868164,0.030618157941691378,0.25,0.5,True
2026,14,7,20,0.0025308250915259123,0.2680589258670807,-0.062498342245817184,0.2659306228160858,0.002128303050994873,0.007939683575581476,0.5,0.4999999701976776,True
2026,14,8,20,0.0026639928109943867,0.2677267789840698,-0.06101641058921814,0.2651059627532959,0.0026208162307739258,0.00978914489136654,0.5,0.5,True
2026,14,9,20,0.0045549506321549416,0.2626097500324249,-0.05158236622810364,0.2626097500324249,0.0,0.0,0.5,0.5,False
2026,14,10,20,0.006186844315379858,0.26369795203208923,-0.05416231229901314,0.26369795203208923,0.0,0.0,0.4999999701976776,0.4999999701976776,False
2026,14,11,20,0.008940647356212139,0.262858510017395,-0.0478660948574543,0.262858510017395,0.0,0.0,0.4999999701976776,0.4999999701976776,False
2026,14,12,20,0.0065412637777626514,0.26599574089050293,-0.05511585250496864,0.26599574089050293,0.0,0.0,0.2499999850988388,0.2499999850988388,False
2026,14,13,20,0.005728965625166893,0.26692521572113037,-0.05254576727747917,0.26692521572113037,0.0,0.0,0.5,0.5,False
2026,14,14,20,0.017530590295791626,0.26188555359840393,-0.026053180918097496,0.26188555359840393,0.0,0.0,0.4999999701976776,0.4999999701976776,False
2026,14,15,20,0.02005651406943798,0.2618311941623688,-0.01712724193930626,0.2618311941623688,0.0,0.0,0.5,0.5,False
2026,14,16,20,0.015653230249881744,0.2641781270503998,-0.016133762896060944,0.2641781270503998,0.0,0.0,0.5,0.5,False
2026,14,17,20,0.016286645084619522,0.26442909240722656,-0.006068099290132523,0.26442909240722656,0.0,0.0,0.5000000596046448,0.5000000596046448,False
2026,14,18,20,0.024505771696567535,0.26246193051338196,0.01341235637664795,0.26246193051338196,0.0,0.0,0.5,0.5,False
2026,14,19,20,0.02376812882721424,0.26313263177871704,0.02376812882721424,0.26313263177871704,0.0,0.0,0.4999999701976776,0.4999999701976776,False
2026,15,0,20,0.03390629217028618,0.288240909576416,0.0239679217338562,0.2625551223754883,0.025685787200927734,0.08911221949262596,0.47823891043663025,0.5,True
2026,15,1,20,0.025335026904940605,0.2845236361026764,0.008766361512243748,0.26235005259513855,0.022173583507537842,0.07793230752729462,0.5,0.48800989985466003,True
2026,15,2,20,0.0233688373118639,0.2882251441478729,-0.009316325187683105,0.26331496238708496,0.024910181760787964,0.08642612300336948,0.5,0.5,True
2026,15,3,20,0.015458968468010426,0.2818892300128937,-0.018394920974969864,0.26235389709472656,0.019535332918167114,0.0693014519117086,0.2499999850988388,0.5,True
2026,15,4,20,0.01398057397454977,0.2924846112728119,-0.024740584194660187,0.26114416122436523,0.031340450048446655,0.1071524751748877,0.4999999701976776,0.5,True
2026,15,5,20,0.007808980531990528,0.27619093656539917,-0.04523036256432533,0.2641304135322571,0.01206052303314209,0.04366733819408401,0.5,0.5,True
2026,15,6,20,0.005377231165766716,0.2713744342327118,-0.047373250126838684,0.2627975344657898,0.008576899766921997,0.03160540819245724,0.5,0.48783478140830994,True
2026,15,7,20,0.00398757541552186,0.27040234208106995,-0.0510275699198246,0.2623814344406128,0.008020907640457153,0.029662863045958332,0.25,0.5,True
2026,15,8,20,0.0042338003404438496,0.2658179998397827,-0.05738786607980728,0.26319804787635803,0.0026199519634246826,0.009856187184478907,0.5,0.5,True
2026,15,9,20,0.005397735629230738,0.26218244433403015,-0.04789984971284866,0.26038259267807007,0.001799851655960083,0.006864882431514008,0.5,0.5,True
2026,15,10,20,0.008612493984401226,0.2601172924041748,-0.04618193209171295,0.2601172924041748,0.0,0.0,0.5,0.5,False
2026,15,11,20,0.012381807900965214,0.25946247577667236,-0.041048645973205566,0.25946247577667236,0.0,0.0,0.4999999701976776,0.4999999701976776,False
2026,15,12,20,0.005157854408025742,0.26714062690734863,-0.06575129926204681,0.26714062690734863,0.0,0.0,0.2499999850988388,0.2499999850988388,False
2026,15,13,20,0.013553964905440807,0.26295343041419983,-0.04373564571142197,0.26295343041419983,0.0,0.0,0.5,0.5,False
2026,15,14,20,0.015149759128689766,0.2631063163280487,-0.036449722945690155,0.2631063163280487,0.0,0.0,0.4999999701976776,0.4999999701976776,False
2026,15,15,20,0.01908942498266697,0.2622559666633606,-0.023815885186195374,0.2622559666633606,0.0,0.0,0.4999999701976776,0.4999999701976776,False
2026,15,16,20,0.01633192040026188,0.26387888193130493,-0.01919204741716385,0.26387888193130493,0.0,0.0,0.5,0.5,False
2026,15,17,20,0.026127638295292854,0.2612707316875458,0.002793768420815468,0.2612707316875458,0.0,0.0,0.4927142858505249,0.4927142858505249,False
2026,15,18,20,0.01673867553472519,0.26451870799064636,0.003606194630265236,0.26451870799064636,0.0,0.0,0.5,0.5,False
2026,15,19,20,0.026103021577000618,0.26231855154037476,0.026103021577000618,0.26231855154037476,0.0,0.0,0.4952659606933594,0.4952659606933594,False
2026,16,0,20,0.006561290007084608,0.3056541383266449,0.07251821458339691,0.3056541383266449,0.0,0.0,0.47755780816078186,0.47755780816078186,False
2026,16,1,20,0.007501540239900351,0.30530571937561035,0.06877082586288452,0.30530571937561035,0.0,0.0,0.5083038806915283,0.5083038806915283,False
2026,16,2,20,0.008097685873508453,0.30502671003341675,0.06494881212711334,0.30502671003341675,0.0,0.0,0.4656914472579956,0.4656914472579956,False
2026,16,3,20,0.007614172529429197,0.3051857650279999,0.059847623109817505,0.3051857650279999,0.0,0.0,0.47465071082115173,0.47465071082115173,False
2026,16,4,20,0.007952352985739708,0.305071085691452,0.05579989030957222,0.305071085691452,0.0,0.0,0.4999999701976776,0.4999999701976776,False
2026,16,5,20,0.0077103516086936,0.3050958514213562,0.05145065113902092,0.3050958514213562,0.0,0.0,0.4967070519924164,0.4967070519924164,False
2026,16,6,20,0.006815648637712002,0.30534592270851135,0.04651595652103424,0.30534592270851135,0.0,0.0,0.501830518245697,0.501830518245697,False
2026,16,7,20,0.007406054064631462,0.3051362633705139,0.04323776438832283,0.3051362633705139,0.0,0.0,0.500654399394989,0.500654399394989,False
2026,16,8,20,0.006754792761057615,0.305325448513031,0.03899421915411949,0.3052656352519989,5.981326103210449e-05,0.00019590001856511387,0.5002201199531555,0.49718108773231506,True
2026,16,9,20,0.007293632719665766,0.3050897717475891,0.03589445725083351,0.3050897717475891,0.0,0.0,0.4925748407840729,0.4925748407840729,False
2026,16,10,20,0.006533462554216385,0.30529263615608215,0.031693022698163986,0.30529263615608215,0.0,0.0,0.48648351430892944,0.48648351430892944,False
2026,16,11,20,0.007039518095552921,0.3051029443740845,0.028914667665958405,0.3051029443740845,0.0,0.0,0.5,0.5,False
2026,16,12,20,0.006204289849847555,0.3053971529006958,0.02468569576740265,0.3053971529006958,0.0,0.0,0.49374517798423767,0.49374517798423767,False
2026,16,13,20,0.005761103238910437,0.30547985434532166,0.02128121256828308,0.30547985434532166,0.0,0.0,0.5032314658164978,0.5032314658164978,False
2026,16,14,20,0.0067982436157763,0.3050842583179474,0.01957271248102188,0.3050842583179474,0.0,0.0,0.5012694597244263,0.5012694597244263,False
2026,16,15,20,0.006576927378773689,0.3051403760910034,0.01651369035243988,0.3051403760910034,0.0,0.0,0.5082014799118042,0.5082014799118042,False
2026,16,16,20,0.007523073349148035,0.3048156499862671,0.014830909669399261,0.3048156499862671,0.0,0.0,0.5013555884361267,0.5013555884361267,False
2026,16,17,20,0.0066459691151976585,0.3050767481327057,0.011353395879268646,0.3050767481327057,0.0,0.0,0.5029772520065308,0.5029772520065308,False
2026,16,18,20,0.00575790461152792,0.30532902479171753,0.008032707497477531,0.30532902479171753,0.0,0.0,0.5219259858131409,0.5219259858131409,False
2026,16,19,20,0.00654293829575181,0.30506083369255066,0.00654293829575181,0.30506083369255066,0.0,0.0,0.5597953200340271,0.5597953200340271,False
2026,17,0,20,0.0068477424792945385,0.3912331461906433,0.14163587987422943,0.3912331461906433,0.0,0.0,1.800390601158142,1.800390601158142,False
2026,17,1,20,0.006887996569275856,0.39123427867889404,0.13481277227401733,0.39123427867889404,0.0,0.0,1.7868133783340454,1.7868133783340454,False
2026,17,2,20,0.006923395209014416,0.39122992753982544,0.12796537578105927,0.39122992753982544,0.0,0.0,1.7539392709732056,1.7539392709732056,False
2026,17,3,20,0.006951452698558569,0.39123454689979553,0.12105806916952133,0.39123454689979553,0.0,0.0,1.7221324443817139,1.7221324443817139,False
2026,17,4,20,0.006986966822296381,0.39123398065567017,0.1141306459903717,0.39123398065567017,0.0,0.0,1.6987757682800293,1.6987757682800293,False
2026,17,5,20,0.007024373393505812,0.39123228192329407,0.1071745753288269,0.39123228192329407,0.0,0.0,1.694200873374939,1.694200873374939,False
2026,17,6,20,0.007044852711260319,0.39123448729515076,0.10018206387758255,0.3912331759929657,1.3113021850585938e-06,3.3517039720205846e-06,1.6804425716400146,1.6671786308288574,True
2026,17,7,20,0.007079417817294598,0.39122962951660156,0.09317353367805481,0.39122962951660156,0.0,0.0,1.6681861877441406,1.6681861877441406,False
2026,17,8,20,0.007096816785633564,0.39123672246932983,0.08611247688531876,0.39123642444610596,2.980232238769531e-07,7.617465507735307e-07,1.6477669477462769,1.662116289138794,True
2026,17,9,20,0.007127947174012661,0.39123228192329407,0.0790553018450737,0.39123228192329407,0.0,0.0,1.6198675632476807,1.6198675632476807,False
2026,17,10,20,0.007149015087634325,0.39123407006263733,0.07195978611707687,0.39123407006263733,0.0,0.0,1.6536099910736084,1.6536099910736084,False
2026,17,11,20,0.007173989433795214,0.3912336826324463,0.0648484081029892,0.3912336826324463,0.0,0.0,1.6514812707901,1.6514812707901,False
2026,17,12,20,0.007196358870714903,0.39123278856277466,0.05771833658218384,0.39123278856277466,0.0,0.0,1.6673460006713867,1.6673460006713867,False
2026,17,13,20,0.007215176708996296,0.3912341594696045,0.05056469887495041,0.3912336826324463,4.76837158203125e-07,1.218802465637388e-06,1.67258620262146,1.6634315252304077,True
2026,17,14,20,0.007237308192998171,0.3912338316440582,0.043395090848207474,0.3912338316440582,0.0,0.0,1.662173867225647,1.662173867225647,False
2026,17,15,20,0.007257545366883278,0.39123377203941345,0.03620950132608414,0.39123377203941345,0.0,0.0,1.705515742301941,1.705515742301941,False
2026,17,16,20,0.00727683724835515,0.3912324011325836,0.029011959210038185,0.3912324011325836,0.0,0.0,1.7168498039245605,1.7168498039245605,False
2026,17,17,20,0.007313997950404882,0.39122405648231506,0.021817728877067566,0.39122405648231506,0.0,0.0,1.739063024520874,1.739063024520874,False
2026,17,18,20,0.007320269010961056,0.3912286162376404,0.014577105641365051,0.3912286162376404,0.0,0.0,1.773040533065796,1.773040533065796,False
2026,17,19,20,0.0073458305560052395,0.39122477173805237,0.0073458305560052395,0.39122477173805237,0.0,0.0,1.8126766681671143,1.8126766681671143,False
2026,18,0,20,0.008747722022235394,0.3227388560771942,0.16627828776836395,0.3227388560771942,0.0,0.0,0.7217490077018738,0.7217490077018738,False
2026,18,1,20,0.008765684440732002,0.32276248931884766,0.15820279717445374,0.32276248931884766,0.0,0.0,0.7283947467803955,0.7283947467803955,False
2026,18,2,20,0.008828430436551571,0.32276734709739685,0.15011121332645416,0.32276734709739685,0.0,0.0,0.6775446534156799,0.6775446534156799,False
2026,18,3,20,0.008757885545492172,0.3228234648704529,0.14179803431034088,0.3228234648704529,0.0,0.0,0.6492918729782104,0.6492918729782104,False
2026,18,4,20,0.008910313248634338,0.32277294993400574,0.13376323878765106,0.32277294993400574,0.0,0.0,0.6654312610626221,0.6654312610626221,False
2026,18,5,20,0.00891858246177435,0.3227899670600891,0.12547719478607178,0.3227899670600891,0.0,0.0,0.6689926981925964,0.6689926981925964,False
2026,18,6,20,0.008813896216452122,0.3228417932987213,0.11704815179109573,0.3228417932987213,0.0,0.0,0.6274242997169495,0.6274242997169495,False
2026,18,7,20,0.008767101913690567,0.3228730857372284,0.10865490883588791,0.3228730857372284,0.0,0.0,0.6631072163581848,0.6631072163581848,False
2026,18,8,20,0.008988883346319199,0.32280808687210083,0.10053804516792297,0.32280808687210083,0.0,0.0,0.6363614201545715,0.6363614201545715,False
2026,18,9,20,0.009029758162796497,0.3227947950363159,0.09224428236484528,0.3227947950363159,0.0,0.0,0.6529329419136047,0.6529329419136047,False
2026,18,10,20,0.0087460707873106,0.32290512323379517,0.08355656266212463,0.32290512323379517,0.0,0.0,0.6465782523155212,0.6465782523155212,False
2026,18,11,20,0.00885714404284954,0.3228677809238434,0.07531987875699997,0.3228677809238434,0.0,0.0,0.6739847660064697,0.6739847660064697,False
2026,18,12,20,0.00893134530633688,0.32284560799598694,0.06703486293554306,0.32284560799598694,0.0,0.0,0.695399820804596,0.695399820804596,False
2026,18,13,20,0.008962655439972878,0.32283660769462585,0.058711789548397064,0.32283660769462585,0.0,0.0,0.6821147203445435,0.6821147203445435,False
2026,18,14,20,0.0089817950502038,0.3228294849395752,0.050389911979436874,0.3228294849395752,0.0,0.0,0.6943767666816711,0.6943767666816711,False
2026,18,15,20,0.008937490172684193,0.3228360116481781,0.042036861181259155,0.3228360116481781,0.0,0.0,0.7049950957298279,0.7049950957298279,False
2026,18,16,20,0.008916695602238178,0.3228420615196228,0.033700112253427505,0.3228420615196228,0.0,0.0,0.7729472517967224,0.7729472517967224,False
2026,18,17,20,0.008753281086683273,0.3228965699672699,0.025232208892703056,0.3228965699672699,0.0,0.0,0.8110590577125549,0.8110590577125549,False
2026,18,18,20,0.00878459494560957,0.322878897190094,0.017010699957609177,0.322878897190094,0.0,0.0,0.8504420518875122,0.8504420518875122,False
2026,18,19,20,0.008777031674981117,0.3228738009929657,0.008777031674981117,0.3228738009929657,0.0,0.0,0.9054670333862305,0.9054670333862305,False
2026,19,0,20,0.2024984061717987,0.8983268737792969,-0.525848925113678,0.7739461064338684,0.12438076734542847,0.138458250527621,0.4999999701976776,0.4744291305541992,True
2026,19,1,20,0.20110544562339783,0.8943521976470947,-0.6665600538253784,0.7926557064056396,0.10169649124145508,0.11370966774499258,0.4984469413757324,0.4999999701976776,True
2026,19,2,20,0.19029192626476288,0.8785931468009949,-0.7732734084129333,0.7809218764305115,0.0976712703704834,0.11116780358020066,0.48747989535331726,0.4999999701976776,True
2026,19,3,20,0.15941166877746582,0.8604872226715088,-0.8981332778930664,0.7829837203025818,0.077503502368927,0.09006932389804233,0.4898253381252289,0.5,True
2026,19,4,20,0.11114603281021118,0.8517093062400818,-1.0239887237548828,0.7925097346305847,0.05919957160949707,0.06950678027792942,0.2499999850988388,0.25,True
2026,19,5,20,0.04985935240983963,0.8349834680557251,-1.1011110544204712,0.7824996113777161,0.05248385667800903,0.06285616264980515,0.25,0.49545273184776306,True
2026,19,6,20,-0.007097282912582159,0.8228875398635864,-1.1424052715301514,0.7784088253974915,0.04447871446609497,0.05405199655042583,0.5,0.5,True
2026,19,7,20,-0.04039469733834267,0.8028087615966797,-1.1172888278961182,0.7665954232215881,0.03621333837509155,0.04510829989332459,0.49459177255630493,0.46041184663772583,True
2026,19,8,20,-0.04468197748064995,0.7741946578025818,-1.059037446975708,0.769938051700592,0.004256606101989746,0.005498108336308326,0.49770674109458923,0.5,True
2026,19,9,20,-0.034872591495513916,0.77967369556427,-0.9733867049217224,0.77967369556427,0.0,0.0,0.5,0.5,False
2026,19,10,20,-0.018526175990700722,0.7729304432868958,-0.8496074080467224,0.7729304432868958,0.0,0.0,0.5,0.5,False
2026,19,11,20,-0.010786094702780247,0.7729052901268005,-0.7306287884712219,0.7729052901268005,0.0,0.0,0.49837660789489746,0.49837660789489746,False
2026,19,12,20,0.003608250292018056,0.767905056476593,-0.6084210276603699,0.767905056476593,0.0,0.0,0.4956187605857849,0.4956187605857849,False
2026,19,13,20,0.010048028081655502,0.7661840319633484,-0.4968451261520386,0.7661840319633484,0.0,0.0,0.5,0.5,False
2026,19,14,20,0.017185093834996223,0.7632538676261902,-0.39110833406448364,0.7632538676261902,0.0,0.0,0.5,0.5,False
2026,19,15,20,0.01524039264768362,0.7650033831596375,-0.2989520728588104,0.7650033831596375,0.0,0.0,0.49696701765060425,0.49696701765060425,False
2026,19,16,20,0.011710457503795624,0.7674626111984253,-0.21474601328372955,0.7674626111984253,0.0,0.0,0.5036869645118713,0.5036869645118713,False
2026,19,17,20,0.012689780443906784,0.7668495178222656,-0.13298755884170532,0.7668495178222656,0.0,0.0,0.494505912065506,0.494505912065506,False
2026,19,18,20,0.016078323125839233,0.7641907930374146,-0.05440332740545273,0.7641907930374146,0.0,0.0,0.505091667175293,0.505091667175293,False
2026,19,19,20,0.02662154845893383,0.755691647529602,0.02662154845893383,0.755691647529602,0.0,0.0,0.5107448697090149,0.5107448697090149,False
2026,20,0,20,0.013308911584317684,0.21423698961734772,0.03270548954606056,0.21309730410575867,0.0011396855115890503,0.005319741999851014,0.2499999850988388,0.4929876923561096,True
2026,20,1,20,0.012762943282723427,0.21432502567768097,0.020359352231025696,0.21319380402565002,0.0011312216520309448,0.005278066098226747,0.47923821210861206,0.5,True
2026,20,2,20,0.01220925897359848,0.21424628794193268,0.006730187684297562,0.213733971118927,0.0005123168230056763,0.002391251806166788,0.4981299638748169,0.49529799818992615,True
2026,20,3,20,0.01162734255194664,0.2141188532114029,-0.00038057658821344376,0.21307188272476196,0.0010469704866409302,0.00488966978357221,0.25,0.496801495552063,True
2026,20,4,20,0.01103447936475277,0.2138250768184662,-0.010493210516870022,0.21325808763504028,0.0005669891834259033,0.0026516496187548077,0.5,0.5,True
2026,20,5,20,0.010357263498008251,0.21368302404880524,-0.017420675605535507,0.21299056708812714,0.0006924569606781006,0.003240580124511638,0.5,0.4882126450538635,True
2026,20,6,20,0.009675337933003902,0.21360860764980316,-0.024300210177898407,0.2129538655281067,0.0006547421216964722,0.003065148586005848,0.5,0.5,True
2026,20,7,20,0.008954313583672047,0.21356306970119476,-0.030934175476431847,0.21311968564987183,0.000443384051322937,0.002076126981801182,0.49826446175575256,0.5000000596046448,True
2026,20,8,20,0.00809762068092823,0.21352137625217438,-0.03478147089481354,0.21295787394046783,0.000563502311706543,0.00263909085636949,0.5,0.5,True
2026,20,9,20,0.006701554171741009,0.21384510397911072,-0.03790422901511192,0.21291691064834595,0.0009281933307647705,0.004340493719488851,0.47703567147254944,0.5,True
2026,20,10,20,0.006693273317068815,0.21315471827983856,-0.041011273860931396,0.21315471827983856,0.0,0.0,0.5,0.5,False
2026,20,11,20,0.006023418623954058,0.2131049931049347,-0.04142586141824722,0.2131049931049347,0.0,0.0,0.5,0.5,False
2026,20,12,20,0.005244733300060034,0.21301141381263733,-0.039997272193431854,0.21295066177845,6.0752034187316895e-05,0.0002852055347642252,0.4999999701976776,0.4999999701976776,True
2026,20,13,20,0.004521928261965513,0.21313686668872833,-0.038821082562208176,0.21313686668872833,0.0,0.0,0.4999999701976776,0.4999999701976776,False
2026,20,14,20,0.003605012781918049,0.21287386119365692,-0.03420470282435417,0.21287386119365692,0.0,0.0,0.5,0.5,False
2026,20,15,20,0.00297325337305665,0.2131470888853073,-0.030805520713329315,0.2131470888853073,0.0,0.0,0.5,0.5,False
2026,20,16,20,0.0008220316958613694,0.21352660655975342,-0.026640107855200768,0.21352660655975342,0.0,0.0,0.5,0.5,False
2026,20,17,20,0.0022485728841274977,0.21282178163528442,-0.016174744814634323,0.21282178163528442,0.0,0.0,0.5,0.5,False
2026,20,18,20,-0.00010204013960901648,0.21333329379558563,-0.010259624570608139,0.21333329379558563,0.0,0.0,0.5000000596046448,0.5000000596046448,False
2026,20,19,20,-0.0004384794447105378,0.21324549615383148,-0.0004384794447105378,0.21324549615383148,0.0,0.0,0.5,0.5,False
2026,21,0,20,0.006557396147400141,0.430489718914032,0.12298853695392609,0.4304889738559723,7.450580596923828e-07,1.7307220752493035e-06,2.528043508529663,2.510633945465088,True
2026,21,1,20,0.006589135155081749,0.43049442768096924,0.11707239598035812,0.43049317598342896,1.2516975402832031e-06,2.9075812828193235e-06,2.4925191402435303,2.471228837966919,True
2026,21,2,20,0.006622412241995335,0.4304978549480438,0.1111316978931427,0.4304965138435364,1.341104507446289e-06,3.1152408590006682e-06,2.466923475265503,2.4575510025024414,True
2026,21,3,20,0.00665829423815012,0.4304986894130707,0.105167917907238,0.4304986894130707,0.0,0.0,2.43369460105896,2.43369460105896,False
2026,21,4,20,0.006687186658382416,0.43050432205200195,0.09917579591274261,0.4305028021335602,1.519918441772461e-06,3.5305532695415432e-06,2.383742570877075,2.386838912963867,True
2026,21,5,20,0.006721408572047949,0.430505633354187,0.09316401183605194,0.430505633354187,0.0,0.0,2.369241714477539,2.369241714477539,False
2026,21,6,20,0.00675183953717351,0.4305093288421631,0.08713138848543167,0.4305080771446228,1.2516975402832031e-06,2.90748064310149e-06,2.358538866043091,2.353043556213379,True
2026,21,7,20,0.006784519646316767,0.4305106997489929,0.08107764273881912,0.4305106997489929,0.0,0.0,2.3396759033203125,2.3396759033203125,False
2026,21,8,20,0.006808319129049778,0.4305149018764496,0.0750008299946785,0.4305149018764496,0.0,0.0,2.3138160705566406,2.3138160705566406,False
2026,21,9,20,0.006832946091890335,0.43052053451538086,0.06890349835157394,0.4305194616317749,1.0728836059570312e-06,2.4920613999625637e-06,2.3115899562835693,2.2802655696868896,True
2026,21,10,20,0.0068687014281749725,0.4305189549922943,0.06280071288347244,0.4305189549922943,0.0,0.0,2.26815128326416,2.26815128326416,False
2026,21,11,20,0.006898298393934965,0.43052226305007935,0.05667150765657425,0.43052226305007935,0.0,0.0,2.2901344299316406,2.2901344299316406,False
2026,21,12,20,0.006924462970346212,0.430525004863739,0.05052690580487251,0.430525004863739,0.0,0.0,2.2827906608581543,2.2827906608581543,False
2026,21,13,20,0.006944115739315748,0.43053048849105835,0.04436039179563522,0.43053048849105835,0.0,0.0,2.249986410140991,2.249986410140991,False
2026,21,14,20,0.006973830051720142,0.4305312931537628,0.03818948194384575,0.4305312931537628,0.0,0.0,2.284682512283325,2.284682512283325,False
2026,21,15,20,0.007004489656537771,0.43053293228149414,0.03200186416506767,0.43053293228149414,0.0,0.0,2.280564546585083,2.280564546585083,False
2026,21,16,20,0.007029705215245485,0.43053528666496277,0.02579849772155285,0.43053528666496277,0.0,0.0,2.293419599533081,2.293419599533081,False
2026,21,17,20,0.00705669354647398,0.4305379092693329,0.019581029191613197,0.4305379092693329,0.0,0.0,2.30711030960083,2.30711030960083,False
2026,21,18,20,0.007093269843608141,0.4305357336997986,0.013361657038331032,0.4305357336997986,0.0,0.0,2.3597185611724854,2.3597185611724854,False
2026,21,19,20,0.007114693988114595,0.4305400848388672,0.007114693988114595,0.4305400848388672,0.0,0.0,2.375617742538452,2.375617742538452,False
2026,22,0,20,0.011780992150306702,0.22295618057250977,0.007993219420313835,0.22241322696208954,0.000542953610420227,0.0024352480789096033,0.4999999701976776,0.4829457104206085,True
2026,22,1,20,0.011562895029783249,0.22292810678482056,-0.0016446392983198166,0.22251002490520477,0.0004180818796157837,0.0018754112509434876,0.49235057830810547,0.492969274520874,True
2026,22,2,20,0.010906320065259933,0.22265972197055817,-0.010750840418040752,0.22265972197055817,0.0,0.0,0.4999999403953552,0.4999999403953552,False
2026,22,3,20,0.010663969442248344,0.2229401022195816,-0.016553211957216263,0.22226034104824066,0.0006797611713409424,0.0030490753550988397,0.5,0.4922615587711334,True
2026,22,4,20,0.01009484101086855,0.22296012938022614,-0.023330342024564743,0.22227773070335388,0.0006823986768722534,0.0030606309691744104,0.25,0.4898642599582672,True
2026,22,5,20,0.009769786149263382,0.22259889543056488,-0.02866280823945999,0.22218644618988037,0.0004124492406845093,0.0018528808954182986,0.5,0.49436283111572266,True
2026,22,6,20,0.009326761588454247,0.2226410061120987,-0.033886928111314774,0.2222941517829895,0.0003468543291091919,0.001557908559461649,0.5,0.4999999701976776,True
2026,22,7,20,0.00870369840413332,0.22235731780529022,-0.03755392134189606,0.22228774428367615,6.957352161407471e-05,0.00031289063162291594,0.5,0.5,True
2026,22,8,20,0.007951810956001282,0.22268405556678772,-0.04191111773252487,0.22267372906208038,1.0326504707336426e-05,4.637289670808643e-05,0.4999999701976776,0.4999999701976776,True
2026,22,9,20,0.0076761008240282536,0.22232839465141296,-0.04188612103462219,0.22232839465141296,0.0,0.0,0.4898586869239807,0.4898586869239807,False
2026,22,10,20,0.005205709487199783,0.22315193712711334,-0.04600359871983528,0.22315193712711334,0.0,0.0,0.5,0.5,False
2026,22,11,20,0.004711303859949112,0.22303783893585205,-0.04480207711458206,0.22303783893585205,0.0,0.0,0.5,0.5,False
2026,22,12,20,0.005220537539571524,0.22262054681777954,-0.04113294184207916,0.22262054681777954,0.0,0.0,0.5,0.5,False
2026,22,13,20,0.005622949916869402,0.22210384905338287,-0.03591896966099739,0.22210384905338287,0.0,0.0,0.5,0.5,False
2026,22,14,20,0.005028053652495146,0.22204528748989105,-0.03169374540448189,0.22204528748989105,0.0,0.0,0.5,0.5,False
2026,22,15,20,0.00466562993824482,0.22209104895591736,-0.026739947497844696,0.2220570147037506,3.403425216674805e-05,0.00015324459192186298,0.5,0.5,True
2026,22,16,20,0.00318146706558764,0.22240209579467773,-0.022277317941188812,0.22240209579467773,0.0,0.0,0.4999999701976776,0.4999999701976776,False
2026,22,17,20,0.0037907653022557497,0.22205263376235962,-0.013719908893108368,0.22205263376235962,0.0,0.0,0.49158039689064026,0.49158039689064026,False
2026,22,18,20,-0.001049290644004941,0.2231025993824005,-0.010527724400162697,0.2231025993824005,0.0,0.0,0.5,0.5,False
2026,22,19,20,0.0024503939785063267,0.22216887772083282,0.0024503939785063267,0.22216887772083282,0.0,0.0,0.48044106364250183,0.48044106364250183,False
2026,23,0,20,0.004604527726769447,0.2775399684906006,-0.051788389682769775,0.2775399684906006,0.0,0.0,0.5,0.5,False
2026,23,1,20,0.004950836766511202,0.27676403522491455,-0.05049951747059822,0.27676403522491455,0.0,0.0,0.5,0.5,False
2026,23,2,20,0.0039375415071845055,0.2776432931423187,-0.0546734593808651,0.2776432931423187,0.0,0.0,0.5,0.5,False
2026,23,3,20,0.0032213942613452673,0.2778001129627228,-0.05573872849345207,0.2778001129627228,0.0,0.0,0.5,0.5,False
2026,23,4,20,0.0020988062024116516,0.2780987024307251,-0.05681859329342842,0.2780987024307251,0.0,0.0,0.5,0.5,False
2026,23,5,20,0.0028334720991551876,0.2776605784893036,-0.05475754663348198,0.2776605784893036,0.0,0.0,0.4877670407295227,0.4877670407295227,False
2026,23,6,20,0.0010296186665073037,0.27820679545402527,-0.0557529553771019,0.27820679545402527,0.0,0.0,0.5,0.5,False
2026,23,7,20,0.000810357101727277,0.2781268358230591,-0.05401770770549774,0.2781268358230591,0.0,0.0,0.5,0.5,False
2026,23,8,20,0.002279256470501423,0.27749115228652954,-0.04981091618537903,0.27749115228652954,0.0,0.0,0.5,0.5,False
2026,23,9,20,0.0014134879456833005,0.2776714861392975,-0.048080429434776306,0.2776714861392975,0.0,0.0,0.49141913652420044,0.49141913652420044,False
2026,23,10,20,0.0010753532405942678,0.2776831090450287,-0.0452905148267746,0.2776831090450287,0.0,0.0,0.4999999701976776,0.4999999701976776,False
2026,23,11,20,0.0007035128073766828,0.2776903808116913,-0.042045287787914276,0.2776903808116913,0.0,0.0,0.4999999403953552,0.4999999403953552,False
2026,23,12,20,0.0039009652100503445,0.2764964699745178,-0.034037090837955475,0.2764964699745178,0.0,0.0,0.5,0.5,False
2026,23,13,20,0.0004145932325627655,0.2775819003582001,-0.03384082019329071,0.2775819003582001,0.0,0.0,0.5,0.5,False
2026,23,14,20,0.0012243161909282207,0.27725356817245483,-0.028142698109149933,0.27725356817245483,0.0,0.0,0.4999999701976776,0.4999999701976776,False
2026,23,15,20,0.0002713535795919597,0.2774519920349121,-0.023958101868629456,0.2774519920349121,0.0,0.0,0.462213397026062,0.462213397026062,False
2026,23,16,20,-0.001801560167223215,0.2779689431190491,-0.02054969221353531,0.2779689431190491,0.0,0.0,0.5,0.5,False
2026,23,17,20,0.0034717267844825983,0.2763560116291046,-0.009106040932238102,0.2763560116291046,0.0,0.0,0.5,0.5,False
2026,23,18,20,-0.0001906225661514327,0.2773498594760895,-0.0067336647771298885,0.2773498594760895,0.0,0.0,0.4902936816215515,0.4902936816215515,False
2026,23,19,20,-0.003923958633095026,0.2783146798610687,-0.003923958633095026,0.2783146798610687,0.0,0.0,0.5,0.5,False
