Seed,Method,Steps,Relative L2,PDE residual norm,BC error,IC error,wall time,solver steps,action norm,return,paired improvement,Case
42,Base FNO Initializer,1,0.31183716654777527,69.8258056640625,0.0,0.0,2.100015990436077e-06,0,0.0,0.0,0.0,0
42,Supervised Latent Neural Operator Corrector,1,0.30458128452301025,60.62050247192383,0.0,0.0,0.013385099999140948,1,0.0060538300313055515,0.023543082177639008,0.007255882024765015,0
42,TD3+BC,1,0.30458128452301025,60.62050247192383,0.0,0.0,0.020399199973326176,1,0.0060538300313055515,0.023543082177639008,0.007255882024765015,0
42,Best Actual RL Policy,1,0.30095523595809937,60.67498779296875,0.0,0.0,0.020247199980076402,1,0.008333612233400345,0.03551957383751869,0.010881930589675903,0
42,Selected Production Policy,1,0.30458128452301025,60.62050247192383,0.0,0.0,0.021402199985459447,1,0.0060538300313055515,0.023543082177639008,0.007255882024765015,0
42,Gradient baseline,1,0.3105761706829071,80.59046936035156,0.0,0.0,0.010345100017730147,1,0.008338740095496178,0.004051893949508667,0.001260995864868164,0
42,PINN-style baseline,1,0.3118172287940979,69.67767333984375,0.0,0.0,0.10069619998103008,1,6.511402898468077e-05,6.389413465512916e-05,1.9937753677368164e-05,0
42,Base FNO Initializer,1,0.6176638603210449,4549.3076171875,0.0,0.17247915267944336,1.9000144675374031e-06,0,0.0,0.0,0.0,1
42,Supervised Latent Neural Operator Corrector,1,0.6171790957450867,4400.31201171875,0.0,0.17247915267944336,0.013677400012966245,1,0.007937987335026264,0.0007851301925256848,0.00048476457595825195,1
42,TD3+BC,1,0.6171790957450867,4400.31201171875,0.0,0.17247915267944336,0.020686700008809566,1,0.007937987335026264,0.0007851301925256848,0.00048476457595825195,1
42,Best Actual RL Policy,1,0.6171954274177551,4402.7998046875,0.0,0.17247915267944336,0.021273399994242936,1,0.008609304204583168,0.0007586805731989443,0.0004684329032897949,1
42,Selected Production Policy,1,0.6171790957450867,4400.31201171875,0.0,0.17247915267944336,0.020419799955561757,1,0.007937987335026264,0.0007851301925256848,0.00048476457595825195,1
42,Gradient baseline,1,0.6177433133125305,4354.79931640625,0.0,0.17247915267944336,0.007940599985886365,1,0.008382326923310757,-0.0001286702317884192,-7.94529914855957e-05,1
42,PINN-style baseline,1,0.6176668405532837,4548.26171875,0.0,0.17247915267944336,0.02076599997235462,1,6.583437061635777e-05,-4.827990323974518e-06,-2.9802322387695312e-06,1
42,Base FNO Initializer,1,0.5489823222160339,3465.302490234375,0.0,0.0,1.600012183189392e-06,0,0.0,0.0,0.0,2
42,Supervised Latent Neural Operator Corrector,1,0.5486204624176025,3319.44775390625,0.0,0.0,0.013478800014127046,1,0.008840354159474373,0.0006593285361304879,0.0003618597984313965,2
42,TD3+BC,1,0.5486204624176025,3319.44775390625,0.0,0.0,0.021196599991526455,1,0.008840354159474373,0.0006593285361304879,0.0003618597984313965,2
42,Best Actual RL Policy,1,0.5486319065093994,3319.796142578125,0.0,0.0,0.028253700002096593,1,0.008565657772123814,0.0006384828011505306,0.0003504157066345215,2
42,Selected Production Policy,1,0.5486204624176025,3319.44775390625,0.0,0.0,0.020407299976795912,1,0.008840354159474373,0.0006593285361304879,0.0003618597984313965,2
42,Gradient baseline,1,0.5490643382072449,3279.98046875,0.0,0.0,0.00797540001804009,1,0.008261502720415592,-0.00014941452536731958,-8.20159912109375e-05,2
42,PINN-style baseline,1,0.5489853620529175,3464.289306640625,0.0,0.0,0.02154239994706586,1,6.583167851204053e-05,-5.543249699258013e-06,-3.039836883544922e-06,2
42,Base FNO Initializer,1,0.3147924244403839,358.86572265625,0.0,0.0,1.700012944638729e-06,0,0.0,0.0,0.0,3
42,Supervised Latent Neural Operator Corrector,1,0.31100693345069885,322.70611572265625,0.0,0.0,0.01500579999992624,1,0.008794181980192661,0.012098225764930248,0.0037854909896850586,3
42,TD3+BC,1,0.31100693345069885,322.70611572265625,0.0,0.0,0.021179199975449592,1,0.008794181980192661,0.012098225764930248,0.0037854909896850586,3
42,Best Actual RL Policy,1,0.31125494837760925,322.68585205078125,0.0,0.0,0.020525800005998462,1,0.009115065447986126,0.011301035061478615,0.003537476062774658,3
42,Selected Production Policy,1,0.31100693345069885,322.70611572265625,0.0,0.0,0.021281200053635985,1,0.008794181980192661,0.012098225764930248,0.0037854909896850586,3
42,Gradient baseline,1,0.31411898136138916,325.81787109375,0.0,0.0,0.008080200001131743,1,0.00857545342296362,0.0021415282972157,0.000673443078994751,3
42,PINN-style baseline,1,0.3147866427898407,358.5241394042969,0.0,0.0,0.021337400015909225,1,6.549702084157616e-05,1.835805960581638e-05,5.781650543212891e-06,3
42,Base FNO Initializer,1,0.4535945653915405,2594.45703125,0.0,0.0,1.700012944638729e-06,0,0.0,0.0,0.0,4
42,Supervised Latent Neural Operator Corrector,1,0.453127920627594,2462.91552734375,0.0,0.0,0.01354919996811077,1,0.009670881554484367,0.0010292723309248686,0.0004666447639465332,4
42,TD3+BC,1,0.453127920627594,2462.91552734375,0.0,0.0,0.02114679996157065,1,0.009670881554484367,0.0010292723309248686,0.0004666447639465332,4
42,Best Actual RL Policy,1,0.4530646800994873,2462.42822265625,0.0,0.0,0.021038400009274483,1,0.008932783268392086,0.001168839051388204,0.0005298852920532227,4
42,Selected Production Policy,1,0.453127920627594,2462.91552734375,0.0,0.0,0.008917399973142892,1,0.009670881554484367,0.0010292723309248686,0.0004666447639465332,4
42,Gradient baseline,1,0.4536506235599518,2428.4765625,0.0,0.0,0.005973100021947175,1,0.008357657119631767,-0.00012360299297142774,-5.605816841125488e-05,4
42,PINN-style baseline,1,0.45359718799591064,2593.51220703125,0.0,0.0,0.02108450001105666,1,6.58913777442649e-05,-5.781669642601628e-06,-2.6226043701171875e-06,4
42,Base FNO Initializer,1,0.31148627400398254,1184.1424560546875,0.0,0.0,1.700012944638729e-06,0,0.0,0.0,0.0,5
42,Supervised Latent Neural Operator Corrector,1,0.31002259254455566,1102.5499267578125,0.0,0.0,0.01347220002207905,1,0.009615893475711346,0.004710008855909109,0.0014636814594268799,5
42,TD3+BC,1,0.31002259254455566,1102.5499267578125,0.0,0.0,0.022123900009319186,1,0.009615893475711346,0.004710008855909109,0.0014636814594268799,5
42,Best Actual RL Policy,1,0.3100057542324066,1102.404541015625,0.0,0.0,0.020791599992662668,1,0.009704669006168842,0.004764347802847624,0.0014805197715759277,5
42,Selected Production Policy,1,0.31002259254455566,1102.5499267578125,0.0,0.0,0.02555030002258718,1,0.009615893475711346,0.004710008855909109,0.0014636814594268799,5
42,Gradient baseline,1,0.31134065985679626,1085.1226806640625,0.0,0.0,0.007861700025387108,1,0.008529886603355408,0.00046751234913244843,0.0001456141471862793,5
42,PINN-style baseline,1,0.3114874064922333,1183.5062255859375,0.0,0.0,0.020894400018732995,1,6.574905273737386e-05,-3.6358921988721704e-06,-1.1324882507324219e-06,5
42,Base FNO Initializer,1,0.32978054881095886,1476.568359375,0.0,0.0,1.9000144675374031e-06,0,0.0,0.0,0.0,6
42,Supervised Latent Neural Operator Corrector,1,0.3286934792995453,1381.6553955078125,0.0,0.0,0.014548900013323873,1,0.009721674025058746,0.0033017192035913467,0.0010870695114135742,6
42,TD3+BC,1,0.3286934792995453,1381.6553955078125,0.0,0.0,0.02112630003830418,1,0.009721674025058746,0.0033017192035913467,0.0010870695114135742,6
42,Best Actual RL Policy,1,0.328630268573761,1381.380859375,0.0,0.0,0.020559399970807135,1,0.009538794867694378,0.003494066186249256,0.001150280237197876,6
42,Selected Production Policy,1,0.3286934792995453,1381.6553955078125,0.0,0.0,0.021202200034167618,1,0.009721674025058746,0.0033017192035913467,0.0010870695114135742,6
42,Gradient baseline,1,0.3297058641910553,1359.4967041015625,0.0,0.0,0.008735699986573309,1,0.008517172187566757,0.00022643573174718767,7.468461990356445e-05,6
42,PINN-style baseline,1,0.32978197932243347,1475.8487548828125,0.0,0.0,0.02165680000325665,1,6.569881952600554e-05,-4.351150892034639e-06,-1.430511474609375e-06,6
42,Base FNO Initializer,1,0.3222508132457733,219.30593872070312,0.0,0.0,1.6999547369778156e-06,0,0.0,0.0,0.0,7
42,Supervised Latent Neural Operator Corrector,1,0.31734785437583923,194.7304229736328,0.0,0.0,0.013302600011229515,1,0.008218653500080109,0.01533159613609314,0.004902958869934082,7
42,TD3+BC,1,0.31734785437583923,194.7304229736328,0.0,0.0,0.02086669998243451,1,0.008218653500080109,0.01533159613609314,0.004902958869934082,7
42,Best Actual RL Policy,1,0.3168179988861084,195.11761474609375,0.0,0.0,0.021964999963529408,1,0.00804404728114605,0.017002617940306664,0.005432814359664917,7
42,Selected Production Policy,1,0.31734785437583923,194.7304229736328,0.0,0.0,0.021262999973259866,1,0.008218653500080109,0.01533159613609314,0.004902958869934082,7
42,Gradient baseline,1,0.321349561214447,203.36373901367188,0.0,0.0,0.008474499976728112,1,0.008478891104459763,0.00280067534185946,0.0009012520313262939,7
42,PINN-style baseline,1,0.32224345207214355,219.04164123535156,0.0,0.0,0.024826099979691207,1,6.551196565851569e-05,2.2887919840286486e-05,7.361173629760742e-06,7
42,Base FNO Initializer,1,0.388803094625473,2071.488037109375,0.0,0.0,2.00001522898674e-06,0,0.0,0.0,0.0,8
42,Supervised Latent Neural Operator Corrector,1,0.3881436288356781,1954.2596435546875,0.0,0.0,0.013587499968707561,1,0.009780441410839558,0.0016974813770502806,0.0006594657897949219,8
42,TD3+BC,1,0.3881436288356781,1954.2596435546875,0.0,0.0,0.02035439998144284,1,0.009780441410839558,0.0016974813770502806,0.0006594657897949219,8
42,Best Actual RL Policy,1,0.38806769251823425,1953.724365234375,0.0,0.0,0.022866399958729744,1,0.009194403886795044,0.0018932344391942024,0.0007354021072387695,8
42,Selected Production Policy,1,0.3881436288356781,1954.2596435546875,0.0,0.0,0.021556499996222556,1,0.009780441410839558,0.0016974813770502806,0.0006594657897949219,8
42,Gradient baseline,1,0.3888186812400818,1923.914794921875,0.0,0.0,0.008131599985063076,1,0.00846286304295063,-4.015053855255246e-05,-1.558661460876465e-05,8
42,PINN-style baseline,1,0.38880598545074463,2070.630615234375,0.0,0.0,0.021209900034591556,1,6.586487870663404e-05,-7.450610610248987e-06,-2.8908252716064453e-06,8
42,Base FNO Initializer,1,0.3032393157482147,643.044921875,0.0,0.0,1.8999562598764896e-06,0,0.0,0.0,0.0,9
42,Supervised Latent Neural Operator Corrector,1,0.3006190061569214,588.7991943359375,0.0,0.0,0.01270790002308786,1,0.009246970526874065,0.00867853406816721,0.002620309591293335,9
42,TD3+BC,1,0.3006190061569214,588.7991943359375,0.0,0.0,0.008575099986046553,1,0.009246970526874065,0.00867853406816721,0.002620309591293335,9
42,Best Actual RL Policy,1,0.30088382959365845,588.7132568359375,0.0,0.0,0.011606000014580786,1,0.009853757917881012,0.007798060309141874,0.0023554861545562744,9
42,Selected Production Policy,1,0.3006190061569214,588.7991943359375,0.0,0.0,0.01303949998691678,1,0.009246970526874065,0.00867853406816721,0.002620309591293335,9
42,Gradient baseline,1,0.3028368055820465,583.3755493164062,0.0,0.0,0.004002200032118708,1,0.008610369637608528,0.0013282640138641,0.0004025101661682129,9
42,PINN-style baseline,1,0.3032377362251282,642.5797729492188,0.0,0.0,0.017843299952801317,1,6.569886318175122e-05,5.245192824077094e-06,1.5795230865478516e-06,9
42,Base FNO Initializer,1,0.3444646894931793,1651.44091796875,0.0,0.0,1.500011421740055e-06,0,0.0,0.0,0.0,10
42,Supervised Latent Neural Operator Corrector,1,0.3435403108596802,1549.337890625,0.0,0.0,0.013424700009636581,1,0.009761910885572433,0.0026871305890381336,0.0009243786334991455,10
42,TD3+BC,1,0.3435403108596802,1549.337890625,0.0,0.0,0.02064609999069944,1,0.009761910885572433,0.0026871305890381336,0.0009243786334991455,10
42,Best Actual RL Policy,1,0.34346720576286316,1548.9759521484375,0.0,0.0,0.021816199994646013,1,0.0094393789768219,0.002899923361837864,0.0009974837303161621,10
42,Selected Production Policy,1,0.3435403108596802,1549.337890625,0.0,0.0,0.02068930002860725,1,0.009761910885572433,0.0026871305890381336,0.0009243786334991455,10
42,Gradient baseline,1,0.34442102909088135,1524.4368896484375,0.0,0.0,0.007965000055264682,1,0.008502066135406494,0.00012667529517784715,4.366040229797363e-05,10
42,PINN-style baseline,1,0.3444671034812927,1650.675537109375,0.0,0.0,0.02082840004004538,1,6.57495838822797e-05,-7.033374913589796e-06,-2.4139881134033203e-06,10
42,Base FNO Initializer,1,0.5849906802177429,3960.756103515625,0.0,0.010925320908427238,2.1999585442245007e-06,0,0.0,0.0,0.0,11
42,Supervised Latent Neural Operator Corrector,1,0.5845732092857361,3813.072998046875,0.0,0.010925320908427238,0.013320799975190312,1,0.008372430689632893,0.0007138929213397205,0.00041747093200683594,11
42,TD3+BC,1,0.5845732092857361,3813.072998046875,0.0,0.010925320908427238,0.021048200025688857,1,0.008372430689632893,0.0007138929213397205,0.00041747093200683594,11
42,Best Actual RL Policy,1,0.5846002101898193,3814.35498046875,0.0,0.010925320908427238,0.020571700006257743,1,0.008542846888303757,0.0006676701596006751,0.000390470027923584,11
42,Selected Production Policy,1,0.5845732092857361,3813.072998046875,0.0,0.010925320908427238,0.022227299981750548,1,0.008372430689632893,0.0007138929213397205,0.00041747093200683594,11
42,Gradient baseline,1,0.5850707292556763,3771.021728515625,0.0,0.010925320908427238,0.007935100002214313,1,0.008427336812019348,-0.00013683752331417054,-8.004903793334961e-05,11
42,PINN-style baseline,1,0.5849933624267578,3959.725341796875,0.0,0.010925320908427238,0.021557900006882846,1,6.579694309039041e-05,-4.589570380630903e-06,-2.682209014892578e-06,11
42,Base FNO Initializer,1,0.3044051229953766,595.3018798828125,0.0,0.0,1.6999547369778156e-06,0,0.0,0.0,0.0,12
42,Supervised Latent Neural Operator Corrector,1,0.3016345500946045,543.7535400390625,0.0,0.0,0.013963500037789345,1,0.009191992692649364,0.009143225848674774,0.0027705729007720947,12
42,TD3+BC,1,0.3016345500946045,543.7535400390625,0.0,0.0,0.021252900012768805,1,0.009191992692649364,0.009143225848674774,0.0027705729007720947,12
42,Best Actual RL Policy,1,0.30193206667900085,543.654296875,0.0,0.0,0.02031880000140518,1,0.00981209147721529,0.008157340809702873,0.0024730563163757324,12
42,Selected Production Policy,1,0.3016345500946045,543.7535400390625,0.0,0.0,0.020449500007089227,1,0.009191992692649364,0.009143225848674774,0.0027705729007720947,12
42,Gradient baseline,1,0.303963840007782,539.5504760742188,0.0,0.0,0.007930499967187643,1,0.008618354797363281,0.0014506408479064703,0.0004412829875946045,12
42,PINN-style baseline,1,0.30440255999565125,594.8549194335938,0.0,0.0,0.020264699996914715,1,6.569985998794436e-05,8.463822268822696e-06,2.562999725341797e-06,12
42,Base FNO Initializer,1,0.5462764501571655,3434.9931640625,0.0,0.0,1.700012944638729e-06,0,0.0,0.0,0.0,13
42,Supervised Latent Neural Operator Corrector,1,0.5459129810333252,3289.531494140625,0.0,0.0,0.013395400019362569,1,0.008877064101397991,0.0006655229371972382,0.00036346912384033203,13
42,TD3+BC,1,0.5459129810333252,3289.531494140625,0.0,0.0,0.02323609997984022,1,0.008877064101397991,0.0006655229371972382,0.00036346912384033203,13
42,Best Actual RL Policy,1,0.5459215641021729,3289.843017578125,0.0,0.0,0.021423000027425587,1,0.008576015941798687,0.0006498002912849188,0.0003548860549926758,13
42,Selected Production Policy,1,0.5459129810333252,3289.531494140625,0.0,0.0,0.02029039995977655,1,0.008877064101397991,0.0006655229371972382,0.00036346912384033203,13
42,Gradient baseline,1,0.5463581681251526,3250.23046875,0.0,0.0,0.008178999996744096,1,0.00827038660645485,-0.00014959344116505235,-8.171796798706055e-05,13
42,PINN-style baseline,1,0.5462790727615356,3433.983154296875,0.0,0.0,0.021101399965118617,1,6.586734525626525e-05,-4.827990323974518e-06,-2.6226043701171875e-06,13
42,Base FNO Initializer,1,0.30238786339759827,692.24951171875,0.0,0.0,9.359995601698756e-05,0,0.0,0.0,0.0,14
42,Supervised Latent Neural Operator Corrector,1,0.2999098002910614,635.29052734375,0.0,0.0,0.013329000037629157,1,0.00930011086165905,0.00822876114398241,0.0024780631065368652,14
42,TD3+BC,1,0.2999098002910614,635.29052734375,0.0,0.0,0.020402299996931106,1,0.00930011086165905,0.00822876114398241,0.0024780631065368652,14
42,Best Actual RL Policy,1,0.3001384735107422,635.2146606445312,0.0,0.0,0.020424499991349876,1,0.009876524098217487,0.007466456852853298,0.002249389886856079,14
42,Selected Production Policy,1,0.2999098002910614,635.29052734375,0.0,0.0,0.021387999993748963,1,0.00930011086165905,0.00822876114398241,0.0024780631065368652,14
42,Gradient baseline,1,0.3020187020301819,628.4342651367188,0.0,0.0,0.009162399976048619,1,0.008598384447395802,0.0012215885799378157,0.00036916136741638184,14
42,PINN-style baseline,1,0.30238649249076843,691.7671508789062,0.0,0.0,0.02051110001048073,1,6.557514279847965e-05,4.529940270003863e-06,1.3709068298339844e-06,14
42,Base FNO Initializer,1,0.5435420870780945,3405.65576171875,0.0,0.0,1.700012944638729e-06,0,0.0,0.0,0.0,15
42,Supervised Latent Neural Operator Corrector,1,0.5431793332099915,3260.503662109375,0.0,0.0,0.015161599963903427,1,0.008912998251616955,0.0006675478653050959,0.00036275386810302734,15
42,TD3+BC,1,0.5431793332099915,3260.503662109375,0.0,0.0,0.020820500038098544,1,0.008912998251616955,0.0006675478653050959,0.00036275386810302734,15
42,Best Actual RL Policy,1,0.5431853532791138,3260.80078125,0.0,0.0,0.020141500048339367,1,0.008585340343415737,0.0006564715877175331,0.0003567337989807129,15
42,Selected Production Policy,1,0.5431793332099915,3260.503662109375,0.0,0.0,0.02040149999083951,1,0.008912998251616955,0.0006675478653050959,0.00036275386810302734,15
42,Gradient baseline,1,0.5436232686042786,3221.334228515625,0.0,0.0,0.00798429996939376,1,0.008273312821984291,-0.00014935500803403556,-8.118152618408203e-05,15
42,PINN-style baseline,1,0.5435447692871094,3404.646728515625,0.0,0.0,0.020568399981129915,1,6.593802390852943e-05,-4.94720006827265e-06,-2.682209014892578e-06,15
42,Base FNO Initializer,1,0.29980409145355225,45.42012405395508,0.0,0.0,1.6999547369778156e-06,0,0.0,0.0,0.0,16
42,Supervised Latent Neural Operator Corrector,1,0.2921474874019623,39.53109359741211,0.0,0.0,0.013349700020626187,1,0.005170449614524841,0.025870483368635178,0.007656604051589966,16
42,TD3+BC,1,0.2921474874019623,39.53109359741211,0.0,0.0,0.020083600014913827,1,0.005170449614524841,0.025870483368635178,0.007656604051589966,16
42,Best Actual RL Policy,1,0.28785598278045654,39.5961799621582,0.0,0.0,0.021280999993905425,1,0.00887544360011816,0.040668897330760956,0.011948108673095703,16
42,Selected Production Policy,1,0.2921474874019623,39.53109359741211,0.0,0.0,0.021146600018255413,1,0.005170449614524841,0.025870483368635178,0.007656604051589966,16
42,Gradient baseline,1,0.2985284626483917,64.31068420410156,0.0,0.0,0.007802499982062727,1,0.008441013284027576,0.004263917449861765,0.0012756288051605225,16
42,PINN-style baseline,1,0.2997748851776123,45.29996871948242,0.0,0.0,0.020667199976742268,1,6.518243753816932e-05,9.738924563862383e-05,2.9206275939941406e-05,16
42,Base FNO Initializer,1,0.5775725245475769,3834.319580078125,0.0,0.002559700980782509,1.600012183189392e-06,0,0.0,0.0,0.0,17
42,Supervised Latent Neural Operator Corrector,1,0.5771722793579102,3686.630615234375,0.0,0.002559700980782509,0.013406099984422326,1,0.008439921773970127,0.0006931644747965038,0.00040024518966674805,17
42,TD3+BC,1,0.5771722793579102,3686.630615234375,0.0,0.002559700980782509,0.021157700044568628,1,0.008439921773970127,0.0006931644747965038,0.00040024518966674805,17
42,Best Actual RL Policy,1,0.5772001147270203,3687.653076171875,0.0,0.002559700980782509,0.01861199998529628,1,0.008506556041538715,0.0006449164357036352,0.0003724098205566406,17
42,Selected Production Policy,1,0.5771722793579102,3686.630615234375,0.0,0.002559700980782509,0.022464599984232336,1,0.008439921773970127,0.0006931644747965038,0.00040024518966674805,17
42,Gradient baseline,1,0.5776535868644714,3645.311767578125,0.0,0.002559700980782509,0.007995099993422627,1,0.008360394276678562,-0.00014035412459634244,-8.106231689453125e-05,17
42,PINN-style baseline,1,0.5775750279426575,3833.29248046875,0.0,0.002559700980782509,0.020594900008291006,1,6.578901957254857e-05,-4.351150892034639e-06,-2.5033950805664062e-06,17
42,Base FNO Initializer,1,0.26343342661857605,10.459040641784668,0.0,0.0,1.700012944638729e-06,0,0.0,0.0,0.0,18
42,Supervised Latent Neural Operator Corrector,1,0.2557525634765625,9.268199920654297,0.0,0.0,0.013680000032763928,1,0.002618789207190275,0.029590250924229622,0.00768086314201355,18
42,TD3+BC,1,0.2557525634765625,9.268199920654297,0.0,0.0,0.020409699995070696,1,0.002618789207190275,0.029590250924229622,0.00768086314201355,18
42,Best Actual RL Policy,1,0.2549258768558502,9.732964515686035,0.0,0.0,0.02077940001618117,1,0.009451891295611858,0.032827816903591156,0.00850754976272583,18
42,Selected Production Policy,1,0.2557525634765625,9.268199920654297,0.0,0.0,0.020282799960114062,1,0.002618789207190275,0.029590250924229622,0.00768086314201355,18
42,Gradient baseline,1,0.26379474997520447,37.67863082885742,0.0,0.0,0.00818450003862381,1,0.008670165203511715,-0.001370691228657961,-0.00036132335662841797,18
42,PINN-style baseline,1,0.2633725702762604,10.398356437683105,0.0,0.0,0.020506400032900274,1,6.432299414882436e-05,0.00023100091493688524,6.085634231567383e-05,18
42,Base FNO Initializer,1,0.31048741936683655,439.23931884765625,0.0,0.0,1.700012944638729e-06,0,0.0,0.0,0.0,19
42,Supervised Latent Neural Operator Corrector,1,0.30711501836776733,397.35675048828125,0.0,0.0,0.014526100014336407,1,0.00896876584738493,0.010921070352196693,0.003372400999069214,19
42,TD3+BC,1,0.30711501836776733,397.35675048828125,0.0,0.0,0.020308599981945008,1,0.00896876584738493,0.010921070352196693,0.003372400999069214,19
42,Best Actual RL Policy,1,0.3074580132961273,397.2459716796875,0.0,0.0,0.020444099965970963,1,0.009487406350672245,0.009804854169487953,0.0030294060707092285,19
42,Selected Production Policy,1,0.30711501836776733,397.35675048828125,0.0,0.0,0.020575899980030954,1,0.00896876584738493,0.010921070352196693,0.003372400999069214,19
42,Gradient baseline,1,0.3099108338356018,397.8973388671875,0.0,0.0,0.007778099970892072,1,0.008636553771793842,0.001858733594417572,0.0005765855312347412,19
42,PINN-style baseline,1,0.3104819655418396,438.859375,0.0,0.0,0.020666000025812536,1,6.567275704583153e-05,1.7523610949865542e-05,5.453824996948242e-06,19
42,Base FNO Initializer,1,0.3058614730834961,548.5723876953125,0.0,0.0,1.5999539755284786e-06,0,0.0,0.0,0.0,20
42,Supervised Latent Neural Operator Corrector,1,0.3029307723045349,499.79229736328125,0.0,0.0,0.01364259998081252,1,0.00913727656006813,0.009628008119761944,0.0029307007789611816,20
42,TD3+BC,1,0.3029307723045349,499.79229736328125,0.0,0.0,0.02056620002258569,1,0.00913727656006813,0.009628008119761944,0.0029307007789611816,20
42,Best Actual RL Policy,1,0.30325591564178467,499.6784362792969,0.0,0.0,0.020925099961459637,1,0.009754737839102745,0.00855514220893383,0.0026055574417114258,20
42,Selected Production Policy,1,0.3029307723045349,499.79229736328125,0.0,0.0,0.021464599994942546,1,0.00913727656006813,0.009628008119761944,0.0029307007789611816,20
42,Gradient baseline,1,0.30538713932037354,497.1631774902344,0.0,0.0,0.009028700005728751,1,0.008651776239275932,0.0015519355656579137,0.0004743337631225586,20
42,PINN-style baseline,1,0.3058584928512573,548.144287109375,0.0,0.0,0.020562099991366267,1,6.56855117995292e-05,9.775111720955465e-06,2.9802322387695312e-06,20
42,Base FNO Initializer,1,0.3195609748363495,1329.984619140625,0.0,0.0,1.700012944638729e-06,0,0.0,0.0,0.0,21
42,Supervised Latent Neural Operator Corrector,1,0.3183032274246216,1241.568603515625,0.0,0.0,0.013888399989809841,1,0.00967381987720728,0.003943597432225943,0.0012577474117279053,21
42,TD3+BC,1,0.3183032274246216,1241.568603515625,0.0,0.0,0.020679900015238672,1,0.00967381987720728,0.003943597432225943,0.0012577474117279053,21
42,Best Actual RL Policy,1,0.3182569146156311,1241.363525390625,0.0,0.0,0.020387700002174824,1,0.009621554985642433,0.004089043941348791,0.0013040602207183838,21
42,Selected Production Policy,1,0.3183032274246216,1241.568603515625,0.0,0.0,0.0207632000092417,1,0.00967381987720728,0.003943597432225943,0.0012577474117279053,21
42,Gradient baseline,1,0.31945499777793884,1221.72314453125,0.0,0.0,0.008587100019212812,1,0.0085373530164361,0.00033166800858452916,0.00010597705841064453,21
42,PINN-style baseline,1,0.3195623755455017,1329.3060302734375,0.0,0.0,0.02289070002734661,1,6.569276592927054e-05,-4.410755536810029e-06,-1.4007091522216797e-06,21
42,Base FNO Initializer,1,0.32081860303878784,251.42733764648438,0.0,0.0,1.800013706088066e-06,0,0.0,0.0,0.0,22
42,Supervised Latent Neural Operator Corrector,1,0.31624317169189453,224.0136260986328,0.0,0.0,0.014314800035208464,1,0.008397897705435753,0.014364374801516533,0.0045754313468933105,22
42,TD3+BC,1,0.31624317169189453,224.0136260986328,0.0,0.0,0.020559400029014796,1,0.008397897705435753,0.014364374801516533,0.0045754313468933105,22
42,Best Actual RL Policy,1,0.31600749492645264,224.3076934814453,0.0,0.0,0.02040769997984171,1,0.008312327787280083,0.015109928324818611,0.004811108112335205,22
42,Selected Production Policy,1,0.31624317169189453,224.0136260986328,0.0,0.0,0.020472299947869033,1,0.008397897705435753,0.014364374801516533,0.0045754313468933105,22
42,Gradient baseline,1,0.31998080015182495,231.22506713867188,0.0,0.0,0.00816959998337552,1,0.00852028839290142,0.0026148546021431684,0.0008378028869628906,22
42,PINN-style baseline,1,0.3208114206790924,251.1446075439453,0.0,0.0,0.02141929999925196,1,6.560765905305743e-05,2.2411093596019782e-05,7.18235969543457e-06,22
42,Base FNO Initializer,1,0.557006299495697,3555.9130859375,0.0,0.0,1.700012944638729e-06,0,0.0,0.0,0.0,23
42,Supervised Latent Neural Operator Corrector,1,0.5566444993019104,3409.357177734375,0.0,0.0,0.01347959996201098,1,0.008723065257072449,0.0006496798596344888,0.0003618001937866211,23
42,TD3+BC,1,0.5566444993019104,3409.357177734375,0.0,0.0,0.020258400007151067,1,0.008723065257072449,0.0006496798596344888,0.0003618001937866211,23
42,Best Actual RL Policy,1,0.5566627979278564,3409.809814453125,0.0,0.0,0.02021340001374483,1,0.008530762977898121,0.0006168006220832467,0.00034350156784057617,23
42,Selected Production Policy,1,0.5566444993019104,3409.357177734375,0.0,0.0,0.020405199960805476,1,0.008723065257072449,0.0006496798596344888,0.0003618001937866211,23
42,Gradient baseline,1,0.5570896863937378,3369.31396484375,0.0,0.0,0.008537499990779907,1,0.008255179971456528,-0.00014971254859119654,-8.338689804077148e-05,23
42,PINN-style baseline,1,0.5570090413093567,3554.896484375,0.0,0.0,0.02177079999819398,1,6.583212234545499e-05,-4.94720006827265e-06,-2.7418136596679688e-06,23
42,Base FNO Initializer,1,0.3115316927433014,418.41656494140625,0.0,0.0,1.600012183189392e-06,0,0.0,0.0,0.0,24
42,Supervised Latent Neural Operator Corrector,1,0.30806249380111694,377.994140625,0.0,0.0,0.013281399966217577,1,0.008931536227464676,0.011198366992175579,0.0034691989421844482,24
42,TD3+BC,1,0.30806249380111694,377.994140625,0.0,0.0,0.021006800001487136,1,0.008931536227464676,0.011198366992175579,0.0034691989421844482,24
42,Best Actual RL Policy,1,0.3083951473236084,377.8934326171875,0.0,0.0,0.02027450001332909,1,0.009410643950104713,0.010119161568582058,0.003136545419692993,24
42,Selected Production Policy,1,0.30806249380111694,377.994140625,0.0,0.0,0.020315300032962114,1,0.008931536227464676,0.011198366992175579,0.0034691989421844482,24
42,Gradient baseline,1,0.3109340965747833,379.0354309082031,0.0,0.0,0.008147899992763996,1,0.008620224893093109,0.0019200105452910066,0.0005975961685180664,24
42,PINN-style baseline,1,0.31152573227882385,418.04547119140625,0.0,0.0,0.02152320003369823,1,6.573084101546556e-05,1.919251008075662e-05,5.9604644775390625e-06,24
42,Base FNO Initializer,1,0.30353686213493347,957.0062255859375,0.0,0.0,1.600012183189392e-06,0,0.0,0.0,0.0,25
42,Supervised Latent Neural Operator Corrector,1,0.30167603492736816,886.41162109375,0.0,0.0,0.01338930003112182,1,0.009498999454081059,0.006149255204945803,0.0018608272075653076,25
42,TD3+BC,1,0.30167603492736816,886.41162109375,0.0,0.0,0.020275100017897785,1,0.009498999454081059,0.006149255204945803,0.0018608272075653076,25
42,Best Actual RL Policy,1,0.3017399311065674,886.325439453125,0.0,0.0,0.02030700002796948,1,0.00982398446649313,0.005937508773058653,0.0017969310283660889,25
42,Selected Production Policy,1,0.30167603492736816,886.41162109375,0.0,0.0,0.020082700008060783,1,0.009498999454081059,0.006149255204945803,0.0018608272075653076,25
42,Gradient baseline,1,0.303305059671402,873.0177001953125,0.0,0.0,0.008118199999444187,1,0.008496045134961605,0.0007639227551408112,0.00023180246353149414,25
42,PINN-style baseline,1,0.30353695154190063,956.4397583007812,0.0,0.0,0.021466100006364286,1,6.566215597558767e-05,-2.980254407702887e-07,-8.940696716308594e-08,25
42,Base FNO Initializer,1,0.39518487453460693,2125.42236328125,0.0,0.0,1.9000144675374031e-06,0,0.0,0.0,0.0,26
42,Supervised Latent Neural Operator Corrector,1,0.3945504426956177,2006.5594482421875,0.0,0.0,0.01365729997633025,1,0.009779960848391056,0.0016066747484728694,0.0006344318389892578,26
42,TD3+BC,1,0.3945504426956177,2006.5594482421875,0.0,0.0,0.020678300003055483,1,0.009779960848391056,0.0016066747484728694,0.0006344318389892578,26
42,Best Actual RL Policy,1,0.3944746255874634,2006.0174560546875,0.0,0.0,0.020971699967049062,1,0.009165921248495579,0.0017988760955631733,0.0007102489471435547,26
42,Selected Production Policy,1,0.3945504426956177,2006.5594482421875,0.0,0.0,0.020949500030837953,1,0.009779960848391056,0.0016066747484728694,0.0006344318389892578,26
42,Gradient baseline,1,0.3952062129974365,1975.6370849609375,0.0,0.0,0.008331399993039668,1,0.008455654606223106,-5.403901741374284e-05,-2.1338462829589844e-05,26
42,PINN-style baseline,1,0.3951873183250427,2124.5556640625,0.0,0.0,0.009981199982576072,1,6.569139804923907e-05,-6.198904429766117e-06,-2.4437904357910156e-06,26
42,Base FNO Initializer,1,0.30378463864326477,618.8441772460938,0.0,0.0,1.650000922381878e-05,0,0.0,0.0,0.0,27
42,Supervised Latent Neural Operator Corrector,1,0.3010890483856201,565.916015625,0.0,0.0,0.014657999970950186,1,0.009224354289472103,0.008912974037230015,0.0026955902576446533,27
42,TD3+BC,1,0.3010890483856201,565.916015625,0.0,0.0,0.022773000004235655,1,0.009224354289472103,0.008912974037230015,0.0026955902576446533,27
42,Best Actual RL Policy,1,0.30137133598327637,565.822021484375,0.0,0.0,0.020504500018432736,1,0.00983943697065115,0.007975824177265167,0.0024133026599884033,27
42,Selected Production Policy,1,0.3010890483856201,565.916015625,0.0,0.0,0.021630900038871914,1,0.009224354289472103,0.008912974037230015,0.0026955902576446533,27
42,Gradient baseline,1,0.303365558385849,561.150390625,0.0,0.0,0.009094899985939264,1,0.008619648404419422,0.0013804069021716714,0.0004190802574157715,27
42,PINN-style baseline,1,0.303783118724823,618.3881225585938,0.0,0.0,0.021074100048281252,1,6.552514241775498e-05,5.006775154470233e-06,1.519918441772461e-06,27
42,Base FNO Initializer,1,0.3018798828125,742.8990478515625,0.0,0.0,1.600012183189392e-06,0,0.0,0.0,0.0,28
42,Supervised Latent Neural Operator Corrector,1,0.2995377779006958,683.2674560546875,0.0,0.0,0.013632399961352348,1,0.009345492348074913,0.007788602262735367,0.0023421049118041992,28
42,TD3+BC,1,0.2995377779006958,683.2674560546875,0.0,0.0,0.020473099953960627,1,0.009345492348074913,0.007788602262735367,0.0023421049118041992,28
42,Best Actual RL Policy,1,0.2997301518917084,683.1990966796875,0.0,0.0,0.020531099988147616,1,0.00988380890339613,0.007146580144762993,0.002149730920791626,28
42,Selected Production Policy,1,0.2995377779006958,683.2674560546875,0.0,0.0,0.020313900022301823,1,0.009345492348074913,0.007788602262735367,0.0023421049118041992,28
42,Gradient baseline,1,0.30154094099998474,674.9010620117188,0.0,0.0,0.007932000036817044,1,0.008574174717068672,0.0011233564000576735,0.0003389418125152588,28
42,PINN-style baseline,1,0.30187857151031494,742.3999633789062,0.0,0.0,0.020581199962180108,1,6.578360626008362e-05,4.291523055144353e-06,1.3113021850585938e-06,28
42,Base FNO Initializer,1,0.4943404793739319,2931.8359375,0.0,0.0,1.700012944638729e-06,0,0.0,0.0,0.0,29
42,Supervised Latent Neural Operator Corrector,1,0.49394452571868896,2793.4228515625,0.0,0.0,0.013148199999704957,1,0.009438131004571915,0.0008011976606212556,0.0003959536552429199,29
42,TD3+BC,1,0.49394452571868896,2793.4228515625,0.0,0.0,0.020189400005619973,1,0.009438131004571915,0.0008011976606212556,0.0003959536552429199,29
42,Best Actual RL Policy,1,0.4939054548740387,2793.195556640625,0.0,0.0,0.02150979998987168,1,0.008782600052654743,0.0008804111275821924,0.0004350244998931885,29
42,Selected Production Policy,1,0.49394452571868896,2793.4228515625,0.0,0.0,0.020824900013394654,1,0.009438131004571915,0.0008011976606212556,0.0003959536552429199,29
42,Gradient baseline,1,0.49441105127334595,2757.028076171875,0.0,0.0,0.007940699986647815,1,0.008323399350047112,-0.00014279794413596392,-7.05718994140625e-05,29
42,PINN-style baseline,1,0.49434322118759155,2930.856201171875,0.0,0.0,0.02043129998492077,1,6.593161378987134e-05,-5.543249699258013e-06,-2.7418136596679688e-06,29
42,Base FNO Initializer,1,0.6040374040603638,4289.4482421875,0.0,0.07487307488918304,1.600012183189392e-06,0,0.0,0.0,0.0,30
42,Supervised Latent Neural Operator Corrector,1,0.6035663485527039,4140.9970703125,0.0,0.07487307488918304,0.014243300014641136,1,0.008133242838084698,0.0007801257306709886,0.0004710555076599121,30
42,TD3+BC,1,0.6035663485527039,4140.9970703125,0.0,0.07487307488918304,0.020607200043741614,1,0.008133242838084698,0.0007801257306709886,0.0004710555076599121,30
42,Best Actual RL Policy,1,0.6035881042480469,4143.17919921875,0.0,0.07487307488918304,0.020799199992325157,1,0.008594059385359287,0.0007440290064550936,0.00044929981231689453,30
42,Selected Production Policy,1,0.6035663485527039,4140.9970703125,0.0,0.07487307488918304,0.020799699996132404,1,0.008133242838084698,0.0007801257306709886,0.0004710555076599121,30
42,Gradient baseline,1,0.6041168570518494,4096.99267578125,0.0,0.07487307488918304,0.008138599980156869,1,0.008411448448896408,-0.00013159148511476815,-7.94529914855957e-05,30
42,PINN-style baseline,1,0.6040400266647339,4288.4072265625,0.0,0.07487307488918304,0.020913399988785386,1,6.585210940102115e-05,-4.351150892034639e-06,-2.6226043701171875e-06,30
42,Base FNO Initializer,1,0.3498401343822479,1709.37939453125,0.0,0.0,1.5999539755284786e-06,0,0.0,0.0,0.0,31
42,Supervised Latent Neural Operator Corrector,1,0.3489626944065094,1604.919677734375,0.0,0.0,0.013484600000083447,1,0.009767585434019566,0.0025112777948379517,0.0008774399757385254,31
42,TD3+BC,1,0.3489626944065094,1604.919677734375,0.0,0.0,0.020934499974828213,1,0.009767585434019566,0.0025112777948379517,0.0008774399757385254,31
42,Best Actual RL Policy,1,0.3488878011703491,1604.533203125,0.0,0.0,0.020292800036258996,1,0.009402994066476822,0.0027258913032710552,0.0009523332118988037,31
42,Selected Production Policy,1,0.3489626944065094,1604.919677734375,0.0,0.0,0.020335300010629,1,0.009767585434019566,0.0025112777948379517,0.0008774399757385254,31
42,Gradient baseline,1,0.34980717301368713,1579.2003173828125,0.0,0.0,0.008146699983626604,1,0.008496521040797234,9.413481166120619e-05,3.2961368560791016e-05,31
42,PINN-style baseline,1,0.3498423397541046,1708.59814453125,0.0,0.0,0.021713799971621484,1,6.582834612345323e-05,-6.3181146288116e-06,-2.205371856689453e-06,31
42,Base FNO Initializer,1,0.31445395946502686,1242.1712646484375,0.0,0.0,1.6999547369778156e-06,0,0.0,0.0,0.0,32
42,Supervised Latent Neural Operator Corrector,1,0.31307733058929443,1157.787353515625,0.0,0.0,0.014537599985487759,1,0.009641262702643871,0.004387349355965853,0.0013766288757324219,32
42,TD3+BC,1,0.31307733058929443,1157.787353515625,0.0,0.0,0.021652700030244887,1,0.009641262702643871,0.004387349355965853,0.0013766288757324219,32
42,Best Actual RL Policy,1,0.313046932220459,1157.6220703125,0.0,0.0,0.020830900000873953,1,0.00967184267938137,0.004484549630433321,0.001407027244567871,32
42,Selected Production Policy,1,0.31307733058929443,1157.787353515625,0.0,0.0,0.021408099972177297,1,0.009641262702643871,0.004387349355965853,0.0013766288757324219,32
42,Gradient baseline,1,0.3143254518508911,1139.3702392578125,0.0,0.0,0.00798739999299869,1,0.008531461469829082,0.00040876789717003703,0.0001285076141357422,32
42,PINN-style baseline,1,0.3144552409648895,1241.5184326171875,0.0,0.0,0.013114000030327588,1,6.573977589141577e-05,-4.053126303915633e-06,-1.2814998626708984e-06,32
42,Base FNO Initializer,1,0.3051007091999054,571.7135620117188,0.0,0.0,1.600012183189392e-06,0,0.0,0.0,0.0,33
42,Supervised Latent Neural Operator Corrector,1,0.30225279927253723,521.5567016601562,0.0,0.0,0.015257699997164309,1,0.009164497256278992,0.009378147311508656,0.002847909927368164,33
42,TD3+BC,1,0.30225279927253723,521.5567016601562,0.0,0.0,0.020926799974404275,1,0.009164497256278992,0.009378147311508656,0.002847909927368164,33
42,Best Actual RL Policy,1,0.3025651276111603,521.4581298828125,0.0,0.0,0.021396399999503046,1,0.009785909205675125,0.008345326408743858,0.002535581588745117,33
42,Selected Production Policy,1,0.30225279927253723,521.5567016601562,0.0,0.0,0.02046680002240464,1,0.009164497256278992,0.009378147311508656,0.002847909927368164,33
42,Gradient baseline,1,0.3046424388885498,518.0618896484375,0.0,0.0,0.007928700011689216,1,0.008631443604826927,0.0015031344955787063,0.0004582703113555908,33
42,PINN-style baseline,1,0.3050979673862457,571.2763671875,0.0,0.0,0.020461799984332174,1,6.570028199348599e-05,8.940654879552312e-06,2.7418136596679688e-06,33
42,Base FNO Initializer,1,0.5267638564109802,3232.8515625,0.0,0.0,1.5999539755284786e-06,0,0.0,0.0,0.0,34
42,Supervised Latent Neural Operator Corrector,1,0.5263956189155579,3089.615478515625,0.0,0.0,0.013703200034797192,1,0.009124397300183773,0.0006992339622229338,0.0003682374954223633,34
42,TD3+BC,1,0.5263956189155579,3089.615478515625,0.0,0.0,0.021128799999132752,1,0.009124397300183773,0.0006992339622229338,0.0003682374954223633,34
42,Best Actual RL Policy,1,0.5263854265213013,3089.718017578125,0.0,0.0,0.020246600033715367,1,0.008654928766191006,0.0007186554721556604,0.0003784298896789551,34
42,Selected Production Policy,1,0.5263956189155579,3089.615478515625,0.0,0.0,0.0205514999688603,1,0.009124397300183773,0.0006992339622229338,0.0003682374954223633,34
42,Gradient baseline,1,0.5268419981002808,3051.54833984375,0.0,0.0,0.008224999997764826,1,0.008288941346108913,-0.0001483417145209387,-7.814168930053711e-05,34
42,PINN-style baseline,1,0.5267667174339294,3231.8525390625,0.0,0.0,0.02123880002181977,1,6.583399226656184e-05,-5.42403950021253e-06,-2.86102294921875e-06,34
42,Base FNO Initializer,1,0.3018037974834442,821.0812377929688,0.0,0.0,1.700012944638729e-06,0,0.0,0.0,0.0,35
42,Supervised Latent Neural Operator Corrector,1,0.2996535003185272,757.3104248046875,0.0,0.0,0.014304999960586429,1,0.009409191086888313,0.007150253746658564,0.002150297164916992,35
42,TD3+BC,1,0.2996535003185272,757.3104248046875,0.0,0.0,0.02133489999687299,1,0.009409191086888313,0.007150253746658564,0.002150297164916992,35
42,Best Actual RL Policy,1,0.299793004989624,757.238525390625,0.0,0.0,0.021119800047017634,1,0.009873902425169945,0.006684867665171623,0.0020107924938201904,35
42,Selected Production Policy,1,0.2996535003185272,757.3104248046875,0.0,0.0,0.021118000033311546,1,0.009409191086888313,0.007150253746658564,0.002150297164916992,35
42,Gradient baseline,1,0.3015088438987732,746.9421997070312,0.0,0.0,0.007840900041628629,1,0.008529710583388805,0.0009777169907465577,0.0002949535846710205,35
42,PINN-style baseline,1,0.3018035292625427,820.5562133789062,0.0,0.0,0.02026550000300631,1,6.571567064383999e-05,8.344625257450389e-07,2.682209014892578e-07,35
42,Base FNO Initializer,2,0.31183716654777527,69.8258056640625,0.0,0.0,1.600012183189392e-06,0,0.0,0.0,0.0,0
42,Supervised Latent Neural Operator Corrector,2,0.29733139276504517,58.19025802612305,0.0,0.0,0.026728599972557276,2,0.005584402242675424,0.04763373173773289,0.014505773782730103,0
42,TD3+BC,2,0.29733139276504517,58.19025802612305,0.0,0.0,0.041695899970363826,2,0.005584402242675424,0.04763373173773289,0.014505773782730103,0
42,Best Actual RL Policy,2,0.2903880774974823,58.416961669921875,0.0,0.0,0.043584899976849556,2,0.008003644412383437,0.0712628997862339,0.02144908905029297,0
42,Selected Production Policy,2,0.29733139276504517,58.19025802612305,0.0,0.0,0.04186570004094392,2,0.005584402242675424,0.04763373173773289,0.014505773782730103,0
42,Gradient baseline,2,0.31032297015190125,104.7274398803711,0.0,0.0,0.015878800011705607,2,0.008726010099053383,0.004867388168349862,0.0015141963958740234,0
42,PINN-style baseline,2,0.31179800629615784,69.53309631347656,0.0,0.0,0.04212649998953566,2,6.468448918894865e-05,0.00012552343832794577,3.916025161743164e-05,0
42,Base FNO Initializer,2,0.6176638603210449,4549.3076171875,0.0,0.17247915267944336,1.700012944638729e-06,0,0.0,0.0,0.0,1
42,Supervised Latent Neural Operator Corrector,2,0.616635799407959,4291.9853515625,0.0,0.17247915267944336,0.027937800041399896,2,0.007681692950427532,0.0016657905653119087,0.0010280609130859375,1
42,TD3+BC,2,0.616635799407959,4291.9853515625,0.0,0.17247915267944336,0.04124509997200221,2,0.007681692950427532,0.0016657905653119087,0.0010280609130859375,1
42,Best Actual RL Policy,2,0.616712749004364,4294.57421875,0.0,0.17247915267944336,0.04182250000303611,2,0.008250139188021421,0.0015409523621201515,0.0009511113166809082,1
42,Selected Production Policy,2,0.616635799407959,4291.9853515625,0.0,0.17247915267944336,0.04238399997120723,2,0.007681692950427532,0.0016657905653119087,0.0010280609130859375,1
42,Gradient baseline,2,0.6178529262542725,4214.86572265625,0.0,0.17247915267944336,0.01615809998475015,2,0.008244564291089773,-0.0003061022434849292,-0.00018906593322753906,1
42,PINN-style baseline,2,0.6176697611808777,4547.2197265625,0.0,0.17247915267944336,0.03230010002152994,2,6.57918571960181e-05,-9.536770448903553e-06,-5.900859832763672e-06,1
42,Base FNO Initializer,2,0.5489823222160339,3465.302490234375,0.0,0.0,1.600012183189392e-06,0,0.0,0.0,0.0,2
42,Supervised Latent Neural Operator Corrector,2,0.5482412576675415,3217.037353515625,0.0,0.0,0.016411000047810376,2,0.008595066610723734,0.001350706908851862,0.0007410645484924316,2
42,TD3+BC,2,0.5482412576675415,3217.037353515625,0.0,0.0,0.01986379997106269,2,0.008595066610723734,0.001350706908851862,0.0007410645484924316,2
42,Best Actual RL Policy,2,0.5483618378639221,3216.232666015625,0.0,0.0,0.017101900011766702,2,0.0081900954246521,0.0011307846289128065,0.0006204843521118164,2
42,Selected Production Policy,2,0.5482412576675415,3217.037353515625,0.0,0.0,0.03939989994978532,2,0.008595066610723734,0.001350706908851862,0.0007410645484924316,2
42,Gradient baseline,2,0.5491886138916016,3147.831787109375,0.0,0.0,0.015727699967101216,2,0.008167033083736897,-0.000375791554688476,-0.00020629167556762695,2
42,PINN-style baseline,2,0.548988401889801,3463.2802734375,0.0,0.0,0.04215779999503866,2,6.574935105163604e-05,-1.1086499398516025e-05,-6.079673767089844e-06,2
42,Base FNO Initializer,2,0.3147924244403839,358.86572265625,0.0,0.0,1.600012183189392e-06,0,0.0,0.0,0.0,3
42,Supervised Latent Neural Operator Corrector,2,0.3072398006916046,307.4109191894531,0.0,0.0,0.028171599959023297,2,0.008250352693721652,0.024284906685352325,0.007552623748779297,3
42,TD3+BC,2,0.3072398006916046,307.4109191894531,0.0,0.0,0.04334009997546673,2,0.008250352693721652,0.024284906685352325,0.007552623748779297,3
42,Best Actual RL Policy,2,0.3077552616596222,307.67816162109375,0.0,0.0,0.04161379998549819,2,0.00856633996590972,0.022608444094657898,0.007037162780761719,3
42,Selected Production Policy,2,0.3072398006916046,307.4109191894531,0.0,0.0,0.04123439994873479,2,0.008250352693721652,0.024284906685352325,0.007552623748779297,3
42,Gradient baseline,2,0.31316232681274414,340.66943359375,0.0,0.0,0.01792330003809184,2,0.008870381396263838,0.005191687028855085,0.0016300976276397705,3
42,PINN-style baseline,2,0.314780592918396,358.1865539550781,0.0,0.0,0.037488200003281236,2,6.526135985041037e-05,3.7550569686573e-05,1.1831521987915039e-05,3
42,Base FNO Initializer,2,0.4535945653915405,2594.45703125,0.0,0.0,1.4999532140791416e-06,0,0.0,0.0,0.0,4
42,Supervised Latent Neural Operator Corrector,2,0.45280933380126953,2372.62158203125,0.0,0.0,0.028084899997338653,2,0.00952139776200056,0.0017325542867183685,0.0007852315902709961,4
42,TD3+BC,2,0.45280933380126953,2372.62158203125,0.0,0.0,0.041879900032654405,2,0.00952139776200056,0.0017325542867183685,0.0007852315902709961,4
42,Best Actual RL Policy,2,0.4527382254600525,2372.4453125,0.0,0.0,0.04186480003409088,2,0.008591036777943373,0.0018896421534009278,0.0008563399314880371,4
42,Selected Production Policy,2,0.45280933380126953,2372.62158203125,0.0,0.0,0.04150829999707639,2,0.00952139776200056,0.0017325542867183685,0.0007852315902709961,4
42,Gradient baseline,2,0.4537370800971985,2312.097900390625,0.0,0.0,0.016129700001329184,2,0.008258343674242496,-0.00031421048333868384,-0.00014251470565795898,4
42,PINN-style baseline,2,0.45360007882118225,2592.571533203125,0.0,0.0,0.035163799999281764,2,6.579987166333012e-05,-1.2159389370935969e-05,-5.513429641723633e-06,4
42,Base FNO Initializer,2,0.31148627400398254,1184.1424560546875,0.0,0.0,1.200009137392044e-06,0,0.0,0.0,0.0,5
42,Supervised Latent Neural Operator Corrector,2,0.30876073241233826,1054.982666015625,0.0,0.0,0.013370500004384667,2,0.009277657140046358,0.008788492530584335,0.002725541591644287,5
42,TD3+BC,2,0.30876073241233826,1054.982666015625,0.0,0.0,0.018059000023640692,2,0.009277657140046358,0.008788492530584335,0.002725541591644287,5
42,Best Actual RL Policy,2,0.30875200033187866,1054.5775146484375,0.0,0.0,0.019095900002866983,2,0.009475380647927523,0.008816827554255724,0.002734273672103882,5
42,Selected Production Policy,2,0.30876073241233826,1054.982666015625,0.0,0.0,0.024630500003695488,2,0.009277657140046358,0.008788492530584335,0.002725541591644287,5
42,Gradient baseline,2,0.3111015260219574,1029.79736328125,0.0,0.0,0.016818500007502735,2,0.008589854463934898,0.0012358411331661046,0.0003847479820251465,5
42,PINN-style baseline,2,0.3114885687828064,1182.8740234375,0.0,0.0,0.03450670000165701,2,6.575456791324541e-05,-7.390994142042473e-06,-2.294778823852539e-06,5
42,Base FNO Initializer,2,0.32978054881095886,1476.568359375,0.0,0.0,1.100008375942707e-06,0,0.0,0.0,0.0,6
42,Supervised Latent Neural Operator Corrector,2,0.3278205990791321,1323.7938232421875,0.0,0.0,0.01886199996806681,2,0.00941488379612565,0.005960797891020775,0.0019599497318267822,6
42,TD3+BC,2,0.3278205990791321,1323.7938232421875,0.0,0.0,0.04182599997147918,2,0.00941488379612565,0.005960797891020775,0.0019599497318267822,6
42,Best Actual RL Policy,2,0.32769644260406494,1323.234619140625,0.0,0.0,0.026783999986946583,2,0.009276536293327808,0.006339671090245247,0.002084106206893921,6
42,Selected Production Policy,2,0.3278205990791321,1323.7938232421875,0.0,0.0,0.043183700006920844,2,0.00941488379612565,0.005960797891020775,0.0019599497318267822,6
42,Gradient baseline,2,0.32958149909973145,1286.9403076171875,0.0,0.0,0.01654350000899285,2,0.008499856106936932,0.0006036260019754991,0.000199049711227417,6
42,PINN-style baseline,2,0.32978326082229614,1475.133056640625,0.0,0.0,0.042251600010786206,2,6.559356552315876e-05,-8.225462806876749e-06,-2.7120113372802734e-06,6
42,Base FNO Initializer,2,0.3222508132457733,219.30593872070312,0.0,0.0,1.3999524526298046e-06,0,0.0,0.0,0.0,7
42,Supervised Latent Neural Operator Corrector,2,0.31236788630485535,185.30221557617188,0.0,0.0,0.02648519998183474,2,0.007634922629222274,0.03114851377904415,0.009882926940917969,7
42,TD3+BC,2,0.31236788630485535,185.30221557617188,0.0,0.0,0.0412036000052467,2,0.007634922629222274,0.03114851377904415,0.009882926940917969,7
42,Best Actual RL Policy,2,0.3111974596977234,185.4435272216797,0.0,0.0,0.04209999996237457,2,0.007483356399461627,0.03490247204899788,0.011053353548049927,7
42,Selected Production Policy,2,0.31236788630485535,185.30221557617188,0.0,0.0,0.04177559999516234,2,0.007634922629222274,0.03114851377904415,0.009882926940917969,7
42,Gradient baseline,2,0.32028883695602417,231.4335479736328,0.0,0.0,0.017532399971969426,2,0.008887375704944134,0.006106913555413485,0.0019619762897491455,7
42,PINN-style baseline,2,0.3222365379333496,218.78134155273438,0.0,0.0,0.04271899996092543,2,6.53324714221526e-05,4.434535912878346e-05,1.4275312423706055e-05,7
42,Base FNO Initializer,2,0.388803094625473,2071.488037109375,0.0,0.0,1.5999539755284786e-06,0,0.0,0.0,0.0,8
42,Supervised Latent Neural Operator Corrector,2,0.3876805603504181,1876.965576171875,0.0,0.0,0.02830319997156039,2,0.009564203675836325,0.0028912019915878773,0.0011225342750549316,8
42,TD3+BC,2,0.3876805603504181,1876.965576171875,0.0,0.0,0.0223087000194937,2,0.009564203675836325,0.0028912019915878773,0.0011225342750549316,8
42,Best Actual RL Policy,2,0.38754385709762573,1876.62451171875,0.0,0.0,0.04030380002222955,2,0.00887986458837986,0.0032439992064610124,0.00125923752784729,8
42,Selected Production Policy,2,0.3876805603504181,1876.965576171875,0.0,0.0,0.043643100012559444,2,0.009564203675836325,0.0028912019915878773,0.0011225342750549316,8
42,Gradient baseline,2,0.38883477449417114,1823.8382568359375,0.0,0.0,0.015898599987849593,2,0.008355380035936832,-8.155103205353953e-05,-3.167986869812012e-05,8
42,PINN-style baseline,2,0.3888089060783386,2069.77783203125,0.0,0.0,0.042291800025850534,2,6.578661850653589e-05,-1.4960826320020715e-05,-5.811452865600586e-06,8
42,Base FNO Initializer,2,0.3032393157482147,643.044921875,0.0,0.0,3.0999653972685337e-06,0,0.0,0.0,0.0,9
42,Supervised Latent Neural Operator Corrector,2,0.298108845949173,561.5224609375,0.0,0.0,0.027054899954237044,2,0.008813573978841305,0.017063475213944912,0.005130469799041748,9
42,TD3+BC,2,0.298108845949173,561.5224609375,0.0,0.0,0.04130370001075789,2,0.008813573978841305,0.017063475213944912,0.005130469799041748,9
42,Best Actual RL Policy,2,0.2987602949142456,561.7714233398438,0.0,0.0,0.031951499986462295,2,0.009576497599482536,0.014880729373544455,0.004479020833969116,9
42,Selected Production Policy,2,0.298108845949173,561.5224609375,0.0,0.0,0.041381899965927005,2,0.008813573978841305,0.017063475213944912,0.005130469799041748,9
42,Gradient baseline,2,0.3022575378417969,570.3582153320312,0.0,0.0,0.016656699997838587,2,0.008889229502528906,0.0032429154962301254,0.0009817779064178467,9
42,PINN-style baseline,2,0.30323636531829834,642.11865234375,0.0,0.0,0.04376490000868216,2,6.555779691552743e-05,9.775133094080957e-06,2.950429916381836e-06,9
42,Base FNO Initializer,2,0.3444646894931793,1651.44091796875,0.0,0.0,1.7999554984271526e-06,0,0.0,0.0,0.0,10
42,Supervised Latent Neural Operator Corrector,2,0.3428289294242859,1485.4749755859375,0.0,0.0,0.028524799970909953,2,0.00947638787329197,0.004760014591738582,0.0016357600688934326,10
42,TD3+BC,2,0.3428289294242859,1485.4749755859375,0.0,0.0,0.042820600036066025,2,0.00947638787329197,0.004760014591738582,0.0016357600688934326,10
42,Best Actual RL Policy,2,0.34268227219581604,1484.927734375,0.0,0.0,0.042405600019264966,2,0.009158310946077108,0.005187871167436242,0.0017824172973632812,10
42,Selected Production Policy,2,0.3428289294242859,1485.4749755859375,0.0,0.0,0.04025670001283288,2,0.00947638787329197,0.004760014591738582,0.0016357600688934326,10
42,Gradient baseline,2,0.34434810280799866,1442.6468505859375,0.0,0.0,0.016079100023489445,2,0.00844378536567092,0.00033845260622911155,0.00011658668518066406,10
42,PINN-style baseline,2,0.3444696366786957,1649.9146728515625,0.0,0.0,0.04123120004078373,2,6.574640065082349e-05,-1.43647753247933e-05,-4.947185516357422e-06,10
42,Base FNO Initializer,2,0.5849906802177429,3960.756103515625,0.0,0.010925320908427238,1.700012944638729e-06,0,0.0,0.0,0.0,11
42,Supervised Latent Neural Operator Corrector,2,0.5840911865234375,3707.720458984375,0.0,0.010925320908427238,0.018165700021199882,2,0.008109789341688156,0.0015388077008537948,0.0008994936943054199,11
42,TD3+BC,2,0.5840911865234375,3707.720458984375,0.0,0.010925320908427238,0.02471739996690303,2,0.008109789341688156,0.0015388077008537948,0.0008994936943054199,11
42,Best Actual RL Policy,2,0.5842164158821106,3708.206787109375,0.0,0.010925320908427238,0.03262670000549406,2,0.008179096970707178,0.0013243862777017057,0.0007742643356323242,11
42,Selected Production Policy,2,0.5840911865234375,3707.720458984375,0.0,0.010925320908427238,0.04254019999643788,2,0.008109789341688156,0.0015388077008537948,0.0008994936943054199,11
42,Gradient baseline,2,0.5851846933364868,3634.928955078125,0.0,0.010925320908427238,0.016135399986524135,2,0.008327823597937822,-0.00033161870669573545,-0.00019401311874389648,11
42,PINN-style baseline,2,0.5849962830543518,3958.697998046875,0.0,0.010925320908427238,0.04230470000766218,2,6.571800258825533e-05,-9.596375548426295e-06,-5.602836608886719e-06,11
42,Base FNO Initializer,2,0.3044051229953766,595.3018798828125,0.0,0.0,1.800013706088066e-06,0,0.0,0.0,0.0,12
42,Supervised Latent Neural Operator Corrector,2,0.2989625036716461,518.3514404296875,0.0,0.0,0.02812110004015267,2,0.008744177408516407,0.018041202798485756,0.005442619323730469,12
42,TD3+BC,2,0.2989625036716461,518.3514404296875,0.0,0.0,0.042792299995198846,2,0.008744177408516407,0.018041202798485756,0.005442619323730469,12
42,Best Actual RL Policy,2,0.2996833324432373,518.655517578125,0.0,0.0,0.04256520001217723,2,0.0095098908059299,0.015633033122867346,0.004721790552139282,12
42,Selected Production Policy,2,0.2989625036716461,518.3514404296875,0.0,0.0,0.04358319996390492,2,0.008744177408516407,0.018041202798485756,0.005442619323730469,12
42,Gradient baseline,2,0.30331888794898987,529.679443359375,0.0,0.0,0.015830299991648644,2,0.008879263885319233,0.0035746777430176735,0.0010862350463867188,12
42,PINN-style baseline,2,0.3044005036354065,594.411865234375,0.0,0.0,0.04277509998064488,2,6.54795003356412e-05,1.5258726307365578e-05,4.6193599700927734e-06,12
42,Base FNO Initializer,2,0.5462764501571655,3434.9931640625,0.0,0.0,1.600012183189392e-06,0,0.0,0.0,0.0,13
42,Supervised Latent Neural Operator Corrector,2,0.5455373525619507,3187.4443359375,0.0,0.0,0.026982099981978536,2,0.008635421749204397,0.0013538036146201193,0.0007390975952148438,13
42,TD3+BC,2,0.5455373525619507,3187.4443359375,0.0,0.0,0.041042600001674145,2,0.008635421749204397,0.0013538036146201193,0.0007390975952148438,13
42,Best Actual RL Policy,2,0.5456527471542358,3186.6474609375,0.0,0.0,0.041820499987807125,2,0.008200627751648426,0.0011423403630033135,0.0006237030029296875,13
42,Selected Production Policy,2,0.5455373525619507,3187.4443359375,0.0,0.0,0.04252940003061667,2,0.008635421749204397,0.0013538036146201193,0.0007390975952148438,13
42,Gradient baseline,2,0.5464819669723511,3118.608154296875,0.0,0.0,0.01571209996473044,2,0.008171972818672657,-0.0003762089618248865,-0.00020551681518554688,13
42,PINN-style baseline,2,0.5462816953659058,3432.976806640625,0.0,0.0,0.04278429999249056,2,6.569685865542851e-05,-9.655980647949036e-06,-5.245208740234375e-06,13
42,Base FNO Initializer,2,0.30238786339759827,692.24951171875,0.0,0.0,1.700012944638729e-06,0,0.0,0.0,0.0,14
42,Supervised Latent Neural Operator Corrector,2,0.29755374789237976,606.1319580078125,0.0,0.0,0.028046099992934614,2,0.008878234308212996,0.016115661710500717,0.004834115505218506,14
42,TD3+BC,2,0.29755374789237976,606.1319580078125,0.0,0.0,0.04344849998597056,2,0.008878234308212996,0.016115661710500717,0.004834115505218506,14
42,Best Actual RL Policy,2,0.29812607169151306,606.3134765625,0.0,0.0,0.04218219994800165,2,0.009618673007935286,0.014193958137184381,0.004261791706085205,14
42,Selected Production Policy,2,0.29755374789237976,606.1319580078125,0.0,0.0,0.04392560000997037,2,0.008878234308212996,0.016115661710500717,0.004834115505218506,14
42,Gradient baseline,2,0.30148789286613464,611.6305541992188,0.0,0.0,0.01639689999865368,2,0.008895383682101965,0.002980600227601826,0.000899970531463623,14
42,PINN-style baseline,2,0.302385151386261,691.2888793945312,0.0,0.0,0.04112339997664094,2,6.539263631566428e-05,8.940672159951646e-06,2.7120113372802734e-06,14
42,Base FNO Initializer,2,0.5435420870780945,3405.65576171875,0.0,0.0,1.6999547369778156e-06,0,0.0,0.0,0.0,15
42,Supervised Latent Neural Operator Corrector,2,0.5428089499473572,3158.72900390625,0.0,0.0,0.02723619999596849,2,0.008675622753798962,0.0013496335013769567,0.0007331371307373047,15
42,TD3+BC,2,0.5428089499473572,3158.72900390625,0.0,0.0,0.04165530001046136,2,0.008675622753798962,0.0013496335013769567,0.0007331371307373047,15
42,Best Actual RL Policy,2,0.5429197549819946,3157.950927734375,0.0,0.0,0.040792300016619265,2,0.008210409432649612,0.0011455562198534608,0.0006223320960998535,15
42,Selected Production Policy,2,0.5428089499473572,3158.72900390625,0.0,0.0,0.0405629999586381,2,0.008675622753798962,0.0013496335013769567,0.0007331371307373047,15
42,Gradient baseline,2,0.5437465310096741,3090.088623046875,0.0,0.0,0.015761599992401898,2,0.00817368645220995,-0.00037608976708725095,-0.00020444393157958984,15
42,PINN-style baseline,2,0.5435474514961243,3403.641845703125,0.0,0.0,0.04096899996511638,2,6.589346230612136e-05,-9.8944001365453e-06,-5.364418029785156e-06,15
42,Base FNO Initializer,2,0.29980409145355225,45.42012405395508,0.0,0.0,1.100008375942707e-06,0,0.0,0.0,0.0,16
42,Supervised Latent Neural Operator Corrector,2,0.28472068905830383,38.09269332885742,0.0,0.0,0.026804199966136366,2,0.004743300378322601,0.051620617508888245,0.015083402395248413,16
42,TD3+BC,2,0.28472068905830383,38.09269332885742,0.0,0.0,0.04252799996174872,2,0.004743300378322601,0.051620617508888245,0.015083402395248413,16
42,Best Actual RL Policy,2,0.2769170105457306,38.738285064697266,0.0,0.0,0.044229699997231364,2,0.00849202973768115,0.0794113278388977,0.022887080907821655,16
42,Selected Production Policy,2,0.28472068905830383,38.09269332885742,0.0,0.0,0.041632400010712445,2,0.004743300378322601,0.051620617508888245,0.015083402395248413,16
42,Gradient baseline,2,0.29856809973716736,80.95425415039062,0.0,0.0,0.01684750005370006,2,0.00882125785574317,0.0041311267705168575,0.0012359917163848877,16
42,PINN-style baseline,2,0.2997479736804962,45.18335723876953,0.0,0.0,0.04187499999534339,2,6.467604544013739e-05,0.00018714980978984386,5.6117773056030273e-05,16
42,Base FNO Initializer,2,0.5775725245475769,3834.319580078125,0.0,0.002559700980782509,1.700012944638729e-06,0,0.0,0.0,0.0,17
42,Supervised Latent Neural Operator Corrector,2,0.5767151117324829,3581.760498046875,0.0,0.002559700980782509,0.026443300012033433,2,0.008172170259058475,0.0014855609624646604,0.0008574128150939941,17
42,TD3+BC,2,0.5767151117324829,3581.760498046875,0.0,0.002559700980782509,0.0426296999794431,2,0.008172170259058475,0.0014855609624646604,0.0008574128150939941,17
42,Best Actual RL Policy,2,0.576849639415741,3581.74560546875,0.0,0.002559700980782509,0.0403348000254482,2,0.008136255433782935,0.0012523115146905184,0.0007228851318359375,17
42,Selected Production Policy,2,0.5767151117324829,3581.760498046875,0.0,0.002559700980782509,0.04149670002516359,2,0.008172170259058475,0.0014855609624646604,0.0008574128150939941,17
42,Gradient baseline,2,0.577770471572876,3509.90625,0.0,0.002559700980782509,0.01609900000039488,2,0.008253587409853935,-0.00034270592732355,-0.00019794702529907227,17
42,PINN-style baseline,2,0.5775777101516724,3832.26904296875,0.0,0.002559700980782509,0.039647000026889145,2,6.573598875547759e-05,-9.000326372188283e-06,-5.185604095458984e-06,17
42,Base FNO Initializer,2,0.26343342661857605,10.459040641784668,0.0,0.0,1.100008375942707e-06,0,0.0,0.0,0.0,18
42,Supervised Latent Neural Operator Corrector,2,0.24843844771385193,8.918184280395508,0.0,0.0,0.026010299974586815,2,0.0024339634692296386,0.0586054902523756,0.014994978904724121,18
42,TD3+BC,2,0.24843844771385193,8.918184280395508,0.0,0.0,0.040641300030983984,2,0.0024339634692296386,0.0586054902523756,0.014994978904724121,18
42,Best Actual RL Policy,2,0.25477540493011475,10.5616455078125,0.0,0.0,0.041875099996104836,2,0.008864600211381912,0.03341817110776901,0.008658021688461304,18
42,Selected Production Policy,2,0.24843844771385193,8.918184280395508,0.0,0.0,0.042094600037671626,2,0.0024339634692296386,0.0586054902523756,0.014994978904724121,18
42,Gradient baseline,2,0.2644435167312622,51.91250991821289,0.0,0.0,0.01641779998317361,2,0.00901026464998722,-0.003827076405286789,-0.0010100901126861572,18
42,PINN-style baseline,2,0.2633098363876343,10.340628623962402,0.0,0.0,0.04119329998502508,2,6.357061647577211e-05,0.0004692718939622864,0.00012359023094177246,18
42,Base FNO Initializer,2,0.31048741936683655,439.23931884765625,0.0,0.0,1.800013706088066e-06,0,0.0,0.0,0.0,19
42,Supervised Latent Neural Operator Corrector,2,0.30379167199134827,378.5071716308594,0.0,0.0,0.02713410003343597,2,0.008458420168608427,0.021801232360303402,0.006695747375488281,19
42,TD3+BC,2,0.30379167199134827,378.5071716308594,0.0,0.0,0.041242700011935085,2,0.008458420168608427,0.021801232360303402,0.006695747375488281,19
42,Best Actual RL Policy,2,0.30456700921058655,378.8564758300781,0.0,0.0,0.04078419995494187,2,0.009041066281497478,0.019252208061516285,0.00592041015625,19
42,Selected Production Policy,2,0.30379167199134827,378.5071716308594,0.0,0.0,0.04163059999700636,2,0.008458420168608427,0.021801232360303402,0.006695747375488281,19
42,Gradient baseline,2,0.3090853691101074,403.2131042480469,0.0,0.0,0.015757900022435933,2,0.008869706187397242,0.00452577811665833,0.001402050256729126,19
42,PINN-style baseline,2,0.31047672033309937,438.4835205078125,0.0,0.0,0.045767400006297976,2,6.547728116856888e-05,3.4451184546924196e-05,1.0699033737182617e-05,19
42,Base FNO Initializer,2,0.3058614730834961,548.5723876953125,0.0,0.0,1.9000144675374031e-06,0,0.0,0.0,0.0,20
42,Supervised Latent Neural Operator Corrector,2,0.30008283257484436,476.34136962890625,0.0,0.0,0.022934900014661252,2,0.00867227977141738,0.01907371263951063,0.005778640508651733,20
42,TD3+BC,2,0.30008283257484436,476.34136962890625,0.0,0.0,0.03278340003453195,2,0.00867227977141738,0.01907371263951063,0.005778640508651733,20
42,Best Actual RL Policy,2,0.3008576035499573,476.68060302734375,0.0,0.0,0.04287469998234883,2,0.0094197578728199,0.01649514026939869,0.005003869533538818,20
42,Selected Production Policy,2,0.30008283257484436,476.34136962890625,0.0,0.0,0.0409541999688372,2,0.00867227977141738,0.01907371263951063,0.005778640508651733,20
42,Gradient baseline,2,0.3047119081020355,492.71734619140625,0.0,0.0,0.01586370001314208,2,0.008893779944628477,0.003765423665754497,0.0011495649814605713,20
42,PINN-style baseline,2,0.30585479736328125,547.7201538085938,0.0,0.0,0.04257940000388771,2,6.542498158523813e-05,2.1815175387018826e-05,6.67572021484375e-06,20
42,Base FNO Initializer,2,0.3195609748363495,1329.984619140625,0.0,0.0,1.700012944638729e-06,0,0.0,0.0,0.0,21
42,Supervised Latent Neural Operator Corrector,2,0.3172568082809448,1188.856689453125,0.0,0.0,0.02810449997195974,2,0.009351656772196293,0.0072364117950201035,0.002304166555404663,21
42,TD3+BC,2,0.3172568082809448,1188.856689453125,0.0,0.0,0.04118830000516027,2,0.009351656772196293,0.0072364117950201035,0.002304166555404663,21
42,Best Actual RL Policy,2,0.3171747326850891,1188.352783203125,0.0,0.0,0.04097510001156479,2,0.009377182461321354,0.007495084078982472,0.002386242151260376,21
42,Selected Production Policy,2,0.3172568082809448,1188.856689453125,0.0,0.0,0.04249339998932555,2,0.009351656772196293,0.0072364117950201035,0.002304166555404663,21
42,Gradient baseline,2,0.31927627325057983,1157.5714111328125,0.0,0.0,0.016514900024048984,2,0.008546698372811079,0.0008912815828807652,0.0002847015857696533,21
42,PINN-style baseline,2,0.3195638954639435,1328.6312255859375,0.0,0.0,0.04074890003539622,2,6.560558176715858e-05,-9.179140761261806e-06,-2.9206275939941406e-06,21
42,Base FNO Initializer,2,0.32081860303878784,251.42733764648438,0.0,0.0,1.600012183189392e-06,0,0.0,0.0,0.0,22
42,Supervised Latent Neural Operator Corrector,2,0.31162145733833313,213.24615478515625,0.0,0.0,0.027726200001779944,2,0.007816977333277464,0.029086627066135406,0.009197145700454712,22
42,TD3+BC,2,0.31162145733833313,213.24615478515625,0.0,0.0,0.040392299997620285,2,0.007816977333277464,0.029086627066135406,0.009197145700454712,22
42,Best Actual RL Policy,2,0.3110463321208954,213.40750122070312,0.0,0.0,0.041824700019788,2,0.007711096899583936,0.030934002250432968,0.009772270917892456,22
42,Selected Production Policy,2,0.31162145733833313,213.24615478515625,0.0,0.0,0.041626199963502586,2,0.007816977333277464,0.029086627066135406,0.009197145700454712,22
42,Gradient baseline,2,0.31888946890830994,253.94200134277344,0.0,0.0,0.018212799972388893,2,0.008842560928314924,0.006031230324879289,0.0019291341304779053,22
42,PINN-style baseline,2,0.32080331444740295,250.86593627929688,0.0,0.0,0.041559900040738285,2,6.520835449919105e-05,4.768314101966098e-05,1.5288591384887695e-05,22
42,Base FNO Initializer,2,0.557006299495697,3555.9130859375,0.0,0.0,1.700012944638729e-06,0,0.0,0.0,0.0,23
42,Supervised Latent Neural Operator Corrector,2,0.5562523007392883,3306.15673828125,0.0,0.0,0.02770460001192987,2,0.008468431420624256,0.0013545205583795905,0.0007539987564086914,23
42,TD3+BC,2,0.5562523007392883,3306.15673828125,0.0,0.0,0.04047629999695346,2,0.008468431420624256,0.0013545205583795905,0.0007539987564086914,23
42,Best Actual RL Policy,2,0.5563840270042419,3305.405029296875,0.0,0.0,0.042373200005386025,2,0.008155103074386716,0.0011176815023645759,0.0006222724914550781,23
42,Selected Production Policy,2,0.5562523007392883,3306.15673828125,0.0,0.0,0.040718299977015704,2,0.008468431420624256,0.0013545205583795905,0.0007539987564086914,23
42,Gradient baseline,2,0.5572149157524109,3236.03564453125,0.0,0.0,0.015595999953802675,2,0.008162100333720446,-0.0003745394787983969,-0.0002086162567138672,23
42,PINN-style baseline,2,0.5570117831230164,3553.88427734375,0.0,0.0,0.04148509999504313,2,6.574350845767185e-05,-9.8944001365453e-06,-5.4836273193359375e-06,23
42,Base FNO Initializer,2,0.3115316927433014,418.41656494140625,0.0,0.0,1.600012183189392e-06,0,0.0,0.0,0.0,24
42,Supervised Latent Neural Operator Corrector,2,0.3046349287033081,360.05108642578125,0.0,0.0,0.026609900000039488,2,0.008413917385041714,0.022386841475963593,0.006896764039993286,24
42,TD3+BC,2,0.3046349287033081,360.05108642578125,0.0,0.0,0.04281559999799356,2,0.008413917385041714,0.022386841475963593,0.006896764039993286,24
42,Best Actual RL Policy,2,0.3053763210773468,360.3835144042969,0.0,0.0,0.044877199979964644,2,0.008940869476646185,0.019956132397055626,0.00615537166595459,24
42,Selected Production Policy,2,0.3046349287033081,360.05108642578125,0.0,0.0,0.04044489999068901,2,0.008413917385041714,0.022386841475963593,0.006896764039993286,24
42,Gradient baseline,2,0.31008225679397583,385.9095153808594,0.0,0.0,0.01580709998961538,2,0.008884289767593145,0.004663380212150514,0.0014494359493255615,24
42,PINN-style baseline,2,0.31151989102363586,417.6784362792969,0.0,0.0,0.043251700000837445,2,6.550954640260898e-05,3.790819209825713e-05,1.1801719665527344e-05,24
42,Base FNO Initializer,2,0.30353686213493347,957.0062255859375,0.0,0.0,1.9999570213258266e-06,0,0.0,0.0,0.0,25
42,Supervised Latent Neural Operator Corrector,2,0.29999035596847534,847.1320190429688,0.0,0.0,0.026724099996499717,2,0.00913311680778861,0.011752656195312738,0.00354650616645813,25
42,TD3+BC,2,0.29999035596847534,847.1320190429688,0.0,0.0,0.041044100013095886,2,0.00913311680778861,0.011752656195312738,0.00354650616645813,25
42,Best Actual RL Policy,2,0.3001803755760193,846.962646484375,0.0,0.0,0.0407246999675408,2,0.00960886338725686,0.011119394563138485,0.0033564865589141846,25
42,Selected Production Policy,2,0.29999035596847534,847.1320190429688,0.0,0.0,0.04178550001233816,2,0.00913311680778861,0.011752656195312738,0.00354650616645813,25
42,Gradient baseline,2,0.3029530644416809,834.1784057617188,0.0,0.0,0.01616440003272146,2,0.008676554076373577,0.0019251419580541551,0.0005837976932525635,25
42,PINN-style baseline,2,0.3035372495651245,955.8773193359375,0.0,0.0,0.03766979998908937,2,6.548280362039804e-05,-1.2517023719738063e-06,-3.8743019104003906e-07,25
42,Base FNO Initializer,2,0.39518487453460693,2125.42236328125,0.0,0.0,1.600012183189392e-06,0,0.0,0.0,0.0,26
42,Supervised Latent Neural Operator Corrector,2,0.3941103219985962,1927.68994140625,0.0,0.0,0.027063500019721687,2,0.009572554379701614,0.0027227604296058416,0.0010745525360107422,26
42,TD3+BC,2,0.3941103219985962,1927.68994140625,0.0,0.0,0.04125409998232499,2,0.009572554379701614,0.0027227604296058416,0.0010745525360107422,26
42,Best Actual RL Policy,2,0.39397770166397095,1927.380615234375,0.0,0.0,0.041444199974648654,2,0.008847994264215231,0.0030593982664868236,0.0012071728706359863,26
42,Selected Production Policy,2,0.3941103219985962,1927.68994140625,0.0,0.0,0.04081809998024255,2,0.009572554379701614,0.0027227604296058416,0.0010745525360107422,26
42,Gradient baseline,2,0.39523130655288696,1873.5950927734375,0.0,0.0,0.016119000036269426,2,0.008344729896634817,-0.00011755387822631747,-4.64320182800293e-05,26
42,PINN-style baseline,2,0.39518994092941284,2123.69287109375,0.0,0.0,0.04118380002910271,2,6.561268310179003e-05,-1.2815044101444073e-05,-5.066394805908203e-06,26
42,Base FNO Initializer,2,0.30378463864326477,618.8441772460938,0.0,0.0,1.6999547369778156e-06,0,0.0,0.0,0.0,27
42,Supervised Latent Neural Operator Corrector,2,0.2984955906867981,539.576416015625,0.0,0.0,0.027714100026059896,2,0.008781793527305126,0.017563861794769764,0.005289047956466675,27
42,TD3+BC,2,0.2984955906867981,539.576416015625,0.0,0.0,0.04158670001197606,2,0.008781793527305126,0.017563861794769764,0.005289047956466675,27
42,Best Actual RL Policy,2,0.29918456077575684,539.8577270507812,0.0,0.0,0.04234700003871694,2,0.009549311827868223,0.01525827869772911,0.004600077867507935,27
42,Selected Production Policy,2,0.2984955906867981,539.576416015625,0.0,0.0,0.04195549996802583,2,0.008781793527305126,0.017563861794769764,0.005289047956466675,27
42,Gradient baseline,2,0.30275794863700867,549.9725952148438,0.0,0.0,0.012536599999293685,2,0.008890330325812101,0.003385242191143334,0.0010266900062561035,27
42,PINN-style baseline,2,0.30378133058547974,617.9359741210938,0.0,0.0,0.04281740001169965,2,6.538277739309706e-05,1.0848010788322426e-05,3.3080577850341797e-06,27
42,Base FNO Initializer,2,0.3018798828125,742.8990478515625,0.0,0.0,1.600012183189392e-06,0,0.0,0.0,0.0,28
42,Supervised Latent Neural Operator Corrector,2,0.29732704162597656,652.0904541015625,0.0,0.0,0.027822299976833165,2,0.008936937898397446,0.015196382068097591,0.0045528411865234375,28
42,TD3+BC,2,0.29732704162597656,652.0904541015625,0.0,0.0,0.04247799998847768,2,0.008936937898397446,0.015196382068097591,0.0045528411865234375,28
42,Best Actual RL Policy,2,0.2978183925151825,652.218017578125,0.0,0.0,0.0423463000333868,2,0.009643392637372017,0.013545202556997538,0.004061490297317505,28
42,Selected Production Policy,2,0.29732704162597656,652.0904541015625,0.0,0.0,0.04162959998939186,2,0.008936937898397446,0.015196382068097591,0.0045528411865234375,28
42,Gradient baseline,2,0.30105412006378174,653.9757080078125,0.0,0.0,0.016076199943199754,2,0.008862977381795645,0.002739082439802587,0.0008257627487182617,28
42,PINN-style baseline,2,0.3018774688243866,741.9048461914062,0.0,0.0,0.042090100003406405,2,6.566101365024224e-05,7.98700216364523e-06,2.4139881134033203e-06,28
42,Base FNO Initializer,2,0.4943404793739319,2931.8359375,0.0,0.0,1.600012183189392e-06,0,0.0,0.0,0.0,29
42,Supervised Latent Neural Operator Corrector,2,0.49363765120506287,2697.264892578125,0.0,0.0,0.02775940002175048,2,0.009274928830564022,0.0014226394705474377,0.0007028281688690186,29
42,TD3+BC,2,0.49363765120506287,2697.264892578125,0.0,0.0,0.04108200001064688,2,0.009274928830564022,0.0014226394705474377,0.0007028281688690186,29
42,Best Actual RL Policy,2,0.49364379048347473,2696.862060546875,0.0,0.0,0.04119459999492392,2,0.008425663691014051,0.0014103618450462818,0.0006966888904571533,29
42,Selected Production Policy,2,0.49363765120506287,2697.264892578125,0.0,0.0,0.04275730001972988,2,0.009274928830564022,0.0014226394705474377,0.0007028281688690186,29
42,Gradient baseline,2,0.4945206344127655,2633.427734375,0.0,0.0,0.015796200023032725,2,0.008219981100410223,-0.00036446552257984877,-0.00018015503883361816,29
42,PINN-style baseline,2,0.49434611201286316,2929.880859375,0.0,0.0,0.041528900037519634,2,6.589873009943403e-05,-1.1384524441382382e-05,-5.632638931274414e-06,29
42,Base FNO Initializer,2,0.6040374040603638,4289.4482421875,0.0,0.07487307488918304,1.600012183189392e-06,0,0.0,0.0,0.0,30
42,Supervised Latent Neural Operator Corrector,2,0.6030295491218567,4034.08544921875,0.0,0.07487307488918304,0.024831899965647608,2,0.007871180074289441,0.0016698366380296648,0.00100785493850708,30
42,TD3+BC,2,0.6030295491218567,4034.08544921875,0.0,0.07487307488918304,0.04216969996923581,2,0.007871180074289441,0.0016698366380296648,0.00100785493850708,30
42,Best Actual RL Policy,2,0.6031270623207092,4036.119384765625,0.0,0.07487307488918304,0.04423910001059994,2,0.008236118592321873,0.0015080759767442942,0.000910341739654541,30
42,Selected Production Policy,2,0.6030295491218567,4034.08544921875,0.0,0.07487307488918304,0.042881499975919724,2,0.007871180074289441,0.0016698366380296648,0.00100785493850708,30
42,Gradient baseline,2,0.6042280793190002,3958.709716796875,0.0,0.07487307488918304,0.015914399991743267,2,0.00828825868666172,-0.0003157009050482884,-0.0001906752586364746,30
42,PINN-style baseline,2,0.6040425896644592,4287.37109375,0.0,0.07487307488918304,0.04223620000993833,2,6.569620018126443e-05,-8.583092039771145e-06,-5.185604095458984e-06,30
42,Base FNO Initializer,2,0.3498401343822479,1709.37939453125,0.0,0.0,1.500011421740055e-06,0,0.0,0.0,0.0,31
42,Supervised Latent Neural Operator Corrector,2,0.3482968807220459,1539.05859375,0.0,0.0,0.02751049998914823,2,0.009491725359112024,0.004421050660312176,0.0015432536602020264,31
42,TD3+BC,2,0.3482968807220459,1539.05859375,0.0,0.0,0.042830999998841435,2,0.009491725359112024,0.004421050660312176,0.0015432536602020264,31
42,Best Actual RL Policy,2,0.3481471538543701,1538.533447265625,0.0,0.0,0.02756060002138838,2,0.009118132758885622,0.004851001547649503,0.0016929805278778076,31
42,Selected Production Policy,2,0.3482968807220459,1539.05859375,0.0,0.0,0.04209200001787394,2,0.009491725359112024,0.004421050660312176,0.0015432536602020264,31
42,Gradient baseline,2,0.34974899888038635,1494.5531005859375,0.0,0.0,0.016345499956514686,2,0.008427208755165339,0.000260383021668531,9.113550186157227e-05,31
42,PINN-style baseline,2,0.34984463453292847,1707.8209228515625,0.0,0.0,0.04180760000599548,2,6.572289930772968e-05,-1.2874649200966815e-05,-4.500150680541992e-06,31
42,Base FNO Initializer,2,0.31445395946502686,1242.1712646484375,0.0,0.0,1.9000144675374031e-06,0,0.0,0.0,0.0,32
42,Supervised Latent Neural Operator Corrector,2,0.3119086027145386,1108.1807861328125,0.0,0.0,0.02781419997336343,2,0.009308896493166685,0.008127293083816767,0.0025453567504882812,32
42,TD3+BC,2,0.3119086027145386,1108.1807861328125,0.0,0.0,0.04227949999039993,2,0.009308896493166685,0.008127293083816767,0.0025453567504882812,32
42,Best Actual RL Policy,2,0.3118661344051361,1107.72705078125,0.0,0.0,0.04120159999001771,2,0.009436477907001972,0.00826356397010386,0.002587825059890747,32
42,Selected Production Policy,2,0.3119086027145386,1108.1807861328125,0.0,0.0,0.04055909998714924,2,0.009308896493166685,0.008127293083816767,0.0025453567504882812,32
42,Gradient baseline,2,0.3141082227230072,1080.3455810546875,0.0,0.0,0.01598339999327436,2,0.00856726011261344,0.0011000249651260674,0.0003457367420196533,32
42,PINN-style baseline,2,0.31445616483688354,1240.869384765625,0.0,0.0,0.03938279999420047,2,6.564575232914649e-05,-6.973760264372686e-06,-2.205371856689453e-06,32
42,Base FNO Initializer,2,0.3051007091999054,571.7135620117188,0.0,0.0,1.600012183189392e-06,0,0.0,0.0,0.0,33
42,Supervised Latent Neural Operator Corrector,2,0.29949522018432617,497.123779296875,0.0,0.0,0.027651300013531,2,0.008707336615771055,0.01854335144162178,0.005605489015579224,33
42,TD3+BC,2,0.29949522018432617,497.123779296875,0.0,0.0,0.04538739996496588,2,0.008707336615771055,0.01854335144162178,0.005605489015579224,33
42,Best Actual RL Policy,2,0.300246000289917,497.4537353515625,0.0,0.0,0.042229300015605986,2,0.009467741008847952,0.016039653681218624,0.004854708909988403,33
42,Selected Production Policy,2,0.29949522018432617,497.123779296875,0.0,0.0,0.04148920002626255,2,0.008707336615771055,0.01854335144162178,0.005605489015579224,33
42,Gradient baseline,2,0.30397939682006836,511.0164489746094,0.0,0.0,0.016032699961215258,2,0.00888110138475895,0.00368188985157758,0.0011213123798370361,33
42,PINN-style baseline,2,0.305095374584198,570.843017578125,0.0,0.0,0.04214540001703426,2,6.542456321767531e-05,1.7404477148375008e-05,5.334615707397461e-06,33
42,Base FNO Initializer,2,0.5267638564109802,3232.8515625,0.0,0.0,1.600012183189392e-06,0,0.0,0.0,0.0,34
42,Supervised Latent Neural Operator Corrector,2,0.5260525345802307,2989.537109375,0.0,0.0,0.02785730001050979,2,0.008914355654269457,0.0013511775177903473,0.0007113218307495117,34
42,TD3+BC,2,0.5260525345802307,2989.537109375,0.0,0.0,0.04136360000120476,2,0.008914355654269457,0.0013511775177903473,0.0007113218307495117,34
42,Best Actual RL Policy,2,0.5261305570602417,2988.836181640625,0.0,0.0,0.04252950003137812,2,0.008284422568976879,0.0012029733916278929,0.0006332993507385254,34
42,Selected Production Policy,2,0.5260525345802307,2989.537109375,0.0,0.0,0.04225940001197159,2,0.008914355654269457,0.0013511775177903473,0.0007113218307495117,34
42,Gradient baseline,2,0.5269619226455688,2922.752197265625,0.0,0.0,0.010582600021734834,2,0.008185832295566797,-0.0003759708197321743,-0.00019806623458862305,34
42,PINN-style baseline,2,0.5267695188522339,3230.857421875,0.0,0.0,0.03184890002012253,2,6.570737605215982e-05,-1.0728869256126927e-05,-5.662441253662109e-06,34
42,Base FNO Initializer,2,0.3018037974834442,821.0812377929688,0.0,0.0,1.600012183189392e-06,0,0.0,0.0,0.0,35
42,Supervised Latent Neural Operator Corrector,2,0.29765141010284424,723.1473388671875,0.0,0.0,0.027653799974359572,2,0.009018625598400831,0.013853961136192083,0.004152387380599976,35
42,TD3+BC,2,0.29765141010284424,723.1473388671875,0.0,0.0,0.04147360002389178,2,0.009018625598400831,0.013853961136192083,0.004152387380599976,35
42,Best Actual RL Policy,2,0.29802054166793823,723.1591186523438,0.0,0.0,0.04082540003582835,2,0.009649579878896475,0.012614677660167217,0.0037832558155059814,35
42,Selected Production Policy,2,0.29765141010284424,723.1473388671875,0.0,0.0,0.042014299950096756,2,0.009018625598400831,0.013853961136192083,0.004152387380599976,35
42,Gradient baseline,2,0.3010818660259247,719.7919921875,0.0,0.0,0.015841000014916062,2,0.00880658021196723,0.00239478494040668,0.0007219314575195312,35
42,PINN-style baseline,2,0.3018034100532532,820.0352783203125,0.0,0.0,0.04249060002621263,2,6.555567233590409e-05,1.1920882059257565e-06,3.8743019104003906e-07,35
42,Base FNO Initializer,5,0.31183716654777527,69.8258056640625,0.0,0.0,1.700012944638729e-06,0,0.0,0.0,0.0,0
42,Supervised Latent Neural Operator Corrector,5,0.2784607708454132,64.18755340576172,0.0,0.0,0.06789040000876412,5,0.005637429933995008,0.11320376396179199,0.03337639570236206,0
42,TD3+BC,5,0.2784607708454132,64.18755340576172,0.0,0.0,0.10556350002298132,5,0.005637429933995008,0.11320376396179199,0.03337639570236206,0
42,Best Actual RL Policy,5,0.2653171420097351,76.31664276123047,0.0,0.0,0.10710850002942607,5,0.008553707227110862,0.16155502572655678,0.04652002453804016,0
42,Selected Production Policy,5,0.2784607708454132,64.18755340576172,0.0,0.0,0.10284669999964535,5,0.005637429933995008,0.11320376396179199,0.03337639570236206,0
42,Gradient baseline,5,0.30918827652931213,99.56948852539062,0.0,0.0,0.04104080004617572,5,0.00968343075364828,0.008530412218533456,0.0026488900184631348,0
42,PINN-style baseline,5,0.31173595786094666,69.11775970458984,0.0,0.0,0.07420100003946573,5,6.343988497974351e-05,0.00032447711055283435,0.00010120868682861328,0
42,Base FNO Initializer,5,0.6176638603210449,4549.3076171875,0.0,0.17247915267944336,1.100008375942707e-06,0,0.0,0.0,0.0,1
42,Supervised Latent Neural Operator Corrector,5,0.6149932146072388,4084.885009765625,0.0,0.17247915267944336,0.0686122999759391,5,0.0073164903558790685,0.0043330268817953765,0.0026706457138061523,1
42,TD3+BC,5,0.6149932146072388,4084.885009765625,0.0,0.17247915267944336,0.08505240001250058,5,0.0073164903558790685,0.0043330268817953765,0.0026706457138061523,1
42,Best Actual RL Policy,5,0.6152463555335999,4092.84375,0.0,0.17247915267944336,0.1054106000228785,5,0.007774250209331512,0.0039214862626977265,0.0024175047874450684,1
42,Selected Production Policy,5,0.6149932146072388,4084.885009765625,0.0,0.17247915267944336,0.10415869997814298,5,0.0073164903558790685,0.0043330268817953765,0.0026706457138061523,1
42,Gradient baseline,5,0.6183350682258606,3977.138427734375,0.0,0.17247915267944336,0.03991130000213161,5,0.007841818686574697,-0.0010862773488042876,-0.0006712079048156738,1
42,PINN-style baseline,5,0.6176781058311462,4544.11669921875,0.0,0.17247915267944336,0.10124670004006475,5,6.546403019456193e-05,-2.306706255694735e-05,-1.424551010131836e-05,1
42,Base FNO Initializer,5,0.5489823222160339,3465.302490234375,0.0,0.0,1.600012183189392e-06,0,0.0,0.0,0.0,2
42,Supervised Latent Neural Operator Corrector,5,0.5473241209983826,3025.809326171875,0.0,0.0,0.045472900033928454,5,0.00832937452942133,0.0030247984104789793,0.0016582012176513672,2
42,TD3+BC,5,0.5473241209983826,3025.809326171875,0.0,0.0,0.07767200004309416,5,0.00832937452942133,0.0030247984104789793,0.0016582012176513672,2
42,Best Actual RL Policy,5,0.5479017496109009,3026.37744140625,0.0,0.0,0.10468000004766509,5,0.007661511749029159,0.001970051060197875,0.0010805726051330566,2
42,Selected Production Policy,5,0.5473241209983826,3025.809326171875,0.0,0.0,0.10446439997758716,5,0.00832937452942133,0.0030247984104789793,0.0016582012176513672,2
42,Gradient baseline,5,0.5497033596038818,2969.794921875,0.0,0.0,0.0404147999943234,5,0.00828869678080082,-0.0013127317215548828,-0.0007210373878479004,2
42,PINN-style baseline,5,0.5489978194236755,3460.276123046875,0.0,0.0,0.09470749995671213,5,6.543547933688388e-05,-2.8252693482500035e-05,-1.5497207641601562e-05,2
42,Base FNO Initializer,5,0.3147924244403839,358.86572265625,0.0,0.0,1.5999539755284786e-06,0,0.0,0.0,0.0,3
42,Supervised Latent Neural Operator Corrector,5,0.29660236835479736,293.9813537597656,0.0,0.0,0.06912169995484874,5,0.007917238399386406,0.05952092632651329,0.018190056085586548,3
42,TD3+BC,5,0.29660236835479736,293.9813537597656,0.0,0.0,0.10505270003341138,5,0.007917238399386406,0.05952092632651329,0.018190056085586548,3
42,Best Actual RL Policy,5,0.2974754869937897,293.2060852050781,0.0,0.0,0.10537040000781417,5,0.008051726035773754,0.05658154468983412,0.01731693744659424,3
42,Selected Production Policy,5,0.29660236835479736,293.9813537597656,0.0,0.0,0.10490400000708178,5,0.007917238399386406,0.05952092632651329,0.018190056085586548,3
42,Gradient baseline,5,0.3119865655899048,331.6688232421875,0.0,0.0,0.04045690002385527,5,0.009755130484700203,0.008953055366873741,0.002805858850479126,3
42,PINN-style baseline,5,0.3147621154785156,357.19580078125,0.0,0.0,0.10422010003821924,5,6.450818182202056e-05,9.620095988793764e-05,3.0308961868286133e-05,3
42,Base FNO Initializer,5,0.4535945653915405,2594.45703125,0.0,0.0,2.500019036233425e-06,0,0.0,0.0,0.0,4
42,Supervised Latent Neural Operator Corrector,5,0.45240020751953125,2212.119873046875,0.0,0.0,0.06684949999907985,5,0.009393910504877567,0.002636423261719756,0.0011943578720092773,4
42,TD3+BC,5,0.45240020751953125,2212.119873046875,0.0,0.0,0.10474570002406836,5,0.009393910504877567,0.002636423261719756,0.0011943578720092773,4
42,Best Actual RL Policy,5,0.4522712528705597,2213.962158203125,0.0,0.0,0.10142379999160767,5,0.008181362599134444,0.002921589566540206,0.001323312520980835,4
42,Selected Production Policy,5,0.45240020751953125,2212.119873046875,0.0,0.0,0.10219770000549033,5,0.009393910504877567,0.002636423261719756,0.0011943578720092773,4
42,Gradient baseline,5,0.45408788323402405,2165.4775390625,0.0,0.0,0.03441640001256019,5,0.008487539738416672,-0.0010871390695683658,-0.0004933178424835205,4
42,PINN-style baseline,5,0.45360904932022095,2589.77294921875,0.0,0.0,0.09834299999056384,5,6.54943272820674e-05,-3.194820374119445e-05,-1.4483928680419922e-05,4
42,Base FNO Initializer,5,0.31148627400398254,1184.1424560546875,0.0,0.0,1.600012183189392e-06,0,0.0,0.0,0.0,5
42,Supervised Latent Neural Operator Corrector,5,0.3060283958911896,974.6798095703125,0.0,0.0,0.06859779998194426,5,0.008984272740781308,0.017677000490948558,0.005457878112792969,5
42,TD3+BC,5,0.3060283958911896,974.6798095703125,0.0,0.0,0.10613970004487783,5,0.008984272740781308,0.017677000490948558,0.005457878112792969,5
42,Best Actual RL Policy,5,0.30616816878318787,973.5874633789062,0.0,0.0,0.10291219997452572,5,0.009375211969017982,0.017220514826476574,0.005318105220794678,5
42,Selected Production Policy,5,0.3060283958911896,974.6798095703125,0.0,0.0,0.10460279998369515,5,0.008984272740781308,0.017677000490948558,0.005457878112792969,5
42,Gradient baseline,5,0.3107258081436157,996.0735473632812,0.0,0.0,0.04070980002870783,5,0.00935802273452282,0.0024441020796075463,0.0007604658603668213,5
42,PINN-style baseline,5,0.31149187684059143,1181.0006103515625,0.0,0.0,0.10639270005049184,5,6.528838421218097e-05,-1.800064706003468e-05,-5.602836608886719e-06,5
42,Base FNO Initializer,5,0.32978054881095886,1476.568359375,0.0,0.0,1.6999547369778156e-06,0,0.0,0.0,0.0,6
42,Supervised Latent Neural Operator Corrector,5,0.32614874839782715,1224.425048828125,0.0,0.0,0.06868809997104108,5,0.00915688406676054,0.011073539033532143,0.003631800413131714,6
42,TD3+BC,5,0.32614874839782715,1224.425048828125,0.0,0.0,0.10436569998273626,5,0.00915688406676054,0.011073539033532143,0.003631800413131714,6
42,Best Actual RL Policy,5,0.32582738995552063,1222.7786865234375,0.0,0.0,0.08628310001222417,5,0.009136238321661948,0.012059462605975568,0.003953158855438232,6
42,Selected Production Policy,5,0.32614874839782715,1224.425048828125,0.0,0.0,0.10488830000394955,5,0.00915688406676054,0.011073539033532143,0.003631800413131714,6
42,Gradient baseline,5,0.3293652832508087,1227.3138427734375,0.0,0.0,0.040174500027205795,5,0.009228836372494697,0.001259656753973104,0.0004152655601501465,6
42,PINN-style baseline,5,0.32978832721710205,1473.0091552734375,0.0,0.0,0.10034230002202094,5,6.521102041006089e-05,-2.360350799790467e-05,-7.778406143188477e-06,6
42,Base FNO Initializer,5,0.3222508132457733,219.30593872070312,0.0,0.0,1.8999562598764896e-06,0,0.0,0.0,0.0,7
42,Supervised Latent Neural Operator Corrector,5,0.2978237271308899,181.42831420898438,0.0,0.0,0.07401519996346906,5,0.0073577634990215305,0.07882824447005987,0.024427086114883423,7
42,TD3+BC,5,0.2978237271308899,181.42831420898438,0.0,0.0,0.09660099999746308,5,0.0073577634990215305,0.07882824447005987,0.024427086114883423,7
42,Best Actual RL Policy,5,0.29347044229507446,181.83999633789062,0.0,0.0,0.10498900001402944,5,0.007390332408249378,0.09355313144624233,0.028780370950698853,7
42,Selected Production Policy,5,0.2978237271308899,181.42831420898438,0.0,0.0,0.11001960001885891,5,0.0073577634990215305,0.07882824447005987,0.024427086114883423,7
42,Gradient baseline,5,0.3191068470478058,217.30528259277344,0.0,0.0,0.04350009997142479,5,0.009777130372822285,0.009803984663449228,0.0031439661979675293,7
42,PINN-style baseline,5,0.32221317291259766,218.02261352539062,0.0,0.0,0.10249920003116131,5,6.444342725444585e-05,0.00011694293061736971,3.764033317565918e-05,7
42,Base FNO Initializer,5,0.388803094625473,2071.488037109375,0.0,0.0,1.600012183189392e-06,0,0.0,0.0,0.0,8
42,Supervised Latent Neural Operator Corrector,5,0.3870254158973694,1742.15771484375,0.0,0.0,0.06709029997000471,5,0.009392045252025128,0.00458243433968164,0.0017776787281036377,8
42,TD3+BC,5,0.3870254158973694,1742.15771484375,0.0,0.0,0.10441450000507757,5,0.009392045252025128,0.00458243433968164,0.0017776787281036377,8
42,Best Actual RL Policy,5,0.3865898847579956,1741.960693359375,0.0,0.0,0.104707199963741,5,0.008605931885540485,0.005708606855478138,0.002213209867477417,8
42,Selected Production Policy,5,0.3870254158973694,1742.15771484375,0.0,0.0,0.1077618999988772,5,0.009392045252025128,0.00458243433968164,0.0017776787281036377,8
42,Gradient baseline,5,0.3889678716659546,1712.857177734375,0.0,0.0,0.03295540000544861,5,0.008752086386084556,-0.000423943576606689,-0.00016477704048156738,8
42,PINN-style baseline,5,0.38881823420524597,2067.241943359375,0.0,0.0,0.10512500000186265,5,6.550643738592043e-05,-3.8921995383134345e-05,-1.5139579772949219e-05,8
42,Base FNO Initializer,5,0.3032393157482147,643.044921875,0.0,0.0,1.600012183189392e-06,0,0.0,0.0,0.0,9
42,Supervised Latent Neural Operator Corrector,5,0.29170501232147217,521.7887573242188,0.0,0.0,0.06968760001473129,5,0.008442163839936257,0.038778952322900295,0.011534303426742554,9
42,TD3+BC,5,0.29170501232147217,521.7887573242188,0.0,0.0,0.10742179997032508,5,0.008442163839936257,0.038778952322900295,0.011534303426742554,9
42,Best Actual RL Policy,5,0.2938574254512787,522.4376220703125,0.0,0.0,0.10482909996062517,5,0.009311718493700027,0.03142734430730343,0.009381890296936035,9
42,Selected Production Policy,5,0.29170501232147217,521.7887573242188,0.0,0.0,0.10423150000860915,5,0.008442163839936257,0.038778952322900295,0.011534303426742554,9
42,Gradient baseline,5,0.3014240264892578,560.2495727539062,0.0,0.0,0.039224700012709945,5,0.009652752988040447,0.006004163587931544,0.0018152892589569092,9
42,PINN-style baseline,5,0.30323100090026855,640.7581176757812,0.0,0.0,0.10280499997315928,5,6.503768963739276e-05,2.7537255846254993e-05,8.314847946166992e-06,9
42,Base FNO Initializer,5,0.3444646894931793,1651.44091796875,0.0,0.0,1.4999532140791416e-06,0,0.0,0.0,0.0,10
42,Supervised Latent Neural Operator Corrector,5,0.3415817320346832,1375.1988525390625,0.0,0.0,0.06803019996732473,5,0.009240586683154106,0.008404390013311058,0.0028829574584960938,10
42,TD3+BC,5,0.3415817320346832,1375.1988525390625,0.0,0.0,0.10402090003481135,5,0.009240586683154106,0.008404390013311058,0.0028829574584960938,10
42,Best Actual RL Policy,5,0.3411444127559662,1373.630859375,0.0,0.0,0.10861509997630492,5,0.008981193974614143,0.009685445635113865,0.0033202767372131348,10
42,Selected Production Policy,5,0.3415817320346832,1375.1988525390625,0.0,0.0,0.10625589999835938,5,0.009240586683154106,0.008404390013311058,0.0028829574584960938,10
42,Gradient baseline,5,0.34424522519111633,1367.408203125,0.0,0.0,0.04304930003127083,5,0.009066919423639774,0.0006371591007336974,0.00021946430206298828,10
42,PINN-style baseline,5,0.3444778025150299,1647.654296875,0.0,0.0,0.09926039999118075,5,6.542160699609667e-05,-3.8087523989815963e-05,-1.3113021850585938e-05,10
42,Base FNO Initializer,5,0.5849906802177429,3960.756103515625,0.0,0.010925320908427238,1.600012183189392e-06,0,0.0,0.0,0.0,11
42,Supervised Latent Neural Operator Corrector,5,0.5826911330223083,3507.326904296875,0.0,0.010925320908427238,0.06893050001235679,5,0.007775657530874014,0.003938395937439054,0.0022995471954345703,11
42,TD3+BC,5,0.5826911330223083,3507.326904296875,0.0,0.010925320908427238,0.10612950002541766,5,0.007775657530874014,0.003938395937439054,0.0022995471954345703,11
42,Best Actual RL Policy,5,0.5831628441810608,3510.608154296875,0.0,0.010925320908427238,0.10418909997679293,5,0.007671826519072056,0.0031293072970584035,0.001827836036682129,11
42,Selected Production Policy,5,0.5826911330223083,3507.326904296875,0.0,0.010925320908427238,0.1054230000008829,5,0.007775657530874014,0.003938395937439054,0.0022995471954345703,11
42,Gradient baseline,5,0.585690438747406,3417.693359375,0.0,0.010925320908427238,0.04137430002447218,5,0.008011946268379689,-0.0011955664958804846,-0.0006997585296630859,11
42,PINN-style baseline,5,0.5850053429603577,3955.639892578125,0.0,0.010925320908427238,0.09884619998047128,5,6.544078059960157e-05,-2.5034025384229608e-05,-1.4662742614746094e-05,11
42,Base FNO Initializer,5,0.3044051229953766,595.3018798828125,0.0,0.0,1.700012944638729e-06,0,0.0,0.0,0.0,12
42,Supervised Latent Neural Operator Corrector,5,0.29204291105270386,483.0689697265625,0.0,0.0,0.07057080004597083,5,0.008371831849217415,0.04145855829119682,0.01236221194267273,12
42,TD3+BC,5,0.29204291105270386,483.0689697265625,0.0,0.0,0.1070727999904193,5,0.008371831849217415,0.04145855829119682,0.01236221194267273,12
42,Best Actual RL Policy,5,0.29434967041015625,483.8348693847656,0.0,0.0,0.10746450000442564,5,0.009207349084317685,0.03359069116413593,0.010055452585220337,12
42,Selected Production Policy,5,0.29204291105270386,483.0689697265625,0.0,0.0,0.1071473999763839,5,0.008371831849217415,0.04145855829119682,0.01236221194267273,12
42,Gradient baseline,5,0.30240797996520996,521.8285522460938,0.0,0.0,0.03992139996262267,5,0.009656939655542374,0.006582211644854397,0.001997143030166626,12
42,PINN-style baseline,5,0.30439385771751404,593.1054077148438,0.0,0.0,0.10686960001476109,5,6.491289095720277e-05,3.69547315131058e-05,1.1265277862548828e-05,12
42,Base FNO Initializer,5,0.5462764501571655,3434.9931640625,0.0,0.0,2.200016751885414e-06,0,0.0,0.0,0.0,13
42,Supervised Latent Neural Operator Corrector,5,0.5446422696113586,2997.123046875,0.0,0.0,0.07098590000532568,5,0.008377645350992679,0.0029957256047055125,0.0016341805458068848,13
42,TD3+BC,5,0.5446422696113586,2997.123046875,0.0,0.0,0.10396879998734221,5,0.008377645350992679,0.0029957256047055125,0.0016341805458068848,13
42,Best Actual RL Policy,5,0.5452085733413696,2997.69189453125,0.0,0.0,0.10631309996824712,5,0.007674423232674599,0.001956458159838803,0.0010678768157958984,13
42,Selected Production Policy,5,0.5446422696113586,2997.123046875,0.0,0.0,0.10140300000784919,5,0.008377645350992679,0.0029957256047055125,0.0016341805458068848,13
42,Gradient baseline,5,0.5469923615455627,2941.982421875,0.0,0.0,0.04069180000806227,5,0.008301523886620999,-0.0013098703493596986,-0.0007159113883972168,13
42,PINN-style baseline,5,0.5462904572486877,3429.981201171875,0.0,0.0,0.10425769997527823,5,6.535224092658609e-05,-2.5749284759513102e-05,-1.4007091522216797e-05,13
42,Base FNO Initializer,5,0.30238786339759827,692.24951171875,0.0,0.0,1.700012944638729e-06,0,0.0,0.0,0.0,14
42,Supervised Latent Neural Operator Corrector,5,0.2916269600391388,561.94677734375,0.0,0.0,0.06761570001253858,5,0.00850479993969202,0.03623488498851657,0.010760903358459473,14
42,TD3+BC,5,0.2916269600391388,561.94677734375,0.0,0.0,0.1052740000304766,5,0.00850479993969202,0.03623488498851657,0.010760903358459473,14
42,Best Actual RL Policy,5,0.29358354210853577,562.7806396484375,0.0,0.0,0.10738159995526075,5,0.009389903582632541,0.02954795816913247,0.0088043212890625,14
42,Selected Production Policy,5,0.2916269600391388,561.94677734375,0.0,0.0,0.10396300000138581,5,0.00850479993969202,0.03623488498851657,0.010760903358459473,14
42,Gradient baseline,5,0.30065521597862244,599.5868530273438,0.0,0.0,0.03532389999600127,5,0.009649471752345562,0.005746131297200918,0.00173264741897583,14
42,PINN-style baseline,5,0.3023819625377655,689.8760986328125,0.0,0.0,0.09616040001856163,5,6.49870780762285e-05,1.9431064856689773e-05,5.900859832763672e-06,14
42,Base FNO Initializer,5,0.5435420870780945,3405.65576171875,0.0,0.0,1.800013706088066e-06,0,0.0,0.0,0.0,15
42,Supervised Latent Neural Operator Corrector,5,0.5419415831565857,2969.255615234375,0.0,0.0,0.07073019997915253,5,0.008425961248576641,0.0029487815918400884,0.001600503921508789,15
42,TD3+BC,5,0.5419415831565857,2969.255615234375,0.0,0.0,0.10437940002884716,5,0.008425961248576641,0.0029487815918400884,0.001600503921508789,15
42,Best Actual RL Policy,5,0.542496919631958,2969.84619140625,0.0,0.0,0.10788389999652281,5,0.007686583139002323,0.00192451365001034,0.0010451674461364746,15
42,Selected Production Policy,5,0.5419415831565857,2969.255615234375,0.0,0.0,0.10007689998019487,5,0.008425961248576641,0.0029487815918400884,0.001600503921508789,15
42,Gradient baseline,5,0.5442594885826111,2914.550048828125,0.0,0.0,0.04203880002023652,5,0.008312260545790196,-0.0013191124889999628,-0.0007174015045166016,15
42,PINN-style baseline,5,0.543555736541748,3400.650146484375,0.0,0.0,0.0982314000139013,5,6.564636569237337e-05,-2.515323467378039e-05,-1.3649463653564453e-05,15
42,Base FNO Initializer,5,0.29980409145355225,45.42012405395508,0.0,0.0,1.800013706088066e-06,0,0.0,0.0,0.0,16
42,Supervised Latent Neural Operator Corrector,5,0.2658950984477997,43.18899154663086,0.0,0.0,0.06922839995240793,5,0.004815076012164354,0.12002740055322647,0.033908993005752563,16
42,TD3+BC,5,0.2658950984477997,43.18899154663086,0.0,0.0,0.10419089999049902,5,0.004815076012164354,0.12002740055322647,0.033908993005752563,16
42,Best Actual RL Policy,5,0.25726625323295593,55.65439224243164,0.0,0.0,0.09259109996492043,5,0.008770694583654403,0.1530174557119608,0.042537838220596313,16
42,Selected Production Policy,5,0.2658950984477997,43.18899154663086,0.0,0.0,0.09461999998893589,5,0.004815076012164354,0.12002740055322647,0.033908993005752563,16
42,Gradient baseline,5,0.29763615131378174,83.90306091308594,0.0,0.0,0.034732599975541234,5,0.009721153229475022,0.0072572264762129635,0.002167940139770508,16
42,PINN-style baseline,5,0.29966986179351807,44.85118865966797,0.0,0.0,0.12988790002418682,5,6.309518212219701e-05,0.0004478491609916091,0.0001342296600341797,16
42,Base FNO Initializer,5,0.5775725245475769,3834.319580078125,0.0,0.002559700980782509,1.700012944638729e-06,0,0.0,0.0,0.0,17
42,Supervised Latent Neural Operator Corrector,5,0.5754331350326538,3383.12109375,0.0,0.002559700980782509,0.0675943000242114,5,0.007843449339270591,0.0037108806427568197,0.0021393895149230957,17
42,TD3+BC,5,0.5754331350326538,3383.12109375,0.0,0.002559700980782509,0.10261539998464286,5,0.007843449339270591,0.0037108806427568197,0.0021393895149230957,17
42,Best Actual RL Policy,5,0.5759694576263428,3385.342529296875,0.0,0.002559700980782509,0.10499189997790381,5,0.007617367245256901,0.0027792738401331007,0.0016030669212341309,17
42,Selected Production Policy,5,0.5754331350326538,3383.12109375,0.0,0.002559700980782509,0.10734240000601858,5,0.007843449339270591,0.0037108806427568197,0.0021393895149230957,17
42,Gradient baseline,5,0.5782867670059204,3302.067138671875,0.0,0.002559700980782509,0.04317999997874722,5,0.008061352465301753,-0.001235990901477635,-0.0007142424583435059,17
42,PINN-style baseline,5,0.5775860548019409,3829.2216796875,0.0,0.002559700980782509,0.10488850000547245,5,6.542275077663362e-05,-2.3424692244589096e-05,-1.3530254364013672e-05,17
42,Base FNO Initializer,5,0.26343342661857605,10.459040641784668,0.0,0.0,1.300009898841381e-06,0,0.0,0.0,0.0,18
42,Supervised Latent Neural Operator Corrector,5,0.23021095991134644,10.47102165222168,0.0,0.0,0.06114629999501631,5,0.0024985590483993293,0.13480455242097378,0.033222466707229614,18
42,TD3+BC,5,0.23021095991134644,10.47102165222168,0.0,0.0,0.10218970000278205,5,0.0024985590483993293,0.13480455242097378,0.033222466707229614,18
42,Best Actual RL Policy,5,0.29050832986831665,22.04863166809082,0.0,0.0,0.10588390001794323,5,0.00804566452279687,-0.09783172514289618,-0.0270749032497406,18
42,Selected Production Policy,5,0.23021095991134644,10.47102165222168,0.0,0.0,0.10554849996697158,5,0.0024985590483993293,0.13480455242097378,0.033222466707229614,18
42,Gradient baseline,5,0.2636582851409912,56.93191146850586,0.0,0.0,0.03593449998879805,5,0.009693806245923042,-0.0008534558292012662,-0.00022485852241516113,18
42,PINN-style baseline,5,0.26312240958213806,10.18116569519043,0.0,0.0,0.09732329996768385,5,6.111412221798673e-05,0.001181224113679491,0.0003110170364379883,18
42,Base FNO Initializer,5,0.31048741936683655,439.23931884765625,0.0,0.0,1.4999532140791416e-06,0,0.0,0.0,0.0,19
42,Supervised Latent Neural Operator Corrector,5,0.2947060763835907,358.3172607421875,0.0,0.0,0.06639849999919534,5,0.008108995016664266,0.052164855413138866,0.01578134298324585,19
42,TD3+BC,5,0.2947060763835907,358.3172607421875,0.0,0.0,0.10559619998093694,5,0.008108995016664266,0.052164855413138866,0.01578134298324585,19
42,Best Actual RL Policy,5,0.29676246643066406,357.58392333984375,0.0,0.0,0.10968320001848042,5,0.00856104288250208,0.04521120944991708,0.013724952936172485,19
42,Selected Production Policy,5,0.2947060763835907,358.3172607421875,0.0,0.0,0.10544579999987036,5,0.008108995016664266,0.052164855413138866,0.01578134298324585,19
42,Gradient baseline,5,0.308004230260849,396.085693359375,0.0,0.0,0.04140500002540648,5,0.009652727842330932,0.008029625751078129,0.002483189105987549,19
42,PINN-style baseline,5,0.31046006083488464,437.3775634765625,0.0,0.0,0.09696210001129657,5,6.490277883131057e-05,8.809487917460501e-05,2.7358531951904297e-05,19
42,Base FNO Initializer,5,0.3058614730834961,548.5723876953125,0.0,0.0,1.600012183189392e-06,0,0.0,0.0,0.0,20
42,Supervised Latent Neural Operator Corrector,5,0.29260367155075073,445.3258972167969,0.0,0.0,0.06955890002427623,5,0.008297698386013509,0.0443130312487483,0.013257801532745361,20
42,TD3+BC,5,0.29260367155075073,445.3258972167969,0.0,0.0,0.11255749996053055,5,0.008297698386013509,0.0443130312487483,0.013257801532745361,20
42,Best Actual RL Policy,5,0.2949918806552887,445.49151611328125,0.0,0.0,0.10160269995685667,5,0.009060530178248882,0.036184157244861126,0.010869592428207397,20
42,Selected Production Policy,5,0.29260367155075073,445.3258972167969,0.0,0.0,0.10642779996851459,5,0.008297698386013509,0.0443130312487483,0.013257801532745361,20
42,Gradient baseline,5,0.3038245737552643,486.269287109375,0.0,0.0,0.04006579995620996,5,0.009745759144425391,0.006681610189843923,0.0020368993282318115,20
42,PINN-style baseline,5,0.30584242939949036,546.4696655273438,0.0,0.0,0.10186429996974766,5,6.467646308010444e-05,6.222684532986023e-05,1.9043684005737305e-05,20
42,Base FNO Initializer,5,0.3195609748363495,1329.984619140625,0.0,0.0,1.600012183189392e-06,0,0.0,0.0,0.0,21
42,Supervised Latent Neural Operator Corrector,5,0.3151185214519501,1098.8978271484375,0.0,0.0,0.06839009997202083,5,0.009077868796885014,0.013999159215018153,0.004442453384399414,21
42,TD3+BC,5,0.3151185214519501,1098.8978271484375,0.0,0.0,0.10547850001603365,5,0.009077868796885014,0.013999159215018153,0.004442453384399414,21
42,Best Actual RL Policy,5,0.31497782468795776,1097.437744140625,0.0,0.0,0.10634440003195778,5,0.009264113008975982,0.014445635140873492,0.004583150148391724,21
42,Selected Production Policy,5,0.3151185214519501,1098.8978271484375,0.0,0.0,0.10692640003981069,5,0.009077868796885014,0.013999159215018153,0.004442453384399414,21
42,Gradient baseline,5,0.3189825415611267,1111.8472900390625,0.0,0.0,0.04068929998902604,5,0.009324601292610169,0.0018115223792847246,0.0005784332752227783,21
42,PINN-style baseline,5,0.3195672631263733,1326.6300048828125,0.0,0.0,0.10668859997531399,5,6.515874265460298e-05,-1.9729188352357596e-05,-6.288290023803711e-06,21
42,Base FNO Initializer,5,0.32081860303878784,251.42733764648438,0.0,0.0,1.700012944638729e-06,0,0.0,0.0,0.0,22
42,Supervised Latent Neural Operator Corrector,5,0.29809173941612244,207.70912170410156,0.0,0.0,0.06890670000575483,5,0.007518859393894672,0.07347431778907776,0.022726863622665405,22
42,TD3+BC,5,0.29809173941612244,207.70912170410156,0.0,0.0,0.1068626000196673,5,0.007518859393894672,0.07347431778907776,0.022726863622665405,22
42,Best Actual RL Policy,5,0.29536744952201843,206.51217651367188,0.0,0.0,0.10480560001451522,5,0.00742827458307147,0.08265560306608677,0.02545115351676941,22
42,Selected Production Policy,5,0.29809173941612244,207.70912170410156,0.0,0.0,0.1051930999965407,5,0.007518859393894672,0.07347431778907776,0.022726863622665405,22
42,Gradient baseline,5,0.3177429139614105,245.755615234375,0.0,0.0,0.039680899993982166,5,0.009743420965969562,0.009632931440137327,0.0030756890773773193,22
42,PINN-style baseline,5,0.320780485868454,250.0516815185547,0.0,0.0,0.10671080002794042,5,6.416666001314297e-05,0.00011885023741342593,3.8117170333862305e-05,22
42,Base FNO Initializer,5,0.557006299495697,3555.9130859375,0.0,0.0,1.5999539755284786e-06,0,0.0,0.0,0.0,23
42,Supervised Latent Neural Operator Corrector,5,0.5552601218223572,3112.50732421875,0.0,0.0,0.0693384999758564,5,0.008181858994066715,0.0031396530102938414,0.0017461776733398438,23
42,TD3+BC,5,0.5552601218223572,3112.50732421875,0.0,0.0,0.09227179997833446,5,0.008181858994066715,0.0031396530102938414,0.0017461776733398438,23
42,Best Actual RL Policy,5,0.5558592677116394,3113.12890625,0.0,0.0,0.08874350000405684,5,0.007625097129493952,0.0020613503002095968,0.0011470317840576172,23
42,Selected Production Policy,5,0.5552601218223572,3112.50732421875,0.0,0.0,0.10864099999889731,5,0.008181858994066715,0.0031396530102938414,0.0017461776733398438,23
42,Gradient baseline,5,0.5577377080917358,3054.40185546875,0.0,0.0,0.042041199980303645,5,0.008269761502742768,-0.001312432883423753,-0.0007314085960388184,23
42,PINN-style baseline,5,0.557020902633667,3550.869873046875,0.0,0.0,0.09146540000801906,5,6.54415984172374e-05,-2.6285729290975723e-05,-1.4603137969970703e-05,23
42,Base FNO Initializer,5,0.3115316927433014,418.41656494140625,0.0,0.0,1.600012183189392e-06,0,0.0,0.0,0.0,24
42,Supervised Latent Neural Operator Corrector,5,0.29519525170326233,341.7702331542969,0.0,0.0,0.06655839999439195,5,0.008074546977877618,0.053863927721977234,0.016336441040039062,24
42,TD3+BC,5,0.29519525170326233,341.7702331542969,0.0,0.0,0.10462900000857189,5,0.008074546977877618,0.053863927721977234,0.016336441040039062,24
42,Best Actual RL Policy,5,0.2970540225505829,341.0047912597656,0.0,0.0,0.10431980004068464,5,0.008449444361031056,0.047586945816874504,0.014477670192718506,24
42,Selected Production Policy,5,0.29519525170326233,341.7702331542969,0.0,0.0,0.10488759999861941,5,0.008074546977877618,0.053863927721977234,0.016336441040039062,24
42,Gradient baseline,5,0.3090220093727112,380.1573486328125,0.0,0.0,0.0328328000032343,5,0.009697093069553376,0.00808827590662986,0.00250968337059021,24
42,PINN-style baseline,5,0.3115029036998749,416.60015869140625,0.0,0.0,0.07564609998371452,5,6.502172764157876e-05,9.238633720087819e-05,2.8789043426513672e-05,24
42,Base FNO Initializer,5,0.30353686213493347,957.0062255859375,0.0,0.0,1.700012944638729e-06,0,0.0,0.0,0.0,25
42,Supervised Latent Neural Operator Corrector,5,0.2960558235645294,782.7296752929688,0.0,0.0,0.07018010003957897,5,0.008804050460457801,0.02495479304343462,0.007481038570404053,25
42,TD3+BC,5,0.2960558235645294,782.7296752929688,0.0,0.0,0.1064263999578543,5,0.008804050460457801,0.02495479304343462,0.007481038570404053,25
42,Best Actual RL Policy,5,0.2968829870223999,782.4710693359375,0.0,0.0,0.10559099999954924,5,0.009491609781980515,0.02216478530317545,0.006653875112533569,25
42,Selected Production Policy,5,0.2960558235645294,782.7296752929688,0.0,0.0,0.10460070002591237,5,0.008804050460457801,0.02495479304343462,0.007481038570404053,25
42,Gradient baseline,5,0.30234476923942566,813.9866943359375,0.0,0.0,0.034763599978759885,5,0.009494788758456708,0.003934892301913351,0.0011920928955078125,25
42,PINN-style baseline,5,0.30353885889053345,954.2124633789062,0.0,0.0,0.10568069998407736,5,6.481262826127932e-05,-6.556527011980506e-06,-1.996755599975586e-06,25
42,Base FNO Initializer,5,0.39518487453460693,2125.42236328125,0.0,0.0,2.00001522898674e-06,0,0.0,0.0,0.0,26
42,Supervised Latent Neural Operator Corrector,5,0.39350625872612,1789.869384765625,0.0,0.0,0.06874059996334836,5,0.009407935291528701,0.004256499683833681,0.0016786158084869385,26
42,TD3+BC,5,0.39350625872612,1789.869384765625,0.0,0.0,0.11073509999550879,5,0.009407935291528701,0.004256499683833681,0.0016786158084869385,26
42,Best Actual RL Policy,5,0.3930901288986206,1789.943603515625,0.0,0.0,0.10303399997064844,5,0.008561850897967816,0.005314615118550137,0.002094745635986328,26
42,Selected Production Policy,5,0.39350625872612,1789.869384765625,0.0,0.0,0.10695330001180992,5,0.009407935291528701,0.004256499683833681,0.0016786158084869385,26
42,Gradient baseline,5,0.39538857340812683,1760.9581298828125,0.0,0.0,0.04113179998239502,5,0.008760392852127551,-0.0005155058242962696,-0.00020369887351989746,26
42,PINN-style baseline,5,0.3951987326145172,2121.127197265625,0.0,0.0,0.10178590001305565,5,6.529931124532595e-05,-3.504766573314555e-05,-1.385807991027832e-05,26
42,Base FNO Initializer,5,0.30378463864326477,618.8441772460938,0.0,0.0,1.100008375942707e-06,0,0.0,0.0,0.0,27
42,Supervised Latent Neural Operator Corrector,5,0.29183679819107056,501.4373474121094,0.0,0.0,0.03318490000674501,5,0.008397085405886174,0.040124235674738884,0.011947840452194214,27
42,TD3+BC,5,0.29183679819107056,501.4373474121094,0.0,0.0,0.08661769999889657,5,0.008397085405886174,0.040124235674738884,0.011947840452194214,27
42,Best Actual RL Policy,5,0.2940743863582611,502.3531799316406,0.0,0.0,0.1126341000199318,5,0.009258999861776829,0.03248600661754608,0.009710252285003662,27
42,Selected Production Policy,5,0.29183679819107056,501.4373474121094,0.0,0.0,0.05979030003072694,5,0.008397085405886174,0.040124235674738884,0.011947840452194214,27
42,Gradient baseline,5,0.30192121863365173,541.1500854492188,0.0,0.0,0.040288700023666024,5,0.00969803836196661,0.006152559304609895,0.0018634200096130371,27
42,PINN-style baseline,5,0.3037767708301544,616.6021728515625,0.0,0.0,0.10156620002817363,5,6.485664780484513e-05,2.5868335796985775e-05,7.867813110351562e-06,27
42,Base FNO Initializer,5,0.3018798828125,742.8990478515625,0.0,0.0,1.600012183189392e-06,0,0.0,0.0,0.0,28
42,Supervised Latent Neural Operator Corrector,5,0.29184556007385254,603.8072509765625,0.0,0.0,0.06772699998691678,5,0.00857101585716009,0.03380416473373771,0.010034322738647461,28
42,TD3+BC,5,0.29184556007385254,603.8072509765625,0.0,0.0,0.10047090001171455,5,0.00857101585716009,0.03380416473373771,0.010034322738647461,28
42,Best Actual RL Policy,5,0.29358500242233276,604.4896240234375,0.0,0.0,0.105118700012099,5,0.00944695547223091,0.02786167268641293,0.008294880390167236,28
42,Selected Production Policy,5,0.29184556007385254,603.8072509765625,0.0,0.0,0.11016470001777634,5,0.00857101585716009,0.03380416473373771,0.010034322738647461,28
42,Gradient baseline,5,0.3002524971961975,638.9473876953125,0.0,0.0,0.03951869998127222,5,0.009588810242712497,0.005405171308666468,0.0016273856163024902,28
42,PINN-style baseline,5,0.30187398195266724,740.4419555664062,0.0,0.0,0.10017739998875186,5,6.494601111626253e-05,1.9550274600987905e-05,5.900859832763672e-06,28
42,Base FNO Initializer,5,0.4943404793739319,2931.8359375,0.0,0.0,1.700012944638729e-06,0,0.0,0.0,0.0,29
42,Supervised Latent Neural Operator Corrector,5,0.49315041303634644,2523.36572265625,0.0,0.0,0.0677303999545984,5,0.00913223810493946,0.0024099921283777803,0.0011900663375854492,29
42,TD3+BC,5,0.49315041303634644,2523.36572265625,0.0,0.0,0.10397490003379062,5,0.00913223810493946,0.0024099921283777803,0.0011900663375854492,29
42,Best Actual RL Policy,5,0.493350625038147,2525.159423828125,0.0,0.0,0.10672999999951571,5,0.007956759352236987,0.0020042151081725024,0.0009898543357849121,29
42,Selected Production Policy,5,0.49315041303634644,2523.36572265625,0.0,0.0,0.08680299995467067,5,0.00913223810493946,0.0024099921283777803,0.0011900663375854492,29
42,Gradient baseline,5,0.4949605166912079,2473.11474609375,0.0,0.0,0.02672199998050928,5,0.008402662817388773,-0.0012536521535366774,-0.000620037317276001,29
42,PINN-style baseline,5,0.4943554401397705,2926.9765625,0.0,0.0,0.09757019998505712,5,6.567047821590677e-05,-3.0219658128771698e-05,-1.4960765838623047e-05,29
42,Base FNO Initializer,5,0.6040374040603638,4289.4482421875,0.0,0.07487307488918304,1.600012183189392e-06,0,0.0,0.0,0.0,30
42,Supervised Latent Neural Operator Corrector,5,0.6014048457145691,3830.724609375,0.0,0.07487307488918304,0.06887670001015067,5,0.007516045868396759,0.004367676796391606,0.0026325583457946777,30
42,TD3+BC,5,0.6014048457145691,3830.724609375,0.0,0.07487307488918304,0.1046335999853909,5,0.007516045868396759,0.004367676796391606,0.0026325583457946777,30
42,Best Actual RL Policy,5,0.6017379760742188,3837.46923828125,0.0,0.07487307488918304,0.10668670001905411,5,0.007756055425852537,0.003813805291429162,0.0022994279861450195,30
42,Selected Production Policy,5,0.6014048457145691,3830.724609375,0.0,0.07487307488918304,0.10489840002264827,5,0.007516045868396759,0.004367676796391606,0.0026325583457946777,30
42,Gradient baseline,5,0.6047197580337524,3727.818359375,0.0,0.07487307488918304,0.05577239999547601,5,0.007921712193638086,-0.0011291466798866168,-0.0006823539733886719,30
42,PINN-style baseline,5,0.6040504574775696,4284.2841796875,0.0,0.07487307488918304,0.10129979997873306,5,6.524407654069364e-05,-2.157693961635232e-05,-1.3053417205810547e-05,30
42,Base FNO Initializer,5,0.3498401343822479,1709.37939453125,0.0,0.0,1.700012944638729e-06,0,0.0,0.0,0.0,31
42,Supervised Latent Neural Operator Corrector,5,0.3471633493900299,1425.231201171875,0.0,0.0,0.06970910000381991,5,0.009263805113732815,0.007680725073441863,0.0026767849922180176,31
42,TD3+BC,5,0.3471633493900299,1425.231201171875,0.0,0.0,0.10742999997455627,5,0.009263805113732815,0.007680725073441863,0.0026767849922180176,31
42,Best Actual RL Policy,5,0.34670618176460266,1423.7625732421875,0.0,0.0,0.10484260000521317,5,0.00892779342830181,0.008998397912364453,0.0031339526176452637,31
42,Selected Production Policy,5,0.3471633493900299,1425.231201171875,0.0,0.0,0.09912829997483641,5,0.009263805113732815,0.007680725073441863,0.0026767849922180176,31
42,Gradient baseline,5,0.3496948480606079,1414.734130859375,0.0,0.0,0.04051130003063008,5,0.009027989767491817,0.00041509672701067757,0.00014528632164001465,31
42,PINN-style baseline,5,0.34985169768333435,1705.512451171875,0.0,0.0,0.09359780000522733,5,6.544420175487175e-05,-3.308069835838978e-05,-1.1563301086425781e-05,31
42,Base FNO Initializer,5,0.31445395946502686,1242.1712646484375,0.0,0.0,1.5999539755284786e-06,0,0.0,0.0,0.0,32
42,Supervised Latent Neural Operator Corrector,5,0.30943623185157776,1024.00732421875,0.0,0.0,0.06883639999432489,5,0.009023435041308403,0.01608549477532506,0.005017727613449097,32
42,TD3+BC,5,0.30943623185157776,1024.00732421875,0.0,0.0,0.10320780001347885,5,0.009023435041308403,0.01608549477532506,0.005017727613449097,32
42,Best Actual RL Policy,5,0.309449166059494,1022.7498168945312,0.0,0.0,0.1051498000160791,5,0.009332702122628688,0.016043612034991384,0.005004793405532837,32
42,Selected Production Policy,5,0.30943623185157776,1024.00732421875,0.0,0.0,0.10722329997224733,5,0.009023435041308403,0.01608549477532506,0.005017727613449097,32
42,Gradient baseline,5,0.31374838948249817,1041.934326171875,0.0,0.0,0.03907260001869872,5,0.009360715746879578,0.002246085845399648,0.0007055699825286865,32
42,PINN-style baseline,5,0.3144591748714447,1238.9449462890625,0.0,0.0,0.10467229998903349,5,6.533829582622275e-05,-1.6570129673709744e-05,-5.21540641784668e-06,32
42,Base FNO Initializer,5,0.3051007091999054,571.7135620117188,0.0,0.0,1.600012183189392e-06,0,0.0,0.0,0.0,33
42,Supervised Latent Neural Operator Corrector,5,0.2923084497451782,463.370849609375,0.0,0.0,0.06823600002098829,5,0.00832188818603754,0.042832205072045326,0.012792259454727173,33
42,TD3+BC,5,0.2923084497451782,463.370849609375,0.0,0.0,0.09709099994506687,5,0.00832188818603754,0.042832205072045326,0.012792259454727173,33
42,Best Actual RL Policy,5,0.29466214776039124,464.009765625,0.0,0.0,0.10707800003001466,5,0.009129810705780983,0.034812343306839466,0.01043856143951416,33
42,Selected Production Policy,5,0.2923084497451782,463.370849609375,0.0,0.0,0.10638559999642894,5,0.00832188818603754,0.042832205072045326,0.012792259454727173,33
42,Gradient baseline,5,0.3030523359775543,502.8294372558594,0.0,0.0,0.041983600007370114,5,0.009641360118985176,0.006736109033226967,0.0020483732223510742,33
42,PINN-style baseline,5,0.3050875961780548,569.5658569335938,0.0,0.0,0.09744540002429858,5,6.488312938017771e-05,4.291514915166772e-05,1.3113021850585938e-05,33
42,Base FNO Initializer,5,0.5267638564109802,3232.8515625,0.0,0.0,1.7999554984271526e-06,0,0.0,0.0,0.0,34
42,Supervised Latent Neural Operator Corrector,5,0.5253388285636902,2805.126708984375,0.0,0.0,0.06651450000936165,5,0.00871061086654663,0.002708680141950026,0.001425027847290039,34
42,TD3+BC,5,0.5253388285636902,2805.126708984375,0.0,0.0,0.10541920003015548,5,0.00871061086654663,0.002708680141950026,0.001425027847290039,34
42,Best Actual RL Policy,5,0.5258020758628845,2805.99951171875,0.0,0.0,0.10762389999581501,5,0.0077752829529345036,0.0018272120178153273,0.0009617805480957031,34
42,Selected Production Policy,5,0.5253388285636902,2805.126708984375,0.0,0.0,0.10691410000436008,5,0.00871061086654663,0.002708680141950026,0.001425027847290039,34
42,Gradient baseline,5,0.5274540185928345,2752.711181640625,0.0,0.0,0.035581499978434294,5,0.008338130079209805,-0.0013095143949612975,-0.000690162181854248,34
42,PINN-style baseline,5,0.5267783999443054,3227.89501953125,0.0,0.0,0.05929710000054911,5,6.548540986841544e-05,-2.759703829724458e-05,-1.4543533325195312e-05,34
42,Base FNO Initializer,5,0.3018037974834442,821.0812377929688,0.0,0.0,1.5999539755284786e-06,0,0.0,0.0,0.0,35
42,Supervised Latent Neural Operator Corrector,5,0.29279276728630066,668.6179809570312,0.0,0.0,0.07234960002824664,5,0.008661646582186221,0.03031189227476716,0.009011030197143555,35
42,TD3+BC,5,0.29279276728630066,668.6179809570312,0.0,0.0,0.06775829999241978,5,0.008661646582186221,0.03031189227476716,0.009011030197143555,35
42,Best Actual RL Policy,5,0.29417791962623596,669.0150756835938,0.0,0.0,0.10685959999682382,5,0.00948907881975174,0.025592181598767638,0.007625877857208252,35
42,Selected Production Policy,5,0.29279276728630066,668.6179809570312,0.0,0.0,0.10684019996551797,5,0.008661646582186221,0.03031189227476716,0.009011030197143555,35
42,Gradient baseline,5,0.30040493607521057,704.2533569335938,0.0,0.0,0.024875100003555417,5,0.009588007815182209,0.004645408771466464,0.0013988614082336426,35
42,PINN-style baseline,5,0.3018033504486084,818.494384765625,0.0,0.0,0.09957759996177629,5,6.49797497317195e-05,1.3708954469393575e-06,4.470348358154297e-07,35
42,Base FNO Initializer,10,0.31183716654777527,69.8258056640625,0.0,0.0,1.700012944638729e-06,0,0.0,0.0,0.0,0
42,Supervised Latent Neural Operator Corrector,10,0.25709325075149536,80.5538101196289,0.0,0.0,0.13880329998210073,10,0.00705703878775239,0.1930419374257326,0.05474391579627991,0
42,TD3+BC,10,0.25709325075149536,80.5538101196289,0.0,0.0,0.20894740003859624,10,0.00705703878775239,0.1930419374257326,0.05474391579627991,0
42,Best Actual RL Policy,10,0.2514607608318329,90.62316131591797,0.0,0.0,0.1710915999719873,10,0.009438435826450587,0.21519361389800906,0.06037640571594238,0
42,Selected Production Policy,10,0.25709325075149536,80.5538101196289,0.0,0.0,0.2060359000461176,10,0.00705703878775239,0.1930419374257326,0.05474391579627991,0
42,Gradient baseline,10,0.30769097805023193,112.58687591552734,0.0,0.0,0.07554479996906593,10,0.009865423571318388,0.013384647609200329,0.004146188497543335,0
42,PINN-style baseline,10,0.31161320209503174,68.47705078125,0.0,0.0,0.21131899999454618,10,6.157156749395654e-05,0.000718329018127406,0.00022396445274353027,0
42,Base FNO Initializer,10,0.6176638603210449,4549.3076171875,0.0,0.17247915267944336,1.600012183189392e-06,0,0.0,0.0,0.0,1
42,Supervised Latent Neural Operator Corrector,10,0.6124534606933594,3903.865966796875,0.0,0.17247915267944336,0.10272030002670363,10,0.007030667643994093,0.00847122457344085,0.005210399627685547,1
42,TD3+BC,10,0.6124534606933594,3903.865966796875,0.0,0.17247915267944336,0.2157160000060685,10,0.007030667643994093,0.00847122457344085,0.005210399627685547,1
42,Best Actual RL Policy,10,0.6128809452056885,3918.725830078125,0.0,0.17247915267944336,0.19883589999517426,10,0.007388474838808179,0.007773438701406121,0.004782915115356445,1
42,Selected Production Policy,10,0.6124534606933594,3903.865966796875,0.0,0.17247915267944336,0.16435569996247068,10,0.007030667643994093,0.00847122457344085,0.005210399627685547,1
42,Gradient baseline,10,0.6189676523208618,3861.947509765625,0.0,0.17247915267944336,0.08249719999730587,10,0.008543166564777493,-0.002108942251652479,-0.0013037919998168945,1
42,PINN-style baseline,10,0.6176921725273132,4539.01513671875,0.0,0.17247915267944336,0.1894239000394009,10,6.492516040452756e-05,-4.583610007102834e-05,-2.8312206268310547e-05,1
42,Base FNO Initializer,10,0.5489823222160339,3465.302490234375,0.0,0.0,1.700012944638729e-06,0,0.0,0.0,0.0,2
42,Supervised Latent Neural Operator Corrector,10,0.546772301197052,2852.154296875,0.0,0.0,0.14035669999429956,10,0.008322048187255859,0.004033705496112816,0.0022100210189819336,2
42,TD3+BC,10,0.546772301197052,2852.154296875,0.0,0.0,0.20993389998329803,10,0.008322048187255859,0.004033705496112816,0.0022100210189819336,2
42,Best Actual RL Policy,10,0.5484433770179749,2855.459228515625,0.0,0.0,0.19232129998272285,10,0.007347587216645479,0.0009820861851039808,0.000538945198059082,2
42,Selected Production Policy,10,0.546772301197052,2852.154296875,0.0,0.0,0.20621169998776168,10,0.008322048187255859,0.004033705496112816,0.0022100210189819336,2
42,Gradient baseline,10,0.5502023696899414,2854.40869140625,0.0,0.0,0.07983060000697151,10,0.009278017468750477,-0.0022203802363947034,-0.0012200474739074707,2
42,PINN-style baseline,10,0.5490135550498962,3455.341552734375,0.0,0.0,0.17999550001695752,10,6.496459754998796e-05,-5.698222639693995e-05,-3.123283386230469e-05,2
42,Base FNO Initializer,10,0.3147924244403839,358.86572265625,0.0,0.0,1.700012944638729e-06,0,0.0,0.0,0.0,3
42,Supervised Latent Neural Operator Corrector,10,0.28039875626564026,300.6628112792969,0.0,0.0,0.14582969999173656,10,0.00900196242146194,0.11570034641772509,0.03439366817474365,3
42,TD3+BC,10,0.28039875626564026,300.6628112792969,0.0,0.0,0.2189432000159286,10,0.00900196242146194,0.11570034641772509,0.03439366817474365,3
42,Best Actual RL Policy,10,0.2806735038757324,301.2894287109375,0.0,0.0,0.21326499996939674,10,0.009068814339116216,0.11472093407064676,0.03411892056465149,3
42,Selected Production Policy,10,0.28039875626564026,300.6628112792969,0.0,0.0,0.2124329000362195,10,0.00900196242146194,0.11570034641772509,0.03439366817474365,3
42,Gradient baseline,10,0.31028878688812256,342.2736511230469,0.0,0.0,0.08362940000370145,10,0.009953336510807275,0.014409361872822046,0.0045036375522613525,3
42,PINN-style baseline,10,0.3147302269935608,355.6106262207031,0.0,0.0,0.20753039995906875,10,6.33102172287181e-05,0.00019752781736315228,6.219744682312012e-05,3
42,Base FNO Initializer,10,0.4535945653915405,2594.45703125,0.0,0.0,1.9000144675374031e-06,0,0.0,0.0,0.0,4
42,Supervised Latent Neural Operator Corrector,10,0.45318371057510376,2069.94287109375,0.0,0.0,0.14120990002993494,10,0.009413783531636,0.0009056896415131632,0.0004108548164367676,4
42,TD3+BC,10,0.45318371057510376,2069.94287109375,0.0,0.0,0.21284220000961795,10,0.009413783531636,0.0009056896415131632,0.0004108548164367676,4
42,Best Actual RL Policy,10,0.45264261960983276,2074.037353515625,0.0,0.0,0.21873590000905097,10,0.007971227820962667,0.002100651108776219,0.0009519457817077637,4
42,Selected Production Policy,10,0.45318371057510376,2069.94287109375,0.0,0.0,0.21362039999803528,10,0.009413783531636,0.0009056896415131632,0.0004108548164367676,4
42,Gradient baseline,10,0.45442646741867065,2075.353515625,0.0,0.0,0.08448689995566383,10,0.009364643599838018,-0.0018327546422369778,-0.000831902027130127,4
42,PINN-style baseline,10,0.4536256790161133,2585.180419921875,0.0,0.0,0.15601599996443838,10,6.50600042717997e-05,-6.860520579721197e-05,-3.1113624572753906e-05,4
42,Base FNO Initializer,10,0.31148627400398254,1184.1424560546875,0.0,0.0,1.600012183189392e-06,0,0.0,0.0,0.0,5
42,Supervised Latent Neural Operator Corrector,10,0.3044707179069519,905.9234008789062,0.0,0.0,0.13814509997610003,10,0.008974215760827065,0.022779794919188134,0.00701555609703064,5
42,TD3+BC,10,0.3044707179069519,905.9234008789062,0.0,0.0,0.1855828000116162,10,0.008974215760827065,0.022779794919188134,0.00701555609703064,5
42,Best Actual RL Policy,10,0.30517032742500305,905.6582641601562,0.0,0.0,0.20801210001809523,10,0.009474956337362528,0.020484714048507158,0.006315946578979492,5
42,Selected Production Policy,10,0.3044707179069519,905.9234008789062,0.0,0.0,0.2139714000513777,10,0.008974215760827065,0.022779794919188134,0.00701555609703064,5
42,Gradient baseline,10,0.30994874238967896,951.3557739257812,0.0,0.0,0.08420319994911551,10,0.009710159339010715,0.004947924811858684,0.0015375316143035889,5
42,PINN-style baseline,10,0.31149640679359436,1177.9486083984375,0.0,0.0,0.21325790003174916,10,6.454429894802161e-05,-3.2544212217544555e-05,-1.0132789611816406e-05,5
42,Base FNO Initializer,10,0.32978054881095886,1476.568359375,0.0,0.0,2.00001522898674e-06,0,0.0,0.0,0.0,6
42,Supervised Latent Neural Operator Corrector,10,0.3260492980480194,1136.326904296875,0.0,0.0,0.13964920002035797,10,0.009106608014553786,0.011378432522178628,0.003731250762939453,6
42,TD3+BC,10,0.3260492980480194,1136.326904296875,0.0,0.0,0.2056702999980189,10,0.009106608014553786,0.011378432522178628,0.003731250762939453,6
42,Best Actual RL Policy,10,0.3254759907722473,1133.856689453125,0.0,0.0,0.2076756000169553,10,0.009214745089411735,0.013138391746906564,0.004304558038711548,6
42,Selected Production Policy,10,0.3260492980480194,1136.326904296875,0.0,0.0,0.2071224999963306,10,0.009106608014553786,0.011378432522178628,0.003731250762939453,6
42,Gradient baseline,10,0.3289090394973755,1173.9666748046875,0.0,0.0,0.07583089999388903,10,0.009752829279750585,0.0026454823528183624,0.000871509313583374,6
42,PINN-style baseline,10,0.3297952711582184,1469.54248046875,0.0,0.0,0.20936770003754646,10,6.46241896902211e-05,-4.4644002400673344e-05,-1.4722347259521484e-05,6
42,Base FNO Initializer,10,0.3222508132457733,219.30593872070312,0.0,0.0,1.800013706088066e-06,0,0.0,0.0,0.0,7
42,Supervised Latent Neural Operator Corrector,10,0.2781941890716553,195.89825439453125,0.0,0.0,0.13174330000765622,10,0.008594248024746776,0.14701025933027267,0.04405662417411804,7
42,TD3+BC,10,0.2781941890716553,195.89825439453125,0.0,0.0,0.20777879998786375,10,0.008594248024746776,0.14701025933027267,0.04405662417411804,7
42,Best Actual RL Policy,10,0.26673203706741333,199.01828002929688,0.0,0.0,0.19036720000440255,10,0.008798565343022346,0.18908503837883472,0.055518776178359985,7
42,Selected Production Policy,10,0.2781941890716553,195.89825439453125,0.0,0.0,0.2122535000089556,10,0.008594248024746776,0.14701025933027267,0.04405662417411804,7
42,Gradient baseline,10,0.31747332215309143,238.55401611328125,0.0,0.0,0.08123290003277361,10,0.009991446789354087,0.014935783750843257,0.004777491092681885,7
42,PINN-style baseline,10,0.32216891646385193,216.8221435546875,0.0,0.0,0.20198630000231788,10,6.281833884713706e-05,0.0002542701331549324,8.189678192138672e-05,7
42,Base FNO Initializer,10,0.388803094625473,2071.488037109375,0.0,0.0,1.700012944638729e-06,0,0.0,0.0,0.0,8
42,Supervised Latent Neural Operator Corrector,10,0.387891560792923,1622.62744140625,0.0,0.0,0.0760570999700576,10,0.009359790105372667,0.002346655095607275,0.0009115338325500488,8
42,TD3+BC,10,0.387891560792923,1622.62744140625,0.0,0.0,0.18035639997106045,10,0.009359790105372667,0.002346655095607275,0.0009115338325500488,8
42,Best Actual RL Policy,10,0.38671988248825073,1620.892822265625,0.0,0.0,0.20999709999887273,10,0.008545493241399527,0.005372092200559564,0.00208321213722229,8
42,Selected Production Policy,10,0.387891560792923,1622.62744140625,0.0,0.0,0.21069839998381212,10,0.009359790105372667,0.002346655095607275,0.0009115338325500488,8
42,Gradient baseline,10,0.3890521228313446,1636.230224609375,0.0,0.0,0.07925340003566816,10,0.009450148139148951,-0.0006408113267752924,-0.00024902820587158203,8
42,PINN-style baseline,10,0.38883426785469055,2063.08740234375,0.0,0.0,0.17826439999043941,10,6.513487824122421e-05,-8.01685887381609e-05,-3.11732292175293e-05,8
42,Base FNO Initializer,10,0.3032393157482147,643.044921875,0.0,0.0,1.700012944638729e-06,0,0.0,0.0,0.0,9
42,Supervised Latent Neural Operator Corrector,10,0.2836492657661438,508.97381591796875,0.0,0.0,0.14439789997413754,10,0.00901529872789979,0.0667832070030272,0.019590049982070923,9
42,TD3+BC,10,0.2836492657661438,508.97381591796875,0.0,0.0,0.21103710000170395,10,0.00901529872789979,0.0667832070030272,0.019590049982070923,9
42,Best Actual RL Policy,10,0.28964337706565857,505.06256103515625,0.0,0.0,0.2108503999770619,10,0.00966698806732893,0.045871626352891326,0.013595938682556152,9
42,Selected Production Policy,10,0.2836492657661438,508.97381591796875,0.0,0.0,0.14072939998004586,10,0.00901529872789979,0.0667832070030272,0.019590049982070923,9
42,Gradient baseline,10,0.3000403344631195,550.8942260742188,0.0,0.0,0.07143870001891628,10,0.009858105331659317,0.010605046583805233,0.003198981285095215,9
42,PINN-style baseline,10,0.30321717262268066,638.5596923828125,0.0,0.0,0.15684110001893714,10,6.412750444724224e-05,7.3074986175925e-05,2.2143125534057617e-05,9
42,Base FNO Initializer,10,0.3444646894931793,1651.44091796875,0.0,0.0,1.600012183189392e-06,0,0.0,0.0,0.0,10
42,Supervised Latent Neural Operator Corrector,10,0.3419962525367737,1276.6239013671875,0.0,0.0,0.1392489999998361,10,0.009186707995831966,0.007191460281319451,0.0024684369564056396,10
42,TD3+BC,10,0.3419962525367737,1276.6239013671875,0.0,0.0,0.18050179997226223,10,0.009186707995831966,0.007191460281319451,0.0024684369564056396,10
42,Best Actual RL Policy,10,0.3410530388355255,1273.332275390625,0.0,0.0,0.19070799998007715,10,0.009031748306006194,0.009953189219231717,0.0034116506576538086,10
42,Selected Production Policy,10,0.3419962525367737,1276.6239013671875,0.0,0.0,0.21173179999459535,10,0.009186707995831966,0.007191460281319451,0.0024684369564056396,10
42,Gradient baseline,10,0.34401175379753113,1306.166748046875,0.0,0.0,0.07477210002252832,10,0.009587171208113431,0.0013153968466212973,0.00045293569564819336,10
42,PINN-style baseline,10,0.34449103474617004,1643.958984375,0.0,0.0,0.2091329999966547,10,6.490615851362236e-05,-7.653267948626308e-05,-2.6345252990722656e-05,10
42,Base FNO Initializer,10,0.5849906802177429,3960.756103515625,0.0,0.010925320908427238,2.100015990436077e-06,0,0.0,0.0,0.0,11
42,Supervised Latent Neural Operator Corrector,10,0.5808649063110352,3329.236083984375,0.0,0.010925320908427238,0.143201400001999,10,0.007596982037648558,0.007077513495460153,0.004125773906707764,11
42,TD3+BC,10,0.5808649063110352,3329.236083984375,0.0,0.010925320908427238,0.20647999999346212,10,0.007596982037648558,0.007077513495460153,0.004125773906707764,11
42,Best Actual RL Policy,10,0.5820143818855286,3334.39111328125,0.0,0.010925320908427238,0.2113450999604538,10,0.007273146696388721,0.005100543581647798,0.0029762983322143555,11
42,Selected Production Policy,10,0.5808649063110352,3329.236083984375,0.0,0.010925320908427238,0.21175690001109615,10,0.007596982037648558,0.007077513495460153,0.004125773906707764,11
42,Gradient baseline,10,0.586260199546814,3309.943603515625,0.0,0.010925320908427238,0.08102470001904294,10,0.008915445860475301,-0.0021680580102838576,-0.001269519329071045,11
42,PINN-style baseline,10,0.5850208401679993,3950.61279296875,0.0,0.010925320908427238,0.19017000001622364,10,6.487916325568222e-05,-5.1558173709054245e-05,-3.0159950256347656e-05,11
42,Base FNO Initializer,10,0.3044051229953766,595.3018798828125,0.0,0.0,1.600012183189392e-06,0,0.0,0.0,0.0,12
42,Supervised Latent Neural Operator Corrector,10,0.28273022174835205,475.6685791015625,0.0,0.0,0.13556550000794232,10,0.009117861371487379,0.07386604091152549,0.021674901247024536,12
42,TD3+BC,10,0.28273022174835205,475.6685791015625,0.0,0.0,0.17388270003721118,10,0.009117861371487379,0.07386604091152549,0.021674901247024536,12
42,Best Actual RL Policy,10,0.2889583110809326,472.2829284667969,0.0,0.0,0.18619269999908283,10,0.009689758624881506,0.052076658234000206,0.01544681191444397,12
42,Selected Production Policy,10,0.28273022174835205,475.6685791015625,0.0,0.0,0.1991115999990143,10,0.009117861371487379,0.07386604091152549,0.021674901247024536,12
42,Gradient baseline,10,0.30085742473602295,512.7355346679688,0.0,0.0,0.06587990000844002,10,0.009790959022939204,0.011722486407961696,0.0035476982593536377,12
42,PINN-style baseline,10,0.304379403591156,590.9974975585938,0.0,0.0,0.20766870002262294,10,6.405557069228962e-05,8.439979228569428e-05,2.5719404220581055e-05,12
42,Base FNO Initializer,10,0.5462764501571655,3434.9931640625,0.0,0.0,1.700012944638729e-06,0,0.0,0.0,0.0,13
42,Supervised Latent Neural Operator Corrector,10,0.5441617965698242,2824.22119140625,0.0,0.0,0.1365351999993436,10,0.008381691668182612,0.0038782911797170527,0.0021146535873413086,13
42,TD3+BC,10,0.5441617965698242,2824.22119140625,0.0,0.0,0.2010646000271663,10,0.008381691668182612,0.0038782911797170527,0.0021146535873413086,13
42,Best Actual RL Policy,10,0.5458012819290161,2827.544921875,0.0,0.0,0.21241029998054728,10,0.007367392117157578,0.0008697528325001258,0.00047516822814941406,13
42,Selected Production Policy,10,0.5441617965698242,2824.22119140625,0.0,0.0,0.21596870000939816,10,0.008381691668182612,0.0038782911797170527,0.0021146535873413086,13
42,Gradient baseline,10,0.5474910140037537,2826.164306640625,0.0,0.0,0.04884229996241629,10,0.009224351961165667,-0.0022213875636225566,-0.0012145638465881348,13
42,PINN-style baseline,10,0.5463061928749084,3425.059814453125,0.0,0.0,0.17555550002725795,10,6.495203415397554e-05,-5.453842231872841e-05,-2.9742717742919922e-05,13
42,Base FNO Initializer,10,0.30238786339759827,692.24951171875,0.0,0.0,1.7999554984271526e-06,0,0.0,0.0,0.0,14
42,Supervised Latent Neural Operator Corrector,10,0.28456413745880127,543.4006958007812,0.0,0.0,0.13773130002664402,10,0.008989004883915186,0.060751581098884344,0.017823725938796997,14
42,TD3+BC,10,0.28456413745880127,543.4006958007812,0.0,0.0,0.20956180000212044,10,0.008989004883915186,0.060751581098884344,0.017823725938796997,14
42,Best Actual RL Policy,10,0.2900570333003998,538.4835815429688,0.0,0.0,0.20245260000228882,10,0.009667035844177007,0.04163251689169556,0.012330830097198486,14
42,Selected Production Policy,10,0.28456413745880127,543.4006958007812,0.0,0.0,0.14711749996058643,10,0.008989004883915186,0.060751581098884344,0.017823725938796997,14
42,Gradient baseline,10,0.2991897165775299,585.72607421875,0.0,0.0,0.08156359998974949,10,0.009843023121356964,0.01063214399619028,0.0031981468200683594,14
42,PINN-style baseline,10,0.30237749218940735,687.592041015625,0.0,0.0,0.2091694999835454,10,6.415867392206565e-05,3.421298424655106e-05,1.0371208190917969e-05,14
42,Base FNO Initializer,10,0.5435420870780945,3405.65576171875,0.0,0.0,1.700012944638729e-06,0,0.0,0.0,0.0,15
42,Supervised Latent Neural Operator Corrector,10,0.5415393114089966,2796.999267578125,0.0,0.0,0.1383343000197783,10,0.008440424874424934,0.003690937810461037,0.0020027756690979004,15
42,TD3+BC,10,0.5415393114089966,2796.999267578125,0.0,0.0,0.20706149999750778,10,0.008440424874424934,0.003690937810461037,0.0020027756690979004,15
42,Best Actual RL Policy,10,0.5431453585624695,2800.37939453125,0.0,0.0,0.209405500034336,10,0.0073865104932338,0.0007297654283320298,0.000396728515625,15
42,Selected Production Policy,10,0.5415393114089966,2796.999267578125,0.0,0.0,0.21846299996832386,10,0.008440424874424934,0.003690937810461037,0.0020027756690979004,15
42,Gradient baseline,10,0.5447539687156677,2799.761474609375,0.0,0.0,0.07969859999138862,10,0.00930789513513446,-0.0022274781367741525,-0.0012118816375732422,15
42,PINN-style baseline,10,0.5435702204704285,3395.7373046875,0.0,0.0,0.2000901999999769,10,6.512020918307826e-05,-5.173698855287512e-05,-2.8133392333984375e-05,15
42,Base FNO Initializer,10,0.29980409145355225,45.42012405395508,0.0,0.0,1.6300007700920105e-05,0,0.0,0.0,0.0,16
42,Supervised Latent Neural Operator Corrector,10,0.24567975103855133,60.38614273071289,0.0,0.0,0.07431290001841262,10,0.006150652887299657,0.1991002969443798,0.054124340415000916,16
42,TD3+BC,10,0.24567975103855133,60.38614273071289,0.0,0.0,0.15892299998085946,10,0.006150652887299657,0.1991002969443798,0.054124340415000916,16
42,Best Actual RL Policy,10,0.25780075788497925,62.824462890625,0.0,0.0,0.1359960000263527,10,0.008643334032967687,0.1509418374625966,0.042003333568573,16
42,Selected Production Policy,10,0.24567975103855133,60.38614273071289,0.0,0.0,0.15368489996762946,10,0.006150652887299657,0.1991002969443798,0.054124340415000916,16
42,Gradient baseline,10,0.29614633321762085,88.72151947021484,0.0,0.0,0.081958599970676,10,0.009924199245870114,0.012275020446395501,0.0036577582359313965,16
42,PINN-style baseline,10,0.299522340297699,44.34415054321289,0.0,0.0,0.16864610003540292,10,6.106132350396365e-05,0.0009402784853591584,0.0002817511558532715,16
42,Base FNO Initializer,10,0.5775725245475769,3834.319580078125,0.0,0.002559700980782509,1.6999547369778156e-06,0,0.0,0.0,0.0,17
42,Supervised Latent Neural Operator Corrector,10,0.5739055275917053,3205.18310546875,0.0,0.002559700980782509,0.10626400000182912,10,0.007704565254971385,0.006368917995132506,0.003666996955871582,17
42,TD3+BC,10,0.5739055275917053,3205.18310546875,0.0,0.002559700980782509,0.2135120999882929,10,0.007704565254971385,0.006368917995132506,0.003666996955871582,17
42,Best Actual RL Policy,10,0.5753399729728699,3209.796142578125,0.0,0.002559700980782509,0.2047137999907136,10,0.007233440037816763,0.003872572517138906,0.0022325515747070312,17
42,Selected Production Policy,10,0.5739055275917053,3205.18310546875,0.0,0.002559700980782509,0.2016845000325702,10,0.007704565254971385,0.006368917995132506,0.003666996955871582,17
42,Gradient baseline,10,0.5788487195968628,3191.17236328125,0.0,0.002559700980782509,0.08186000003479421,10,0.00898665483109653,-0.002207531695603393,-0.0012761950492858887,17
42,PINN-style baseline,10,0.5776005983352661,3824.21435546875,0.0,0.002559700980782509,0.15228189999470487,10,6.492984612123109e-05,-4.8577926918369485e-05,-2.8073787689208984e-05,17
42,Base FNO Initializer,10,0.26343342661857605,10.459040641784668,0.0,0.0,1.100008375942707e-06,0,0.0,0.0,0.0,18
42,Supervised Latent Neural Operator Corrector,10,0.21351152658462524,26.81036376953125,0.0,0.0,0.1131664999993518,10,0.004025119100697338,0.21010954678058624,0.049921900033950806,18
42,TD3+BC,10,0.21351152658462524,26.81036376953125,0.0,0.0,0.21297710004728287,10,0.004025119100697338,0.21010954678058624,0.049921900033950806,18
42,Best Actual RL Policy,10,0.3459334373474121,39.79467010498047,0.0,0.0,0.20752669998910278,10,0.006652893940918147,-0.27244594134390354,-0.08250001072883606,18
42,Selected Production Policy,10,0.21351152658462524,26.81036376953125,0.0,0.0,0.16817930003162473,10,0.004025119100697338,0.21010954678058624,0.049921900033950806,18
42,Gradient baseline,10,0.2623521089553833,55.34046173095703,0.0,0.0,0.07315399998333305,10,0.009919038973748684,0.004112762078875676,0.001081317663192749,18
42,PINN-style baseline,10,0.2628200948238373,9.947933197021484,0.0,0.0,0.16577899997355416,10,5.861841491423547e-05,0.002330865347175859,0.0006133317947387695,18
42,Base FNO Initializer,10,0.31048741936683655,439.23931884765625,0.0,0.0,1.800013706088066e-06,0,0.0,0.0,0.0,19
42,Supervised Latent Neural Operator Corrector,10,0.2808540463447571,363.5038146972656,0.0,0.0,0.14183380000758916,10,0.009193933010101319,0.10030777007341385,0.029633373022079468,19
42,TD3+BC,10,0.2808540463447571,363.5038146972656,0.0,0.0,0.2013392000226304,10,0.009193933010101319,0.10030777007341385,0.029633373022079468,19
42,Best Actual RL Policy,10,0.285209596157074,363.2181091308594,0.0,0.0,0.20924589998321608,10,0.009450022410601378,0.08491852274164557,0.025277823209762573,19
42,Selected Production Policy,10,0.2808540463447571,363.5038146972656,0.0,0.0,0.20928939996520057,10,0.009193933010101319,0.10030777007341385,0.029633373022079468,19
42,Gradient baseline,10,0.3063933551311493,400.87457275390625,0.0,0.0,0.0790434000082314,10,0.009861071780323982,0.013273135875351727,0.004094064235687256,19
42,PINN-style baseline,10,0.3104342222213745,435.60015869140625,0.0,0.0,0.18556610000086948,10,6.397544566425495e-05,0.00017130226115114056,5.319714546203613e-05,19
42,Base FNO Initializer,10,0.3058614730834961,548.5723876953125,0.0,0.0,1.6200006939470768e-05,0,0.0,0.0,0.0,20
42,Supervised Latent Neural Operator Corrector,10,0.2819512188434601,444.7825622558594,0.0,0.0,0.11500130000058562,10,0.009191224537789821,0.0813978430815041,0.02391025424003601,20
42,TD3+BC,10,0.2819512188434601,444.7825622558594,0.0,0.0,0.20897730003343895,10,0.009191224537789821,0.0813978430815041,0.02391025424003601,20
42,Best Actual RL Policy,10,0.2883194386959076,441.0727233886719,0.0,0.0,0.2134827999980189,10,0.009655984956771136,0.059062790125608444,0.0175420343875885,20
42,Selected Production Policy,10,0.2819512188434601,444.7825622558594,0.0,0.0,0.21051890001399443,10,0.009191224537789821,0.0813978430815041,0.02391025424003601,20
42,Gradient baseline,10,0.30243539810180664,482.63677978515625,0.0,0.0,0.0750973999965936,10,0.009996186103671789,0.011264153232332319,0.003426074981689453,20
42,PINN-style baseline,10,0.3058241009712219,544.4521484375,0.0,0.0,0.19898509996710345,10,6.382538631442003e-05,0.0001220695403389982,3.737211227416992e-05,20
42,Base FNO Initializer,10,0.3195609748363495,1329.984619140625,0.0,0.0,1.600012183189392e-06,0,0.0,0.0,0.0,21
42,Supervised Latent Neural Operator Corrector,10,0.31439098715782166,1020.31396484375,0.0,0.0,0.13786149997031316,10,0.009048291202634572,0.016310365877870936,0.005169987678527832,21
42,TD3+BC,10,0.31439098715782166,1020.31396484375,0.0,0.0,0.17384509998373687,10,0.009048291202634572,0.016310365877870936,0.005169987678527832,21
42,Best Actual RL Policy,10,0.3143337666988373,1018.8037109375,0.0,0.0,0.11200470000039786,10,0.009363294020295143,0.016492217750055715,0.005227208137512207,21
42,Selected Production Policy,10,0.31439098715782166,1020.31396484375,0.0,0.0,0.14878999994834885,10,0.009048291202634572,0.016310365877870936,0.005169987678527832,21
42,Gradient baseline,10,0.31835249066352844,1060.8394775390625,0.0,0.0,0.07395839999662712,10,0.009762155078351497,0.003788431378779933,0.001208484172821045,21
42,PINN-style baseline,10,0.31957149505615234,1323.365478515625,0.0,0.0,0.2157893999828957,10,6.440043362090364e-05,-3.302105369584751e-05,-1.0520219802856445e-05,21
42,Base FNO Initializer,10,0.32081860303878784,251.42733764648438,0.0,0.0,1.9000144675374031e-06,0,0.0,0.0,0.0,22
42,Supervised Latent Neural Operator Corrector,10,0.2788539230823517,219.97634887695312,0.0,0.0,0.13976530003128573,10,0.008703079586848617,0.1401874478906393,0.04196467995643616,22
42,TD3+BC,10,0.2788539230823517,219.97634887695312,0.0,0.0,0.19648119999328628,10,0.008703079586848617,0.1401874478906393,0.04196467995643616,22
42,Best Actual RL Policy,10,0.27003633975982666,222.2763214111328,0.0,0.0,0.180016300000716,10,0.008754400163888931,0.17231895960867405,0.05078226327896118,22
42,Selected Production Policy,10,0.2788539230823517,219.97634887695312,0.0,0.0,0.21210089995292947,10,0.008703079586848617,0.1401874478906393,0.04196467995643616,22
42,Gradient baseline,10,0.3161933124065399,259.0816650390625,0.0,0.0,0.0798551999614574,10,0.009916009567677974,0.014521530887577683,0.004625290632247925,22
42,PINN-style baseline,10,0.32074055075645447,248.7576141357422,0.0,0.0,0.17570280004292727,10,6.2696260647499e-05,0.0002433031750115333,7.805228233337402e-05,22
42,Base FNO Initializer,10,0.557006299495697,3555.9130859375,0.0,0.0,1.700012944638729e-06,0,0.0,0.0,0.0,23
42,Supervised Latent Neural Operator Corrector,10,0.5544760227203369,2936.839599609375,0.0,0.0,0.13970260001951829,10,0.008140270039439202,0.00455258775036782,0.0025302767753601074,23
42,TD3+BC,10,0.5544760227203369,2936.839599609375,0.0,0.0,0.20868939999490976,10,0.008140270039439202,0.00455258775036782,0.0025302767753601074,23
42,Best Actual RL Policy,10,0.556205153465271,2940.171142578125,0.0,0.0,0.20323420001659542,10,0.007290380680933595,0.0014391551030712435,0.0008011460304260254,23
42,Selected Production Policy,10,0.5544760227203369,2936.839599609375,0.0,0.0,0.21385350002674386,10,0.008140270039439202,0.00455258775036782,0.0025302767753601074,23
42,Gradient baseline,10,0.5582517981529236,2936.959228515625,0.0,0.0,0.08165099995676428,10,0.009241053182631732,-0.0022340286086546257,-0.0012454986572265625,23
42,PINN-style baseline,10,0.5570360422134399,3545.91845703125,0.0,0.0,0.21320110000669956,10,6.500594681710937e-05,-5.3525137900578557e-05,-2.9742717742919922e-05,23
42,Base FNO Initializer,10,0.3115316927433014,418.41656494140625,0.0,0.0,1.5999539755284786e-06,0,0.0,0.0,0.0,24
42,Supervised Latent Neural Operator Corrector,10,0.28081944584846497,347.4112548828125,0.0,0.0,0.13948160002473742,10,0.009181859344244004,0.103788654319942,0.030712246894836426,24
42,TD3+BC,10,0.28081944584846497,347.4112548828125,0.0,0.0,0.20690639998065308,10,0.009181859344244004,0.103788654319942,0.030712246894836426,24
42,Best Actual RL Policy,10,0.28437140583992004,346.7273864746094,0.0,0.0,0.21129629999632016,10,0.009379214793443679,0.09121951647102833,0.027160286903381348,24
42,Selected Production Policy,10,0.28081944584846497,347.4112548828125,0.0,0.0,0.21068910002941266,10,0.009181859344244004,0.103788654319942,0.030712246894836426,24
42,Gradient baseline,10,0.30736061930656433,385.26513671875,0.0,0.0,0.07604479999281466,10,0.009920108504593373,0.013478852109983563,0.0041710734367370605,24
42,PINN-style baseline,10,0.31147301197052,414.8711242675781,0.0,0.0,0.2074441000004299,10,6.398049299605191e-05,0.00018846809325623326,5.868077278137207e-05,24
42,Base FNO Initializer,10,0.30353686213493347,957.0062255859375,0.0,0.0,1.100008375942707e-06,0,0.0,0.0,0.0,25
42,Supervised Latent Neural Operator Corrector,10,0.29268163442611694,732.6432495117188,0.0,0.0,0.1105295000015758,10,0.008902082033455373,0.03641706088092178,0.010855227708816528,25
42,TD3+BC,10,0.29268163442611694,732.6432495117188,0.0,0.0,0.2107382999965921,10,0.008902082033455373,0.03641706088092178,0.010855227708816528,25
42,Best Actual RL Policy,10,0.2951800525188446,733.036376953125,0.0,0.0,0.21262159995967522,10,0.009625267703086138,0.027917074599827174,0.008356809616088867,25
42,Selected Production Policy,10,0.29268163442611694,732.6432495117188,0.0,0.0,0.19038210000144318,10,0.008902082033455373,0.03641706088092178,0.010855227708816528,25
42,Gradient baseline,10,0.30139750242233276,781.1071166992188,0.0,0.0,0.06093109998619184,10,0.009788155183196067,0.007072670327033848,0.002139359712600708,25
42,PINN-style baseline,10,0.30354011058807373,951.5057373046875,0.0,0.0,0.2021089000045322,10,6.405783278751187e-05,-1.0669259495443839e-05,-3.248453140258789e-06,25
42,Base FNO Initializer,10,0.39518487453460693,2125.42236328125,0.0,0.0,1.600012183189392e-06,0,0.0,0.0,0.0,26
42,Supervised Latent Neural Operator Corrector,10,0.3943920433521271,1667.9090576171875,0.0,0.0,0.10305660002632067,10,0.009379983134567737,0.0020079129908481264,0.0007928311824798584,26
42,TD3+BC,10,0.3943920433521271,1667.9090576171875,0.0,0.0,0.20712999999523163,10,0.009379983134567737,0.0020079129908481264,0.0007928311824798584,26
42,Best Actual RL Policy,10,0.3932398855686188,1666.7864990234375,0.0,0.0,0.213965900009498,10,0.008485403936356306,0.004933476629958022,0.0019449889659881592,26
42,Selected Production Policy,10,0.3943920433521271,1667.9090576171875,0.0,0.0,0.21498589997645468,10,0.009379983134567737,0.0020079129908481264,0.0007928311824798584,26
42,Gradient baseline,10,0.3954964578151703,1679.9588623046875,0.0,0.0,0.07661990000633523,10,0.009504585433751345,-0.0007885878621891607,-0.0003115832805633545,26
42,PINN-style baseline,10,0.3952142894268036,2116.9228515625,0.0,0.0,0.19582289998652413,10,6.49176501610782e-05,-7.444650145771448e-05,-2.9414892196655273e-05,26
42,Base FNO Initializer,10,0.30378463864326477,618.8441772460938,0.0,0.0,1.300009898841381e-06,0,0.0,0.0,0.0,27
42,Supervised Latent Neural Operator Corrector,10,0.28319627046585083,491.8132019042969,0.0,0.0,0.11738310003420338,10,0.009056015312671662,0.07017858792096376,0.02058836817741394,27
42,TD3+BC,10,0.28319627046585083,491.8132019042969,0.0,0.0,0.19332879997091368,10,0.009056015312671662,0.07017858792096376,0.02058836817741394,27
42,Best Actual RL Policy,10,0.28937292098999023,487.2247619628906,0.0,0.0,0.21252040000399575,10,0.009658756386488675,0.04860231373459101,0.014411717653274536,27
42,Selected Production Policy,10,0.28319627046585083,491.8132019042969,0.0,0.0,0.20735330000752583,10,0.009056015312671662,0.07017858792096376,0.02058836817741394,27
42,Gradient baseline,10,0.30070891976356506,532.0477294921875,0.0,0.0,0.08196809998480603,10,0.00985421920195222,0.010175666306167841,0.003075718879699707,27
42,PINN-style baseline,10,0.30376237630844116,614.4481811523438,0.0,0.0,0.21043399994960055,10,6.402391954907216e-05,7.319418182305526e-05,2.22623348236084e-05,27
42,Base FNO Initializer,10,0.3018798828125,742.8990478515625,0.0,0.0,1.800013706088066e-06,0,0.0,0.0,0.0,28
42,Supervised Latent Neural Operator Corrector,10,0.285815566778183,578.0022583007812,0.0,0.0,0.13591830001678318,10,0.008932545129209758,0.054682105546817183,0.016064316034317017,28
42,TD3+BC,10,0.285815566778183,578.0022583007812,0.0,0.0,0.21069979999447241,10,0.008932545129209758,0.054682105546817183,0.016064316034317017,28
42,Best Actual RL Policy,10,0.29063111543655396,575.309326171875,0.0,0.0,0.20986730000004172,10,0.009691951796412468,0.03797390667023137,0.011248767375946045,28
42,Selected Production Policy,10,0.285815566778183,578.0022583007812,0.0,0.0,0.18293020001146942,10,0.008932545129209758,0.054682105546817183,0.016064316034317017,28
42,Gradient baseline,10,0.2988545298576355,623.1609497070312,0.0,0.0,0.08348179998574778,10,0.009775119367986917,0.01007169485092163,0.003025352954864502,28
42,PINN-style baseline,10,0.3018701374530792,738.072265625,0.0,0.0,0.20156439999118447,10,6.40207013930194e-05,3.230564095701993e-05,9.745359420776367e-06,28
42,Base FNO Initializer,10,0.4943404793739319,2931.8359375,0.0,0.0,1.600012183189392e-06,0,0.0,0.0,0.0,29
42,Supervised Latent Neural Operator Corrector,10,0.49370694160461426,2366.73974609375,0.0,0.0,0.1379762999713421,10,0.00920284679159522,0.0012817356546293013,0.000633537769317627,29
42,TD3+BC,10,0.49370694160461426,2366.73974609375,0.0,0.0,0.1722050000098534,10,0.00920284679159522,0.0012817356546293013,0.000633537769317627,29
42,Best Actual RL Policy,10,0.4941207468509674,2371.8447265625,0.0,0.0,0.21205559995723888,10,0.0077122079208493234,0.0004444168953341432,0.00021973252296447754,29
42,Selected Production Policy,10,0.49370694160461426,2366.73974609375,0.0,0.0,0.21527409995906055,10,0.00920284679159522,0.0012817356546293013,0.000633537769317627,29
42,Gradient baseline,10,0.4953957796096802,2372.0546875,0.0,0.0,0.08187270001508296,10,0.009309694217517973,-0.0021329214214347303,-0.001055300235748291,29
42,PINN-style baseline,10,0.49437215924263,2922.208984375,0.0,0.0,0.21959359996253625,10,6.515700224554166e-05,-6.395601258191164e-05,-3.167986869812012e-05,29
42,Base FNO Initializer,10,0.6040374040603638,4289.4482421875,0.0,0.07487307488918304,1.9000144675374031e-06,0,0.0,0.0,0.0,30
42,Supervised Latent Neural Operator Corrector,10,0.598954975605011,3652.458740234375,0.0,0.07487307488918304,0.15144089999375865,10,0.007263778755441308,0.008449409913737327,0.005082428455352783,30
42,TD3+BC,10,0.598954975605011,3652.458740234375,0.0,0.07487307488918304,0.23750099999597296,10,0.007263778755441308,0.008449409913737327,0.005082428455352783,30
42,Best Actual RL Policy,10,0.5995610952377319,3663.6337890625,0.0,0.07487307488918304,0.22371619998011738,10,0.007373726414516568,0.007438002619892359,0.004476308822631836,30
42,Selected Production Policy,10,0.598954975605011,3652.458740234375,0.0,0.07487307488918304,0.2144947000197135,10,0.007263778755441308,0.008449409913737327,0.005082428455352783,30
42,Gradient baseline,10,0.6053476929664612,3616.57763671875,0.0,0.07487307488918304,0.07324290001997724,10,0.008693333296105266,-0.002167141399695538,-0.0013102889060974121,30
42,PINN-style baseline,10,0.604064404964447,4279.20947265625,0.0,0.07487307488918304,0.23445129999890924,10,6.474878318840638e-05,-4.4584396619029576e-05,-2.7000904083251953e-05,30
42,Base FNO Initializer,10,0.3498401343822479,1709.37939453125,0.0,0.0,2.700020559132099e-06,0,0.0,0.0,0.0,31
42,Supervised Latent Neural Operator Corrector,10,0.3476943373680115,1323.4486083984375,0.0,0.0,0.15433490002760664,10,0.009210269432514906,0.006152226858830545,0.00214579701423645,31
42,TD3+BC,10,0.3476943373680115,1323.4486083984375,0.0,0.0,0.22376720001921058,10,0.009210269432514906,0.006152226858830545,0.00214579701423645,31
42,Best Actual RL Policy,10,0.34667450189590454,1319.9615478515625,0.0,0.0,0.21577850001631305,10,0.008963418938219548,0.009089561557630077,0.003165632486343384,31
42,Selected Production Policy,10,0.3476943373680115,1323.4486083984375,0.0,0.0,0.21657390001928434,10,0.009210269432514906,0.006152226858830545,0.00214579701423645,31
42,Gradient baseline,10,0.34946802258491516,1350.7852783203125,0.0,0.0,0.08314669999526814,10,0.009601862635463476,0.0010637674768076977,0.00037211179733276367,31
42,PINN-style baseline,10,0.34986400604248047,1701.738525390625,0.0,0.0,0.2319924000184983,10,6.498708607978187e-05,-6.83071789353562e-05,-2.3871660232543945e-05,31
42,Base FNO Initializer,10,0.31445395946502686,1242.1712646484375,0.0,0.0,2.0999577827751637e-06,0,0.0,0.0,0.0,32
42,Supervised Latent Neural Operator Corrector,10,0.30824020504951477,951.2910766601562,0.0,0.0,0.14178899995749816,10,0.009006230812519788,0.01995772596274037,0.006213754415512085,32
42,TD3+BC,10,0.30824020504951477,951.2910766601562,0.0,0.0,0.16182239999761805,10,0.009006230812519788,0.01995772596274037,0.006213754415512085,32
42,Best Actual RL Policy,10,0.3086000680923462,950.5701904296875,0.0,0.0,0.20772080001188442,10,0.009435672499239444,0.01879131364694331,0.005853891372680664,32
42,Selected Production Policy,10,0.30824020504951477,951.2910766601562,0.0,0.0,0.1540977000258863,10,0.009006230812519788,0.01995772596274037,0.006213754415512085,32
42,Gradient baseline,10,0.3130244016647339,992.742919921875,0.0,0.0,0.08245190000161529,10,0.00968673061579466,0.00455593183869496,0.0014295578002929688,32
42,PINN-style baseline,10,0.3144623339176178,1235.80859375,0.0,0.0,0.20824750000610948,10,6.464051984949038e-05,-2.6583730573292996e-05,-8.374452590942383e-06,32
42,Base FNO Initializer,10,0.3051007091999054,571.7135620117188,0.0,0.0,1.700012944638729e-06,0,0.0,0.0,0.0,33
42,Supervised Latent Neural Operator Corrector,10,0.2823812663555145,460.6990661621094,0.0,0.0,0.09249629999976605,10,0.009130456950515509,0.07738328771665692,0.02271944284439087,33
42,TD3+BC,10,0.2823812663555145,460.6990661621094,0.0,0.0,0.14473540004109964,10,0.009130456950515509,0.07738328771665692,0.02271944284439087,33
42,Best Actual RL Policy,10,0.28870975971221924,457.28375244140625,0.0,0.0,0.19519550004042685,10,0.009653647989034652,0.055219511268660426,0.016390949487686157,33
42,Selected Production Policy,10,0.2823812663555145,460.6990661621094,0.0,0.0,0.20882559998426586,10,0.009130456950515509,0.07738328771665692,0.02271944284439087,33
42,Gradient baseline,10,0.3014528751373291,497.0389099121094,0.0,0.0,0.079820400045719,10,0.009827275201678276,0.012027734774164855,0.003647834062576294,33
42,PINN-style baseline,10,0.30507102608680725,567.5054321289062,0.0,0.0,0.20801489998120815,10,6.399183403118513e-05,9.727427959660417e-05,2.968311309814453e-05,33
42,Base FNO Initializer,10,0.5267638564109802,3232.8515625,0.0,0.0,1.700012944638729e-06,0,0.0,0.0,0.0,34
42,Supervised Latent Neural Operator Corrector,10,0.5253625512123108,2637.58642578125,0.0,0.0,0.13651499996194616,10,0.008771709445863963,0.0026633534562279237,0.0014013051986694336,34
42,TD3+BC,10,0.5253625512123108,2637.58642578125,0.0,0.0,0.2115400999900885,10,0.008771709445863963,0.0026633534562279237,0.0014013051986694336,34
42,Best Actual RL Policy,10,0.5266594290733337,2641.4599609375,0.0,0.0,0.20992150000529364,10,0.0075059094000607725,0.00019795644038822502,0.00010442733764648438,34
42,Selected Production Policy,10,0.5253625512123108,2637.58642578125,0.0,0.0,0.19766730000264943,10,0.008771709445863963,0.0026633534562279237,0.0014013051986694336,34
42,Gradient baseline,10,0.5279340744018555,2641.94482421875,0.0,0.0,0.07932049996452406,10,0.00928309503942728,-0.0022195454366737977,-0.0011702179908752441,34
42,PINN-style baseline,10,0.5267944931983948,3223.029296875,0.0,0.0,0.20532080001430586,10,6.495284469565377e-05,-5.8114720559387933e-05,-3.063678741455078e-05,34
42,Base FNO Initializer,10,0.3018037974834442,821.0812377929688,0.0,0.0,1.4999532140791416e-06,0,0.0,0.0,0.0,35
42,Supervised Latent Neural Operator Corrector,10,0.28792405128479004,633.5336303710938,0.0,0.0,0.13692290004109964,10,0.008871692232787609,0.047079982701689005,0.013879746198654175,35
42,TD3+BC,10,0.28792405128479004,633.5336303710938,0.0,0.0,0.20904590003192425,10,0.008871692232787609,0.047079982701689005,0.013879746198654175,35
42,Best Actual RL Policy,10,0.29181206226348877,632.5072631835938,0.0,0.0,0.2171972999931313,10,0.009677411988377571,0.03366675676079467,0.009991735219955444,35
42,Selected Production Policy,10,0.28792405128479004,633.5336303710938,0.0,0.0,0.21323090000078082,10,0.008871692232787609,0.047079982701689005,0.013879746198654175,35
42,Gradient baseline,10,0.29919904470443726,683.3197021484375,0.0,0.0,0.08505890000378713,10,0.009854274056851863,0.008667442481964827,0.002604752779006958,35
42,PINN-style baseline,10,0.30180349946022034,815.9948120117188,0.0,0.0,0.20348960004048422,10,6.41029815596994e-05,8.940481066588291e-07,2.980232238769531e-07,35
123,Base FNO Initializer,1,0.18997663259506226,50.71394348144531,0.0,0.0,1.300009898841381e-06,0,0.0,0.0,0.0,0
123,Supervised Latent Neural Operator Corrector,1,0.1882445067167282,49.91255569458008,0.0,0.0,0.014000200026202947,1,0.0033312870655208826,0.009159444831311703,0.0017321258783340454,0
123,TD3+BC,1,0.1882445067167282,49.91255569458008,0.0,0.0,0.02143600000999868,1,0.0033312870655208826,0.009159444831311703,0.0017321258783340454,0
123,Best Actual RL Policy,1,0.19236649572849274,49.926185607910156,0.0,0.0,0.02145379997091368,1,0.00546807749196887,-0.012501346878707409,-0.002389863133430481,0
123,Selected Production Policy,1,0.1882445067167282,49.91255569458008,0.0,0.0,0.021196099987719208,1,0.0033312870655208826,0.009159444831311703,0.0017321258783340454,0
123,Gradient baseline,1,0.18949094414710999,90.0484619140625,0.0,0.0,0.008364000008441508,1,0.009642348624765873,0.0025597931817173958,0.0004856884479522705,0
123,PINN-style baseline,1,0.18996502459049225,50.61612319946289,0.0,0.0,0.022052899992559105,1,6.469719664892182e-05,6.115249561844394e-05,1.1608004570007324e-05,0
123,Base FNO Initializer,1,0.5357654690742493,4717.8603515625,0.0,0.17247915267944336,1.700012944638729e-06,0,0.0,0.0,0.0,1
123,Supervised Latent Neural Operator Corrector,1,0.5325348973274231,4691.94189453125,0.0,0.17247915267944336,0.013730599952396005,1,0.015102316625416279,0.006048000883311033,0.003230571746826172,1
123,TD3+BC,1,0.5325348973274231,4691.94189453125,0.0,0.17247915267944336,0.024186099995858967,1,0.015102316625416279,0.006048000883311033,0.003230571746826172,1
123,Best Actual RL Policy,1,0.5323848128318787,4696.02734375,0.0,0.17247915267944336,0.022722200024873018,1,0.01579064317047596,0.006329839117825031,0.0033806562423706055,1
123,Selected Production Policy,1,0.5325348973274231,4691.94189453125,0.0,0.17247915267944336,0.021547699987422675,1,0.015102316625416279,0.006048000883311033,0.003230571746826172,1
123,Gradient baseline,1,0.5358932614326477,4607.3154296875,0.0,0.17247915267944336,0.008074000012129545,1,0.008988995105028152,-0.00023854701430536807,-0.0001277923583984375,1
123,PINN-style baseline,1,0.535769522190094,4717.1044921875,0.0,0.17247915267944336,0.022112100035883486,1,6.569570541614667e-05,-7.56982080929447e-06,-4.0531158447265625e-06,1
123,Base FNO Initializer,1,0.4564506709575653,3434.240234375,0.0,0.0,1.800013706088066e-06,0,0.0,0.0,0.0,2
123,Supervised Latent Neural Operator Corrector,1,0.45300090312957764,3400.593017578125,0.0,0.0,0.014789800043217838,1,0.01416832860559225,0.007586377207189798,0.003449767827987671,2
123,TD3+BC,1,0.45300090312957764,3400.593017578125,0.0,0.0,0.026546999986749142,1,0.01416832860559225,0.007586377207189798,0.003449767827987671,2
123,Best Actual RL Policy,1,0.4532545506954193,3403.022705078125,0.0,0.0,0.01350629999069497,1,0.015704317018389702,0.007026599254459143,0.003196120262145996,2
123,Selected Production Policy,1,0.45300090312957764,3400.593017578125,0.0,0.0,0.022957999957725406,1,0.01416832860559225,0.007586377207189798,0.003449767827987671,2
123,Gradient baseline,1,0.45660263299942017,3333.747802734375,0.0,0.0,0.008054099977016449,1,0.009059889242053032,-0.00033292878651991487,-0.0001519620418548584,2
123,PINN-style baseline,1,0.4564543664455414,3433.54931640625,0.0,0.0,0.022216200013644993,1,6.578022293979302e-05,-8.106266250251792e-06,-3.6954879760742188e-06,2
123,Base FNO Initializer,1,0.2091408520936966,256.76873779296875,0.0,0.0,1.9000144675374031e-06,0,0.0,0.0,0.0,3
123,Supervised Latent Neural Operator Corrector,1,0.2079169601202011,252.900390625,0.0,0.0,0.014354499988257885,1,0.005989127792418003,0.0058691599406301975,0.0012238919734954834,3
123,TD3+BC,1,0.2079169601202011,252.900390625,0.0,0.0,0.02159259998006746,1,0.005989127792418003,0.0058691599406301975,0.0012238919734954834,3
123,Best Actual RL Policy,1,0.2082526534795761,253.75997924804688,0.0,0.0,0.022729499964043498,1,0.003989948891103268,0.004255873616784811,0.0008881986141204834,3
123,Selected Production Policy,1,0.2079169601202011,252.900390625,0.0,0.0,0.02267869998468086,1,0.005989127792418003,0.0058691599406301975,0.0012238919734954834,3
123,Gradient baseline,1,0.20836780965328217,263.7774658203125,0.0,0.0,0.008804999990388751,1,0.009404513984918594,0.003703122027218342,0.0007730424404144287,3
123,PINN-style baseline,1,0.20913319289684296,256.582275390625,0.0,0.0,0.0213023999822326,1,6.54566683806479e-05,3.659657886601053e-05,7.659196853637695e-06,3
123,Base FNO Initializer,1,0.3536207973957062,2363.30029296875,0.0,0.0,2.00001522898674e-06,0,0.0,0.0,0.0,4
123,Supervised Latent Neural Operator Corrector,1,0.35042983293533325,2330.228515625,0.0,0.0,0.01430189999518916,1,0.011620927602052689,0.009064525365829468,0.003190964460372925,4
123,TD3+BC,1,0.35042983293533325,2330.228515625,0.0,0.0,0.022629500017501414,1,0.011620927602052689,0.009064525365829468,0.003190964460372925,4
123,Best Actual RL Policy,1,0.35211703181266785,2329.865234375,0.0,0.0,0.02271430002292618,1,0.01500675268471241,0.004261466674506664,0.00150376558303833,4
123,Selected Production Policy,1,0.35042983293533325,2330.228515625,0.0,0.0,0.01621609996072948,1,0.011620927602052689,0.009064525365829468,0.003190964460372925,4
123,Gradient baseline,1,0.35373538732528687,2279.47705078125,0.0,0.0,0.008085299981757998,1,0.009143596515059471,-0.0003240455116610974,-0.00011458992958068848,4
123,PINN-style baseline,1,0.35362422466278076,2362.695068359375,0.0,0.0,0.022221399995032698,1,6.571546691702679e-05,-9.715606211102568e-06,-3.427267074584961e-06,4
123,Base FNO Initializer,1,0.22785356640815735,900.6553955078125,0.0,0.0,1.600012183189392e-06,0,0.0,0.0,0.0,5
123,Supervised Latent Neural Operator Corrector,1,0.22548706829547882,886.684814453125,0.0,0.0,0.014662200002931058,1,0.010197235271334648,0.010440323501825333,0.002366498112678528,5
123,TD3+BC,1,0.22548706829547882,886.684814453125,0.0,0.0,0.012507900013588369,1,0.010197235271334648,0.010440323501825333,0.002366498112678528,5
123,Best Actual RL Policy,1,0.22556322813034058,887.0829467773438,0.0,0.0,0.009375799971166998,1,0.010433639399707317,0.010102631524205208,0.0022903382778167725,5
123,Selected Production Policy,1,0.22548706829547882,886.684814453125,0.0,0.0,0.018527100037317723,1,0.010197235271334648,0.010440323501825333,0.002366498112678528,5
123,Gradient baseline,1,0.22765085101127625,864.7255859375,0.0,0.0,0.009391699975822121,1,0.009274907410144806,0.000890054099727422,0.00020271539688110352,5
123,PINN-style baseline,1,0.22785156965255737,900.2745971679688,0.0,0.0,0.021198100002948195,1,6.553545972565189e-05,8.821446499496233e-06,1.996755599975586e-06,5
123,Base FNO Initializer,1,0.24412237107753754,1157.4156494140625,0.0,0.0,1.700012944638729e-06,0,0.0,0.0,0.0,6
123,Supervised Latent Neural Operator Corrector,1,0.24138331413269043,1139.78564453125,0.0,0.0,0.014095799997448921,1,0.010834109969437122,0.011283337138593197,0.002739056944847107,6
123,TD3+BC,1,0.24138331413269043,1139.78564453125,0.0,0.0,0.022287999978289008,1,0.010834109969437122,0.011283337138593197,0.002739056944847107,6
123,Best Actual RL Policy,1,0.2419377863407135,1140.842041015625,0.0,0.0,0.022021800046786666,1,0.012522751465439796,0.008988907560706139,0.0021845847368240356,6
123,Selected Production Policy,1,0.24138331413269043,1139.78564453125,0.0,0.0,0.02181659999769181,1,0.010834109969437122,0.011283337138593197,0.002739056944847107,6
123,Gradient baseline,1,0.24402575194835663,1109.9510498046875,0.0,0.0,0.009404100012034178,1,0.009269681759178638,0.00039577274583280087,9.66191291809082e-05,6
123,PINN-style baseline,1,0.2441219985485077,1156.981201171875,0.0,0.0,0.023093999945558608,1,6.564933573827147e-05,1.5497173535550246e-06,3.725290298461914e-07,6
123,Base FNO Initializer,1,0.20593103766441345,155.207275390625,0.0,0.0,1.5999539755284786e-06,0,0.0,0.0,0.0,7
123,Supervised Latent Neural Operator Corrector,1,0.2046695053577423,153.0420684814453,0.0,0.0,0.013753600011114031,1,0.004913209471851587,0.00614478625357151,0.0012615323066711426,7
123,TD3+BC,1,0.2046695053577423,153.0420684814453,0.0,0.0,0.022708999982569367,1,0.004913209471851587,0.00614478625357151,0.0012615323066711426,7
123,Best Actual RL Policy,1,0.2055026739835739,153.47689819335938,0.0,0.0,0.02234110003337264,1,0.004632686730474234,0.002082313410937786,0.0004283636808395386,7
123,Selected Production Policy,1,0.2046695053577423,153.0420684814453,0.0,0.0,0.021559800021350384,1,0.004913209471851587,0.00614478625357151,0.0012615323066711426,7
123,Gradient baseline,1,0.20501181483268738,176.08189392089844,0.0,0.0,0.006257499975617975,1,0.009542949497699738,0.004473632201552391,0.0009192228317260742,7
123,PINN-style baseline,1,0.20592330396175385,155.0636749267578,0.0,0.0,0.021860699984245002,1,6.502815813291818e-05,3.755021680262871e-05,7.733702659606934e-06,7
123,Base FNO Initializer,1,0.29340171813964844,1755.0106201171875,0.0,0.0,1.0700023267418146e-05,0,0.0,0.0,0.0,8
123,Supervised Latent Neural Operator Corrector,1,0.2902716398239136,1728.59130859375,0.0,0.0,0.0144084999919869,1,0.011175372637808323,0.010725527070462704,0.0031300783157348633,8
123,TD3+BC,1,0.2902716398239136,1728.59130859375,0.0,0.0,0.03674640000099316,1,0.011175372637808323,0.010725527070462704,0.0031300783157348633,8
123,Best Actual RL Policy,1,0.2921110987663269,1728.6026611328125,0.0,0.0,0.022920999967027456,1,0.014185021631419659,0.0044084214605391026,0.0012906193733215332,8
123,Selected Production Policy,1,0.2902716398239136,1728.59130859375,0.0,0.0,0.021841100009623915,1,0.011175372637808323,0.010725527070462704,0.0031300783157348633,8
123,Gradient baseline,1,0.29344645142555237,1686.2486572265625,0.0,0.0,0.008291999984066933,1,0.009234960190951824,-0.0001525229454273358,-4.4733285903930664e-05,8
123,PINN-style baseline,1,0.2934027910232544,1754.4805908203125,0.0,0.0,0.02194720000261441,1,6.568659591721371e-05,-3.635891971498495e-06,-1.0728836059570312e-06,8
123,Base FNO Initializer,1,0.21179459989070892,469.538818359375,0.0,0.0,1.500011421740055e-06,0,0.0,0.0,0.0,9
123,Supervised Latent Neural Operator Corrector,1,0.21027910709381104,461.9754333496094,0.0,0.0,0.013421199982985854,1,0.007815785706043243,0.007181158754974604,0.0015154927968978882,9
123,TD3+BC,1,0.21027910709381104,461.9754333496094,0.0,0.0,0.015070800029207021,1,0.007815785706043243,0.007181158754974604,0.0015154927968978882,9
123,Best Actual RL Policy,1,0.21034526824951172,462.8258361816406,0.0,0.0,0.009159900015220046,1,0.00438029645010829,0.006866657640784979,0.0014493316411972046,9
123,Selected Production Policy,1,0.21027910709381104,461.9754333496094,0.0,0.0,0.008678499958477914,1,0.007815785706043243,0.007181158754974604,0.0015154927968978882,9
123,Gradient baseline,1,0.2112969011068344,457.5747985839844,0.0,0.0,0.0077401999733410776,1,0.009293287061154842,0.0023526435252279043,0.0004976987838745117,9
123,PINN-style baseline,1,0.21178974211215973,469.2781677246094,0.0,0.0,0.02155419997870922,1,6.54069081065245e-05,2.2887919840286486e-05,4.857778549194336e-06,9
123,Base FNO Initializer,1,0.2562851309776306,1321.5069580078125,0.0,0.0,5.400041118264198e-06,0,0.0,0.0,0.0,10
123,Supervised Latent Neural Operator Corrector,1,0.25337618589401245,1301.4423828125,0.0,0.0,0.014261600037571043,1,0.011043299920856953,0.011415225453674793,0.002908945083618164,10
123,TD3+BC,1,0.25337618589401245,1301.4423828125,0.0,0.0,0.022449699987191707,1,0.011043299920856953,0.011415225453674793,0.002908945083618164,10
123,Best Actual RL Policy,1,0.25432443618774414,1302.610595703125,0.0,0.0,0.022262100013904274,1,0.013270357623696327,0.007679730653762817,0.0019606947898864746,10
123,Selected Production Policy,1,0.25337618589401245,1301.4423828125,0.0,0.0,0.02117359999101609,1,0.011043299920856953,0.011415225453674793,0.002908945083618164,10
123,Gradient baseline,1,0.25623947381973267,1267.5677490234375,0.0,0.0,0.00878299999749288,1,0.009254496544599533,0.00017815918545238674,4.565715789794922e-05,10
123,PINN-style baseline,1,0.256286084651947,1321.0435791015625,0.0,0.0,0.021385999978519976,1,6.570975529029965e-05,-3.695496843647561e-06,-9.5367431640625e-07,10
123,Base FNO Initializer,1,0.49782538414001465,4027.326904296875,0.0,0.010925320908427238,1.800013706088066e-06,0,0.0,0.0,0.0,11
123,Supervised Latent Neural Operator Corrector,1,0.4944281578063965,3997.142333984375,0.0,0.010925320908427238,0.014257200004067272,1,0.014842811040580273,0.006847376935184002,0.003397226333618164,11
123,TD3+BC,1,0.4944281578063965,3997.142333984375,0.0,0.010925320908427238,0.022927399957552552,1,0.014842811040580273,0.006847376935184002,0.003397226333618164,11
123,Best Actual RL Policy,1,0.49438828229904175,4000.93994140625,0.0,0.010925320908427238,0.02257370000006631,1,0.01577100157737732,0.006928105838596821,0.0034371018409729004,11
123,Selected Production Policy,1,0.4944281578063965,3997.142333984375,0.0,0.010925320908427238,0.02220469998428598,1,0.014842811040580273,0.006847376935184002,0.003397226333618164,11
123,Gradient baseline,1,0.4979616403579712,3922.161376953125,0.0,0.010925320908427238,0.009581000020261854,1,0.009117575362324715,-0.0002737239410635084,-0.00013625621795654297,11
123,PINN-style baseline,1,0.4978291392326355,4026.60107421875,0.0,0.010925320908427238,0.023976399970706552,1,6.594885053345934e-05,-7.56982080929447e-06,-3.7550926208496094e-06,11
123,Base FNO Initializer,1,0.21121715009212494,433.18902587890625,0.0,0.0,1.8999562598764896e-06,0,0.0,0.0,0.0,12
123,Supervised Latent Neural Operator Corrector,1,0.20976868271827698,426.224609375,0.0,0.0,0.015399300027638674,1,0.007530048489570618,0.00688131945207715,0.0014484673738479614,12
123,TD3+BC,1,0.20976868271827698,426.224609375,0.0,0.0,0.024300699995364994,1,0.007530048489570618,0.00688131945207715,0.0014484673738479614,12
123,Best Actual RL Policy,1,0.20986628532409668,427.1519775390625,0.0,0.0,0.02178120001917705,1,0.0040590763092041016,0.006416188552975655,0.0013508647680282593,12
123,Selected Production Policy,1,0.20976868271827698,426.224609375,0.0,0.0,0.023305899987462908,1,0.007530048489570618,0.00688131945207715,0.0014484673738479614,12
123,Gradient baseline,1,0.21067075431346893,423.8367919921875,0.0,0.0,0.012265400029718876,1,0.009312918409705162,0.0025902355555444956,0.0005463957786560059,12
123,PINN-style baseline,1,0.21121229231357574,432.9403076171875,0.0,0.0,0.02451759995892644,1,6.537082663271576e-05,2.300712549185846e-05,4.857778549194336e-06,12
123,Base FNO Initializer,1,0.45337623357772827,3397.77001953125,0.0,0.0,1.800013706088066e-06,0,0.0,0.0,0.0,13
123,Supervised Latent Neural Operator Corrector,1,0.4499285817146301,3363.89208984375,0.0,0.0,0.013566299981903285,1,0.014099686406552792,0.007633345667272806,0.0034476518630981445,13
123,TD3+BC,1,0.4499285817146301,3363.89208984375,0.0,0.0,0.015797500032931566,1,0.014099686406552792,0.007633345667272806,0.0034476518630981445,13
123,Best Actual RL Policy,1,0.4502125382423401,3366.195556640625,0.0,0.0,0.015336700016632676,1,0.01569732092320919,0.007002450525760651,0.0031636953353881836,13
123,Selected Production Policy,1,0.4499285817146301,3363.89208984375,0.0,0.0,0.022480200044810772,1,0.014099686406552792,0.007633345667272806,0.0034476518630981445,13
123,Gradient baseline,1,0.4535285234451294,3297.627197265625,0.0,0.0,0.008433899958617985,1,0.009080472402274609,-0.0003359102120157331,-0.00015228986740112305,13
123,PINN-style baseline,1,0.4533797800540924,3397.08251953125,0.0,0.0,0.022288699983619153,1,6.582023343071342e-05,-7.808241207385436e-06,-3.546476364135742e-06,13
123,Base FNO Initializer,1,0.21253027021884918,507.2059326171875,0.0,0.0,2.00001522898674e-06,0,0.0,0.0,0.0,14
123,Supervised Latent Neural Operator Corrector,1,0.2109411507844925,498.9992980957031,0.0,0.0,0.014291199971921742,1,0.008098163641989231,0.007505164016038179,0.0015891194343566895,14
123,TD3+BC,1,0.2109411507844925,498.9992980957031,0.0,0.0,0.022015899943653494,1,0.008098163641989231,0.007505164016038179,0.0015891194343566895,14
123,Best Actual RL Policy,1,0.21097737550735474,499.7594909667969,0.0,0.0,0.0220285999821499,1,0.004810933489352465,0.007333490531891584,0.0015528947114944458,14
123,Selected Production Policy,1,0.2109411507844925,498.9992980957031,0.0,0.0,0.0222714000265114,1,0.008098163641989231,0.007505164016038179,0.0015891194343566895,14
123,Gradient baseline,1,0.21206118166446686,492.97271728515625,0.0,0.0,0.009472200006712228,1,0.0092661427333951,0.002209561876952648,0.0004690885543823242,14
123,PINN-style baseline,1,0.2125268131494522,506.9323425292969,0.0,0.0,0.02239019999979064,1,6.54152681818232e-05,1.621233059267979e-05,3.4570693969726562e-06,14
123,Base FNO Initializer,1,0.4502733051776886,3361.285888671875,0.0,0.0,2.100015990436077e-06,0,0.0,0.0,0.0,15
123,Supervised Latent Neural Operator Corrector,1,0.4468281865119934,3327.29052734375,0.0,0.0,0.013799200009088963,1,0.01402958296239376,0.00768054835498333,0.0034451186656951904,15
123,TD3+BC,1,0.4468281865119934,3327.29052734375,0.0,0.0,0.01765189995057881,1,0.01402958296239376,0.00768054835498333,0.0034451186656951904,15
123,Best Actual RL Policy,1,0.4471440315246582,3329.46923828125,0.0,0.0,0.04132620000746101,1,0.015690291300415993,0.0069738030433654785,0.0031292736530303955,15
123,Selected Production Policy,1,0.4468281865119934,3327.29052734375,0.0,0.0,0.022258399985730648,1,0.01402958296239376,0.00768054835498333,0.0034451186656951904,15
123,Gradient baseline,1,0.4504251480102539,3261.71875,0.0,0.0,0.008372899959795177,1,0.00906999409198761,-0.00033722183434292674,-0.00015184283256530762,15
123,PINN-style baseline,1,0.4502772092819214,3360.60107421875,0.0,0.0,0.02283589995931834,1,6.575464794877917e-05,-8.642712600703817e-06,-3.904104232788086e-06,15
123,Base FNO Initializer,1,0.1833292543888092,34.1541748046875,0.0,0.0,1.7999554984271526e-06,0,0.0,0.0,0.0,16
123,Supervised Latent Neural Operator Corrector,1,0.18137022852897644,33.48142623901367,0.0,0.0,0.014823900011833757,1,0.0030272845178842545,0.010743275284767151,0.0019590258598327637,16
123,TD3+BC,1,0.18137022852897644,33.48142623901367,0.0,0.0,0.021614900033455342,1,0.0030272845178842545,0.010743275284767151,0.0019590258598327637,16
123,Best Actual RL Policy,1,0.18778280913829803,33.533023834228516,0.0,0.0,0.022480899991933256,1,0.005611257161945105,-0.024002287536859512,-0.004453554749488831,16
123,Selected Production Policy,1,0.18137022852897644,33.48142623901367,0.0,0.0,0.022031000000424683,1,0.0030272845178842545,0.010743275284767151,0.0019590258598327637,16
123,Gradient baseline,1,0.18340304493904114,77.9854736328125,0.0,0.0,0.008942799991928041,1,0.0097062261775136,-0.0004024594381917268,-7.37905502319336e-05,16
123,PINN-style baseline,1,0.1833169162273407,34.06525802612305,0.0,0.0,0.02263469999888912,1,6.438556010834873e-05,6.735097849741578e-05,1.233816146850586e-05,16
123,Base FNO Initializer,1,0.4892332851886749,3879.35302734375,0.0,0.002559700980782509,1.800013706088066e-06,0,0.0,0.0,0.0,17
123,Supervised Latent Neural Operator Corrector,1,0.485811322927475,3848.272216796875,0.0,0.002559700980782509,0.014234700007364154,1,0.014745883643627167,0.00701903784647584,0.003421962261199951,17
123,TD3+BC,1,0.485811322927475,3848.272216796875,0.0,0.002559700980782509,0.021125200029928237,1,0.014745883643627167,0.00701903784647584,0.003421962261199951,17
123,Best Actual RL Policy,1,0.48581641912460327,3851.9248046875,0.0,0.002559700980782509,0.022907599981408566,1,0.01576092466711998,0.007008486893028021,0.0034168660640716553,17
123,Selected Production Policy,1,0.485811322927475,3848.272216796875,0.0,0.002559700980782509,0.024182299966923892,1,0.014745883643627167,0.00701903784647584,0.003421962261199951,17
123,Gradient baseline,1,0.4893735349178314,3775.07373046875,0.0,0.002559700980782509,0.008473900030367076,1,0.009073212742805481,-0.0002866613504011184,-0.00014024972915649414,17
123,PINN-style baseline,1,0.48923730850219727,3878.635009765625,0.0,0.002559700980782509,0.021571799996308982,1,6.573856808245182e-05,-8.225476449297275e-06,-4.023313522338867e-06,17
123,Base FNO Initializer,1,0.17145992815494537,9.590410232543945,0.0,0.0,1.300009898841381e-06,0,0.0,0.0,0.0,18
123,Supervised Latent Neural Operator Corrector,1,0.16646473109722137,9.040847778320312,0.0,0.0,0.015657000010833144,1,0.002770093036815524,0.02956606261432171,0.004995197057723999,18
123,TD3+BC,1,0.16646473109722137,9.040847778320312,0.0,0.0,0.018447499955073,1,0.002770093036815524,0.02956606261432171,0.004995197057723999,18
123,Best Actual RL Policy,1,0.1876603364944458,9.44849681854248,0.0,0.0,0.024282799975480884,1,0.005821836180984974,-0.09028400480747223,-0.016200408339500427,18
123,Selected Production Policy,1,0.16646473109722137,9.040847778320312,0.0,0.0,0.02516509999986738,1,0.002770093036815524,0.02956606261432171,0.004995197057723999,18
123,Gradient baseline,1,0.1749739795923233,60.76472091674805,0.0,0.0,0.008448999957181513,1,0.009649667888879776,-0.020287705585360527,-0.0035140514373779297,18
123,PINN-style baseline,1,0.1714221090078354,9.515005111694336,0.0,0.0,0.02328649995615706,1,6.430647772504017e-05,0.00022063204960431904,3.781914710998535e-05,18
123,Base FNO Initializer,1,0.20984980463981628,316.1559753417969,0.0,0.0,1.700012944638729e-06,0,0.0,0.0,0.0,19
123,Supervised Latent Neural Operator Corrector,1,0.20857596397399902,311.2475280761719,0.0,0.0,0.014527800027281046,1,0.006538481451570988,0.006088734604418278,0.0012738406658172607,19
123,TD3+BC,1,0.20857596397399902,311.2475280761719,0.0,0.0,0.02221239998470992,1,0.006538481451570988,0.006088734604418278,0.0012738406658172607,19
123,Best Actual RL Policy,1,0.20880059897899628,312.22418212890625,0.0,0.0,0.021311999997124076,1,0.0037719064857810736,0.005012320354580879,0.0010492056608200073,19
123,Selected Production Policy,1,0.20857596397399902,311.2475280761719,0.0,0.0,0.022496399993542582,1,0.006538481451570988,0.006088734604418278,0.0012738406658172607,19
123,Gradient baseline,1,0.20915862917900085,316.2859191894531,0.0,0.0,0.008769200008828193,1,0.009358595125377178,0.0032991087064146996,0.0006911754608154297,19
123,PINN-style baseline,1,0.20984381437301636,315.9480895996094,0.0,0.0,0.021783299976959825,1,6.507257057819515e-05,2.8490612749010324e-05,5.990266799926758e-06,19
123,Base FNO Initializer,1,0.21075236797332764,398.15570068359375,0.0,0.0,1.600012183189392e-06,0,0.0,0.0,0.0,20
123,Supervised Latent Neural Operator Corrector,1,0.20936362445354462,391.7951965332031,0.0,0.0,0.01609310001367703,1,0.007244220934808254,0.006611233577132225,0.00138874351978302,20
123,TD3+BC,1,0.20936362445354462,391.7951965332031,0.0,0.0,0.024715700012166053,1,0.007244220934808254,0.006611233577132225,0.00138874351978302,20
123,Best Actual RL Policy,1,0.20949353277683258,392.7685852050781,0.0,0.0,0.02289670001482591,1,0.0038525566924363375,0.005990993231534958,0.0012588351964950562,20
123,Selected Production Policy,1,0.20936362445354462,391.7951965332031,0.0,0.0,0.023259300040081143,1,0.007244220934808254,0.006611233577132225,0.00138874351978302,20
123,Gradient baseline,1,0.210172638297081,391.6096496582031,0.0,0.0,0.010289099998772144,1,0.009319605305790901,0.0027545427437871695,0.0005797296762466431,20
123,PINN-style baseline,1,0.21074657142162323,397.91802978515625,0.0,0.0,0.021790299972053617,1,6.564075738424435e-05,2.7536965717445128e-05,5.796551704406738e-06,20
123,Base FNO Initializer,1,0.23533491790294647,1025.946533203125,0.0,0.0,2.200016751885414e-06,0,0.0,0.0,0.0,21
123,Supervised Latent Neural Operator Corrector,1,0.23276908695697784,1010.196533203125,0.0,0.0,0.015796600026078522,1,0.010565074160695076,0.010962678119540215,0.002565830945968628,21
123,TD3+BC,1,0.23276908695697784,1010.196533203125,0.0,0.0,0.02384639997035265,1,0.010565074160695076,0.010962678119540215,0.002565830945968628,21
123,Best Actual RL Policy,1,0.2330455482006073,1010.9284057617188,0.0,0.0,0.023336099984589964,1,0.011626548133790493,0.009775673039257526,0.0022893697023391724,21
123,Selected Production Policy,1,0.23276908695697784,1010.196533203125,0.0,0.0,0.022725299990270287,1,0.010565074160695076,0.010962678119540215,0.002565830945968628,21
123,Gradient baseline,1,0.23518840968608856,984.4923095703125,0.0,0.0,0.008587900025304407,1,0.009284408763051033,0.0006227507255971432,0.00014650821685791016,21
123,PINN-style baseline,1,0.23533479869365692,1025.538330078125,0.0,0.0,0.021946199994999915,1,6.580385525012389e-05,4.7683488446637057e-07,1.1920928955078125e-07,21
123,Base FNO Initializer,1,0.20707158744335175,178.32394409179688,0.0,0.0,2.400018274784088e-06,0,0.0,0.0,0.0,22
123,Supervised Latent Neural Operator Corrector,1,0.2058381736278534,175.78781127929688,0.0,0.0,0.015000500017777085,1,0.00518170278519392,0.005974278785288334,0.001233413815498352,22
123,TD3+BC,1,0.2058381736278534,175.78781127929688,0.0,0.0,0.022187299968209118,1,0.00518170278519392,0.005974278785288334,0.001233413815498352,22
123,Best Actual RL Policy,1,0.20649291574954987,176.3404998779297,0.0,0.0,0.022300200012978166,1,0.004468722268939018,0.002798442728817463,0.0005786716938018799,22
123,Selected Production Policy,1,0.2058381736278534,175.78781127929688,0.0,0.0,0.0242372999782674,1,0.00518170278519392,0.005974278785288334,0.001233413815498352,22
123,Gradient baseline,1,0.20615804195404053,196.1326446533203,0.0,0.0,0.009708099998533726,1,0.009520703926682472,0.0044214134104549885,0.0009135454893112183,22
123,PINN-style baseline,1,0.20706325769424438,178.16995239257812,0.0,0.0,0.02602889999980107,1,6.525521166622639e-05,4.01727193093393e-05,8.32974910736084e-06,22
123,Base FNO Initializer,1,0.46562066674232483,3545.475830078125,0.0,0.0,1.8999562598764896e-06,0,0.0,0.0,0.0,23
123,Supervised Latent Neural Operator Corrector,1,0.46216920018196106,3512.38623046875,0.0,0.0,0.013799900014419109,1,0.014358404092490673,0.007440134882926941,0.0034514665603637695,23
123,TD3+BC,1,0.46216920018196106,3512.38623046875,0.0,0.0,0.023079800012055784,1,0.014358404092490673,0.007440134882926941,0.0034514665603637695,23
123,Best Actual RL Policy,1,0.46234017610549927,3515.248779296875,0.0,0.0,0.022408400021959096,1,0.015722358599305153,0.007070278283208609,0.0032804906368255615,23
123,Selected Production Policy,1,0.46216920018196106,3512.38623046875,0.0,0.0,0.01887999998871237,1,0.014358404092490673,0.007440134882926941,0.0034514665603637695,23
123,Gradient baseline,1,0.4657740890979767,3443.647705078125,0.0,0.0,0.00871169997844845,1,0.009068476967513561,-0.0003294706402812153,-0.00015342235565185547,23
123,PINN-style baseline,1,0.4656246304512024,3544.779296875,0.0,0.0,0.021962200000416487,1,6.586756353499368e-05,-8.523502401658334e-06,-3.9637088775634766e-06,23
123,Base FNO Initializer,1,0.20969738066196442,300.7703552246094,0.0,0.0,1.9000144675374031e-06,0,0.0,0.0,0.0,24
123,Supervised Latent Neural Operator Corrector,1,0.20844051241874695,296.14080810546875,0.0,0.0,0.014943599991966039,1,0.006400165613740683,0.0060117170214653015,0.0012568682432174683,24
123,TD3+BC,1,0.20844051241874695,296.14080810546875,0.0,0.0,0.023814600019250065,1,0.006400165613740683,0.0060117170214653015,0.0012568682432174683,24
123,Best Actual RL Policy,1,0.20868737995624542,297.0929260253906,0.0,0.0,0.021376000018790364,1,0.003810478374361992,0.004828096367418766,0.0010100007057189941,24
123,Selected Production Policy,1,0.20844051241874695,296.14080810546875,0.0,0.0,0.02399169997079298,1,0.006400165613740683,0.0060117170214653015,0.0012568682432174683,24
123,Gradient baseline,1,0.2089894860982895,302.67523193359375,0.0,0.0,0.010410200047772378,1,0.00935705192387104,0.0033814453054219484,0.0007078945636749268,24
123,PINN-style baseline,1,0.2096918821334839,300.56768798828125,0.0,0.0,0.02916410000761971,1,6.552763807121664e-05,2.62256980931852e-05,5.498528480529785e-06,24
123,Base FNO Initializer,1,0.21890391409397125,713.872314453125,0.0,0.0,1.300009898841381e-06,0,0.0,0.0,0.0,25
123,Supervised Latent Neural Operator Corrector,1,0.21689006686210632,702.5297241210938,0.0,0.0,0.0065382999600842595,1,0.00939840730279684,0.009242206811904907,0.002013847231864929,25
123,TD3+BC,1,0.21689006686210632,702.5297241210938,0.0,0.0,0.013733699976000935,1,0.00939840730279684,0.009242206811904907,0.002013847231864929,25
123,Best Actual RL Policy,1,0.21684004366397858,702.8142700195312,0.0,0.0,0.024244299973361194,1,0.00794699415564537,0.009472866542637348,0.0020638704299926758,25
123,Selected Production Policy,1,0.21689006686210632,702.5297241210938,0.0,0.0,0.022979400004260242,1,0.00939840730279684,0.009242206811904907,0.002013847231864929,25
123,Gradient baseline,1,0.21859538555145264,687.8909301757812,0.0,0.0,0.008468599990010262,1,0.009300244972109795,0.0014103996800258756,0.0003085285425186157,25
123,PINN-style baseline,1,0.21890230476856232,713.5396728515625,0.0,0.0,0.023752500012051314,1,6.574657891178504e-05,7.39094639357063e-06,1.6093254089355469e-06,25
123,Base FNO Initializer,1,0.29896271228790283,1814.75146484375,0.0,0.0,2.2999593056738377e-06,0,0.0,0.0,0.0,26
123,Supervised Latent Neural Operator Corrector,1,0.29582324624061584,1787.4873046875,0.0,0.0,0.015911300026345998,1,0.011175657622516155,0.010556626133620739,0.0031394660472869873,26
123,TD3+BC,1,0.29582324624061584,1787.4873046875,0.0,0.0,0.023960899969097227,1,0.011175657622516155,0.010556626133620739,0.0031394660472869873,26
123,Best Actual RL Policy,1,0.29773280024528503,1787.3309326171875,0.0,0.0,0.025260199967306107,1,0.014262748882174492,0.004122348967939615,0.0012299120426177979,26
123,Selected Production Policy,1,0.29582324624061584,1787.4873046875,0.0,0.0,0.023918199993204325,1,0.011175657622516155,0.010556626133620739,0.0031394660472869873,26
123,Gradient baseline,1,0.2990177273750305,1744.260009765625,0.0,0.0,0.008280900015961379,1,0.009218670427799225,-0.00018405895389150828,-5.501508712768555e-05,26
123,PINN-style baseline,1,0.2989649772644043,1814.2132568359375,0.0,0.0,0.026545399974565953,1,6.58154531265609e-05,-7.56982080929447e-06,-2.2649765014648438e-06,26
123,Base FNO Initializer,1,0.21150463819503784,451.33148193359375,0.0,0.0,2.300017513334751e-06,0,0.0,0.0,0.0,27
123,Supervised Latent Neural Operator Corrector,1,0.2100232094526291,444.05621337890625,0.0,0.0,0.015451200015377253,1,0.007673575077205896,0.007028824184089899,0.0014814287424087524,27
123,TD3+BC,1,0.2100232094526291,444.05621337890625,0.0,0.0,0.026063399971462786,1,0.007673575077205896,0.007028824184089899,0.0014814287424087524,27
123,Best Actual RL Policy,1,0.21010485291481018,444.9472961425781,0.0,0.0,0.02456220000749454,1,0.0042058927938342094,0.006640264298766851,0.0013997852802276611,27
123,Selected Production Policy,1,0.2100232094526291,444.05621337890625,0.0,0.0,0.023082999978214502,1,0.007673575077205896,0.007028824184089899,0.0014814287424087524,27
123,Gradient baseline,1,0.21098336577415466,440.732177734375,0.0,0.0,0.008950499992351979,1,0.009280551224946976,0.0024676413740962744,0.0005212724208831787,27
123,PINN-style baseline,1,0.2115004062652588,451.0763244628906,0.0,0.0,0.02286430000094697,1,6.553802086273208e-05,2.0026958736707456e-05,4.231929779052734e-06,27
123,Base FNO Initializer,1,0.21341533958911896,546.108642578125,0.0,0.0,1.800013706088066e-06,0,0.0,0.0,0.0,28
123,Supervised Latent Neural Operator Corrector,1,0.21174795925617218,537.2846069335938,0.0,0.0,0.015256799990311265,1,0.008377301506698132,0.007843493483960629,0.0016673803329467773,28
123,TD3+BC,1,0.21174795925617218,537.2846069335938,0.0,0.0,0.02354129997547716,1,0.008377301506698132,0.007843493483960629,0.0016673803329467773,28
123,Best Actual RL Policy,1,0.21175594627857208,537.9370727539062,0.0,0.0,0.025297900021541864,1,0.005336631089448929,0.007805782835930586,0.001659393310546875,28
123,Selected Production Policy,1,0.21174795925617218,537.2846069335938,0.0,0.0,0.024558299977798015,1,0.008377301506698132,0.007843493483960629,0.0016673803329467773,28
123,Gradient baseline,1,0.21298076212406158,529.4827270507812,0.0,0.0,0.008585700008552521,1,0.009285484440624714,0.0020383833907544613,0.00043457746505737305,28
123,PINN-style baseline,1,0.21341179311275482,545.8231811523438,0.0,0.0,0.02278279996244237,1,6.549434328917414e-05,1.6569953004363924e-05,3.546476364135742e-06,28
123,Base FNO Initializer,1,0.3958319425582886,2777.85302734375,0.0,0.0,1.9000144675374031e-06,0,0.0,0.0,0.0,29
123,Supervised Latent Neural Operator Corrector,1,0.3925187289714813,2742.95068359375,0.0,0.0,0.015371400048024952,1,0.012606729753315449,0.008405348286032677,0.003313213586807251,29
123,TD3+BC,1,0.3925187289714813,2742.95068359375,0.0,0.0,0.022971400001551956,1,0.012606729753315449,0.008405348286032677,0.003313213586807251,29
123,Best Actual RL Policy,1,0.39356133341789246,2743.04345703125,0.0,0.0,0.013485200004652143,1,0.015446613542735577,0.005752673838287592,0.002270609140396118,29
123,Selected Production Policy,1,0.3925187289714813,2742.95068359375,0.0,0.0,0.009009400033392012,1,0.012606729753315449,0.008405348286032677,0.003313213586807251,29
123,Gradient baseline,1,0.3959692716598511,2686.233642578125,0.0,0.0,0.004633500007912517,1,0.009120415896177292,-0.0003469411749392748,-0.0001373291015625,29
123,PINN-style baseline,1,0.39583495259284973,2777.211181640625,0.0,0.0,0.01435090001905337,1,6.589118129340932e-05,-7.62942545406986e-06,-3.0100345611572266e-06,29
123,Base FNO Initializer,1,0.5199277997016907,4413.47509765625,0.0,0.07487307488918304,2.100015990436077e-06,0,0.0,0.0,0.0,30
123,Supervised Latent Neural Operator Corrector,1,0.5166157484054565,4385.73974609375,0.0,0.07487307488918304,0.006681200000457466,1,0.015032791532576084,0.006390498951077461,0.003312051296234131,30
123,TD3+BC,1,0.5166157484054565,4385.73974609375,0.0,0.07487307488918304,0.01974969997536391,1,0.015032791532576084,0.006390498951077461,0.003312051296234131,30
123,Best Actual RL Policy,1,0.5164972543716431,4389.78125,0.0,0.07487307488918304,0.021825100004207343,1,0.015794968232512474,0.0066198986023664474,0.0034305453300476074,30
123,Selected Production Policy,1,0.5166157484054565,4385.73974609375,0.0,0.07487307488918304,0.02215739997336641,1,0.015032791532576084,0.006390498951077461,0.003312051296234131,30
123,Gradient baseline,1,0.5200586915016174,4305.27587890625,0.0,0.07487307488918304,0.008841899980325252,1,0.009042209014296532,-0.0002517829998396337,-0.0001308917999267578,30
123,PINN-style baseline,1,0.5199317932128906,4412.73193359375,0.0,0.07487307488918304,0.020037899957969785,1,6.573152495548129e-05,-7.689031008339953e-06,-3.993511199951172e-06,30
123,Base FNO Initializer,1,0.2607201933860779,1377.8133544921875,0.0,0.0,1.300009898841381e-06,0,0.0,0.0,0.0,31
123,Supervised Latent Neural Operator Corrector,1,0.2577647268772125,1356.9046630859375,0.0,0.0,0.008794600027613342,1,0.011088247410953045,0.011400492861866951,0.0029554665088653564,31
123,TD3+BC,1,0.2577647268772125,1356.9046630859375,0.0,0.0,0.021516799984965473,1,0.011088247410953045,0.011400492861866951,0.0029554665088653564,31
123,Best Actual RL Policy,1,0.25884929299354553,1357.9759521484375,0.0,0.0,0.02145509998081252,1,0.013454746454954147,0.007201693020761013,0.0018709003925323486,31
123,Selected Production Policy,1,0.2577647268772125,1356.9046630859375,0.0,0.0,0.020883499993942678,1,0.011088247410953045,0.011400492861866951,0.0029554665088653564,31
123,Gradient baseline,1,0.2606891393661499,1321.7999267578125,0.0,0.0,0.008756500028539449,1,0.009231135249137878,0.00011904037819476798,3.1054019927978516e-05,31
123,PINN-style baseline,1,0.26072150468826294,1377.3392333984375,0.0,0.0,0.022475400008261204,1,6.564529030583799e-05,-5.006805167795392e-06,-1.3113021850585938e-06,31
123,Base FNO Initializer,1,0.23068907856941223,950.0606689453125,0.0,0.0,1.700012944638729e-06,0,0.0,0.0,0.0,32
123,Supervised Latent Neural Operator Corrector,1,0.22824084758758545,935.3917846679688,0.0,0.0,0.014091899967752397,1,0.010356945917010307,0.010669395327568054,0.0024482309818267822,32
123,TD3+BC,1,0.22824084758758545,935.3917846679688,0.0,0.0,0.02065520000178367,1,0.010356945917010307,0.010669395327568054,0.0024482309818267822,32
123,Best Actual RL Policy,1,0.22838635742664337,935.9091796875,0.0,0.0,0.02083429996855557,1,0.010947934351861477,0.010032052174210548,0.00230272114276886,32
123,Selected Production Policy,1,0.22824084758758545,935.3917846679688,0.0,0.0,0.021577700041234493,1,0.010356945917010307,0.010669395327568054,0.0024482309818267822,32
123,Gradient baseline,1,0.23051099479198456,911.947509765625,0.0,0.0,0.008734000031836331,1,0.009287494234740734,0.0007722539594396949,0.00017808377742767334,32
123,PINN-style baseline,1,0.23068884015083313,949.6700439453125,0.0,0.0,0.02254550001816824,1,6.571553967660293e-05,1.072880877472926e-06,2.384185791015625e-07,32
123,Base FNO Initializer,1,0.21098564565181732,415.5193786621094,0.0,0.0,1.7999554984271526e-06,0,0.0,0.0,0.0,33
123,Supervised Latent Neural Operator Corrector,1,0.20956838130950928,408.86724853515625,0.0,0.0,0.01475229999050498,1,0.007387026213109493,0.006739950738847256,0.0014172643423080444,33
123,TD3+BC,1,0.20956838130950928,408.86724853515625,0.0,0.0,0.02169080002931878,1,0.007387026213109493,0.006739950738847256,0.0014172643423080444,33
123,Best Actual RL Policy,1,0.2096816599369049,409.82147216796875,0.0,0.0,0.024415799998678267,1,0.00394192012026906,0.0061996448785066605,0.0013039857149124146,33
123,Selected Production Policy,1,0.20956838130950928,408.86724853515625,0.0,0.0,0.022719300002790987,1,0.007387026213109493,0.006739950738847256,0.0014172643423080444,33
123,Gradient baseline,1,0.2104293555021286,407.2119445800781,0.0,0.0,0.012827300000935793,1,0.009286790154874325,0.0026400540955364704,0.0005562901496887207,33
123,PINN-style baseline,1,0.21098093688488007,415.2764892578125,0.0,0.0,0.023827499942854047,1,6.533069972647354e-05,2.2291886125458404e-05,4.708766937255859e-06,33
123,Base FNO Initializer,1,0.4313911199569702,3148.310546875,0.0,0.0,2.300017513334751e-06,0,0.0,0.0,0.0,34
123,Supervised Latent Neural Operator Corrector,1,0.42797616124153137,3113.568603515625,0.0,0.0,0.005704300012439489,1,0.013563593849539757,0.007947515696287155,0.0034149587154388428,34
123,TD3+BC,1,0.42797616124153137,3113.568603515625,0.0,0.0,0.0590739999897778,1,0.013563593849539757,0.007947515696287155,0.0034149587154388428,34
123,Best Actual RL Policy,1,0.42851129174232483,3114.798583984375,0.0,0.0,0.022424600028898567,1,0.015634065493941307,0.0066979387775063515,0.0028798282146453857,34
123,Selected Production Policy,1,0.42797616124153137,3113.568603515625,0.0,0.0,0.02275750000262633,1,0.013563593849539757,0.007947515696287155,0.0034149587154388428,34
123,Gradient baseline,1,0.4315398931503296,3051.282470703125,0.0,0.0,0.008236600027885288,1,0.009099180810153484,-0.0003448540810495615,-0.000148773193359375,34
123,PINN-style baseline,1,0.43139469623565674,3147.641845703125,0.0,0.0,0.021806699980515987,1,6.562544876942411e-05,-8.285082003567368e-06,-3.5762786865234375e-06,34
123,Base FNO Initializer,1,0.2150869369506836,606.7264404296875,0.0,0.0,1.700012944638729e-06,0,0.0,0.0,0.0,35
123,Supervised Latent Neural Operator Corrector,1,0.213294118642807,596.97021484375,0.0,0.0,0.014836199989076704,1,0.008780119940638542,0.00837016198784113,0.001792818307876587,35
123,TD3+BC,1,0.213294118642807,596.97021484375,0.0,0.0,0.02162700000917539,1,0.008780119940638542,0.00837016198784113,0.001792818307876587,35
123,Best Actual RL Policy,1,0.21326665580272675,597.455078125,0.0,0.0,0.019349500013049692,1,0.006256029475480318,0.008499027229845524,0.0018202811479568481,35
123,Selected Production Policy,1,0.213294118642807,596.97021484375,0.0,0.0,0.0217558000003919,1,0.008780119940638542,0.00837016198784113,0.001792818307876587,35
123,Gradient baseline,1,0.21469946205615997,586.7239990234375,0.0,0.0,0.004919500031974167,1,0.009306646883487701,0.0018030395731329918,0.0003874748945236206,35
123,PINN-style baseline,1,0.21508316695690155,606.4241943359375,0.0,0.0,0.02178229996934533,1,6.555544678121805e-05,1.7523610949865542e-05,3.769993782043457e-06,35
123,Base FNO Initializer,2,0.18997663259506226,50.71394348144531,0.0,0.0,1.600012183189392e-06,0,0.0,0.0,0.0,0
123,Supervised Latent Neural Operator Corrector,2,0.1867569237947464,49.24993133544922,0.0,0.0,0.027768600033596158,2,0.0034559803316369653,0.017093208618462086,0.003219708800315857,0
123,TD3+BC,2,0.1867569237947464,49.24993133544922,0.0,0.0,0.04349389998242259,2,0.0034559803316369653,0.017093208618462086,0.003219708800315857,0
123,Best Actual RL Policy,2,0.19520598649978638,49.52585220336914,0.0,0.0,0.04421870002988726,2,0.005198304075747728,-0.027154287323355675,-0.005229353904724121,0
123,Selected Production Policy,2,0.1867569237947464,49.24993133544922,0.0,0.0,0.04806319996714592,2,0.0034559803316369653,0.017093208618462086,0.003219708800315857,0
123,Gradient baseline,2,0.1887919157743454,70.06239318847656,0.0,0.0,0.017265399976167828,2,0.009239944629371166,0.006255556596443057,0.001184716820716858,0
123,PINN-style baseline,2,0.1899537295103073,50.52222442626953,0.0,0.0,0.04465960001107305,2,6.374009535647929e-05,0.00012063615940860473,2.2903084754943848e-05,0
123,Base FNO Initializer,2,0.5357654690742493,4717.8603515625,0.0,0.17247915267944336,1.9000144675374031e-06,0,0.0,0.0,0.0,1
123,Supervised Latent Neural Operator Corrector,2,0.529317319393158,4672.24560546875,0.0,0.17247915267944336,0.030676299997139722,2,0.01505571324378252,0.01210820721462369,0.006448149681091309,1
123,TD3+BC,2,0.529317319393158,4672.24560546875,0.0,0.17247915267944336,0.04369379999116063,2,0.01505571324378252,0.01210820721462369,0.006448149681091309,1
123,Best Actual RL Policy,2,0.5290559530258179,4681.5634765625,0.0,0.17247915267944336,0.04267350002191961,2,0.015679534059017897,0.012602109927684069,0.0067095160484313965,1
123,Selected Production Policy,2,0.529317319393158,4672.24560546875,0.0,0.17247915267944336,0.043497700011357665,2,0.01505571324378252,0.01210820721462369,0.006448149681091309,1
123,Gradient baseline,2,0.5360409021377563,4529.69384765625,0.0,0.17247915267944336,0.016987000009976327,2,0.00895985309034586,-0.0005140579014550894,-0.0002754330635070801,1
123,PINN-style baseline,2,0.5357734560966492,4716.353515625,0.0,0.17247915267944336,0.041053200024180114,2,6.558993118233047e-05,-1.4901221220497973e-05,-7.987022399902344e-06,1
123,Base FNO Initializer,2,0.4564506709575653,3434.240234375,0.0,0.0,2.500019036233425e-06,0,0.0,0.0,0.0,2
123,Supervised Latent Neural Operator Corrector,2,0.44955700635910034,3375.1142578125,0.0,0.0,0.03148750000400469,2,0.014162817969918251,0.015217710752040148,0.006893664598464966,2
123,TD3+BC,2,0.44955700635910034,3375.1142578125,0.0,0.0,0.04535810003289953,2,0.014162817969918251,0.015217710752040148,0.006893664598464966,2
123,Best Actual RL Policy,2,0.4501478970050812,3383.475830078125,0.0,0.0,0.044808899983763695,2,0.015635064337402582,0.013904156163334846,0.006302773952484131,2
123,Selected Production Policy,2,0.44955700635910034,3375.1142578125,0.0,0.0,0.04515899997204542,2,0.014162817969918251,0.015217710752040148,0.006893664598464966,2
123,Gradient baseline,2,0.45677727460861206,3268.6865234375,0.0,0.0,0.017680499993730336,2,0.009326288476586342,-0.0007154117047321051,-0.00032660365104675293,2
123,PINN-style baseline,2,0.45645806193351746,3432.8623046875,0.0,0.0,0.046388500020839274,2,6.574624421773478e-05,-1.6212532500503585e-05,-7.3909759521484375e-06,2
123,Base FNO Initializer,2,0.2091408520936966,256.76873779296875,0.0,0.0,2.500019036233425e-06,0,0.0,0.0,0.0,3
123,Supervised Latent Neural Operator Corrector,2,0.20686854422092438,249.986083984375,0.0,0.0,0.031175200012512505,2,0.0059969492722302675,0.010924405883997679,0.002272307872772217,3
123,TD3+BC,2,0.20686854422092438,249.986083984375,0.0,0.0,0.01967700000386685,2,0.0059969492722302675,0.010924405883997679,0.002272307872772217,3
123,Best Actual RL Policy,2,0.20735818147659302,251.38487243652344,0.0,0.0,0.018249499960802495,2,0.003790681133978069,0.008560297079384327,0.0017826706171035767,3
123,Selected Production Policy,2,0.20686854422092438,249.986083984375,0.0,0.0,0.037201100029051304,2,0.0059969492722302675,0.010924405883997679,0.002272307872772217,3
123,Gradient baseline,2,0.20797497034072876,280.8837585449219,0.0,0.0,0.018582899996545166,2,0.009330058470368385,0.005590168759226799,0.0011658817529678345,3
123,PINN-style baseline,2,0.20912471413612366,256.39947509765625,0.0,0.0,0.04612430004635826,2,6.524292984977365e-05,7.712691149208695e-05,1.6137957572937012e-05,3
123,Base FNO Initializer,2,0.3536207973957062,2363.30029296875,0.0,0.0,1.700012944638729e-06,0,0.0,0.0,0.0,4
123,Supervised Latent Neural Operator Corrector,2,0.3472349941730499,2306.59033203125,0.0,0.0,0.033513200003653765,2,0.011715044267475605,0.01822319719940424,0.00638580322265625,4
123,TD3+BC,2,0.3472349941730499,2306.59033203125,0.0,0.0,0.04543060000287369,2,0.011715044267475605,0.01822319719940424,0.00638580322265625,4
123,Best Actual RL Policy,2,0.3507097363471985,2310.690673828125,0.0,0.0,0.04442609997931868,2,0.015179113019257784,0.008266023360192776,0.0029110610485076904,4
123,Selected Production Policy,2,0.3472349941730499,2306.59033203125,0.0,0.0,0.04494290001457557,2,0.011715044267475605,0.01822319719940424,0.00638580322265625,4
123,Gradient baseline,2,0.3538306951522827,2233.51611328125,0.0,0.0,0.017087100015487522,2,0.00943905720487237,-0.0005934825749136508,-0.00020989775657653809,4
123,PINN-style baseline,2,0.3536277711391449,2362.093994140625,0.0,0.0,0.09175540000433102,2,6.55201292829588e-05,-1.9729238374566194e-05,-6.973743438720703e-06,4
123,Base FNO Initializer,2,0.22785356640815735,900.6553955078125,0.0,0.0,1.8999562598764896e-06,0,0.0,0.0,0.0,5
123,Supervised Latent Neural Operator Corrector,2,0.22327595949172974,877.2748413085938,0.0,0.0,0.027731699985451996,2,0.010107303503900766,0.020294632762670517,0.004577606916427612,5
123,TD3+BC,2,0.22327595949172974,877.2748413085938,0.0,0.0,0.04731110000284389,2,0.010107303503900766,0.020294632762670517,0.004577606916427612,5
123,Best Actual RL Policy,2,0.2234913855791092,877.9879760742188,0.0,0.0,0.046287700009997934,2,0.010606853291392326,0.019330178387463093,0.004362180829048157,5
123,Selected Production Policy,2,0.22327595949172974,877.2748413085938,0.0,0.0,0.04315889999270439,2,0.010107303503900766,0.020294632762670517,0.004577606916427612,5
123,Gradient baseline,2,0.2273271232843399,876.3975830078125,0.0,0.0,0.016923999995924532,2,0.009486735332757235,0.0023130681947804987,0.0005264431238174438,5
123,PINN-style baseline,2,0.22785012423992157,899.8981323242188,0.0,0.0,0.045579099969472736,2,6.535695865750313e-05,1.5139516563067446e-05,3.4421682357788086e-06,5
123,Base FNO Initializer,2,0.24412237107753754,1157.4156494140625,0.0,0.0,1.9000144675374031e-06,0,0.0,0.0,0.0,6
123,Supervised Latent Neural Operator Corrector,2,0.23877499997615814,1127.7471923828125,0.0,0.0,0.029544400051236153,2,0.010749305132776499,0.022147790528833866,0.0053473711013793945,6
123,TD3+BC,2,0.23877499997615814,1127.7471923828125,0.0,0.0,0.04492060001939535,2,0.010749305132776499,0.022147790528833866,0.0053473711013793945,6
123,Best Actual RL Policy,2,0.24004051089286804,1129.7808837890625,0.0,0.0,0.048506799968890846,2,0.01262246398255229,0.016861687414348125,0.004081860184669495,6
123,Selected Production Policy,2,0.23877499997615814,1127.7471923828125,0.0,0.0,0.045515800011344254,2,0.010749305132776499,0.022147790528833866,0.0053473711013793945,6
123,Gradient baseline,2,0.24380721151828766,1108.550048828125,0.0,0.0,0.012036799977067858,2,0.009437348693609238,0.0012916598352603614,0.00031515955924987793,6
123,PINN-style baseline,2,0.2441214770078659,1156.551025390625,0.0,0.0,0.04615030001150444,2,6.543355630128644e-05,3.6954802453692537e-06,8.940696716308594e-07,6
123,Base FNO Initializer,2,0.20593103766441345,155.207275390625,0.0,0.0,2.00001522898674e-06,0,0.0,0.0,0.0,7
123,Supervised Latent Neural Operator Corrector,2,0.2036079466342926,151.31472778320312,0.0,0.0,0.03142760001355782,2,0.004963638028129935,0.011344966478645802,0.0023230910301208496,7
123,TD3+BC,2,0.2036079466342926,151.31472778320312,0.0,0.0,0.04430870001669973,2,0.004963638028129935,0.011344966478645802,0.0023230910301208496,7
123,Best Actual RL Policy,2,0.2051479071378708,152.1634979248047,0.0,0.0,0.04735490004532039,2,0.00438491883687675,0.003810180351138115,0.0007831305265426636,7
123,Selected Production Policy,2,0.2036079466342926,151.31472778320312,0.0,0.0,0.04641159996390343,2,0.004963638028129935,0.011344966478645802,0.0023230910301208496,7
123,Gradient baseline,2,0.20466731488704681,176.79098510742188,0.0,0.0,0.01597750000655651,2,0.009246147237718105,0.0061554122949019074,0.0012637227773666382,7
123,PINN-style baseline,2,0.20591409504413605,154.923828125,0.0,0.0,0.04181660001631826,2,6.46229600533843e-05,8.225269630202092e-05,1.6942620277404785e-05,7
123,Base FNO Initializer,2,0.29340171813964844,1755.0106201171875,0.0,0.0,1.800013706088066e-06,0,0.0,0.0,0.0,8
123,Supervised Latent Neural Operator Corrector,2,0.2872120141983032,1710.1981201171875,0.0,0.0,0.029990199953317642,2,0.011163874994963408,0.021322022192180157,0.006189703941345215,8
123,TD3+BC,2,0.2872120141983032,1710.1981201171875,0.0,0.0,0.044937599974218756,2,0.011163874994963408,0.021322022192180157,0.006189703941345215,8
123,Best Actual RL Policy,2,0.2910597622394562,1711.4974365234375,0.0,0.0,0.04775749996770173,2,0.014324136544018984,0.008013850543648005,0.0023419559001922607,8
123,Selected Production Policy,2,0.2872120141983032,1710.1981201171875,0.0,0.0,0.04454870003974065,2,0.011163874994963408,0.021322022192180157,0.006189703941345215,8
123,Gradient baseline,2,0.29342615604400635,1659.117919921875,0.0,0.0,0.01642940001329407,2,0.009447766002267599,-8.34306119941175e-05,-2.4437904357910156e-05,8
123,PINN-style baseline,2,0.29340416193008423,1753.954833984375,0.0,0.0,0.05831439996836707,2,6.559831308550201e-05,-8.28506745165214e-06,-2.4437904357910156e-06,8
123,Base FNO Initializer,2,0.21179459989070892,469.538818359375,0.0,0.0,1.800013706088066e-06,0,0.0,0.0,0.0,9
123,Supervised Latent Neural Operator Corrector,2,0.20893263816833496,456.74365234375,0.0,0.0,0.029145500040613115,2,0.007769072661176324,0.013604906387627125,0.0028619617223739624,9
123,TD3+BC,2,0.20893263816833496,456.74365234375,0.0,0.0,0.04509900003904477,2,0.007769072661176324,0.013604906387627125,0.0028619617223739624,9
123,Best Actual RL Policy,2,0.20886996388435364,457.87603759765625,0.0,0.0,0.04821390000870451,2,0.0044992659240961075,0.013905088417232037,0.0029246360063552856,9
123,Selected Production Policy,2,0.20893263816833496,456.74365234375,0.0,0.0,0.04944080003770068,2,0.007769072661176324,0.013604906387627125,0.0028619617223739624,9
123,Gradient baseline,2,0.2108890265226364,484.7093505859375,0.0,0.0,0.017309200018644333,2,0.00937799783423543,0.004284782335162163,0.0009055733680725098,9
123,PINN-style baseline,2,0.21178562939167023,469.0212707519531,0.0,0.0,0.04617600003257394,2,6.508760270662606e-05,4.231884304317646e-05,8.970499038696289e-06,9
123,Base FNO Initializer,2,0.2562851309776306,1321.5069580078125,0.0,0.0,3.200024366378784e-06,0,0.0,0.0,0.0,10
123,Supervised Latent Neural Operator Corrector,2,0.25058218836784363,1287.631591796875,0.0,0.0,0.02802740002516657,2,0.010970741044729948,0.02250346541404724,0.005702942609786987,10
123,TD3+BC,2,0.25058218836784363,1287.631591796875,0.0,0.0,0.047375000023748726,2,0.010970741044729948,0.02250346541404724,0.005702942609786987,10
123,Best Actual RL Policy,2,0.25266262888908386,1290.0150146484375,0.0,0.0,0.04446849995292723,2,0.013358473312109709,0.0142352394759655,0.003622502088546753,10
123,Selected Production Policy,2,0.25058218836784363,1287.631591796875,0.0,0.0,0.018065600015688688,2,0.010970741044729948,0.02250346541404724,0.005702942609786987,10
123,Gradient baseline,2,0.2560811936855316,1259.4259033203125,0.0,0.0,0.009822199994232506,2,0.009421453811228275,0.0007960224465932697,0.00020393729209899902,10
123,PINN-style baseline,2,0.25628697872161865,1320.58447265625,0.0,0.0,0.04712659999495372,2,6.555091022164561e-05,-7.212179070847924e-06,-1.8477439880371094e-06,10
123,Base FNO Initializer,2,0.49782538414001465,4027.326904296875,0.0,0.010925320908427238,2.00001522898674e-06,0,0.0,0.0,0.0,11
123,Supervised Latent Neural Operator Corrector,2,0.49104470014572144,3974.171875,0.0,0.010925320908427238,0.02922050002962351,2,0.014804510865360498,0.013713935390114784,0.006780683994293213,11
123,TD3+BC,2,0.49104470014572144,3974.171875,0.0,0.010925320908427238,0.04325649997917935,2,0.014804510865360498,0.013713935390114784,0.006780683994293213,11
123,Best Actual RL Policy,2,0.49102407693862915,3983.711181640625,0.0,0.010925320908427238,0.04362770001171157,2,0.01566090388223529,0.013756054919213057,0.006801307201385498,11
123,Selected Production Policy,2,0.49104470014572144,3974.171875,0.0,0.010925320908427238,0.05467759998282418,2,0.014804510865360498,0.013713935390114784,0.006780683994293213,11
123,Gradient baseline,2,0.49811774492263794,3849.71142578125,0.0,0.010925320908427238,0.01685489999363199,2,0.009181782137602568,-0.0005872170440852642,-0.000292360782623291,11
123,PINN-style baseline,2,0.4978330433368683,4025.880615234375,0.0,0.010925320908427238,0.043597200012300164,2,6.585767914657481e-05,-1.5437666661455296e-05,-7.659196853637695e-06,11
123,Base FNO Initializer,2,0.21121715009212494,433.18902587890625,0.0,0.0,1.700012944638729e-06,0,0.0,0.0,0.0,12
123,Supervised Latent Neural Operator Corrector,2,0.20848871767520905,421.3615417480469,0.0,0.0,0.029072900011669844,2,0.007490677526220679,0.013001801446080208,0.0027284324169158936,12
123,TD3+BC,2,0.20848871767520905,421.3615417480469,0.0,0.0,0.043078299961052835,2,0.007490677526220679,0.013001801446080208,0.0027284324169158936,12
123,Best Actual RL Policy,2,0.2084812968969345,422.634521484375,0.0,0.0,0.0428539999993518,2,0.004120784113183618,0.013037387281656265,0.0027358531951904297,12
123,Selected Production Policy,2,0.20848871767520905,421.3615417480469,0.0,0.0,0.046220800024457276,2,0.007490677526220679,0.013001801446080208,0.0027284324169158936,12
123,Gradient baseline,2,0.210270494222641,449.6585693359375,0.0,0.0,0.017430299951229244,2,0.009380872827023268,0.004491915460675955,0.0009466558694839478,12
123,PINN-style baseline,2,0.2112070769071579,432.6951904296875,0.0,0.0,0.04368629999225959,2,6.501087045762688e-05,4.768314283865038e-05,1.0073184967041016e-05,12
123,Base FNO Initializer,2,0.45337623357772827,3397.77001953125,0.0,0.0,1.800013706088066e-06,0,0.0,0.0,0.0,13
123,Supervised Latent Neural Operator Corrector,2,0.4464859068393707,3338.26611328125,0.0,0.0,0.030339499993715435,2,0.01409787405282259,0.01531424792483449,0.006890326738357544,13
123,TD3+BC,2,0.4464859068393707,3338.26611328125,0.0,0.0,0.04339619999518618,2,0.01409787405282259,0.01531424792483449,0.006890326738357544,13
123,Best Actual RL Policy,2,0.44713926315307617,3346.523681640625,0.0,0.0,0.045164599956478924,2,0.015633471310138702,0.013852066360414028,0.0062369704246521,13
123,Selected Production Policy,2,0.4464859068393707,3338.26611328125,0.0,0.0,0.04537419998086989,2,0.01409787405282259,0.01531424792483449,0.006890326738357544,13
123,Gradient baseline,2,0.45370039343833923,3233.48828125,0.0,0.0,0.017815599974710494,2,0.009342220611870289,-0.0007148752338252962,-0.0003241598606109619,13
123,PINN-style baseline,2,0.4533833861351013,3396.39892578125,0.0,0.0,0.04250759998103604,2,6.56630982120987e-05,-1.5735692613816354e-05,-7.152557373046875e-06,13
123,Base FNO Initializer,2,0.21253027021884918,507.2059326171875,0.0,0.0,1.800013706088066e-06,0,0.0,0.0,0.0,14
123,Supervised Latent Neural Operator Corrector,2,0.20952163636684418,493.3742980957031,0.0,0.0,0.028808800037950277,2,0.008044617250561714,0.014257306233048439,0.003008633852005005,14
123,TD3+BC,2,0.20952163636684418,493.3742980957031,0.0,0.0,0.04292809998150915,2,0.008044617250561714,0.014257306233048439,0.003008633852005005,14
123,Best Actual RL Policy,2,0.20941117405891418,494.35540771484375,0.0,0.0,0.043294800037983805,2,0.004978325916454196,0.014784719329327345,0.0031190961599349976,14
123,Selected Production Policy,2,0.20952163636684418,493.3742980957031,0.0,0.0,0.04669089999515563,2,0.008044617250561714,0.014257306233048439,0.003008633852005005,14
123,Gradient baseline,2,0.2116554230451584,518.0156860351562,0.0,0.0,0.01727419998496771,2,0.009337231982499361,0.004124806146137416,0.0008748471736907959,14
123,PINN-style baseline,2,0.21252301335334778,506.66265869140625,0.0,0.0,0.04340700001921505,2,6.51515947538428e-05,3.409356213524006e-05,7.256865501403809e-06,14
123,Base FNO Initializer,2,0.4502733051776886,3361.285888671875,0.0,0.0,2.00001522898674e-06,0,0.0,0.0,0.0,15
123,Supervised Latent Neural Operator Corrector,2,0.4433870315551758,3301.60107421875,0.0,0.0,0.0285270000458695,2,0.01403164491057396,0.015411608386784792,0.006886273622512817,15
123,TD3+BC,2,0.4433870315551758,3301.60107421875,0.0,0.0,0.04209719999926165,2,0.01403164491057396,0.015411608386784792,0.006886273622512817,15
123,Best Actual RL Policy,2,0.44410598278045654,3309.76123046875,0.0,0.0,0.04318019998027012,2,0.015632224269211292,0.013791214674711227,0.006167322397232056,15
123,Selected Production Policy,2,0.4433870315551758,3301.60107421875,0.0,0.0,0.043690200021956116,2,0.01403164491057396,0.015411608386784792,0.006886273622512817,15
123,Gradient baseline,2,0.45059579610824585,3197.961181640625,0.0,0.0,0.01744450000114739,2,0.00933710066601634,-0.0007160676177591085,-0.000322490930557251,15
123,PINN-style baseline,2,0.4502810835838318,3359.9208984375,0.0,0.0,0.041339099989272654,2,6.564419163623825e-05,-1.7225820556632243e-05,-7.778406143188477e-06,15
123,Base FNO Initializer,2,0.1833292543888092,34.1541748046875,0.0,0.0,1.700012944638729e-06,0,0.0,0.0,0.0,16
123,Supervised Latent Neural Operator Corrector,2,0.1796688735485077,32.926361083984375,0.0,0.0,0.027675399964209646,2,0.0031640370143577456,0.020168106071650982,0.0036603808403015137,16
123,TD3+BC,2,0.1796688735485077,32.926361083984375,0.0,0.0,0.04396209999686107,2,0.0031640370143577456,0.020168106071650982,0.0036603808403015137,16
123,Best Actual RL Policy,2,0.19292601943016052,33.30428695678711,0.0,0.0,0.044219199975486845,2,0.0053387894295156,-0.05102304741740227,-0.009596765041351318,16
123,Selected Production Policy,2,0.1796688735485077,32.926361083984375,0.0,0.0,0.04475530004128814,2,0.0031640370143577456,0.020168106071650982,0.0036603808403015137,16
123,Gradient baseline,2,0.18247178196907043,57.57109069824219,0.0,0.0,0.016744499967899173,2,0.009402075316756964,0.004688107845140621,0.0008574724197387695,16
123,PINN-style baseline,2,0.1833057999610901,33.98015213012695,0.0,0.0,0.04410459997598082,2,6.329222742351703e-05,0.00012802666242350824,2.345442771911621e-05,16
123,Base FNO Initializer,2,0.4892332851886749,3879.35302734375,0.0,0.002559700980782509,1.800013706088066e-06,0,0.0,0.0,0.0,17
123,Supervised Latent Neural Operator Corrector,2,0.48240235447883606,3824.622802734375,0.0,0.002559700980782509,0.028472299978602678,2,0.014711624477058649,0.014060686342418194,0.006830930709838867,17
123,TD3+BC,2,0.48240235447883606,3824.622802734375,0.0,0.002559700980782509,0.044960200029890984,2,0.014711624477058649,0.014060686342418194,0.006830930709838867,17
123,Best Actual RL Policy,2,0.48247671127319336,3834.127685546875,0.0,0.002559700980782509,0.0448076999746263,2,0.015655359718948603,0.013906525447964668,0.006756573915481567,17
123,Selected Production Policy,2,0.48240235447883606,3824.622802734375,0.0,0.002559700980782509,0.045518800034187734,2,0.014711624477058649,0.014060686342418194,0.006830930709838867,17
123,Gradient baseline,2,0.48953503370285034,3703.99609375,0.0,0.002559700980782509,0.01680749998195097,2,0.00920375669375062,-0.0006166710518300533,-0.00030174851417541504,17
123,PINN-style baseline,2,0.489241361618042,3877.920654296875,0.0,0.002559700980782509,0.04579369997372851,2,6.578108877874911e-05,-1.6510558452864643e-05,-8.07642936706543e-06,17
123,Base FNO Initializer,2,0.17145992815494537,9.590410232543945,0.0,0.0,1.5999539755284786e-06,0,0.0,0.0,0.0,18
123,Supervised Latent Neural Operator Corrector,2,0.16236647963523865,8.589393615722656,0.0,0.0,0.028327199979685247,2,0.0028986537363380194,0.05449355021119118,0.009093448519706726,18
123,TD3+BC,2,0.16236647963523865,8.589393615722656,0.0,0.0,0.04421389999333769,2,0.0028986537363380194,0.05449355021119118,0.009093448519706726,18
123,Best Actual RL Policy,2,0.20640882849693298,9.682084083557129,0.0,0.0,0.04667959996731952,2,0.005551689071580768,-0.18550919741392136,-0.03494890034198761,18
123,Selected Production Policy,2,0.16236647963523865,8.589393615722656,0.0,0.0,0.04257689998485148,2,0.0028986537363380194,0.05449355021119118,0.009093448519706726,18
123,Gradient baseline,2,0.1712396889925003,34.11295700073242,0.0,0.0,0.01834530004998669,2,0.009507142473012209,0.0012853015214204788,0.00022023916244506836,18
123,PINN-style baseline,2,0.1713971197605133,9.443312644958496,0.0,0.0,0.04360489995451644,2,6.362151907524094e-05,0.0003664143878268078,6.280839443206787e-05,18
123,Base FNO Initializer,2,0.20984980463981628,316.1559753417969,0.0,0.0,1.7999554984271526e-06,0,0.0,0.0,0.0,19
123,Supervised Latent Neural Operator Corrector,2,0.20747211575508118,307.66302490234375,0.0,0.0,0.027846299984958023,2,0.006527893710881472,0.01139503950253129,0.0023776888847351074,19
123,TD3+BC,2,0.20747211575508118,307.66302490234375,0.0,0.0,0.043371899984776974,2,0.006527893710881472,0.01139503950253129,0.0023776888847351074,19
123,Best Actual RL Policy,2,0.20772312581539154,309.15399169921875,0.0,0.0,0.04373070003930479,2,0.0036367179127410054,0.010185942519456148,0.0021266788244247437,19
123,Selected Production Policy,2,0.20747211575508118,307.66302490234375,0.0,0.0,0.04297050001332536,2,0.006527893710881472,0.01139503950253129,0.0023776888847351074,19
123,Gradient baseline,2,0.20876656472682953,338.8738098144531,0.0,0.0,0.016529599961359054,2,0.00937422038987279,0.005175326485186815,0.0010832399129867554,19
123,PINN-style baseline,2,0.2098378837108612,315.7438659667969,0.0,0.0,0.04333409998798743,2,6.503362965304404e-05,5.67428141948767e-05,1.1920928955078125e-05,19
123,Base FNO Initializer,2,0.21075236797332764,398.15570068359375,0.0,0.0,1.6999547369778156e-06,0,0.0,0.0,0.0,20
123,Supervised Latent Neural Operator Corrector,2,0.20814299583435059,387.3011779785156,0.0,0.0,0.02945279999403283,2,0.007212823256850243,0.012458461336791515,0.0026093721389770508,20
123,TD3+BC,2,0.20814299583435059,387.3011779785156,0.0,0.0,0.043423699971754104,2,0.007212823256850243,0.012458461336791515,0.0026093721389770508,20
123,Best Actual RL Policy,2,0.2081974744796753,388.68023681640625,0.0,0.0,0.042968599998857826,2,0.0038527915021404624,0.0121967988088727,0.0025548934936523438,20
123,Selected Production Policy,2,0.20814299583435059,387.3011779785156,0.0,0.0,0.04246830003103241,2,0.007212823256850243,0.012458461336791515,0.0026093721389770508,20
123,Gradient baseline,2,0.20977208018302917,418.0495910644531,0.0,0.0,0.014668899995740503,2,0.009386536199599504,0.004662171704694629,0.000980287790298462,20
123,PINN-style baseline,2,0.2107410579919815,397.6842041015625,0.0,0.0,0.06156619999092072,2,6.539492096635513e-05,5.3643458159058355e-05,1.1309981346130371e-05,20
123,Base FNO Initializer,2,0.23533491790294647,1025.946533203125,0.0,0.0,1.9000144675374031e-06,0,0.0,0.0,0.0,21
123,Supervised Latent Neural Operator Corrector,2,0.23034711182117462,999.5263671875,0.0,0.0,0.028612399997655302,2,0.010475209448486567,0.021422228775918484,0.004987806081771851,21
123,TD3+BC,2,0.23034711182117462,999.5263671875,0.0,0.0,0.046475599985569715,2,0.010475209448486567,0.021422228775918484,0.004987806081771851,21
123,Best Actual RL Policy,2,0.2310180962085724,1000.896484375,0.0,0.0,0.047294899995904416,2,0.011755093932151794,0.01851350348442793,0.0043168216943740845,21
123,Selected Production Policy,2,0.23034711182117462,999.5263671875,0.0,0.0,0.04453670000657439,2,0.010475209448486567,0.021422228775918484,0.004987806081771851,21
123,Gradient baseline,2,0.23491758108139038,990.5400390625,0.0,0.0,0.017411399981938303,2,0.009462869260460138,0.0017749132821336389,0.0004173368215560913,21
123,PINN-style baseline,2,0.23533466458320618,1025.134521484375,0.0,0.0,0.04267940000863746,2,6.563642818946391e-05,1.0728790016401035e-06,2.5331974029541016e-07,21
123,Base FNO Initializer,2,0.20707158744335175,178.32394409179688,0.0,0.0,1.700012944638729e-06,0,0.0,0.0,0.0,22
123,Supervised Latent Neural Operator Corrector,2,0.20479723811149597,173.79014587402344,0.0,0.0,0.03003039996838197,2,0.005220932886004448,0.011044117622077465,0.002274349331855774,22
123,TD3+BC,2,0.20479723811149597,173.79014587402344,0.0,0.0,0.044392699957825243,2,0.005220932886004448,0.011044117622077465,0.002274349331855774,22
123,Best Actual RL Policy,2,0.20596227049827576,174.80526733398438,0.0,0.0,0.044410300033632666,2,0.004227791680023074,0.005371591774746776,0.0011093169450759888,22
123,Selected Production Policy,2,0.20479723811149597,173.79014587402344,0.0,0.0,0.04494859999977052,2,0.005220932886004448,0.011044117622077465,0.002274349331855774,22
123,Gradient baseline,2,0.20582695305347443,202.3302764892578,0.0,0.0,0.016680999950040132,2,0.009299186989665031,0.006028689909726381,0.0012446343898773193,22
123,PINN-style baseline,2,0.20705443620681763,178.0198516845703,0.0,0.0,0.04392520000692457,2,6.483300967374817e-05,8.272952618426643e-05,1.7151236534118652e-05,22
123,Base FNO Initializer,2,0.46562066674232483,3545.475830078125,0.0,0.0,1.700012944638729e-06,0,0.0,0.0,0.0,23
123,Supervised Latent Neural Operator Corrector,2,0.458726167678833,3487.27734375,0.0,0.0,0.02904990001115948,2,0.014342851471155882,0.014917660504579544,0.006894499063491821,23
123,TD3+BC,2,0.458726167678833,3487.27734375,0.0,0.0,0.04615660000126809,2,0.014342851471155882,0.014917660504579544,0.006894499063491821,23
123,Best Actual RL Policy,2,0.4591464102268219,3496.10302734375,0.0,0.0,0.049739700043573976,2,0.01563951140269637,0.014001938980072737,0.00647425651550293,23
123,Selected Production Policy,2,0.458726167678833,3487.27734375,0.0,0.0,0.04533090000040829,2,0.014342851471155882,0.014917660504579544,0.006894499063491821,23
123,Gradient baseline,2,0.46595004200935364,3377.43798828125,0.0,0.0,0.017080300021916628,2,0.009314799215644598,-0.000707183062331751,-0.0003293752670288086,23
123,PINN-style baseline,2,0.46562859416007996,3544.0869140625,0.0,0.0,0.04224670003168285,2,6.5762156737037e-05,-1.7047004803316668e-05,-7.927417755126953e-06,23
123,Base FNO Initializer,2,0.20969738066196442,300.7703552246094,0.0,0.0,1.800013706088066e-06,0,0.0,0.0,0.0,24
123,Supervised Latent Neural Operator Corrector,2,0.2073543667793274,292.7340087890625,0.0,0.0,0.028480099979788065,2,0.00639385636895895,0.011236081831157207,0.002343013882637024,24
123,TD3+BC,2,0.2073543667793274,292.7340087890625,0.0,0.0,0.018106000032275915,2,0.00639385636895895,0.011236081831157207,0.002343013882637024,24
123,Best Actual RL Policy,2,0.20765367150306702,294.2100524902344,0.0,0.0,0.020886900019831955,2,0.0036555055994540453,0.009793801233172417,0.0020437091588974,24
123,Selected Production Policy,2,0.2073543667793274,292.7340087890625,0.0,0.0,0.04574500001035631,2,0.00639385636895895,0.011236081831157207,0.002343013882637024,24
123,Gradient baseline,2,0.20859143137931824,325.82501220703125,0.0,0.0,0.01874089997727424,2,0.009383903816342354,0.005287884850986302,0.0011059492826461792,24
123,PINN-style baseline,2,0.20968657732009888,300.3688659667969,0.0,0.0,0.04783190001035109,2,6.521652903757058e-05,5.14977455168264e-05,1.080334186553955e-05,24
123,Base FNO Initializer,2,0.21890391409397125,713.872314453125,0.0,0.0,1.800013706088066e-06,0,0.0,0.0,0.0,25
123,Supervised Latent Neural Operator Corrector,2,0.21504373848438263,694.9132690429688,0.0,0.0,0.03141449997201562,2,0.009318339638411999,0.0177913261577487,0.003860175609588623,25
123,TD3+BC,2,0.21504373848438263,694.9132690429688,0.0,0.0,0.04510469996603206,2,0.009318339638411999,0.0177913261577487,0.003860175609588623,25
123,Best Actual RL Policy,2,0.21488723158836365,695.2633666992188,0.0,0.0,0.04380530002526939,2,0.008187675382941961,0.018519350327551365,0.004016682505607605,25
123,Selected Production Policy,2,0.21504373848438263,694.9132690429688,0.0,0.0,0.043315400020219386,2,0.009318339638411999,0.0177913261577487,0.003860175609588623,25
123,Gradient baseline,2,0.2182042896747589,704.7498168945312,0.0,0.0,0.016605400014668703,2,0.009445738513022661,0.003201061044819653,0.0006996244192123413,25
123,PINN-style baseline,2,0.21890011429786682,713.211181640625,0.0,0.0,0.04399619996547699,2,6.556912558153272e-05,1.7404474874638254e-05,3.7997961044311523e-06,25
123,Base FNO Initializer,2,0.29896271228790283,1814.75146484375,0.0,0.0,1.6999547369778156e-06,0,0.0,0.0,0.0,26
123,Supervised Latent Neural Operator Corrector,2,0.29274696111679077,1768.48876953125,0.0,0.0,0.015914299990981817,2,0.011175876017659903,0.021010033786296844,0.0062157511711120605,26
123,TD3+BC,2,0.29274696111679077,1768.48876953125,0.0,0.0,0.058414499973878264,2,0.011175876017659903,0.021010033786296844,0.0062157511711120605,26
123,Best Actual RL Policy,2,0.29672473669052124,1769.76318359375,0.0,0.0,0.044273899984546006,2,0.014412116724997759,0.007513830671086907,0.002237975597381592,26
123,Selected Production Policy,2,0.29274696111679077,1768.48876953125,0.0,0.0,0.017652200011070818,2,0.011175876017659903,0.021010033786296844,0.0062157511711120605,26
123,Gradient baseline,2,0.2990107834339142,1715.23681640625,0.0,0.0,0.015374100010376424,2,0.009447893593460321,-0.00016086023606476374,-4.807114601135254e-05,26
123,PINN-style baseline,2,0.298967182636261,1813.679443359375,0.0,0.0,0.043975000036880374,2,6.567792661371641e-05,-1.4960826320020715e-05,-4.470348358154297e-06,26
123,Base FNO Initializer,2,0.21150463819503784,451.33148193359375,0.0,0.0,1.800013706088066e-06,0,0.0,0.0,0.0,27
123,Supervised Latent Neural Operator Corrector,2,0.20871059596538544,439.0041809082031,0.0,0.0,0.028566199995111674,2,0.00763029302470386,0.013298225589096546,0.002794042229652405,27
123,TD3+BC,2,0.20871059596538544,439.0041809082031,0.0,0.0,0.047148199984803796,2,0.00763029302470386,0.013298225589096546,0.002794042229652405,27
123,Best Actual RL Policy,2,0.2086743712425232,440.20947265625,0.0,0.0,0.04844210000010207,2,0.004297110019251704,0.013471995014697313,0.0028302669525146484,27
123,Selected Production Policy,2,0.20871059596538544,439.0041809082031,0.0,0.0,0.054249900043942034,2,0.00763029302470386,0.013298225589096546,0.002794042229652405,27
123,Gradient baseline,2,0.21057526767253876,467.4280700683594,0.0,0.0,0.017732399981468916,2,0.009348493535071611,0.004403706989251077,0.0009293705224990845,27
123,PINN-style baseline,2,0.2114957571029663,450.8250732421875,0.0,0.0,0.03753470000810921,2,6.515896529890597e-05,4.1961226088460535e-05,8.881092071533203e-06,27
123,Base FNO Initializer,2,0.21341533958911896,546.108642578125,0.0,0.0,2.100015990436077e-06,0,0.0,0.0,0.0,28
123,Supervised Latent Neural Operator Corrector,2,0.21025075018405914,531.2762451171875,0.0,0.0,0.02985270001227036,2,0.00831703981384635,0.014939310494810343,0.0031645894050598145,28
123,TD3+BC,2,0.21025075018405914,531.2762451171875,0.0,0.0,0.043986700009554625,2,0.00831703981384635,0.014939310494810343,0.0031645894050598145,28
123,Best Actual RL Policy,2,0.21010138094425201,532.09130859375,0.0,0.0,0.04681580001488328,2,0.005540961399674416,0.015650004614144564,0.0033139586448669434,28
123,Selected Production Policy,2,0.21025075018405914,531.2762451171875,0.0,0.0,0.04333129996666685,2,0.00831703981384635,0.014939310494810343,0.0031645894050598145,28
123,Gradient baseline,2,0.21256841719150543,554.9911499023438,0.0,0.0,0.01704720000270754,2,0.00938863167539239,0.00397623295430094,0.0008469223976135254,28
123,PINN-style baseline,2,0.21340785920619965,545.5416259765625,0.0,0.0,0.04369119997136295,2,6.524218042613938e-05,3.504722008074168e-05,7.4803829193115234e-06,28
123,Base FNO Initializer,2,0.3958319425582886,2777.85302734375,0.0,0.0,1.700012944638729e-06,0,0.0,0.0,0.0,29
123,Supervised Latent Neural Operator Corrector,2,0.3891933858394623,2717.310546875,0.0,0.0,0.029741100035607815,2,0.01268376037478447,0.016913178376853466,0.006638556718826294,29
123,TD3+BC,2,0.3891933858394623,2717.310546875,0.0,0.0,0.043253199954051524,2,0.01268376037478447,0.016913178376853466,0.006638556718826294,29
123,Best Actual RL Policy,2,0.3913800120353699,2723.57373046875,0.0,0.0,0.046445899992249906,2,0.015530436765402555,0.011310469824820757,0.004451930522918701,29
123,Selected Production Policy,2,0.3891933858394623,2717.310546875,0.0,0.0,0.032791599980555475,2,0.01268376037478447,0.016913178376853466,0.006638556718826294,29
123,Gradient baseline,2,0.3961096405982971,2631.1943359375,0.0,0.0,0.017499999958090484,2,0.009428814984858036,-0.0007014010043349117,-0.0002776980400085449,29
123,PINN-style baseline,2,0.3958379626274109,2776.57373046875,0.0,0.0,0.04424180003115907,2,6.570904224645346e-05,-1.525885090813972e-05,-6.020069122314453e-06,29
123,Base FNO Initializer,2,0.5199277997016907,4413.47509765625,0.0,0.07487307488918304,1.9999570213258266e-06,0,0.0,0.0,0.0,30
123,Supervised Latent Neural Operator Corrector,2,0.513317883014679,4364.6357421875,0.0,0.07487307488918304,0.028569200017955154,2,0.014987470582127571,0.012794502545148134,0.006609916687011719,30
123,TD3+BC,2,0.513317883014679,4364.6357421875,0.0,0.07487307488918304,0.04502410005079582,2,0.014987470582127571,0.012794502545148134,0.006609916687011719,30
123,Best Actual RL Policy,2,0.5131277441978455,4374.13232421875,0.0,0.07487307488918304,0.05276749999029562,2,0.015681034419685602,0.013164954725652933,0.006800055503845215,30
123,Selected Production Policy,2,0.513317883014679,4364.6357421875,0.0,0.07487307488918304,0.04353700001956895,2,0.014987470582127571,0.012794502545148134,0.006609916687011719,30
123,Gradient baseline,2,0.5202085375785828,4229.7568359375,0.0,0.07487307488918304,0.01797789998818189,2,0.009052966721355915,-0.0005399348156061023,-0.00028073787689208984,30
123,PINN-style baseline,2,0.5199359059333801,4411.99267578125,0.0,0.07487307488918304,0.045557199977338314,2,6.561186455655843e-05,-1.561648241477087e-05,-8.106231689453125e-06,30
123,Base FNO Initializer,2,0.2607201933860779,1377.8133544921875,0.0,0.0,2.7999631129205227e-06,0,0.0,0.0,0.0,31
123,Supervised Latent Neural Operator Corrector,2,0.2549189627170563,1342.4796142578125,0.0,0.0,0.030150100006721914,2,0.011021051555871964,0.022501937113702297,0.0058012306690216064,31
123,TD3+BC,2,0.2549189627170563,1342.4796142578125,0.0,0.0,0.04579789994750172,2,0.011021051555871964,0.022501937113702297,0.0058012306690216064,31
123,Best Actual RL Policy,2,0.25727689266204834,1344.7596435546875,0.0,0.0,0.04419460002100095,2,0.013544047251343727,0.013294740114361048,0.003443300724029541,31
123,Selected Production Policy,2,0.2549189627170563,1342.4796142578125,0.0,0.0,0.04683840001234785,2,0.011021051555871964,0.022501937113702297,0.0058012306690216064,31
123,Gradient baseline,2,0.2605481743812561,1311.59033203125,0.0,0.0,0.01763709995429963,2,0.00940646044909954,0.0006599390835617669,0.00017201900482177734,31
123,PINN-style baseline,2,0.2607228755950928,1376.869384765625,0.0,0.0,0.04488270002184436,2,6.553102866746485e-05,-1.0252029824187048e-05,-2.682209014892578e-06,31
123,Base FNO Initializer,2,0.23068907856941223,950.0606689453125,0.0,0.0,1.700012944638729e-06,0,0.0,0.0,0.0,32
123,Supervised Latent Neural Operator Corrector,2,0.2259436547756195,925.4931030273438,0.0,0.0,0.031056999985594302,2,0.010266466997563839,0.020785127766430378,0.004745423793792725,32
123,TD3+BC,2,0.2259436547756195,925.4931030273438,0.0,0.0,0.04415890004020184,2,0.010266466997563839,0.020785127766430378,0.004745423793792725,32
123,Best Actual RL Policy,2,0.22632206976413727,926.4459228515625,0.0,0.0,0.04482569999527186,2,0.01110207661986351,0.019111703149974346,0.004367008805274963,32
123,Selected Production Policy,2,0.2259436547756195,925.4931030273438,0.0,0.0,0.04507900000317022,2,0.010266466997563839,0.020785127766430378,0.004745423793792725,32
123,Gradient baseline,2,0.23021277785301208,921.5546875,0.0,0.0,0.016883599979337305,2,0.009469409938901663,0.0020668163197115064,0.0004763007164001465,32
123,PINN-style baseline,2,0.2306891828775406,949.2837524414062,0.0,0.0,0.04246999998576939,2,6.553477214765735e-05,-4.172385388301336e-07,-1.043081283569336e-07,32
123,Base FNO Initializer,2,0.21098564565181732,415.5193786621094,0.0,0.0,1.600012183189392e-06,0,0.0,0.0,0.0,33
123,Supervised Latent Neural Operator Corrector,2,0.20831948518753052,404.19476318359375,0.0,0.0,0.030841900035738945,2,0.007351598935201764,0.012717179022729397,0.002666160464286804,33
123,TD3+BC,2,0.20831948518753052,404.19476318359375,0.0,0.0,0.04739500000141561,2,0.007351598935201764,0.012717179022729397,0.002666160464286804,33
123,Best Actual RL Policy,2,0.2083415538072586,405.5262451171875,0.0,0.0,0.045019399956800044,2,0.003972846316173673,0.012611332815140486,0.002644091844558716,33
123,Selected Production Policy,2,0.20831948518753052,404.19476318359375,0.0,0.0,0.030231199983973056,2,0.007351598935201764,0.012717179022729397,0.002666160464286804,33
123,Gradient baseline,2,0.21003182232379913,433.4942932128906,0.0,0.0,0.01684860000386834,2,0.009365137200802565,0.004530906560830772,0.0009538233280181885,33
123,PINN-style baseline,2,0.2109760344028473,415.03741455078125,0.0,0.0,0.04563790000975132,2,6.508857404696755e-05,4.5537424739450216e-05,9.611248970031738e-06,33
123,Base FNO Initializer,2,0.4313911199569702,3148.310546875,0.0,0.0,2.00001522898674e-06,0,0.0,0.0,0.0,34
123,Supervised Latent Neural Operator Corrector,2,0.424559086561203,3087.523681640625,0.0,0.0,0.027908199990633875,2,0.01359173096716404,0.015963740646839142,0.006832033395767212,34
123,TD3+BC,2,0.424559086561203,3087.523681640625,0.0,0.0,0.043381900002714247,2,0.01359173096716404,0.015963740646839142,0.006832033395767212,34
123,Best Actual RL Policy,2,0.42572537064552307,3094.777099609375,0.0,0.0,0.044776399969123304,2,0.01561845326796174,0.013220492284744978,0.0056657493114471436,34
123,Selected Production Policy,2,0.424559086561203,3087.523681640625,0.0,0.0,0.04272100003436208,2,0.01359173096716404,0.015963740646839142,0.006832033395767212,34
123,Gradient baseline,2,0.43170374631881714,2990.349853515625,0.0,0.0,0.01727410004241392,2,0.009374406654387712,-0.0007245350861921906,-0.00031262636184692383,34
123,PINN-style baseline,2,0.4313982427120209,3146.976806640625,0.0,0.0,0.041980699985288084,2,6.552024933625944e-05,-1.6510558452864643e-05,-7.12275505065918e-06,34
123,Base FNO Initializer,2,0.2150869369506836,606.7264404296875,0.0,0.0,1.300009898841381e-06,0,0.0,0.0,0.0,35
123,Supervised Latent Neural Operator Corrector,2,0.2116716206073761,590.377197265625,0.0,0.0,0.02664529997855425,2,0.008712018840014935,0.016006053891032934,0.003415316343307495,35
123,TD3+BC,2,0.2116716206073761,590.377197265625,0.0,0.0,0.04436480003641918,2,0.008712018840014935,0.016006053891032934,0.003415316343307495,35
123,Best Actual RL Policy,2,0.21148602664470673,590.9586791992188,0.0,0.0,0.04568430001381785,2,0.006493631051853299,0.01688339002430439,0.0036009103059768677,35
123,Selected Production Policy,2,0.2116716206073761,590.377197265625,0.0,0.0,0.04438479995587841,2,0.008712018840014935,0.016006053891032934,0.003415316343307495,35
123,Gradient baseline,2,0.2142838090658188,608.5133666992188,0.0,0.0,0.0280347999650985,2,0.009409681893885136,0.003740888903848827,0.0008031278848648071,35
123,PINN-style baseline,2,0.21507948637008667,606.1257934570312,0.0,0.0,0.044786499987822026,2,6.518455847981386e-05,3.468959948804695e-05,7.450580596923828e-06,35
123,Base FNO Initializer,5,0.18997663259506226,50.71394348144531,0.0,0.0,2.400018274784088e-06,0,0.0,0.0,0.0,0
123,Supervised Latent Neural Operator Corrector,5,0.18496711552143097,48.24904251098633,0.0,0.0,0.07422479998786002,5,0.0034847366623580456,0.026723010814748704,0.005009517073631287,0
123,TD3+BC,5,0.18496711552143097,48.24904251098633,0.0,0.0,0.11427010002080351,5,0.0034847366623580456,0.026723010814748704,0.005009517073631287,0
123,Best Actual RL Policy,5,0.20810569822788239,50.41596603393555,0.0,0.0,0.11464600003091618,5,0.0050616665743291375,-0.09114514570683241,-0.01812906563282013,0
123,Selected Production Policy,5,0.18496711552143097,48.24904251098633,0.0,0.0,0.11387579998699948,5,0.0034847366623580456,0.026723010814748704,0.005009517073631287,0
123,Gradient baseline,5,0.1885407269001007,118.77298736572266,0.0,0.0,0.04336049995617941,5,0.009806432574987412,0.007586840190924704,0.0014359056949615479,0
123,PINN-style baseline,5,0.1899149864912033,50.25886535644531,0.0,0.0,0.11340620002010837,5,6.177856848808006e-05,0.0003245962980145123,6.164610385894775e-05,0
123,Base FNO Initializer,5,0.5357654690742493,4717.8603515625,0.0,0.17247915267944336,2.7999631129205227e-06,0,0.0,0.0,0.0,1
123,Supervised Latent Neural Operator Corrector,5,0.5196723341941833,4644.36328125,0.0,0.17247915267944336,0.07623659999808297,5,0.015030928142368793,0.030497480183839798,0.016093134880065918,1
123,TD3+BC,5,0.5196723341941833,4644.36328125,0.0,0.17247915267944336,0.11327150004217401,5,0.015030928142368793,0.030497480183839798,0.016093134880065918,1
123,Best Actual RL Policy,5,0.5191015005111694,4669.2294921875,0.0,0.17247915267944336,0.11033369996584952,5,0.015599612891674042,0.03159637842327356,0.016663968563079834,1
123,Selected Production Policy,5,0.5196723341941833,4644.36328125,0.0,0.17247915267944336,0.08618079998996109,5,0.015030928142368793,0.030497480183839798,0.016093134880065918,1
123,Gradient baseline,5,0.536500871181488,4436.6767578125,0.0,0.17247915267944336,0.041962700022850186,5,0.009215546771883965,-0.001371905324049294,-0.0007354021072387695,1
123,PINN-style baseline,5,0.5357850790023804,4714.12255859375,0.0,0.17247915267944336,0.11000009998679161,5,6.527502700919286e-05,-3.6537791856972035e-05,-1.9609928131103516e-05,1
123,Base FNO Initializer,5,0.4564506709575653,3434.240234375,0.0,0.0,2.400018274784088e-06,0,0.0,0.0,0.0,2
123,Supervised Latent Neural Operator Corrector,5,0.43921998143196106,3336.5146484375,0.0,0.0,0.07996110001113266,5,0.01417873166501522,0.03847972908988595,0.017230689525604248,2
123,TD3+BC,5,0.43921998143196106,3336.5146484375,0.0,0.0,0.11228800000390038,5,0.01417873166501522,0.03847972908988595,0.017230689525604248,2
123,Best Actual RL Policy,5,0.4409560561180115,3367.77685546875,0.0,0.0,0.09170609997818246,5,0.015574315190315246,0.034534805454313755,0.015494614839553833,2
123,Selected Production Policy,5,0.43921998143196106,3336.5146484375,0.0,0.0,0.1134821999585256,5,0.01417873166501522,0.03847972908988595,0.017230689525604248,2
123,Gradient baseline,5,0.4571667015552521,3214.41357421875,0.0,0.0,0.04253340000286698,5,0.009882739745080471,-0.0015677471092203632,-0.0007160305976867676,2
123,PINN-style baseline,5,0.45646968483924866,3430.826904296875,0.0,0.0,0.11032869998598471,5,6.555323343491182e-05,-4.16638295064331e-05,-1.901388168334961e-05,2
123,Base FNO Initializer,5,0.2091408520936966,256.76873779296875,0.0,0.0,1.600012183189392e-06,0,0.0,0.0,0.0,3
123,Supervised Latent Neural Operator Corrector,5,0.20515809953212738,245.9724578857422,0.0,0.0,0.07313149998662993,5,0.0059668214060366155,0.01922699366696179,0.003982752561569214,3
123,TD3+BC,5,0.20515809953212738,245.9724578857422,0.0,0.0,0.11418150004465133,5,0.0059668214060366155,0.01922699366696179,0.003982752561569214,3
123,Best Actual RL Policy,5,0.20521225035190582,248.39968872070312,0.0,0.0,0.1177830999949947,5,0.003666526172310114,0.018962950678542256,0.0039286017417907715,3
123,Selected Production Policy,5,0.20515809953212738,245.9724578857422,0.0,0.0,0.11003479995997623,5,0.0059668214060366155,0.01922699366696179,0.003982752561569214,3
123,Gradient baseline,5,0.20728355646133423,285.2374267578125,0.0,0.0,0.042561399983242154,5,0.009968882240355015,0.008920052903704345,0.0018572956323623657,3
123,PINN-style baseline,5,0.209100604057312,255.8711395263672,0.0,0.0,0.10124809999251738,5,6.440164579544217e-05,0.00019251926642027684,4.024803638458252e-05,3
123,Base FNO Initializer,5,0.3536207973957062,2363.30029296875,0.0,0.0,1.6999547369778156e-06,0,0.0,0.0,0.0,4
123,Supervised Latent Neural Operator Corrector,5,0.33768829703330994,2275.046142578125,0.0,0.0,0.07206720003159717,5,0.011780762858688832,0.046101391315460205,0.01593250036239624,4
123,TD3+BC,5,0.33768829703330994,2275.046142578125,0.0,0.0,0.11347320000641048,5,0.011780762858688832,0.046101391315460205,0.01593250036239624,4
123,Best Actual RL Policy,5,0.3469458818435669,2299.021240234375,0.0,0.0,0.11955439997836947,5,0.01526920385658741,0.019055842887610197,0.006674915552139282,4
123,Selected Production Policy,5,0.33768829703330994,2275.046142578125,0.0,0.0,0.11144900001818314,5,0.011780762858688832,0.046101391315460205,0.01593250036239624,4
123,Gradient baseline,5,0.3540325164794922,2212.633544921875,0.0,0.0,0.042588100011926144,5,0.009948360547423363,-0.0011638202704489231,-0.00041171908378601074,4
123,PINN-style baseline,5,0.3536386489868164,2360.315673828125,0.0,0.0,0.12767680000979453,5,6.503699405584485e-05,-5.0485397878219374e-05,-1.7851591110229492e-05,4
123,Base FNO Initializer,5,0.22785356640815735,900.6553955078125,0.0,0.0,1.5999539755284786e-06,0,0.0,0.0,0.0,5
123,Supervised Latent Neural Operator Corrector,5,0.21758587658405304,866.818115234375,0.0,0.0,0.07398349995492026,5,0.010052360035479069,0.04610943794250488,0.010267689824104309,5
123,TD3+BC,5,0.21758587658405304,866.818115234375,0.0,0.0,0.11315910000121221,5,0.010052360035479069,0.04610943794250488,0.010267689824104309,5
123,Best Actual RL Policy,5,0.21841959655284882,867.7991943359375,0.0,0.0,0.11322599998675287,5,0.010718908347189426,0.042284971568733454,0.009433969855308533,5
123,Selected Production Policy,5,0.21758587658405304,866.818115234375,0.0,0.0,0.0959770999616012,5,0.010052360035479069,0.04610943794250488,0.010267689824104309,5
123,Gradient baseline,5,0.2269425243139267,870.224365234375,0.0,0.0,0.04297670000232756,5,0.009986528381705283,0.004006141185527667,0.0009110420942306519,5
123,PINN-style baseline,5,0.227846160531044,898.7913818359375,0.0,0.0,0.11153250001370907,5,6.484983314294367e-05,3.2544014175073244e-05,7.405877113342285e-06,5
123,Base FNO Initializer,5,0.24412237107753754,1157.4156494140625,0.0,0.0,1.700012944638729e-06,0,0.0,0.0,0.0,6
123,Supervised Latent Neural Operator Corrector,5,0.2316344827413559,1113.9510498046875,0.0,0.0,0.061068199982400984,5,0.010696887224912643,0.05250856466591358,0.01248788833618164,6
123,TD3+BC,5,0.2316344827413559,1113.9510498046875,0.0,0.0,0.11027609999291599,5,0.010696887224912643,0.05250856466591358,0.01248788833618164,6
123,Best Actual RL Policy,5,0.235514298081398,1117.29248046875,0.0,0.0,0.11035909998463467,5,0.012694701179862022,0.0358975431881845,0.008608072996139526,6
123,Selected Production Policy,5,0.2316344827413559,1113.9510498046875,0.0,0.0,0.11202400003094226,5,0.010696887224912643,0.05250856466591358,0.01248788833618164,6
123,Gradient baseline,5,0.24354200065135956,1107.072021484375,0.0,0.0,0.04233530000783503,5,0.009991119056940079,0.0023799167829565704,0.0005803704261779785,6
123,PINN-style baseline,5,0.2441226840019226,1155.283447265625,0.0,0.0,0.11929470003815368,5,6.488393410108984e-05,-1.3113250076912664e-06,-3.129243850708008e-07,6
123,Base FNO Initializer,5,0.20593103766441345,155.207275390625,0.0,0.0,1.9000144675374031e-06,0,0.0,0.0,0.0,7
123,Supervised Latent Neural Operator Corrector,5,0.20207253098487854,148.76988220214844,0.0,0.0,0.07871649996377528,5,0.004954519495368004,0.018914627842605114,0.003858506679534912,7
123,TD3+BC,5,0.20207253098487854,148.76988220214844,0.0,0.0,0.11333060002652928,5,0.004954519495368004,0.018914627842605114,0.003858506679534912,7
123,Best Actual RL Policy,5,0.2052471786737442,150.97085571289062,0.0,0.0,0.12264120002510026,5,0.004254695028066635,0.003326347687107045,0.0006838589906692505,7
123,Selected Production Policy,5,0.20207253098487854,148.76988220214844,0.0,0.0,0.11616309999953955,5,0.004954519495368004,0.018914627842605114,0.003858506679534912,7
123,Gradient baseline,5,0.2039940059185028,202.33062744140625,0.0,0.0,0.04574859997956082,5,0.009952490404248237,0.009450467652641237,0.0019370317459106445,7
123,PINN-style baseline,5,0.2058856040239334,154.523193359375,0.0,0.0,0.11521119996905327,5,6.312398327281698e-05,0.00022053226348361932,4.5433640480041504e-05,7
123,Base FNO Initializer,5,0.29340171813964844,1755.0106201171875,0.0,0.0,1.800013706088066e-06,0,0.0,0.0,0.0,8
123,Supervised Latent Neural Operator Corrector,5,0.2782597839832306,1687.3299560546875,0.0,0.0,0.07407119998242706,5,0.01115196980535984,0.05298727843910456,0.015141934156417847,8
123,TD3+BC,5,0.2782597839832306,1687.3299560546875,0.0,0.0,0.10091610002564266,5,0.01115196980535984,0.05298727843910456,0.015141934156417847,8
123,Best Actual RL Policy,5,0.2886938750743866,1690.521728515625,0.0,0.0,0.1152400000137277,5,0.01440660860389471,0.016175315948203206,0.004707843065261841,8
123,Selected Production Policy,5,0.2782597839832306,1687.3299560546875,0.0,0.0,0.1170397000387311,5,0.01115196980535984,0.05298727843910456,0.015141934156417847,8
123,Gradient baseline,5,0.29345443844795227,1653.8331298828125,0.0,0.0,0.04550569999264553,5,0.009955835156142711,-0.0001799748285975511,-5.272030830383301e-05,8
123,PINN-style baseline,5,0.2934088110923767,1752.402099609375,0.0,0.0,0.10540070000570267,5,6.516993744298816e-05,-2.4199557174142683e-05,-7.092952728271484e-06,8
123,Base FNO Initializer,5,0.21179459989070892,469.538818359375,0.0,0.0,1.7999554984271526e-06,0,0.0,0.0,0.0,9
123,Supervised Latent Neural Operator Corrector,5,0.206170916557312,450.4698486328125,0.0,0.0,0.07787470001494512,5,0.007720488123595715,0.02691113273613155,0.005623683333396912,9
123,TD3+BC,5,0.206170916557312,450.4698486328125,0.0,0.0,0.11925260000862181,5,0.007720488123595715,0.02691113273613155,0.005623683333396912,9
123,Best Actual RL Policy,5,0.2048787623643875,451.7167053222656,0.0,0.0,0.11777749995235354,5,0.004516691248863935,0.03319863276556134,0.006915837526321411,9
123,Selected Production Policy,5,0.206170916557312,450.4698486328125,0.0,0.0,0.11278289998881519,5,0.007720488123595715,0.02691113273613155,0.005623683333396912,9
123,Gradient baseline,5,0.21030619740486145,472.9508972167969,0.0,0.0,0.0385857000364922,5,0.009882019646465779,0.007052074244711548,0.0014884024858474731,9
123,PINN-style baseline,5,0.21177177131175995,468.27093505859375,0.0,0.0,0.10582789999898523,5,6.41918639303185e-05,0.00010764481521619018,2.282857894897461e-05,9
123,Base FNO Initializer,5,0.2562851309776306,1321.5069580078125,0.0,0.0,2.6999623514711857e-06,0,0.0,0.0,0.0,10
123,Supervised Latent Neural Operator Corrector,5,0.24273167550563812,1271.340087890625,0.0,0.0,0.05331119999755174,5,0.01092365700751543,0.05433351267129183,0.013553455471992493,10
123,TD3+BC,5,0.24273167550563812,1271.340087890625,0.0,0.0,0.10746099997777492,5,0.01092365700751543,0.05433351267129183,0.013553455471992493,10
123,Best Actual RL Policy,5,0.24876441061496735,1275.35546875,0.0,0.0,0.10975810000672936,5,0.013419673033058643,0.02978382958099246,0.007520720362663269,10
123,Selected Production Policy,5,0.24273167550563812,1271.340087890625,0.0,0.0,0.11811580002540722,5,0.01092365700751543,0.05433351267129183,0.013553455471992493,10
123,Gradient baseline,5,0.25593632459640503,1256.4271240234375,0.0,0.0,0.03751150000607595,5,0.00994673315435648,0.0013616955984616652,0.00034880638122558594,10
123,PINN-style baseline,5,0.2562900185585022,1319.23095703125,0.0,0.0,0.12229339999612421,5,6.493258551927283e-05,-1.901392852232675e-05,-4.887580871582031e-06,10
123,Base FNO Initializer,5,0.49782538414001465,4027.326904296875,0.0,0.010925320908427238,1.7999554984271526e-06,0,0.0,0.0,0.0,11
123,Supervised Latent Neural Operator Corrector,5,0.48089703917503357,3940.1767578125,0.0,0.010925320908427238,0.0736934999586083,5,0.014791484735906125,0.03459572931751609,0.01692834496498108,11
123,TD3+BC,5,0.48089703917503357,3940.1767578125,0.0,0.010925320908427238,0.11408420000225306,5,0.014791484735906125,0.03459572931751609,0.01692834496498108,11
123,Best Actual RL Policy,5,0.4809931218624115,3968.907958984375,0.0,0.010925320908427238,0.1101253000088036,5,0.015579118207097054,0.034395829774439335,0.01683226227760315,11
123,Selected Production Policy,5,0.48089703917503357,3940.1767578125,0.0,0.010925320908427238,0.11262760002864525,5,0.014791484735906125,0.03459572931751609,0.01692834496498108,11
123,Gradient baseline,5,0.49854716658592224,3775.838623046875,0.0,0.010925320908427238,0.04199190001236275,5,0.009616481699049472,-0.001449077040888369,-0.0007217824459075928,11
123,PINN-style baseline,5,0.49784520268440247,4023.741455078125,0.0,0.010925320908427238,0.11272029997780919,5,6.556871521752327e-05,-3.993528207502095e-05,-1.9818544387817383e-05,11
123,Base FNO Initializer,5,0.21121715009212494,433.18902587890625,0.0,0.0,1.800013706088066e-06,0,0.0,0.0,0.0,12
123,Supervised Latent Neural Operator Corrector,5,0.20594507455825806,415.4143371582031,0.0,0.0,0.07625489996280521,5,0.007443215232342482,0.025277236476540565,0.005272075533866882,12
123,TD3+BC,5,0.20594507455825806,415.4143371582031,0.0,0.0,0.11789850000059232,5,0.007443215232342482,0.025277236476540565,0.005272075533866882,12
123,Best Actual RL Policy,5,0.20471957325935364,416.9173583984375,0.0,0.0,0.10875270003452897,5,0.004105963651090861,0.031245664693415165,0.006497576832771301,12
123,Selected Production Policy,5,0.20594507455825806,415.4143371582031,0.0,0.0,0.1093745999969542,5,0.007443215232342482,0.025277236476540565,0.005272075533866882,12
123,Gradient baseline,5,0.20961123704910278,438.91827392578125,0.0,0.0,0.041469399991910905,5,0.00988648422062397,0.007631971559021622,0.0016059130430221558,12
123,PINN-style baseline,5,0.21119263768196106,431.9797668457031,0.0,0.0,0.11410840001190081,5,6.420545687433333e-05,0.00011610848741838709,2.4512410163879395e-05,12
123,Base FNO Initializer,5,0.45337623357772827,3397.77001953125,0.0,0.0,2.2999593056738377e-06,0,0.0,0.0,0.0,13
123,Supervised Latent Neural Operator Corrector,5,0.43615201115608215,3299.439208984375,0.0,0.0,0.03897200000938028,5,0.014116569235920907,0.03873098595067859,0.017224222421646118,13
123,TD3+BC,5,0.43615201115608215,3299.439208984375,0.0,0.0,0.11118970002280548,5,0.014116569235920907,0.03873098595067859,0.017224222421646118,13
123,Best Actual RL Policy,5,0.4380542039871216,3331.123779296875,0.0,0.0,0.10805800004163757,5,0.015575811453163623,0.034379002172499895,0.01532202959060669,13
123,Selected Production Policy,5,0.43615201115608215,3299.439208984375,0.0,0.0,0.11678729997947812,5,0.014116569235920907,0.03873098595067859,0.017224222421646118,13
123,Gradient baseline,5,0.45408281683921814,3181.052490234375,0.0,0.0,0.04510729998582974,5,0.0099273219704628,-0.0015575540164718404,-0.0007065832614898682,13
123,PINN-style baseline,5,0.45339497923851013,3394.373779296875,0.0,0.0,0.11896450002677739,5,6.532891857204958e-05,-4.1306199818791356e-05,-1.874566078186035e-05,13
123,Base FNO Initializer,5,0.21253027021884918,507.2059326171875,0.0,0.0,1.200009137392044e-06,0,0.0,0.0,0.0,14
123,Supervised Latent Neural Operator Corrector,5,0.206520214676857,486.7557067871094,0.0,0.0,0.0788577999919653,5,0.007994707860052585,0.028685797471553087,0.0060100555419921875,14
123,TD3+BC,5,0.206520214676857,486.7557067871094,0.0,0.0,0.11782949999906123,5,0.007994707860052585,0.028685797471553087,0.0060100555419921875,14
123,Best Actual RL Policy,5,0.2052057981491089,487.7616271972656,0.0,0.0,0.117628300038632,5,0.005025830958038569,0.03507112758234143,0.007324472069740295,14
123,Selected Production Policy,5,0.206520214676857,486.7557067871094,0.0,0.0,0.11191149998921901,5,0.007994707860052585,0.028685797471553087,0.0060100555419921875,14
123,Gradient baseline,5,0.21107904613018036,509.8656921386719,0.0,0.0,0.044259299989789724,5,0.009911533445119858,0.006851607351563871,0.0014512240886688232,14
123,PINN-style baseline,5,0.21251283586025238,505.87420654296875,0.0,0.0,0.11027339997235686,5,6.451088265748694e-05,8.213451474148314e-05,1.7434358596801758e-05,14
123,Base FNO Initializer,5,0.4502733051776886,3361.285888671875,0.0,0.0,2.100015990436077e-06,0,0.0,0.0,0.0,15
123,Supervised Latent Neural Operator Corrector,5,0.43305739760398865,3262.718017578125,0.0,0.0,0.0722177000134252,5,0.014053313992917538,0.03898400394245982,0.01721590757369995,15
123,TD3+BC,5,0.43305739760398865,3262.718017578125,0.0,0.0,0.11376839998411015,5,0.014053313992917538,0.03898400394245982,0.01721590757369995,15
123,Best Actual RL Policy,5,0.435133695602417,3294.61865234375,0.0,0.0,0.11614259995985776,5,0.015577880293130874,0.034200815949589014,0.015139609575271606,15
123,Selected Production Policy,5,0.43305739760398865,3262.718017578125,0.0,0.0,0.10840369999641553,5,0.014053313992917538,0.03898400394245982,0.01721590757369995,15
123,Gradient baseline,5,0.45097610354423523,3146.780517578125,0.0,0.0,0.04086390003794804,5,0.009942791797220707,-0.0015598803729517385,-0.0007027983665466309,15
123,PINN-style baseline,5,0.4502931237220764,3357.904541015625,0.0,0.0,0.10673639999004081,5,6.533073174068705e-05,-4.398843157105148e-05,-1.9818544387817383e-05,15
123,Base FNO Initializer,5,0.1833292543888092,34.1541748046875,0.0,0.0,1.200009137392044e-06,0,0.0,0.0,0.0,16
123,Supervised Latent Neural Operator Corrector,5,0.1780771166086197,32.08262252807617,0.0,0.0,0.05675470002461225,5,0.003198272781446576,0.029067038107314147,0.005252137780189514,16
123,TD3+BC,5,0.1780771166086197,32.08262252807617,0.0,0.0,0.10827389999758452,5,0.003198272781446576,0.029067038107314147,0.005252137780189514,16
123,Best Actual RL Policy,5,0.21458525955677032,34.6932258605957,0.0,0.0,0.10801929997978732,5,0.005198887921869755,-0.1574235036969185,-0.03125600516796112,16
123,Selected Production Policy,5,0.1780771166086197,32.08262252807617,0.0,0.0,0.11520120000932366,5,0.003198272781446576,0.029067038107314147,0.005252137780189514,16
123,Gradient baseline,5,0.18243356049060822,97.53941345214844,0.0,0.0,0.041812999988906085,5,0.009928601048886775,0.004897471488220617,0.0008956938982009888,16
123,PINN-style baseline,5,0.18327762186527252,33.74199295043945,0.0,0.0,0.09629010001663119,5,6.1009349883534016e-05,0.0002818025277520064,5.163252353668213e-05,16
123,Base FNO Initializer,5,0.4892332851886749,3879.35302734375,0.0,0.002559700980782509,1.100008375942707e-06,0,0.0,0.0,0.0,17
123,Supervised Latent Neural Operator Corrector,5,0.4721762537956238,3789.3017578125,0.0,0.002559700980782509,0.06899080000584945,5,0.0147029934450984,0.03548663854598999,0.017057031393051147,17
123,TD3+BC,5,0.4721762537956238,3789.3017578125,0.0,0.002559700980782509,0.11386889999266714,5,0.0147029934450984,0.03548663854598999,0.017057031393051147,17
123,Best Actual RL Policy,5,0.47252893447875977,3818.970458984375,0.0,0.002559700980782509,0.11183510004775599,5,0.015575874783098697,0.034739745780825615,0.01670435070991516,17
123,Selected Production Policy,5,0.4721762537956238,3789.3017578125,0.0,0.002559700980782509,0.10496249998686835,5,0.0147029934450984,0.03548663854598999,0.017057031393051147,17
123,Gradient baseline,5,0.489958256483078,3634.89306640625,0.0,0.002559700980782509,0.026287900051102042,5,0.009707912243902684,-0.0014809806307312101,-0.0007249712944030762,17
123,PINN-style baseline,5,0.4892537295818329,3875.803466796875,0.0,0.002559700980782509,0.08990349998930469,5,6.557111191796139e-05,-4.178304061497329e-05,-2.0444393157958984e-05,17
123,Base FNO Initializer,5,0.17145992815494537,9.590410232543945,0.0,0.0,1.500011421740055e-06,0,0.0,0.0,0.0,18
123,Supervised Latent Neural Operator Corrector,5,0.16348445415496826,7.9375901222229,0.0,0.0,0.07146089995512739,5,0.002927746018394828,0.04763155372347683,0.007975473999977112,18
123,TD3+BC,5,0.16348445415496826,7.9375901222229,0.0,0.0,0.05317059997469187,5,0.002927746018394828,0.04763155372347683,0.007975473999977112,18
123,Best Actual RL Policy,5,0.2788679599761963,12.428780555725098,0.0,0.0,0.10643699998036027,5,0.005404927302151918,-0.48638878017663956,-0.10740803182125092,18
123,Selected Production Policy,5,0.16348445415496826,7.9375901222229,0.0,0.0,0.11663300002692267,5,0.002927746018394828,0.04763155372347683,0.007975473999977112,18
123,Gradient baseline,5,0.17287807166576385,79.3700942993164,0.0,0.0,0.04208400001516566,5,0.009999358467757702,-0.008237195201218128,-0.0014181435108184814,18
123,PINN-style baseline,5,0.17129476368427277,9.247026443481445,0.0,0.0,0.11355399998137727,5,6.125665095169097e-05,0.0009638309711590409,0.00016516447067260742,18
123,Base FNO Initializer,5,0.20984980463981628,316.1559753417969,0.0,0.0,2.1999585442245007e-06,0,0.0,0.0,0.0,19
123,Supervised Latent Neural Operator Corrector,5,0.20553265511989594,302.9402770996094,0.0,0.0,0.0562525000423193,5,0.006489892303943634,0.0207871173042804,0.004317149519920349,19
123,TD3+BC,5,0.20553265511989594,302.9402770996094,0.0,0.0,0.11302119999891147,5,0.006489892303943634,0.0207871173042804,0.004317149519920349,19
123,Best Actual RL Policy,5,0.20489837229251862,305.18292236328125,0.0,0.0,0.11032710003200918,5,0.003532316908240318,0.023877884726971388,0.0049514323472976685,19
123,Selected Production Policy,5,0.20553265511989594,302.9402770996094,0.0,0.0,0.10757519997423515,5,0.006489892303943634,0.0207871173042804,0.004317149519920349,19
123,Gradient baseline,5,0.20810818672180176,337.388427734375,0.0,0.0,0.041500599996652454,5,0.009984003193676472,0.008333845005836338,0.0017416179180145264,19
123,PINN-style baseline,5,0.20982056856155396,315.1506652832031,0.0,0.0,0.10777099995175377,5,6.410316564142704e-05,0.0001392345020576613,2.92360782623291e-05,19
123,Base FNO Initializer,5,0.21075236797332764,398.15570068359375,0.0,0.0,1.700012944638729e-06,0,0.0,0.0,0.0,20
123,Supervised Latent Neural Operator Corrector,5,0.20579756796360016,381.6874084472656,0.0,0.0,0.07204780000029132,5,0.0071675112470984455,0.02379063004627824,0.004954800009727478,20
123,TD3+BC,5,0.20579756796360016,381.6874084472656,0.0,0.0,0.11138439999194816,5,0.0071675112470984455,0.02379063004627824,0.004954800009727478,20
123,Best Actual RL Policy,5,0.2046804428100586,383.43572998046875,0.0,0.0,0.1064233000506647,5,0.00380669878795743,0.02923395298421383,0.006071925163269043,20
123,Selected Production Policy,5,0.20579756796360016,381.6874084472656,0.0,0.0,0.09998269996140152,5,0.0071675112470984455,0.02379063004627824,0.004954800009727478,20
123,Gradient baseline,5,0.20913299918174744,410.3587341308594,0.0,0.0,0.04095249995589256,5,0.010002309083938598,0.007713143073488027,0.0016193687915802002,20
123,PINN-style baseline,5,0.21072635054588318,397.00311279296875,0.0,0.0,0.11081660003401339,5,6.439473945647478e-05,0.00012349927783361636,2.6017427444458008e-05,20
123,Base FNO Initializer,5,0.23533491790294647,1025.946533203125,0.0,0.0,1.700012944638729e-06,0,0.0,0.0,0.0,21
123,Supervised Latent Neural Operator Corrector,5,0.22389689087867737,987.540771484375,0.0,0.0,0.07360929995775223,5,0.010420454107224942,0.049823823384940624,0.011438027024269104,21
123,TD3+BC,5,0.22389689087867737,987.540771484375,0.0,0.0,0.11143260000972077,5,0.010420454107224942,0.049823823384940624,0.011438027024269104,21
123,Best Actual RL Policy,5,0.22612209618091583,989.6470947265625,0.0,0.0,0.11277120001614094,5,0.011845504306256771,0.03993431804701686,0.00921282172203064,21
123,Selected Production Policy,5,0.22389689087867737,987.540771484375,0.0,0.0,0.11142080003628507,5,0.010420454107224942,0.049823823384940624,0.011438027024269104,21
123,Gradient baseline,5,0.2345946580171585,986.0656127929688,0.0,0.0,0.040939200029242784,5,0.009967205300927161,0.0031502246274612844,0.0007402598857879639,21
123,PINN-style baseline,5,0.23533640801906586,1023.9467163085938,0.0,0.0,0.10589210002217442,5,6.511104147648439e-05,-6.318114174064249e-06,-1.4901161193847656e-06,21
123,Base FNO Initializer,5,0.20707158744335175,178.32394409179688,0.0,0.0,1.200009137392044e-06,0,0.0,0.0,0.0,22
123,Supervised Latent Neural Operator Corrector,5,0.20325569808483124,170.88327026367188,0.0,0.0,0.09392190002836287,5,0.0052057688124477865,0.018599743023514748,0.003815889358520508,22
123,TD3+BC,5,0.20325569808483124,170.88327026367188,0.0,0.0,0.10932689998298883,5,0.0052057688124477865,0.018599743023514748,0.003815889358520508,22
123,Best Actual RL Policy,5,0.20531778037548065,173.20187377929688,0.0,0.0,0.10892449994571507,5,0.004097625659778714,0.008505421341396868,0.0017538070678710938,22
123,Selected Production Policy,5,0.20325569808483124,170.88327026367188,0.0,0.0,0.1084565999917686,5,0.0052057688124477865,0.018599743023514748,0.003815889358520508,22
123,Gradient baseline,5,0.20523476600646973,217.27194213867188,0.0,0.0,0.04187289997935295,5,0.009919612854719161,0.008909857540857047,0.001836821436882019,22
123,PINN-style baseline,5,0.20702485740184784,177.58897399902344,0.0,0.0,0.10320459998911247,5,6.361307750921697e-05,0.00022565804101759568,4.673004150390625e-05,22
123,Base FNO Initializer,5,0.46562066674232483,3545.475830078125,0.0,0.0,1.8999562598764896e-06,0,0.0,0.0,0.0,23
123,Supervised Latent Neural Operator Corrector,5,0.4483932554721832,3449.279296875,0.0,0.0,0.07333230000222102,5,0.014350914768874646,0.03770020930096507,0.0172274112701416,23
123,TD3+BC,5,0.4483932554721832,3449.279296875,0.0,0.0,0.1095227999612689,5,0.014350914768874646,0.03770020930096507,0.0172274112701416,23
123,Best Actual RL Policy,5,0.44967371225357056,3480.470458984375,0.0,0.0,0.10920649999752641,5,0.015571287833154202,0.03484853124246001,0.015946954488754272,23
123,Selected Production Policy,5,0.4483932554721832,3449.279296875,0.0,0.0,0.10745309997582808,5,0.014350914768874646,0.03770020930096507,0.0172274112701416,23
123,Gradient baseline,5,0.4663558006286621,3321.48046875,0.0,0.0,0.032797400024719536,5,0.00992815252393484,-0.0015778243105160072,-0.0007351338863372803,23
123,PINN-style baseline,5,0.46564051508903503,3542.033447265625,0.0,0.0,0.10510400001658127,5,6.540801987284795e-05,-4.267711756256176e-05,-1.9848346710205078e-05,23
123,Base FNO Initializer,5,0.20969738066196442,300.7703552246094,0.0,0.0,1.7999554984271526e-06,0,0.0,0.0,0.0,24
123,Supervised Latent Neural Operator Corrector,5,0.20548218488693237,288.19390869140625,0.0,0.0,0.07621819997439161,5,0.00635734349489212,0.020305973012000322,0.0042151957750320435,24
123,TD3+BC,5,0.20548218488693237,288.19390869140625,0.0,0.0,0.10896279994631186,5,0.00635734349489212,0.020305973012000322,0.0042151957750320435,24
123,Best Actual RL Policy,5,0.20498314499855042,290.4924621582031,0.0,0.0,0.10839649999979883,5,0.0035442749038338663,0.022737704683095217,0.0047142356634140015,24
123,Selected Production Policy,5,0.20548218488693237,288.19390869140625,0.0,0.0,0.1077732999692671,5,0.00635734349489212,0.020305973012000322,0.0042151957750320435,24
123,Gradient baseline,5,0.20789998769760132,323.2158508300781,0.0,0.0,0.04414180002640933,5,0.010047770291566848,0.008607983589172363,0.0017973929643630981,24
123,PINN-style baseline,5,0.20966948568820953,299.7928161621094,0.0,0.0,0.09527250000974163,5,6.434424431063235e-05,0.00013291655341163278,2.7894973754882812e-05,24
123,Base FNO Initializer,5,0.21890391409397125,713.872314453125,0.0,0.0,2.3999600671231747e-06,0,0.0,0.0,0.0,25
123,Supervised Latent Neural Operator Corrector,5,0.2106207311153412,686.4251708984375,0.0,0.0,0.0683011999935843,5,0.009264282137155532,0.03857378615066409,0.008283182978630066,25
123,TD3+BC,5,0.2106207311153412,686.4251708984375,0.0,0.0,0.08169349998934194,5,0.009264282137155532,0.03857378615066409,0.008283182978630066,25
123,Best Actual RL Policy,5,0.20993851125240326,686.7101440429688,0.0,0.0,0.10947229998419061,5,0.008315290324389935,0.04181808093562722,0.008965402841567993,25
123,Selected Production Policy,5,0.2106207311153412,686.4251708984375,0.0,0.0,0.10873089998494834,5,0.009264282137155532,0.03857378615066409,0.008283182978630066,25
123,Gradient baseline,5,0.21768443286418915,698.236083984375,0.0,0.0,0.04400330001953989,5,0.009900660440325736,0.005586239974945784,0.0012194812297821045,25
123,PINN-style baseline,5,0.2188929170370102,712.2476196289062,0.0,0.0,0.11095649999333546,5,6.506130011985078e-05,5.0306051434745314e-05,1.099705696105957e-05,25
123,Base FNO Initializer,5,0.29896271228790283,1814.75146484375,0.0,0.0,2.00001522898674e-06,0,0.0,0.0,0.0,26
123,Supervised Latent Neural Operator Corrector,5,0.2837144732475281,1744.7943115234375,0.0,0.0,0.06954150000819936,5,0.011171585135161876,0.052350190468132496,0.015248239040374756,26
123,TD3+BC,5,0.2837144732475281,1744.7943115234375,0.0,0.0,0.11040380003396422,5,0.011171585135161876,0.052350190468132496,0.015248239040374756,26
123,Best Actual RL Policy,5,0.294446736574173,1748.8443603515625,0.0,0.0,0.11075820005498827,5,0.014499631710350513,0.015220268163830042,0.004515975713729858,26
123,Selected Production Policy,5,0.2837144732475281,1744.7943115234375,0.0,0.0,0.11408379999920726,5,0.011171585135161876,0.052350190468132496,0.015248239040374756,26
123,Gradient baseline,5,0.2990488111972809,1710.8392333984375,0.0,0.0,0.03575689997524023,5,0.010027531906962395,-0.0002881662567233434,-8.609890937805176e-05,26
123,PINN-style baseline,5,0.2989734411239624,1812.1021728515625,0.0,0.0,0.10967689997050911,5,6.502486212411895e-05,-3.588213667171658e-05,-1.0728836059570312e-05,26
123,Base FNO Initializer,5,0.21150463819503784,451.33148193359375,0.0,0.0,1.700012944638729e-06,0,0.0,0.0,0.0,27
123,Supervised Latent Neural Operator Corrector,5,0.20605875551700592,432.9021911621094,0.0,0.0,0.09010929998476058,5,0.0075820846483111385,0.026085420046001673,0.005445882678031921,27
123,TD3+BC,5,0.20605875551700592,432.9021911621094,0.0,0.0,0.11722389998612925,5,0.0075820846483111385,0.026085420046001673,0.005445882678031921,27
123,Best Actual RL Policy,5,0.2047949880361557,434.2780456542969,0.0,0.0,0.10829980002017692,5,0.00429847864434123,0.032237468753010035,0.006709650158882141,27
123,Selected Production Policy,5,0.20605875551700592,432.9021911621094,0.0,0.0,0.0967036000220105,5,0.0075820846483111385,0.026085420046001673,0.005445882678031921,27
123,Gradient baseline,5,0.2099558711051941,457.4814758300781,0.0,0.0,0.04383949999464676,5,0.009994749911129475,0.007349289546255022,0.00154876708984375,27
123,PINN-style baseline,5,0.21148115396499634,450.0920104980469,0.0,0.0,0.1108959999983199,5,6.424051971407608e-05,0.00011098260074504651,2.3484230041503906e-05,27
123,Base FNO Initializer,5,0.21341533958911896,546.108642578125,0.0,0.0,1.7999554984271526e-06,0,0.0,0.0,0.0,28
123,Supervised Latent Neural Operator Corrector,5,0.2069944441318512,524.313720703125,0.0,0.0,0.07031019998248667,5,0.008265919052064419,0.030547997448593378,0.006420895457267761,28
123,TD3+BC,5,0.2069944441318512,524.313720703125,0.0,0.0,0.1100014999974519,5,0.008265919052064419,0.030547997448593378,0.006420895457267761,28
123,Best Actual RL Policy,5,0.20570269227027893,525.0880126953125,0.0,0.0,0.10965160001069307,5,0.00561479339376092,0.03680830681696534,0.007712647318840027,28
123,Selected Production Policy,5,0.2069944441318512,524.313720703125,0.0,0.0,0.11033739999402314,5,0.008265919052064419,0.030547997448593378,0.006420895457267761,28
123,Gradient baseline,5,0.21207468211650848,544.8765258789062,0.0,0.0,0.041704899980686605,5,0.009929156489670276,0.006301525281742215,0.0013406574726104736,28
123,PINN-style baseline,5,0.21339674293994904,544.7177734375,0.0,0.0,0.1162252000067383,5,6.445416365750135e-05,8.702201193955261e-05,1.8596649169921875e-05,28
123,Base FNO Initializer,5,0.3958319425582886,2777.85302734375,0.0,0.0,1.1999509297311306e-06,0,0.0,0.0,0.0,29
123,Supervised Latent Neural Operator Corrector,5,0.3792189061641693,2680.57080078125,0.0,0.0,0.04204239998944104,5,0.01274938229471445,0.04287574253976345,0.016613036394119263,29
123,TD3+BC,5,0.3792189061641693,2680.57080078125,0.0,0.0,0.10027290001744404,5,0.01274938229471445,0.04287574253976345,0.016613036394119263,29
123,Best Actual RL Policy,5,0.3851262032985687,2712.60107421875,0.0,0.0,0.11214780004229397,5,0.015566354431211949,0.027418063953518867,0.010705739259719849,29
123,Selected Production Policy,5,0.3792189061641693,2680.57080078125,0.0,0.0,0.10783559997798875,5,0.01274938229471445,0.04287574253976345,0.016613036394119263,29
123,Gradient baseline,5,0.39640894532203674,2598.35205078125,0.0,0.0,0.042342200002167374,5,0.009945964626967906,-0.0014569141203537583,-0.0005770027637481689,29
123,PINN-style baseline,5,0.3958478569984436,2774.68505859375,0.0,0.0,0.1108591000083834,5,6.524230702780187e-05,-4.02929117626627e-05,-1.5914440155029297e-05,29
123,Base FNO Initializer,5,0.5199277997016907,4413.47509765625,0.0,0.07487307488918304,1.5999539755284786e-06,0,0.0,0.0,0.0,30
123,Supervised Latent Neural Operator Corrector,5,0.5034304261207581,4334.12060546875,0.0,0.07487307488918304,0.056218800018541515,5,0.01496602762490511,0.0322438757866621,0.016497373580932617,30
123,TD3+BC,5,0.5034304261207581,4334.12060546875,0.0,0.07487307488918304,0.11496089998399839,5,0.01496602762490511,0.0322438757866621,0.016497373580932617,30
123,Best Actual RL Policy,5,0.5030608177185059,4360.57861328125,0.0,0.07487307488918304,0.11028719996102154,5,0.015598424710333347,0.03297823993489146,0.016866981983184814,30
123,Selected Production Policy,5,0.5034304261207581,4334.12060546875,0.0,0.07487307488918304,0.1211211999761872,5,0.01496602762490511,0.0322438757866621,0.016497373580932617,30
123,Gradient baseline,5,0.520659327507019,4144.5283203125,0.0,0.07487307488918304,0.03781380003783852,5,0.009401869960129261,-0.0014062563132029027,-0.0007315278053283691,30
123,PINN-style baseline,5,0.5199481248855591,4409.798828125,0.0,0.07487307488918304,0.10174129996448755,5,6.526165816467255e-05,-3.916041623597266e-05,-2.0325183868408203e-05,30
123,Base FNO Initializer,5,0.2607201933860779,1377.8133544921875,0.0,0.0,1.5999539755284786e-06,0,0.0,0.0,0.0,31
123,Supervised Latent Neural Operator Corrector,5,0.24686478078365326,1325.2686767578125,0.0,0.0,0.07256200001575053,5,0.010976998507976532,0.054606697522103786,0.013855412602424622,31
123,TD3+BC,5,0.24686478078365326,1325.2686767578125,0.0,0.0,0.1071782999788411,5,0.010976998507976532,0.054606697522103786,0.013855412602424622,31
123,Best Actual RL Policy,5,0.25361230969429016,1329.110595703125,0.0,0.0,0.10989279998466372,5,0.013604608736932278,0.027640616754069924,0.00710788369178772,31
123,Selected Production Policy,5,0.24686478078365326,1325.2686767578125,0.0,0.0,0.11072009999770671,5,0.010976998507976532,0.054606697522103786,0.013855412602424622,31
123,Gradient baseline,5,0.260408490896225,1309.4561767578125,0.0,0.0,0.03750570002011955,5,0.00998339056968689,0.0011960523916059174,0.0003117024898529053,31
123,PINN-style baseline,5,0.26072654128074646,1375.484130859375,0.0,0.0,0.09426930005429313,5,6.504786724690348e-05,-2.4259160909423372e-05,-6.3478946685791016e-06,31
123,Base FNO Initializer,5,0.23068907856941223,950.0606689453125,0.0,0.0,1.700012944638729e-06,0,0.0,0.0,0.0,32
123,Supervised Latent Neural Operator Corrector,5,0.21994569897651672,914.4684448242188,0.0,0.0,0.07096109999110922,5,0.010211343504488468,0.04768992401659489,0.010743379592895508,32
123,TD3+BC,5,0.21994569897651672,914.4684448242188,0.0,0.0,0.11363500001607463,5,0.010211343504488468,0.04768992401659489,0.010743379592895508,32
123,Best Actual RL Policy,5,0.22129806876182556,915.8552856445312,0.0,0.0,0.10897370002930984,5,0.011205318383872509,0.04156010411679745,0.00939100980758667,32
123,Selected Production Policy,5,0.21994569897651672,914.4684448242188,0.0,0.0,0.11077180004213005,5,0.010211343504488468,0.04768992401659489,0.010743379592895508,32
123,Gradient baseline,5,0.22983278334140778,916.1704711914062,0.0,0.0,0.04130689997691661,5,0.009956252202391625,0.0037185520632192492,0.0008562952280044556,32
123,PINN-style baseline,5,0.2306906282901764,948.1470947265625,0.0,0.0,0.1021090000285767,5,6.502899341285229e-05,-6.675739427919325e-06,-1.5497207641601562e-06,32
123,Base FNO Initializer,5,0.21098564565181732,415.5193786621094,0.0,0.0,1.700012944638729e-06,0,0.0,0.0,0.0,33
123,Supervised Latent Neural Operator Corrector,5,0.20587927103042603,398.42242431640625,0.0,0.0,0.03529189998516813,5,0.007305385917425156,0.024499882711097598,0.005106374621391296,33
123,TD3+BC,5,0.20587927103042603,398.42242431640625,0.0,0.0,0.06339419999858364,5,0.007305385917425156,0.024499882711097598,0.005106374621391296,33
123,Best Actual RL Policy,5,0.20470061898231506,400.056396484375,0.0,0.0,0.0858081000042148,5,0.003942040447145701,0.03024157229810953,0.006285026669502258,33
123,Selected Production Policy,5,0.20587927103042603,398.42242431640625,0.0,0.0,0.10997940000379458,5,0.007305385917425156,0.024499882711097598,0.005106374621391296,33
123,Gradient baseline,5,0.20941011607646942,422.6650390625,0.0,0.0,0.03436679998412728,5,0.009906849265098572,0.007495186815503985,0.0015755295753479004,33
123,PINN-style baseline,5,0.2109600156545639,414.3404541015625,0.0,0.0,0.10205909999785945,5,6.420945283025503e-05,0.00012147277266194578,2.562999725341797e-05,33
123,Base FNO Initializer,5,0.4313911199569702,3148.310546875,0.0,0.0,2.00001522898674e-06,0,0.0,0.0,0.0,34
123,Supervised Latent Neural Operator Corrector,5,0.4143007695674896,3048.52001953125,0.0,0.0,0.07299369998509064,5,0.013630942814052105,0.04042238276451826,0.01709035038948059,34
123,TD3+BC,5,0.4143007695674896,3048.52001953125,0.0,0.0,0.11342859995784238,5,0.013630942814052105,0.04042238276451826,0.01709035038948059,34
123,Best Actual RL Policy,5,0.41755685210227966,3081.310791015625,0.0,0.0,0.11475199996493757,5,0.01559093538671732,0.0325937788002193,0.013834267854690552,34
123,Selected Production Policy,5,0.4143007695674896,3048.52001953125,0.0,0.0,0.06709799997042865,5,0.013630942814052105,0.04042238276451826,0.01709035038948059,34
123,Gradient baseline,5,0.43206506967544556,2946.416748046875,0.0,0.0,0.044538999965880066,5,0.00995080228894949,-0.0015612524875905365,-0.0006739497184753418,34
123,PINN-style baseline,5,0.4314088523387909,3145.0068359375,0.0,0.0,0.095684599946253,5,6.52858114335686e-05,-4.112738315598108e-05,-1.773238182067871e-05,34
123,Base FNO Initializer,5,0.2150869369506836,606.7264404296875,0.0,0.0,1.0999501682817936e-06,0,0.0,0.0,0.0,35
123,Supervised Latent Neural Operator Corrector,5,0.20800061523914337,582.8829956054688,0.0,0.0,0.03353409998817369,5,0.008659297041594982,0.03350114170461893,0.007086321711540222,35
123,TD3+BC,5,0.20800061523914337,582.8829956054688,0.0,0.0,0.08587150002131239,5,0.008659297041594982,0.03350114170461893,0.007086321711540222,35
123,Best Actual RL Policy,5,0.20683620870113373,583.378173828125,0.0,0.0,0.11324299999978393,5,0.0065975568257272245,0.03911489574238658,0.008250728249549866,35
123,Selected Production Policy,5,0.20800061523914337,582.8829956054688,0.0,0.0,0.1118927999632433,5,0.008659297041594982,0.03350114170461893,0.007086321711540222,35
123,Gradient baseline,5,0.21370384097099304,600.0176391601562,0.0,0.0,0.03791690000798553,5,0.009901429899036885,0.006451021588873118,0.0013830959796905518,35
123,PINN-style baseline,5,0.21507203578948975,605.2507934570312,0.0,0.0,0.10142810002434999,5,6.446858460549266e-05,6.937929629202699e-05,1.4901161193847656e-05,35
123,Base FNO Initializer,10,0.18997663259506226,50.71394348144531,0.0,0.0,2.300017513334751e-06,0,0.0,0.0,0.0,0
123,Supervised Latent Neural Operator Corrector,10,0.19052258133888245,48.46353530883789,0.0,0.0,0.14796360000036657,10,0.0034698212053626775,-0.002869586052838713,-0.0005459487438201904,0
123,TD3+BC,10,0.19052258133888245,48.46353530883789,0.0,0.0,0.21681120002176613,10,0.0034698212053626775,-0.002869586052838713,-0.0005459487438201904,0
123,Best Actual RL Policy,10,0.24137741327285767,56.39411544799805,0.0,0.0,0.21998159994836897,10,0.005022881831973791,-0.23946079332381487,-0.05140078067779541,0
123,Selected Production Policy,10,0.19052258133888245,48.46353530883789,0.0,0.0,0.20218449999811128,10,0.0034698212053626775,-0.002869586052838713,-0.0005459487438201904,0
123,Gradient baseline,10,0.18742714822292328,78.55017852783203,0.0,0.0,0.08306179998908192,10,0.010044419579207898,0.013510260032489896,0.002549484372138977,0
123,PINN-style baseline,10,0.18985432386398315,49.86832046508789,0.0,0.0,0.2144041999708861,10,6.0188269344507717e-05,0.0006441859368351288,0.00012230873107910156,0
123,Base FNO Initializer,10,0.5357654690742493,4717.8603515625,0.0,0.17247915267944336,2.1999585442245007e-06,0,0.0,0.0,0.0,1
123,Supervised Latent Neural Operator Corrector,10,0.5036320686340332,4679.20849609375,0.0,0.17247915267944336,0.12667639995925128,10,0.01502246903255582,0.061849170830100775,0.032133400440216064,1
123,TD3+BC,10,0.5036320686340332,4679.20849609375,0.0,0.17247915267944336,0.22836090001510456,10,0.01502246903255582,0.061849170830100775,0.032133400440216064,1
123,Best Actual RL Policy,10,0.5026232004165649,4725.6767578125,0.0,0.17247915267944336,0.2258187000406906,10,0.015552234835922718,0.06385444710031152,0.033142268657684326,1
123,Selected Production Policy,10,0.5036320686340332,4679.20849609375,0.0,0.17247915267944336,0.23016680002911016,10,0.01502246903255582,0.061849170830100775,0.032133400440216064,1
123,Gradient baseline,10,0.5370901226997375,4373.0283203125,0.0,0.17247915267944336,0.05556179996347055,10,0.009499639924615621,-0.0024698253255337477,-0.0013246536254882812,1
123,PINN-style baseline,10,0.5358054041862488,4710.47216796875,0.0,0.17247915267944336,0.20102900004712865,10,6.481209711637348e-05,-7.450610610248987e-05,-3.993511199951172e-05,1
123,Base FNO Initializer,10,0.4564506709575653,3434.240234375,0.0,0.0,1.700012944638729e-06,0,0.0,0.0,0.0,2
123,Supervised Latent Neural Operator Corrector,10,0.42202749848365784,3360.849365234375,0.0,0.0,0.15186170005472377,10,0.014202642254531384,0.07840897794812918,0.03442317247390747,2
123,TD3+BC,10,0.42202749848365784,3360.849365234375,0.0,0.0,0.2228078000480309,10,0.014202642254531384,0.07840897794812918,0.03442317247390747,2
123,Best Actual RL Policy,10,0.42609813809394836,3434.885498046875,0.0,0.0,0.19157150003593415,10,0.015531883761286735,0.06880962289869785,0.030352532863616943,2
123,Selected Production Policy,10,0.42202749848365784,3360.849365234375,0.0,0.0,0.20947419997537509,10,0.014202642254531384,0.07840897794812918,0.03442317247390747,2
123,Gradient baseline,10,0.45766982436180115,3176.393798828125,0.0,0.0,0.08745570003520697,10,0.010065384302288293,-0.00266789692977909,-0.0012191534042358398,2
123,PINN-style baseline,10,0.4564906358718872,3427.510009765625,0.0,0.0,0.2180688000516966,10,6.503239346784539e-05,-8.755962608120171e-05,-3.9964914321899414e-05,2
123,Base FNO Initializer,10,0.2091408520936966,256.76873779296875,0.0,0.0,8.999486453831196e-07,0,0.0,0.0,0.0,3
123,Supervised Latent Neural Operator Corrector,10,0.20714235305786133,246.67816162109375,0.0,0.0,0.15010870003607124,10,0.005954523989930749,0.009601465368177742,0.001998499035835266,3
123,TD3+BC,10,0.20714235305786133,246.67816162109375,0.0,0.0,0.23653880000347272,10,0.005954523989930749,0.009601465368177742,0.001998499035835266,3
123,Best Actual RL Policy,10,0.20337505638599396,250.5066680908203,0.0,0.0,0.22380859998520464,10,0.003599090897478163,0.027955916011705995,0.005765795707702637,3
123,Selected Production Policy,10,0.20714235305786133,246.67816162109375,0.0,0.0,0.22219060000497848,10,0.005954523989930749,0.009601465368177742,0.001998499035835266,3
123,Gradient baseline,10,0.2062918245792389,290.6691589355469,0.0,0.0,0.07881039998028427,10,0.01013384349644184,0.013715658220462501,0.0028490275144577026,3
123,PINN-style baseline,10,0.2090633660554886,255.04835510253906,0.0,0.0,0.21187439997447655,10,6.28834095550701e-05,0.0003706147508637514,7.748603820800781e-05,3
123,Base FNO Initializer,10,0.3536207973957062,2363.30029296875,0.0,0.0,1.200009137392044e-06,0,0.0,0.0,0.0,4
123,Supervised Latent Neural Operator Corrector,10,0.32207489013671875,2298.090576171875,0.0,0.0,0.13029080000706017,10,0.011810984183102845,0.09344038926064968,0.03154590725898743,4
123,TD3+BC,10,0.32207489013671875,2298.090576171875,0.0,0.0,0.21081679995404556,10,0.011810984183102845,0.09344038926064968,0.03154590725898743,4
123,Best Actual RL Policy,10,0.3422240614891052,2371.761962890625,0.0,0.0,0.1948590999818407,10,0.015310301072895527,0.032758560962975025,0.011396735906600952,4
123,Selected Production Policy,10,0.32207489013671875,2298.090576171875,0.0,0.0,0.22290029999567196,10,0.011810984183102845,0.09344038926064968,0.03154590725898743,4
123,Gradient baseline,10,0.3542962074279785,2192.21337890625,0.0,0.0,0.08410430001094937,10,0.01009946335107088,-0.0019086008978774771,-0.0006754100322723389,4
123,PINN-style baseline,10,0.35365548729896545,2357.42626953125,0.0,0.0,0.2199483000440523,10,6.428895067074336e-05,-9.805014087760355e-05,-3.4689903259277344e-05,4
123,Base FNO Initializer,10,0.22785356640815735,900.6553955078125,0.0,0.0,1.700012944638729e-06,0,0.0,0.0,0.0,5
123,Supervised Latent Neural Operator Corrector,10,0.21162976324558258,875.8547973632812,0.0,0.0,0.1430879999534227,10,0.010070480033755302,0.07386427000164986,0.016223803162574768,5
123,TD3+BC,10,0.21162976324558258,875.8547973632812,0.0,0.0,0.22394050000002608,10,0.010070480033755302,0.07386427000164986,0.016223803162574768,5
123,Best Actual RL Policy,10,0.21421487629413605,876.18505859375,0.0,0.0,0.26703420002013445,10,0.01081764679402113,0.06172271037939936,0.013638690114021301,5
123,Selected Production Policy,10,0.21162976324558258,875.8547973632812,0.0,0.0,0.22651040001073852,10,0.010070480033755302,0.07386427000164986,0.016223803162574768,5
123,Gradient baseline,10,0.22646711766719818,874.4718017578125,0.0,0.0,0.0711310000042431,10,0.010134483594447375,0.006102920975536108,0.0013864487409591675,5
123,PINN-style baseline,10,0.22784367203712463,897.013671875,0.0,0.0,0.20886259997496381,10,6.405009553418494e-05,4.351124619006441e-05,9.894371032714844e-06,5
123,Base FNO Initializer,10,0.24412237107753754,1157.4156494140625,0.0,0.0,1.700012944638729e-06,0,0.0,0.0,0.0,6
123,Supervised Latent Neural Operator Corrector,10,0.22239717841148376,1124.633544921875,0.0,0.0,0.12132310000015423,10,0.010708769131451846,0.09320397488772869,0.021725192666053772,6
123,TD3+BC,10,0.22239717841148376,1124.633544921875,0.0,0.0,0.22975449997466058,10,0.010708769131451846,0.09320397488772869,0.021725192666053772,6
123,Best Actual RL Policy,10,0.23225943744182587,1125.9471435546875,0.0,0.0,0.2305661999853328,10,0.01276746103540063,0.04981369659071788,0.01186293363571167,6
123,Selected Production Policy,10,0.22239717841148376,1124.633544921875,0.0,0.0,0.22689010004978627,10,0.010708769131451846,0.09320397488772869,0.021725192666053772,6
123,Gradient baseline,10,0.24319623410701752,1101.731689453125,0.0,0.0,0.05284940003184602,10,0.01014846209436655,0.0038003046647645533,0.0009261369705200195,6
123,PINN-style baseline,10,0.2441275268793106,1153.23681640625,0.0,0.0,0.21101159998215735,10,6.426326290238648e-05,-2.115972128535759e-05,-5.155801773071289e-06,6
123,Base FNO Initializer,10,0.20593103766441345,155.207275390625,0.0,0.0,1.800013706088066e-06,0,0.0,0.0,0.0,7
123,Supervised Latent Neural Operator Corrector,10,0.2049804925918579,149.03871154785156,0.0,0.0,0.1445219999877736,10,0.004938738001510501,0.0046262977994047105,0.000950545072555542,7
123,TD3+BC,10,0.2049804925918579,149.03871154785156,0.0,0.0,0.20065379998413846,10,0.004938738001510501,0.0046262977994047105,0.000950545072555542,7
123,Best Actual RL Policy,10,0.20918314158916473,154.04530334472656,0.0,0.0,0.23023829999146983,10,0.004211162822321058,-0.015668864056351595,-0.0032521039247512817,7
123,Selected Production Policy,10,0.2049804925918579,149.03871154785156,0.0,0.0,0.1987690000096336,10,0.004938738001510501,0.0046262977994047105,0.000950545072555542,7
123,Gradient baseline,10,0.20302273333072662,186.7096710205078,0.0,0.0,0.08597240003291517,10,0.010163867939263582,0.014222782046999782,0.0029083043336868286,7
123,PINN-style baseline,10,0.2058272808790207,153.9054718017578,0.0,0.0,0.2278713999548927,10,6.138120843388606e-05,0.0005037654846091755,0.00010375678539276123,7
123,Base FNO Initializer,10,0.29340171813964844,1755.0106201171875,0.0,0.0,1.700012944638729e-06,0,0.0,0.0,0.0,8
123,Supervised Latent Neural Operator Corrector,10,0.26436856389045715,1701.3974609375,0.0,0.0,0.15053799998713657,10,0.011156364064663648,0.1041979156434536,0.029033154249191284,8
123,TD3+BC,10,0.26436856389045715,1701.3974609375,0.0,0.0,0.2233715999755077,10,0.011156364064663648,0.1041979156434536,0.029033154249191284,8
123,Best Actual RL Policy,10,0.28755635023117065,1694.3338623046875,0.0,0.0,0.2247326000360772,10,0.014461317285895347,0.020122696019825526,0.005845367908477783,8
123,Selected Production Policy,10,0.26436856389045715,1701.3974609375,0.0,0.0,0.2330892999889329,10,0.011156364064663648,0.1041979156434536,0.029033154249191284,8
123,Gradient baseline,10,0.2934582531452179,1637.396240234375,0.0,0.0,0.08628819999285042,10,0.01011167373508215,-0.0001931133651851269,-5.653500556945801e-05,8
123,PINN-style baseline,10,0.29341787099838257,1749.8839111328125,0.0,0.0,0.2490714000305161,10,6.424244566005655e-05,-5.507486866918043e-05,-1.615285873413086e-05,8
123,Base FNO Initializer,10,0.21179459989070892,469.538818359375,0.0,0.0,1.200009137392044e-06,0,0.0,0.0,0.0,9
123,Supervised Latent Neural Operator Corrector,10,0.20602674782276154,453.7974853515625,0.0,0.0,0.15288010000949726,10,0.0077263182029128075,0.02761059330077842,0.005767852067947388,9
123,TD3+BC,10,0.20602674782276154,453.7974853515625,0.0,0.0,0.22644850000506267,10,0.0077263182029128075,0.02761059330077842,0.005767852067947388,9
123,Best Actual RL Policy,10,0.19965852797031403,454.88323974609375,0.0,0.0,0.21583770000142977,10,0.004487200127914548,0.05900819506496191,0.012136071920394897,9
123,Selected Production Policy,10,0.20602674782276154,453.7974853515625,0.0,0.0,0.2263465999858454,10,0.0077263182029128075,0.02761059330077842,0.005767852067947388,9
123,Gradient baseline,10,0.2097385972738266,491.62628173828125,0.0,0.0,0.09466309996787459,10,0.01003877492621541,0.009754314640304074,0.0020560026168823242,9
123,PINN-style baseline,10,0.21174933016300201,467.080078125,0.0,0.0,0.20066349999979138,10,6.3044618582353e-05,0.0002136207385774469,4.526972770690918e-05,9
123,Base FNO Initializer,10,0.2562851309776306,1321.5069580078125,0.0,0.0,1.700012944638729e-06,0,0.0,0.0,0.0,10
123,Supervised Latent Neural Operator Corrector,10,0.2317783385515213,1282.581298828125,0.0,0.0,0.17109349998645484,10,0.010931458510458469,0.10050850827246904,0.024506792426109314,10
123,TD3+BC,10,0.2317783385515213,1282.581298828125,0.0,0.0,0.22393320000264794,10,0.010931458510458469,0.10050850827246904,0.024506792426109314,10
123,Best Actual RL Policy,10,0.2462257295846939,1282.51025390625,0.0,0.0,0.22860339999897406,10,0.013478222955018281,0.040040824071184034,0.010059401392936707,10
123,Selected Production Policy,10,0.2317783385515213,1282.581298828125,0.0,0.0,0.2261162999784574,10,0.010931458510458469,0.10050850827246904,0.024506792426109314,10
123,Gradient baseline,10,0.2557191252708435,1247.34228515625,0.0,0.0,0.08531970001058653,10,0.010076070856302976,0.002210609833127819,0.0005660057067871094,10
123,PINN-style baseline,10,0.2562956213951111,1317.0438232421875,0.0,0.0,0.22678219998488203,10,6.414476956706494e-05,-4.0888892272050725e-05,-1.049041748046875e-05,10
123,Base FNO Initializer,10,0.49782538414001465,4027.326904296875,0.0,0.010925320908427238,1.700012944638729e-06,0,0.0,0.0,0.0,11
123,Supervised Latent Neural Operator Corrector,10,0.46401870250701904,3970.87890625,0.0,0.010925320908427238,0.14719930000137538,10,0.014793734159320593,0.07032324932515621,0.033806681632995605,11
123,TD3+BC,10,0.46401870250701904,3970.87890625,0.0,0.010925320908427238,0.20052970002871007,10,0.014793734159320593,0.07032324932515621,0.033806681632995605,11
123,Best Actual RL Policy,10,0.46449679136276245,4032.806396484375,0.0,0.010925320908427238,0.21940489998087287,10,0.015528194420039654,0.06929376255720854,0.0333285927772522,11
123,Selected Production Policy,10,0.46401870250701904,3970.87890625,0.0,0.010925320908427238,0.22072490002028644,10,0.014793734159320593,0.07032324932515621,0.033806681632995605,11
123,Gradient baseline,10,0.49909886717796326,3722.489501953125,0.0,0.010925320908427238,0.08594709995668381,10,0.009794060420244933,-0.002555293482146226,-0.0012734830379486084,11
123,PINN-style baseline,10,0.497866690158844,4020.252197265625,0.0,0.010925320908427238,0.2226290000253357,10,6.513599437312223e-05,-8.320845154230483e-05,-4.13060188293457e-05,11
123,Base FNO Initializer,10,0.21121715009212494,433.18902587890625,0.0,0.0,1.800013706088066e-06,0,0.0,0.0,0.0,12
123,Supervised Latent Neural Operator Corrector,10,0.20620384812355042,418.1578063964844,0.0,0.0,0.14370680000865832,10,0.007446014974266291,0.02402118343161419,0.005013301968574524,12
123,TD3+BC,10,0.20620384812355042,418.1578063964844,0.0,0.0,0.22377029998460785,10,0.007446014974266291,0.02402118343161419,0.005013301968574524,12
123,Best Actual RL Policy,10,0.19971846044063568,419.64117431640625,0.0,0.0,0.22564319998491555,10,0.00405662595294416,0.05597802950069308,0.011498689651489258,12
123,Selected Production Policy,10,0.20620384812355042,418.1578063964844,0.0,0.0,0.21645020000869408,10,0.007446014974266291,0.02402118343161419,0.005013301968574524,12
123,Gradient baseline,10,0.2087811827659607,457.6670227050781,0.0,0.0,0.08470539998961613,10,0.010043956991285085,0.011599426856264472,0.0024359673261642456,12
123,PINN-style baseline,10,0.21117010712623596,430.84625244140625,0.0,0.0,0.21637629996985197,10,6.302458423306234e-05,0.00022268043903750367,4.704296588897705e-05,12
123,Base FNO Initializer,10,0.45337623357772827,3397.77001953125,0.0,0.0,1.1999509297311306e-06,0,0.0,0.0,0.0,13
123,Supervised Latent Neural Operator Corrector,10,0.41896554827690125,3323.46923828125,0.0,0.0,0.12927390000550076,10,0.01414218107238412,0.07893258472904563,0.034410685300827026,13
123,TD3+BC,10,0.41896554827690125,3323.46923828125,0.0,0.0,0.21770939999260008,10,0.01414218107238412,0.07893258472904563,0.034410685300827026,13
123,Best Actual RL Policy,10,0.4234006702899933,3401.565185546875,0.0,0.0,0.21826270001474768,10,0.015535408817231654,0.06840221723541617,0.029975563287734985,13
123,Selected Production Policy,10,0.41896554827690125,3323.46923828125,0.0,0.0,0.22677250002743676,10,0.01414218107238412,0.07893258472904563,0.034410685300827026,13
123,Gradient baseline,10,0.45457881689071655,3142.976806640625,0.0,0.0,0.07948830001987517,10,0.010082800406962633,-0.0026495357451494783,-0.0012025833129882812,13
123,PINN-style baseline,10,0.4534158706665039,3391.0712890625,0.0,0.0,0.18703179998556152,10,6.48375164018944e-05,-8.738081305637024e-05,-3.9637088775634766e-05,13
123,Base FNO Initializer,10,0.21253027021884918,507.2059326171875,0.0,0.0,1.700012944638729e-06,0,0.0,0.0,0.0,14
123,Supervised Latent Neural Operator Corrector,10,0.2059326320886612,490.5975036621094,0.0,0.0,0.15247400000225753,10,0.008003619220107793,0.031535108253592625,0.006597638130187988,14
123,TD3+BC,10,0.2059326320886612,490.5975036621094,0.0,0.0,0.22230870003113523,10,0.008003619220107793,0.031535108253592625,0.006597638130187988,14
123,Best Actual RL Policy,10,0.19986018538475037,491.4084777832031,0.0,0.0,0.21039379999274388,10,0.005018332554027438,0.061466410756111145,0.012670084834098816,14
123,Selected Production Policy,10,0.2059326320886612,490.5975036621094,0.0,0.0,0.21913779998430982,10,0.008003619220107793,0.031535108253592625,0.006597638130187988,14
123,Gradient baseline,10,0.21034136414527893,522.4119262695312,0.0,0.0,0.0848878999822773,10,0.010089982394129038,0.010352241923101246,0.0021889060735702515,14
123,PINN-style baseline,10,0.2124970406293869,504.6215515136719,0.0,0.0,0.2171628000214696,10,6.331943659461103e-05,0.00015652054753445555,3.3229589462280273e-05,14
123,Base FNO Initializer,10,0.4502733051776886,3361.285888671875,0.0,0.0,1.6999547369778156e-06,0,0.0,0.0,0.0,15
123,Supervised Latent Neural Operator Corrector,10,0.4158796966075897,3286.58984375,0.0,0.0,0.1467312999884598,10,0.01408054232597351,0.07945781853049994,0.03439360857009888,15
123,TD3+BC,10,0.4158796966075897,3286.58984375,0.0,0.0,0.18492779997177422,10,0.01408054232597351,0.07945781853049994,0.03439360857009888,15
123,Best Actual RL Policy,10,0.42069441080093384,3364.693359375,0.0,0.0,0.21486880001612008,10,0.015539605915546418,0.06794672226533294,0.02957889437675476,15
123,Selected Production Policy,10,0.4158796966075897,3286.58984375,0.0,0.0,0.22040350001771003,10,0.01408054232597351,0.07945781853049994,0.03439360857009888,15
123,Gradient baseline,10,0.4514671862125397,3108.420654296875,0.0,0.0,0.08821789996000007,10,0.010072532296180724,-0.0026484622940188274,-0.0011938810348510742,15
123,PINN-style baseline,10,0.4503130614757538,3354.619873046875,0.0,0.0,0.20667099999263883,10,6.490344239864498e-05,-8.83344928297447e-05,-3.975629806518555e-05,15
123,Base FNO Initializer,10,0.1833292543888092,34.1541748046875,0.0,0.0,1.700012944638729e-06,0,0.0,0.0,0.0,16
123,Supervised Latent Neural Operator Corrector,10,0.1863640546798706,32.241539001464844,0.0,0.0,0.1454164999886416,10,0.003181285923346877,-0.016418447060459584,-0.0030348002910614014,16
123,TD3+BC,10,0.1863640546798706,32.241539001464844,0.0,0.0,0.22100100002717227,10,0.003181285923346877,-0.016418447060459584,-0.0030348002910614014,16
123,Best Actual RL Policy,10,0.26550206542015076,41.60455322265625,0.0,0.0,0.2193583000334911,10,0.005155338486656546,-0.3703388627618551,-0.08217281103134155,16
123,Selected Production Policy,10,0.1863640546798706,32.241539001464844,0.0,0.0,0.21973149996483698,10,0.003181285923346877,-0.016418447060459584,-0.0030348002910614014,16
123,Gradient baseline,10,0.1815907508134842,64.86782836914062,0.0,0.0,0.09252490004291758,10,0.010007262509316207,0.009527836664346978,0.0017385035753250122,16
123,PINN-style baseline,10,0.18325316905975342,33.390323638916016,0.0,0.0,0.22459910000907257,10,5.9319791034795344e-05,0.0004151959092268953,7.608532905578613e-05,16
123,Base FNO Initializer,10,0.4892332851886749,3879.35302734375,0.0,0.002559700980782509,1.9000144675374031e-06,0,0.0,0.0,0.0,17
123,Supervised Latent Neural Operator Corrector,10,0.45516711473464966,3818.463134765625,0.0,0.002559700980782509,0.14842290000524372,10,0.014708913955837488,0.07217362197116017,0.03406617045402527,17
123,TD3+BC,10,0.45516711473464966,3818.463134765625,0.0,0.002559700980782509,0.22839460003888234,10,0.014708913955837488,0.07217362197116017,0.03406617045402527,17
123,Best Actual RL Policy,10,0.45620742440223694,3885.844970703125,0.0,0.002559700980782509,0.22287850000429899,10,0.015526391565799713,0.069890764541924,0.03302586078643799,17
123,Selected Production Policy,10,0.45516711473464966,3818.463134765625,0.0,0.002559700980782509,0.22742980002658442,10,0.014708913955837488,0.07217362197116017,0.03406617045402527,17
123,Gradient baseline,10,0.49050191044807434,3584.575927734375,0.0,0.002559700980782509,0.08542490005493164,10,0.009866878017783165,-0.002590240357676521,-0.001268625259399414,17
123,PINN-style baseline,10,0.4892745316028595,3872.3515625,0.0,0.002559700980782509,0.22427090001292527,10,6.520378447021358e-05,-8.428134242421947e-05,-4.124641418457031e-05,17
123,Base FNO Initializer,10,0.17145992815494537,9.590410232543945,0.0,0.0,1.9000144675374031e-06,0,0.0,0.0,0.0,18
123,Supervised Latent Neural Operator Corrector,10,0.20204803347587585,8.109686851501465,0.0,0.0,0.13822279998566955,10,0.002902399795129895,-0.16415582550689578,-0.03058810532093048,18
123,TD3+BC,10,0.20204803347587585,8.109686851501465,0.0,0.0,0.21165429998654872,10,0.002902399795129895,-0.16415582550689578,-0.03058810532093048,18
123,Best Actual RL Policy,10,0.42293572425842285,21.72218132019043,0.0,0.0,0.21405019995290786,10,0.005345859937369824,-0.9028706476092339,-0.2514757961034775,18
123,Selected Production Policy,10,0.20204803347587585,8.109686851501465,0.0,0.0,0.2221710000303574,10,0.002902399795129895,-0.16415582550689578,-0.03058810532093048,18
123,Gradient baseline,10,0.16924987733364105,36.22172927856445,0.0,0.0,0.08552600000984967,10,0.010006528720259667,0.012973022647202015,0.0022100508213043213,18
123,PINN-style baseline,10,0.1711045354604721,8.970091819763184,0.0,0.0,0.2231387000065297,10,5.855865820194595e-05,0.002074976175208576,0.0003553926944732666,18
123,Base FNO Initializer,10,0.20984980463981628,316.1559753417969,0.0,0.0,1.600012183189392e-06,0,0.0,0.0,0.0,19
123,Supervised Latent Neural Operator Corrector,10,0.20696789026260376,304.2118835449219,0.0,0.0,0.13134049996733665,10,0.006481720553711057,0.013828215669491328,0.0028819143772125244,19
123,TD3+BC,10,0.20696789026260376,304.2118835449219,0.0,0.0,0.22080040001310408,10,0.006481720553711057,0.013828215669491328,0.0028819143772125244,19
123,Best Actual RL Policy,10,0.2014809101819992,307.22900390625,0.0,0.0,0.2114746999577619,10,0.0034551404183730482,0.04069741861894727,0.008368894457817078,19
123,Selected Production Policy,10,0.20696789026260376,304.2118835449219,0.0,0.0,0.22101229999680072,10,0.006481720553711057,0.013828215669491328,0.0028819143772125244,19
123,Gradient baseline,10,0.2071373611688614,346.61358642578125,0.0,0.0,0.0860244000214152,10,0.010115466360002757,0.013009521528147161,0.002712443470954895,19
123,PINN-style baseline,10,0.20979085564613342,314.2188415527344,0.0,0.0,0.22185809997608885,10,6.272918544709682e-05,0.0002808531207847409,5.894899368286133e-05,19
123,Base FNO Initializer,10,0.21075236797332764,398.15570068359375,0.0,0.0,1.700012944638729e-06,0,0.0,0.0,0.0,20
123,Supervised Latent Neural Operator Corrector,10,0.20642556250095367,383.92431640625,0.0,0.0,0.1444715999532491,10,0.007166743511334062,0.020743643690366298,0.004326805472373962,20
123,TD3+BC,10,0.20642556250095367,383.92431640625,0.0,0.0,0.2112601000117138,10,0.007166743511334062,0.020743643690366298,0.004326805472373962,20
123,Best Actual RL Policy,10,0.19999639689922333,385.8306884765625,0.0,0.0,0.22548620001180097,10,0.003742015897296369,0.052384681068360806,0.010755971074104309,20
123,Selected Production Policy,10,0.20642556250095367,383.92431640625,0.0,0.0,0.2248566000489518,10,0.007166743511334062,0.020743643690366298,0.004326805472373962,20
123,Gradient baseline,10,0.2083025425672531,424.1941833496094,0.0,0.0,0.0807243000017479,10,0.01014252919703722,0.011691681167576462,0.002449825406074524,20
123,PINN-style baseline,10,0.21070440113544464,395.9267578125,0.0,0.0,0.2105141999782063,10,6.305845927272458e-05,0.00022768710005038884,4.7966837882995605e-05,20
123,Base FNO Initializer,10,0.23533491790294647,1025.946533203125,0.0,0.0,1.400010660290718e-06,0,0.0,0.0,0.0,21
123,Supervised Latent Neural Operator Corrector,10,0.21625696122646332,997.5465698242188,0.0,0.0,0.0790918999700807,10,0.010435729846358299,0.08454174594953656,0.019077956676483154,21
123,TD3+BC,10,0.21625696122646332,997.5465698242188,0.0,0.0,0.2291805000277236,10,0.010435729846358299,0.08454174594953656,0.019077956676483154,21
123,Best Actual RL Policy,10,0.222355917096138,998.453857421875,0.0,0.0,0.22130929998820648,10,0.011932818219065666,0.056729538016952574,0.012979000806808472,21
123,Selected Production Policy,10,0.21625696122646332,997.5465698242188,0.0,0.0,0.20786710001993924,10,0.010435729846358299,0.08454174594953656,0.019077956676483154,21
123,Gradient baseline,10,0.23419900238513947,984.523193359375,0.0,0.0,0.08676249999552965,10,0.01007126308977604,0.004837916232645512,0.0011359155178070068,21
123,PINN-style baseline,10,0.23534168303012848,1022.0365600585938,0.0,0.0,0.21168690000195056,10,6.420599602279254e-05,-2.878912528103683e-05,-6.765127182006836e-06,21
123,Base FNO Initializer,10,0.20707158744335175,178.32394409179688,0.0,0.0,1.8999562598764896e-06,0,0.0,0.0,0.0,22
123,Supervised Latent Neural Operator Corrector,10,0.20594467222690582,171.1776885986328,0.0,0.0,0.14852990000508726,10,0.005190336564555764,0.005456719853100367,0.0011269152164459229,22
123,TD3+BC,10,0.20594467222690582,171.1776885986328,0.0,0.0,0.22255800000857562,10,0.005190336564555764,0.005456719853100367,0.0011269152164459229,22
123,Best Actual RL Policy,10,0.2073344737291336,175.943115234375,0.0,0.0,0.22065229999134317,10,0.004049260169267654,-0.0012687916823779233,-0.00026288628578186035,22
123,Selected Production Policy,10,0.20594467222690582,171.1776885986328,0.0,0.0,0.2246317999670282,10,0.005190336564555764,0.005456719853100367,0.0011269152164459229,22
123,Gradient baseline,10,0.2042723298072815,213.08506774902344,0.0,0.0,0.0795512999757193,10,0.01011355584487319,0.013610066380351782,0.0027992576360702515,22
123,PINN-style baseline,10,0.20696818828582764,176.9227752685547,0.0,0.0,0.2164051000145264,10,6.185597230796702e-05,0.0004993550646759104,0.00010339915752410889,22
123,Base FNO Initializer,10,0.46562066674232483,3545.475830078125,0.0,0.0,1.9000144675374031e-06,0,0.0,0.0,0.0,23
123,Supervised Latent Neural Operator Corrector,10,0.4312050938606262,3474.6904296875,0.0,0.0,0.14638009999180213,10,0.014369792677462101,0.07678652880713344,0.03441557288169861,23
123,TD3+BC,10,0.4312050938606262,3474.6904296875,0.0,0.0,0.21715030004270375,10,0.014369792677462101,0.07678652880713344,0.03441557288169861,23
123,Best Actual RL Policy,10,0.43427684903144836,3548.828125,0.0,0.0,0.22104590001981705,10,0.015525657311081886,0.06968771945685148,0.031343817710876465,23
123,Selected Production Policy,10,0.4312050938606262,3474.6904296875,0.0,0.0,0.2457746000145562,10,0.014369792677462101,0.07678652880713344,0.03441557288169861,23
123,Gradient baseline,10,0.46686190366744995,3278.46533203125,0.0,0.0,0.0774853999610059,10,0.010082491766661405,-0.0026627113693393767,-0.001241236925125122,23
123,PINN-style baseline,10,0.46566203236579895,3538.68408203125,0.0,0.0,0.19969150004908442,10,6.487347345682793e-05,-8.887094008969143e-05,-4.1365623474121094e-05,23
123,Base FNO Initializer,10,0.20969738066196442,300.7703552246094,0.0,0.0,1.9999570213258266e-06,0,0.0,0.0,0.0,24
123,Supervised Latent Neural Operator Corrector,10,0.20706504583358765,289.29498291015625,0.0,0.0,0.14670839998871088,10,0.006348243681713939,0.012632195081096143,0.00263233482837677,24
123,TD3+BC,10,0.20706504583358765,289.29498291015625,0.0,0.0,0.19628669996745884,10,0.006348243681713939,0.012632195081096143,0.00263233482837677,24
123,Best Actual RL Policy,10,0.20190536975860596,292.5128173828125,0.0,0.0,0.21155070001259446,10,0.0034684349549934266,0.03786628181114793,0.0077920109033584595,24
123,Selected Production Policy,10,0.20706504583358765,289.29498291015625,0.0,0.0,0.22347420000005513,10,0.006348243681713939,0.012632195081096143,0.00263233482837677,24
123,Gradient baseline,10,0.20704355835914612,334.3817138671875,0.0,0.0,0.08718850003788248,10,0.010197941679507494,0.01273574453080073,0.0026538223028182983,24
123,PINN-style baseline,10,0.20963884890079498,298.8902587890625,0.0,0.0,0.21270979999098927,10,6.293301012192388e-05,0.00027894579216081183,5.8531761169433594e-05,24
123,Base FNO Initializer,10,0.21890391409397125,713.872314453125,0.0,0.0,1.700012944638729e-06,0,0.0,0.0,0.0,25
123,Supervised Latent Neural Operator Corrector,10,0.20730474591255188,693.3533935546875,0.0,0.0,0.14465570001630113,10,0.009282658621668816,0.054442530032247305,0.011599168181419373,25
123,TD3+BC,10,0.20730474591255188,693.3533935546875,0.0,0.0,0.21448169997893274,10,0.009282658621668816,0.054442530032247305,0.011599168181419373,25
123,Best Actual RL Policy,10,0.20502229034900665,693.3981323242188,0.0,0.0,0.21961769997142255,10,0.00840182350948453,0.06551368371583521,0.0138816237449646,25
123,Selected Production Policy,10,0.20730474591255188,693.3533935546875,0.0,0.0,0.21861819998594,10,0.009282658621668816,0.054442530032247305,0.011599168181419373,25
123,Gradient baseline,10,0.2171696573495865,706.935546875,0.0,0.0,0.08290360000682995,10,0.010045499261468648,0.007953505526529625,0.0017342567443847656,25
123,PINN-style baseline,10,0.21888422966003418,710.7056274414062,0.0,0.0,0.2043520999723114,10,6.401172140613198e-05,8.988336776383221e-05,1.9684433937072754e-05,25
123,Base FNO Initializer,10,0.29896271228790283,1814.75146484375,0.0,0.0,1.8999562598764896e-06,0,0.0,0.0,0.0,26
123,Supervised Latent Neural Operator Corrector,10,0.2695792317390442,1760.1630859375,0.0,0.0,0.14690400002291426,10,0.011177559476345777,0.10345575865358114,0.029383480548858643,26
123,TD3+BC,10,0.2695792317390442,1760.1630859375,0.0,0.0,0.22406360000604764,10,0.011177559476345777,0.10345575865358114,0.029383480548858643,26
123,Best Actual RL Policy,10,0.2933013439178467,1755.9583740234375,0.0,0.0,0.22193440003320575,10,0.014555789157748222,0.019117326024570502,0.005661368370056152,26
123,Selected Production Policy,10,0.2695792317390442,1760.1630859375,0.0,0.0,0.22478970000520349,10,0.011177559476345777,0.10345575865358114,0.029383480548858643,26
123,Gradient baseline,10,0.2990942895412445,1692.9449462890625,0.0,0.0,0.08916339999996126,10,0.010207583382725715,-0.00044049023654224584,-0.0001315772533416748,26
123,PINN-style baseline,10,0.29898399114608765,1809.5440673828125,0.0,0.0,0.20899009995628148,10,6.417791664716787e-05,-7.116822143871104e-05,-2.1278858184814453e-05,26
123,Base FNO Initializer,10,0.21150463819503784,451.33148193359375,0.0,0.0,1.200009137392044e-06,0,0.0,0.0,0.0,27
123,Supervised Latent Neural Operator Corrector,10,0.20611701905727386,435.98333740234375,0.0,0.0,0.15631499997107312,10,0.007586271036416292,0.02580247171863448,0.005387619137763977,27
123,TD3+BC,10,0.20611701905727386,435.98333740234375,0.0,0.0,0.2309944999869913,10,0.007586271036416292,0.02580247171863448,0.005387619137763977,27
123,Best Actual RL Policy,10,0.19967015087604523,437.25982666015625,0.0,0.0,0.2252448999788612,10,0.004258500644937158,0.05758016975596547,0.011834487318992615,27
123,Selected Production Policy,10,0.20611701905727386,435.98333740234375,0.0,0.0,0.22460970003157854,10,0.007586271036416292,0.02580247171863448,0.005387619137763977,27
123,Gradient baseline,10,0.20906250178813934,473.3553161621094,0.0,0.0,0.08747189998393878,10,0.010126962978392839,0.01161310903262347,0.0024421364068984985,27
123,PINN-style baseline,10,0.21145805716514587,448.9293518066406,0.0,0.0,0.2282812999910675,10,6.290051023825072e-05,0.00022017710398358759,4.6581029891967773e-05,27
123,Base FNO Initializer,10,0.21341533958911896,546.108642578125,0.0,0.0,1.600012183189392e-06,0,0.0,0.0,0.0,28
123,Supervised Latent Neural Operator Corrector,10,0.20593327283859253,528.8057250976562,0.0,0.0,0.14989840000635013,10,0.008277508523315191,0.03568764177907724,0.007482066750526428,28
123,TD3+BC,10,0.20593327283859253,528.8057250976562,0.0,0.0,0.22493829997256398,10,0.008277508523315191,0.03568764177907724,0.007482066750526428,28
123,Best Actual RL Policy,10,0.2003222554922104,529.3328857421875,0.0,0.0,0.2227897000266239,10,0.005630270577967167,0.06331261992454529,0.01309308409690857,28
123,Selected Production Policy,10,0.20593327283859253,528.8057250976562,0.0,0.0,0.22449009999400005,10,0.008277508523315191,0.03568764177907724,0.007482066750526428,28
123,Gradient baseline,10,0.21135017275810242,559.2117919921875,0.0,0.0,0.08319350000238046,10,0.010088857635855675,0.009723423339892179,0.0020651668310165405,28
123,PINN-style baseline,10,0.21338221430778503,543.4070434570312,0.0,0.0,0.21239839994814247,10,6.327039154712111e-05,0.0001549708294987795,3.312528133392334e-05,28
123,Base FNO Initializer,10,0.3958319425582886,2777.85302734375,0.0,0.0,1.9000144675374031e-06,0,0.0,0.0,0.0,29
123,Supervised Latent Neural Operator Corrector,10,0.36271432042121887,2704.21484375,0.0,0.0,0.13712710002437234,10,0.012788722198456526,0.08737341780215502,0.0331176221370697,29
123,TD3+BC,10,0.36271432042121887,2704.21484375,0.0,0.0,0.22430230001918972,10,0.012788722198456526,0.08737341780215502,0.0331176221370697,29
123,Best Actual RL Policy,10,0.3757667541503906,2784.350341796875,0.0,0.0,0.21035569999367,10,0.015574394632130862,0.05201999470591545,0.02006518840789795,29
123,Selected Production Policy,10,0.36271432042121887,2704.21484375,0.0,0.0,0.22466750000603497,10,0.012788722198456526,0.08737341780215502,0.0331176221370697,29
123,Gradient baseline,10,0.3967876136302948,2569.8056640625,0.0,0.0,0.08798780001234263,10,0.010065080411732198,-0.002411953013506718,-0.0009556710720062256,29
123,PINN-style baseline,10,0.39586618542671204,2771.611083984375,0.0,0.0,0.21262529998784885,10,6.459401120082476e-05,-8.654633893456776e-05,-3.4242868423461914e-05,29
123,Base FNO Initializer,10,0.5199277997016907,4413.47509765625,0.0,0.07487307488918304,1.7999554984271526e-06,0,0.0,0.0,0.0,30
123,Supervised Latent Neural Operator Corrector,10,0.4869869649410248,4367.54052734375,0.0,0.07487307488918304,0.14459480001823977,10,0.014960686210542917,0.06545167975127697,0.032940834760665894,30
123,TD3+BC,10,0.4869869649410248,4367.54052734375,0.0,0.07487307488918304,0.18635120004182681,10,0.014960686210542917,0.06545167975127697,0.032940834760665894,30
123,Best Actual RL Policy,10,0.48643210530281067,4419.55419921875,0.0,0.07487307488918304,0.14255099999718368,10,0.015548269078135491,0.06659158458933234,0.033495694398880005,30
123,Selected Production Policy,10,0.4869869649410248,4367.54052734375,0.0,0.07487307488918304,0.19367219996638596,10,0.014960686210542917,0.06545167975127697,0.032940834760665894,30
123,Gradient baseline,10,0.5212395787239075,4087.017333984375,0.0,0.07487307488918304,0.08740799996303394,10,0.0096961984410882,-0.0025202834367519245,-0.0013117790222167969,30
123,PINN-style baseline,10,0.5199679136276245,4406.21435546875,0.0,0.07487307488918304,0.23735750000923872,10,6.483794204541482e-05,-7.724794068053598e-05,-4.011392593383789e-05,30
123,Base FNO Initializer,10,0.2607201933860779,1377.8133544921875,0.0,0.0,1.700012944638729e-06,0,0.0,0.0,0.0,31
123,Supervised Latent Neural Operator Corrector,10,0.2354011982679367,1336.54296875,0.0,0.0,0.14369160000933334,10,0.010983781609684228,0.10215578880161047,0.025318995118141174,31
123,TD3+BC,10,0.2354011982679367,1336.54296875,0.0,0.0,0.22358839999651536,10,0.010983781609684228,0.10215578880161047,0.025318995118141174,31
123,Best Actual RL Policy,10,0.25132256746292114,1335.2205810546875,0.0,0.0,0.20328640000661835,10,0.013660209998488427,0.03670940994925331,0.009397625923156738,31
123,Selected Production Policy,10,0.2354011982679367,1336.54296875,0.0,0.0,0.22660960000939667,10,0.010983781609684228,0.10215578880161047,0.025318995118141174,31
123,Gradient baseline,10,0.2602156698703766,1295.3392333984375,0.0,0.0,0.0742214999627322,10,0.01005658097565174,0.0019366263077245094,0.0005045235157012939,31
123,PINN-style baseline,10,0.2607310712337494,1373.2457275390625,0.0,0.0,0.21458659996278584,10,6.429075001506135e-05,-4.166375947534107e-05,-1.0877847671508789e-05,31
123,Base FNO Initializer,10,0.23068907856941223,950.0606689453125,0.0,0.0,1.700012944638729e-06,0,0.0,0.0,0.0,32
123,Supervised Latent Neural Operator Corrector,10,0.21331527829170227,923.927001953125,0.0,0.0,0.14867040002718568,10,0.010228330455720424,0.0782992010936141,0.01737380027770996,32
123,TD3+BC,10,0.21331527829170227,923.927001953125,0.0,0.0,0.2230993999983184,10,0.010228330455720424,0.0782992010936141,0.01737380027770996,32
123,Best Actual RL Policy,10,0.21726877987384796,924.4713745117188,0.0,0.0,0.2141563999466598,10,0.011300418619066476,0.05993486358784139,0.01342029869556427,32
123,Selected Production Policy,10,0.21331527829170227,923.927001953125,0.0,0.0,0.21963539998978376,10,0.010228330455720424,0.0782992010936141,0.01737380027770996,32
123,Gradient baseline,10,0.22932258248329163,917.0482788085938,0.0,0.0,0.08282149996375665,10,0.010089686792343854,0.005940572707913816,0.0013664960861206055,32
123,PINN-style baseline,10,0.23069274425506592,946.3190307617188,0.0,0.0,0.20310849999077618,10,6.418855482479558e-05,-1.5854874504839245e-05,-3.6656856536865234e-06,32
123,Base FNO Initializer,10,0.21098564565181732,415.5193786621094,0.0,0.0,1.6999547369778156e-06,0,0.0,0.0,0.0,33
123,Supervised Latent Neural Operator Corrector,10,0.20632798969745636,400.9361267089844,0.0,0.0,0.14553219999652356,10,0.007306477939710021,0.022322609613183886,0.004657655954360962,33
123,TD3+BC,10,0.20632798969745636,400.9361267089844,0.0,0.0,0.21896899997955188,10,0.007306477939710021,0.022322609613183886,0.004657655954360962,33
123,Best Actual RL Policy,10,0.19984650611877441,402.6306457519531,0.0,0.0,0.2055642000050284,10,0.003884554305113852,0.054240723606199026,0.011139139533042908,33
123,Selected Production Policy,10,0.20632798969745636,400.9361267089844,0.0,0.0,0.21941009996226057,10,0.007306477939710021,0.022322609613183886,0.004657655954360962,33
123,Gradient baseline,10,0.20850662887096405,440.84881591796875,0.0,0.0,0.0859618000104092,10,0.010030975192785263,0.011818685568869114,0.0024790167808532715,33
123,PINN-style baseline,10,0.21093609929084778,413.2364807128906,0.0,0.0,0.22006150003289804,10,6.30563052254729e-05,0.00023472029897675384,4.954636096954346e-05,33
123,Base FNO Initializer,10,0.4313911199569702,3148.310546875,0.0,0.0,1.700012944638729e-06,0,0.0,0.0,0.0,34
123,Supervised Latent Neural Operator Corrector,10,0.39725634455680847,3071.587646484375,0.0,0.0,0.14595450001070276,10,0.013666308298707009,0.08243226818740368,0.03413477540016174,34
123,TD3+BC,10,0.39725634455680847,3071.587646484375,0.0,0.0,0.22533270000712946,10,0.013666308298707009,0.08243226818740368,0.03413477540016174,34
123,Best Actual RL Policy,10,0.4046185612678528,3153.83935546875,0.0,0.0,0.20435820001875982,10,0.015570635441690683,0.06406902289018035,0.02677255868911743,34
123,Selected Production Policy,10,0.39725634455680847,3071.587646484375,0.0,0.0,0.21893350000027567,10,0.013666308298707009,0.08243226818740368,0.03413477540016174,34
123,Gradient baseline,10,0.4325208067893982,2911.151123046875,0.0,0.0,0.08513660001335666,10,0.010070764366537333,-0.002615732533740811,-0.0011296868324279785,34
123,PINN-style baseline,10,0.43142789602279663,3141.79736328125,0.0,0.0,0.20641969999996945,10,6.476959169958718e-05,-8.523502401658334e-05,-3.6776065826416016e-05,34
123,Base FNO Initializer,10,0.2150869369506836,606.7264404296875,0.0,0.0,2.00001522898674e-06,0,0.0,0.0,0.0,35
123,Supervised Latent Neural Operator Corrector,10,0.20615684986114502,588.2862548828125,0.0,0.0,0.13475670001935214,10,0.008674466889351607,0.0424044904357288,0.008930087089538574,35
123,TD3+BC,10,0.20615684986114502,588.2862548828125,0.0,0.0,0.2215365000301972,10,0.008674466889351607,0.0424044904357288,0.008930087089538574,35
123,Best Actual RL Policy,10,0.2015441656112671,588.5397338867188,0.0,0.0,0.2170007000095211,10,0.006645463360473514,0.06503375340253115,0.013542771339416504,35
123,Selected Production Policy,10,0.20615684986114502,588.2862548828125,0.0,0.0,0.20621139998547733,10,0.008674466889351607,0.0424044904357288,0.008930087089538574,35
123,Gradient baseline,10,0.21293969452381134,613.4887084960938,0.0,0.0,0.07505639997543767,10,0.010086302366107702,0.010032901307567954,0.0021472424268722534,35
123,PINN-style baseline,10,0.21506235003471375,603.854736328125,0.0,0.0,0.21610469999723136,10,6.349269970087334e-05,0.00011455939602456056,2.4586915969848633e-05,35
2026,Base FNO Initializer,1,0.2616204619407654,77.22695922851562,0.0,0.0,1.8999562598764896e-06,0,0.0,0.0,0.0,0
2026,Supervised Latent Neural Operator Corrector,1,0.25874873995780945,70.75313568115234,0.0,0.0,0.014246300037484616,1,0.0038762467447668314,0.011037359945476055,0.0028717219829559326,0
2026,TD3+BC,1,0.25874873995780945,70.75313568115234,0.0,0.0,0.030425700009800494,1,0.0038762467447668314,0.011037359945476055,0.0028717219829559326,0
2026,Selected Production Policy,1,0.25874873995780945,70.75313568115234,0.0,0.0,0.02337700000498444,1,0.0038762467447668314,0.011037359945476055,0.0028717219829559326,0
2026,Gradient baseline,1,0.26112014055252075,84.92711639404297,0.0,0.0,0.008874099992681295,1,0.00840647704899311,0.001914182212203741,0.0005003213882446289,0
2026,PINN-style baseline,1,0.26161301136016846,77.03887176513672,0.0,0.0,0.025247699988540262,1,6.473760731751099e-05,2.8490612749010324e-05,7.450580596923828e-06,0
2026,Base FNO Initializer,1,0.4982249438762665,4961.49072265625,0.0,0.17247915267944336,2.2999593056738377e-06,0,0.0,0.0,0.0,1
2026,Supervised Latent Neural Operator Corrector,1,0.49542394280433655,4953.451171875,0.0,0.17247915267944336,0.016524000035133213,1,0.013782065361738205,0.005637721624225378,0.0028010010719299316,1
2026,TD3+BC,1,0.49542394280433655,4953.451171875,0.0,0.17247915267944336,0.023755600035656244,1,0.013782065361738205,0.005637721624225378,0.0028010010719299316,1
2026,Selected Production Policy,1,0.49542394280433655,4953.451171875,0.0,0.17247915267944336,0.024266300024464726,1,0.013782065361738205,0.005637721624225378,0.0028010010719299316,1
2026,Gradient baseline,1,0.4983273148536682,4822.25634765625,0.0,0.17247915267944336,0.00964830000884831,1,0.009055773727595806,-0.00020551933266688138,-0.0001023709774017334,1
2026,PINN-style baseline,1,0.4982268512248993,4960.60400390625,0.0,0.17247915267944336,0.024783800006844103,1,6.590339035028592e-05,-3.814706815319369e-06,-1.9073486328125e-06,1
2026,Base FNO Initializer,1,0.41192129254341125,3520.406494140625,0.0,0.0,2.0999577827751637e-06,0,0.0,0.0,0.0,2
2026,Supervised Latent Neural Operator Corrector,1,0.40873873233795166,3494.698974609375,0.0,0.0,0.01537610002560541,1,0.014172590337693691,0.007756016682833433,0.0031825602054595947,2
2026,TD3+BC,1,0.40873873233795166,3494.698974609375,0.0,0.0,0.020839399949181825,1,0.014172590337693691,0.007756016682833433,0.0031825602054595947,2
2026,Selected Production Policy,1,0.40873873233795166,3494.698974609375,0.0,0.0,0.026030700013507158,1,0.014172590337693691,0.007756016682833433,0.0031825602054595947,2
2026,Gradient baseline,1,0.41203153133392334,3385.48486328125,0.0,0.0,0.010332399979233742,1,0.009140422567725182,-0.0002676428121048957,-0.00011023879051208496,2
2026,PINN-style baseline,1,0.41192367672920227,3519.566162109375,0.0,0.0,0.024992699967697263,1,6.57416894682683e-05,-5.781669642601628e-06,-2.384185791015625e-06,2
2026,Base FNO Initializer,1,0.23830251395702362,294.1512145996094,0.0,0.0,1.800013706088066e-06,0,0.0,0.0,0.0,3
2026,Supervised Latent Neural Operator Corrector,1,0.23577402532100677,283.8995361328125,0.0,0.0,0.014517000003252178,1,0.008165624924004078,0.010667056776583195,0.0025284886360168457,3
2026,TD3+BC,1,0.23577402532100677,283.8995361328125,0.0,0.0,0.022951899969484657,1,0.008165624924004078,0.010667056776583195,0.0025284886360168457,3
2026,Selected Production Policy,1,0.23577402532100677,283.8995361328125,0.0,0.0,0.02504659997066483,1,0.008165624924004078,0.010667056776583195,0.0025284886360168457,3
2026,Gradient baseline,1,0.2378772795200348,275.9891357421875,0.0,0.0,0.00876659998903051,1,0.008738973177969456,0.001786028384231031,0.00042523443698883057,3
2026,PINN-style baseline,1,0.2382957637310028,293.83807373046875,0.0,0.0,0.023684000014327466,1,6.533830310218036e-05,2.837140709743835e-05,6.750226020812988e-06,3
2026,Base FNO Initializer,1,0.3017273545265198,2361.033203125,0.0,0.0,1.300009898841381e-06,0,0.0,0.0,0.0,4
2026,Supervised Latent Neural Operator Corrector,1,0.3009249269962311,2302.7109375,0.0,0.0,0.007357000024057925,1,0.012876495718955994,0.002662960672751069,0.0008024275302886963,4
2026,TD3+BC,1,0.3009249269962311,2302.7109375,0.0,0.0,0.01582800003234297,1,0.012876495718955994,0.002662960672751069,0.0008024275302886963,4
2026,Selected Production Policy,1,0.3009249269962311,2302.7109375,0.0,0.0,0.023508899961598217,1,0.012876495718955994,0.002662960672751069,0.0008024275302886963,4
2026,Gradient baseline,1,0.3017958998680115,2243.944580078125,0.0,0.0,0.006104399973992258,1,0.009261073544621468,-0.00022722198627889156,-6.854534149169922e-05,4
2026,PINN-style baseline,1,0.30173027515411377,2360.284912109375,0.0,0.0,0.023927000002004206,1,6.584029324585572e-05,-9.656000656832475e-06,-2.9206275939941406e-06,4
2026,Base FNO Initializer,1,0.2180209457874298,910.9425048828125,0.0,0.0,1.9000144675374031e-06,0,0.0,0.0,0.0,5
2026,Supervised Latent Neural Operator Corrector,1,0.21482159197330475,889.986083984375,0.0,0.0,0.014623299997765571,1,0.01239477563649416,0.014783166348934174,0.003199353814125061,5
2026,TD3+BC,1,0.21482159197330475,889.986083984375,0.0,0.0,0.016170699964277446,1,0.01239477563649416,0.014783166348934174,0.003199353814125061,5
2026,Selected Production Policy,1,0.21482159197330475,889.986083984375,0.0,0.0,0.02323170000454411,1,0.01239477563649416,0.014783166348934174,0.003199353814125061,5
2026,Gradient baseline,1,0.21779164671897888,853.1893310546875,0.0,0.0,0.010442200000397861,1,0.009192842990159988,0.0010522602824494243,0.00022929906845092773,5
2026,PINN-style baseline,1,0.21802128851413727,910.4365234375,0.0,0.0,0.027538200025446713,1,6.57176788081415e-05,-1.549724174765288e-06,-3.427267074584961e-07,5
2026,Base FNO Initializer,1,0.22070232033729553,1160.6124267578125,0.0,0.0,2.300017513334751e-06,0,0.0,0.0,0.0,6
2026,Supervised Latent Neural Operator Corrector,1,0.2181859016418457,1133.373291015625,0.0,0.0,0.010034100036136806,1,0.01245630532503128,0.011467299424111843,0.002516418695449829,6
2026,TD3+BC,1,0.2181859016418457,1133.373291015625,0.0,0.0,0.024842700047884136,1,0.01245630532503128,0.011467299424111843,0.002516418695449829,6
2026,Selected Production Policy,1,0.2181859016418457,1133.373291015625,0.0,0.0,0.02345360000617802,1,0.01245630532503128,0.011467299424111843,0.002516418695449829,6
2026,Gradient baseline,1,0.22054098546504974,1089.783447265625,0.0,0.0,0.009018500044476241,1,0.009262054227292538,0.0007312770467251539,0.00016133487224578857,6
2026,PINN-style baseline,1,0.22070342302322388,1160.0535888671875,0.0,0.0,0.02591800002846867,1,6.553897401317954e-05,-5.006805167795392e-06,-1.1026859283447266e-06,6
2026,Base FNO Initializer,1,0.24817237257957458,194.40744018554688,0.0,0.0,2.200016751885414e-06,0,0.0,0.0,0.0,7
2026,Supervised Latent Neural Operator Corrector,1,0.24577362835407257,185.2117156982422,0.0,0.0,0.015544100024271756,1,0.006233719177544117,0.00971268117427826,0.002398744225502014,7
2026,TD3+BC,1,0.24577362835407257,185.2117156982422,0.0,0.0,0.023721300007309765,1,0.006233719177544117,0.00971268117427826,0.002398744225502014,7
2026,Selected Production Policy,1,0.24577362835407257,185.2117156982422,0.0,0.0,0.023900500033050776,1,0.006233719177544117,0.00971268117427826,0.002398744225502014,7
2026,Gradient baseline,1,0.24768173694610596,186.13414001464844,0.0,0.0,0.005488800001330674,1,0.008609915152192116,0.001978904241696,0.0004906356334686279,7
2026,PINN-style baseline,1,0.24816220998764038,194.14041137695312,0.0,0.0,0.022419400047510862,1,6.533952546305954e-05,4.1007151594385505e-05,1.0162591934204102e-05,7
2026,Base FNO Initializer,1,0.2473365068435669,1748.02587890625,0.0,0.0,1.400010660290718e-06,0,0.0,0.0,0.0,8
2026,Supervised Latent Neural Operator Corrector,1,0.24662916362285614,1702.4676513671875,0.0,0.0,0.012635799997951835,1,0.012380197644233704,0.0028638746589422226,0.0007073432207107544,8
2026,TD3+BC,1,0.24662916362285614,1702.4676513671875,0.0,0.0,0.025314999977126718,1,0.012380197644233704,0.0028638746589422226,0.0007073432207107544,8
2026,Selected Production Policy,1,0.24662916362285614,1702.4676513671875,0.0,0.0,0.01759419997688383,1,0.012380197644233704,0.0028638746589422226,0.0007073432207107544,8
2026,Gradient baseline,1,0.2473190724849701,1649.69677734375,0.0,0.0,0.00939479999942705,1,0.009196019731462002,7.040792843326926e-05,1.7434358596801758e-05,8
2026,PINN-style baseline,1,0.2473391443490982,1747.360595703125,0.0,0.0,0.023848600045312196,1,6.556916196132079e-05,-1.0669290531950537e-05,-2.637505531311035e-06,8
2026,Base FNO Initializer,1,0.22570352256298065,496.7232666015625,0.0,0.0,2.600019797682762e-06,0,0.0,0.0,0.0,9
2026,Supervised Latent Neural Operator Corrector,1,0.22257716953754425,484.25732421875,0.0,0.0,0.014557300019077957,1,0.010994707234203815,0.01394839771091938,0.0031263530254364014,9
2026,TD3+BC,1,0.22257716953754425,484.25732421875,0.0,0.0,0.02184889995260164,1,0.010994707234203815,0.01394839771091938,0.0031263530254364014,9
2026,Selected Production Policy,1,0.22257716953754425,484.25732421875,0.0,0.0,0.022634799999650568,1,0.010994707234203815,0.01394839771091938,0.0031263530254364014,9
2026,Gradient baseline,1,0.22533929347991943,462.4953918457031,0.0,0.0,0.0034068000386469066,1,0.008960859850049019,0.0016150136943906546,0.00036422908306121826,9
2026,PINN-style baseline,1,0.22570103406906128,496.3369140625,0.0,0.0,0.010748000000603497,1,6.55319745419547e-05,1.0967192793032154e-05,2.4884939193725586e-06,9
2026,Base FNO Initializer,1,0.22508187592029572,1321.0537109375,0.0,0.0,1.200009137392044e-06,0,0.0,0.0,0.0,10
2026,Supervised Latent Neural Operator Corrector,1,0.2231244146823883,1289.29443359375,0.0,0.0,0.0062410999671556056,1,0.012449619360268116,0.008734633214771748,0.0019574612379074097,10
2026,TD3+BC,1,0.2231244146823883,1289.29443359375,0.0,0.0,0.013154199987184256,1,0.012449619360268116,0.008734633214771748,0.0019574612379074097,10
2026,Selected Production Policy,1,0.2231244146823883,1289.29443359375,0.0,0.0,0.0227483999915421,1,0.012449619360268116,0.008734633214771748,0.0019574612379074097,10
2026,Gradient baseline,1,0.22496142983436584,1241.8834228515625,0.0,0.0,0.008113500021863729,1,0.009224877692759037,0.0005351831205189228,0.0001204460859298706,10
2026,PINN-style baseline,1,0.22508299350738525,1320.462890625,0.0,0.0,0.023291999998036772,1,6.556120933964849e-05,-4.94720006827265e-06,-1.1175870895385742e-06,10
2026,Base FNO Initializer,1,0.45697033405303955,4186.81201171875,0.0,0.010925320908427238,1.9000144675374031e-06,0,0.0,0.0,0.0,11
2026,Supervised Latent Neural Operator Corrector,1,0.45393800735473633,4171.9609375,0.0,0.010925320908427238,0.016723299981094897,1,0.014024080708622932,0.00665770098567009,0.0030323266983032227,11
2026,TD3+BC,1,0.45393800735473633,4171.9609375,0.0,0.010925320908427238,0.025199500028975308,1,0.014024080708622932,0.00665770098567009,0.0030323266983032227,11
2026,Selected Production Policy,1,0.45393800735473633,4171.9609375,0.0,0.010925320908427238,0.023318099963944405,1,0.014024080708622932,0.00665770098567009,0.0030323266983032227,11
2026,Gradient baseline,1,0.4570750892162323,4049.546142578125,0.0,0.010925320908427238,0.0095621999935247,1,0.009195342659950256,-0.00022924839868210256,-0.00010475516319274902,11
2026,PINN-style baseline,1,0.4569723904132843,4185.94580078125,0.0,0.010925320908427238,0.02189360000193119,1,6.583803769899532e-05,-4.470360636332771e-06,-2.0563602447509766e-06,11
2026,Base FNO Initializer,1,0.22726793587207794,462.10546875,0.0,0.0,1.700012944638729e-06,0,0.0,0.0,0.0,12
2026,Supervised Latent Neural Operator Corrector,1,0.22423021495342255,450.130615234375,0.0,0.0,0.016526499995961785,1,0.010660282336175442,0.013456299901008606,0.0030377209186553955,12
2026,TD3+BC,1,0.22423021495342255,450.130615234375,0.0,0.0,0.023974700015969574,1,0.010660282336175442,0.013456299901008606,0.0030377209186553955,12
2026,Selected Production Policy,1,0.22423021495342255,450.130615234375,0.0,0.0,0.021707899984903634,1,0.010660282336175442,0.013456299901008606,0.0030377209186553955,12
2026,Gradient baseline,1,0.22689254581928253,430.47491455078125,0.0,0.0,0.009507599985226989,1,0.008948221802711487,0.001653098501265049,0.00037539005279541016,12
2026,PINN-style baseline,1,0.22726507484912872,461.73236083984375,0.0,0.0,0.02457389998016879,1,6.5496118622832e-05,1.2636102837859653e-05,2.86102294921875e-06,12
2026,Base FNO Initializer,1,0.40855661034584045,3479.369873046875,0.0,0.0,1.9000144675374031e-06,0,0.0,0.0,0.0,13
2026,Supervised Latent Neural Operator Corrector,1,0.4053744375705719,3452.6611328125,0.0,0.0,0.01496269996277988,1,0.014172041788697243,0.007819180376827717,0.0031821727752685547,13
2026,TD3+BC,1,0.4053744375705719,3452.6611328125,0.0,0.0,0.021346499968785793,1,0.014172041788697243,0.007819180376827717,0.0031821727752685547,13
2026,Selected Production Policy,1,0.4053744375705719,3452.6611328125,0.0,0.0,0.022054800007026643,1,0.014172041788697243,0.007819180376827717,0.0031821727752685547,13
2026,Gradient baseline,1,0.40866661071777344,3344.83935546875,0.0,0.0,0.006022499990649521,1,0.009143911302089691,-0.00026925260317511857,-0.0001100003719329834,13
2026,PINN-style baseline,1,0.4085593521595001,3478.5322265625,0.0,0.0,0.023309600015636533,1,6.57773416605778e-05,-6.735349870723439e-06,-2.7418136596679688e-06,13
2026,Base FNO Initializer,1,0.2242628037929535,532.4896240234375,0.0,0.0,1.700012944638729e-06,0,0.0,0.0,0.0,14
2026,Supervised Latent Neural Operator Corrector,1,0.22105710208415985,519.4989624023438,0.0,0.0,0.015025400032754987,1,0.01128486916422844,0.014397483319044113,0.00320570170879364,14
2026,TD3+BC,1,0.22105710208415985,519.4989624023438,0.0,0.0,0.02231620001839474,1,0.01128486916422844,0.014397483319044113,0.00320570170879364,14
2026,Selected Production Policy,1,0.22105710208415985,519.4989624023438,0.0,0.0,0.0169581999653019,1,0.01128486916422844,0.014397483319044113,0.00320570170879364,14
2026,Gradient baseline,1,0.22390803694725037,496.0216979980469,0.0,0.0,0.0066297000157646835,1,0.008988216519355774,0.0015831163618713617,0.000354766845703125,14
2026,PINN-style baseline,1,0.2242606282234192,532.0926513671875,0.0,0.0,0.023070800001733005,1,6.547076191054657e-05,9.655904250394087e-06,2.175569534301758e-06,14
2026,Base FNO Initializer,1,0.4051777720451355,3438.782958984375,0.0,0.0,1.9999570213258266e-06,0,0.0,0.0,0.0,15
2026,Supervised Latent Neural Operator Corrector,1,0.4019987881183624,3411.03173828125,0.0,0.0,0.016994400008115917,1,0.014168692752718925,0.00787678174674511,0.0031789839267730713,15
2026,TD3+BC,1,0.4019987881183624,3411.03173828125,0.0,0.0,0.024405799980740994,1,0.014168692752718925,0.00787678174674511,0.0031789839267730713,15
2026,Selected Production Policy,1,0.4019987881183624,3411.03173828125,0.0,0.0,0.024022000026889145,1,0.014168692752718925,0.00787678174674511,0.0031789839267730713,15
2026,Gradient baseline,1,0.4052866995334625,3304.548095703125,0.0,0.0,0.009155799984000623,1,0.009149879217147827,-0.0002688353124540299,-0.00010892748832702637,15
2026,PINN-style baseline,1,0.4051803946495056,3437.946533203125,0.0,0.0,0.023863699985668063,1,6.583807407878339e-05,-6.496929472632473e-06,-2.6226043701171875e-06,15
2026,Base FNO Initializer,1,0.26516905426979065,53.832645416259766,0.0,0.0,2.2999593056738377e-06,0,0.0,0.0,0.0,16
2026,Supervised Latent Neural Operator Corrector,1,0.26174649596214294,48.60325241088867,0.0,0.0,0.015116500027943403,1,0.0034075721632689238,0.012991072610020638,0.003422558307647705,16
2026,TD3+BC,1,0.26174649596214294,48.60325241088867,0.0,0.0,0.023538700013887137,1,0.0034075721632689238,0.012991072610020638,0.003422558307647705,16
2026,Selected Production Policy,1,0.26174649596214294,48.60325241088867,0.0,0.0,0.02500630001304671,1,0.0034075721632689238,0.012991072610020638,0.003422558307647705,16
2026,Gradient baseline,1,0.2649047374725342,69.30992889404297,0.0,0.0,0.009261899976991117,1,0.008468599058687687,0.0009972484549507499,0.0002643167972564697,16
2026,PINN-style baseline,1,0.2651543617248535,53.665287017822266,0.0,0.0,0.012158299970906228,1,6.495943671325222e-05,5.543078077607788e-05,1.4692544937133789e-05,16
2026,Base FNO Initializer,1,0.4476301670074463,4021.540283203125,0.0,0.002559700980782509,1.3999524526298046e-06,0,0.0,0.0,0.0,17
2026,Supervised Latent Neural Operator Corrector,1,0.4445517659187317,4004.7548828125,0.0,0.002559700980782509,0.007012200017925352,1,0.014071379788219929,0.006900783162564039,0.0030784010887145996,17
2026,TD3+BC,1,0.4445517659187317,4004.7548828125,0.0,0.002559700980782509,0.01492869999492541,1,0.014071379788219929,0.006900783162564039,0.0030784010887145996,17
2026,Selected Production Policy,1,0.4445517659187317,4004.7548828125,0.0,0.002559700980782509,0.024251199967693537,1,0.014071379788219929,0.006900783162564039,0.0030784010887145996,17
2026,Gradient baseline,1,0.44773709774017334,3884.579833984375,0.0,0.002559700980782509,0.008705200045369565,1,0.009147632867097855,-0.0002389061701251194,-0.00010693073272705078,17
2026,PINN-style baseline,1,0.44763219356536865,4020.68115234375,0.0,0.002559700980782509,0.02355749998241663,1,6.580446643056348e-05,-4.529965735855512e-06,-2.0265579223632812e-06,17
2026,Base FNO Initializer,1,0.30172044038772583,12.80700397491455,0.0,0.0,1.800013706088066e-06,0,0.0,0.0,0.0,18
2026,Supervised Latent Neural Operator Corrector,1,0.28869378566741943,11.068671226501465,0.0,0.0,0.014260000025387853,1,0.003367810044437647,0.04413432627916336,0.013026654720306396,18
2026,TD3+BC,1,0.28869378566741943,11.068671226501465,0.0,0.0,0.02261400001589209,1,0.003367810044437647,0.04413432627916336,0.013026654720306396,18
2026,Selected Production Policy,1,0.28869378566741943,11.068671226501465,0.0,0.0,0.02248340001096949,1,0.003367810044437647,0.04413432627916336,0.013026654720306396,18
2026,Gradient baseline,1,0.3023490309715271,55.22593688964844,0.0,0.0,0.00969420000910759,1,0.008756998926401138,-0.0020812125876545906,-0.0006285905838012695,18
2026,PINN-style baseline,1,0.3016977310180664,12.7041015625,0.0,0.0,0.023380700033158064,1,6.469504296546802e-05,7.521823135903105e-05,2.2709369659423828e-05,18
2026,Base FNO Initializer,1,0.23383036255836487,351.0114440917969,0.0,0.0,1.9000144675374031e-06,0,0.0,0.0,0.0,19
2026,Supervised Latent Neural Operator Corrector,1,0.23113538324832916,340.2109680175781,0.0,0.0,0.017806199961341918,1,0.00916439387947321,0.01159224845468998,0.0026949793100357056,19
2026,TD3+BC,1,0.23113538324832916,340.2109680175781,0.0,0.0,0.022396899992600083,1,0.00916439387947321,0.01159224845468998,0.0026949793100357056,19
2026,Selected Production Policy,1,0.23113538324832916,340.2109680175781,0.0,0.0,0.02501840004697442,1,0.00916439387947321,0.01159224845468998,0.0026949793100357056,19
2026,Gradient baseline,1,0.23342837393283844,327.8486633300781,0.0,0.0,0.009505000023636967,1,0.008833508938550949,0.0017205772455781698,0.0004019886255264282,19
2026,PINN-style baseline,1,0.2338281273841858,350.675537109375,0.0,0.0,0.025059400009922683,1,6.54644682072103e-05,9.536695870338008e-06,2.2351741790771484e-06,19
2026,Base FNO Initializer,1,0.22899553179740906,428.7239685058594,0.0,0.0,2.200016751885414e-06,0,0.0,0.0,0.0,20
2026,Supervised Latent Neural Operator Corrector,1,0.2260545939207077,417.16217041015625,0.0,0.0,0.015806199982762337,1,0.010281127877533436,0.012925950810313225,0.002940937876701355,20
2026,TD3+BC,1,0.2260545939207077,417.16217041015625,0.0,0.0,0.02470860001631081,1,0.010281127877533436,0.012925950810313225,0.002940937876701355,20
2026,Selected Production Policy,1,0.2260545939207077,417.16217041015625,0.0,0.0,0.02443750004749745,1,0.010281127877533436,0.012925950810313225,0.002940937876701355,20
2026,Gradient baseline,1,0.2286158800125122,399.65289306640625,0.0,0.0,0.008962000021710992,1,0.008918745443224907,0.0016592873726040125,0.0003796517848968506,20
2026,PINN-style baseline,1,0.2289925366640091,428.36163330078125,0.0,0.0,0.02461099997162819,1,6.539518653880805e-05,1.3112933629599866e-05,2.995133399963379e-06,20
2026,Base FNO Initializer,1,0.218711256980896,1032.7574462890625,0.0,0.0,2.600019797682762e-06,0,0.0,0.0,0.0,21
2026,Supervised Latent Neural Operator Corrector,1,0.21579831838607788,1008.840576171875,0.0,0.0,0.01642230001743883,1,0.012444255873560905,0.01340805646032095,0.0029129385948181152,21
2026,TD3+BC,1,0.21579831838607788,1008.840576171875,0.0,0.0,0.02488769998308271,1,0.012444255873560905,0.01340805646032095,0.0029129385948181152,21
2026,Selected Production Policy,1,0.21579831838607788,1008.840576171875,0.0,0.0,0.02617720002308488,1,0.012444255873560905,0.01340805646032095,0.0029129385948181152,21
2026,Gradient baseline,1,0.21851879358291626,968.90185546875,0.0,0.0,0.00956690002931282,1,0.009254422970116138,0.0008802877855487168,0.00019246339797973633,21
2026,PINN-style baseline,1,0.21871177852153778,1032.22509765625,0.0,0.0,0.02521379996323958,1,6.55524418107234e-05,-2.3841907932364848e-06,-5.21540641784668e-07,21
2026,Base FNO Initializer,1,0.245682492852211,217.69081115722656,0.0,0.0,2.2999593056738377e-06,0,0.0,0.0,0.0,22
2026,Supervised Latent Neural Operator Corrector,1,0.24327963590621948,208.20997619628906,0.0,0.0,0.01715829997556284,1,0.006689157802611589,0.009828485548496246,0.002402856945991516,22
2026,TD3+BC,1,0.24327963590621948,208.20997619628906,0.0,0.0,0.02327770000556484,1,0.006689157802611589,0.009828485548496246,0.002402856945991516,22
2026,Selected Production Policy,1,0.24327963590621948,208.20997619628906,0.0,0.0,0.024768899951595813,1,0.006689157802611589,0.009828485548496246,0.002402856945991516,22
2026,Gradient baseline,1,0.24521079659461975,206.99632263183594,0.0,0.0,0.009831400006078184,1,0.008618439547717571,0.0019217953085899353,0.00047169625759124756,22
2026,PINN-style baseline,1,0.245675191283226,217.410888671875,0.0,0.0,0.024365600023884326,1,6.542846676893532e-05,2.968267108371947e-05,7.3015689849853516e-06,22
2026,Base FNO Initializer,1,0.42188429832458496,3646.118408203125,0.0,0.0,2.00001522898674e-06,0,0.0,0.0,0.0,23
2026,Supervised Latent Neural Operator Corrector,1,0.41871416568756104,3623.16064453125,0.0,0.0,0.015609499998390675,1,0.014161225408315659,0.007542483974248171,0.0031701326370239258,23
2026,TD3+BC,1,0.41871416568756104,3623.16064453125,0.0,0.0,0.024161300039850175,1,0.014161225408315659,0.007542483974248171,0.0031701326370239258,23
2026,Selected Production Policy,1,0.41871416568756104,3623.16064453125,0.0,0.0,0.024974800006020814,1,0.014161225408315659,0.007542483974248171,0.0031701326370239258,23
2026,Gradient baseline,1,0.42199569940567017,3510.059814453125,0.0,0.0,0.009548500005621463,1,0.009133177809417248,-0.0002640655147843063,-0.00011140108108520508,23
2026,PINN-style baseline,1,0.42188650369644165,3645.271240234375,0.0,0.0,0.026291700021829456,1,6.573847349500284e-05,-5.245224656391656e-06,-2.205371856689453e-06,23
2026,Base FNO Initializer,1,0.23492376506328583,336.3220520019531,0.0,0.0,2.200016751885414e-06,0,0.0,0.0,0.0,24
2026,Supervised Latent Neural Operator Corrector,1,0.23227542638778687,325.6673889160156,0.0,0.0,0.01679229998262599,1,0.00891952682286501,0.011337222531437874,0.0026483386754989624,24
2026,TD3+BC,1,0.23227542638778687,325.6673889160156,0.0,0.0,0.02598869998473674,1,0.00891952682286501,0.011337222531437874,0.0026483386754989624,24
2026,Selected Production Policy,1,0.23227542638778687,325.6673889160156,0.0,0.0,0.0230600000359118,1,0.00891952682286501,0.011337222531437874,0.0026483386754989624,24
2026,Gradient baseline,1,0.23451681435108185,314.4717102050781,0.0,0.0,0.009202899993397295,1,0.008802628144621849,0.0017337868921458721,0.0004069507122039795,24
2026,PINN-style baseline,1,0.23491919040679932,335.9915466308594,0.0,0.0,0.024617199960630387,1,6.549004319822416e-05,1.943092320288997e-05,4.5746564865112305e-06,24
2026,Base FNO Initializer,1,0.21926264464855194,730.4130249023438,0.0,0.0,1.9000144675374031e-06,0,0.0,0.0,0.0,25
2026,Supervised Latent Neural Operator Corrector,1,0.21587549149990082,713.6136474609375,0.0,0.0,0.015541700005996972,1,0.012155585922300816,0.01556843239814043,0.003387153148651123,25
2026,TD3+BC,1,0.21587549149990082,713.6136474609375,0.0,0.0,0.026259400008711964,1,0.012155585922300816,0.01556843239814043,0.003387153148651123,25
2026,Selected Production Policy,1,0.21587549149990082,713.6136474609375,0.0,0.0,0.021641200000885874,1,0.012155585922300816,0.01556843239814043,0.003387153148651123,25
2026,Gradient baseline,1,0.21896803379058838,682.378173828125,0.0,0.0,0.004939400008879602,1,0.009101524949073792,0.001344450400210917,0.000294610857963562,25
2026,PINN-style baseline,1,0.21926110982894897,729.9560546875,0.0,0.0,0.02415439998731017,1,6.560012116096914e-05,7.0333212534023914e-06,1.5348196029663086e-06,25
2026,Base FNO Initializer,1,0.25159189105033875,1806.6959228515625,0.0,0.0,2.00001522898674e-06,0,0.0,0.0,0.0,26
2026,Supervised Latent Neural Operator Corrector,1,0.250999391078949,1759.234130859375,0.0,0.0,0.016364799987059087,1,0.012358216568827629,0.0023577241227030754,0.0005924999713897705,26
2026,TD3+BC,1,0.250999391078949,1759.234130859375,0.0,0.0,0.024375999986659735,1,0.012358216568827629,0.0023577241227030754,0.0005924999713897705,26
2026,Selected Production Policy,1,0.250999391078949,1759.234130859375,0.0,0.0,0.02508370002033189,1,0.012358216568827629,0.0023577241227030754,0.0005924999713897705,26
2026,Gradient baseline,1,0.25158560276031494,1706.363525390625,0.0,0.0,0.009607399988453835,1,0.009203711524605751,2.499128459021449e-05,6.288290023803711e-06,26
2026,PINN-style baseline,1,0.2515944838523865,1806.0242919921875,0.0,0.0,0.016461399965919554,1,6.556250446010381e-05,-1.0311658115824685e-05,-2.592802047729492e-06,26
2026,Base FNO Initializer,1,0.2264646738767624,479.3251037597656,0.0,0.0,2.100015990436077e-06,0,0.0,0.0,0.0,27
2026,Supervised Latent Neural Operator Corrector,1,0.22338126599788666,467.09686279296875,0.0,0.0,0.015772200014907867,1,0.010833526030182838,0.013708905316889286,0.0030834078788757324,27
2026,TD3+BC,1,0.22338126599788666,467.09686279296875,0.0,0.0,0.024155599996447563,1,0.010833526030182838,0.013708905316889286,0.0030834078788757324,27
2026,Selected Production Policy,1,0.22338126599788666,467.09686279296875,0.0,0.0,0.023390499991364777,1,0.010833526030182838,0.013708905316889286,0.0030834078788757324,27
2026,Gradient baseline,1,0.22609125077724457,446.42681884765625,0.0,0.0,0.008786300022620708,1,0.008957820944488049,0.0016502421349287033,0.00037342309951782227,27
2026,PINN-style baseline,1,0.22645996510982513,478.9457702636719,0.0,0.0,0.023840200039558113,1,6.549840327352285e-05,2.0742199922096916e-05,4.708766937255859e-06,27
2026,Base FNO Initializer,1,0.22297409176826477,569.5819091796875,0.0,0.0,2.200016751885414e-06,0,0.0,0.0,0.0,28
2026,Supervised Latent Neural Operator Corrector,1,0.21970228850841522,555.944580078125,0.0,0.0,0.01655830000527203,1,0.011531531810760498,0.014782119542360306,0.0032718032598495483,28
2026,TD3+BC,1,0.21970228850841522,555.944580078125,0.0,0.0,0.025054599973373115,1,0.011531531810760498,0.014782119542360306,0.0032718032598495483,28
2026,Selected Production Policy,1,0.21970228850841522,555.944580078125,0.0,0.0,0.02514440001687035,1,0.011531531810760498,0.014782119542360306,0.0032718032598495483,28
2026,Gradient baseline,1,0.22262944281101227,530.5938720703125,0.0,0.0,0.009656100010033697,1,0.009002781473100185,0.001546814339235425,0.00034464895725250244,28
2026,PINN-style baseline,1,0.22297047078609467,569.1725463867188,0.0,0.0,0.024457399966195226,1,6.54515388305299e-05,1.621233059267979e-05,3.6209821701049805e-06,28
2026,Base FNO Initializer,1,0.3460720479488373,2797.421142578125,0.0,0.0,1.9000144675374031e-06,0,0.0,0.0,0.0,29
2026,Supervised Latent Neural Operator Corrector,1,0.3438606560230255,2748.701904296875,0.0,0.0,0.017954699986148626,1,0.013727281242609024,0.00641041761264205,0.0022113919258117676,29
2026,TD3+BC,1,0.3438606560230255,2748.701904296875,0.0,0.0,0.022629300015978515,1,0.013727281242609024,0.00641041761264205,0.0022113919258117676,29
2026,Selected Production Policy,1,0.3438606560230255,2748.701904296875,0.0,0.0,0.024746900016907603,1,0.013727281242609024,0.00641041761264205,0.0022113919258117676,29
2026,Gradient baseline,1,0.34616684913635254,2671.64111328125,0.0,0.0,0.009143600007519126,1,0.009209828451275826,-0.0002739632618613541,-9.480118751525879e-05,29
2026,PINN-style baseline,1,0.34607425332069397,2796.62939453125,0.0,0.0,0.02390579995699227,1,6.575709994649515e-05,-6.377719728334341e-06,-2.205371856689453e-06,29
2026,Base FNO Initializer,1,0.4810130000114441,4620.02783203125,0.0,0.07487307488918304,1.9000144675374031e-06,0,0.0,0.0,0.0,30
2026,Supervised Latent Neural Operator Corrector,1,0.47811153531074524,4609.48486328125,0.0,0.07487307488918304,0.0181451000389643,1,0.013889926485717297,0.00605015130713582,0.0029014647006988525,30
2026,TD3+BC,1,0.47811153531074524,4609.48486328125,0.0,0.07487307488918304,0.022950700018554926,1,0.013889926485717297,0.00605015130713582,0.0029014647006988525,30
2026,Selected Production Policy,1,0.47811153531074524,4609.48486328125,0.0,0.07487307488918304,0.024313599977176636,1,0.013889926485717297,0.00605015130713582,0.0029014647006988525,30
2026,Gradient baseline,1,0.4811159670352936,4481.57568359375,0.0,0.07487307488918304,0.009611400018911809,1,0.009110639803111553,-0.00021410468616522849,-0.0001029670238494873,30
2026,PINN-style baseline,1,0.4810151159763336,4619.150390625,0.0,0.07487307488918304,0.02578559995163232,1,6.574903090950102e-05,-4.410755536810029e-06,-2.115964889526367e-06,30
2026,Base FNO Initializer,1,0.22708599269390106,1376.085693359375,0.0,0.0,2.200016751885414e-06,0,0.0,0.0,0.0,31
2026,Supervised Latent Neural Operator Corrector,1,0.22531956434249878,1342.6981201171875,0.0,0.0,0.01680879999184981,1,0.0124456025660038,0.007809031754732132,0.0017664283514022827,31
2026,TD3+BC,1,0.22531956434249878,1342.6981201171875,0.0,0.0,0.024839899968355894,1,0.0124456025660038,0.007809031754732132,0.0017664283514022827,31
2026,Selected Production Policy,1,0.22531956434249878,1342.6981201171875,0.0,0.0,0.025475400034338236,1,0.0124456025660038,0.007809031754732132,0.0017664283514022827,31
2026,Gradient baseline,1,0.22698113322257996,1293.991943359375,0.0,0.0,0.009990899998228997,1,0.00921016838401556,0.00046178692718967795,0.00010485947132110596,31
2026,PINN-style baseline,1,0.22708706557750702,1375.484619140625,0.0,0.0,0.03464550001081079,1,6.567117088707164e-05,-4.708780124929035e-06,-1.0728836059570312e-06,31
2026,Base FNO Initializer,1,0.2181762456893921,958.6610107421875,0.0,0.0,2.200016751885414e-06,0,0.0,0.0,0.0,32
2026,Supervised Latent Neural Operator Corrector,1,0.21507635712623596,936.60693359375,0.0,0.0,0.01579110004240647,1,0.01242037769407034,0.01431004237383604,0.003099888563156128,32
2026,TD3+BC,1,0.21507635712623596,936.60693359375,0.0,0.0,0.022642199997790158,1,0.01242037769407034,0.01431004237383604,0.003099888563156128,32
2026,Selected Production Policy,1,0.21507635712623596,936.60693359375,0.0,0.0,0.02338119997875765,1,0.01242037769407034,0.01431004237383604,0.003099888563156128,32
2026,Gradient baseline,1,0.21796533465385437,898.7138061523438,0.0,0.0,0.009899299999233335,1,0.00922016054391861,0.0009671114385128021,0.00021091103553771973,32
2026,PINN-style baseline,1,0.21817649900913239,958.1445922851562,0.0,0.0,0.024534199968911707,1,6.573128484888002e-05,-1.132491092903365e-06,-2.5331974029541016e-07,32
2026,Base FNO Initializer,1,0.22811955213546753,445.33599853515625,0.0,0.0,1.400010660290718e-06,0,0.0,0.0,0.0,33
2026,Supervised Latent Neural Operator Corrector,1,0.2251289039850235,433.56195068359375,0.0,0.0,0.012523800018243492,1,0.010476511903107166,0.013196690008044243,0.0029906481504440308,33
2026,TD3+BC,1,0.2251289039850235,433.56195068359375,0.0,0.0,0.023717100033536553,1,0.010476511903107166,0.013196690008044243,0.0029906481504440308,33
2026,Selected Production Policy,1,0.2251289039850235,433.56195068359375,0.0,0.0,0.022509600035846233,1,0.010476511903107166,0.013196690008044243,0.0029906481504440308,33
2026,Gradient baseline,1,0.22773979604244232,414.8852233886719,0.0,0.0,0.009241599997039884,1,0.008929582312703133,0.0016660710098221898,0.0003797560930252075,33
2026,PINN-style baseline,1,0.22811587154865265,444.9678955078125,0.0,0.0,0.023590800003148615,1,6.516281428048387e-05,1.6093123122118413e-05,3.680586814880371e-06,33
2026,Base FNO Initializer,1,0.3846151828765869,3201.56689453125,0.0,0.0,2.300017513334751e-06,0,0.0,0.0,0.0,34
2026,Supervised Latent Neural Operator Corrector,1,0.3815406858921051,3167.009521484375,0.0,0.0,0.015192099963314831,1,0.014081185683608055,0.008025679737329483,0.0030744969844818115,34
2026,TD3+BC,1,0.3815406858921051,3167.009521484375,0.0,0.0,0.017079400015063584,1,0.014081185683608055,0.008025679737329483,0.0030744969844818115,34
2026,Selected Production Policy,1,0.3815406858921051,3167.009521484375,0.0,0.0,0.024721299996599555,1,0.014081185683608055,0.008025679737329483,0.0030744969844818115,34
2026,Gradient baseline,1,0.3847208321094513,3070.11181640625,0.0,0.0,0.008846500015351921,1,0.00916034635156393,-0.00027467828476801515,-0.00010564923286437988,34
2026,PINN-style baseline,1,0.3846171498298645,3200.74365234375,0.0,0.0,0.023038100043777376,1,6.57600030535832e-05,-5.126014912093524e-06,-1.9669532775878906e-06,34
2026,Base FNO Initializer,1,0.22131839394569397,627.5787353515625,0.0,0.0,2.00001522898674e-06,0,0.0,0.0,0.0,35
2026,Supervised Latent Neural Operator Corrector,1,0.21797291934490204,612.881103515625,0.0,0.0,0.015128900005947798,1,0.011827337555587292,0.015231416560709476,0.003345474600791931,35
2026,TD3+BC,1,0.21797291934490204,612.881103515625,0.0,0.0,0.025718200020492077,1,0.011827337555587292,0.015231416560709476,0.003345474600791931,35
2026,Selected Production Policy,1,0.21797291934490204,612.881103515625,0.0,0.0,0.02392929996130988,1,0.011827337555587292,0.015231416560709476,0.003345474600791931,35
2026,Gradient baseline,1,0.22098928689956665,584.9371948242188,0.0,0.0,0.009774399979505688,1,0.009063159115612507,0.0014881326351314783,0.00032910704612731934,35
2026,PINN-style baseline,1,0.22131699323654175,627.1529541015625,0.0,0.0,0.024886999977752566,1,6.543750350829214e-05,6.318070063571213e-06,1.4007091522216797e-06,35
2026,Base FNO Initializer,2,0.2616204619407654,77.22695922851562,0.0,0.0,2.100015990436077e-06,0,0.0,0.0,0.0,0
2026,Supervised Latent Neural Operator Corrector,2,0.25620636343955994,65.60760498046875,0.0,0.0,0.03360319999046624,2,0.003908866900019348,0.02091154269874096,0.005414098501205444,0
2026,TD3+BC,2,0.25620636343955994,65.60760498046875,0.0,0.0,0.045705399999860674,2,0.003908866900019348,0.02091154269874096,0.005414098501205444,0
2026,Selected Production Policy,2,0.25620636343955994,65.60760498046875,0.0,0.0,0.050517500028945506,2,0.003908866900019348,0.02091154269874096,0.005414098501205444,0
2026,Gradient baseline,2,0.26077115535736084,96.2811508178711,0.0,0.0,0.018674899998586625,2,0.008811329957097769,0.0032514885533601046,0.000849306583404541,0
2026,PINN-style baseline,2,0.261601060628891,76.85584259033203,0.0,0.0,0.050725200038868934,2,6.430380017263815e-05,7.414672654704191e-05,1.940131187438965e-05,0
2026,Base FNO Initializer,2,0.4982249438762665,4961.49072265625,0.0,0.17247915267944336,1.9000144675374031e-06,0,0.0,0.0,0.0,1
2026,Supervised Latent Neural Operator Corrector,2,0.49263736605644226,4949.93603515625,0.0,0.17247915267944336,0.032275900011882186,2,0.013797291554510593,0.011278169229626656,0.005587577819824219,1
2026,TD3+BC,2,0.49263736605644226,4949.93603515625,0.0,0.17247915267944336,0.04721620003692806,2,0.013797291554510593,0.011278169229626656,0.005587577819824219,1
2026,Selected Production Policy,2,0.49263736605644226,4949.93603515625,0.0,0.17247915267944336,0.04812230000970885,2,0.013797291554510593,0.011278169229626656,0.005587577819824219,1
2026,Gradient baseline,2,0.4984765648841858,4738.01220703125,0.0,0.17247915267944336,0.017067699984181672,2,0.008904057554900646,-0.0005049965839134529,-0.0002516210079193115,1
2026,PINN-style baseline,2,0.4982288181781769,4959.7216796875,0.0,0.17247915267944336,0.04763099999399856,2,6.580364788533188e-05,-7.74862337493687e-06,-3.874301910400391e-06,1
2026,Base FNO Initializer,2,0.41192129254341125,3520.406494140625,0.0,0.0,1.800013706088066e-06,0,0.0,0.0,0.0,2
2026,Supervised Latent Neural Operator Corrector,2,0.4055791199207306,3476.975341796875,0.0,0.0,0.021591800032183528,2,0.01420967048034072,0.015516054350882769,0.006342172622680664,2
2026,TD3+BC,2,0.4055791199207306,3476.975341796875,0.0,0.0,0.041537600045558065,2,0.01420967048034072,0.015516054350882769,0.006342172622680664,2
2026,Selected Production Policy,2,0.4055791199207306,3476.975341796875,0.0,0.0,0.04491960001178086,2,0.01420967048034072,0.015516054350882769,0.006342172622680664,2
2026,Gradient baseline,2,0.41222062706947327,3310.99560546875,0.0,0.0,0.017324799962807447,2,0.009204728994518518,-0.0007265083550009876,-0.0002993345260620117,2
2026,PINN-style baseline,2,0.41192612051963806,3518.73046875,0.0,0.0,0.04390990000683814,2,6.567403033841401e-05,-1.174215412902413e-05,-4.827976226806641e-06,2
2026,Base FNO Initializer,2,0.23830251395702362,294.1512145996094,0.0,0.0,2.0999577827751637e-06,0,0.0,0.0,0.0,3
2026,Supervised Latent Neural Operator Corrector,2,0.23356814682483673,275.7512512207031,0.0,0.0,0.029633200028911233,2,0.00824548490345478,0.020066941156983376,0.00473436713218689,3
2026,TD3+BC,2,0.23356814682483673,275.7512512207031,0.0,0.0,0.03775240003596991,2,0.00824548490345478,0.020066941156983376,0.00473436713218689,3
2026,Selected Production Policy,2,0.23356814682483673,275.7512512207031,0.0,0.0,0.04337809997377917,2,0.00824548490345478,0.020066941156983376,0.00473436713218689,3
2026,Gradient baseline,2,0.23743218183517456,292.6732482910156,0.0,0.0,0.017256900027859956,2,0.009170482400804758,0.0036589124938473105,0.0008703321218490601,3
2026,PINN-style baseline,2,0.23828954994678497,293.5301513671875,0.0,0.0,0.04596540000056848,2,6.511923129437491e-05,5.447789953905158e-05,1.2964010238647461e-05,3
2026,Base FNO Initializer,2,0.3017273545265198,2361.033203125,0.0,0.0,1.200009137392044e-06,0,0.0,0.0,0.0,4
2026,Supervised Latent Neural Operator Corrector,2,0.3004405200481415,2267.7255859375,0.0,0.0,0.027863399998750538,2,0.01344190863892436,0.0042738697957247496,0.001286834478378296,4
2026,TD3+BC,2,0.3004405200481415,2267.7255859375,0.0,0.0,0.04368919995613396,2,0.01344190863892436,0.0042738697957247496,0.001286834478378296,4
2026,Selected Production Policy,2,0.3004405200481415,2267.7255859375,0.0,0.0,0.045644600002560765,2,0.01344190863892436,0.0042738697957247496,0.001286834478378296,4
2026,Gradient baseline,2,0.30195021629333496,2190.772216796875,0.0,0.0,0.0175810000509955,2,0.009403367061167955,-0.0007384484051726758,-0.00022286176681518555,4
2026,PINN-style baseline,2,0.30173301696777344,2359.541259765625,0.0,0.0,0.04473249998409301,2,6.570698678842746e-05,-1.8715949408942834e-05,-5.662441253662109e-06,4
2026,Base FNO Initializer,2,0.2180209457874298,910.9425048828125,0.0,0.0,1.8999562598764896e-06,0,0.0,0.0,0.0,5
2026,Supervised Latent Neural Operator Corrector,2,0.2119433432817459,874.8131103515625,0.0,0.0,0.028256399964448065,2,0.012381341308355331,0.02827202621847391,0.006077602505683899,5
2026,TD3+BC,2,0.2119433432817459,874.8131103515625,0.0,0.0,0.043869699991773814,2,0.012381341308355331,0.02827202621847391,0.006077602505683899,5
2026,Selected Production Policy,2,0.2119433432817459,874.8131103515625,0.0,0.0,0.04703600000357255,2,0.012381341308355331,0.02827202621847391,0.006077602505683899,5
2026,Gradient baseline,2,0.2175789773464203,862.8169555664062,0.0,0.0,0.016288399987388402,2,0.009546322282403708,0.0020291309338063,0.0004419684410095215,5
2026,PINN-style baseline,2,0.21802152693271637,909.935791015625,0.0,0.0,0.04422709997743368,2,6.551972910529003e-05,-2.6226105092064245e-06,-5.811452865600586e-07,5
2026,Base FNO Initializer,2,0.22070232033729553,1160.6124267578125,0.0,0.0,1.700012944638729e-06,0,0.0,0.0,0.0,6
2026,Supervised Latent Neural Operator Corrector,2,0.2159583866596222,1113.908447265625,0.0,0.0,0.01455250004073605,2,0.012463054619729519,0.02172897383570671,0.00474393367767334,6
2026,TD3+BC,2,0.2159583866596222,1113.908447265625,0.0,0.0,0.04379799996968359,2,0.012463054619729519,0.02172897383570671,0.00474393367767334,6
2026,Selected Production Policy,2,0.2159583866596222,1113.908447265625,0.0,0.0,0.03401639999356121,2,0.012463054619729519,0.02172897383570671,0.00474393367767334,6
2026,Gradient baseline,2,0.22043900191783905,1087.8333740234375,0.0,0.0,0.016776899981778115,2,0.009481219109147787,0.0011937742528971285,0.00026331841945648193,6
2026,PINN-style baseline,2,0.22070468962192535,1159.4996337890625,0.0,0.0,0.04597830004058778,2,6.534956992254592e-05,-1.0728869710874278e-05,-2.3692846298217773e-06,6
2026,Base FNO Initializer,2,0.24817237257957458,194.40744018554688,0.0,0.0,2.100015990436077e-06,0,0.0,0.0,0.0,7
2026,Supervised Latent Neural Operator Corrector,2,0.24364791810512543,177.6776885986328,0.0,0.0,0.019776000001002103,2,0.006312673911452293,0.018399392254650593,0.004524454474449158,7
2026,TD3+BC,2,0.24364791810512543,177.6776885986328,0.0,0.0,0.043712500017136335,2,0.006312673911452293,0.018399392254650593,0.004524454474449158,7
2026,Selected Production Policy,2,0.24364791810512543,177.6776885986328,0.0,0.0,0.04478789999848232,2,0.006312673911452293,0.018399392254650593,0.004524454474449158,7
2026,Gradient baseline,2,0.2471930980682373,198.82351684570312,0.0,0.0,0.017867900023702532,2,0.00900204200297594,0.003953637322410941,0.0009792745113372803,7
2026,PINN-style baseline,2,0.24815234541893005,193.87831115722656,0.0,0.0,0.04403020004974678,2,6.506652061943896e-05,8.070305193541571e-05,2.002716064453125e-05,7
2026,Base FNO Initializer,2,0.2473365068435669,1748.02587890625,0.0,0.0,1.9000144675374031e-06,0,0.0,0.0,0.0,8
2026,Supervised Latent Neural Operator Corrector,2,0.24617625772953033,1673.2252197265625,0.0,0.0,0.029390200041234493,2,0.012724332511425018,0.004701855941675603,0.00116024911403656,8
2026,TD3+BC,2,0.24617625772953033,1673.2252197265625,0.0,0.0,0.0444224999519065,2,0.012724332511425018,0.004701855941675603,0.00116024911403656,8
2026,Selected Production Policy,2,0.24617625772953033,1673.2252197265625,0.0,0.0,0.04542430001311004,2,0.012724332511425018,0.004701855941675603,0.00116024911403656,8
2026,Gradient baseline,2,0.24737229943275452,1619.0323486328125,0.0,0.0,0.016862799995578825,2,0.009378855116665363,-0.00014483369886875153,-3.579258918762207e-05,8
2026,PINN-style baseline,2,0.24734200537204742,1746.699951171875,0.0,0.0,0.04778960003750399,2,6.54410760034807e-05,-2.2232660739973653e-05,-5.498528480529785e-06,8
2026,Base FNO Initializer,2,0.22570352256298065,496.7232666015625,0.0,0.0,1.700012944638729e-06,0,0.0,0.0,0.0,9
2026,Supervised Latent Neural Operator Corrector,2,0.2198222130537033,474.888671875,0.0,0.0,0.028429500001948327,2,0.011031401343643665,0.026403162628412247,0.005881309509277344,9
2026,TD3+BC,2,0.2198222130537033,474.888671875,0.0,0.0,0.044330500008072704,2,0.011031401343643665,0.026403162628412247,0.005881309509277344,9
2026,Selected Production Policy,2,0.2198222130537033,474.888671875,0.0,0.0,0.04725709999911487,2,0.011031401343643665,0.026403162628412247,0.005881309509277344,9
2026,Gradient baseline,2,0.22496537864208221,483.4034729003906,0.0,0.0,0.017128499981481582,2,0.00939726922661066,0.0032757206354290247,0.0007381439208984375,9
2026,PINN-style baseline,2,0.22569847106933594,495.9556884765625,0.0,0.0,0.04937550000613555,2,6.533552004839294e-05,2.2292008907243144e-05,5.0514936447143555e-06,9
2026,Base FNO Initializer,2,0.22508187592029572,1321.0537109375,0.0,0.0,1.9000144675374031e-06,0,0.0,0.0,0.0,10
2026,Supervised Latent Neural Operator Corrector,2,0.22144074738025665,1267.06201171875,0.0,0.0,0.03142379998462275,2,0.012521232943981886,0.016309082508087158,0.0036411285400390625,10
2026,TD3+BC,2,0.22144074738025665,1267.06201171875,0.0,0.0,0.045069800049532205,2,0.012521232943981886,0.016309082508087158,0.0036411285400390625,10
2026,Selected Production Policy,2,0.22144074738025665,1267.06201171875,0.0,0.0,0.044414900010451674,2,0.012521232943981886,0.016309082508087158,0.0036411285400390625,10
2026,Gradient baseline,2,0.22491173446178436,1232.0758056640625,0.0,0.0,0.017547600029502064,2,0.009403860196471214,0.0007561268139397725,0.00017014145851135254,10
2026,PINN-style baseline,2,0.22508396208286285,1319.877197265625,0.0,0.0,0.04518699995242059,2,6.53795141261071e-05,-9.238745860784547e-06,-2.086162567138672e-06,10
2026,Base FNO Initializer,2,0.45697033405303955,4186.81201171875,0.0,0.010925320908427238,1.800013706088066e-06,0,0.0,0.0,0.0,11
2026,Supervised Latent Neural Operator Corrector,2,0.45091965794563293,4162.71923828125,0.0,0.010925320908427238,0.02924270002404228,2,0.014052079524844885,0.01332901930436492,0.006050676107406616,11
2026,TD3+BC,2,0.45091965794563293,4162.71923828125,0.0,0.010925320908427238,0.04333570000017062,2,0.014052079524844885,0.01332901930436492,0.006050676107406616,11
2026,Selected Production Policy,2,0.45091965794563293,4162.71923828125,0.0,0.010925320908427238,0.049668299965560436,2,0.014052079524844885,0.01332901930436492,0.006050676107406616,11
2026,Gradient baseline,2,0.4572364389896393,3969.272705078125,0.0,0.010925320908427238,0.017490700003691018,2,0.009104414377361536,-0.0005822108068969101,-0.00026610493659973145,11
2026,PINN-style baseline,2,0.45697444677352905,4185.08447265625,0.0,0.010925320908427238,0.05176300002494827,2,6.571915946551599e-05,-8.940721272665542e-06,-4.112720489501953e-06,11
2026,Base FNO Initializer,2,0.22726793587207794,462.10546875,0.0,0.0,3.600027412176132e-06,0,0.0,0.0,0.0,12
2026,Supervised Latent Neural Operator Corrector,2,0.22156117856502533,441.06695556640625,0.0,0.0,0.03697950002970174,2,0.010703971609473228,0.02543071750551462,0.005706757307052612,12
2026,TD3+BC,2,0.22156117856502533,441.06695556640625,0.0,0.0,0.053689800028223544,2,0.010703971609473228,0.02543071750551462,0.005706757307052612,12
2026,Selected Production Policy,2,0.22156117856502533,441.06695556640625,0.0,0.0,0.05288640002254397,2,0.010703971609473228,0.02543071750551462,0.005706757307052612,12
2026,Gradient baseline,2,0.22649972140789032,451.105224609375,0.0,0.0,0.02030239999294281,2,0.009339497424662113,0.0033859247341752052,0.0007682144641876221,12
2026,PINN-style baseline,2,0.22726240754127502,461.3645935058594,0.0,0.0,0.05653479997999966,2,6.516187204397283e-05,2.431854318274418e-05,5.5283308029174805e-06,12
2026,Base FNO Initializer,2,0.40855661034584045,3479.369873046875,0.0,0.0,2.4999608285725117e-06,0,0.0,0.0,0.0,13
2026,Supervised Latent Neural Operator Corrector,2,0.4022171199321747,3434.193115234375,0.0,0.0,0.03486360004171729,2,0.014209188520908356,0.015638241544365883,0.0063394904136657715,13
2026,TD3+BC,2,0.4022171199321747,3434.193115234375,0.0,0.0,0.05141810001805425,2,0.014209188520908356,0.015638241544365883,0.0063394904136657715,13
2026,Selected Production Policy,2,0.4022171199321747,3434.193115234375,0.0,0.0,0.05328750004991889,2,0.014209188520908356,0.015638241544365883,0.0063394904136657715,13
2026,Gradient baseline,2,0.40885573625564575,3270.80419921875,0.0,0.0,0.019663400016725063,2,0.00921166641637683,-0.0007319943106267601,-0.00029912590980529785,13
2026,PINN-style baseline,2,0.408562034368515,3477.6982421875,0.0,0.0,0.04369449999649078,2,6.569786637555808e-05,-1.3291884442878654e-05,-5.424022674560547e-06,13
2026,Base FNO Initializer,2,0.2242628037929535,532.4896240234375,0.0,0.0,1.8999562598764896e-06,0,0.0,0.0,0.0,14
2026,Supervised Latent Neural Operator Corrector,2,0.2182236909866333,509.8003845214844,0.0,0.0,0.032412200001999736,2,0.011314782314002514,0.027297768741846085,0.00603911280632019,14
2026,TD3+BC,2,0.2182236909866333,509.8003845214844,0.0,0.0,0.04562709998572245,2,0.011314782314002514,0.027297768741846085,0.00603911280632019,14
2026,Selected Production Policy,2,0.2182236909866333,509.8003845214844,0.0,0.0,0.021515299973543733,2,0.011314782314002514,0.027297768741846085,0.00603911280632019,14
2026,Gradient baseline,2,0.22354145348072052,517.9794311523438,0.0,0.0,0.0192609999794513,2,0.009424783755093813,0.0032215676037594676,0.0007213503122329712,14
2026,PINN-style baseline,2,0.22425806522369385,531.70068359375,0.0,0.0,0.049907000036910176,2,6.538132947753184e-05,2.1099928744661156e-05,4.738569259643555e-06,14
2026,Base FNO Initializer,2,0.4051777720451355,3438.782958984375,0.0,0.0,2.500019036233425e-06,0,0.0,0.0,0.0,15
2026,Supervised Latent Neural Operator Corrector,2,0.3988470435142517,3391.80419921875,0.0,0.0,0.02938469999935478,2,0.01420580642297864,0.015747766941785812,0.006330728530883789,15
2026,TD3+BC,2,0.3988470435142517,3391.80419921875,0.0,0.0,0.0472969000111334,2,0.01420580642297864,0.015747766941785812,0.006330728530883789,15
2026,Selected Production Policy,2,0.3988470435142517,3391.80419921875,0.0,0.0,0.04559819999849424,2,0.01420580642297864,0.015747766941785812,0.006330728530883789,15
2026,Gradient baseline,2,0.4054763913154602,3231.1142578125,0.0,0.0,0.006910399999469519,2,0.009222404100000858,-0.0007368248188868165,-0.00029861927032470703,15
2026,PINN-style baseline,2,0.4051828980445862,3437.11376953125,0.0,0.0,0.04165839997585863,2,6.57532291370444e-05,-1.269583390239859e-05,-5.125999450683594e-06,15
2026,Base FNO Initializer,2,0.26516905426979065,53.832645416259766,0.0,0.0,1.9000144675374031e-06,0,0.0,0.0,0.0,16
2026,Supervised Latent Neural Operator Corrector,2,0.25869956612586975,44.5787239074707,0.0,0.0,0.02987660001963377,2,0.003436041413806379,0.02470012567937374,0.0064694881439208984,16
2026,TD3+BC,2,0.25869956612586975,44.5787239074707,0.0,0.0,0.04625139996642247,2,0.003436041413806379,0.02470012567937374,0.0064694881439208984,16
2026,Selected Production Policy,2,0.25869956612586975,44.5787239074707,0.0,0.0,0.04534449998755008,2,0.003436041413806379,0.02470012567937374,0.0064694881439208984,16
2026,Gradient baseline,2,0.26463964581489563,75.85646057128906,0.0,0.0,0.018785700027365237,2,0.008890093304216862,0.0019984194077551365,0.0005294084548950195,16
2026,PINN-style baseline,2,0.265139639377594,53.50315475463867,0.0,0.0,0.044858000008389354,2,6.448311251006089e-05,0.00011098076356574893,2.9414892196655273e-05,16
2026,Base FNO Initializer,2,0.4476301670074463,4021.540283203125,0.0,0.002559700980782509,1.7999554984271526e-06,0,0.0,0.0,0.0,17
2026,Supervised Latent Neural Operator Corrector,2,0.4414876401424408,3993.939208984375,0.0,0.002559700980782509,0.0297864000312984,2,0.014102327637374401,0.013817193452268839,0.006142526865005493,17
2026,TD3+BC,2,0.4414876401424408,3993.939208984375,0.0,0.002559700980782509,0.04240090004168451,2,0.014102327637374401,0.013817193452268839,0.006142526865005493,17
2026,Selected Production Policy,2,0.4414876401424408,3993.939208984375,0.0,0.002559700980782509,0.04346989997429773,2,0.014102327637374401,0.013817193452268839,0.006142526865005493,17
2026,Gradient baseline,2,0.4479055106639862,3805.30029296875,0.0,0.002559700980782509,0.01920330000575632,2,0.009111274965107441,-0.0006150041444925591,-0.000275343656539917,17
2026,PINN-style baseline,2,0.44763419032096863,4019.826171875,0.0,0.002559700980782509,0.04739540000446141,2,6.57011587463785e-05,-9.000326372188283e-06,-4.023313522338867e-06,17
2026,Base FNO Initializer,2,0.30172044038772583,12.80700397491455,0.0,0.0,1.800013706088066e-06,0,0.0,0.0,0.0,18
2026,Supervised Latent Neural Operator Corrector,2,0.27621379494667053,9.941801071166992,0.0,0.0,0.019502599956467748,2,0.003434710786677897,0.08832568302750587,0.025506645441055298,18
2026,TD3+BC,2,0.27621379494667053,9.941801071166992,0.0,0.0,0.03174039995064959,2,0.003434710786677897,0.08832568302750587,0.025506645441055298,18
2026,Selected Production Policy,2,0.27621379494667053,9.941801071166992,0.0,0.0,0.04465070000151172,2,0.003434710786677897,0.08832568302750587,0.025506645441055298,18
2026,Gradient baseline,2,0.30188092589378357,34.59885025024414,0.0,0.0,0.016978200001176447,2,0.009086580481380224,-0.0005317835602909327,-0.00016048550605773926,18
2026,PINN-style baseline,2,0.3016742467880249,12.606205940246582,0.0,0.0,0.03780360001837835,2,6.400683923857287e-05,0.0001530588706373237,4.6193599700927734e-05,18
2026,Base FNO Initializer,2,0.23383036255836487,351.0114440917969,0.0,0.0,1.200009137392044e-06,0,0.0,0.0,0.0,19
2026,Supervised Latent Neural Operator Corrector,2,0.22878503799438477,331.7834777832031,0.0,0.0,0.013943099998869002,2,0.009233074262738228,0.021813012659549713,0.0050453245639801025,19
2026,TD3+BC,2,0.22878503799438477,331.7834777832031,0.0,0.0,0.03503239998826757,2,0.009233074262738228,0.021813012659549713,0.0050453245639801025,19
2026,Selected Production Policy,2,0.22878503799438477,331.7834777832031,0.0,0.0,0.05118169996421784,2,0.009233074262738228,0.021813012659549713,0.0050453245639801025,19
2026,Gradient baseline,2,0.23301030695438385,345.5130920410156,0.0,0.0,0.01974990003509447,2,0.009204190224409103,0.0035131426993757486,0.0008200556039810181,19
2026,PINN-style baseline,2,0.23382659256458282,350.34466552734375,0.0,0.0,0.05381069995928556,2,6.515251152450219e-05,1.609318314876873e-05,3.769993782043457e-06,19
2026,Base FNO Initializer,2,0.22899553179740906,428.7239685058594,0.0,0.0,3.00002284348011e-06,0,0.0,0.0,0.0,20
2026,Supervised Latent Neural Operator Corrector,2,0.22347748279571533,408.33709716796875,0.0,0.0,0.03249479999067262,2,0.010332091711461544,0.02439174149185419,0.005518049001693726,20
2026,TD3+BC,2,0.22347748279571533,408.33709716796875,0.0,0.0,0.04269879998173565,2,0.010332091711461544,0.02439174149185419,0.005518049001693726,20
2026,Selected Production Policy,2,0.22347748279571533,408.33709716796875,0.0,0.0,0.04762290004873648,2,0.010332091711461544,0.02439174149185419,0.005518049001693726,20
2026,Gradient baseline,2,0.22823190689086914,419.6219177246094,0.0,0.0,0.017778699984773993,2,0.009299312252551317,0.0033402276458218694,0.000763624906539917,20
2026,PINN-style baseline,2,0.22898900508880615,428.0042724609375,0.0,0.0,0.04400620004162192,2,6.511279934784397e-05,2.8490811928350013e-05,6.5267086029052734e-06,20
2026,Base FNO Initializer,2,0.218711256980896,1032.7574462890625,0.0,0.0,1.9000144675374031e-06,0,0.0,0.0,0.0,21
2026,Supervised Latent Neural Operator Corrector,2,0.21318836510181427,991.5985717773438,0.0,0.0,0.03192709997529164,2,0.012430411297827959,0.02557608298957348,0.005522891879081726,21
2026,TD3+BC,2,0.21318836510181427,991.5985717773438,0.0,0.0,0.04699029994662851,2,0.012430411297827959,0.02557608298957348,0.005522891879081726,21
2026,Selected Production Policy,2,0.21318836510181427,991.5985717773438,0.0,0.0,0.0496543999761343,2,0.012430411297827959,0.02557608298957348,0.005522891879081726,21
2026,Gradient baseline,2,0.21837118268013,973.656982421875,0.0,0.0,0.01897490001283586,2,0.009557111654430628,0.0015559275052510202,0.0003400743007659912,21
2026,PINN-style baseline,2,0.2187122255563736,1031.697509765625,0.0,0.0,0.03892939997604117,2,6.523686897708103e-05,-4.410752808325924e-06,-9.685754776000977e-07,21
2026,Base FNO Initializer,2,0.245682492852211,217.69081115722656,0.0,0.0,1.700012944638729e-06,0,0.0,0.0,0.0,22
2026,Supervised Latent Neural Operator Corrector,2,0.24116076529026031,200.48492431640625,0.0,0.0,0.01274029997875914,2,0.006772196851670742,0.01857617124915123,0.004521727561950684,22
2026,TD3+BC,2,0.24116076529026031,200.48492431640625,0.0,0.0,0.02176459995098412,2,0.006772196851670742,0.01857617124915123,0.004521727561950684,22
2026,Selected Production Policy,2,0.24116076529026031,200.48492431640625,0.0,0.0,0.04812430002493784,2,0.006772196851670742,0.01857617124915123,0.004521727561950684,22
2026,Gradient baseline,2,0.24474158883094788,221.88449096679688,0.0,0.0,0.016227399988565594,2,0.00903222244232893,0.003837039228528738,0.0009409040212631226,22
2026,PINN-style baseline,2,0.2456684559583664,217.1363983154297,0.0,0.0,0.02811640000436455,2,6.514191409223713e-05,5.710042933060322e-05,1.4036893844604492e-05,22
2026,Base FNO Initializer,2,0.42188429832458496,3646.118408203125,0.0,0.0,1.9000144675374031e-06,0,0.0,0.0,0.0,23
2026,Supervised Latent Neural Operator Corrector,2,0.41556259989738464,3607.50244140625,0.0,0.0,0.030647900013718754,2,0.014197795186191797,0.015097626019269228,0.006321698427200317,23
2026,TD3+BC,2,0.41556259989738464,3607.50244140625,0.0,0.0,0.0471471999771893,2,0.014197795186191797,0.015097626019269228,0.006321698427200317,23
2026,Selected Production Policy,2,0.41556259989738464,3607.50244140625,0.0,0.0,0.04957919998560101,2,0.014197795186191797,0.015097626019269228,0.006321698427200317,23
2026,Gradient baseline,2,0.422184556722641,3434.1875,0.0,0.0,0.016299399954732507,2,0.009198244661092758,-0.0007115413609426469,-0.0003002583980560303,23
2026,PINN-style baseline,2,0.42188864946365356,3644.427490234375,0.0,0.0,0.04495619999943301,2,6.572045822395012e-05,-1.0311634468962438e-05,-4.351139068603516e-06,23
2026,Base FNO Initializer,2,0.23492376506328583,336.3220520019531,0.0,0.0,1.8999562598764896e-06,0,0.0,0.0,0.0,24
2026,Supervised Latent Neural Operator Corrector,2,0.22996637225151062,317.3167419433594,0.0,0.0,0.03176380001241341,2,0.008991761598736048,0.021327986381947994,0.0049573928117752075,24
2026,TD3+BC,2,0.22996637225151062,317.3167419433594,0.0,0.0,0.04696429998148233,2,0.008991761598736048,0.021327986381947994,0.0049573928117752075,24
2026,Selected Production Policy,2,0.22996637225151062,317.3167419433594,0.0,0.0,0.04401099996175617,2,0.008991761598736048,0.021327986381947994,0.0049573928117752075,24
2026,Gradient baseline,2,0.23409351706504822,332.3865966796875,0.0,0.0,0.0168961999588646,2,0.009190921671688557,0.0035403937799856067,0.0008302479982376099,24
2026,PINN-style baseline,2,0.2349151223897934,335.6662902832031,0.0,0.0,0.039965500007383525,2,6.511807805509306e-05,3.671611921163276e-05,8.64267349243164e-06,24
2026,Base FNO Initializer,2,0.21926264464855194,730.4130249023438,0.0,0.0,1.300009898841381e-06,0,0.0,0.0,0.0,25
2026,Supervised Latent Neural Operator Corrector,2,0.2128414660692215,701.357177734375,0.0,0.0,0.01152100000763312,2,0.012157941702753305,0.02972252294421196,0.006421178579330444,25
2026,TD3+BC,2,0.2128414660692215,701.357177734375,0.0,0.0,0.029626399977132678,2,0.012157941702753305,0.02972252294421196,0.006421178579330444,25
2026,Selected Production Policy,2,0.2128414660692215,701.357177734375,0.0,0.0,0.04573589999927208,2,0.012157941702753305,0.02972252294421196,0.006421178579330444,25
2026,Gradient baseline,2,0.21865364909172058,697.9021606445312,0.0,0.0,0.016252200002782047,2,0.009498985018581152,0.0027811520267277956,0.0006089955568313599,25
2026,PINN-style baseline,2,0.2192593812942505,729.5042114257812,0.0,0.0,0.04346860002260655,2,6.540339745697565e-05,1.490110162194469e-05,3.2633543014526367e-06,25
2026,Base FNO Initializer,2,0.25159189105033875,1806.6959228515625,0.0,0.0,1.600012183189392e-06,0,0.0,0.0,0.0,26
2026,Supervised Latent Neural Operator Corrector,2,0.25066298246383667,1729.140869140625,0.0,0.0,0.02802169998176396,2,0.012740687932819128,0.0036987963831052184,0.0009289085865020752,26
2026,TD3+BC,2,0.25066298246383667,1729.140869140625,0.0,0.0,0.04314600001089275,2,0.012740687932819128,0.0036987963831052184,0.0009289085865020752,26
2026,Selected Production Policy,2,0.25066298246383667,1729.140869140625,0.0,0.0,0.04108980001183227,2,0.012740687932819128,0.0036987963831052184,0.0009289085865020752,26
2026,Gradient baseline,2,0.2516506314277649,1672.8775634765625,0.0,0.0,0.017819900007452816,2,0.009367116261273623,-0.00023347363458015025,-5.874037742614746e-05,26
2026,PINN-style baseline,2,0.2515968084335327,1805.357177734375,0.0,0.0,0.03937650000443682,2,6.538307206938043e-05,-1.9550422621250618e-05,-4.9173831939697266e-06,26
2026,Base FNO Initializer,2,0.2264646738767624,479.3251037597656,0.0,0.0,1.700012944638729e-06,0,0.0,0.0,0.0,27
2026,Supervised Latent Neural Operator Corrector,2,0.220668226480484,457.87554931640625,0.0,0.0,0.030360100034158677,2,0.010873702820390463,0.02592853084206581,0.005796447396278381,27
2026,TD3+BC,2,0.220668226480484,457.87554931640625,0.0,0.0,0.04821909999009222,2,0.010873702820390463,0.02592853084206581,0.005796447396278381,27
2026,Selected Production Policy,2,0.220668226480484,457.87554931640625,0.0,0.0,0.07270650001009926,2,0.010873702820390463,0.02592853084206581,0.005796447396278381,27
2026,Gradient baseline,2,0.2257051318883896,466.43194580078125,0.0,0.0,0.01823119999608025,2,0.009354783222079277,0.0033595054410398006,0.0007595419883728027,27
2026,PINN-style baseline,2,0.22645597159862518,478.5716247558594,0.0,0.0,0.041802699968684465,2,6.520691022160463e-05,3.838501652353443e-05,8.702278137207031e-06,27
2026,Base FNO Initializer,2,0.22297409176826477,569.5819091796875,0.0,0.0,1.6999547369778156e-06,0,0.0,0.0,0.0,28
2026,Supervised Latent Neural Operator Corrector,2,0.2168022245168686,545.8370971679688,0.0,0.0,0.03158489998895675,2,0.011555205099284649,0.02806996926665306,0.006171867251396179,28
2026,TD3+BC,2,0.2168022245168686,545.8370971679688,0.0,0.0,0.038866299961227924,2,0.011555205099284649,0.02806996926665306,0.006171867251396179,28
2026,Selected Production Policy,2,0.2168022245168686,545.8370971679688,0.0,0.0,0.04665229999227449,2,0.011555205099284649,0.02806996926665306,0.006171867251396179,28
2026,Gradient baseline,2,0.22224073112010956,550.5626220703125,0.0,0.0,0.018655499967280775,2,0.009442873299121857,0.0032942763064056635,0.0007333606481552124,28
2026,PINN-style baseline,2,0.22296719253063202,568.7682495117188,0.0,0.0,0.04269670002395287,2,6.528604353661649e-05,3.087496406806167e-05,6.899237632751465e-06,28
2026,Base FNO Initializer,2,0.3460720479488373,2797.421142578125,0.0,0.0,1.6999547369778156e-06,0,0.0,0.0,0.0,29
2026,Supervised Latent Neural Operator Corrector,2,0.3417947292327881,2716.780517578125,0.0,0.0,0.03106469998601824,2,0.013886025175452232,0.012436512857675552,0.004277318716049194,29
2026,TD3+BC,2,0.3417947292327881,2716.780517578125,0.0,0.0,0.045521699998062104,2,0.013886025175452232,0.012436512857675552,0.004277318716049194,29
2026,Selected Production Policy,2,0.3417947292327881,2716.780517578125,0.0,0.0,0.03160149999894202,2,0.013886025175452232,0.012436512857675552,0.004277318716049194,29
2026,Gradient baseline,2,0.3463497757911682,2608.752197265625,0.0,0.0,0.01707419997546822,2,0.009321800898760557,-0.0008023040136322379,-0.0002777278423309326,29
2026,PINN-style baseline,2,0.3460763990879059,2795.842041015625,0.0,0.0,0.047198700020089746,2,6.564979048562236e-05,-1.2576624158100458e-05,-4.351139068603516e-06,29
2026,Base FNO Initializer,2,0.4810130000114441,4620.02783203125,0.0,0.07487307488918304,2.3999600671231747e-06,0,0.0,0.0,0.0,30
2026,Supervised Latent Neural Operator Corrector,2,0.4752243757247925,4603.8369140625,0.0,0.07487307488918304,0.032530699972994626,2,0.013910161331295967,0.012107056099921465,0.005788624286651611,30
2026,TD3+BC,2,0.4752243757247925,4603.8369140625,0.0,0.07487307488918304,0.026682899973820895,2,0.013910161331295967,0.012107056099921465,0.005788624286651611,30
2026,Selected Production Policy,2,0.4752243757247925,4603.8369140625,0.0,0.07487307488918304,0.048234199988655746,2,0.013910161331295967,0.012107056099921465,0.005788624286651611,30
2026,Gradient baseline,2,0.481268972158432,4398.86669921875,0.0,0.07487307488918304,0.018932199978735298,2,0.008985885884612799,-0.0005321256758179516,-0.00025597214698791504,30
2026,PINN-style baseline,2,0.4810172915458679,4618.2763671875,0.0,0.07487307488918304,0.04661860002670437,2,6.575844963663258e-05,-8.940721272665542e-06,-4.291534423828125e-06,30
2026,Base FNO Initializer,2,0.22708599269390106,1376.085693359375,0.0,0.0,2.00001522898674e-06,0,0.0,0.0,0.0,31
2026,Supervised Latent Neural Operator Corrector,2,0.223822221159935,1319.5328369140625,0.0,0.0,0.030168200028128922,2,0.012547614984214306,0.014476579613983631,0.0032637715339660645,31
2026,TD3+BC,2,0.223822221159935,1319.5328369140625,0.0,0.0,0.03997109999181703,2,0.012547614984214306,0.014476579613983631,0.0032637715339660645,31
2026,Selected Production Policy,2,0.223822221159935,1319.5328369140625,0.0,0.0,0.04505509999580681,2,0.012547614984214306,0.014476579613983631,0.0032637715339660645,31
2026,Gradient baseline,2,0.22694404423236847,1281.36669921875,0.0,0.0,0.01731710002059117,2,0.009398064110428095,0.0006251635641092435,0.00014194846153259277,31
2026,PINN-style baseline,2,0.22708840668201447,1374.8880615234375,0.0,0.0,0.032966700033284724,2,6.543021663674153e-05,-1.0609659511828795e-05,-2.4139881134033203e-06,31
2026,Base FNO Initializer,2,0.2181762456893921,958.6610107421875,0.0,0.0,1.9000144675374031e-06,0,0.0,0.0,0.0,32
2026,Supervised Latent Neural Operator Corrector,2,0.21228988468647003,920.666015625,0.0,0.0,0.032154199958313257,2,0.012405189219862223,0.027350346557796,0.005886361002922058,32
2026,TD3+BC,2,0.21228988468647003,920.666015625,0.0,0.0,0.047663799952715635,2,0.012405189219862223,0.027350346557796,0.005886361002922058,32
2026,Selected Production Policy,2,0.21228988468647003,920.666015625,0.0,0.0,0.04665129998466,2,0.012405189219862223,0.027350346557796,0.005886361002922058,32
2026,Gradient baseline,2,0.21778546273708344,906.938720703125,0.0,0.0,0.02031150000402704,2,0.009556673001497984,0.0017926035798154771,0.0003907829523086548,32
2026,PINN-style baseline,2,0.21817666292190552,957.6334228515625,0.0,0.0,0.047480200009886175,2,6.557615779456683e-05,-1.907353919250454e-06,-4.172325134277344e-07,32
2026,Base FNO Initializer,2,0.22811955213546753,445.33599853515625,0.0,0.0,2.00001522898674e-06,0,0.0,0.0,0.0,33
2026,Supervised Latent Neural Operator Corrector,2,0.22250443696975708,424.6112060546875,0.0,0.0,0.032237400009762496,2,0.010523849166929722,0.024922776967287064,0.005615115165710449,33
2026,TD3+BC,2,0.22250443696975708,424.6112060546875,0.0,0.0,0.04893769999034703,2,0.010523849166929722,0.024922776967287064,0.005615115165710449,33
2026,Selected Production Policy,2,0.22250443696975708,424.6112060546875,0.0,0.0,0.026176300016231835,2,0.010523849166929722,0.024922776967287064,0.005615115165710449,33
2026,Gradient baseline,2,0.22735171020030975,435.1067199707031,0.0,0.0,0.018798200006131083,2,0.009312259964644909,0.0033715266035869718,0.0007678419351577759,33
2026,PINN-style baseline,2,0.22811131179332733,444.6048278808594,0.0,0.0,0.04952559998491779,2,6.491439489764161e-05,3.612008185882587e-05,8.240342140197754e-06,33
2026,Base FNO Initializer,2,0.3846151828765869,3201.56689453125,0.0,0.0,2.100015990436077e-06,0,0.0,0.0,0.0,34
2026,Supervised Latent Neural Operator Corrector,2,0.3785160183906555,3143.028564453125,0.0,0.0,0.03144299995619804,2,0.01412026397883892,0.015984658151865005,0.0060991644859313965,34
2026,TD3+BC,2,0.3785160183906555,3143.028564453125,0.0,0.0,0.04587309999624267,2,0.01412026397883892,0.015984658151865005,0.0060991644859313965,34
2026,Selected Production Policy,2,0.3785160183906555,3143.028564453125,0.0,0.0,0.04303070000605658,2,0.01412026397883892,0.015984658151865005,0.0060991644859313965,34
2026,Gradient baseline,2,0.38490986824035645,3000.075439453125,0.0,0.0,0.016458600002806634,2,0.009245322085916996,-0.0007659847615286708,-0.00029468536376953125,34
2026,PINN-style baseline,2,0.3846192955970764,3199.92431640625,0.0,0.0,0.03705460001947358,2,6.571695121238008e-05,-1.0728869710874278e-05,-4.112720489501953e-06,34
2026,Base FNO Initializer,2,0.22131839394569397,627.5787353515625,0.0,0.0,1.6300007700920105e-05,0,0.0,0.0,0.0,35
2026,Supervised Latent Neural Operator Corrector,2,0.21499484777450562,602.0662841796875,0.0,0.0,0.027003299968782812,2,0.011842208914458752,0.028988167643547058,0.0063235461711883545,35
2026,TD3+BC,2,0.21499484777450562,602.0662841796875,0.0,0.0,0.04417710000416264,2,0.011842208914458752,0.028988167643547058,0.0063235461711883545,35
2026,Selected Production Policy,2,0.21499484777450562,602.0662841796875,0.0,0.0,0.046160000027157366,2,0.011842208914458752,0.028988167643547058,0.0063235461711883545,35
2026,Gradient baseline,2,0.22059626877307892,603.4847412109375,0.0,0.0,0.01771379995625466,2,0.009500138461589813,0.003268080996349454,0.0007221251726150513,35
2026,PINN-style baseline,2,0.22131475806236267,626.7321166992188,0.0,0.0,0.0435433000093326,2,6.530978134833276e-05,1.6450806924694916e-05,3.635883331298828e-06,35
2026,Base FNO Initializer,5,0.2616204619407654,77.22695922851562,0.0,0.0,1.200009137392044e-06,0,0.0,0.0,0.0,0
2026,Supervised Latent Neural Operator Corrector,5,0.2508925199508667,57.55653381347656,0.0,0.0,0.07465370005229488,5,0.003840730618685484,0.04187022568657994,0.010727941989898682,0
2026,TD3+BC,5,0.2508925199508667,57.55653381347656,0.0,0.0,0.122367599979043,5,0.003840730618685484,0.04187022568657994,0.010727941989898682,0
2026,Selected Production Policy,5,0.2508925199508667,57.55653381347656,0.0,0.0,0.09540260001085699,5,0.003840730618685484,0.04187022568657994,0.010727941989898682,0
2026,Gradient baseline,5,0.2596063017845154,103.3639144897461,0.0,0.0,0.027479700045660138,5,0.009825332462787629,0.007728306110948324,0.00201416015625,0
2026,PINN-style baseline,5,0.261553555727005,76.33209228515625,0.0,0.0,0.13027089997194707,5,6.300151580944658e-05,0.0002556969702709466,6.690621376037598e-05,0
2026,Base FNO Initializer,5,0.4982249438762665,4961.49072265625,0.0,0.17247915267944336,2.00001522898674e-06,0,0.0,0.0,0.0,1
2026,Supervised Latent Neural Operator Corrector,5,0.48431235551834106,4955.01611328125,0.0,0.17247915267944336,0.07430089998524636,5,0.013797931931912899,0.028321131132543087,0.013912588357925415,1
2026,TD3+BC,5,0.48431235551834106,4955.01611328125,0.0,0.17247915267944336,0.12143679999280721,5,0.013797931931912899,0.028321131132543087,0.013912588357925415,1
2026,Selected Production Policy,5,0.48431235551834106,4955.01611328125,0.0,0.17247915267944336,0.11107089999131858,5,0.013797931931912899,0.028321131132543087,0.013912588357925415,1
2026,Gradient baseline,5,0.4990440607070923,4663.74365234375,0.0,0.17247915267944336,0.049185600015334785,5,0.00881490483880043,-0.0016429438401246443,-0.0008191168308258057,1
2026,PINN-style baseline,5,0.4982345402240753,4957.09521484375,0.0,0.17247915267944336,0.10993299999972805,5,6.557261949637904e-05,-1.91927435935213e-05,-9.59634780883789e-06,1
2026,Base FNO Initializer,5,0.41192129254341125,3520.406494140625,0.0,0.0,1.400010660290718e-06,0,0.0,0.0,0.0,2
2026,Supervised Latent Neural Operator Corrector,5,0.39614760875701904,3458.92919921875,0.0,0.0,0.05912890000035986,5,0.014219079539179802,0.03904491988942027,0.015773683786392212,2
2026,TD3+BC,5,0.39614760875701904,3458.92919921875,0.0,0.0,0.11940669995965436,5,0.014219079539179802,0.03904491988942027,0.015773683786392212,2
2026,Selected Production Policy,5,0.39614760875701904,3458.92919921875,0.0,0.0,0.11891899997135624,5,0.014219079539179802,0.03904491988942027,0.015773683786392212,2
2026,Gradient baseline,5,0.412723183631897,3278.68115234375,0.0,0.0,0.035954800026956946,5,0.009689760208129884,-0.0019450145482551306,-0.0008018910884857178,2
2026,PINN-style baseline,5,0.4119330942630768,3516.247314453125,0.0,0.0,0.11550049996003509,5,6.541969632962718e-05,-2.8669927814917173e-05,-1.1801719665527344e-05,2
2026,Base FNO Initializer,5,0.23830251395702362,294.1512145996094,0.0,0.0,2.400018274784088e-06,0,0.0,0.0,0.0,3
2026,Supervised Latent Neural Operator Corrector,5,0.22933214902877808,265.7523498535156,0.0,0.0,0.07859150000149384,5,0.00832786988466978,0.03836930077522993,0.008970364928245544,3
2026,TD3+BC,5,0.22933214902877808,265.7523498535156,0.0,0.0,0.11836870003025979,5,0.00832786988466978,0.03836930077522993,0.008970364928245544,3
2026,Selected Production Policy,5,0.22933214902877808,265.7523498535156,0.0,0.0,0.11944939999375492,5,0.00832786988466978,0.03836930077522993,0.008970364928245544,3
2026,Gradient baseline,5,0.23661518096923828,285.8126220703125,0.0,0.0,0.043278399971313775,5,0.009797515533864497,0.007105664990376681,0.0016873329877853394,3
2026,PINN-style baseline,5,0.23827150464057922,292.6339111328125,0.0,0.0,0.08715060004033148,5,6.417718541342765e-05,0.0001301748361584032,3.100931644439697e-05,3
2026,Base FNO Initializer,5,0.3017273545265198,2361.033203125,0.0,0.0,1.300009898841381e-06,0,0.0,0.0,0.0,4
2026,Supervised Latent Neural Operator Corrector,5,0.29937249422073364,2231.92724609375,0.0,0.0,0.07395220000762492,5,0.013837576657533646,0.00783472234616056,0.002354860305786133,4
2026,TD3+BC,5,0.29937249422073364,2231.92724609375,0.0,0.0,0.09239269996760413,5,0.013837576657533646,0.00783472234616056,0.002354860305786133,4
2026,Selected Production Policy,5,0.29937249422073364,2231.92724609375,0.0,0.0,0.12178039998980239,5,0.013837576657533646,0.00783472234616056,0.002354860305786133,4
2026,Gradient baseline,5,0.3022904694080353,2188.9775390625,0.0,0.0,0.045559999998658895,5,0.009826721996068955,-0.001864834048319608,-0.0005631148815155029,4
2026,PINN-style baseline,5,0.30174198746681213,2357.333740234375,0.0,0.0,0.11862299998756498,5,6.540869799209759e-05,-4.8458820856467355e-05,-1.4632940292358398e-05,4
2026,Base FNO Initializer,5,0.2180209457874298,910.9425048828125,0.0,0.0,1.800013706088066e-06,0,0.0,0.0,0.0,5
2026,Supervised Latent Neural Operator Corrector,5,0.20486263930797577,860.2174072265625,0.0,0.0,0.07454510004026815,5,0.012414350174367428,0.062250942923128605,0.01315830647945404,5
2026,TD3+BC,5,0.20486263930797577,860.2174072265625,0.0,0.0,0.11581920000026003,5,0.012414350174367428,0.062250942923128605,0.01315830647945404,5
2026,Selected Production Policy,5,0.20486263930797577,860.2174072265625,0.0,0.0,0.12051000003702939,5,0.012414350174367428,0.062250942923128605,0.01315830647945404,5
2026,Gradient baseline,5,0.21722590923309326,855.6945190429688,0.0,0.0,0.04590309999184683,5,0.009980013221502304,0.003652998013421893,0.0007950365543365479,5
2026,PINN-style baseline,5,0.21802224218845367,908.4623413085938,0.0,0.0,0.12012569996295497,5,6.474794790847226e-05,-5.900875237330183e-06,-1.296401023864746e-06,5
2026,Base FNO Initializer,5,0.22070232033729553,1160.6124267578125,0.0,0.0,2.4999608285725117e-06,0,0.0,0.0,0.0,6
2026,Supervised Latent Neural Operator Corrector,5,0.2105628252029419,1091.7880859375,0.0,0.0,0.07973439997294918,5,0.01253453753888607,0.04703047638759017,0.010139495134353638,6
2026,TD3+BC,5,0.2105628252029419,1091.7880859375,0.0,0.0,0.12040920002618805,5,0.01253453753888607,0.04703047638759017,0.010139495134353638,6
2026,Selected Production Policy,5,0.2105628252029419,1091.7880859375,0.0,0.0,0.11735210003098473,5,0.01253453753888607,0.04703047638759017,0.010139495134353638,6
2026,Gradient baseline,5,0.22020715475082397,1086.5738525390625,0.0,0.0,0.04953910002950579,5,0.009910396859049797,0.0022458114253822714,0.0004951655864715576,6
2026,PINN-style baseline,5,0.22070954740047455,1157.8651123046875,0.0,0.0,0.1289161000167951,5,6.479181320173666e-05,-3.272307094448479e-05,-7.227063179016113e-06,6
2026,Base FNO Initializer,5,0.24817237257957458,194.40744018554688,0.0,0.0,2.200016751885414e-06,0,0.0,0.0,0.0,7
2026,Supervised Latent Neural Operator Corrector,5,0.23947952687740326,166.6829833984375,0.0,0.0,0.0867053999681957,5,0.006349363550543785,0.03565550362691283,0.008692845702171326,7
2026,TD3+BC,5,0.23947952687740326,166.6829833984375,0.0,0.0,0.11686670000199229,5,0.006349363550543785,0.03565550362691283,0.008692845702171326,7
2026,Selected Production Policy,5,0.23947952687740326,166.6829833984375,0.0,0.0,0.1168953999876976,5,0.006349363550543785,0.03565550362691283,0.008692845702171326,7
2026,Gradient baseline,5,0.24629026651382446,199.20423889160156,0.0,0.0,0.03456439997535199,5,0.009779738634824753,0.007612582296133041,0.001882106065750122,7
2026,PINN-style baseline,5,0.24812497198581696,193.11813354492188,0.0,0.0,0.09607760002836585,5,6.434039096347988e-05,0.0001909696038637776,4.7400593757629395e-05,7
2026,Base FNO Initializer,5,0.2473365068435669,1748.02587890625,0.0,0.0,1.4999532140791416e-06,0,0.0,0.0,0.0,8
2026,Supervised Latent Neural Operator Corrector,5,0.24564097821712494,1635.8131103515625,0.0,0.0,0.07297280000057071,5,0.012996155582368375,0.006878296288050478,0.0016955286264419556,8
2026,TD3+BC,5,0.24564097821712494,1635.8131103515625,0.0,0.0,0.11878499999875203,5,0.012996155582368375,0.006878296288050478,0.0016955286264419556,8
2026,Selected Production Policy,5,0.24564097821712494,1635.8131103515625,0.0,0.0,0.11563069996191189,5,0.012996155582368375,0.006878296288050478,0.0016955286264419556,8
2026,Gradient baseline,5,0.24743230640888214,1625.5677490234375,0.0,0.0,0.043274099996779114,5,0.009855061396956443,-0.0003875929687637836,-9.579956531524658e-05,8
2026,PINN-style baseline,5,0.2473522573709488,1744.7418212890625,0.0,0.0,0.12149609997868538,5,6.504482298623771e-05,-6.36581798971747e-05,-1.5750527381896973e-05,8
2026,Base FNO Initializer,5,0.22570352256298065,496.7232666015625,0.0,0.0,1.9999570213258266e-06,0,0.0,0.0,0.0,9
2026,Supervised Latent Neural Operator Corrector,5,0.21392586827278137,466.8623962402344,0.0,0.0,0.07690119999460876,5,0.011103915050625801,0.05359249887987971,0.01177765429019928,9
2026,TD3+BC,5,0.21392586827278137,466.8623962402344,0.0,0.0,0.12428129999898374,5,0.011103915050625801,0.05359249887987971,0.01177765429019928,9
2026,Selected Production Policy,5,0.21392586827278137,466.8623962402344,0.0,0.0,0.11777509999228641,5,0.011103915050625801,0.05359249887987971,0.01177765429019928,9
2026,Gradient baseline,5,0.22431926429271698,472.245849609375,0.0,0.0,0.045110999955795705,5,0.00992443785071373,0.006151643581688404,0.0013842582702636719,9
2026,PINN-style baseline,5,0.22568972408771515,494.8394470214844,0.0,0.0,0.10634419997222722,5,6.462986493716016e-05,6.1034769714751747e-05,1.379847526550293e-05,9
2026,Base FNO Initializer,5,0.22508187592029572,1321.0537109375,0.0,0.0,1.700012944638729e-06,0,0.0,0.0,0.0,10
2026,Supervised Latent Neural Operator Corrector,5,0.21754789352416992,1239.916015625,0.0,0.0,0.07307769998442382,5,0.012641764804720878,0.03404485434293747,0.0075339823961257935,10
2026,TD3+BC,5,0.21754789352416992,1239.916015625,0.0,0.0,0.110658899997361,5,0.012641764804720878,0.03404485434293747,0.0075339823961257935,10
2026,Selected Production Policy,5,0.21754789352416992,1239.916015625,0.0,0.0,0.11535979999462143,5,0.012641764804720878,0.03404485434293747,0.0075339823961257935,10
2026,Gradient baseline,5,0.22478650510311127,1234.879638671875,0.0,0.0,0.04435959999682382,5,0.009876783564686775,0.0013129811268299818,0.00029537081718444824,10
2026,PINN-style baseline,5,0.22508729994297028,1318.145263671875,0.0,0.0,0.10388990002684295,5,6.497147696791217e-05,-2.4080347202470875e-05,-5.424022674560547e-06,10
2026,Base FNO Initializer,5,0.45697033405303955,4186.81201171875,0.0,0.010925320908427238,1.700012944638729e-06,0,0.0,0.0,0.0,11
2026,Supervised Latent Neural Operator Corrector,5,0.4419097900390625,4157.12548828125,0.0,0.010925320908427238,0.07583829999202862,5,0.014057893492281436,0.03351218765601516,0.01506054401397705,11
2026,TD3+BC,5,0.4419097900390625,4157.12548828125,0.0,0.010925320908427238,0.07459269999526441,5,0.014057893492281436,0.03351218765601516,0.01506054401397705,11
2026,Selected Production Policy,5,0.4419097900390625,4157.12548828125,0.0,0.010925320908427238,0.11412990000098944,5,0.014057893492281436,0.03351218765601516,0.01506054401397705,11
2026,Gradient baseline,5,0.45777568221092224,3914.89990234375,0.0,0.010925320908427238,0.036341599945444614,5,0.00929408110678196,-0.0017609696078579873,-0.0008053481578826904,11
2026,PINN-style baseline,5,0.4569808840751648,4182.52294921875,0.0,0.010925320908427238,0.09942449996015057,5,6.540212052641436e-05,-2.3067062102199998e-05,-1.055002212524414e-05,11
2026,Base FNO Initializer,5,0.22726793587207794,462.10546875,0.0,0.0,1.700012944638729e-06,0,0.0,0.0,0.0,12
2026,Supervised Latent Neural Operator Corrector,5,0.21597227454185486,432.9880065917969,0.0,0.0,0.05146039999090135,5,0.010783374309539795,0.0509791923686862,0.011295661330223083,12
2026,TD3+BC,5,0.21597227454185486,432.9880065917969,0.0,0.0,0.1091510999831371,5,0.010783374309539795,0.0509791923686862,0.011295661330223083,12
2026,Selected Production Policy,5,0.21597227454185486,432.9880065917969,0.0,0.0,0.08454399998299778,5,0.010783374309539795,0.0509791923686862,0.011295661330223083,12
2026,Gradient baseline,5,0.22583387792110443,438.42083740234375,0.0,0.0,0.0427425000234507,5,0.009826252609491349,0.006329735275357962,0.0014340579509735107,12
2026,PINN-style baseline,5,0.227251797914505,460.28924560546875,0.0,0.0,0.11238430003868416,5,6.437370320782066e-05,7.10482127033174e-05,1.6137957572937012e-05,12
2026,Base FNO Initializer,5,0.40855661034584045,3479.369873046875,0.0,0.0,1.800013706088066e-06,0,0.0,0.0,0.0,13
2026,Supervised Latent Neural Operator Corrector,5,0.392791748046875,3415.2314453125,0.0,0.0,0.0727630999754183,5,0.014218554086983203,0.03935043141245842,0.015764862298965454,13
2026,TD3+BC,5,0.392791748046875,3415.2314453125,0.0,0.0,0.11295840004459023,5,0.014218554086983203,0.03935043141245842,0.015764862298965454,13
2026,Selected Production Policy,5,0.392791748046875,3415.2314453125,0.0,0.0,0.11197309999261051,5,0.014218554086983203,0.03935043141245842,0.015764862298965454,13
2026,Gradient baseline,5,0.40935370326042175,3239.3603515625,0.0,0.0,0.04212149995146319,5,0.009724997356534005,-0.001949311321368441,-0.0007970929145812988,13
2026,PINN-style baseline,5,0.40856990218162537,3475.22119140625,0.0,0.0,0.08936899999389425,5,6.549723766511307e-05,-3.254425291743246e-05,-1.329183578491211e-05,13
2026,Base FNO Initializer,5,0.2242628037929535,532.4896240234375,0.0,0.0,1.700012944638729e-06,0,0.0,0.0,0.0,14
2026,Supervised Latent Neural Operator Corrector,5,0.2120283544063568,501.7373352050781,0.0,0.0,0.07388280000304803,5,0.01137982364743948,0.05609817709773779,0.01223444938659668,14
2026,TD3+BC,5,0.2120283544063568,501.7373352050781,0.0,0.0,0.10208699997747317,5,0.01137982364743948,0.05609817709773779,0.01223444938659668,14
2026,Selected Production Policy,5,0.2120283544063568,501.7373352050781,0.0,0.0,0.11294849996920675,5,0.01137982364743948,0.05609817709773779,0.01223444938659668,14
2026,Gradient baseline,5,0.22296537458896637,501.95361328125,0.0,0.0,0.042848600016441196,5,0.009825481288135051,0.005801886902190745,0.0012974292039871216,14
2026,PINN-style baseline,5,0.2242509126663208,530.5528564453125,0.0,0.0,0.11089950002497062,5,6.477427377831191e-05,5.292863534123171e-05,1.189112663269043e-05,14
2026,Base FNO Initializer,5,0.4051777720451355,3438.782958984375,0.0,0.0,1.9000144675374031e-06,0,0.0,0.0,0.0,15
2026,Supervised Latent Neural Operator Corrector,5,0.38943707942962646,3371.939208984375,0.0,0.0,0.06907329999376088,5,0.014215110614895821,0.03962316736578941,0.015740692615509033,15
2026,TD3+BC,5,0.38943707942962646,3371.939208984375,0.0,0.0,0.11439070000778884,5,0.014215110614895821,0.03962316736578941,0.015740692615509033,15
2026,Selected Production Policy,5,0.38943707942962646,3371.939208984375,0.0,0.0,0.10064840002451092,5,0.014215110614895821,0.03962316736578941,0.015740692615509033,15
2026,Gradient baseline,5,0.40598636865615845,3200.884521484375,0.0,0.0,0.04273260000627488,5,0.009710079617798328,-0.001993909361772239,-0.0008085966110229492,15
2026,PINN-style baseline,5,0.4051903188228607,3434.638427734375,0.0,0.0,0.11493239999981597,5,6.55523341265507e-05,-3.0994522603577934e-05,-1.2546777725219727e-05,15
2026,Base FNO Initializer,5,0.26516905426979065,53.832645416259766,0.0,0.0,1.700012944638729e-06,0,0.0,0.0,0.0,16
2026,Supervised Latent Neural Operator Corrector,5,0.2521767020225525,38.5045051574707,0.0,0.0,0.06797719997121021,5,0.0033513682428747416,0.050237410701811314,0.01299235224723816,16
2026,TD3+BC,5,0.2521767020225525,38.5045051574707,0.0,0.0,0.1146992000285536,5,0.0033513682428747416,0.050237410701811314,0.01299235224723816,16
2026,Selected Production Policy,5,0.2521767020225525,38.5045051574707,0.0,0.0,0.1192356999963522,5,0.0033513682428747416,0.050237410701811314,0.01299235224723816,16
2026,Gradient baseline,5,0.26345574855804443,88.74882507324219,0.0,0.0,0.03398639999795705,5,0.009902638196945191,0.006481873104348779,0.0017133057117462158,16
2026,PINN-style baseline,5,0.2650933265686035,53.043495178222656,0.0,0.0,0.08932690002257004,5,6.313950143521652e-05,0.0002856172723113559,7.572770118713379e-05,16
2026,Base FNO Initializer,5,0.4476301670074463,4021.540283203125,0.0,0.002559700980782509,1.8999562598764896e-06,0,0.0,0.0,0.0,17
2026,Supervised Latent Neural Operator Corrector,5,0.4323424994945526,3985.739013671875,0.0,0.002559700980782509,0.07548269996186718,5,0.014109273627400398,0.03474873583763838,0.015287667512893677,17
2026,TD3+BC,5,0.4323424994945526,3985.739013671875,0.0,0.002559700980782509,0.11257570004090667,5,0.014109273627400398,0.03474873583763838,0.015287667512893677,17
2026,Selected Production Policy,5,0.4323424994945526,3985.739013671875,0.0,0.002559700980782509,0.1115791000192985,5,0.014109273627400398,0.03474873583763838,0.015287667512893677,17
2026,Gradient baseline,5,0.448429673910141,3757.06982421875,0.0,0.002559700980782509,0.04244210000615567,5,0.009400714188814163,-0.001784768232028,-0.0007995069026947021,17
2026,PINN-style baseline,5,0.447640597820282,4017.28369140625,0.0,0.002559700980782509,0.11200729996198788,5,6.541299517266452e-05,-2.3305481590796262e-05,-1.043081283569336e-05,17
2026,Base FNO Initializer,5,0.30172044038772583,12.80700397491455,0.0,0.0,1.800013706088066e-06,0,0.0,0.0,0.0,18
2026,Supervised Latent Neural Operator Corrector,5,0.2477799504995346,8.73360824584961,0.0,0.0,0.0731734000146389,5,0.003381384676322341,0.19695985317230225,0.05394048988819122,18
2026,TD3+BC,5,0.2477799504995346,8.73360824584961,0.0,0.0,0.11284350004279986,5,0.003381384676322341,0.19695985317230225,0.05394048988819122,18
2026,Selected Production Policy,5,0.2477799504995346,8.73360824584961,0.0,0.0,0.11385610001161695,5,0.003381384676322341,0.19695985317230225,0.05394048988819122,18
2026,Gradient baseline,5,0.30202269554138184,74.95228576660156,0.0,0.0,0.04493890004232526,5,0.009806418232619763,-0.0010014392901211977,-0.00030225515365600586,18
2026,PINN-style baseline,5,0.301573783159256,12.336396217346191,0.0,0.0,0.11663540004519746,5,6.238660207600333e-05,0.00048611111560603604,0.00014665722846984863,18
2026,Base FNO Initializer,5,0.23383036255836487,351.0114440917969,0.0,0.0,2.0999577827751637e-06,0,0.0,0.0,0.0,19
2026,Supervised Latent Neural Operator Corrector,5,0.22418376803398132,322.5986328125,0.0,0.0,0.08054320001974702,5,0.00932350941002369,0.04212948493659496,0.009646594524383545,19
2026,TD3+BC,5,0.22418376803398132,322.5986328125,0.0,0.0,0.12912270001834258,5,0.00932350941002369,0.04212948493659496,0.009646594524383545,19
2026,Selected Production Policy,5,0.22418376803398132,322.5986328125,0.0,0.0,0.12544570001773536,5,0.00932350941002369,0.04212948493659496,0.009646594524383545,19
2026,Gradient baseline,5,0.23223876953125,337.7962341308594,0.0,0.0,0.04845900001237169,5,0.009752526134252548,0.006829667021520436,0.0015915930271148682,19
2026,PINN-style baseline,5,0.2338186353445053,349.37957763671875,0.0,0.0,0.13320599996950477,5,6.426680920412764e-05,5.01868266837846e-05,1.1727213859558105e-05,19
2026,Base FNO Initializer,5,0.22899553179740906,428.7239685058594,0.0,0.0,2.200016751885414e-06,0,0.0,0.0,0.0,20
2026,Supervised Latent Neural Operator Corrector,5,0.2181965857744217,400.0779724121094,0.0,0.0,0.0798320000176318,5,0.010417267866432666,0.04830582346767187,0.010798946022987366,20
2026,TD3+BC,5,0.2181965857744217,400.0779724121094,0.0,0.0,0.12239670002600178,5,0.010417267866432666,0.04830582346767187,0.010798946022987366,20
2026,Selected Production Policy,5,0.2181965857744217,400.0779724121094,0.0,0.0,0.10556130000622943,5,0.010417267866432666,0.04830582346767187,0.010798946022987366,20
2026,Gradient baseline,5,0.22752584517002106,410.6031494140625,0.0,0.0,0.04279320000205189,5,0.009883960150182248,0.006438592332415283,0.0014696866273880005,20
2026,PINN-style baseline,5,0.22897925972938538,426.9602966308594,0.0,0.0,0.11119610001333058,5,6.426691979868337e-05,7.104822088876972e-05,1.627206802368164e-05,20
2026,Base FNO Initializer,5,0.218711256980896,1032.7574462890625,0.0,0.0,1.700012944638729e-06,0,0.0,0.0,0.0,21
2026,Supervised Latent Neural Operator Corrector,5,0.20676536858081818,973.4744873046875,0.0,0.0,0.0728767000255175,5,0.01247576717287302,0.056167326867580414,0.01194588840007782,21
2026,TD3+BC,5,0.20676536858081818,973.4744873046875,0.0,0.0,0.11278440000023693,5,0.01247576717287302,0.056167326867580414,0.01194588840007782,21
2026,Selected Production Policy,5,0.20676536858081818,973.4744873046875,0.0,0.0,0.11093130003428087,5,0.01247576717287302,0.056167326867580414,0.01194588840007782,21
2026,Gradient baseline,5,0.2180696278810501,968.8433227539062,0.0,0.0,0.041207400034181774,5,0.009966716542840004,0.00293768203118816,0.0006416290998458862,21
2026,PINN-style baseline,5,0.21871381998062134,1030.142578125,0.0,0.0,0.11180030001560226,5,6.466223567258567e-05,-1.1742140372916765e-05,-2.562999725341797e-06,21
2026,Base FNO Initializer,5,0.245682492852211,217.69081115722656,0.0,0.0,1.500011421740055e-06,0,0.0,0.0,0.0,22
2026,Supervised Latent Neural Operator Corrector,5,0.23704873025417328,189.5897674560547,0.0,0.0,0.08093940000981092,5,0.006823360361158848,0.03577415319159627,0.00863376259803772,22
2026,TD3+BC,5,0.23704873025417328,189.5897674560547,0.0,0.0,0.11308099998859689,5,0.006823360361158848,0.03577415319159627,0.00863376259803772,22
2026,Selected Production Policy,5,0.23704873025417328,189.5897674560547,0.0,0.0,0.1133395999786444,5,0.006823360361158848,0.03577415319159627,0.00863376259803772,22
2026,Gradient baseline,5,0.24388659000396729,219.81166076660156,0.0,0.0,0.04241049999836832,5,0.009827201440930366,0.007336430135183036,0.0017959028482437134,22
2026,PINN-style baseline,5,0.245644673705101,216.34034729003906,0.0,0.0,0.10131569998338819,5,6.443749298341572e-05,0.00015389679538202472,3.781914710998535e-05,22
2026,Base FNO Initializer,5,0.42188429832458496,3646.118408203125,0.0,0.0,1.800013706088066e-06,0,0.0,0.0,0.0,23
2026,Supervised Latent Neural Operator Corrector,5,0.40615686774253845,3592.10302734375,0.0,0.0,0.07126910000806674,5,0.014206963032484055,0.03799115354195237,0.01572743058204651,23
2026,TD3+BC,5,0.40615686774253845,3592.10302734375,0.0,0.0,0.11529299995163456,5,0.014206963032484055,0.03799115354195237,0.01572743058204651,23
2026,Selected Production Policy,5,0.40615686774253845,3592.10302734375,0.0,0.0,0.10815499996533617,5,0.014206963032484055,0.03799115354195237,0.01572743058204651,23
2026,Gradient baseline,5,0.4227001965045929,3398.5126953125,0.0,0.0,0.030322799982968718,5,0.009677401557564736,-0.0019323674496263266,-0.0008158981800079346,23
2026,PINN-style baseline,5,0.421895295381546,3641.921142578125,0.0,0.0,0.0991978999809362,5,6.55855328659527e-05,-2.6047308892884757e-05,-1.099705696105957e-05,23
2026,Base FNO Initializer,5,0.23492376506328583,336.3220520019531,0.0,0.0,1.200009137392044e-06,0,0.0,0.0,0.0,24
2026,Supervised Latent Neural Operator Corrector,5,0.2254774421453476,307.945556640625,0.0,0.0,0.07087170000886545,5,0.009081215783953666,0.041040750220417976,0.009446322917938232,24
2026,TD3+BC,5,0.2254774421453476,307.945556640625,0.0,0.0,0.11029619997134432,5,0.009081215783953666,0.041040750220417976,0.009446322917938232,24
2026,Selected Production Policy,5,0.2254774421453476,307.945556640625,0.0,0.0,0.09412179997889325,5,0.009081215783953666,0.041040750220417976,0.009446322917938232,24
2026,Gradient baseline,5,0.23330184817314148,322.9969177246094,0.0,0.0,0.04300800000783056,5,0.00975344069302082,0.006927881157025695,0.0016219168901443481,24
2026,PINN-style baseline,5,0.23490463197231293,334.71832275390625,0.0,0.0,0.11056649999227375,5,6.412360235117376e-05,8.141926355165197e-05,1.913309097290039e-05,24
2026,Base FNO Initializer,5,0.21926264464855194,730.4130249023438,0.0,0.0,1.600012183189392e-06,0,0.0,0.0,0.0,25
2026,Supervised Latent Neural Operator Corrector,5,0.20560933649539948,691.0240478515625,0.0,0.0,0.07475869997870177,5,0.01219322271645069,0.06429199874401093,0.013653308153152466,25
2026,TD3+BC,5,0.20560933649539948,691.0240478515625,0.0,0.0,0.11234089999925345,5,0.01219322271645069,0.06429199874401093,0.013653308153152466,25
2026,Selected Production Policy,5,0.20560933649539948,691.0240478515625,0.0,0.0,0.1123914000345394,5,0.01219322271645069,0.06429199874401093,0.013653308153152466,25
2026,Gradient baseline,5,0.21821098029613495,687.6018676757812,0.0,0.0,0.028133499959949404,5,0.009890875406563282,0.0048075850354507565,0.0010516643524169922,25
2026,PINN-style baseline,5,0.2192557156085968,728.1773071289062,0.0,0.0,0.09801760001573712,5,6.470811786130071e-05,3.159034667987726e-05,6.92903995513916e-06,25
2026,Base FNO Initializer,5,0.25159189105033875,1806.6959228515625,0.0,0.0,1.700012944638729e-06,0,0.0,0.0,0.0,26
2026,Supervised Latent Neural Operator Corrector,5,0.25043076276779175,1690.93408203125,0.0,0.0,0.07177679997403175,5,0.013032707013189792,0.004625499073881656,0.001161128282546997,26
2026,TD3+BC,5,0.25043076276779175,1690.93408203125,0.0,0.0,0.09635020000860095,5,0.013032707013189792,0.004625499073881656,0.001161128282546997,26
2026,Selected Production Policy,5,0.25043076276779175,1690.93408203125,0.0,0.0,0.11194929998600855,5,0.013032707013189792,0.004625499073881656,0.001161128282546997,26
2026,Gradient baseline,5,0.25175198912620544,1680.3626708984375,0.0,0.0,0.03981050004949793,5,0.00987076573073864,-0.0006362912463373505,-0.00016009807586669922,26
2026,PINN-style baseline,5,0.2516046464443207,1803.3800048828125,0.0,0.0,0.10409179999260232,5,6.504895718535408e-05,-5.072382009529974e-05,-1.2755393981933594e-05,26
2026,Base FNO Initializer,5,0.2264646738767624,479.3251037597656,0.0,0.0,1.200009137392044e-06,0,0.0,0.0,0.0,27
2026,Supervised Latent Neural Operator Corrector,5,0.21492502093315125,449.81475830078125,0.0,0.0,0.0691651999950409,5,0.010949585027992726,0.05229937611147761,0.011539652943611145,27
2026,TD3+BC,5,0.21492502093315125,449.81475830078125,0.0,0.0,0.10959780000848696,5,0.010949585027992726,0.05229937611147761,0.011539652943611145,27
2026,Selected Production Policy,5,0.21492502093315125,449.81475830078125,0.0,0.0,0.1077606999897398,5,0.010949585027992726,0.05229937611147761,0.011539652943611145,27
2026,Gradient baseline,5,0.22507935762405396,454.94281005859375,0.0,0.0,0.041824999963864684,5,0.00982221234589815,0.0061358665698207915,0.001385316252708435,27
2026,PINN-style baseline,5,0.2264479398727417,477.4764709472656,0.0,0.0,0.09757789998548105,5,6.449474894907326e-05,7.390916834992822e-05,1.6734004020690918e-05,27
2026,Base FNO Initializer,5,0.22297409176826477,569.5819091796875,0.0,0.0,1.800013706088066e-06,0,0.0,0.0,0.0,28
2026,Supervised Latent Neural Operator Corrector,5,0.21032948791980743,537.596923828125,0.0,0.0,0.07152419997146353,5,0.011612789519131184,0.05837994534522295,0.012644603848457336,28
2026,TD3+BC,5,0.21032948791980743,537.596923828125,0.0,0.0,0.1083325000363402,5,0.011612789519131184,0.05837994534522295,0.012644603848457336,28
2026,Selected Production Policy,5,0.21032948791980743,537.596923828125,0.0,0.0,0.08928539999760687,5,0.011612789519131184,0.05837994534522295,0.012644603848457336,28
2026,Gradient baseline,5,0.22168540954589844,537.328857421875,0.0,0.0,0.03630119998706505,5,0.009860070049762725,0.005795995471999049,0.001288682222366333,28
2026,PINN-style baseline,5,0.2229580581188202,567.5841674804688,0.0,0.0,0.10685670003294945,5,6.467868370236829e-05,7.176346480264328e-05,1.6033649444580078e-05,28
2026,Base FNO Initializer,5,0.3460720479488373,2797.421142578125,0.0,0.0,1.9999570213258266e-06,0,0.0,0.0,0.0,29
2026,Supervised Latent Neural Operator Corrector,5,0.3356870412826538,2686.714599609375,0.0,0.0,0.07162140001310036,5,0.01395176500082016,0.030467324424535036,0.010385006666183472,29
2026,TD3+BC,5,0.3356870412826538,2686.714599609375,0.0,0.0,0.11067029996775091,5,0.01395176500082016,0.030467324424535036,0.010385006666183472,29
2026,Selected Production Policy,5,0.3356870412826538,2686.714599609375,0.0,0.0,0.10854779998771846,5,0.01395176500082016,0.030467324424535036,0.010385006666183472,29
2026,Gradient baseline,5,0.3467824459075928,2594.88134765625,0.0,0.0,0.041592199995648116,5,0.009781932644546031,-0.0020509270834736526,-0.0007103979587554932,29
2026,PINN-style baseline,5,0.3460831940174103,2793.503173828125,0.0,0.0,0.10877600003732368,5,6.531495018862188e-05,-3.224622832931345e-05,-1.1146068572998047e-05,29
2026,Base FNO Initializer,5,0.4810130000114441,4620.02783203125,0.0,0.07487307488918304,1.7999554984271526e-06,0,0.0,0.0,0.0,30
2026,Supervised Latent Neural Operator Corrector,5,0.4666021466255188,4604.7529296875,0.0,0.07487307488918304,0.07072959997458383,5,0.013912689313292504,0.03041687421500683,0.014410853385925293,30
2026,TD3+BC,5,0.4666021466255188,4604.7529296875,0.0,0.07487307488918304,0.10923679999541491,5,0.013912689313292504,0.03041687421500683,0.014410853385925293,30
2026,Selected Production Policy,5,0.4666021466255188,4604.7529296875,0.0,0.07487307488918304,0.10321430000476539,5,0.013912689313292504,0.03041687421500683,0.014410853385925293,30
2026,Gradient baseline,5,0.48182711005210876,4334.3779296875,0.0,0.07487307488918304,0.041620599979069084,5,0.009008573554456233,-0.0016913097351789474,-0.0008141100406646729,30
2026,PINN-style baseline,5,0.4810238480567932,4615.6767578125,0.0,0.07487307488918304,0.06957870000042021,5,6.561565242009237e-05,-2.259022267026012e-05,-1.0848045349121094e-05,30
2026,Base FNO Initializer,5,0.22708599269390106,1376.085693359375,0.0,0.0,1.9000144675374031e-06,0,0.0,0.0,0.0,31
2026,Supervised Latent Neural Operator Corrector,5,0.22044558823108673,1290.7315673828125,0.0,0.0,0.0727879999903962,5,0.012687444500625134,0.029677410144358873,0.006640404462814331,31
2026,TD3+BC,5,0.22044558823108673,1290.7315673828125,0.0,0.0,0.11137820000294596,5,0.012687444500625134,0.029677410144358873,0.006640404462814331,31
2026,Selected Production Policy,5,0.22044558823108673,1290.7315673828125,0.0,0.0,0.10207399999490008,5,0.012687444500625134,0.029677410144358873,0.006640404462814331,31
2026,Gradient baseline,5,0.22682401537895203,1286.96337890625,0.0,0.0,0.025114200019743294,5,0.00988139547407627,0.0011540108389453962,0.00026197731494903564,31
2026,PINN-style baseline,5,0.2270917445421219,1373.1240234375,0.0,0.0,0.10610809997888282,5,6.5056694438681e-05,-2.5332051791338017e-05,-5.751848220825195e-06,31
2026,Base FNO Initializer,5,0.2181762456893921,958.6610107421875,0.0,0.0,1.500011421740055e-06,0,0.0,0.0,0.0,32
2026,Supervised Latent Neural Operator Corrector,5,0.2054215371608734,904.7963256835938,0.0,0.0,0.07167649996699765,5,0.012441705353558064,0.06023868452757597,0.012754708528518677,32
2026,TD3+BC,5,0.2054215371608734,904.7963256835938,0.0,0.0,0.11484130000462756,5,0.012441705353558064,0.06023868452757597,0.012754708528518677,32
2026,Selected Production Policy,5,0.2054215371608734,904.7963256835938,0.0,0.0,0.11012300004949793,5,0.012441705353558064,0.06023868452757597,0.012754708528518677,32
2026,Gradient baseline,5,0.21745146811008453,899.8512573242188,0.0,0.0,0.04331129998899996,5,0.009950456954538823,0.003327229933347553,0.0007247775793075562,32
2026,PINN-style baseline,5,0.21817649900913239,956.12890625,0.0,0.0,0.11396200000308454,5,6.487026257673278e-05,-1.1325007989171354e-06,-2.5331974029541016e-07,32
2026,Base FNO Initializer,5,0.22811955213546753,445.33599853515625,0.0,0.0,1.9000144675374031e-06,0,0.0,0.0,0.0,33
2026,Supervised Latent Neural Operator Corrector,5,0.2170679271221161,416.4214782714844,0.0,0.0,0.07223559997510165,5,0.01060605887323618,0.049659308046102524,0.01105162501335144,33
2026,TD3+BC,5,0.2170679271221161,416.4214782714844,0.0,0.0,0.11035279999487102,5,0.01060605887323618,0.049659308046102524,0.01105162501335144,33
2026,Selected Production Policy,5,0.2170679271221161,416.4214782714844,0.0,0.0,0.11089630000060424,5,0.01060605887323618,0.049659308046102524,0.01105162501335144,33
2026,Gradient baseline,5,0.22673459351062775,424.61773681640625,0.0,0.0,0.037781600025482476,5,0.009895652905106545,0.0060893885674886405,0.0013849586248397827,33
2026,PINN-style baseline,5,0.22809655964374542,443.5435791015625,0.0,0.0,0.11670519999461249,5,6.399408594006672e-05,0.00010085002031701151,2.2992491722106934e-05,33
2026,Base FNO Initializer,5,0.3846151828765869,3201.56689453125,0.0,0.0,1.600012183189392e-06,0,0.0,0.0,0.0,34
2026,Supervised Latent Neural Operator Corrector,5,0.36947524547576904,3118.349365234375,0.0,0.0,0.058386399992741644,5,0.014129002392292023,0.04015901777893305,0.015139937400817871,34
2026,TD3+BC,5,0.36947524547576904,3118.349365234375,0.0,0.0,0.10788750002393499,5,0.014129002392292023,0.04015901777893305,0.015139937400817871,34
2026,Selected Production Policy,5,0.36947524547576904,3118.349365234375,0.0,0.0,0.11443110002437606,5,0.014129002392292023,0.04015901777893305,0.015139937400817871,34
2026,Gradient baseline,5,0.3853801488876343,2975.275146484375,0.0,0.0,0.04141870001330972,5,0.009708625636994839,-0.0019871773256454617,-0.0007649660110473633,34
2026,PINN-style baseline,5,0.384625643491745,3197.4912109375,0.0,0.0,0.11196760000893846,5,6.535054999403655e-05,-2.7239408609602833e-05,-1.0460615158081055e-05,34
2026,Base FNO Initializer,5,0.22131839394569397,627.5787353515625,0.0,0.0,1.700012944638729e-06,0,0.0,0.0,0.0,35
2026,Supervised Latent Neural Operator Corrector,5,0.2081579715013504,593.2915649414062,0.0,0.0,0.07173490000423044,5,0.011889724619686603,0.06130470801144838,0.013160422444343567,35
2026,TD3+BC,5,0.2081579715013504,593.2915649414062,0.0,0.0,0.10117879998870194,5,0.011889724619686603,0.06130470801144838,0.013160422444343567,35
2026,Selected Production Policy,5,0.2081579715013504,593.2915649414062,0.0,0.0,0.10137550003128126,5,0.011889724619686603,0.06130470801144838,0.013160422444343567,35
2026,Gradient baseline,5,0.22011612355709076,593.2576293945312,0.0,0.0,0.04163409996544942,5,0.009957008436322213,0.00544699135934934,0.0012022703886032104,35
2026,PINN-style baseline,5,0.22130835056304932,625.4969482421875,0.0,0.0,0.10489389998838305,5,6.470573134720325e-05,4.5299309476831695e-05,1.004338264465332e-05,35
2026,Base FNO Initializer,10,0.2616204619407654,77.22695922851562,0.0,0.0,2.2999593056738377e-06,0,0.0,0.0,0.0,0
2026,Supervised Latent Neural Operator Corrector,10,0.24953778088092804,53.724609375,0.0,0.0,0.1354179999907501,10,0.0037660165457054974,0.04728440954932012,0.012082681059837341,0
2026,TD3+BC,10,0.24953778088092804,53.724609375,0.0,0.0,0.17966110003180802,10,0.0037660165457054974,0.04728440954932012,0.012082681059837341,0
2026,Selected Production Policy,10,0.24953778088092804,53.724609375,0.0,0.0,0.23064359999261796,10,0.0037660165457054974,0.04728440954932012,0.012082681059837341,0
2026,Gradient baseline,10,0.25806760787963867,108.96827697753906,0.0,0.0,0.08929929998703301,10,0.010186181589961051,0.013672631524968892,0.003552854061126709,0
2026,PINN-style baseline,10,0.2614692151546478,75.52532958984375,0.0,0.0,0.23063760000513867,10,6.173975198180415e-05,0.0005783860578958411,0.0001512467861175537,0
2026,Base FNO Initializer,10,0.4982249438762665,4961.49072265625,0.0,0.17247915267944336,1.800013706088066e-06,0,0.0,0.0,0.0,1
2026,Supervised Latent Neural Operator Corrector,10,0.47055119276046753,4999.244140625,0.0,0.17247915267944336,0.15047689998755231,10,0.013792061805725097,0.0571461389772594,0.02767375111579895,1
2026,TD3+BC,10,0.47055119276046753,4999.244140625,0.0,0.17247915267944336,0.21757500001695007,10,0.013792061805725097,0.0571461389772594,0.02767375111579895,1
2026,Selected Production Policy,10,0.47055119276046753,4999.244140625,0.0,0.17247915267944336,0.2123029000358656,10,0.013792061805725097,0.0571461389772594,0.02767375111579895,1
2026,Gradient baseline,10,0.49966147541999817,4612.35302734375,0.0,0.17247915267944336,0.08707660000072792,10,0.0092316928319633,-0.002879649036913179,-0.0014365315437316895,1
2026,PINN-style baseline,10,0.4982438385486603,4952.787109375,0.0,0.17247915267944336,0.21965550002641976,10,6.522668845718727e-05,-3.778943778343091e-05,-1.8894672393798828e-05,1
2026,Base FNO Initializer,10,0.41192129254341125,3520.406494140625,0.0,0.0,1.7999554984271526e-06,0,0.0,0.0,0.0,2
2026,Supervised Latent Neural Operator Corrector,10,0.38060274720191956,3491.989013671875,0.0,0.0,0.1499694000231102,10,0.014218693878501654,0.07907505752518773,0.0313185453414917,2
2026,TD3+BC,10,0.38060274720191956,3491.989013671875,0.0,0.0,0.2202932999935001,10,0.014218693878501654,0.07907505752518773,0.0313185453414917,2
2026,Selected Production Policy,10,0.38060274720191956,3491.989013671875,0.0,0.0,0.21464520000154153,10,0.014218693878501654,0.07907505752518773,0.0313185453414917,2
2026,Gradient baseline,10,0.4132765233516693,3241.12060546875,0.0,0.0,0.08198159997118637,10,0.009903558902442456,-0.0032850644493009895,-0.0013552308082580566,2
2026,PINN-style baseline,10,0.4119452238082886,3512.1796875,0.0,0.0,0.22015440004179254,10,6.494792833109387e-05,-5.8114721014135284e-05,-2.3931264877319336e-05,2
2026,Base FNO Initializer,10,0.23830251395702362,294.1512145996094,0.0,0.0,1.600012183189392e-06,0,0.0,0.0,0.0,3
2026,Supervised Latent Neural Operator Corrector,10,0.23090746998786926,269.95770263671875,0.0,0.0,0.14801629999419674,10,0.008433166891336441,0.03152335656341165,0.007395043969154358,3
2026,TD3+BC,10,0.23090746998786926,269.95770263671875,0.0,0.0,0.18214749998878688,10,0.008433166891336441,0.03152335656341165,0.007395043969154358,3
2026,Selected Production Policy,10,0.23090746998786926,269.95770263671875,0.0,0.0,0.18536459997994825,10,0.008433166891336441,0.03152335656341165,0.007395043969154358,3
2026,Gradient baseline,10,0.2355434149503708,296.7420349121094,0.0,0.0,0.07581389998085797,10,0.009949112311005592,0.011645453458186239,0.002759099006652832,3
2026,PINN-style baseline,10,0.2382410615682602,291.2174072265625,0.0,0.0,0.21878460003063083,10,6.286459029070102e-05,0.00025796553381951526,6.145238876342773e-05,3
2026,Base FNO Initializer,10,0.3017273545265198,2361.033203125,0.0,0.0,1.200009137392044e-06,0,0.0,0.0,0.0,4
2026,Supervised Latent Neural Operator Corrector,10,0.29888805747032166,2258.1015625,0.0,0.0,0.15223150001838803,10,0.014067377988249063,0.009453712144022575,0.00283929705619812,4
2026,TD3+BC,10,0.29888805747032166,2258.1015625,0.0,0.0,0.23220029997173697,10,0.014067377988249063,0.009453712144022575,0.00283929705619812,4
2026,Selected Production Policy,10,0.29888805747032166,2258.1015625,0.0,0.0,0.22331089997896925,10,0.014067377988249063,0.009453712144022575,0.00283929705619812,4
2026,Gradient baseline,10,0.3026832640171051,2154.065673828125,0.0,0.0,0.08287869999185205,10,0.009930794965475798,-0.0031636832864023745,-0.0009559094905853271,4
2026,PINN-style baseline,10,0.3017590343952179,2353.725341796875,0.0,0.0,0.21303380001336336,10,6.498991642729379e-05,-0.00010496435243112501,-3.167986869812012e-05,4
2026,Base FNO Initializer,10,0.2180209457874298,910.9425048828125,0.0,0.0,2.100015990436077e-06,0,0.0,0.0,0.0,5
2026,Supervised Latent Neural Operator Corrector,10,0.19884265959262848,880.489501953125,0.0,0.0,0.14974859997164458,10,0.012494433578103781,0.09207646595314145,0.01917828619480133,5
2026,TD3+BC,10,0.19884265959262848,880.489501953125,0.0,0.0,0.2228258000104688,10,0.012494433578103781,0.09207646595314145,0.01917828619480133,5
2026,Selected Production Policy,10,0.19884265959262848,880.489501953125,0.0,0.0,0.21112409996567294,10,0.012494433578103781,0.09207646595314145,0.01917828619480133,5
2026,Gradient baseline,10,0.2167491465806961,843.668701171875,0.0,0.0,0.07071040000300854,10,0.010055883415043354,0.005849999870406464,0.0012717992067337036,5
2026,PINN-style baseline,10,0.21802645921707153,906.0896606445312,0.0,0.0,0.2205553000094369,10,6.382683495758102e-05,-2.5212829712017992e-05,-5.513429641723633e-06,5
2026,Base FNO Initializer,10,0.22070232033729553,1160.6124267578125,0.0,0.0,1.8999562598764896e-06,0,0.0,0.0,0.0,6
2026,Supervised Latent Neural Operator Corrector,10,0.20627066493034363,1108.266357421875,0.0,0.0,0.13980310002807528,10,0.0126604238525033,0.06762474786955863,0.014431655406951904,6
2026,TD3+BC,10,0.20627066493034363,1108.266357421875,0.0,0.0,0.17898259998764843,10,0.0126604238525033,0.06762474786955863,0.014431655406951904,6
2026,Selected Production Policy,10,0.20627066493034363,1108.266357421875,0.0,0.0,0.22041780001018196,10,0.0126604238525033,0.06762474786955863,0.014431655406951904,6
2026,Gradient baseline,10,0.21991443634033203,1064.64453125,0.0,0.0,0.07309239997994155,10,0.009968589525669813,0.0035757572040893137,0.000787883996963501,6
2026,PINN-style baseline,10,0.22071458399295807,1155.2200927734375,0.0,0.0,0.2060979999951087,10,6.399110352504068e-05,-5.549210914068681e-05,-1.2263655662536621e-05,6
2026,Base FNO Initializer,10,0.24817237257957458,194.40744018554688,0.0,0.0,1.800013706088066e-06,0,0.0,0.0,0.0,7
2026,Supervised Latent Neural Operator Corrector,10,0.2403191477060318,164.11769104003906,0.0,0.0,0.13359179999679327,10,0.006392494402825832,0.0321556071867235,0.007853224873542786,7
2026,TD3+BC,10,0.2403191477060318,164.11769104003906,0.0,0.0,0.20024299999931827,10,0.006392494402825832,0.0321556071867235,0.007853224873542786,7
2026,Selected Production Policy,10,0.2403191477060318,164.11769104003906,0.0,0.0,0.19642300001578405,10,0.006392494402825832,0.0321556071867235,0.007853224873542786,7
2026,Gradient baseline,10,0.2451706826686859,209.42909240722656,0.0,0.0,0.08695090003311634,10,0.010081412363797426,0.012168307963293046,0.003001689910888672,7
2026,PINN-style baseline,10,0.24808499217033386,191.9264373779297,0.0,0.0,0.21464319998631254,10,6.305280767264776e-05,0.0003521379276207881,8.738040924072266e-05,7
2026,Base FNO Initializer,10,0.2473365068435669,1748.02587890625,0.0,0.0,1.700012944638729e-06,0,0.0,0.0,0.0,8
2026,Supervised Latent Neural Operator Corrector,10,0.2475721538066864,1644.0750732421875,0.0,0.0,0.1309738999698311,10,0.013187006954103709,-0.0009531390387564898,-0.00023564696311950684,8
2026,TD3+BC,10,0.2475721538066864,1644.0750732421875,0.0,0.0,0.22045399999478832,10,0.013187006954103709,-0.0009531390387564898,-0.00023564696311950684,8
2026,Selected Production Policy,10,0.2475721538066864,1644.0750732421875,0.0,0.0,0.2272821000078693,10,0.013187006954103709,-0.0009531390387564898,-0.00023564696311950684,8
2026,Gradient baseline,10,0.24755868315696716,1592.799072265625,0.0,0.0,0.07795060001080856,10,0.009935607202351093,-0.0008984458218037616,-0.00022217631340026855,8
2026,PINN-style baseline,10,0.24736836552619934,1741.548583984375,0.0,0.0,0.20919559994945303,10,6.442887097364291e-05,-0.00012868728026660392,-3.185868263244629e-05,8
2026,Base FNO Initializer,10,0.22570352256298065,496.7232666015625,0.0,0.0,1.600012183189392e-06,0,0.0,0.0,0.0,9
2026,Supervised Latent Neural Operator Corrector,10,0.21283522248268127,482.9927978515625,0.0,0.0,0.1496747000492178,10,0.011212630290538072,0.058703433838672936,0.012868300080299377,9
2026,TD3+BC,10,0.21283522248268127,482.9927978515625,0.0,0.0,0.22083840001141652,10,0.011212630290538072,0.058703433838672936,0.012868300080299377,9
2026,Selected Production Policy,10,0.21283522248268127,482.9927978515625,0.0,0.0,0.22193840000545606,10,0.011212630290538072,0.058703433838672936,0.012868300080299377,9
2026,Gradient baseline,10,0.22354233264923096,477.5096435546875,0.0,0.0,0.08180789998732507,10,0.01005364703014493,0.009620839380659163,0.002161189913749695,9
2026,PINN-style baseline,10,0.22567430138587952,493.0599060058594,0.0,0.0,0.21193839999614283,10,6.362882049870677e-05,0.00012934121241414687,2.9221177101135254e-05,9
2026,Base FNO Initializer,10,0.22508187592029572,1321.0537109375,0.0,0.0,1.6999547369778156e-06,0,0.0,0.0,0.0,10
2026,Supervised Latent Neural Operator Corrector,10,0.21521535515785217,1253.1978759765625,0.0,0.0,0.13443869998445734,10,0.01279763150960207,0.04482425781316124,0.009866520762443542,10
2026,TD3+BC,10,0.21521535515785217,1253.1978759765625,0.0,0.0,0.19889579998562112,10,0.01279763150960207,0.04482425781316124,0.009866520762443542,10
2026,Selected Production Policy,10,0.21521535515785217,1253.1978759765625,0.0,0.0,0.22184589999960735,10,0.01279763150960207,0.04482425781316124,0.009866520762443542,10
2026,Gradient baseline,10,0.22467157244682312,1207.6309814453125,0.0,0.0,0.08052550000138581,10,0.00993556184694171,0.0018242291516799014,0.0004103034734725952,10
2026,PINN-style baseline,10,0.2250952571630478,1315.3348388671875,0.0,0.0,0.20664620003663003,10,6.428828128264285e-05,-5.948564171376347e-05,-1.3381242752075195e-05,10
2026,Base FNO Initializer,10,0.45697033405303955,4186.81201171875,0.0,0.010925320908427238,1.200009137392044e-06,0,0.0,0.0,0.0,11
2026,Supervised Latent Neural Operator Corrector,10,0.4270457923412323,4194.009765625,0.0,0.010925320908427238,0.13086799997836351,10,0.014052920322865248,0.06772617064416409,0.02992454171180725,11
2026,TD3+BC,10,0.4270457923412323,4194.009765625,0.0,0.010925320908427238,0.21759590000147,10,0.014052920322865248,0.06772617064416409,0.02992454171180725,11
2026,Selected Production Policy,10,0.4270457923412323,4194.009765625,0.0,0.010925320908427238,0.22039229999063537,10,0.014052920322865248,0.06772617064416409,0.02992454171180725,11
2026,Gradient baseline,10,0.45836982131004333,3871.84326171875,0.0,0.010925320908427238,0.08119680004892871,10,0.009654110297560692,-0.0030583260231651366,-0.0013994872570037842,11
2026,PINN-style baseline,10,0.4569922983646393,4178.322265625,0.0,0.010925320908427238,0.2092564000049606,10,6.493660184787586e-05,-4.798187683263677e-05,-2.1964311599731445e-05,11
2026,Base FNO Initializer,10,0.22726793587207794,462.10546875,0.0,0.0,1.800013706088066e-06,0,0.0,0.0,0.0,12
2026,Supervised Latent Neural Operator Corrector,10,0.2155647873878479,447.7399597167969,0.0,0.0,0.12495289999060333,10,0.010899411141872406,0.05286748323123902,0.011703148484230042,12
2026,TD3+BC,10,0.2155647873878479,447.7399597167969,0.0,0.0,0.21545509999850765,10,0.010899411141872406,0.05286748323123902,0.011703148484230042,12
2026,Selected Production Policy,10,0.2155647873878479,447.7399597167969,0.0,0.0,0.2226704999920912,10,0.010899411141872406,0.05286748323123902,0.011703148484230042,12
2026,Gradient baseline,10,0.22495608031749725,447.44244384765625,0.0,0.0,0.08006559999193996,10,0.009944776259362697,0.010223960096482188,0.0023118555545806885,12
2026,PINN-style baseline,10,0.22723425924777985,458.5760803222656,0.0,0.0,0.19809570000506938,10,6.32852636044845e-05,0.00014829521751380526,3.36766242980957e-05,12
2026,Base FNO Initializer,10,0.40855661034584045,3479.369873046875,0.0,0.0,1.700012944638729e-06,0,0.0,0.0,0.0,13
2026,Supervised Latent Neural Operator Corrector,10,0.37725576758384705,3448.26806640625,0.0,0.0,0.1413755000103265,10,0.014218713901937009,0.07970613054931164,0.03130084276199341,13
2026,TD3+BC,10,0.37725576758384705,3448.26806640625,0.0,0.0,0.2054144999710843,10,0.014218713901937009,0.07970613054931164,0.03130084276199341,13
2026,Selected Production Policy,10,0.37725576758384705,3448.26806640625,0.0,0.0,0.19116909999866039,10,0.014218713901937009,0.07970613054931164,0.03130084276199341,13
2026,Gradient baseline,10,0.40989235043525696,3204.057373046875,0.0,0.0,0.08200949995080009,10,0.010010684840381145,-0.0032645085884723812,-0.001335740089416504,13
2026,PINN-style baseline,10,0.4085825979709625,3471.1640625,0.0,0.0,0.2049055999959819,10,6.509124214062467e-05,-6.359838062053313e-05,-2.5987625122070312e-05,13
2026,Base FNO Initializer,10,0.2242628037929535,532.4896240234375,0.0,0.0,2.200016751885414e-06,0,0.0,0.0,0.0,14
2026,Supervised Latent Neural Operator Corrector,10,0.2102152556180954,519.0408935546875,0.0,0.0,0.14289640000788495,10,0.011480574775487185,0.06468587319250219,0.014047548174858093,14
2026,TD3+BC,10,0.2102152556180954,519.0408935546875,0.0,0.0,0.173500899982173,10,0.011480574775487185,0.06468587319250219,0.014047548174858093,14
2026,Selected Production Policy,10,0.2102152556180954,519.0408935546875,0.0,0.0,0.21804740000516176,10,0.011480574775487185,0.06468587319250219,0.014047548174858093,14
2026,Gradient baseline,10,0.2222234159708023,511.3712463378906,0.0,0.0,0.08505839999997988,10,0.00995645010843873,0.00913491245592013,0.002039387822151184,14
2026,PINN-style baseline,10,0.2242429554462433,528.720947265625,0.0,0.0,0.17648269998608157,10,6.360404804581777e-05,8.833365609461907e-05,1.9848346710205078e-05,14
2026,Base FNO Initializer,10,0.4051777720451355,3438.782958984375,0.0,0.0,1.100008375942707e-06,0,0.0,0.0,0.0,15
2026,Supervised Latent Neural Operator Corrector,10,0.3739248216152191,3404.96044921875,0.0,0.0,0.13220960000762716,10,0.014215924683958292,0.08027011249214411,0.03125295042991638,15
2026,TD3+BC,10,0.3739248216152191,3404.96044921875,0.0,0.0,0.21501579997129738,10,0.014215924683958292,0.08027011249214411,0.03125295042991638,15
2026,Selected Production Policy,10,0.3739248216152191,3404.96044921875,0.0,0.0,0.22170979995280504,10,0.014215924683958292,0.08027011249214411,0.03125295042991638,15
2026,Gradient baseline,10,0.40656352043151855,3164.794921875,0.0,0.0,0.0827980000176467,10,0.010009629745036363,-0.0034148151462431997,-0.0013857483863830566,15
2026,PINN-style baseline,10,0.40520179271698,3430.583984375,0.0,0.0,0.20739060000050813,10,6.527864970848896e-05,-5.924721563133062e-05,-2.4020671844482422e-05,15
2026,Base FNO Initializer,10,0.26516905426979065,53.832645416259766,0.0,0.0,1.800013706088066e-06,0,0.0,0.0,0.0,16
2026,Supervised Latent Neural Operator Corrector,10,0.2495703250169754,35.892250061035156,0.0,0.0,0.1422239999519661,10,0.003250176948495209,0.06062676094006747,0.015598729252815247,16
2026,TD3+BC,10,0.2495703250169754,35.892250061035156,0.0,0.0,0.19629670004360378,10,0.003250176948495209,0.06062676094006747,0.015598729252815247,16
2026,Selected Production Policy,10,0.2495703250169754,35.892250061035156,0.0,0.0,0.2208087999606505,10,0.003250176948495209,0.06062676094006747,0.015598729252815247,16
2026,Gradient baseline,10,0.26187169551849365,86.92407989501953,0.0,0.0,0.08128779998514801,10,0.010174289252609015,0.01251237338874489,0.003297358751296997,16
2026,PINN-style baseline,10,0.26502835750579834,52.34559631347656,0.0,0.0,0.2139451999682933,10,6.158885335025844e-05,0.0005307054743752815,0.00014069676399230957,16
2026,Base FNO Initializer,10,0.4476301670074463,4021.540283203125,0.0,0.002559700980782509,1.700012944638729e-06,0,0.0,0.0,0.0,17
2026,Supervised Latent Neural Operator Corrector,10,0.4172609746456146,4021.36181640625,0.0,0.002559700980782509,0.14296420000027865,10,0.014104868099093438,0.07025449071079493,0.030369192361831665,17
2026,TD3+BC,10,0.4172609746456146,4021.36181640625,0.0,0.002559700980782509,0.21513060003053397,10,0.014104868099093438,0.07025449071079493,0.030369192361831665,17
2026,Selected Production Policy,10,0.4172609746456146,4021.36181640625,0.0,0.002559700980782509,0.19234940002206713,10,0.014104868099093438,0.07025449071079493,0.030369192361831665,17
2026,Gradient baseline,10,0.4489974081516266,3717.07958984375,0.0,0.002559700980782509,0.08532019995618612,10,0.009769171290099622,-0.0030502342124236748,-0.0013672411441802979,17
2026,PINN-style baseline,10,0.44765177369117737,4013.116455078125,0.0,0.002559700980782509,0.21801319997757673,10,6.494554181699642e-05,-4.827990187550313e-05,-2.16066837310791e-05,17
2026,Base FNO Initializer,10,0.30172044038772583,12.80700397491455,0.0,0.0,1.700012944638729e-06,0,0.0,0.0,0.0,18
2026,Supervised Latent Neural Operator Corrector,10,0.23315395414829254,8.87943172454834,0.0,0.0,0.14257630001520738,10,0.003276905766688287,0.2578017197083682,0.06856648623943329,18
2026,TD3+BC,10,0.23315395414829254,8.87943172454834,0.0,0.0,0.21991779998643324,10,0.003276905766688287,0.2578017197083682,0.06856648623943329,18
2026,Selected Production Policy,10,0.23315395414829254,8.87943172454834,0.0,0.0,0.21586699999170378,10,0.003276905766688287,0.2578017197083682,0.06856648623943329,18
2026,Gradient baseline,10,0.29945605993270874,42.57374954223633,0.0,0.0,0.08035060000838712,10,0.01003161696717143,0.007532782619819045,0.00226438045501709,18
2026,PINN-style baseline,10,0.3014398515224457,11.945229530334473,0.0,0.0,0.21025030000600964,10,6.005730538163334e-05,0.0009303840633947402,0.00028058886528015137,18
2026,Base FNO Initializer,10,0.23383036255836487,351.0114440917969,0.0,0.0,1.0999501682817936e-06,0,0.0,0.0,0.0,19
2026,Supervised Latent Neural Operator Corrector,10,0.2254723608493805,331.0256042480469,0.0,0.0,0.12845900002866983,10,0.009445320069789886,0.03639776777708903,0.008358001708984375,19
2026,TD3+BC,10,0.2254723608493805,331.0256042480469,0.0,0.0,0.21234399999957532,10,0.009445320069789886,0.03639776777708903,0.008358001708984375,19
2026,Selected Production Policy,10,0.2254723608493805,331.0256042480469,0.0,0.0,0.21746200002962723,10,0.009445320069789886,0.03639776777708903,0.008358001708984375,19
2026,Gradient baseline,10,0.23123329877853394,348.4317626953125,0.0,0.0,0.0818534999853,10,0.00996407652273774,0.011168171535246074,0.0025970637798309326,19
2026,PINN-style baseline,10,0.23379768431186676,347.8498229980469,0.0,0.0,0.20695690001593903,10,6.284085429797415e-05,0.00013983136932438356,3.267824649810791e-05,19
2026,Base FNO Initializer,10,0.22899553179740906,428.7239685058594,0.0,0.0,1.800013706088066e-06,0,0.0,0.0,0.0,20
2026,Supervised Latent Neural Operator Corrector,10,0.2184058278799057,413.2740478515625,0.0,0.0,0.09906080004293472,10,0.010538622457534074,0.047346885126899,0.010589703917503357,20
2026,TD3+BC,10,0.2184058278799057,413.2740478515625,0.0,0.0,0.21339300001272932,10,0.010538622457534074,0.047346885126899,0.010589703917503357,20
2026,Selected Production Policy,10,0.2184058278799057,413.2740478515625,0.0,0.0,0.1982852999935858,10,0.010538622457534074,0.047346885126899,0.010589703917503357,20
2026,Gradient baseline,10,0.22657693922519684,419.3338623046875,0.0,0.0,0.08463190001202747,10,0.010100817400962114,0.010617835738230497,0.0024185925722122192,20
2026,PINN-style baseline,10,0.22896212339401245,425.2996520996094,0.0,0.0,0.22523619997082278,10,6.2910850829212e-05,0.00014579186517948983,3.3408403396606445e-05,20
2026,Base FNO Initializer,10,0.218711256980896,1032.7574462890625,0.0,0.0,1.9000144675374031e-06,0,0.0,0.0,0.0,21
2026,Supervised Latent Neural Operator Corrector,10,0.2012559473514557,992.2363891601562,0.0,0.0,0.14477930002612993,10,0.012575512379407882,0.08317423076368868,0.017455309629440308,21
2026,TD3+BC,10,0.2012559473514557,992.2363891601562,0.0,0.0,0.2233336999779567,10,0.012575512379407882,0.08317423076368868,0.017455309629440308,21
2026,Selected Production Policy,10,0.2012559473514557,992.2363891601562,0.0,0.0,0.23404390003997833,10,0.012575512379407882,0.08317423076368868,0.017455309629440308,21
2026,Gradient baseline,10,0.21765513718128204,947.57763671875,0.0,0.0,0.09409540001070127,10,0.009958362765610218,0.004840008623432368,0.0010561197996139526,21
2026,PINN-style baseline,10,0.21871763467788696,1027.6326904296875,0.0,0.0,0.23880829999689013,10,6.390693743014708e-05,-2.9206342901488824e-05,-6.377696990966797e-06,21
2026,Base FNO Initializer,10,0.245682492852211,217.69081115722656,0.0,0.0,2.200016751885414e-06,0,0.0,0.0,0.0,22
2026,Supervised Latent Neural Operator Corrector,10,0.2381790727376938,188.3437042236328,0.0,0.0,0.15551379998214543,10,0.006883871369063854,0.031017088622320443,0.007503420114517212,22
2026,TD3+BC,10,0.2381790727376938,188.3437042236328,0.0,0.0,0.23461340001085773,10,0.006883871369063854,0.031017088622320443,0.007503420114517212,22
2026,Selected Production Policy,10,0.2381790727376938,188.3437042236328,0.0,0.0,0.2201441999641247,10,0.006883871369063854,0.031017088622320443,0.007503420114517212,22
2026,Gradient baseline,10,0.2429611086845398,231.18948364257812,0.0,0.0,0.0789921999676153,10,0.01011472949758172,0.011138078349176794,0.0027213841676712036,22
2026,PINN-style baseline,10,0.24560631811618805,215.09185791015625,0.0,0.0,0.21495619998313487,10,6.307157418632414e-05,0.0003100584726780653,7.617473602294922e-05,22
2026,Base FNO Initializer,10,0.42188429832458496,3646.118408203125,0.0,0.0,1.600012183189392e-06,0,0.0,0.0,0.0,23
2026,Supervised Latent Neural Operator Corrector,10,0.3906553089618683,3625.46484375,0.0,0.0,0.1387758000055328,10,0.01420505428686738,0.07690444681793451,0.031228989362716675,23
2026,TD3+BC,10,0.3906553089618683,3625.46484375,0.0,0.0,0.21283480001147836,10,0.01420505428686738,0.07690444681793451,0.031228989362716675,23
2026,Selected Production Policy,10,0.3906553089618683,3625.46484375,0.0,0.0,0.21906339999986812,10,0.01420505428686738,0.07690444681793451,0.031228989362716675,23
2026,Gradient baseline,10,0.423277348279953,3360.8740234375,0.0,0.0,0.05791919998591766,10,0.00994928814470768,-0.0032971054897643626,-0.001393049955368042,23
2026,PINN-style baseline,10,0.42190682888031006,3637.813720703125,0.0,0.0,0.1910548000014387,10,6.52323455142323e-05,-5.3465532346308464e-05,-2.2530555725097656e-05,23
2026,Base FNO Initializer,10,0.23492376506328583,336.3220520019531,0.0,0.0,1.600012183189392e-06,0,0.0,0.0,0.0,24
2026,Supervised Latent Neural Operator Corrector,10,0.22689080238342285,315.3616027832031,0.0,0.0,0.1008500000461936,10,0.009200213477015495,0.03479172469815239,0.008032962679862976,24
2026,TD3+BC,10,0.22689080238342285,315.3616027832031,0.0,0.0,0.22479030000977218,10,0.009200213477015495,0.03479172469815239,0.008032962679862976,24
2026,Selected Production Policy,10,0.22689080238342285,315.3616027832031,0.0,0.0,0.20185999997192994,10,0.009200213477015495,0.03479172469815239,0.008032962679862976,24
2026,Gradient baseline,10,0.23224876821041107,334.1806945800781,0.0,0.0,0.05617930000880733,10,0.009939323272556066,0.011451591504737735,0.002674996852874756,24
2026,PINN-style baseline,10,0.23488880693912506,333.21649169921875,0.0,0.0,0.20017249998636544,10,6.279750741668976e-05,0.00014877204466756666,3.49581241607666e-05,24
2026,Base FNO Initializer,10,0.21926264464855194,730.4130249023438,0.0,0.0,2.200016751885414e-06,0,0.0,0.0,0.0,25
2026,Supervised Latent Neural Operator Corrector,10,0.20051702857017517,711.6853637695312,0.0,0.0,0.14681310002924874,10,0.01226547798141837,0.08937028620857745,0.01874561607837677,25
2026,TD3+BC,10,0.20051702857017517,711.6853637695312,0.0,0.0,0.22791920002782717,10,0.01226547798141837,0.08937028620857745,0.01874561607837677,25
2026,Selected Production Policy,10,0.20051702857017517,711.6853637695312,0.0,0.0,0.2207559000235051,10,0.01226547798141837,0.08937028620857745,0.01874561607837677,25
2026,Gradient baseline,10,0.21757832169532776,682.39453125,0.0,0.0,0.08151679998263717,10,0.009977497160434723,0.007710783276706934,0.0016843229532241821,25
2026,PINN-style baseline,10,0.21925446391105652,726.0503540039062,0.0,0.0,0.17051729996455833,10,6.378575635608285e-05,3.7312372413111916e-05,8.180737495422363e-06,25
2026,Base FNO Initializer,10,0.25159189105033875,1806.6959228515625,0.0,0.0,1.600012183189392e-06,0,0.0,0.0,0.0,26
2026,Supervised Latent Neural Operator Corrector,10,0.2526930868625641,1699.19677734375,0.0,0.0,0.14509649999672547,10,0.013227053452283144,-0.004368264228105545,-0.0011011958122253418,26
2026,TD3+BC,10,0.2526930868625641,1699.19677734375,0.0,0.0,0.23758600000292063,10,0.013227053452283144,-0.004368264228105545,-0.0011011958122253418,26
2026,Selected Production Policy,10,0.2526930868625641,1699.19677734375,0.0,0.0,0.24456479999935254,10,0.013227053452283144,-0.004368264228105545,-0.0011011958122253418,26
2026,Gradient baseline,10,0.2519160509109497,1646.7344970703125,0.0,0.0,0.07388139999238774,10,0.009982058312743902,-0.0012880102221970446,-0.0003241598606109619,26
2026,PINN-style baseline,10,0.251620352268219,1800.1552734375,0.0,0.0,0.2259366000071168,10,6.434002134483307e-05,-0.00011324949264235329,-2.8461217880249023e-05,26
2026,Base FNO Initializer,10,0.2264646738767624,479.3251037597656,0.0,0.0,2.3999600671231747e-06,0,0.0,0.0,0.0,27
2026,Supervised Latent Neural Operator Corrector,10,0.21418388187885284,465.2615966796875,0.0,0.0,0.155377600050997,10,0.011061871517449617,0.05575338640483096,0.012280791997909546,27
2026,TD3+BC,10,0.21418388187885284,465.2615966796875,0.0,0.0,0.22491010004887357,10,0.011061871517449617,0.05575338640483096,0.012280791997909546,27
2026,Selected Production Policy,10,0.21418388187885284,465.2615966796875,0.0,0.0,0.23026420001406223,10,0.011061871517449617,0.05575338640483096,0.012280791997909546,27
2026,Gradient baseline,10,0.22436299920082092,463.8607177734375,0.0,0.0,0.08941429998958483,10,0.010056537576019764,0.009323432575911283,0.0021016746759414673,27
2026,PINN-style baseline,10,0.226431742310524,475.7313232421875,0.0,0.0,0.24122770002577454,10,6.339524625218474e-05,0.00014543420820700703,3.293156623840332e-05,27
2026,Base FNO Initializer,10,0.22297409176826477,569.5819091796875,0.0,0.0,2.6999623514711857e-06,0,0.0,0.0,0.0,28
2026,Supervised Latent Neural Operator Corrector,10,0.20778316259384155,555.9453735351562,0.0,0.0,0.14982420002343133,10,0.011705556698143483,0.07055992301320657,0.015190929174423218,28
2026,TD3+BC,10,0.20778316259384155,555.9453735351562,0.0,0.0,0.23212020000210032,10,0.011705556698143483,0.07055992301320657,0.015190929174423218,28
2026,Selected Production Policy,10,0.20778316259384155,555.9453735351562,0.0,0.0,0.21225519996369258,10,0.011705556698143483,0.07055992301320657,0.015190929174423218,28
2026,Gradient baseline,10,0.22093342244625092,540.5948486328125,0.0,0.0,0.0830714000039734,10,0.00990220308303833,0.009193603531457484,0.002040669322013855,28
2026,PINN-style baseline,10,0.2229463905096054,565.6923217773438,0.0,0.0,0.21026760002132505,10,6.3642375607742e-05,0.000124096060062584,2.7701258659362793e-05,28
2026,Base FNO Initializer,10,0.3460720479488373,2797.421142578125,0.0,0.0,1.700012944638729e-06,0,0.0,0.0,0.0,29
2026,Supervised Latent Neural Operator Corrector,10,0.32578045129776,2725.158935546875,0.0,0.0,0.14961500000208616,10,0.01394743165001273,0.06042235204949975,0.02029159665107727,29
2026,TD3+BC,10,0.32578045129776,2725.158935546875,0.0,0.0,0.2020259000128135,10,0.01394743165001273,0.06042235204949975,0.02029159665107727,29
2026,Selected Production Policy,10,0.32578045129776,2725.158935546875,0.0,0.0,0.16307120001874864,10,0.01394743165001273,0.06042235204949975,0.02029159665107727,29
2026,Gradient baseline,10,0.3472871780395508,2560.23779296875,0.0,0.0,0.08296930004144087,10,0.009935813024640083,-0.0035056274791713804,-0.001215130090713501,29
2026,PINN-style baseline,10,0.34609636664390564,2789.674560546875,0.0,0.0,0.19416950002778322,10,6.476810303865932e-05,-7.027414721960668e-05,-2.4318695068359375e-05,29
2026,Base FNO Initializer,10,0.4810130000114441,4620.02783203125,0.0,0.07487307488918304,1.6999547369778156e-06,0,0.0,0.0,0.0,30
2026,Supervised Latent Neural Operator Corrector,10,0.45236167311668396,4645.76416015625,0.0,0.07487307488918304,0.13549389998661354,10,0.013906956370919942,0.06141110463067889,0.028651326894760132,30
2026,TD3+BC,10,0.45236167311668396,4645.76416015625,0.0,0.07487307488918304,0.2138552000396885,10,0.013906956370919942,0.06141110463067889,0.028651326894760132,30
2026,Selected Production Policy,10,0.45236167311668396,4645.76416015625,0.0,0.07487307488918304,0.21958879998419434,10,0.013906956370919942,0.06141110463067889,0.028651326894760132,30
2026,Gradient baseline,10,0.4824271500110626,4285.46435546875,0.0,0.07487307488918304,0.06772829999681562,10,0.009407552983611822,-0.002936071250587702,-0.0014141499996185303,30
2026,PINN-style baseline,10,0.4810338616371155,4611.4111328125,0.0,0.07487307488918304,0.23439140000846237,10,6.509328886750154e-05,-4.3511508465599036e-05,-2.086162567138672e-05,30
2026,Base FNO Initializer,10,0.22708599269390106,1376.085693359375,0.0,0.0,1.500011421740055e-06,0,0.0,0.0,0.0,31
2026,Supervised Latent Neural Operator Corrector,10,0.21879370510578156,1302.9444580078125,0.0,0.0,0.14210460003232583,10,0.012851256411522627,0.03719869113410823,0.008292287588119507,31
2026,TD3+BC,10,0.21879370510578156,1302.9444580078125,0.0,0.0,0.1977086999686435,10,0.012851256411522627,0.03719869113410823,0.008292287588119507,31
2026,Selected Production Policy,10,0.21879370510578156,1302.9444580078125,0.0,0.0,0.2217963999719359,10,0.012851256411522627,0.03719869113410823,0.008292287588119507,31
2026,Gradient baseline,10,0.22667425870895386,1259.306640625,0.0,0.0,0.07191490003606305,10,0.010052782204002141,0.001814124763768632,0.0004117339849472046,31
2026,PINN-style baseline,10,0.22709766030311584,1370.2608642578125,0.0,0.0,0.20719370001461357,10,6.446044499170966e-05,-5.1379360229475424e-05,-1.1667609214782715e-05,31
2026,Base FNO Initializer,10,0.2181762456893921,958.6610107421875,0.0,0.0,1.800013706088066e-06,0,0.0,0.0,0.0,32
2026,Supervised Latent Neural Operator Corrector,10,0.1995057314634323,924.6204223632812,0.0,0.0,0.09068659995682538,10,0.01252845600247383,0.08945941482670605,0.018670514225959778,32
2026,TD3+BC,10,0.1995057314634323,924.6204223632812,0.0,0.0,0.18287909997161478,10,0.01252845600247383,0.08945941482670605,0.018670514225959778,32
2026,Selected Production Policy,10,0.1995057314634323,924.6204223632812,0.0,0.0,0.2122273999848403,10,0.01252845600247383,0.08945941482670605,0.018670514225959778,32
2026,Gradient baseline,10,0.21709389984607697,884.9495849609375,0.0,0.0,0.082276200002525,10,0.009947254601866008,0.004972738432115875,0.0010823458433151245,32
2026,PINN-style baseline,10,0.21818062663078308,953.7035522460938,0.0,0.0,0.22294090001378208,10,6.403347215382383e-05,-2.0086831554522178e-05,-4.380941390991211e-06,32
2026,Base FNO Initializer,10,0.22811955213546753,445.33599853515625,0.0,0.0,1.9999570213258266e-06,0,0.0,0.0,0.0,33
2026,Supervised Latent Neural Operator Corrector,10,0.21697597205638885,430.37542724609375,0.0,0.0,0.14309700002195314,10,0.010725185740739107,0.050082699468475766,0.011143580079078674,33
2026,TD3+BC,10,0.21697597205638885,430.37542724609375,0.0,0.0,0.21943649998866022,10,0.010725185740739107,0.050082699468475766,0.011143580079078674,33
2026,Selected Production Policy,10,0.21697597205638885,430.37542724609375,0.0,0.0,0.21722019999288023,10,0.010725185740739107,0.050082699468475766,0.011143580079078674,33
2026,Gradient baseline,10,0.22603736817836761,433.6247863769531,0.0,0.0,0.08694589999504387,10,0.010105684958398342,0.009169001830741763,0.0020821839570999146,33
2026,PINN-style baseline,10,0.2280775010585785,441.85308837890625,0.0,0.0,0.2126247999840416,10,6.282165632001124e-05,0.00018441502288624179,4.2051076889038086e-05,33
2026,Base FNO Initializer,10,0.3846151828765869,3201.56689453125,0.0,0.0,1.700012944638729e-06,0,0.0,0.0,0.0,34
2026,Supervised Latent Neural Operator Corrector,10,0.35455334186553955,3152.52001953125,0.0,0.0,0.14155180001398548,10,0.014132148213684559,0.08138357568532228,0.030061841011047363,34
2026,TD3+BC,10,0.35455334186553955,3152.52001953125,0.0,0.0,0.21588680002605543,10,0.014132148213684559,0.08138357568532228,0.030061841011047363,34
2026,Selected Production Policy,10,0.35455334186553955,3152.52001953125,0.0,0.0,0.20562159997643903,10,0.014132148213684559,0.08138357568532228,0.030061841011047363,34
2026,Gradient baseline,10,0.3859094977378845,2941.00927734375,0.0,0.0,0.05728750000707805,10,0.009935568738728761,-0.003360080474521965,-0.0012943148612976074,34
2026,PINN-style baseline,10,0.3846380412578583,3193.506103515625,0.0,0.0,0.19465379999019206,10,6.489253937616012e-05,-5.9426031839393545e-05,-2.2858381271362305e-05,34
2026,Base FNO Initializer,10,0.22131839394569397,627.5787353515625,0.0,0.0,2.200016751885414e-06,0,0.0,0.0,0.0,35
2026,Supervised Latent Neural Operator Corrector,10,0.20454420149326324,612.815673828125,0.0,0.0,0.14030349999666214,10,0.011972069833427667,0.07881733094109222,0.016774192452430725,35
2026,TD3+BC,10,0.20454420149326324,612.815673828125,0.0,0.0,0.2265812000259757,10,0.011972069833427667,0.07881733094109222,0.016774192452430725,35
2026,Selected Production Policy,10,0.20454420149326324,612.815673828125,0.0,0.0,0.21800220001023263,10,0.011972069833427667,0.07881733094109222,0.016774192452430725,35
2026,Gradient baseline,10,0.21948494017124176,592.6470336914062,0.0,0.0,0.08402920002117753,10,0.01004648832604289,0.008318373060319573,0.0018334537744522095,35
2026,PINN-style baseline,10,0.22130116820335388,623.5204467773438,0.0,0.0,0.2161678999545984,10,6.369438342517242e-05,7.772411936457502e-05,1.722574234008789e-05,35
