Seed,Method,Steps,Case,PDE residual norm,BC error,IC error
42,Base FNO Initializer,1,0,69.8258056640625,0.0,0.0
42,Supervised Latent Neural Operator Corrector,1,0,60.41604232788086,0.0,0.0
42,TD3 from scratch,1,0,61.18472671508789,0.0,0.0
42,TD3+BC,1,0,60.41604232788086,0.0,0.0
42,Full RL Neural Operator Solver,1,0,60.41604232788086,0.0,0.0
42,Gradient baseline,1,0,80.59046936035156,0.0,0.0
42,PINN-style baseline,1,0,69.67767333984375,0.0,0.0
42,Base FNO Initializer,1,1,4549.3076171875,0.0,0.1724791526794433
42,Supervised Latent Neural Operator Corrector,1,1,4409.72021484375,0.0,0.1724791526794433
42,TD3 from scratch,1,1,4411.037109375,0.0,0.1724791526794433
42,TD3+BC,1,1,4409.72021484375,0.0,0.1724791526794433
42,Full RL Neural Operator Solver,1,1,4409.72021484375,0.0,0.1724791526794433
42,Gradient baseline,1,1,4354.79931640625,0.0,0.1724791526794433
42,PINN-style baseline,1,1,4548.26171875,0.0,0.1724791526794433
42,Base FNO Initializer,1,2,3465.302490234375,0.0,0.0
42,Supervised Latent Neural Operator Corrector,1,2,3324.024658203125,0.0,0.0
42,TD3 from scratch,1,2,3326.487060546875,0.0,0.0
42,TD3+BC,1,2,3324.024658203125,0.0,0.0
42,Full RL Neural Operator Solver,1,2,3324.024658203125,0.0,0.0
42,Gradient baseline,1,2,3279.98046875,0.0,0.0
42,PINN-style baseline,1,2,3464.289306640625,0.0,0.0
42,Base FNO Initializer,1,3,358.86572265625,0.0,0.0
42,Supervised Latent Neural Operator Corrector,1,3,320.6955261230469,0.0,0.0
42,TD3 from scratch,1,3,324.0799865722656,0.0,0.0
42,TD3+BC,1,3,320.6955261230469,0.0,0.0
42,Full RL Neural Operator Solver,1,3,320.6955261230469,0.0,0.0
42,Gradient baseline,1,3,325.81787109375,0.0,0.0
42,PINN-style baseline,1,3,358.5241394042969,0.0,0.0
42,Base FNO Initializer,1,4,2594.45703125,0.0,0.0
42,Supervised Latent Neural Operator Corrector,1,4,2463.177978515625,0.0,0.0
42,TD3 from scratch,1,4,2465.20751953125,0.0,0.0
42,TD3+BC,1,4,2463.177978515625,0.0,0.0
42,Full RL Neural Operator Solver,1,4,2463.177978515625,0.0,0.0
42,Gradient baseline,1,4,2428.4765625,0.0,0.0
42,PINN-style baseline,1,4,2593.51220703125,0.0,0.0
42,Base FNO Initializer,1,5,1184.1424560546875,0.0,0.0
42,Supervised Latent Neural Operator Corrector,1,5,1100.837158203125,0.0,0.0
42,TD3 from scratch,1,5,1103.65283203125,0.0,0.0
42,TD3+BC,1,5,1100.837158203125,0.0,0.0
42,Full RL Neural Operator Solver,1,5,1100.837158203125,0.0,0.0
42,Gradient baseline,1,5,1085.1226806640625,0.0,0.0
42,PINN-style baseline,1,5,1183.5062255859375,0.0,0.0
42,Base FNO Initializer,1,6,1476.568359375,0.0,0.0
42,Supervised Latent Neural Operator Corrector,1,6,1380.500732421875,0.0,0.0
42,TD3 from scratch,1,6,1383.15283203125,0.0,0.0
42,TD3+BC,1,6,1380.500732421875,0.0,0.0
42,Full RL Neural Operator Solver,1,6,1380.500732421875,0.0,0.0
42,Gradient baseline,1,6,1359.4967041015625,0.0,0.0
42,PINN-style baseline,1,6,1475.8487548828125,0.0,0.0
42,Base FNO Initializer,1,7,219.30593872070312,0.0,0.0
42,Supervised Latent Neural Operator Corrector,1,7,192.98507690429688,0.0,0.0
42,TD3 from scratch,1,7,195.69659423828125,0.0,0.0
42,TD3+BC,1,7,192.98507690429688,0.0,0.0
42,Full RL Neural Operator Solver,1,7,192.98507690429688,0.0,0.0
42,Gradient baseline,1,7,203.36373901367188,0.0,0.0
42,PINN-style baseline,1,7,219.0416412353516,0.0,0.0
42,Base FNO Initializer,1,8,2071.488037109375,0.0,0.0
42,Supervised Latent Neural Operator Corrector,1,8,1953.244384765625,0.0,0.0
42,TD3 from scratch,1,8,1955.5001220703125,0.0,0.0
42,TD3+BC,1,8,1953.244384765625,0.0,0.0
42,Full RL Neural Operator Solver,1,8,1953.244384765625,0.0,0.0
42,Gradient baseline,1,8,1923.914794921875,0.0,0.0
42,PINN-style baseline,1,8,2070.630615234375,0.0,0.0
42,Base FNO Initializer,1,9,643.044921875,0.0,0.0
42,Supervised Latent Neural Operator Corrector,1,9,586.625,0.0,0.0
42,TD3 from scratch,1,9,589.6207275390625,0.0,0.0
42,TD3+BC,1,9,586.625,0.0,0.0
42,Full RL Neural Operator Solver,1,9,586.625,0.0,0.0
42,Gradient baseline,1,9,583.3755493164062,0.0,0.0
42,PINN-style baseline,1,9,642.5797729492188,0.0,0.0
42,Base FNO Initializer,1,10,1651.44091796875,0.0,0.0
42,Supervised Latent Neural Operator Corrector,1,10,1548.2093505859375,0.0,0.0
42,TD3 from scratch,1,10,1550.738037109375,0.0,0.0
42,TD3+BC,1,10,1548.2093505859375,0.0,0.0
42,Full RL Neural Operator Solver,1,10,1548.2093505859375,0.0,0.0
42,Gradient baseline,1,10,1524.4368896484375,0.0,0.0
42,PINN-style baseline,1,10,1650.675537109375,0.0,0.0
42,Base FNO Initializer,1,11,3960.756103515625,0.0,0.0109253209084272
42,Supervised Latent Neural Operator Corrector,1,11,3819.76123046875,0.0,0.0109253209084272
42,TD3 from scratch,1,11,3821.685791015625,0.0,0.0109253209084272
42,TD3+BC,1,11,3819.76123046875,0.0,0.0109253209084272
42,Full RL Neural Operator Solver,1,11,3819.76123046875,0.0,0.0109253209084272
42,Gradient baseline,1,11,3771.021728515625,0.0,0.0109253209084272
42,PINN-style baseline,1,11,3959.725341796875,0.0,0.0109253209084272
42,Base FNO Initializer,1,12,595.3018798828125,0.0,0.0
42,Supervised Latent Neural Operator Corrector,1,12,541.5867919921875,0.0,0.0
42,TD3 from scratch,1,12,544.6320190429688,0.0,0.0
42,TD3+BC,1,12,541.5867919921875,0.0,0.0
42,Full RL Neural Operator Solver,1,12,541.5867919921875,0.0,0.0
42,Gradient baseline,1,12,539.5504760742188,0.0,0.0
42,PINN-style baseline,1,12,594.8549194335938,0.0,0.0
42,Base FNO Initializer,1,13,3434.9931640625,0.0,0.0
42,Supervised Latent Neural Operator Corrector,1,13,3294.064208984375,0.0,0.0
42,TD3 from scratch,1,13,3296.50830078125,0.0,0.0
42,TD3+BC,1,13,3294.064208984375,0.0,0.0
42,Full RL Neural Operator Solver,1,13,3294.064208984375,0.0,0.0
42,Gradient baseline,1,13,3250.23046875,0.0,0.0
42,PINN-style baseline,1,13,3433.983154296875,0.0,0.0
42,Base FNO Initializer,1,14,692.24951171875,0.0,0.0
42,Supervised Latent Neural Operator Corrector,1,14,633.1326293945312,0.0,0.0
42,TD3 from scratch,1,14,636.076171875,0.0,0.0
42,TD3+BC,1,14,633.1326293945312,0.0,0.0
42,Full RL Neural Operator Solver,1,14,633.1326293945312,0.0,0.0
42,Gradient baseline,1,14,628.4342651367188,0.0,0.0
42,PINN-style baseline,1,14,691.7671508789062,0.0,0.0
42,Base FNO Initializer,1,15,3405.65576171875,0.0,0.0
42,Supervised Latent Neural Operator Corrector,1,15,3264.81298828125,0.0,0.0
42,TD3 from scratch,1,15,3267.260009765625,0.0,0.0
42,TD3+BC,1,15,3264.81298828125,0.0,0.0
42,Full RL Neural Operator Solver,1,15,3264.81298828125,0.0,0.0
42,Gradient baseline,1,15,3221.334228515625,0.0,0.0
42,PINN-style baseline,1,15,3404.646728515625,0.0,0.0
42,Base FNO Initializer,1,16,45.42012405395508,0.0,0.0
42,Supervised Latent Neural Operator Corrector,1,16,39.609256744384766,0.0,0.0
42,TD3 from scratch,1,16,40.0501708984375,0.0,0.0
42,TD3+BC,1,16,39.609256744384766,0.0,0.0
42,Full RL Neural Operator Solver,1,16,39.609256744384766,0.0,0.0
42,Gradient baseline,1,16,64.31068420410156,0.0,0.0
42,PINN-style baseline,1,16,45.29996871948242,0.0,0.0
42,Base FNO Initializer,1,17,3834.319580078125,0.0,0.0025597009807825
42,Supervised Latent Neural Operator Corrector,1,17,3692.7548828125,0.0,0.0025597009807825
42,TD3 from scratch,1,17,3694.90576171875,0.0,0.0025597009807825
42,TD3+BC,1,17,3692.7548828125,0.0,0.0025597009807825
42,Full RL Neural Operator Solver,1,17,3692.7548828125,0.0,0.0025597009807825
42,Gradient baseline,1,17,3645.311767578125,0.0,0.0025597009807825
42,PINN-style baseline,1,17,3833.29248046875,0.0,0.0025597009807825
42,Base FNO Initializer,1,18,10.459040641784668,0.0,0.0
42,Supervised Latent Neural Operator Corrector,1,18,9.21640682220459,0.0,0.0
42,TD3 from scratch,1,18,9.645501136779783,0.0,0.0
42,TD3+BC,1,18,9.21640682220459,0.0,0.0
42,Full RL Neural Operator Solver,1,18,9.21640682220459,0.0,0.0
42,Gradient baseline,1,18,37.67863082885742,0.0,0.0
42,PINN-style baseline,1,18,10.398356437683104,0.0,0.0
42,Base FNO Initializer,1,19,439.23931884765625,0.0,0.0
42,Supervised Latent Neural Operator Corrector,1,19,395.3238830566406,0.0,0.0
42,TD3 from scratch,1,19,398.690185546875,0.0,0.0
42,TD3+BC,1,19,395.3238830566406,0.0,0.0
42,Full RL Neural Operator Solver,1,19,395.3238830566406,0.0,0.0
42,Gradient baseline,1,19,397.8973388671875,0.0,0.0
42,PINN-style baseline,1,19,438.859375,0.0,0.0
42,Base FNO Initializer,1,20,548.5723876953125,0.0,0.0
42,Supervised Latent Neural Operator Corrector,1,20,497.6995544433594,0.0,0.0
42,TD3 from scratch,1,20,500.8664245605469,0.0,0.0
42,TD3+BC,1,20,497.6995544433594,0.0,0.0
42,Full RL Neural Operator Solver,1,20,497.6995544433594,0.0,0.0
42,Gradient baseline,1,20,497.1631774902344,0.0,0.0
42,PINN-style baseline,1,20,548.144287109375,0.0,0.0
42,Base FNO Initializer,1,21,1329.984619140625,0.0,0.0
42,Supervised Latent Neural Operator Corrector,1,21,1240.1973876953125,0.0,0.0
42,TD3 from scratch,1,21,1242.9776611328125,0.0,0.0
42,TD3+BC,1,21,1240.1973876953125,0.0,0.0
42,Full RL Neural Operator Solver,1,21,1240.1973876953125,0.0,0.0
42,Gradient baseline,1,21,1221.72314453125,0.0,0.0
42,PINN-style baseline,1,21,1329.3060302734375,0.0,0.0
42,Base FNO Initializer,1,22,251.4273376464844,0.0,0.0
42,Supervised Latent Neural Operator Corrector,1,22,222.17214965820312,0.0,0.0
42,TD3 from scratch,1,22,225.13351440429688,0.0,0.0
42,TD3+BC,1,22,222.17214965820312,0.0,0.0
42,Full RL Neural Operator Solver,1,22,222.17214965820312,0.0,0.0
42,Gradient baseline,1,22,231.22506713867188,0.0,0.0
42,PINN-style baseline,1,22,251.1446075439453,0.0,0.0
42,Base FNO Initializer,1,23,3555.9130859375,0.0,0.0
42,Supervised Latent Neural Operator Corrector,1,23,3414.423583984375,0.0,0.0
42,TD3 from scratch,1,23,3416.841552734375,0.0,0.0
42,TD3+BC,1,23,3414.423583984375,0.0,0.0
42,Full RL Neural Operator Solver,1,23,3414.423583984375,0.0,0.0
42,Gradient baseline,1,23,3369.31396484375,0.0,0.0
42,PINN-style baseline,1,23,3554.896484375,0.0,0.0
42,Base FNO Initializer,1,24,418.4165649414063,0.0,0.0
42,Supervised Latent Neural Operator Corrector,1,24,375.9435119628906,0.0,0.0
42,TD3 from scratch,1,24,379.3424987792969,0.0,0.0
42,TD3+BC,1,24,375.9435119628906,0.0,0.0
42,Full RL Neural Operator Solver,1,24,375.9435119628906,0.0,0.0
42,Gradient baseline,1,24,379.0354309082031,0.0,0.0
42,PINN-style baseline,1,24,418.0454711914063,0.0,0.0
42,Base FNO Initializer,1,25,957.0062255859376,0.0,0.0
42,Supervised Latent Neural Operator Corrector,1,25,884.3426513671875,0.0,0.0
42,TD3 from scratch,1,25,887.2153930664062,0.0,0.0
42,TD3+BC,1,25,884.3426513671875,0.0,0.0
42,Full RL Neural Operator Solver,1,25,884.3426513671875,0.0,0.0
42,Gradient baseline,1,25,873.0177001953125,0.0,0.0
42,PINN-style baseline,1,25,956.4397583007812,0.0,0.0
42,Base FNO Initializer,1,26,2125.42236328125,0.0,0.0
42,Supervised Latent Neural Operator Corrector,1,26,2005.5966796875,0.0,0.0
42,TD3 from scratch,1,26,2007.799072265625,0.0,0.0
42,TD3+BC,1,26,2005.5966796875,0.0,0.0
42,Full RL Neural Operator Solver,1,26,2005.5966796875,0.0,0.0
42,Gradient baseline,1,26,1975.6370849609373,0.0,0.0
42,PINN-style baseline,1,26,2124.5556640625,0.0,0.0
42,Base FNO Initializer,1,27,618.8441772460938,0.0,0.0
42,Supervised Latent Neural Operator Corrector,1,27,563.7752075195312,0.0,0.0
42,TD3 from scratch,1,27,566.81103515625,0.0,0.0
42,TD3+BC,1,27,563.7752075195312,0.0,0.0
42,Full RL Neural Operator Solver,1,27,563.7752075195312,0.0,0.0
42,Gradient baseline,1,27,561.150390625,0.0,0.0
42,PINN-style baseline,1,27,618.3881225585938,0.0,0.0
42,Base FNO Initializer,1,28,742.8990478515625,0.0,0.0
42,Supervised Latent Neural Operator Corrector,1,28,681.0474853515625,0.0,0.0
42,TD3 from scratch,1,28,683.9609375,0.0,0.0
42,TD3+BC,1,28,681.0474853515625,0.0,0.0
42,Full RL Neural Operator Solver,1,28,681.0474853515625,0.0,0.0
42,Gradient baseline,1,28,674.9010620117188,0.0,0.0
42,PINN-style baseline,1,28,742.3999633789062,0.0,0.0
42,Base FNO Initializer,1,29,2931.8359375,0.0,0.0
42,Supervised Latent Neural Operator Corrector,1,29,2795.434326171875,0.0,0.0
42,TD3 from scratch,1,29,2797.57470703125,0.0,0.0
42,TD3+BC,1,29,2795.434326171875,0.0,0.0
42,Full RL Neural Operator Solver,1,29,2795.434326171875,0.0,0.0
42,Gradient baseline,1,29,2757.028076171875,0.0,0.0
42,PINN-style baseline,1,29,2930.856201171875,0.0,0.0
42,Base FNO Initializer,1,30,4289.4482421875,0.0,0.074873074889183
42,Supervised Latent Neural Operator Corrector,1,30,4149.43994140625,0.0,0.074873074889183
42,TD3 from scratch,1,30,4151.0029296875,0.0,0.074873074889183
42,TD3+BC,1,30,4149.43994140625,0.0,0.074873074889183
42,Full RL Neural Operator Solver,1,30,4149.43994140625,0.0,0.074873074889183
42,Gradient baseline,1,30,4096.99267578125,0.0,0.074873074889183
42,PINN-style baseline,1,30,4288.4072265625,0.0,0.074873074889183
42,Base FNO Initializer,1,31,1709.37939453125,0.0,0.0
42,Supervised Latent Neural Operator Corrector,1,31,1603.8331298828125,0.0,0.0
42,TD3 from scratch,1,31,1606.3087158203125,0.0,0.0
42,TD3+BC,1,31,1603.8331298828125,0.0,0.0
42,Full RL Neural Operator Solver,1,31,1603.8331298828125,0.0,0.0
42,Gradient baseline,1,31,1579.2003173828125,0.0,0.0
42,PINN-style baseline,1,31,1708.59814453125,0.0,0.0
42,Base FNO Initializer,1,32,1242.1712646484375,0.0,0.0
42,Supervised Latent Neural Operator Corrector,1,32,1156.3033447265625,0.0,0.0
42,TD3 from scratch,1,32,1159.1143798828125,0.0,0.0
42,TD3+BC,1,32,1156.3033447265625,0.0,0.0
42,Full RL Neural Operator Solver,1,32,1156.3033447265625,0.0,0.0
42,Gradient baseline,1,32,1139.3702392578125,0.0,0.0
42,PINN-style baseline,1,32,1241.5184326171875,0.0,0.0
42,Base FNO Initializer,1,33,571.7135620117188,0.0,0.0
42,Supervised Latent Neural Operator Corrector,1,33,519.4464111328125,0.0,0.0
42,TD3 from scratch,1,33,522.5447998046875,0.0,0.0
42,TD3+BC,1,33,519.4464111328125,0.0,0.0
42,Full RL Neural Operator Solver,1,33,519.4464111328125,0.0,0.0
42,Gradient baseline,1,33,518.0618896484375,0.0,0.0
42,PINN-style baseline,1,33,571.2763671875,0.0,0.0
42,Base FNO Initializer,1,34,3232.8515625,0.0,0.0
42,Supervised Latent Neural Operator Corrector,1,34,3093.077392578125,0.0,0.0
42,TD3 from scratch,1,34,3095.48046875,0.0,0.0
42,TD3+BC,1,34,3093.077392578125,0.0,0.0
42,Full RL Neural Operator Solver,1,34,3093.077392578125,0.0,0.0
42,Gradient baseline,1,34,3051.54833984375,0.0,0.0
42,PINN-style baseline,1,34,3231.8525390625,0.0,0.0
42,Base FNO Initializer,1,35,821.0812377929688,0.0,0.0
42,Supervised Latent Neural Operator Corrector,1,35,755.147705078125,0.0,0.0
42,TD3 from scratch,1,35,758.056884765625,0.0,0.0
42,TD3+BC,1,35,755.147705078125,0.0,0.0
42,Full RL Neural Operator Solver,1,35,755.147705078125,0.0,0.0
42,Gradient baseline,1,35,746.9421997070312,0.0,0.0
42,PINN-style baseline,1,35,820.5562133789062,0.0,0.0
42,Base FNO Initializer,2,0,69.8258056640625,0.0,0.0
42,Supervised Latent Neural Operator Corrector,2,0,58.51943588256836,0.0,0.0
42,TD3 from scratch,2,0,59.33919906616211,0.0,0.0
42,TD3+BC,2,0,58.51943588256836,0.0,0.0
42,Full RL Neural Operator Solver,2,0,58.51943588256836,0.0,0.0
42,Gradient baseline,2,0,104.7274398803711,0.0,0.0
42,PINN-style baseline,2,0,69.53309631347656,0.0,0.0
42,Base FNO Initializer,2,1,4549.3076171875,0.0,0.1724791526794433
42,Supervised Latent Neural Operator Corrector,2,1,4300.5634765625,0.0,0.1724791526794433
42,TD3 from scratch,2,1,4301.9130859375,0.0,0.1724791526794433
42,TD3+BC,2,1,4300.5634765625,0.0,0.1724791526794433
42,Full RL Neural Operator Solver,2,1,4300.5634765625,0.0,0.1724791526794433
42,Gradient baseline,2,1,4214.86572265625,0.0,0.1724791526794433
42,PINN-style baseline,2,1,4547.2197265625,0.0,0.1724791526794433
42,Base FNO Initializer,2,2,3465.302490234375,0.0,0.0
42,Supervised Latent Neural Operator Corrector,2,2,3217.764892578125,0.0,0.0
42,TD3 from scratch,2,2,3221.265625,0.0,0.0
42,TD3+BC,2,2,3217.764892578125,0.0,0.0
42,Full RL Neural Operator Solver,2,2,3217.764892578125,0.0,0.0
42,Gradient baseline,2,2,3147.831787109375,0.0,0.0
42,PINN-style baseline,2,2,3463.2802734375,0.0,0.0
42,Base FNO Initializer,2,3,358.86572265625,0.0,0.0
42,Supervised Latent Neural Operator Corrector,2,3,303.7290954589844,0.0,0.0
42,TD3 from scratch,2,3,306.6476745605469,0.0,0.0
42,TD3+BC,2,3,303.7290954589844,0.0,0.0
42,Full RL Neural Operator Solver,2,3,303.7290954589844,0.0,0.0
42,Gradient baseline,2,3,340.66943359375,0.0,0.0
42,PINN-style baseline,2,3,358.1865539550781,0.0,0.0
42,Base FNO Initializer,2,4,2594.45703125,0.0,0.0
42,Supervised Latent Neural Operator Corrector,2,4,2367.90234375,0.0,0.0
42,TD3 from scratch,2,4,2371.087646484375,0.0,0.0
42,TD3+BC,2,4,2367.90234375,0.0,0.0
42,Full RL Neural Operator Solver,2,4,2367.90234375,0.0,0.0
42,Gradient baseline,2,4,2312.097900390625,0.0,0.0
42,PINN-style baseline,2,4,2592.571533203125,0.0,0.0
42,Base FNO Initializer,2,5,1184.1424560546875,0.0,0.0
42,Supervised Latent Neural Operator Corrector,2,5,1048.791015625,0.0,0.0
42,TD3 from scratch,2,5,1052.2335205078125,0.0,0.0
42,TD3+BC,2,5,1048.791015625,0.0,0.0
42,Full RL Neural Operator Solver,2,5,1048.791015625,0.0,0.0
42,Gradient baseline,2,5,1029.79736328125,0.0,0.0
42,PINN-style baseline,2,5,1182.8740234375,0.0,0.0
42,Base FNO Initializer,2,6,1476.568359375,0.0,0.0
42,Supervised Latent Neural Operator Corrector,2,6,1317.73095703125,0.0,0.0
42,TD3 from scratch,2,6,1321.0643310546875,0.0,0.0
42,TD3+BC,2,6,1317.73095703125,0.0,0.0
42,Full RL Neural Operator Solver,2,6,1317.73095703125,0.0,0.0
42,Gradient baseline,2,6,1286.9403076171875,0.0,0.0
42,PINN-style baseline,2,6,1475.133056640625,0.0,0.0
42,Base FNO Initializer,2,7,219.30593872070312,0.0,0.0
42,Supervised Latent Neural Operator Corrector,2,7,183.1587677001953,0.0,0.0
42,TD3 from scratch,2,7,185.2420654296875,0.0,0.0
42,TD3+BC,2,7,183.1587677001953,0.0,0.0
42,Full RL Neural Operator Solver,2,7,183.1587677001953,0.0,0.0
42,Gradient baseline,2,7,231.4335479736328,0.0,0.0
42,PINN-style baseline,2,7,218.7813415527344,0.0,0.0
42,Base FNO Initializer,2,8,2071.488037109375,0.0,0.0
42,Supervised Latent Neural Operator Corrector,2,8,1870.5692138671875,0.0,0.0
42,TD3 from scratch,2,8,1873.814697265625,0.0,0.0
42,TD3+BC,2,8,1870.5692138671875,0.0,0.0
42,Full RL Neural Operator Solver,2,8,1870.5692138671875,0.0,0.0
42,Gradient baseline,2,8,1823.8382568359373,0.0,0.0
42,PINN-style baseline,2,8,2069.77783203125,0.0,0.0
42,Base FNO Initializer,2,9,643.044921875,0.0,0.0
42,Supervised Latent Neural Operator Corrector,2,9,556.2157592773438,0.0,0.0
42,TD3 from scratch,2,9,559.4160766601562,0.0,0.0
42,TD3+BC,2,9,556.2157592773438,0.0,0.0
42,Full RL Neural Operator Solver,2,9,556.2157592773438,0.0,0.0
42,Gradient baseline,2,9,570.3582153320312,0.0,0.0
42,PINN-style baseline,2,9,642.11865234375,0.0,0.0
42,Base FNO Initializer,2,10,1651.44091796875,0.0,0.0
42,Supervised Latent Neural Operator Corrector,2,10,1479.2884521484375,0.0,0.0
42,TD3 from scratch,2,10,1482.5672607421875,0.0,0.0
42,TD3+BC,2,10,1479.2884521484375,0.0,0.0
42,Full RL Neural Operator Solver,2,10,1479.2884521484375,0.0,0.0
42,Gradient baseline,2,10,1442.6468505859375,0.0,0.0
42,PINN-style baseline,2,10,1649.9146728515625,0.0,0.0
42,Base FNO Initializer,2,11,3960.756103515625,0.0,0.0109253209084272
42,Supervised Latent Neural Operator Corrector,2,11,3711.599853515625,0.0,0.0109253209084272
42,TD3 from scratch,2,11,3714.1591796875,0.0,0.0109253209084272
42,TD3+BC,2,11,3711.599853515625,0.0,0.0109253209084272
42,Full RL Neural Operator Solver,2,11,3711.599853515625,0.0,0.0109253209084272
42,Gradient baseline,2,11,3634.928955078125,0.0,0.0109253209084272
42,PINN-style baseline,2,11,3958.697998046875,0.0,0.0109253209084272
42,Base FNO Initializer,2,12,595.3018798828125,0.0,0.0
42,Supervised Latent Neural Operator Corrector,2,12,513.2826538085938,0.0,0.0
42,TD3 from scratch,2,12,516.4423828125,0.0,0.0
42,TD3+BC,2,12,513.2826538085938,0.0,0.0
42,Full RL Neural Operator Solver,2,12,513.2826538085938,0.0,0.0
42,Gradient baseline,2,12,529.679443359375,0.0,0.0
42,PINN-style baseline,2,12,594.411865234375,0.0,0.0
42,Base FNO Initializer,2,13,3434.9931640625,0.0,0.0
42,Supervised Latent Neural Operator Corrector,2,13,3188.152099609375,0.0,0.0
42,TD3 from scratch,2,13,3191.625,0.0,0.0
42,TD3+BC,2,13,3188.152099609375,0.0,0.0
42,Full RL Neural Operator Solver,2,13,3188.152099609375,0.0,0.0
42,Gradient baseline,2,13,3118.608154296875,0.0,0.0
42,PINN-style baseline,2,13,3432.976806640625,0.0,0.0
42,Base FNO Initializer,2,14,692.24951171875,0.0,0.0
42,Supervised Latent Neural Operator Corrector,2,14,600.6234130859375,0.0,0.0
42,TD3 from scratch,2,14,603.8405151367188,0.0,0.0
42,TD3+BC,2,14,600.6234130859375,0.0,0.0
42,Full RL Neural Operator Solver,2,14,600.6234130859375,0.0,0.0
42,Gradient baseline,2,14,611.6305541992188,0.0,0.0
42,PINN-style baseline,2,14,691.2888793945312,0.0,0.0
42,Base FNO Initializer,2,15,3405.65576171875,0.0,0.0
42,Supervised Latent Neural Operator Corrector,2,15,3159.107421875,0.0,0.0
42,TD3 from scratch,2,15,3162.60595703125,0.0,0.0
42,TD3+BC,2,15,3159.107421875,0.0,0.0
42,Full RL Neural Operator Solver,2,15,3159.107421875,0.0,0.0
42,Gradient baseline,2,15,3090.088623046875,0.0,0.0
42,PINN-style baseline,2,15,3403.641845703125,0.0,0.0
42,Base FNO Initializer,2,16,45.42012405395508,0.0,0.0
42,Supervised Latent Neural Operator Corrector,2,16,38.66130828857422,0.0,0.0
42,TD3 from scratch,2,16,39.67216110229492,0.0,0.0
42,TD3+BC,2,16,38.66130828857422,0.0,0.0
42,Full RL Neural Operator Solver,2,16,38.66130828857422,0.0,0.0
42,Gradient baseline,2,16,80.95425415039062,0.0,0.0
42,PINN-style baseline,2,16,45.18335723876953,0.0,0.0
42,Base FNO Initializer,2,17,3834.319580078125,0.0,0.0025597009807825
42,Supervised Latent Neural Operator Corrector,2,17,3584.7275390625,0.0,0.0025597009807825
42,TD3 from scratch,2,17,3587.6484375,0.0,0.0025597009807825
42,TD3+BC,2,17,3584.7275390625,0.0,0.0025597009807825
42,Full RL Neural Operator Solver,2,17,3584.7275390625,0.0,0.0025597009807825
42,Gradient baseline,2,17,3509.90625,0.0,0.0025597009807825
42,PINN-style baseline,2,17,3832.26904296875,0.0,0.0025597009807825
42,Base FNO Initializer,2,18,10.459040641784668,0.0,0.0
42,Supervised Latent Neural Operator Corrector,2,18,8.807134628295898,0.0,0.0
42,TD3 from scratch,2,18,10.582170486450195,0.0,0.0
42,TD3+BC,2,18,8.807134628295898,0.0,0.0
42,Full RL Neural Operator Solver,2,18,8.807134628295898,0.0,0.0
42,Gradient baseline,2,18,51.91250991821289,0.0,0.0
42,PINN-style baseline,2,18,10.340628623962402,0.0,0.0
42,Base FNO Initializer,2,19,439.23931884765625,0.0,0.0
42,Supervised Latent Neural Operator Corrector,2,19,374.3001098632813,0.0,0.0
42,TD3 from scratch,2,19,377.395263671875,0.0,0.0
42,TD3+BC,2,19,374.3001098632813,0.0,0.0
42,Full RL Neural Operator Solver,2,19,374.3001098632813,0.0,0.0
42,Gradient baseline,2,19,403.2131042480469,0.0,0.0
42,PINN-style baseline,2,19,438.4835205078125,0.0,0.0
42,Base FNO Initializer,2,20,548.5723876953125,0.0,0.0
42,Supervised Latent Neural Operator Corrector,2,20,471.53656005859375,0.0,0.0
42,TD3 from scratch,2,20,474.7094421386719,0.0,0.0
42,TD3+BC,2,20,471.53656005859375,0.0,0.0
42,Full RL Neural Operator Solver,2,20,471.53656005859375,0.0,0.0
42,Gradient baseline,2,20,492.7173461914063,0.0,0.0
42,PINN-style baseline,2,20,547.7201538085938,0.0,0.0
42,Base FNO Initializer,2,21,1329.984619140625,0.0,0.0
42,Supervised Latent Neural Operator Corrector,2,21,1182.7686767578125,0.0,0.0
42,TD3 from scratch,2,21,1186.1749267578125,0.0,0.0
42,TD3+BC,2,21,1182.7686767578125,0.0,0.0
42,Full RL Neural Operator Solver,2,21,1182.7686767578125,0.0,0.0
42,Gradient baseline,2,21,1157.5714111328125,0.0,0.0
42,PINN-style baseline,2,21,1328.6312255859375,0.0,0.0
42,Base FNO Initializer,2,22,251.4273376464844,0.0,0.0
42,Supervised Latent Neural Operator Corrector,2,22,210.6970977783203,0.0,0.0
42,TD3 from scratch,2,22,213.059326171875,0.0,0.0
42,TD3+BC,2,22,210.6970977783203,0.0,0.0
42,Full RL Neural Operator Solver,2,22,210.6970977783203,0.0,0.0
42,Gradient baseline,2,22,253.94200134277344,0.0,0.0
42,PINN-style baseline,2,22,250.86593627929688,0.0,0.0
42,Base FNO Initializer,2,23,3555.9130859375,0.0,0.0
42,Supervised Latent Neural Operator Corrector,2,23,3307.54931640625,0.0,0.0
42,TD3 from scratch,2,23,3310.9853515625,0.0,0.0
42,TD3+BC,2,23,3307.54931640625,0.0,0.0
42,Full RL Neural Operator Solver,2,23,3307.54931640625,0.0,0.0
42,Gradient baseline,2,23,3236.03564453125,0.0,0.0
42,PINN-style baseline,2,23,3553.88427734375,0.0,0.0
42,Base FNO Initializer,2,24,418.4165649414063,0.0,0.0
42,Supervised Latent Neural Operator Corrector,2,24,355.9632263183594,0.0,0.0
42,TD3 from scratch,2,24,359.0271911621094,0.0,0.0
42,TD3+BC,2,24,355.9632263183594,0.0,0.0
42,Full RL Neural Operator Solver,2,24,355.9632263183594,0.0,0.0
42,Gradient baseline,2,24,385.9095153808594,0.0,0.0
42,PINN-style baseline,2,24,417.6784362792969,0.0,0.0
42,Base FNO Initializer,2,25,957.0062255859376,0.0,0.0
42,Supervised Latent Neural Operator Corrector,2,25,840.9765625,0.0,0.0
42,TD3 from scratch,2,25,844.391357421875,0.0,0.0
42,TD3+BC,2,25,840.9765625,0.0,0.0
42,Full RL Neural Operator Solver,2,25,840.9765625,0.0,0.0
42,Gradient baseline,2,25,834.1784057617188,0.0,0.0
42,PINN-style baseline,2,25,955.8773193359376,0.0,0.0
42,Base FNO Initializer,2,26,2125.42236328125,0.0,0.0
42,Supervised Latent Neural Operator Corrector,2,26,1921.3441162109373,0.0,0.0
42,TD3 from scratch,2,26,1924.5948486328125,0.0,0.0
42,TD3+BC,2,26,1921.3441162109373,0.0,0.0
42,Full RL Neural Operator Solver,2,26,1921.3441162109373,0.0,0.0
42,Gradient baseline,2,26,1873.5950927734373,0.0,0.0
42,PINN-style baseline,2,26,2123.69287109375,0.0,0.0
42,Base FNO Initializer,2,27,618.8441772460938,0.0,0.0
42,Supervised Latent Neural Operator Corrector,2,27,534.4304809570312,0.0,0.0
42,TD3 from scratch,2,27,537.6217041015625,0.0,0.0
42,TD3+BC,2,27,534.4304809570312,0.0,0.0
42,Full RL Neural Operator Solver,2,27,534.4304809570312,0.0,0.0
42,Gradient baseline,2,27,549.9725952148438,0.0,0.0
42,PINN-style baseline,2,27,617.9359741210938,0.0,0.0
42,Base FNO Initializer,2,28,742.8990478515625,0.0,0.0
42,Supervised Latent Neural Operator Corrector,2,28,646.37353515625,0.0,0.0
42,TD3 from scratch,2,28,649.6276245117188,0.0,0.0
42,TD3+BC,2,28,646.37353515625,0.0,0.0
42,Full RL Neural Operator Solver,2,28,646.37353515625,0.0,0.0
42,Gradient baseline,2,28,653.9757080078125,0.0,0.0
42,PINN-style baseline,2,28,741.9048461914062,0.0,0.0
42,Base FNO Initializer,2,29,2931.8359375,0.0,0.0
42,Supervised Latent Neural Operator Corrector,2,29,2694.916748046875,0.0,0.0
42,TD3 from scratch,2,29,2698.170166015625,0.0,0.0
42,TD3+BC,2,29,2694.916748046875,0.0,0.0
42,Full RL Neural Operator Solver,2,29,2694.916748046875,0.0,0.0
42,Gradient baseline,2,29,2633.427734375,0.0,0.0
42,PINN-style baseline,2,29,2929.880859375,0.0,0.0
42,Base FNO Initializer,2,30,4289.4482421875,0.0,0.074873074889183
42,Supervised Latent Neural Operator Corrector,2,30,4040.89013671875,0.0,0.074873074889183
42,TD3 from scratch,2,30,4042.71044921875,0.0,0.074873074889183
42,TD3+BC,2,30,4040.89013671875,0.0,0.074873074889183
42,Full RL Neural Operator Solver,2,30,4040.89013671875,0.0,0.074873074889183
42,Gradient baseline,2,30,3958.709716796875,0.0,0.074873074889183
42,PINN-style baseline,2,30,4287.37109375,0.0,0.074873074889183
42,Base FNO Initializer,2,31,1709.37939453125,0.0,0.0
42,Supervised Latent Neural Operator Corrector,2,31,1532.8741455078125,0.0,0.0
42,TD3 from scratch,2,31,1536.12548828125,0.0,0.0
42,TD3+BC,2,31,1532.8741455078125,0.0,0.0
42,Full RL Neural Operator Solver,2,31,1532.8741455078125,0.0,0.0
42,Gradient baseline,2,31,1494.5531005859375,0.0,0.0
42,PINN-style baseline,2,31,1707.8209228515625,0.0,0.0
42,Base FNO Initializer,2,32,1242.1712646484375,0.0,0.0
42,Supervised Latent Neural Operator Corrector,2,32,1102.1121826171875,0.0,0.0
42,TD3 from scratch,2,32,1105.5302734375,0.0,0.0
42,TD3+BC,2,32,1102.1121826171875,0.0,0.0
42,Full RL Neural Operator Solver,2,32,1102.1121826171875,0.0,0.0
42,Gradient baseline,2,32,1080.3455810546875,0.0,0.0
42,PINN-style baseline,2,32,1240.869384765625,0.0,0.0
42,Base FNO Initializer,2,33,571.7135620117188,0.0,0.0
42,Supervised Latent Neural Operator Corrector,2,33,492.2075805664063,0.0,0.0
42,TD3 from scratch,2,33,495.3735046386719,0.0,0.0
42,TD3+BC,2,33,492.2075805664063,0.0,0.0
42,Full RL Neural Operator Solver,2,33,492.2075805664063,0.0,0.0
42,Gradient baseline,2,33,511.0164489746094,0.0,0.0
42,PINN-style baseline,2,33,570.843017578125,0.0,0.0
42,Base FNO Initializer,2,34,3232.8515625,0.0,0.0
42,Supervised Latent Neural Operator Corrector,2,34,2988.9111328125,0.0,0.0
42,TD3 from scratch,2,34,2992.38623046875,0.0,0.0
42,TD3+BC,2,34,2988.9111328125,0.0,0.0
42,Full RL Neural Operator Solver,2,34,2988.9111328125,0.0,0.0
42,Gradient baseline,2,34,2922.752197265625,0.0,0.0
42,PINN-style baseline,2,34,3230.857421875,0.0,0.0
42,Base FNO Initializer,2,35,821.0812377929688,0.0,0.0
42,Supervised Latent Neural Operator Corrector,2,35,717.2445068359375,0.0,0.0
42,TD3 from scratch,2,35,720.5717163085938,0.0,0.0
42,TD3+BC,2,35,717.2445068359375,0.0,0.0
42,Full RL Neural Operator Solver,2,35,717.2445068359375,0.0,0.0
42,Gradient baseline,2,35,719.7919921875,0.0,0.0
42,PINN-style baseline,2,35,820.0352783203125,0.0,0.0
42,Base FNO Initializer,5,0,69.8258056640625,0.0,0.0
42,Supervised Latent Neural Operator Corrector,5,0,88.35484313964844,0.0,0.0
42,TD3 from scratch,5,0,80.83494567871094,0.0,0.0
42,TD3+BC,5,0,88.35484313964844,0.0,0.0
42,Full RL Neural Operator Solver,5,0,88.35484313964844,0.0,0.0
42,Gradient baseline,5,0,99.56948852539062,0.0,0.0
42,PINN-style baseline,5,0,69.11775970458984,0.0,0.0
42,Base FNO Initializer,5,1,4549.3076171875,0.0,0.1724791526794433
42,Supervised Latent Neural Operator Corrector,5,1,4093.56396484375,0.0,0.1724791526794433
42,TD3 from scratch,5,1,4091.87548828125,0.0,0.1724791526794433
42,TD3+BC,5,1,4093.56396484375,0.0,0.1724791526794433
42,Full RL Neural Operator Solver,5,1,4093.56396484375,0.0,0.1724791526794433
42,Gradient baseline,5,1,3977.138427734375,0.0,0.1724791526794433
42,PINN-style baseline,5,1,4544.11669921875,0.0,0.1724791526794433
42,Base FNO Initializer,5,2,3465.302490234375,0.0,0.0
42,Supervised Latent Neural Operator Corrector,5,2,3026.15087890625,0.0,0.0
42,TD3 from scratch,5,2,3028.23486328125,0.0,0.0
42,TD3+BC,5,2,3026.15087890625,0.0,0.0
42,Full RL Neural Operator Solver,5,2,3026.15087890625,0.0,0.0
42,Gradient baseline,5,2,2969.794921875,0.0,0.0
42,PINN-style baseline,5,2,3460.276123046875,0.0,0.0
42,Base FNO Initializer,5,3,358.86572265625,0.0,0.0
42,Supervised Latent Neural Operator Corrector,5,3,288.430419921875,0.0,0.0
42,TD3 from scratch,5,3,290.1192626953125,0.0,0.0
42,TD3+BC,5,3,288.430419921875,0.0,0.0
42,Full RL Neural Operator Solver,5,3,288.430419921875,0.0,0.0
42,Gradient baseline,5,3,331.6688232421875,0.0,0.0
42,PINN-style baseline,5,3,357.19580078125,0.0,0.0
42,Base FNO Initializer,5,4,2594.45703125,0.0,0.0
42,Supervised Latent Neural Operator Corrector,5,4,2201.690185546875,0.0,0.0
42,TD3 from scratch,5,4,2204.155029296875,0.0,0.0
42,TD3+BC,5,4,2201.690185546875,0.0,0.0
42,Full RL Neural Operator Solver,5,4,2201.690185546875,0.0,0.0
42,Gradient baseline,5,4,2165.4775390625,0.0,0.0
42,PINN-style baseline,5,4,2589.77294921875,0.0,0.0
42,Base FNO Initializer,5,5,1184.1424560546875,0.0,0.0
42,Supervised Latent Neural Operator Corrector,5,5,963.33935546875,0.0,0.0
42,TD3 from scratch,5,5,965.8190307617188,0.0,0.0
42,TD3+BC,5,5,963.33935546875,0.0,0.0
42,Full RL Neural Operator Solver,5,5,963.33935546875,0.0,0.0
42,Gradient baseline,5,5,996.0735473632812,0.0,0.0
42,PINN-style baseline,5,5,1181.0006103515625,0.0,0.0
42,Base FNO Initializer,5,6,1476.568359375,0.0,0.0
42,Supervised Latent Neural Operator Corrector,5,6,1212.02783203125,0.0,0.0
42,TD3 from scratch,5,6,1214.4820556640625,0.0,0.0
42,TD3+BC,5,6,1212.02783203125,0.0,0.0
42,Full RL Neural Operator Solver,5,6,1212.02783203125,0.0,0.0
42,Gradient baseline,5,6,1227.3138427734375,0.0,0.0
42,PINN-style baseline,5,6,1473.0091552734375,0.0,0.0
42,Base FNO Initializer,5,7,219.30593872070312,0.0,0.0
42,Supervised Latent Neural Operator Corrector,5,7,187.0931854248047,0.0,0.0
42,TD3 from scratch,5,7,187.77099609375,0.0,0.0
42,TD3+BC,5,7,187.0931854248047,0.0,0.0
42,Full RL Neural Operator Solver,5,7,187.0931854248047,0.0,0.0
42,Gradient baseline,5,7,217.30528259277344,0.0,0.0
42,PINN-style baseline,5,7,218.02261352539065,0.0,0.0
42,Base FNO Initializer,5,8,2071.488037109375,0.0,0.0
42,Supervised Latent Neural Operator Corrector,5,8,1728.1392822265625,0.0,0.0
42,TD3 from scratch,5,8,1730.4761962890625,0.0,0.0
42,TD3+BC,5,8,1728.1392822265625,0.0,0.0
42,Full RL Neural Operator Solver,5,8,1728.1392822265625,0.0,0.0
42,Gradient baseline,5,8,1712.857177734375,0.0,0.0
42,PINN-style baseline,5,8,2067.241943359375,0.0,0.0
42,Base FNO Initializer,5,9,643.044921875,0.0,0.0
42,Supervised Latent Neural Operator Corrector,5,9,511.8881530761719,0.0,0.0
42,TD3 from scratch,5,9,513.9614868164062,0.0,0.0
42,TD3+BC,5,9,511.8881530761719,0.0,0.0
42,Full RL Neural Operator Solver,5,9,511.8881530761719,0.0,0.0
42,Gradient baseline,5,9,560.2495727539062,0.0,0.0
42,PINN-style baseline,5,9,640.7581176757812,0.0,0.0
42,Base FNO Initializer,5,10,1651.44091796875,0.0,0.0
42,Supervised Latent Neural Operator Corrector,5,10,1361.9810791015625,0.0,0.0
42,TD3 from scratch,5,10,1364.3995361328125,0.0,0.0
42,TD3+BC,5,10,1361.9810791015625,0.0,0.0
42,Full RL Neural Operator Solver,5,10,1361.9810791015625,0.0,0.0
42,Gradient baseline,5,10,1367.408203125,0.0,0.0
42,PINN-style baseline,5,10,1647.654296875,0.0,0.0
42,Base FNO Initializer,5,11,3960.756103515625,0.0,0.0109253209084272
42,Supervised Latent Neural Operator Corrector,5,11,3512.15869140625,0.0,0.0109253209084272
42,TD3 from scratch,5,11,3512.341064453125,0.0,0.0109253209084272
42,TD3+BC,5,11,3512.15869140625,0.0,0.0109253209084272
42,Full RL Neural Operator Solver,5,11,3512.15869140625,0.0,0.0109253209084272
42,Gradient baseline,5,11,3417.693359375,0.0,0.0109253209084272
42,PINN-style baseline,5,11,3955.639892578125,0.0,0.0109253209084272
42,Base FNO Initializer,5,12,595.3018798828125,0.0,0.0
42,Supervised Latent Neural Operator Corrector,5,12,473.04443359375,0.0,0.0
42,TD3 from scratch,5,12,474.7640380859375,0.0,0.0
42,TD3+BC,5,12,473.04443359375,0.0,0.0
42,Full RL Neural Operator Solver,5,12,473.04443359375,0.0,0.0
42,Gradient baseline,5,12,521.8285522460938,0.0,0.0
42,PINN-style baseline,5,12,593.1054077148438,0.0,0.0
42,Base FNO Initializer,5,13,3434.9931640625,0.0,0.0
42,Supervised Latent Neural Operator Corrector,5,13,2997.340576171875,0.0,0.0
42,TD3 from scratch,5,13,2999.44091796875,0.0,0.0
42,TD3+BC,5,13,2997.340576171875,0.0,0.0
42,Full RL Neural Operator Solver,5,13,2997.340576171875,0.0,0.0
42,Gradient baseline,5,13,2941.982421875,0.0,0.0
42,PINN-style baseline,5,13,3429.981201171875,0.0,0.0
42,Base FNO Initializer,5,14,692.24951171875,0.0,0.0
42,Supervised Latent Neural Operator Corrector,5,14,551.9495239257812,0.0,0.0
42,TD3 from scratch,5,14,554.31396484375,0.0,0.0
42,TD3+BC,5,14,551.9495239257812,0.0,0.0
42,Full RL Neural Operator Solver,5,14,551.9495239257812,0.0,0.0
42,Gradient baseline,5,14,599.5868530273438,0.0,0.0
42,PINN-style baseline,5,14,689.8760986328125,0.0,0.0
42,Base FNO Initializer,5,15,3405.65576171875,0.0,0.0
42,Supervised Latent Neural Operator Corrector,5,15,2968.96240234375,0.0,0.0
42,TD3 from scratch,5,15,2971.111572265625,0.0,0.0
42,TD3+BC,5,15,2968.96240234375,0.0,0.0
42,Full RL Neural Operator Solver,5,15,2968.96240234375,0.0,0.0
42,Gradient baseline,5,15,2914.550048828125,0.0,0.0
42,PINN-style baseline,5,15,3400.650146484375,0.0,0.0
42,Base FNO Initializer,5,16,45.42012405395508,0.0,0.0
42,Supervised Latent Neural Operator Corrector,5,16,68.3673095703125,0.0,0.0
42,TD3 from scratch,5,16,65.22402954101562,0.0,0.0
42,TD3+BC,5,16,68.3673095703125,0.0,0.0
42,Full RL Neural Operator Solver,5,16,68.3673095703125,0.0,0.0
42,Gradient baseline,5,16,83.90306091308594,0.0,0.0
42,PINN-style baseline,5,16,44.85118865966797,0.0,0.0
42,Base FNO Initializer,5,17,3834.319580078125,0.0,0.0025597009807825
42,Supervised Latent Neural Operator Corrector,5,17,3386.765625,0.0,0.0025597009807825
42,TD3 from scratch,5,17,3387.545166015625,0.0,0.0025597009807825
42,TD3+BC,5,17,3386.765625,0.0,0.0025597009807825
42,Full RL Neural Operator Solver,5,17,3386.765625,0.0,0.0025597009807825
42,Gradient baseline,5,17,3302.067138671875,0.0,0.0025597009807825
42,PINN-style baseline,5,17,3829.2216796875,0.0,0.0025597009807825
42,Base FNO Initializer,5,18,10.459040641784668,0.0,0.0
42,Supervised Latent Neural Operator Corrector,5,18,23.060272216796875,0.0,0.0
42,TD3 from scratch,5,18,34.74665832519531,0.0,0.0
42,TD3+BC,5,18,23.060272216796875,0.0,0.0
42,Full RL Neural Operator Solver,5,18,23.060272216796875,0.0,0.0
42,Gradient baseline,5,18,56.93191146850586,0.0,0.0
42,PINN-style baseline,5,18,10.18116569519043,0.0,0.0
42,Base FNO Initializer,5,19,439.23931884765625,0.0,0.0
42,Supervised Latent Neural Operator Corrector,5,19,349.8738098144531,0.0,0.0
42,TD3 from scratch,5,19,350.83917236328125,0.0,0.0
42,TD3+BC,5,19,349.8738098144531,0.0,0.0
42,Full RL Neural Operator Solver,5,19,349.8738098144531,0.0,0.0
42,Gradient baseline,5,19,396.085693359375,0.0,0.0
42,PINN-style baseline,5,19,437.3775634765625,0.0,0.0
42,Base FNO Initializer,5,20,548.5723876953125,0.0,0.0
42,Supervised Latent Neural Operator Corrector,5,20,435.9138488769531,0.0,0.0
42,TD3 from scratch,5,20,437.1863098144531,0.0,0.0
42,TD3+BC,5,20,435.9138488769531,0.0,0.0
42,Full RL Neural Operator Solver,5,20,435.9138488769531,0.0,0.0
42,Gradient baseline,5,20,486.269287109375,0.0,0.0
42,PINN-style baseline,5,20,546.4696655273438,0.0,0.0
42,Base FNO Initializer,5,21,1329.984619140625,0.0,0.0
42,Supervised Latent Neural Operator Corrector,5,21,1087.1512451171875,0.0,0.0
42,TD3 from scratch,5,21,1089.6356201171875,0.0,0.0
42,TD3+BC,5,21,1087.1512451171875,0.0,0.0
42,Full RL Neural Operator Solver,5,21,1087.1512451171875,0.0,0.0
42,Gradient baseline,5,21,1111.8472900390625,0.0,0.0
42,PINN-style baseline,5,21,1326.6300048828125,0.0,0.0
42,Base FNO Initializer,5,22,251.4273376464844,0.0,0.0
42,Supervised Latent Neural Operator Corrector,5,22,210.03749084472656,0.0,0.0
42,TD3 from scratch,5,22,212.46218872070312,0.0,0.0
42,TD3+BC,5,22,210.03749084472656,0.0,0.0
42,Full RL Neural Operator Solver,5,22,210.03749084472656,0.0,0.0
42,Gradient baseline,5,22,245.755615234375,0.0,0.0
42,PINN-style baseline,5,22,250.0516815185547,0.0,0.0
42,Base FNO Initializer,5,23,3555.9130859375,0.0,0.0
42,Supervised Latent Neural Operator Corrector,5,23,3113.872802734375,0.0,0.0
42,TD3 from scratch,5,23,3115.78125,0.0,0.0
42,TD3+BC,5,23,3113.872802734375,0.0,0.0
42,Full RL Neural Operator Solver,5,23,3113.872802734375,0.0,0.0
42,Gradient baseline,5,23,3054.40185546875,0.0,0.0
42,PINN-style baseline,5,23,3550.869873046875,0.0,0.0
42,Base FNO Initializer,5,24,418.4165649414063,0.0,0.0
42,Supervised Latent Neural Operator Corrector,5,24,333.9881896972656,0.0,0.0
42,TD3 from scratch,5,24,334.7179870605469,0.0,0.0
42,TD3+BC,5,24,333.9881896972656,0.0,0.0
42,Full RL Neural Operator Solver,5,24,333.9881896972656,0.0,0.0
42,Gradient baseline,5,24,380.1573486328125,0.0,0.0
42,PINN-style baseline,5,24,416.6001586914063,0.0,0.0
42,Base FNO Initializer,5,25,957.0062255859376,0.0,0.0
42,Supervised Latent Neural Operator Corrector,5,25,771.8016357421875,0.0,0.0
42,TD3 from scratch,5,25,774.2398071289062,0.0,0.0
42,TD3+BC,5,25,771.8016357421875,0.0,0.0
42,Full RL Neural Operator Solver,5,25,771.8016357421875,0.0,0.0
42,Gradient baseline,5,25,813.9866943359375,0.0,0.0
42,PINN-style baseline,5,25,954.2124633789062,0.0,0.0
42,Base FNO Initializer,5,26,2125.42236328125,0.0,0.0
42,Supervised Latent Neural Operator Corrector,5,26,1775.9927978515625,0.0,0.0
42,TD3 from scratch,5,26,1778.3621826171875,0.0,0.0
42,TD3+BC,5,26,1775.9927978515625,0.0,0.0
42,Full RL Neural Operator Solver,5,26,1775.9927978515625,0.0,0.0
42,Gradient baseline,5,26,1760.9581298828125,0.0,0.0
42,PINN-style baseline,5,26,2121.127197265625,0.0,0.0
42,Base FNO Initializer,5,27,618.8441772460938,0.0,0.0
42,Supervised Latent Neural Operator Corrector,5,27,492.2275695800781,0.0,0.0
42,TD3 from scratch,5,27,494.2153015136719,0.0,0.0
42,TD3+BC,5,27,492.2275695800781,0.0,0.0
42,Full RL Neural Operator Solver,5,27,492.2275695800781,0.0,0.0
42,Gradient baseline,5,27,541.1500854492188,0.0,0.0
42,PINN-style baseline,5,27,616.6021728515625,0.0,0.0
42,Base FNO Initializer,5,28,742.8990478515625,0.0,0.0
42,Supervised Latent Neural Operator Corrector,5,28,593.5751342773438,0.0,0.0
42,TD3 from scratch,5,28,595.9141235351562,0.0,0.0
42,TD3+BC,5,28,593.5751342773438,0.0,0.0
42,Full RL Neural Operator Solver,5,28,593.5751342773438,0.0,0.0
42,Gradient baseline,5,28,638.9473876953125,0.0,0.0
42,PINN-style baseline,5,28,740.4419555664062,0.0,0.0
42,Base FNO Initializer,5,29,2931.8359375,0.0,0.0
42,Supervised Latent Neural Operator Corrector,5,29,2517.49951171875,0.0,0.0
42,TD3 from scratch,5,29,2519.986328125,0.0,0.0
42,TD3+BC,5,29,2517.49951171875,0.0,0.0
42,Full RL Neural Operator Solver,5,29,2517.49951171875,0.0,0.0
42,Gradient baseline,5,29,2473.11474609375,0.0,0.0
42,PINN-style baseline,5,29,2926.9765625,0.0,0.0
42,Base FNO Initializer,5,30,4289.4482421875,0.0,0.074873074889183
42,Supervised Latent Neural Operator Corrector,5,30,3837.9423828125,0.0,0.074873074889183
42,TD3 from scratch,5,30,3836.759521484375,0.0,0.074873074889183
42,TD3+BC,5,30,3837.9423828125,0.0,0.074873074889183
42,Full RL Neural Operator Solver,5,30,3837.9423828125,0.0,0.074873074889183
42,Gradient baseline,5,30,3727.818359375,0.0,0.074873074889183
42,PINN-style baseline,5,30,4284.2841796875,0.0,0.074873074889183
42,Base FNO Initializer,5,31,1709.37939453125,0.0,0.0
42,Supervised Latent Neural Operator Corrector,5,31,1411.8255615234375,0.0,0.0
42,TD3 from scratch,5,31,1414.1976318359375,0.0,0.0
42,TD3+BC,5,31,1411.8255615234375,0.0,0.0
42,Full RL Neural Operator Solver,5,31,1411.8255615234375,0.0,0.0
42,Gradient baseline,5,31,1414.734130859375,0.0,0.0
42,PINN-style baseline,5,31,1705.512451171875,0.0,0.0
42,Base FNO Initializer,5,32,1242.1712646484375,0.0,0.0
42,Supervised Latent Neural Operator Corrector,5,32,1012.6005249023438,0.0,0.0
42,TD3 from scratch,5,32,1015.0858154296876,0.0,0.0
42,TD3+BC,5,32,1012.6005249023438,0.0,0.0
42,Full RL Neural Operator Solver,5,32,1012.6005249023438,0.0,0.0
42,Gradient baseline,5,32,1041.934326171875,0.0,0.0
42,PINN-style baseline,5,32,1238.9449462890625,0.0,0.0
42,Base FNO Initializer,5,33,571.7135620117188,0.0,0.0
42,Supervised Latent Neural Operator Corrector,5,33,454.1519470214844,0.0,0.0
42,TD3 from scratch,5,33,455.58203125,0.0,0.0
42,TD3+BC,5,33,454.1519470214844,0.0,0.0
42,Full RL Neural Operator Solver,5,33,454.1519470214844,0.0,0.0
42,Gradient baseline,5,33,502.8294372558594,0.0,0.0
42,PINN-style baseline,5,33,569.5658569335938,0.0,0.0
42,Base FNO Initializer,5,34,3232.8515625,0.0,0.0
42,Supervised Latent Neural Operator Corrector,5,34,2802.963134765625,0.0,0.0
42,TD3 from scratch,5,34,2805.31494140625,0.0,0.0
42,TD3+BC,5,34,2802.963134765625,0.0,0.0
42,Full RL Neural Operator Solver,5,34,2802.963134765625,0.0,0.0
42,Gradient baseline,5,34,2752.711181640625,0.0,0.0
42,PINN-style baseline,5,34,3227.89501953125,0.0,0.0
42,Base FNO Initializer,5,35,821.0812377929688,0.0,0.0
42,Supervised Latent Neural Operator Corrector,5,35,658.3353881835938,0.0,0.0
42,TD3 from scratch,5,35,660.7974853515625,0.0,0.0
42,TD3+BC,5,35,658.3353881835938,0.0,0.0
42,Full RL Neural Operator Solver,5,35,658.3353881835938,0.0,0.0
42,Gradient baseline,5,35,704.2533569335938,0.0,0.0
42,PINN-style baseline,5,35,818.494384765625,0.0,0.0
42,Base FNO Initializer,10,0,69.8258056640625,0.0,0.0
42,Supervised Latent Neural Operator Corrector,10,0,96.70755767822266,0.0,0.0
42,TD3 from scratch,10,0,96.37342834472656,0.0,0.0
42,TD3+BC,10,0,96.70755767822266,0.0,0.0
42,Full RL Neural Operator Solver,10,0,96.70755767822266,0.0,0.0
42,Gradient baseline,10,0,112.58687591552734,0.0,0.0
42,PINN-style baseline,10,0,68.47705078125,0.0,0.0
42,Base FNO Initializer,10,1,4549.3076171875,0.0,0.1724791526794433
42,Supervised Latent Neural Operator Corrector,10,1,3931.943359375,0.0,0.1724791526794433
42,TD3 from scratch,10,1,3924.56201171875,0.0,0.1724791526794433
42,TD3+BC,10,1,3931.943359375,0.0,0.1724791526794433
42,Full RL Neural Operator Solver,10,1,3931.943359375,0.0,0.1724791526794433
42,Gradient baseline,10,1,3861.947509765625,0.0,0.1724791526794433
42,PINN-style baseline,10,1,4539.01513671875,0.0,0.1724791526794433
42,Base FNO Initializer,10,2,3465.302490234375,0.0,0.0
42,Supervised Latent Neural Operator Corrector,10,2,2873.0693359375,0.0,0.0
42,TD3 from scratch,10,2,2875.556884765625,0.0,0.0
42,TD3+BC,10,2,2873.0693359375,0.0,0.0
42,Full RL Neural Operator Solver,10,2,2873.0693359375,0.0,0.0
42,Gradient baseline,10,2,2854.40869140625,0.0,0.0
42,PINN-style baseline,10,2,3455.341552734375,0.0,0.0
42,Base FNO Initializer,10,3,358.86572265625,0.0,0.0
42,Supervised Latent Neural Operator Corrector,10,3,292.412353515625,0.0,0.0
42,TD3 from scratch,10,3,298.0593566894531,0.0,0.0
42,TD3+BC,10,3,292.412353515625,0.0,0.0
42,Full RL Neural Operator Solver,10,3,292.412353515625,0.0,0.0
42,Gradient baseline,10,3,342.2736511230469,0.0,0.0
42,PINN-style baseline,10,3,355.6106262207031,0.0,0.0
42,Base FNO Initializer,10,4,2594.45703125,0.0,0.0
42,Supervised Latent Neural Operator Corrector,10,4,2065.050048828125,0.0,0.0
42,TD3 from scratch,10,4,2070.193603515625,0.0,0.0
42,TD3+BC,10,4,2065.050048828125,0.0,0.0
42,Full RL Neural Operator Solver,10,4,2065.050048828125,0.0,0.0
42,Gradient baseline,10,4,2075.353515625,0.0,0.0
42,PINN-style baseline,10,4,2585.180419921875,0.0,0.0
42,Base FNO Initializer,10,5,1184.1424560546875,0.0,0.0
42,Supervised Latent Neural Operator Corrector,10,5,893.7045288085938,0.0,0.0
42,TD3 from scratch,10,5,897.628173828125,0.0,0.0
42,TD3+BC,10,5,893.7045288085938,0.0,0.0
42,Full RL Neural Operator Solver,10,5,893.7045288085938,0.0,0.0
42,Gradient baseline,10,5,951.3557739257812,0.0,0.0
42,PINN-style baseline,10,5,1177.9486083984375,0.0,0.0
42,Base FNO Initializer,10,6,1476.568359375,0.0,0.0
42,Supervised Latent Neural Operator Corrector,10,6,1120.2823486328125,0.0,0.0
42,TD3 from scratch,10,6,1126.4254150390625,0.0,0.0
42,TD3+BC,10,6,1120.2823486328125,0.0,0.0
42,Full RL Neural Operator Solver,10,6,1120.2823486328125,0.0,0.0
42,Gradient baseline,10,6,1173.9666748046875,0.0,0.0
42,PINN-style baseline,10,6,1469.54248046875,0.0,0.0
42,Base FNO Initializer,10,7,219.30593872070312,0.0,0.0
42,Supervised Latent Neural Operator Corrector,10,7,197.6278076171875,0.0,0.0
42,TD3 from scratch,10,7,202.3263397216797,0.0,0.0
42,TD3+BC,10,7,197.6278076171875,0.0,0.0
42,Full RL Neural Operator Solver,10,7,197.6278076171875,0.0,0.0
42,Gradient baseline,10,7,238.55401611328125,0.0,0.0
42,PINN-style baseline,10,7,216.8221435546875,0.0,0.0
42,Base FNO Initializer,10,8,2071.488037109375,0.0,0.0
42,Supervised Latent Neural Operator Corrector,10,8,1607.30517578125,0.0,0.0
42,TD3 from scratch,10,8,1613.28564453125,0.0,0.0
42,TD3+BC,10,8,1607.30517578125,0.0,0.0
42,Full RL Neural Operator Solver,10,8,1607.30517578125,0.0,0.0
42,Gradient baseline,10,8,1636.230224609375,0.0,0.0
42,PINN-style baseline,10,8,2063.08740234375,0.0,0.0
42,Base FNO Initializer,10,9,643.044921875,0.0,0.0
42,Supervised Latent Neural Operator Corrector,10,9,491.8252258300781,0.0,0.0
42,TD3 from scratch,10,9,497.7960815429688,0.0,0.0
42,TD3+BC,10,9,491.8252258300781,0.0,0.0
42,Full RL Neural Operator Solver,10,9,491.8252258300781,0.0,0.0
42,Gradient baseline,10,9,550.8942260742188,0.0,0.0
42,PINN-style baseline,10,9,638.5596923828125,0.0,0.0
42,Base FNO Initializer,10,10,1651.44091796875,0.0,0.0
42,Supervised Latent Neural Operator Corrector,10,10,1260.0906982421875,0.0,0.0
42,TD3 from scratch,10,10,1266.098388671875,0.0,0.0
42,TD3+BC,10,10,1260.0906982421875,0.0,0.0
42,Full RL Neural Operator Solver,10,10,1260.0906982421875,0.0,0.0
42,Gradient baseline,10,10,1306.166748046875,0.0,0.0
42,PINN-style baseline,10,10,1643.958984375,0.0,0.0
42,Base FNO Initializer,10,11,3960.756103515625,0.0,0.0109253209084272
42,Supervised Latent Neural Operator Corrector,10,11,3354.68701171875,0.0,0.0109253209084272
42,TD3 from scratch,10,11,3352.177490234375,0.0,0.0109253209084272
42,TD3+BC,10,11,3354.68701171875,0.0,0.0109253209084272
42,Full RL Neural Operator Solver,10,11,3354.68701171875,0.0,0.0109253209084272
42,Gradient baseline,10,11,3309.943603515625,0.0,0.0109253209084272
42,PINN-style baseline,10,11,3950.61279296875,0.0,0.0109253209084272
42,Base FNO Initializer,10,12,595.3018798828125,0.0,0.0
42,Supervised Latent Neural Operator Corrector,10,12,456.934326171875,0.0,0.0
42,TD3 from scratch,10,12,462.1265869140625,0.0,0.0
42,TD3+BC,10,12,456.934326171875,0.0,0.0
42,Full RL Neural Operator Solver,10,12,456.934326171875,0.0,0.0
42,Gradient baseline,10,12,512.7355346679688,0.0,0.0
42,PINN-style baseline,10,12,590.9974975585938,0.0,0.0
42,Base FNO Initializer,10,13,3434.9931640625,0.0,0.0
42,Supervised Latent Neural Operator Corrector,10,13,2844.728271484375,0.0,0.0
42,TD3 from scratch,10,13,2847.373779296875,0.0,0.0
42,TD3+BC,10,13,2844.728271484375,0.0,0.0
42,Full RL Neural Operator Solver,10,13,2844.728271484375,0.0,0.0
42,Gradient baseline,10,13,2826.164306640625,0.0,0.0
42,PINN-style baseline,10,13,3425.059814453125,0.0,0.0
42,Base FNO Initializer,10,14,692.24951171875,0.0,0.0
42,Supervised Latent Neural Operator Corrector,10,14,526.7452392578125,0.0,0.0
42,TD3 from scratch,10,14,535.005126953125,0.0,0.0
42,TD3+BC,10,14,526.7452392578125,0.0,0.0
42,Full RL Neural Operator Solver,10,14,526.7452392578125,0.0,0.0
42,Gradient baseline,10,14,585.72607421875,0.0,0.0
42,PINN-style baseline,10,14,687.592041015625,0.0,0.0
42,Base FNO Initializer,10,15,3405.65576171875,0.0,0.0
42,Supervised Latent Neural Operator Corrector,10,15,2816.8046875,0.0,0.0
42,TD3 from scratch,10,15,2819.588623046875,0.0,0.0
42,TD3+BC,10,15,2816.8046875,0.0,0.0
42,Full RL Neural Operator Solver,10,15,2816.8046875,0.0,0.0
42,Gradient baseline,10,15,2799.761474609375,0.0,0.0
42,PINN-style baseline,10,15,3395.7373046875,0.0,0.0
42,Base FNO Initializer,10,16,45.42012405395508,0.0,0.0
42,Supervised Latent Neural Operator Corrector,10,16,81.37416076660156,0.0,0.0
42,TD3 from scratch,10,16,82.15482330322266,0.0,0.0
42,TD3+BC,10,16,81.37416076660156,0.0,0.0
42,Full RL Neural Operator Solver,10,16,81.37416076660156,0.0,0.0
42,Gradient baseline,10,16,88.72151947021484,0.0,0.0
42,PINN-style baseline,10,16,44.34415054321289,0.0,0.0
42,Base FNO Initializer,10,17,3834.319580078125,0.0,0.0025597009807825
42,Supervised Latent Neural Operator Corrector,10,17,3229.8916015625,0.0,0.0025597009807825
42,TD3 from scratch,10,17,3229.083251953125,0.0,0.0025597009807825
42,TD3+BC,10,17,3229.8916015625,0.0,0.0025597009807825
42,Full RL Neural Operator Solver,10,17,3229.8916015625,0.0,0.0025597009807825
42,Gradient baseline,10,17,3191.17236328125,0.0,0.0025597009807825
42,PINN-style baseline,10,17,3824.21435546875,0.0,0.0025597009807825
42,Base FNO Initializer,10,18,10.459040641784668,0.0,0.0
42,Supervised Latent Neural Operator Corrector,10,18,55.77027130126953,0.0,0.0
42,TD3 from scratch,10,18,56.77199172973633,0.0,0.0
42,TD3+BC,10,18,55.77027130126953,0.0,0.0
42,Full RL Neural Operator Solver,10,18,55.77027130126953,0.0,0.0
42,Gradient baseline,10,18,55.34046173095703,0.0,0.0
42,PINN-style baseline,10,18,9.947933197021484,0.0,0.0
42,Base FNO Initializer,10,19,439.23931884765625,0.0,0.0
42,Supervised Latent Neural Operator Corrector,10,19,346.7197570800781,0.0,0.0
42,TD3 from scratch,10,19,351.7779541015625,0.0,0.0
42,TD3+BC,10,19,346.7197570800781,0.0,0.0
42,Full RL Neural Operator Solver,10,19,346.7197570800781,0.0,0.0
42,Gradient baseline,10,19,400.8745727539063,0.0,0.0
42,PINN-style baseline,10,19,435.6001586914063,0.0,0.0
42,Base FNO Initializer,10,20,548.5723876953125,0.0,0.0
42,Supervised Latent Neural Operator Corrector,10,20,422.1482849121094,0.0,0.0
42,TD3 from scratch,10,20,429.73828125,0.0,0.0
42,TD3+BC,10,20,422.1482849121094,0.0,0.0
42,Full RL Neural Operator Solver,10,20,422.1482849121094,0.0,0.0
42,Gradient baseline,10,20,482.63677978515625,0.0,0.0
42,PINN-style baseline,10,20,544.4521484375,0.0,0.0
42,Base FNO Initializer,10,21,1329.984619140625,0.0,0.0
42,Supervised Latent Neural Operator Corrector,10,21,1005.7349853515624,0.0,0.0
42,TD3 from scratch,10,21,1010.302490234375,0.0,0.0
42,TD3+BC,10,21,1005.7349853515624,0.0,0.0
42,Full RL Neural Operator Solver,10,21,1005.7349853515624,0.0,0.0
42,Gradient baseline,10,21,1060.8394775390625,0.0,0.0
42,PINN-style baseline,10,21,1323.365478515625,0.0,0.0
42,Base FNO Initializer,10,22,251.4273376464844,0.0,0.0
42,Supervised Latent Neural Operator Corrector,10,22,219.62364196777344,0.0,0.0
42,TD3 from scratch,10,22,227.0138092041016,0.0,0.0
42,TD3+BC,10,22,219.62364196777344,0.0,0.0
42,Full RL Neural Operator Solver,10,22,219.62364196777344,0.0,0.0
42,Gradient baseline,10,22,259.0816650390625,0.0,0.0
42,PINN-style baseline,10,22,248.7576141357422,0.0,0.0
42,Base FNO Initializer,10,23,3555.9130859375,0.0,0.0
42,Supervised Latent Neural Operator Corrector,10,23,2959.323974609375,0.0,0.0
42,TD3 from scratch,10,23,2961.291259765625,0.0,0.0
42,TD3+BC,10,23,2959.323974609375,0.0,0.0
42,Full RL Neural Operator Solver,10,23,2959.323974609375,0.0,0.0
42,Gradient baseline,10,23,2936.959228515625,0.0,0.0
42,PINN-style baseline,10,23,3545.91845703125,0.0,0.0
42,Base FNO Initializer,10,24,418.4165649414063,0.0,0.0
42,Supervised Latent Neural Operator Corrector,10,24,333.6755676269531,0.0,0.0
42,TD3 from scratch,10,24,338.3460998535156,0.0,0.0
42,TD3+BC,10,24,333.6755676269531,0.0,0.0
42,Full RL Neural Operator Solver,10,24,333.6755676269531,0.0,0.0
42,Gradient baseline,10,24,385.26513671875,0.0,0.0
42,PINN-style baseline,10,24,414.8711242675781,0.0,0.0
42,Base FNO Initializer,10,25,957.0062255859376,0.0,0.0
42,Supervised Latent Neural Operator Corrector,10,25,720.9915161132812,0.0,0.0
42,TD3 from scratch,10,25,725.5153198242188,0.0,0.0
42,TD3+BC,10,25,720.9915161132812,0.0,0.0
42,Full RL Neural Operator Solver,10,25,720.9915161132812,0.0,0.0
42,Gradient baseline,10,25,781.1071166992188,0.0,0.0
42,PINN-style baseline,10,25,951.5057373046876,0.0,0.0
42,Base FNO Initializer,10,26,2125.42236328125,0.0,0.0
42,Supervised Latent Neural Operator Corrector,10,26,1653.1536865234375,0.0,0.0
42,TD3 from scratch,10,26,1659.0482177734375,0.0,0.0
42,TD3+BC,10,26,1653.1536865234375,0.0,0.0
42,Full RL Neural Operator Solver,10,26,1653.1536865234375,0.0,0.0
42,Gradient baseline,10,26,1679.9588623046875,0.0,0.0
42,PINN-style baseline,10,26,2116.9228515625,0.0,0.0
42,Base FNO Initializer,10,27,618.8441772460938,0.0,0.0
42,Supervised Latent Neural Operator Corrector,10,27,473.9098815917969,0.0,0.0
42,TD3 from scratch,10,27,480.5696105957031,0.0,0.0
42,TD3+BC,10,27,473.9098815917969,0.0,0.0
42,Full RL Neural Operator Solver,10,27,473.9098815917969,0.0,0.0
42,Gradient baseline,10,27,532.0477294921875,0.0,0.0
42,PINN-style baseline,10,27,614.4481811523438,0.0,0.0
42,Base FNO Initializer,10,28,742.8990478515625,0.0,0.0
42,Supervised Latent Neural Operator Corrector,10,28,565.347412109375,0.0,0.0
42,TD3 from scratch,10,28,571.2863159179688,0.0,0.0
42,TD3+BC,10,28,565.347412109375,0.0,0.0
42,Full RL Neural Operator Solver,10,28,565.347412109375,0.0,0.0
42,Gradient baseline,10,28,623.1609497070312,0.0,0.0
42,PINN-style baseline,10,28,738.072265625,0.0,0.0
42,Base FNO Initializer,10,29,2931.8359375,0.0,0.0
42,Supervised Latent Neural Operator Corrector,10,29,2373.66015625,0.0,0.0
42,TD3 from scratch,10,29,2378.16796875,0.0,0.0
42,TD3+BC,10,29,2373.66015625,0.0,0.0
42,Full RL Neural Operator Solver,10,29,2373.66015625,0.0,0.0
42,Gradient baseline,10,29,2372.0546875,0.0,0.0
42,PINN-style baseline,10,29,2922.208984375,0.0,0.0
42,Base FNO Initializer,10,30,4289.4482421875,0.0,0.074873074889183
42,Supervised Latent Neural Operator Corrector,10,30,3679.302978515625,0.0,0.074873074889183
42,TD3 from scratch,10,30,3673.203125,0.0,0.074873074889183
42,TD3+BC,10,30,3679.302978515625,0.0,0.074873074889183
42,Full RL Neural Operator Solver,10,30,3679.302978515625,0.0,0.074873074889183
42,Gradient baseline,10,30,3616.57763671875,0.0,0.074873074889183
42,PINN-style baseline,10,30,4279.20947265625,0.0,0.074873074889183
42,Base FNO Initializer,10,31,1709.37939453125,0.0,0.0
42,Supervised Latent Neural Operator Corrector,10,31,1306.802978515625,0.0,0.0
42,TD3 from scratch,10,31,1313.4075927734375,0.0,0.0
42,TD3+BC,10,31,1306.802978515625,0.0,0.0
42,Full RL Neural Operator Solver,10,31,1306.802978515625,0.0,0.0
42,Gradient baseline,10,31,1350.7852783203125,0.0,0.0
42,PINN-style baseline,10,31,1701.738525390625,0.0,0.0
42,Base FNO Initializer,10,32,1242.1712646484375,0.0,0.0
42,Supervised Latent Neural Operator Corrector,10,32,937.6395874023438,0.0,0.0
42,TD3 from scratch,10,32,943.1781616210938,0.0,0.0
42,TD3+BC,10,32,937.6395874023438,0.0,0.0
42,Full RL Neural Operator Solver,10,32,937.6395874023438,0.0,0.0
42,Gradient baseline,10,32,992.742919921875,0.0,0.0
42,PINN-style baseline,10,32,1235.80859375,0.0,0.0
42,Base FNO Initializer,10,33,571.7135620117188,0.0,0.0
42,Supervised Latent Neural Operator Corrector,10,33,441.4270935058594,0.0,0.0
42,TD3 from scratch,10,33,445.4189758300781,0.0,0.0
42,TD3+BC,10,33,441.4270935058594,0.0,0.0
42,Full RL Neural Operator Solver,10,33,441.4270935058594,0.0,0.0
42,Gradient baseline,10,33,497.0389099121094,0.0,0.0
42,PINN-style baseline,10,33,567.5054321289062,0.0,0.0
42,Base FNO Initializer,10,34,3232.8515625,0.0,0.0
42,Supervised Latent Neural Operator Corrector,10,34,2653.6416015625,0.0,0.0
42,TD3 from scratch,10,34,2657.22119140625,0.0,0.0
42,TD3+BC,10,34,2653.6416015625,0.0,0.0
42,Full RL Neural Operator Solver,10,34,2653.6416015625,0.0,0.0
42,Gradient baseline,10,34,2641.94482421875,0.0,0.0
42,PINN-style baseline,10,34,3223.029296875,0.0,0.0
42,Base FNO Initializer,10,35,821.0812377929688,0.0,0.0
42,Supervised Latent Neural Operator Corrector,10,35,620.706787109375,0.0,0.0
42,TD3 from scratch,10,35,629.8607788085938,0.0,0.0
42,TD3+BC,10,35,620.706787109375,0.0,0.0
42,Full RL Neural Operator Solver,10,35,620.706787109375,0.0,0.0
42,Gradient baseline,10,35,683.3197021484375,0.0,0.0
42,PINN-style baseline,10,35,815.9948120117188,0.0,0.0
123,Base FNO Initializer,1,0,50.71394348144531,0.0,0.0
123,Supervised Latent Neural Operator Corrector,1,0,49.51510620117188,0.0,0.0
123,TD3 from scratch,1,0,50.00103378295898,0.0,0.0
123,TD3+BC,1,0,49.51510620117188,0.0,0.0
123,Full RL Neural Operator Solver,1,0,49.51510620117188,0.0,0.0
123,Gradient baseline,1,0,90.0484619140625,0.0,0.0
123,PINN-style baseline,1,0,50.61612319946289,0.0,0.0
123,Base FNO Initializer,1,1,4717.8603515625,0.0,0.1724791526794433
123,Supervised Latent Neural Operator Corrector,1,1,4691.5126953125,0.0,0.1724791526794433
123,TD3 from scratch,1,1,4692.4990234375,0.0,0.1724791526794433
123,TD3+BC,1,1,4691.5126953125,0.0,0.1724791526794433
123,Full RL Neural Operator Solver,1,1,4691.5126953125,0.0,0.1724791526794433
123,Gradient baseline,1,1,4607.3154296875,0.0,0.1724791526794433
123,PINN-style baseline,1,1,4717.1044921875,0.0,0.1724791526794433
123,Base FNO Initializer,1,2,3434.240234375,0.0,0.0
123,Supervised Latent Neural Operator Corrector,1,2,3404.16748046875,0.0,0.0
123,TD3 from scratch,1,2,3405.218994140625,0.0,0.0
123,TD3+BC,1,2,3404.16748046875,0.0,0.0
123,Full RL Neural Operator Solver,1,2,3404.16748046875,0.0,0.0
123,Gradient baseline,1,2,3333.747802734375,0.0,0.0
123,PINN-style baseline,1,2,3433.54931640625,0.0,0.0
123,Base FNO Initializer,1,3,256.76873779296875,0.0,0.0
123,Supervised Latent Neural Operator Corrector,1,3,252.5525360107422,0.0,0.0
123,TD3 from scratch,1,3,254.1080474853516,0.0,0.0
123,TD3+BC,1,3,252.5525360107422,0.0,0.0
123,Full RL Neural Operator Solver,1,3,252.5525360107422,0.0,0.0
123,Gradient baseline,1,3,263.7774658203125,0.0,0.0
123,PINN-style baseline,1,3,256.582275390625,0.0,0.0
123,Base FNO Initializer,1,4,2363.30029296875,0.0,0.0
123,Supervised Latent Neural Operator Corrector,1,4,2327.870849609375,0.0,0.0
123,TD3 from scratch,1,4,2328.064208984375,0.0,0.0
123,TD3+BC,1,4,2327.870849609375,0.0,0.0
123,Full RL Neural Operator Solver,1,4,2327.870849609375,0.0,0.0
123,Gradient baseline,1,4,2279.47705078125,0.0,0.0
123,PINN-style baseline,1,4,2362.695068359375,0.0,0.0
123,Base FNO Initializer,1,5,900.6553955078125,0.0,0.0
123,Supervised Latent Neural Operator Corrector,1,5,888.31201171875,0.0,0.0
123,TD3 from scratch,1,5,890.3418579101562,0.0,0.0
123,TD3+BC,1,5,888.31201171875,0.0,0.0
123,Full RL Neural Operator Solver,1,5,888.31201171875,0.0,0.0
123,Gradient baseline,1,5,864.7255859375,0.0,0.0
123,PINN-style baseline,1,5,900.2745971679688,0.0,0.0
123,Base FNO Initializer,1,6,1157.4156494140625,0.0,0.0
123,Supervised Latent Neural Operator Corrector,1,6,1141.095947265625,0.0,0.0
123,TD3 from scratch,1,6,1142.393310546875,0.0,0.0
123,TD3+BC,1,6,1141.095947265625,0.0,0.0
123,Full RL Neural Operator Solver,1,6,1141.095947265625,0.0,0.0
123,Gradient baseline,1,6,1109.9510498046875,0.0,0.0
123,PINN-style baseline,1,6,1156.981201171875,0.0,0.0
123,Base FNO Initializer,1,7,155.207275390625,0.0,0.0
123,Supervised Latent Neural Operator Corrector,1,7,152.4689178466797,0.0,0.0
123,TD3 from scratch,1,7,153.52932739257812,0.0,0.0
123,TD3+BC,1,7,152.4689178466797,0.0,0.0
123,Full RL Neural Operator Solver,1,7,152.4689178466797,0.0,0.0
123,Gradient baseline,1,7,176.08189392089844,0.0,0.0
123,PINN-style baseline,1,7,155.0636749267578,0.0,0.0
123,Base FNO Initializer,1,8,1755.0106201171875,0.0,0.0
123,Supervised Latent Neural Operator Corrector,1,8,1727.3209228515625,0.0,0.0
123,TD3 from scratch,1,8,1726.984619140625,0.0,0.0
123,TD3+BC,1,8,1727.3209228515625,0.0,0.0
123,Full RL Neural Operator Solver,1,8,1727.3209228515625,0.0,0.0
123,Gradient baseline,1,8,1686.2486572265625,0.0,0.0
123,PINN-style baseline,1,8,1754.4805908203125,0.0,0.0
123,Base FNO Initializer,1,9,469.538818359375,0.0,0.0
123,Supervised Latent Neural Operator Corrector,1,9,462.5452880859375,0.0,0.0
123,TD3 from scratch,1,9,464.8330993652344,0.0,0.0
123,TD3+BC,1,9,462.5452880859375,0.0,0.0
123,Full RL Neural Operator Solver,1,9,462.5452880859375,0.0,0.0
123,Gradient baseline,1,9,457.5747985839844,0.0,0.0
123,PINN-style baseline,1,9,469.2781677246094,0.0,0.0
123,Base FNO Initializer,1,10,1321.5069580078125,0.0,0.0
123,Supervised Latent Neural Operator Corrector,1,10,1302.3194580078125,0.0,0.0
123,TD3 from scratch,1,10,1303.0616455078125,0.0,0.0
123,TD3+BC,1,10,1302.3194580078125,0.0,0.0
123,Full RL Neural Operator Solver,1,10,1302.3194580078125,0.0,0.0
123,Gradient baseline,1,10,1267.5677490234375,0.0,0.0
123,PINN-style baseline,1,10,1321.0435791015625,0.0,0.0
123,Base FNO Initializer,1,11,4027.326904296875,0.0,0.0109253209084272
123,Supervised Latent Neural Operator Corrector,1,11,3999.153564453125,0.0,0.0109253209084272
123,TD3 from scratch,1,11,4000.295654296875,0.0,0.0109253209084272
123,TD3+BC,1,11,3999.153564453125,0.0,0.0109253209084272
123,Full RL Neural Operator Solver,1,11,3999.153564453125,0.0,0.0109253209084272
123,Gradient baseline,1,11,3922.161376953125,0.0,0.0109253209084272
123,PINN-style baseline,1,11,4026.60107421875,0.0,0.0109253209084272
123,Base FNO Initializer,1,12,433.1890258789063,0.0,0.0
123,Supervised Latent Neural Operator Corrector,1,12,426.6360778808594,0.0,0.0
123,TD3 from scratch,1,12,428.84271240234375,0.0,0.0
123,TD3+BC,1,12,426.6360778808594,0.0,0.0
123,Full RL Neural Operator Solver,1,12,426.6360778808594,0.0,0.0
123,Gradient baseline,1,12,423.8367919921875,0.0,0.0
123,PINN-style baseline,1,12,432.9403076171875,0.0,0.0
123,Base FNO Initializer,1,13,3397.77001953125,0.0,0.0
123,Supervised Latent Neural Operator Corrector,1,13,3367.484619140625,0.0,0.0
123,TD3 from scratch,1,13,3368.519287109375,0.0,0.0
123,TD3+BC,1,13,3367.484619140625,0.0,0.0
123,Full RL Neural Operator Solver,1,13,3367.484619140625,0.0,0.0
123,Gradient baseline,1,13,3297.627197265625,0.0,0.0
123,PINN-style baseline,1,13,3397.08251953125,0.0,0.0
123,Base FNO Initializer,1,14,507.2059326171875,0.0,0.0
123,Supervised Latent Neural Operator Corrector,1,14,499.75,0.0,0.0
123,TD3 from scratch,1,14,502.097412109375,0.0,0.0
123,TD3+BC,1,14,499.75,0.0,0.0
123,Full RL Neural Operator Solver,1,14,499.75,0.0,0.0
123,Gradient baseline,1,14,492.97271728515625,0.0,0.0
123,PINN-style baseline,1,14,506.9323425292969,0.0,0.0
123,Base FNO Initializer,1,15,3361.285888671875,0.0,0.0
123,Supervised Latent Neural Operator Corrector,1,15,3330.89990234375,0.0,0.0
123,TD3 from scratch,1,15,3331.914306640625,0.0,0.0
123,TD3+BC,1,15,3330.89990234375,0.0,0.0
123,Full RL Neural Operator Solver,1,15,3330.89990234375,0.0,0.0
123,Gradient baseline,1,15,3261.71875,0.0,0.0
123,PINN-style baseline,1,15,3360.60107421875,0.0,0.0
123,Base FNO Initializer,1,16,34.1541748046875,0.0,0.0
123,Supervised Latent Neural Operator Corrector,1,16,33.16971206665039,0.0,0.0
123,TD3 from scratch,1,16,33.56914520263672,0.0,0.0
123,TD3+BC,1,16,33.16971206665039,0.0,0.0
123,Full RL Neural Operator Solver,1,16,33.16971206665039,0.0,0.0
123,Gradient baseline,1,16,77.9854736328125,0.0,0.0
123,PINN-style baseline,1,16,34.06525802612305,0.0,0.0
123,Base FNO Initializer,1,17,3879.35302734375,0.0,0.0025597009807825
123,Supervised Latent Neural Operator Corrector,1,17,3850.794189453125,0.0,0.0025597009807825
123,TD3 from scratch,1,17,3851.93115234375,0.0,0.0025597009807825
123,TD3+BC,1,17,3850.794189453125,0.0,0.0025597009807825
123,Full RL Neural Operator Solver,1,17,3850.794189453125,0.0,0.0025597009807825
123,Gradient baseline,1,17,3775.07373046875,0.0,0.0025597009807825
123,PINN-style baseline,1,17,3878.635009765625,0.0,0.0025597009807825
123,Base FNO Initializer,1,18,9.590410232543944,0.0,0.0
123,Supervised Latent Neural Operator Corrector,1,18,8.902602195739746,0.0,0.0
123,TD3 from scratch,1,18,9.151979446411133,0.0,0.0
123,TD3+BC,1,18,8.902602195739746,0.0,0.0
123,Full RL Neural Operator Solver,1,18,8.902602195739746,0.0,0.0
123,Gradient baseline,1,18,60.76472091674805,0.0,0.0
123,PINN-style baseline,1,18,9.515005111694336,0.0,0.0
123,Base FNO Initializer,1,19,316.1559753417969,0.0,0.0
123,Supervised Latent Neural Operator Corrector,1,19,311.12359619140625,0.0,0.0
123,TD3 from scratch,1,19,312.93511962890625,0.0,0.0
123,TD3+BC,1,19,311.12359619140625,0.0,0.0
123,Full RL Neural Operator Solver,1,19,311.12359619140625,0.0,0.0
123,Gradient baseline,1,19,316.2859191894531,0.0,0.0
123,PINN-style baseline,1,19,315.9480895996094,0.0,0.0
123,Base FNO Initializer,1,20,398.15570068359375,0.0,0.0
123,Supervised Latent Neural Operator Corrector,1,20,392.03460693359375,0.0,0.0
123,TD3 from scratch,1,20,394.1421813964844,0.0,0.0
123,TD3+BC,1,20,392.03460693359375,0.0,0.0
123,Full RL Neural Operator Solver,1,20,392.03460693359375,0.0,0.0
123,Gradient baseline,1,20,391.6096496582031,0.0,0.0
123,PINN-style baseline,1,20,397.91802978515625,0.0,0.0
123,Base FNO Initializer,1,21,1025.946533203125,0.0,0.0
123,Supervised Latent Neural Operator Corrector,1,21,1011.7512817382812,0.0,0.0
123,TD3 from scratch,1,21,1013.4583129882812,0.0,0.0
123,TD3+BC,1,21,1011.7512817382812,0.0,0.0
123,Full RL Neural Operator Solver,1,21,1011.7512817382812,0.0,0.0
123,Gradient baseline,1,21,984.4923095703124,0.0,0.0
123,PINN-style baseline,1,21,1025.538330078125,0.0,0.0
123,Base FNO Initializer,1,22,178.32394409179688,0.0,0.0
123,Supervised Latent Neural Operator Corrector,1,22,175.2440185546875,0.0,0.0
123,TD3 from scratch,1,22,176.42251586914062,0.0,0.0
123,TD3+BC,1,22,175.2440185546875,0.0,0.0
123,Full RL Neural Operator Solver,1,22,175.2440185546875,0.0,0.0
123,Gradient baseline,1,22,196.1326446533203,0.0,0.0
123,PINN-style baseline,1,22,178.16995239257812,0.0,0.0
123,Base FNO Initializer,1,23,3545.475830078125,0.0,0.0
123,Supervised Latent Neural Operator Corrector,1,23,3515.808349609375,0.0,0.0
123,TD3 from scratch,1,23,3516.89990234375,0.0,0.0
123,TD3+BC,1,23,3515.808349609375,0.0,0.0
123,Full RL Neural Operator Solver,1,23,3515.808349609375,0.0,0.0
123,Gradient baseline,1,23,3443.647705078125,0.0,0.0
123,PINN-style baseline,1,23,3544.779296875,0.0,0.0
123,Base FNO Initializer,1,24,300.7703552246094,0.0,0.0
123,Supervised Latent Neural Operator Corrector,1,24,295.9544982910156,0.0,0.0
123,TD3 from scratch,1,24,297.7029724121094,0.0,0.0
123,TD3+BC,1,24,295.9544982910156,0.0,0.0
123,Full RL Neural Operator Solver,1,24,295.9544982910156,0.0,0.0
123,Gradient baseline,1,24,302.6752319335937,0.0,0.0
123,PINN-style baseline,1,24,300.56768798828125,0.0,0.0
123,Base FNO Initializer,1,25,713.872314453125,0.0,0.0
123,Supervised Latent Neural Operator Corrector,1,25,703.9747314453125,0.0,0.0
123,TD3 from scratch,1,25,706.3438720703125,0.0,0.0
123,TD3+BC,1,25,703.9747314453125,0.0,0.0
123,Full RL Neural Operator Solver,1,25,703.9747314453125,0.0,0.0
123,Gradient baseline,1,25,687.8909301757812,0.0,0.0
123,PINN-style baseline,1,25,713.5396728515625,0.0,0.0
123,Base FNO Initializer,1,26,1814.75146484375,0.0,0.0
123,Supervised Latent Neural Operator Corrector,1,26,1785.8272705078125,0.0,0.0
123,TD3 from scratch,1,26,1785.421875,0.0,0.0
123,TD3+BC,1,26,1785.8272705078125,0.0,0.0
123,Full RL Neural Operator Solver,1,26,1785.8272705078125,0.0,0.0
123,Gradient baseline,1,26,1744.260009765625,0.0,0.0
123,PINN-style baseline,1,26,1814.2132568359373,0.0,0.0
123,Base FNO Initializer,1,27,451.33148193359375,0.0,0.0
123,Supervised Latent Neural Operator Corrector,1,27,444.5347900390625,0.0,0.0
123,TD3 from scratch,1,27,446.7877197265625,0.0,0.0
123,TD3+BC,1,27,444.5347900390625,0.0,0.0
123,Full RL Neural Operator Solver,1,27,444.5347900390625,0.0,0.0
123,Gradient baseline,1,27,440.732177734375,0.0,0.0
123,PINN-style baseline,1,27,451.0763244628906,0.0,0.0
123,Base FNO Initializer,1,28,546.108642578125,0.0,0.0
123,Supervised Latent Neural Operator Corrector,1,28,538.1920776367188,0.0,0.0
123,TD3 from scratch,1,28,540.58935546875,0.0,0.0
123,TD3+BC,1,28,538.1920776367188,0.0,0.0
123,Full RL Neural Operator Solver,1,28,538.1920776367188,0.0,0.0
123,Gradient baseline,1,28,529.4827270507812,0.0,0.0
123,PINN-style baseline,1,28,545.8231811523438,0.0,0.0
123,Base FNO Initializer,1,29,2777.85302734375,0.0,0.0
123,Supervised Latent Neural Operator Corrector,1,29,2744.27783203125,0.0,0.0
123,TD3 from scratch,1,29,2744.8525390625,0.0,0.0
123,TD3+BC,1,29,2744.27783203125,0.0,0.0
123,Full RL Neural Operator Solver,1,29,2744.27783203125,0.0,0.0
123,Gradient baseline,1,29,2686.233642578125,0.0,0.0
123,PINN-style baseline,1,29,2777.211181640625,0.0,0.0
123,Base FNO Initializer,1,30,4413.47509765625,0.0,0.074873074889183
123,Supervised Latent Neural Operator Corrector,1,30,4386.35107421875,0.0,0.074873074889183
123,TD3 from scratch,1,30,4387.42919921875,0.0,0.074873074889183
123,TD3+BC,1,30,4386.35107421875,0.0,0.074873074889183
123,Full RL Neural Operator Solver,1,30,4386.35107421875,0.0,0.074873074889183
123,Gradient baseline,1,30,4305.27587890625,0.0,0.074873074889183
123,PINN-style baseline,1,30,4412.73193359375,0.0,0.074873074889183
123,Base FNO Initializer,1,31,1377.8133544921875,0.0,0.0
123,Supervised Latent Neural Operator Corrector,1,31,1357.520263671875,0.0,0.0
123,TD3 from scratch,1,31,1358.095703125,0.0,0.0
123,TD3+BC,1,31,1357.520263671875,0.0,0.0
123,Full RL Neural Operator Solver,1,31,1357.520263671875,0.0,0.0
123,Gradient baseline,1,31,1321.7999267578125,0.0,0.0
123,PINN-style baseline,1,31,1377.3392333984375,0.0,0.0
123,Base FNO Initializer,1,32,950.0606689453124,0.0,0.0
123,Supervised Latent Neural Operator Corrector,1,32,937.0121459960938,0.0,0.0
123,TD3 from scratch,1,32,938.925537109375,0.0,0.0
123,TD3+BC,1,32,937.0121459960938,0.0,0.0
123,Full RL Neural Operator Solver,1,32,937.0121459960938,0.0,0.0
123,Gradient baseline,1,32,911.947509765625,0.0,0.0
123,PINN-style baseline,1,32,949.6700439453124,0.0,0.0
123,Base FNO Initializer,1,33,415.5193786621094,0.0,0.0
123,Supervised Latent Neural Operator Corrector,1,33,409.1831665039063,0.0,0.0
123,TD3 from scratch,1,33,411.3433532714844,0.0,0.0
123,TD3+BC,1,33,409.1831665039063,0.0,0.0
123,Full RL Neural Operator Solver,1,33,409.1831665039063,0.0,0.0
123,Gradient baseline,1,33,407.2119445800781,0.0,0.0
123,PINN-style baseline,1,33,415.2764892578125,0.0,0.0
123,Base FNO Initializer,1,34,3148.310546875,0.0,0.0
123,Supervised Latent Neural Operator Corrector,1,34,3116.946533203125,0.0,0.0
123,TD3 from scratch,1,34,3117.822509765625,0.0,0.0
123,TD3+BC,1,34,3116.946533203125,0.0,0.0
123,Full RL Neural Operator Solver,1,34,3116.946533203125,0.0,0.0
123,Gradient baseline,1,34,3051.282470703125,0.0,0.0
123,PINN-style baseline,1,34,3147.641845703125,0.0,0.0
123,Base FNO Initializer,1,35,606.7264404296875,0.0,0.0
123,Supervised Latent Neural Operator Corrector,1,35,598.1073608398438,0.0,0.0
123,TD3 from scratch,1,35,600.5382080078125,0.0,0.0
123,TD3+BC,1,35,598.1073608398438,0.0,0.0
123,Full RL Neural Operator Solver,1,35,598.1073608398438,0.0,0.0
123,Gradient baseline,1,35,586.7239990234375,0.0,0.0
123,PINN-style baseline,1,35,606.4241943359375,0.0,0.0
123,Base FNO Initializer,2,0,50.71394348144531,0.0,0.0
123,Supervised Latent Neural Operator Corrector,2,0,48.619773864746094,0.0,0.0
123,TD3 from scratch,2,0,49.48818206787109,0.0,0.0
123,TD3+BC,2,0,48.619773864746094,0.0,0.0
123,Full RL Neural Operator Solver,2,0,48.619773864746094,0.0,0.0
123,Gradient baseline,2,0,70.06239318847656,0.0,0.0
123,PINN-style baseline,2,0,50.52222442626953,0.0,0.0
123,Base FNO Initializer,2,1,4717.8603515625,0.0,0.1724791526794433
123,Supervised Latent Neural Operator Corrector,2,1,4669.4345703125,0.0,0.1724791526794433
123,TD3 from scratch,2,1,4672.64892578125,0.0,0.1724791526794433
123,TD3+BC,2,1,4669.4345703125,0.0,0.1724791526794433
123,Full RL Neural Operator Solver,2,1,4669.4345703125,0.0,0.1724791526794433
123,Gradient baseline,2,1,4529.69384765625,0.0,0.1724791526794433
123,PINN-style baseline,2,1,4716.353515625,0.0,0.1724791526794433
123,Base FNO Initializer,2,2,3434.240234375,0.0,0.0
123,Supervised Latent Neural Operator Corrector,2,2,3379.627685546875,0.0,0.0
123,TD3 from scratch,2,2,3383.163330078125,0.0,0.0
123,TD3+BC,2,2,3379.627685546875,0.0,0.0
123,Full RL Neural Operator Solver,2,2,3379.627685546875,0.0,0.0
123,Gradient baseline,2,2,3268.6865234375,0.0,0.0
123,PINN-style baseline,2,2,3432.8623046875,0.0,0.0
123,Base FNO Initializer,2,3,256.76873779296875,0.0,0.0
123,Supervised Latent Neural Operator Corrector,2,3,249.24346923828125,0.0,0.0
123,TD3 from scratch,2,3,252.15847778320312,0.0,0.0
123,TD3+BC,2,3,249.24346923828125,0.0,0.0
123,Full RL Neural Operator Solver,2,3,249.24346923828125,0.0,0.0
123,Gradient baseline,2,3,280.8837585449219,0.0,0.0
123,PINN-style baseline,2,3,256.39947509765625,0.0,0.0
123,Base FNO Initializer,2,4,2363.30029296875,0.0,0.0
123,Supervised Latent Neural Operator Corrector,2,4,2300.6611328125,0.0,0.0
123,TD3 from scratch,2,4,2302.904541015625,0.0,0.0
123,TD3+BC,2,4,2300.6611328125,0.0,0.0
123,Full RL Neural Operator Solver,2,4,2300.6611328125,0.0,0.0
123,Gradient baseline,2,4,2233.51611328125,0.0,0.0
123,PINN-style baseline,2,4,2362.093994140625,0.0,0.0
123,Base FNO Initializer,2,5,900.6553955078125,0.0,0.0
123,Supervised Latent Neural Operator Corrector,2,5,878.704833984375,0.0,0.0
123,TD3 from scratch,2,5,883.0639038085938,0.0,0.0
123,TD3+BC,2,5,878.704833984375,0.0,0.0
123,Full RL Neural Operator Solver,2,5,878.704833984375,0.0,0.0
123,Gradient baseline,2,5,876.3975830078125,0.0,0.0
123,PINN-style baseline,2,5,899.8981323242188,0.0,0.0
123,Base FNO Initializer,2,6,1157.4156494140625,0.0,0.0
123,Supervised Latent Neural Operator Corrector,2,6,1128.3583984375,0.0,0.0
123,TD3 from scratch,2,6,1131.814208984375,0.0,0.0
123,TD3+BC,2,6,1128.3583984375,0.0,0.0
123,Full RL Neural Operator Solver,2,6,1128.3583984375,0.0,0.0
123,Gradient baseline,2,6,1108.550048828125,0.0,0.0
123,PINN-style baseline,2,6,1156.551025390625,0.0,0.0
123,Base FNO Initializer,2,7,155.207275390625,0.0,0.0
123,Supervised Latent Neural Operator Corrector,2,7,150.3389129638672,0.0,0.0
123,TD3 from scratch,2,7,152.30357360839844,0.0,0.0
123,TD3+BC,2,7,150.3389129638672,0.0,0.0
123,Full RL Neural Operator Solver,2,7,150.3389129638672,0.0,0.0
123,Gradient baseline,2,7,176.79098510742188,0.0,0.0
123,PINN-style baseline,2,7,154.923828125,0.0,0.0
123,Base FNO Initializer,2,8,1755.0106201171875,0.0,0.0
123,Supervised Latent Neural Operator Corrector,2,8,1706.2625732421875,0.0,0.0
123,TD3 from scratch,2,8,1707.4012451171875,0.0,0.0
123,TD3+BC,2,8,1706.2625732421875,0.0,0.0
123,Full RL Neural Operator Solver,2,8,1706.2625732421875,0.0,0.0
123,Gradient baseline,2,8,1659.117919921875,0.0,0.0
123,PINN-style baseline,2,8,1753.954833984375,0.0,0.0
123,Base FNO Initializer,2,9,469.538818359375,0.0,0.0
123,Supervised Latent Neural Operator Corrector,2,9,457.1083068847656,0.0,0.0
123,TD3 from scratch,2,9,461.447021484375,0.0,0.0
123,TD3+BC,2,9,457.1083068847656,0.0,0.0
123,Full RL Neural Operator Solver,2,9,457.1083068847656,0.0,0.0
123,Gradient baseline,2,9,484.7093505859375,0.0,0.0
123,PINN-style baseline,2,9,469.0212707519531,0.0,0.0
123,Base FNO Initializer,2,10,1321.5069580078125,0.0,0.0
123,Supervised Latent Neural Operator Corrector,2,10,1287.419677734375,0.0,0.0
123,TD3 from scratch,2,10,1290.092041015625,0.0,0.0
123,TD3+BC,2,10,1287.419677734375,0.0,0.0
123,Full RL Neural Operator Solver,2,10,1287.419677734375,0.0,0.0
123,Gradient baseline,2,10,1259.4259033203125,0.0,0.0
123,PINN-style baseline,2,10,1320.58447265625,0.0,0.0
123,Base FNO Initializer,2,11,4027.326904296875,0.0,0.0109253209084272
123,Supervised Latent Neural Operator Corrector,2,11,3975.780029296875,0.0,0.0109253209084272
123,TD3 from scratch,2,11,3979.3857421875,0.0,0.0109253209084272
123,TD3+BC,2,11,3975.780029296875,0.0,0.0109253209084272
123,Full RL Neural Operator Solver,2,11,3975.780029296875,0.0,0.0109253209084272
123,Gradient baseline,2,11,3849.71142578125,0.0,0.0109253209084272
123,PINN-style baseline,2,11,4025.880615234375,0.0,0.0109253209084272
123,Base FNO Initializer,2,12,433.1890258789063,0.0,0.0
123,Supervised Latent Neural Operator Corrector,2,12,421.5289001464844,0.0,0.0
123,TD3 from scratch,2,12,425.7014770507813,0.0,0.0
123,TD3+BC,2,12,421.5289001464844,0.0,0.0
123,Full RL Neural Operator Solver,2,12,421.5289001464844,0.0,0.0
123,Gradient baseline,2,12,449.6585693359375,0.0,0.0
123,PINN-style baseline,2,12,432.6951904296875,0.0,0.0
123,Base FNO Initializer,2,13,3397.77001953125,0.0,0.0
123,Supervised Latent Neural Operator Corrector,2,13,3342.80859375,0.0,0.0
123,TD3 from scratch,2,13,3346.3212890625,0.0,0.0
123,TD3+BC,2,13,3342.80859375,0.0,0.0
123,Full RL Neural Operator Solver,2,13,3342.80859375,0.0,0.0
123,Gradient baseline,2,13,3233.48828125,0.0,0.0
123,PINN-style baseline,2,13,3396.39892578125,0.0,0.0
123,Base FNO Initializer,2,14,507.2059326171875,0.0,0.0
123,Supervised Latent Neural Operator Corrector,2,14,493.9629211425781,0.0,0.0
123,TD3 from scratch,2,14,498.4364318847656,0.0,0.0
123,TD3+BC,2,14,493.9629211425781,0.0,0.0
123,Full RL Neural Operator Solver,2,14,493.9629211425781,0.0,0.0
123,Gradient baseline,2,14,518.0156860351562,0.0,0.0
123,PINN-style baseline,2,14,506.6626586914063,0.0,0.0
123,Base FNO Initializer,2,15,3361.285888671875,0.0,0.0
123,Supervised Latent Neural Operator Corrector,2,15,3306.1669921875,0.0,0.0
123,TD3 from scratch,2,15,3309.6611328125,0.0,0.0
123,TD3+BC,2,15,3306.1669921875,0.0,0.0
123,Full RL Neural Operator Solver,2,15,3306.1669921875,0.0,0.0
123,Gradient baseline,2,15,3197.961181640625,0.0,0.0
123,PINN-style baseline,2,15,3359.9208984375,0.0,0.0
123,Base FNO Initializer,2,16,34.1541748046875,0.0,0.0
123,Supervised Latent Neural Operator Corrector,2,16,32.44049072265625,0.0,0.0
123,TD3 from scratch,2,16,33.14612579345703,0.0,0.0
123,TD3+BC,2,16,32.44049072265625,0.0,0.0
123,Full RL Neural Operator Solver,2,16,32.44049072265625,0.0,0.0
123,Gradient baseline,2,16,57.57109069824219,0.0,0.0
123,PINN-style baseline,2,16,33.98015213012695,0.0,0.0
123,Base FNO Initializer,2,17,3879.35302734375,0.0,0.0025597009807825
123,Supervised Latent Neural Operator Corrector,2,17,3827.1767578125,0.0,0.0025597009807825
123,TD3 from scratch,2,17,3830.778564453125,0.0,0.0025597009807825
123,TD3+BC,2,17,3827.1767578125,0.0,0.0025597009807825
123,Full RL Neural Operator Solver,2,17,3827.1767578125,0.0,0.0025597009807825
123,Gradient baseline,2,17,3703.99609375,0.0,0.0025597009807825
123,PINN-style baseline,2,17,3877.920654296875,0.0,0.0025597009807825
123,Base FNO Initializer,2,18,9.590410232543944,0.0,0.0
123,Supervised Latent Neural Operator Corrector,2,18,8.390183448791504,0.0,0.0
123,TD3 from scratch,2,18,8.827775955200195,0.0,0.0
123,TD3+BC,2,18,8.390183448791504,0.0,0.0
123,Full RL Neural Operator Solver,2,18,8.390183448791504,0.0,0.0
123,Gradient baseline,2,18,34.11295700073242,0.0,0.0
123,PINN-style baseline,2,18,9.443312644958496,0.0,0.0
123,Base FNO Initializer,2,19,316.1559753417969,0.0,0.0
123,Supervised Latent Neural Operator Corrector,2,19,307.1784362792969,0.0,0.0
123,TD3 from scratch,2,19,310.5809020996094,0.0,0.0
123,TD3+BC,2,19,307.1784362792969,0.0,0.0
123,Full RL Neural Operator Solver,2,19,307.1784362792969,0.0,0.0
123,Gradient baseline,2,19,338.8738098144531,0.0,0.0
123,PINN-style baseline,2,19,315.7438659667969,0.0,0.0
123,Base FNO Initializer,2,20,398.15570068359375,0.0,0.0
123,Supervised Latent Neural Operator Corrector,2,20,387.25390625,0.0,0.0
123,TD3 from scratch,2,20,391.2320251464844,0.0,0.0
123,TD3+BC,2,20,387.25390625,0.0,0.0
123,Full RL Neural Operator Solver,2,20,387.25390625,0.0,0.0
123,Gradient baseline,2,20,418.0495910644531,0.0,0.0
123,PINN-style baseline,2,20,397.6842041015625,0.0,0.0
123,Base FNO Initializer,2,21,1025.946533203125,0.0,0.0
123,Supervised Latent Neural Operator Corrector,2,21,1000.6716918945312,0.0,0.0
123,TD3 from scratch,2,21,1004.660888671875,0.0,0.0
123,TD3+BC,2,21,1000.6716918945312,0.0,0.0
123,Full RL Neural Operator Solver,2,21,1000.6716918945312,0.0,0.0
123,Gradient baseline,2,21,990.5400390625,0.0,0.0
123,PINN-style baseline,2,21,1025.134521484375,0.0,0.0
123,Base FNO Initializer,2,22,178.32394409179688,0.0,0.0
123,Supervised Latent Neural Operator Corrector,2,22,172.8392333984375,0.0,0.0
123,TD3 from scratch,2,22,175.0311737060547,0.0,0.0
123,TD3+BC,2,22,172.8392333984375,0.0,0.0
123,Full RL Neural Operator Solver,2,22,172.8392333984375,0.0,0.0
123,Gradient baseline,2,22,202.3302764892578,0.0,0.0
123,PINN-style baseline,2,22,178.0198516845703,0.0,0.0
123,Base FNO Initializer,2,23,3545.475830078125,0.0,0.0
123,Supervised Latent Neural Operator Corrector,2,23,3491.517333984375,0.0,0.0
123,TD3 from scratch,2,23,3495.084228515625,0.0,0.0
123,TD3+BC,2,23,3491.517333984375,0.0,0.0
123,Full RL Neural Operator Solver,2,23,3491.517333984375,0.0,0.0
123,Gradient baseline,2,23,3377.43798828125,0.0,0.0
123,PINN-style baseline,2,23,3544.0869140625,0.0,0.0
123,Base FNO Initializer,2,24,300.7703552246094,0.0,0.0
123,Supervised Latent Neural Operator Corrector,2,24,292.1762084960937,0.0,0.0
123,TD3 from scratch,2,24,295.45855712890625,0.0,0.0
123,TD3+BC,2,24,292.1762084960937,0.0,0.0
123,Full RL Neural Operator Solver,2,24,292.1762084960937,0.0,0.0
123,Gradient baseline,2,24,325.82501220703125,0.0,0.0
123,PINN-style baseline,2,24,300.3688659667969,0.0,0.0
123,Base FNO Initializer,2,25,713.872314453125,0.0,0.0
123,Supervised Latent Neural Operator Corrector,2,25,696.3226928710938,0.0,0.0
123,TD3 from scratch,2,25,701.0185546875,0.0,0.0
123,TD3+BC,2,25,696.3226928710938,0.0,0.0
123,Full RL Neural Operator Solver,2,25,696.3226928710938,0.0,0.0
123,Gradient baseline,2,25,704.7498168945312,0.0,0.0
123,PINN-style baseline,2,25,713.211181640625,0.0,0.0
123,Base FNO Initializer,2,26,1814.75146484375,0.0,0.0
123,Supervised Latent Neural Operator Corrector,2,26,1763.8817138671875,0.0,0.0
123,TD3 from scratch,2,26,1764.937744140625,0.0,0.0
123,TD3+BC,2,26,1763.8817138671875,0.0,0.0
123,Full RL Neural Operator Solver,2,26,1763.8817138671875,0.0,0.0
123,Gradient baseline,2,26,1715.23681640625,0.0,0.0
123,PINN-style baseline,2,26,1813.679443359375,0.0,0.0
123,Base FNO Initializer,2,27,451.33148193359375,0.0,0.0
123,Supervised Latent Neural Operator Corrector,2,27,439.2415161132813,0.0,0.0
123,TD3 from scratch,2,27,443.5105285644531,0.0,0.0
123,TD3+BC,2,27,439.2415161132813,0.0,0.0
123,Full RL Neural Operator Solver,2,27,439.2415161132813,0.0,0.0
123,Gradient baseline,2,27,467.4280700683594,0.0,0.0
123,PINN-style baseline,2,27,450.8250732421875,0.0,0.0
123,Base FNO Initializer,2,28,546.108642578125,0.0,0.0
123,Supervised Latent Neural Operator Corrector,2,28,532.0576171875,0.0,0.0
123,TD3 from scratch,2,28,536.6458129882812,0.0,0.0
123,TD3+BC,2,28,532.0576171875,0.0,0.0
123,Full RL Neural Operator Solver,2,28,532.0576171875,0.0,0.0
123,Gradient baseline,2,28,554.9911499023438,0.0,0.0
123,PINN-style baseline,2,28,545.5416259765625,0.0,0.0
123,Base FNO Initializer,2,29,2777.85302734375,0.0,0.0
123,Supervised Latent Neural Operator Corrector,2,29,2717.608154296875,0.0,0.0
123,TD3 from scratch,2,29,2720.5849609375,0.0,0.0
123,TD3+BC,2,29,2717.608154296875,0.0,0.0
123,Full RL Neural Operator Solver,2,29,2717.608154296875,0.0,0.0
123,Gradient baseline,2,29,2631.1943359375,0.0,0.0
123,PINN-style baseline,2,29,2776.57373046875,0.0,0.0
123,Base FNO Initializer,2,30,4413.47509765625,0.0,0.074873074889183
123,Supervised Latent Neural Operator Corrector,2,30,4363.68310546875,0.0,0.074873074889183
123,TD3 from scratch,2,30,4367.1259765625,0.0,0.074873074889183
123,TD3+BC,2,30,4363.68310546875,0.0,0.074873074889183
123,Full RL Neural Operator Solver,2,30,4363.68310546875,0.0,0.074873074889183
123,Gradient baseline,2,30,4229.7568359375,0.0,0.074873074889183
123,PINN-style baseline,2,30,4411.99267578125,0.0,0.074873074889183
123,Base FNO Initializer,2,31,1377.8133544921875,0.0,0.0
123,Supervised Latent Neural Operator Corrector,2,31,1341.7926025390625,0.0,0.0
123,TD3 from scratch,2,31,1344.2340087890625,0.0,0.0
123,TD3+BC,2,31,1341.7926025390625,0.0,0.0
123,Full RL Neural Operator Solver,2,31,1341.7926025390625,0.0,0.0
123,Gradient baseline,2,31,1311.59033203125,0.0,0.0
123,PINN-style baseline,2,31,1376.869384765625,0.0,0.0
123,Base FNO Initializer,2,32,950.0606689453124,0.0,0.0
123,Supervised Latent Neural Operator Corrector,2,32,926.839599609375,0.0,0.0
123,TD3 from scratch,2,32,931.073974609375,0.0,0.0
123,TD3+BC,2,32,926.839599609375,0.0,0.0
123,Full RL Neural Operator Solver,2,32,926.839599609375,0.0,0.0
123,Gradient baseline,2,32,921.5546875,0.0,0.0
123,PINN-style baseline,2,32,949.2837524414062,0.0,0.0
123,Base FNO Initializer,2,33,415.5193786621094,0.0,0.0
123,Supervised Latent Neural Operator Corrector,2,33,404.2385559082031,0.0,0.0
123,TD3 from scratch,2,33,408.31927490234375,0.0,0.0
123,TD3+BC,2,33,404.2385559082031,0.0,0.0
123,Full RL Neural Operator Solver,2,33,404.2385559082031,0.0,0.0
123,Gradient baseline,2,33,433.4942932128906,0.0,0.0
123,PINN-style baseline,2,33,415.0374145507813,0.0,0.0
123,Base FNO Initializer,2,34,3148.310546875,0.0,0.0
123,Supervised Latent Neural Operator Corrector,2,34,3091.605224609375,0.0,0.0
123,TD3 from scratch,2,34,3094.964599609375,0.0,0.0
123,TD3+BC,2,34,3091.605224609375,0.0,0.0
123,Full RL Neural Operator Solver,2,34,3091.605224609375,0.0,0.0
123,Gradient baseline,2,34,2990.349853515625,0.0,0.0
123,PINN-style baseline,2,34,3146.976806640625,0.0,0.0
123,Base FNO Initializer,2,35,606.7264404296875,0.0,0.0
123,Supervised Latent Neural Operator Corrector,2,35,591.4434814453125,0.0,0.0
123,TD3 from scratch,2,35,596.1384887695312,0.0,0.0
123,TD3+BC,2,35,591.4434814453125,0.0,0.0
123,Full RL Neural Operator Solver,2,35,591.4434814453125,0.0,0.0
123,Gradient baseline,2,35,608.5133666992188,0.0,0.0
123,PINN-style baseline,2,35,606.1257934570312,0.0,0.0
123,Base FNO Initializer,5,0,50.71394348144531,0.0,0.0
123,Supervised Latent Neural Operator Corrector,5,0,47.58809280395508,0.0,0.0
123,TD3 from scratch,5,0,48.60773468017578,0.0,0.0
123,TD3+BC,5,0,47.58809280395508,0.0,0.0
123,Full RL Neural Operator Solver,5,0,47.58809280395508,0.0,0.0
123,Gradient baseline,5,0,118.77298736572266,0.0,0.0
123,PINN-style baseline,5,0,50.25886535644531,0.0,0.0
123,Base FNO Initializer,5,1,4717.8603515625,0.0,0.1724791526794433
123,Supervised Latent Neural Operator Corrector,5,1,4631.93798828125,0.0,0.1724791526794433
123,TD3 from scratch,5,1,4640.41943359375,0.0,0.1724791526794433
123,TD3+BC,5,1,4631.93798828125,0.0,0.1724791526794433
123,Full RL Neural Operator Solver,5,1,4631.93798828125,0.0,0.1724791526794433
123,Gradient baseline,5,1,4436.6767578125,0.0,0.1724791526794433
123,PINN-style baseline,5,1,4714.12255859375,0.0,0.1724791526794433
123,Base FNO Initializer,5,2,3434.240234375,0.0,0.0
123,Supervised Latent Neural Operator Corrector,5,2,3340.26953125,0.0,0.0
123,TD3 from scratch,5,2,3349.35302734375,0.0,0.0
123,TD3+BC,5,2,3340.26953125,0.0,0.0
123,Full RL Neural Operator Solver,5,2,3340.26953125,0.0,0.0
123,Gradient baseline,5,2,3214.41357421875,0.0,0.0
123,PINN-style baseline,5,2,3430.826904296875,0.0,0.0
123,Base FNO Initializer,5,3,256.76873779296875,0.0,0.0
123,Supervised Latent Neural Operator Corrector,5,3,244.9419860839844,0.0,0.0
123,TD3 from scratch,5,3,248.7205810546875,0.0,0.0
123,TD3+BC,5,3,244.9419860839844,0.0,0.0
123,Full RL Neural Operator Solver,5,3,244.9419860839844,0.0,0.0
123,Gradient baseline,5,3,285.2374267578125,0.0,0.0
123,PINN-style baseline,5,3,255.8711395263672,0.0,0.0
123,Base FNO Initializer,5,4,2363.30029296875,0.0,0.0
123,Supervised Latent Neural Operator Corrector,5,4,2255.953857421875,0.0,0.0
123,TD3 from scratch,5,4,2263.3642578125,0.0,0.0
123,TD3+BC,5,4,2255.953857421875,0.0,0.0
123,Full RL Neural Operator Solver,5,4,2255.953857421875,0.0,0.0
123,Gradient baseline,5,4,2212.633544921875,0.0,0.0
123,PINN-style baseline,5,4,2360.315673828125,0.0,0.0
123,Base FNO Initializer,5,5,900.6553955078125,0.0,0.0
123,Supervised Latent Neural Operator Corrector,5,5,866.1141967773438,0.0,0.0
123,TD3 from scratch,5,5,871.637939453125,0.0,0.0
123,TD3+BC,5,5,866.1141967773438,0.0,0.0
123,Full RL Neural Operator Solver,5,5,866.1141967773438,0.0,0.0
123,Gradient baseline,5,5,870.224365234375,0.0,0.0
123,PINN-style baseline,5,5,898.7913818359375,0.0,0.0
123,Base FNO Initializer,5,6,1157.4156494140625,0.0,0.0
123,Supervised Latent Neural Operator Corrector,5,6,1110.467041015625,0.0,0.0
123,TD3 from scratch,5,6,1114.658203125,0.0,0.0
123,TD3+BC,5,6,1110.467041015625,0.0,0.0
123,Full RL Neural Operator Solver,5,6,1110.467041015625,0.0,0.0
123,Gradient baseline,5,6,1107.072021484375,0.0,0.0
123,PINN-style baseline,5,6,1155.283447265625,0.0,0.0
123,Base FNO Initializer,5,7,155.207275390625,0.0,0.0
123,Supervised Latent Neural Operator Corrector,5,7,147.67359924316406,0.0,0.0
123,TD3 from scratch,5,7,150.1278533935547,0.0,0.0
123,TD3+BC,5,7,147.67359924316406,0.0,0.0
123,Full RL Neural Operator Solver,5,7,147.67359924316406,0.0,0.0
123,Gradient baseline,5,7,202.33062744140625,0.0,0.0
123,PINN-style baseline,5,7,154.523193359375,0.0,0.0
123,Base FNO Initializer,5,8,1755.0106201171875,0.0,0.0
123,Supervised Latent Neural Operator Corrector,5,8,1673.1407470703125,0.0,0.0
123,TD3 from scratch,5,8,1674.7000732421875,0.0,0.0
123,TD3+BC,5,8,1673.1407470703125,0.0,0.0
123,Full RL Neural Operator Solver,5,8,1673.1407470703125,0.0,0.0
123,Gradient baseline,5,8,1653.8331298828125,0.0,0.0
123,PINN-style baseline,5,8,1752.402099609375,0.0,0.0
123,Base FNO Initializer,5,9,469.538818359375,0.0,0.0
123,Supervised Latent Neural Operator Corrector,5,9,450.1251525878906,0.0,0.0
123,TD3 from scratch,5,9,455.9739074707031,0.0,0.0
123,TD3+BC,5,9,450.1251525878906,0.0,0.0
123,Full RL Neural Operator Solver,5,9,450.1251525878906,0.0,0.0
123,Gradient baseline,5,9,472.9508972167969,0.0,0.0
123,PINN-style baseline,5,9,468.27093505859375,0.0,0.0
123,Base FNO Initializer,5,10,1321.5069580078125,0.0,0.0
123,Supervised Latent Neural Operator Corrector,5,10,1265.692138671875,0.0,0.0
123,TD3 from scratch,5,10,1268.6971435546875,0.0,0.0
123,TD3+BC,5,10,1265.692138671875,0.0,0.0
123,Full RL Neural Operator Solver,5,10,1265.692138671875,0.0,0.0
123,Gradient baseline,5,10,1256.4271240234375,0.0,0.0
123,PINN-style baseline,5,10,1319.23095703125,0.0,0.0
123,Base FNO Initializer,5,11,4027.326904296875,0.0,0.0109253209084272
123,Supervised Latent Neural Operator Corrector,5,11,3937.2099609375,0.0,0.0109253209084272
123,TD3 from scratch,5,11,3946.290283203125,0.0,0.0109253209084272
123,TD3+BC,5,11,3937.2099609375,0.0,0.0109253209084272
123,Full RL Neural Operator Solver,5,11,3937.2099609375,0.0,0.0109253209084272
123,Gradient baseline,5,11,3775.838623046875,0.0,0.0109253209084272
123,PINN-style baseline,5,11,4023.741455078125,0.0,0.0109253209084272
123,Base FNO Initializer,5,12,433.1890258789063,0.0,0.0
123,Supervised Latent Neural Operator Corrector,5,12,414.92578125,0.0,0.0
123,TD3 from scratch,5,12,420.5445861816406,0.0,0.0
123,TD3+BC,5,12,414.92578125,0.0,0.0
123,Full RL Neural Operator Solver,5,12,414.92578125,0.0,0.0
123,Gradient baseline,5,12,438.9182739257813,0.0,0.0
123,PINN-style baseline,5,12,431.9797668457031,0.0,0.0
123,Base FNO Initializer,5,13,3397.77001953125,0.0,0.0
123,Supervised Latent Neural Operator Corrector,5,13,3303.25927734375,0.0,0.0
123,TD3 from scratch,5,13,3312.36865234375,0.0,0.0
123,TD3+BC,5,13,3303.25927734375,0.0,0.0
123,Full RL Neural Operator Solver,5,13,3303.25927734375,0.0,0.0
123,Gradient baseline,5,13,3181.052490234375,0.0,0.0
123,PINN-style baseline,5,13,3394.373779296875,0.0,0.0
123,Base FNO Initializer,5,14,507.2059326171875,0.0,0.0
123,Supervised Latent Neural Operator Corrector,5,14,486.5726013183594,0.0,0.0
123,TD3 from scratch,5,14,492.5994873046875,0.0,0.0
123,TD3+BC,5,14,486.5726013183594,0.0,0.0
123,Full RL Neural Operator Solver,5,14,486.5726013183594,0.0,0.0
123,Gradient baseline,5,14,509.8656921386719,0.0,0.0
123,PINN-style baseline,5,14,505.8742065429688,0.0,0.0
123,Base FNO Initializer,5,15,3361.285888671875,0.0,0.0
123,Supervised Latent Neural Operator Corrector,5,15,3266.569580078125,0.0,0.0
123,TD3 from scratch,5,15,3275.706298828125,0.0,0.0
123,TD3+BC,5,15,3266.569580078125,0.0,0.0
123,Full RL Neural Operator Solver,5,15,3266.569580078125,0.0,0.0
123,Gradient baseline,5,15,3146.780517578125,0.0,0.0
123,PINN-style baseline,5,15,3357.904541015625,0.0,0.0
123,Base FNO Initializer,5,16,34.1541748046875,0.0,0.0
123,Supervised Latent Neural Operator Corrector,5,16,31.594539642333984,0.0,0.0
123,TD3 from scratch,5,16,32.41600036621094,0.0,0.0
123,TD3+BC,5,16,31.594539642333984,0.0,0.0
123,Full RL Neural Operator Solver,5,16,31.594539642333984,0.0,0.0
123,Gradient baseline,5,16,97.53941345214844,0.0,0.0
123,PINN-style baseline,5,16,33.74199295043945,0.0,0.0
123,Base FNO Initializer,5,17,3879.35302734375,0.0,0.0025597009807825
123,Supervised Latent Neural Operator Corrector,5,17,3788.4736328125,0.0,0.0025597009807825
123,TD3 from scratch,5,17,3797.530517578125,0.0,0.0025597009807825
123,TD3+BC,5,17,3788.4736328125,0.0,0.0025597009807825
123,Full RL Neural Operator Solver,5,17,3788.4736328125,0.0,0.0025597009807825
123,Gradient baseline,5,17,3634.89306640625,0.0,0.0025597009807825
123,PINN-style baseline,5,17,3875.803466796875,0.0,0.0025597009807825
123,Base FNO Initializer,5,18,9.590410232543944,0.0,0.0
123,Supervised Latent Neural Operator Corrector,5,18,7.762054443359375,0.0,0.0
123,TD3 from scratch,5,18,8.249956130981445,0.0,0.0
123,TD3+BC,5,18,7.762054443359375,0.0,0.0
123,Full RL Neural Operator Solver,5,18,7.762054443359375,0.0,0.0
123,Gradient baseline,5,18,79.3700942993164,0.0,0.0
123,PINN-style baseline,5,18,9.247026443481444,0.0,0.0
123,Base FNO Initializer,5,19,316.1559753417969,0.0,0.0
123,Supervised Latent Neural Operator Corrector,5,19,302.03143310546875,0.0,0.0
123,TD3 from scratch,5,19,306.5052185058594,0.0,0.0
123,TD3+BC,5,19,302.03143310546875,0.0,0.0
123,Full RL Neural Operator Solver,5,19,302.03143310546875,0.0,0.0
123,Gradient baseline,5,19,337.388427734375,0.0,0.0
123,PINN-style baseline,5,19,315.1506652832031,0.0,0.0
123,Base FNO Initializer,5,20,398.15570068359375,0.0,0.0
123,Supervised Latent Neural Operator Corrector,5,20,381.0401916503906,0.0,0.0
123,TD3 from scratch,5,20,386.3702697753906,0.0,0.0
123,TD3+BC,5,20,381.0401916503906,0.0,0.0
123,Full RL Neural Operator Solver,5,20,381.0401916503906,0.0,0.0
123,Gradient baseline,5,20,410.3587341308594,0.0,0.0
123,PINN-style baseline,5,20,397.0031127929688,0.0,0.0
123,Base FNO Initializer,5,21,1025.946533203125,0.0,0.0
123,Supervised Latent Neural Operator Corrector,5,21,985.6487426757812,0.0,0.0
123,TD3 from scratch,5,21,990.6325073242188,0.0,0.0
123,TD3+BC,5,21,985.6487426757812,0.0,0.0
123,Full RL Neural Operator Solver,5,21,985.6487426757812,0.0,0.0
123,Gradient baseline,5,21,986.0656127929688,0.0,0.0
123,PINN-style baseline,5,21,1023.9467163085938,0.0,0.0
123,Base FNO Initializer,5,22,178.32394409179688,0.0,0.0
123,Supervised Latent Neural Operator Corrector,5,22,169.78958129882812,0.0,0.0
123,TD3 from scratch,5,22,172.55706787109375,0.0,0.0
123,TD3+BC,5,22,169.78958129882812,0.0,0.0
123,Full RL Neural Operator Solver,5,22,169.78958129882812,0.0,0.0
123,Gradient baseline,5,22,217.27194213867188,0.0,0.0
123,PINN-style baseline,5,22,177.58897399902344,0.0,0.0
123,Base FNO Initializer,5,23,3545.475830078125,0.0,0.0
123,Supervised Latent Neural Operator Corrector,5,23,3452.4228515625,0.0,0.0
123,TD3 from scratch,5,23,3461.42431640625,0.0,0.0
123,TD3+BC,5,23,3452.4228515625,0.0,0.0
123,Full RL Neural Operator Solver,5,23,3452.4228515625,0.0,0.0
123,Gradient baseline,5,23,3321.48046875,0.0,0.0
123,PINN-style baseline,5,23,3542.033447265625,0.0,0.0
123,Base FNO Initializer,5,24,300.7703552246094,0.0,0.0
123,Supervised Latent Neural Operator Corrector,5,24,287.2458801269531,0.0,0.0
123,TD3 from scratch,5,24,291.5499267578125,0.0,0.0
123,TD3+BC,5,24,287.2458801269531,0.0,0.0
123,Full RL Neural Operator Solver,5,24,287.2458801269531,0.0,0.0
123,Gradient baseline,5,24,323.2158508300781,0.0,0.0
123,PINN-style baseline,5,24,299.7928161621094,0.0,0.0
123,Base FNO Initializer,5,25,713.872314453125,0.0,0.0
123,Supervised Latent Neural Operator Corrector,5,25,686.705078125,0.0,0.0
123,TD3 from scratch,5,25,692.7954711914062,0.0,0.0
123,TD3+BC,5,25,686.705078125,0.0,0.0
123,Full RL Neural Operator Solver,5,25,686.705078125,0.0,0.0
123,Gradient baseline,5,25,698.236083984375,0.0,0.0
123,PINN-style baseline,5,25,712.2476196289062,0.0,0.0
123,Base FNO Initializer,5,26,1814.75146484375,0.0,0.0
123,Supervised Latent Neural Operator Corrector,5,26,1729.10302734375,0.0,0.0
123,TD3 from scratch,5,26,1730.8677978515625,0.0,0.0
123,TD3+BC,5,26,1729.10302734375,0.0,0.0
123,Full RL Neural Operator Solver,5,26,1729.10302734375,0.0,0.0
123,Gradient baseline,5,26,1710.8392333984375,0.0,0.0
123,PINN-style baseline,5,26,1812.1021728515625,0.0,0.0
123,Base FNO Initializer,5,27,451.33148193359375,0.0,0.0
123,Supervised Latent Neural Operator Corrector,5,27,432.4070129394531,0.0,0.0
123,TD3 from scratch,5,27,438.16943359375,0.0,0.0
123,TD3+BC,5,27,432.4070129394531,0.0,0.0
123,Full RL Neural Operator Solver,5,27,432.4070129394531,0.0,0.0
123,Gradient baseline,5,27,457.4814758300781,0.0,0.0
123,PINN-style baseline,5,27,450.0920104980469,0.0,0.0
123,Base FNO Initializer,5,28,546.108642578125,0.0,0.0
123,Supervised Latent Neural Operator Corrector,5,28,524.2734375,0.0,0.0
123,TD3 from scratch,5,28,530.4398193359375,0.0,0.0
123,TD3+BC,5,28,524.2734375,0.0,0.0
123,Full RL Neural Operator Solver,5,28,524.2734375,0.0,0.0
123,Gradient baseline,5,28,544.8765258789062,0.0,0.0
123,PINN-style baseline,5,28,544.7177734375,0.0,0.0
123,Base FNO Initializer,5,29,2777.85302734375,0.0,0.0
123,Supervised Latent Neural Operator Corrector,5,29,2674.112548828125,0.0,0.0
123,TD3 from scratch,5,29,2684.08935546875,0.0,0.0
123,TD3+BC,5,29,2674.112548828125,0.0,0.0
123,Full RL Neural Operator Solver,5,29,2674.112548828125,0.0,0.0
123,Gradient baseline,5,29,2598.35205078125,0.0,0.0
123,PINN-style baseline,5,29,2774.68505859375,0.0,0.0
123,Base FNO Initializer,5,30,4413.47509765625,0.0,0.074873074889183
123,Supervised Latent Neural Operator Corrector,5,30,4325.57958984375,0.0,0.074873074889183
123,TD3 from scratch,5,30,4334.46240234375,0.0,0.074873074889183
123,TD3+BC,5,30,4325.57958984375,0.0,0.074873074889183
123,Full RL Neural Operator Solver,5,30,4325.57958984375,0.0,0.074873074889183
123,Gradient baseline,5,30,4144.5283203125,0.0,0.074873074889183
123,PINN-style baseline,5,30,4409.798828125,0.0,0.074873074889183
123,Base FNO Initializer,5,31,1377.8133544921875,0.0,0.0
123,Supervised Latent Neural Operator Corrector,5,31,1318.5875244140625,0.0,0.0
123,TD3 from scratch,5,31,1321.2633056640625,0.0,0.0
123,TD3+BC,5,31,1318.5875244140625,0.0,0.0
123,Full RL Neural Operator Solver,5,31,1318.5875244140625,0.0,0.0
123,Gradient baseline,5,31,1309.4561767578125,0.0,0.0
123,PINN-style baseline,5,31,1375.484130859375,0.0,0.0
123,Base FNO Initializer,5,32,950.0606689453124,0.0,0.0
123,Supervised Latent Neural Operator Corrector,5,32,913.333740234375,0.0,0.0
123,TD3 from scratch,5,32,918.6845092773438,0.0,0.0
123,TD3+BC,5,32,913.333740234375,0.0,0.0
123,Full RL Neural Operator Solver,5,32,913.333740234375,0.0,0.0
123,Gradient baseline,5,32,916.1704711914062,0.0,0.0
123,PINN-style baseline,5,32,948.1470947265624,0.0,0.0
123,Base FNO Initializer,5,33,415.5193786621094,0.0,0.0
123,Supervised Latent Neural Operator Corrector,5,33,397.8270263671875,0.0,0.0
123,TD3 from scratch,5,33,403.3077697753906,0.0,0.0
123,TD3+BC,5,33,397.8270263671875,0.0,0.0
123,Full RL Neural Operator Solver,5,33,397.8270263671875,0.0,0.0
123,Gradient baseline,5,33,422.6650390625,0.0,0.0
123,PINN-style baseline,5,33,414.3404541015625,0.0,0.0
123,Base FNO Initializer,5,34,3148.310546875,0.0,0.0
123,Supervised Latent Neural Operator Corrector,5,34,3050.957763671875,0.0,0.0
123,TD3 from scratch,5,34,3060.50927734375,0.0,0.0
123,TD3+BC,5,34,3050.957763671875,0.0,0.0
123,Full RL Neural Operator Solver,5,34,3050.957763671875,0.0,0.0
123,Gradient baseline,5,34,2946.416748046875,0.0,0.0
123,PINN-style baseline,5,34,3145.0068359375,0.0,0.0
123,Base FNO Initializer,5,35,606.7264404296875,0.0,0.0
123,Supervised Latent Neural Operator Corrector,5,35,583.0631713867188,0.0,0.0
123,TD3 from scratch,5,35,589.300048828125,0.0,0.0
123,TD3+BC,5,35,583.0631713867188,0.0,0.0
123,Full RL Neural Operator Solver,5,35,583.0631713867188,0.0,0.0
123,Gradient baseline,5,35,600.0176391601562,0.0,0.0
123,PINN-style baseline,5,35,605.2507934570312,0.0,0.0
123,Base FNO Initializer,10,0,50.71394348144531,0.0,0.0
123,Supervised Latent Neural Operator Corrector,10,0,47.87668991088867,0.0,0.0
123,TD3 from scratch,10,0,48.37663650512695,0.0,0.0
123,TD3+BC,10,0,47.87668991088867,0.0,0.0
123,Full RL Neural Operator Solver,10,0,47.87668991088867,0.0,0.0
123,Gradient baseline,10,0,78.55017852783203,0.0,0.0
123,PINN-style baseline,10,0,49.86832046508789,0.0,0.0
123,Base FNO Initializer,10,1,4717.8603515625,0.0,0.1724791526794433
123,Supervised Latent Neural Operator Corrector,10,1,4644.82421875,0.0,0.1724791526794433
123,TD3 from scratch,10,1,4656.3916015625,0.0,0.1724791526794433
123,TD3+BC,10,1,4644.82421875,0.0,0.1724791526794433
123,Full RL Neural Operator Solver,10,1,4644.82421875,0.0,0.1724791526794433
123,Gradient baseline,10,1,4373.0283203125,0.0,0.1724791526794433
123,PINN-style baseline,10,1,4710.47216796875,0.0,0.1724791526794433
123,Base FNO Initializer,10,2,3434.240234375,0.0,0.0
123,Supervised Latent Neural Operator Corrector,10,2,3353.97021484375,0.0,0.0
123,TD3 from scratch,10,2,3362.82373046875,0.0,0.0
123,TD3+BC,10,2,3353.97021484375,0.0,0.0
123,Full RL Neural Operator Solver,10,2,3353.97021484375,0.0,0.0
123,Gradient baseline,10,2,3176.393798828125,0.0,0.0
123,PINN-style baseline,10,2,3427.510009765625,0.0,0.0
123,Base FNO Initializer,10,3,256.76873779296875,0.0,0.0
123,Supervised Latent Neural Operator Corrector,10,3,245.80638122558597,0.0,0.0
123,TD3 from scratch,10,3,247.7867584228516,0.0,0.0
123,TD3+BC,10,3,245.80638122558597,0.0,0.0
123,Full RL Neural Operator Solver,10,3,245.80638122558597,0.0,0.0
123,Gradient baseline,10,3,290.6691589355469,0.0,0.0
123,PINN-style baseline,10,3,255.04835510253903,0.0,0.0
123,Base FNO Initializer,10,4,2363.30029296875,0.0,0.0
123,Supervised Latent Neural Operator Corrector,10,4,2249.940673828125,0.0,0.0
123,TD3 from scratch,10,4,2256.28271484375,0.0,0.0
123,TD3+BC,10,4,2249.940673828125,0.0,0.0
123,Full RL Neural Operator Solver,10,4,2249.940673828125,0.0,0.0
123,Gradient baseline,10,4,2192.21337890625,0.0,0.0
123,PINN-style baseline,10,4,2357.42626953125,0.0,0.0
123,Base FNO Initializer,10,5,900.6553955078125,0.0,0.0
123,Supervised Latent Neural Operator Corrector,10,5,872.2681274414062,0.0,0.0
123,TD3 from scratch,10,5,871.7592163085938,0.0,0.0
123,TD3+BC,10,5,872.2681274414062,0.0,0.0
123,Full RL Neural Operator Solver,10,5,872.2681274414062,0.0,0.0
123,Gradient baseline,10,5,874.4718017578125,0.0,0.0
123,PINN-style baseline,10,5,897.013671875,0.0,0.0
123,Base FNO Initializer,10,6,1157.4156494140625,0.0,0.0
123,Supervised Latent Neural Operator Corrector,10,6,1115.16845703125,0.0,0.0
123,TD3 from scratch,10,6,1111.9202880859375,0.0,0.0
123,TD3+BC,10,6,1115.16845703125,0.0,0.0
123,Full RL Neural Operator Solver,10,6,1115.16845703125,0.0,0.0
123,Gradient baseline,10,6,1101.731689453125,0.0,0.0
123,PINN-style baseline,10,6,1153.23681640625,0.0,0.0
123,Base FNO Initializer,10,7,155.207275390625,0.0,0.0
123,Supervised Latent Neural Operator Corrector,10,7,148.20223999023438,0.0,0.0
123,TD3 from scratch,10,7,149.45925903320312,0.0,0.0
123,TD3+BC,10,7,148.20223999023438,0.0,0.0
123,Full RL Neural Operator Solver,10,7,148.20223999023438,0.0,0.0
123,Gradient baseline,10,7,186.7096710205078,0.0,0.0
123,PINN-style baseline,10,7,153.9054718017578,0.0,0.0
123,Base FNO Initializer,10,8,1755.0106201171875,0.0,0.0
123,Supervised Latent Neural Operator Corrector,10,8,1669.5152587890625,0.0,0.0
123,TD3 from scratch,10,8,1661.72900390625,0.0,0.0
123,TD3+BC,10,8,1669.5152587890625,0.0,0.0
123,Full RL Neural Operator Solver,10,8,1669.5152587890625,0.0,0.0
123,Gradient baseline,10,8,1637.396240234375,0.0,0.0
123,PINN-style baseline,10,8,1749.8839111328125,0.0,0.0
123,Base FNO Initializer,10,9,469.538818359375,0.0,0.0
123,Supervised Latent Neural Operator Corrector,10,9,452.8430786132813,0.0,0.0
123,TD3 from scratch,10,9,456.05377197265625,0.0,0.0
123,TD3+BC,10,9,452.8430786132813,0.0,0.0
123,Full RL Neural Operator Solver,10,9,452.8430786132813,0.0,0.0
123,Gradient baseline,10,9,491.6262817382813,0.0,0.0
123,PINN-style baseline,10,9,467.080078125,0.0,0.0
123,Base FNO Initializer,10,10,1321.5069580078125,0.0,0.0
123,Supervised Latent Neural Operator Corrector,10,10,1268.646240234375,0.0,0.0
123,TD3 from scratch,10,10,1263.19384765625,0.0,0.0
123,TD3+BC,10,10,1268.646240234375,0.0,0.0
123,Full RL Neural Operator Solver,10,10,1268.646240234375,0.0,0.0
123,Gradient baseline,10,10,1247.34228515625,0.0,0.0
123,PINN-style baseline,10,10,1317.0438232421875,0.0,0.0
123,Base FNO Initializer,10,11,4027.326904296875,0.0,0.0109253209084272
123,Supervised Latent Neural Operator Corrector,10,11,3951.137451171875,0.0,0.0109253209084272
123,TD3 from scratch,10,11,3961.519287109375,0.0,0.0109253209084272
123,TD3+BC,10,11,3951.137451171875,0.0,0.0109253209084272
123,Full RL Neural Operator Solver,10,11,3951.137451171875,0.0,0.0109253209084272
123,Gradient baseline,10,11,3722.489501953125,0.0,0.0109253209084272
123,PINN-style baseline,10,11,4020.252197265625,0.0,0.0109253209084272
123,Base FNO Initializer,10,12,433.1890258789063,0.0,0.0
123,Supervised Latent Neural Operator Corrector,10,12,417.2212524414063,0.0,0.0
123,TD3 from scratch,10,12,420.3566284179688,0.0,0.0
123,TD3+BC,10,12,417.2212524414063,0.0,0.0
123,Full RL Neural Operator Solver,10,12,417.2212524414063,0.0,0.0
123,Gradient baseline,10,12,457.6670227050781,0.0,0.0
123,PINN-style baseline,10,12,430.8462524414063,0.0,0.0
123,Base FNO Initializer,10,13,3397.77001953125,0.0,0.0
123,Supervised Latent Neural Operator Corrector,10,13,3316.684326171875,0.0,0.0
123,TD3 from scratch,10,13,3325.61181640625,0.0,0.0
123,TD3+BC,10,13,3316.684326171875,0.0,0.0
123,Full RL Neural Operator Solver,10,13,3316.684326171875,0.0,0.0
123,Gradient baseline,10,13,3142.976806640625,0.0,0.0
123,PINN-style baseline,10,13,3391.0712890625,0.0,0.0
123,Base FNO Initializer,10,14,507.2059326171875,0.0,0.0
123,Supervised Latent Neural Operator Corrector,10,14,489.73583984375,0.0,0.0
123,TD3 from scratch,10,14,492.9150695800781,0.0,0.0
123,TD3+BC,10,14,489.73583984375,0.0,0.0
123,Full RL Neural Operator Solver,10,14,489.73583984375,0.0,0.0
123,Gradient baseline,10,14,522.4119262695312,0.0,0.0
123,PINN-style baseline,10,14,504.6215515136719,0.0,0.0
123,Base FNO Initializer,10,15,3361.285888671875,0.0,0.0
123,Supervised Latent Neural Operator Corrector,10,15,3279.80615234375,0.0,0.0
123,TD3 from scratch,10,15,3288.779296875,0.0,0.0
123,TD3+BC,10,15,3279.80615234375,0.0,0.0
123,Full RL Neural Operator Solver,10,15,3279.80615234375,0.0,0.0
123,Gradient baseline,10,15,3108.420654296875,0.0,0.0
123,PINN-style baseline,10,15,3354.619873046875,0.0,0.0
123,Base FNO Initializer,10,16,34.1541748046875,0.0,0.0
123,Supervised Latent Neural Operator Corrector,10,16,31.81416702270508,0.0,0.0
123,TD3 from scratch,10,16,32.20806884765625,0.0,0.0
123,TD3+BC,10,16,31.81416702270508,0.0,0.0
123,Full RL Neural Operator Solver,10,16,31.81416702270508,0.0,0.0
123,Gradient baseline,10,16,64.86782836914062,0.0,0.0
123,PINN-style baseline,10,16,33.390323638916016,0.0,0.0
123,Base FNO Initializer,10,17,3879.35302734375,0.0,0.0025597009807825
123,Supervised Latent Neural Operator Corrector,10,17,3802.5966796875,0.0,0.0025597009807825
123,TD3 from scratch,10,17,3812.533447265625,0.0,0.0025597009807825
123,TD3+BC,10,17,3802.5966796875,0.0,0.0025597009807825
123,Full RL Neural Operator Solver,10,17,3802.5966796875,0.0,0.0025597009807825
123,Gradient baseline,10,17,3584.575927734375,0.0,0.0025597009807825
123,PINN-style baseline,10,17,3872.3515625,0.0,0.0025597009807825
123,Base FNO Initializer,10,18,9.590410232543944,0.0,0.0
123,Supervised Latent Neural Operator Corrector,10,18,7.888857364654541,0.0,0.0
123,TD3 from scratch,10,18,8.033385276794434,0.0,0.0
123,TD3+BC,10,18,7.888857364654541,0.0,0.0
123,Full RL Neural Operator Solver,10,18,7.888857364654541,0.0,0.0
123,Gradient baseline,10,18,36.22172927856445,0.0,0.0
123,PINN-style baseline,10,18,8.970091819763184,0.0,0.0
123,Base FNO Initializer,10,19,316.1559753417969,0.0,0.0
123,Supervised Latent Neural Operator Corrector,10,19,303.2631225585937,0.0,0.0
123,TD3 from scratch,10,19,305.6383972167969,0.0,0.0
123,TD3+BC,10,19,303.2631225585937,0.0,0.0
123,Full RL Neural Operator Solver,10,19,303.2631225585937,0.0,0.0
123,Gradient baseline,10,19,346.61358642578125,0.0,0.0
123,PINN-style baseline,10,19,314.2188415527344,0.0,0.0
123,Base FNO Initializer,10,20,398.15570068359375,0.0,0.0
123,Supervised Latent Neural Operator Corrector,10,20,382.9555358886719,0.0,0.0
123,TD3 from scratch,10,20,385.90142822265625,0.0,0.0
123,TD3+BC,10,20,382.9555358886719,0.0,0.0
123,Full RL Neural Operator Solver,10,20,382.9555358886719,0.0,0.0
123,Gradient baseline,10,20,424.1941833496094,0.0,0.0
123,PINN-style baseline,10,20,395.9267578125,0.0,0.0
123,Base FNO Initializer,10,21,1025.946533203125,0.0,0.0
123,Supervised Latent Neural Operator Corrector,10,21,991.376953125,0.0,0.0
123,TD3 from scratch,10,21,989.6287231445312,0.0,0.0
123,TD3+BC,10,21,991.376953125,0.0,0.0
123,Full RL Neural Operator Solver,10,21,991.376953125,0.0,0.0
123,Gradient baseline,10,21,984.523193359375,0.0,0.0
123,PINN-style baseline,10,21,1022.0365600585938,0.0,0.0
123,Base FNO Initializer,10,22,178.32394409179688,0.0,0.0
123,Supervised Latent Neural Operator Corrector,10,22,170.37120056152344,0.0,0.0
123,TD3 from scratch,10,22,171.80116271972656,0.0,0.0
123,TD3+BC,10,22,170.37120056152344,0.0,0.0
123,Full RL Neural Operator Solver,10,22,170.37120056152344,0.0,0.0
123,Gradient baseline,10,22,213.08506774902344,0.0,0.0
123,PINN-style baseline,10,22,176.9227752685547,0.0,0.0
123,Base FNO Initializer,10,23,3545.475830078125,0.0,0.0
123,Supervised Latent Neural Operator Corrector,10,23,3466.5830078125,0.0,0.0
123,TD3 from scratch,10,23,3475.421142578125,0.0,0.0
123,TD3+BC,10,23,3466.5830078125,0.0,0.0
123,Full RL Neural Operator Solver,10,23,3466.5830078125,0.0,0.0
123,Gradient baseline,10,23,3278.46533203125,0.0,0.0
123,PINN-style baseline,10,23,3538.68408203125,0.0,0.0
123,Base FNO Initializer,10,24,300.7703552246094,0.0,0.0
123,Supervised Latent Neural Operator Corrector,10,24,288.3673095703125,0.0,0.0
123,TD3 from scratch,10,24,290.6468811035156,0.0,0.0
123,TD3+BC,10,24,288.3673095703125,0.0,0.0
123,Full RL Neural Operator Solver,10,24,288.3673095703125,0.0,0.0
123,Gradient baseline,10,24,334.3817138671875,0.0,0.0
123,PINN-style baseline,10,24,298.8902587890625,0.0,0.0
123,Base FNO Initializer,10,25,713.872314453125,0.0,0.0
123,Supervised Latent Neural Operator Corrector,10,25,692.2885131835938,0.0,0.0
123,TD3 from scratch,10,25,693.7379760742188,0.0,0.0
123,TD3+BC,10,25,692.2885131835938,0.0,0.0
123,Full RL Neural Operator Solver,10,25,692.2885131835938,0.0,0.0
123,Gradient baseline,10,25,706.935546875,0.0,0.0
123,PINN-style baseline,10,25,710.7056274414062,0.0,0.0
123,Base FNO Initializer,10,26,1814.75146484375,0.0,0.0
123,Supervised Latent Neural Operator Corrector,10,26,1724.5274658203125,0.0,0.0
123,TD3 from scratch,10,26,1717.3203125,0.0,0.0
123,TD3+BC,10,26,1724.5274658203125,0.0,0.0
123,Full RL Neural Operator Solver,10,26,1724.5274658203125,0.0,0.0
123,Gradient baseline,10,26,1692.9449462890625,0.0,0.0
123,PINN-style baseline,10,26,1809.5440673828125,0.0,0.0
123,Base FNO Initializer,10,27,451.33148193359375,0.0,0.0
123,Supervised Latent Neural Operator Corrector,10,27,434.8742065429688,0.0,0.0
123,TD3 from scratch,10,27,438.0949401855469,0.0,0.0
123,TD3+BC,10,27,434.8742065429688,0.0,0.0
123,Full RL Neural Operator Solver,10,27,434.8742065429688,0.0,0.0
123,Gradient baseline,10,27,473.3553161621094,0.0,0.0
123,PINN-style baseline,10,27,448.9293518066406,0.0,0.0
123,Base FNO Initializer,10,28,546.108642578125,0.0,0.0
123,Supervised Latent Neural Operator Corrector,10,28,527.9346923828125,0.0,0.0
123,TD3 from scratch,10,28,531.0018920898438,0.0,0.0
123,TD3+BC,10,28,527.9346923828125,0.0,0.0
123,Full RL Neural Operator Solver,10,28,527.9346923828125,0.0,0.0
123,Gradient baseline,10,28,559.2117919921875,0.0,0.0
123,PINN-style baseline,10,28,543.4070434570312,0.0,0.0
123,Base FNO Initializer,10,29,2777.85302734375,0.0,0.0
123,Supervised Latent Neural Operator Corrector,10,29,2676.810546875,0.0,0.0
123,TD3 from scratch,10,29,2690.322509765625,0.0,0.0
123,TD3+BC,10,29,2676.810546875,0.0,0.0
123,Full RL Neural Operator Solver,10,29,2676.810546875,0.0,0.0
123,Gradient baseline,10,29,2569.8056640625,0.0,0.0
123,PINN-style baseline,10,29,2771.611083984375,0.0,0.0
123,Base FNO Initializer,10,30,4413.47509765625,0.0,0.074873074889183
123,Supervised Latent Neural Operator Corrector,10,30,4338.78759765625,0.0,0.074873074889183
123,TD3 from scratch,10,30,4350.14111328125,0.0,0.074873074889183
123,TD3+BC,10,30,4338.78759765625,0.0,0.074873074889183
123,Full RL Neural Operator Solver,10,30,4338.78759765625,0.0,0.074873074889183
123,Gradient baseline,10,30,4087.017333984375,0.0,0.074873074889183
123,PINN-style baseline,10,30,4406.21435546875,0.0,0.074873074889183
123,Base FNO Initializer,10,31,1377.8133544921875,0.0,0.0
123,Supervised Latent Neural Operator Corrector,10,31,1320.8052978515625,0.0,0.0
123,TD3 from scratch,10,31,1314.6630859375,0.0,0.0
123,TD3+BC,10,31,1320.8052978515625,0.0,0.0
123,Full RL Neural Operator Solver,10,31,1320.8052978515625,0.0,0.0
123,Gradient baseline,10,31,1295.3392333984375,0.0,0.0
123,PINN-style baseline,10,31,1373.2457275390625,0.0,0.0
123,Base FNO Initializer,10,32,950.0606689453124,0.0,0.0
123,Supervised Latent Neural Operator Corrector,10,32,919.394775390625,0.0,0.0
123,TD3 from scratch,10,32,918.4563598632812,0.0,0.0
123,TD3+BC,10,32,919.394775390625,0.0,0.0
123,Full RL Neural Operator Solver,10,32,919.394775390625,0.0,0.0
123,Gradient baseline,10,32,917.0482788085938,0.0,0.0
123,PINN-style baseline,10,32,946.3190307617188,0.0,0.0
123,Base FNO Initializer,10,33,415.5193786621094,0.0,0.0
123,Supervised Latent Neural Operator Corrector,10,33,399.925537109375,0.0,0.0
123,TD3 from scratch,10,33,402.9675598144531,0.0,0.0
123,TD3+BC,10,33,399.925537109375,0.0,0.0
123,Full RL Neural Operator Solver,10,33,399.925537109375,0.0,0.0
123,Gradient baseline,10,33,440.8488159179688,0.0,0.0
123,PINN-style baseline,10,33,413.2364807128906,0.0,0.0
123,Base FNO Initializer,10,34,3148.310546875,0.0,0.0
123,Supervised Latent Neural Operator Corrector,10,34,3061.664306640625,0.0,0.0
123,TD3 from scratch,10,34,3072.235595703125,0.0,0.0
123,TD3+BC,10,34,3061.664306640625,0.0,0.0
123,Full RL Neural Operator Solver,10,34,3061.664306640625,0.0,0.0
123,Gradient baseline,10,34,2911.151123046875,0.0,0.0
123,PINN-style baseline,10,34,3141.79736328125,0.0,0.0
123,Base FNO Initializer,10,35,606.7264404296875,0.0,0.0
123,Supervised Latent Neural Operator Corrector,10,35,587.5158081054688,0.0,0.0
123,TD3 from scratch,10,35,590.127197265625,0.0,0.0
123,TD3+BC,10,35,587.5158081054688,0.0,0.0
123,Full RL Neural Operator Solver,10,35,587.5158081054688,0.0,0.0
123,Gradient baseline,10,35,613.4887084960938,0.0,0.0
123,PINN-style baseline,10,35,603.854736328125,0.0,0.0
2026,Base FNO Initializer,1,0,77.22695922851562,0.0,0.0
2026,Supervised Latent Neural Operator Corrector,1,0,73.00881958007812,0.0,0.0
2026,TD3 from scratch,1,0,74.62360382080078,0.0,0.0
2026,TD3+BC,1,0,73.00881958007812,0.0,0.0
2026,Full RL Neural Operator Solver,1,0,73.00881958007812,0.0,0.0
2026,Gradient baseline,1,0,84.92711639404297,0.0,0.0
2026,PINN-style baseline,1,0,77.03887176513672,0.0,0.0
2026,Base FNO Initializer,1,1,4961.49072265625,0.0,0.1724791526794433
2026,Supervised Latent Neural Operator Corrector,1,1,4962.3232421875,0.0,0.1724791526794433
2026,TD3 from scratch,1,1,4961.0947265625,0.0,0.1724791526794433
2026,TD3+BC,1,1,4962.3232421875,0.0,0.1724791526794433
2026,Full RL Neural Operator Solver,1,1,4962.3232421875,0.0,0.1724791526794433
2026,Gradient baseline,1,1,4822.25634765625,0.0,0.1724791526794433
2026,PINN-style baseline,1,1,4960.60400390625,0.0,0.1724791526794433
2026,Base FNO Initializer,1,2,3520.406494140625,0.0,0.0
2026,Supervised Latent Neural Operator Corrector,1,2,3507.706787109375,0.0,0.0
2026,TD3 from scratch,1,2,3501.9892578125,0.0,0.0
2026,TD3+BC,1,2,3507.706787109375,0.0,0.0
2026,Full RL Neural Operator Solver,1,2,3507.706787109375,0.0,0.0
2026,Gradient baseline,1,2,3385.48486328125,0.0,0.0
2026,PINN-style baseline,1,2,3519.566162109375,0.0,0.0
2026,Base FNO Initializer,1,3,294.1512145996094,0.0,0.0
2026,Supervised Latent Neural Operator Corrector,1,3,283.3308410644531,0.0,0.0
2026,TD3 from scratch,1,3,286.3175964355469,0.0,0.0
2026,TD3+BC,1,3,283.3308410644531,0.0,0.0
2026,Full RL Neural Operator Solver,1,3,283.3308410644531,0.0,0.0
2026,Gradient baseline,1,3,275.9891357421875,0.0,0.0
2026,PINN-style baseline,1,3,293.83807373046875,0.0,0.0
2026,Base FNO Initializer,1,4,2361.033203125,0.0,0.0
2026,Supervised Latent Neural Operator Corrector,1,4,2322.544921875,0.0,0.0
2026,TD3 from scratch,1,4,2319.35400390625,0.0,0.0
2026,TD3+BC,1,4,2322.544921875,0.0,0.0
2026,Full RL Neural Operator Solver,1,4,2322.544921875,0.0,0.0
2026,Gradient baseline,1,4,2243.944580078125,0.0,0.0
2026,PINN-style baseline,1,4,2360.284912109375,0.0,0.0
2026,Base FNO Initializer,1,5,910.9425048828124,0.0,0.0
2026,Supervised Latent Neural Operator Corrector,1,5,891.65625,0.0,0.0
2026,TD3 from scratch,1,5,890.2843017578125,0.0,0.0
2026,TD3+BC,1,5,891.65625,0.0,0.0
2026,Full RL Neural Operator Solver,1,5,891.65625,0.0,0.0
2026,Gradient baseline,1,5,853.1893310546875,0.0,0.0
2026,PINN-style baseline,1,5,910.4365234375,0.0,0.0
2026,Base FNO Initializer,1,6,1160.6124267578125,0.0,0.0
2026,Supervised Latent Neural Operator Corrector,1,6,1136.7769775390625,0.0,0.0
2026,TD3 from scratch,1,6,1134.57421875,0.0,0.0
2026,TD3+BC,1,6,1136.7769775390625,0.0,0.0
2026,Full RL Neural Operator Solver,1,6,1136.7769775390625,0.0,0.0
2026,Gradient baseline,1,6,1089.783447265625,0.0,0.0
2026,PINN-style baseline,1,6,1160.0535888671875,0.0,0.0
2026,Base FNO Initializer,1,7,194.40744018554688,0.0,0.0
2026,Supervised Latent Neural Operator Corrector,1,7,186.11383056640625,0.0,0.0
2026,TD3 from scratch,1,7,188.7766876220703,0.0,0.0
2026,TD3+BC,1,7,186.11383056640625,0.0,0.0
2026,Full RL Neural Operator Solver,1,7,186.11383056640625,0.0,0.0
2026,Gradient baseline,1,7,186.13414001464844,0.0,0.0
2026,PINN-style baseline,1,7,194.14041137695312,0.0,0.0
2026,Base FNO Initializer,1,8,1748.02587890625,0.0,0.0
2026,Supervised Latent Neural Operator Corrector,1,8,1710.5421142578125,0.0,0.0
2026,TD3 from scratch,1,8,1710.6883544921875,0.0,0.0
2026,TD3+BC,1,8,1710.5421142578125,0.0,0.0
2026,Full RL Neural Operator Solver,1,8,1710.5421142578125,0.0,0.0
2026,Gradient baseline,1,8,1649.69677734375,0.0,0.0
2026,PINN-style baseline,1,8,1747.360595703125,0.0,0.0
2026,Base FNO Initializer,1,9,496.7232666015625,0.0,0.0
2026,Supervised Latent Neural Operator Corrector,1,9,482.9396362304688,0.0,0.0
2026,TD3 from scratch,1,9,485.0096740722656,0.0,0.0
2026,TD3+BC,1,9,482.9396362304688,0.0,0.0
2026,Full RL Neural Operator Solver,1,9,482.9396362304688,0.0,0.0
2026,Gradient baseline,1,9,462.4953918457031,0.0,0.0
2026,PINN-style baseline,1,9,496.3369140625,0.0,0.0
2026,Base FNO Initializer,1,10,1321.0537109375,0.0,0.0
2026,Supervised Latent Neural Operator Corrector,1,10,1293.970703125,0.0,0.0
2026,TD3 from scratch,1,10,1291.928466796875,0.0,0.0
2026,TD3+BC,1,10,1293.970703125,0.0,0.0
2026,Full RL Neural Operator Solver,1,10,1293.970703125,0.0,0.0
2026,Gradient baseline,1,10,1241.8834228515625,0.0,0.0
2026,PINN-style baseline,1,10,1320.462890625,0.0,0.0
2026,Base FNO Initializer,1,11,4186.81201171875,0.0,0.0109253209084272
2026,Supervised Latent Neural Operator Corrector,1,11,4181.96826171875,0.0,0.0109253209084272
2026,TD3 from scratch,1,11,4178.95068359375,0.0,0.0109253209084272
2026,TD3+BC,1,11,4181.96826171875,0.0,0.0109253209084272
2026,Full RL Neural Operator Solver,1,11,4181.96826171875,0.0,0.0109253209084272
2026,Gradient baseline,1,11,4049.546142578125,0.0,0.0109253209084272
2026,PINN-style baseline,1,11,4185.94580078125,0.0,0.0109253209084272
2026,Base FNO Initializer,1,12,462.10546875,0.0,0.0
2026,Supervised Latent Neural Operator Corrector,1,12,448.7366027832031,0.0,0.0
2026,TD3 from scratch,1,12,451.0629577636719,0.0,0.0
2026,TD3+BC,1,12,448.7366027832031,0.0,0.0
2026,Full RL Neural Operator Solver,1,12,448.7366027832031,0.0,0.0
2026,Gradient baseline,1,12,430.4749145507813,0.0,0.0
2026,PINN-style baseline,1,12,461.73236083984375,0.0,0.0
2026,Base FNO Initializer,1,13,3479.369873046875,0.0,0.0
2026,Supervised Latent Neural Operator Corrector,1,13,3465.982421875,0.0,0.0
2026,TD3 from scratch,1,13,3460.06201171875,0.0,0.0
2026,TD3+BC,1,13,3465.982421875,0.0,0.0
2026,Full RL Neural Operator Solver,1,13,3465.982421875,0.0,0.0
2026,Gradient baseline,1,13,3344.83935546875,0.0,0.0
2026,PINN-style baseline,1,13,3478.5322265625,0.0,0.0
2026,Base FNO Initializer,1,14,532.4896240234375,0.0,0.0
2026,Supervised Latent Neural Operator Corrector,1,14,518.3573608398438,0.0,0.0
2026,TD3 from scratch,1,14,520.1075439453125,0.0,0.0
2026,TD3+BC,1,14,518.3573608398438,0.0,0.0
2026,Full RL Neural Operator Solver,1,14,518.3573608398438,0.0,0.0
2026,Gradient baseline,1,14,496.0216979980469,0.0,0.0
2026,PINN-style baseline,1,14,532.0926513671875,0.0,0.0
2026,Base FNO Initializer,1,15,3438.782958984375,0.0,0.0
2026,Supervised Latent Neural Operator Corrector,1,15,3424.6689453125,0.0,0.0
2026,TD3 from scratch,1,15,3418.57373046875,0.0,0.0
2026,TD3+BC,1,15,3424.6689453125,0.0,0.0
2026,Full RL Neural Operator Solver,1,15,3424.6689453125,0.0,0.0
2026,Gradient baseline,1,15,3304.548095703125,0.0,0.0
2026,PINN-style baseline,1,15,3437.946533203125,0.0,0.0
2026,Base FNO Initializer,1,16,53.832645416259766,0.0,0.0
2026,Supervised Latent Neural Operator Corrector,1,16,50.31657028198242,0.0,0.0
2026,TD3 from scratch,1,16,51.93653869628906,0.0,0.0
2026,TD3+BC,1,16,50.31657028198242,0.0,0.0
2026,Full RL Neural Operator Solver,1,16,50.31657028198242,0.0,0.0
2026,Gradient baseline,1,16,69.30992889404297,0.0,0.0
2026,PINN-style baseline,1,16,53.665287017822266,0.0,0.0
2026,Base FNO Initializer,1,17,4021.540283203125,0.0,0.0025597009807825
2026,Supervised Latent Neural Operator Corrector,1,17,4015.292724609375,0.0,0.0025597009807825
2026,TD3 from scratch,1,17,4011.727294921875,0.0,0.0025597009807825
2026,TD3+BC,1,17,4015.292724609375,0.0,0.0025597009807825
2026,Full RL Neural Operator Solver,1,17,4015.292724609375,0.0,0.0025597009807825
2026,Gradient baseline,1,17,3884.579833984375,0.0,0.0025597009807825
2026,PINN-style baseline,1,17,4020.68115234375,0.0,0.0025597009807825
2026,Base FNO Initializer,1,18,12.80700397491455,0.0,0.0
2026,Supervised Latent Neural Operator Corrector,1,18,11.097412109375,0.0,0.0
2026,TD3 from scratch,1,18,12.006366729736328,0.0,0.0
2026,TD3+BC,1,18,11.097412109375,0.0,0.0
2026,Full RL Neural Operator Solver,1,18,11.097412109375,0.0,0.0
2026,Gradient baseline,1,18,55.22593688964844,0.0,0.0
2026,PINN-style baseline,1,18,12.7041015625,0.0,0.0
2026,Base FNO Initializer,1,19,351.0114440917969,0.0,0.0
2026,Supervised Latent Neural Operator Corrector,1,19,339.1625061035156,0.0,0.0
2026,TD3 from scratch,1,19,342.0434265136719,0.0,0.0
2026,TD3+BC,1,19,339.1625061035156,0.0,0.0
2026,Full RL Neural Operator Solver,1,19,339.1625061035156,0.0,0.0
2026,Gradient baseline,1,19,327.8486633300781,0.0,0.0
2026,PINN-style baseline,1,19,350.675537109375,0.0,0.0
2026,Base FNO Initializer,1,20,428.7239685058594,0.0,0.0
2026,Supervised Latent Neural Operator Corrector,1,20,415.7769165039063,0.0,0.0
2026,TD3 from scratch,1,20,418.3147583007813,0.0,0.0
2026,TD3+BC,1,20,415.7769165039063,0.0,0.0
2026,Full RL Neural Operator Solver,1,20,415.7769165039063,0.0,0.0
2026,Gradient baseline,1,20,399.6528930664063,0.0,0.0
2026,PINN-style baseline,1,20,428.3616333007813,0.0,0.0
2026,Base FNO Initializer,1,21,1032.7574462890625,0.0,0.0
2026,Supervised Latent Neural Operator Corrector,1,21,1011.2979736328124,0.0,0.0
2026,TD3 from scratch,1,21,1009.3961791992188,0.0,0.0
2026,TD3+BC,1,21,1011.2979736328124,0.0,0.0
2026,Full RL Neural Operator Solver,1,21,1011.2979736328124,0.0,0.0
2026,Gradient baseline,1,21,968.90185546875,0.0,0.0
2026,PINN-style baseline,1,21,1032.22509765625,0.0,0.0
2026,Base FNO Initializer,1,22,217.69081115722656,0.0,0.0
2026,Supervised Latent Neural Operator Corrector,1,22,208.7025909423828,0.0,0.0
2026,TD3 from scratch,1,22,211.52609252929688,0.0,0.0
2026,TD3+BC,1,22,208.7025909423828,0.0,0.0
2026,Full RL Neural Operator Solver,1,22,208.7025909423828,0.0,0.0
2026,Gradient baseline,1,22,206.99632263183597,0.0,0.0
2026,PINN-style baseline,1,22,217.410888671875,0.0,0.0
2026,Base FNO Initializer,1,23,3646.118408203125,0.0,0.0
2026,Supervised Latent Neural Operator Corrector,1,23,3635.39208984375,0.0,0.0
2026,TD3 from scratch,1,23,3630.246826171875,0.0,0.0
2026,TD3+BC,1,23,3635.39208984375,0.0,0.0
2026,Full RL Neural Operator Solver,1,23,3635.39208984375,0.0,0.0
2026,Gradient baseline,1,23,3510.059814453125,0.0,0.0
2026,PINN-style baseline,1,23,3645.271240234375,0.0,0.0
2026,Base FNO Initializer,1,24,336.3220520019531,0.0,0.0
2026,Supervised Latent Neural Operator Corrector,1,24,324.7347106933594,0.0,0.0
2026,TD3 from scratch,1,24,327.6477355957031,0.0,0.0
2026,TD3+BC,1,24,324.7347106933594,0.0,0.0
2026,Full RL Neural Operator Solver,1,24,324.7347106933594,0.0,0.0
2026,Gradient baseline,1,24,314.4717102050781,0.0,0.0
2026,PINN-style baseline,1,24,335.9915466308594,0.0,0.0
2026,Base FNO Initializer,1,25,730.4130249023438,0.0,0.0
2026,Supervised Latent Neural Operator Corrector,1,25,714.0338745117188,0.0,0.0
2026,TD3 from scratch,1,25,713.9180297851562,0.0,0.0
2026,TD3+BC,1,25,714.0338745117188,0.0,0.0
2026,Full RL Neural Operator Solver,1,25,714.0338745117188,0.0,0.0
2026,Gradient baseline,1,25,682.378173828125,0.0,0.0
2026,PINN-style baseline,1,25,729.9560546875,0.0,0.0
2026,Base FNO Initializer,1,26,1806.6959228515625,0.0,0.0
2026,Supervised Latent Neural Operator Corrector,1,26,1768.2652587890625,0.0,0.0
2026,TD3 from scratch,1,26,1768.4056396484375,0.0,0.0
2026,TD3+BC,1,26,1768.2652587890625,0.0,0.0
2026,Full RL Neural Operator Solver,1,26,1768.2652587890625,0.0,0.0
2026,Gradient baseline,1,26,1706.363525390625,0.0,0.0
2026,PINN-style baseline,1,26,1806.0242919921875,0.0,0.0
2026,Base FNO Initializer,1,27,479.3251037597656,0.0,0.0
2026,Supervised Latent Neural Operator Corrector,1,27,465.7401428222656,0.0,0.0
2026,TD3 from scratch,1,27,467.93890380859375,0.0,0.0
2026,TD3+BC,1,27,465.7401428222656,0.0,0.0
2026,Full RL Neural Operator Solver,1,27,465.7401428222656,0.0,0.0
2026,Gradient baseline,1,27,446.42681884765625,0.0,0.0
2026,PINN-style baseline,1,27,478.9457702636719,0.0,0.0
2026,Base FNO Initializer,1,28,569.5819091796875,0.0,0.0
2026,Supervised Latent Neural Operator Corrector,1,28,555.0712890625,0.0,0.0
2026,TD3 from scratch,1,28,556.4688110351562,0.0,0.0
2026,TD3+BC,1,28,555.0712890625,0.0,0.0
2026,Full RL Neural Operator Solver,1,28,555.0712890625,0.0,0.0
2026,Gradient baseline,1,28,530.5938720703125,0.0,0.0
2026,PINN-style baseline,1,28,569.1725463867188,0.0,0.0
2026,Base FNO Initializer,1,29,2797.421142578125,0.0,0.0
2026,Supervised Latent Neural Operator Corrector,1,29,2769.0869140625,0.0,0.0
2026,TD3 from scratch,1,29,2762.08544921875,0.0,0.0
2026,TD3+BC,1,29,2769.0869140625,0.0,0.0
2026,Full RL Neural Operator Solver,1,29,2769.0869140625,0.0,0.0
2026,Gradient baseline,1,29,2671.64111328125,0.0,0.0
2026,PINN-style baseline,1,29,2796.62939453125,0.0,0.0
2026,Base FNO Initializer,1,30,4620.02783203125,0.0,0.074873074889183
2026,Supervised Latent Neural Operator Corrector,1,30,4618.58740234375,0.0,0.074873074889183
2026,TD3 from scratch,1,30,4616.75341796875,0.0,0.074873074889183
2026,TD3+BC,1,30,4618.58740234375,0.0,0.074873074889183
2026,Full RL Neural Operator Solver,1,30,4618.58740234375,0.0,0.074873074889183
2026,Gradient baseline,1,30,4481.57568359375,0.0,0.074873074889183
2026,PINN-style baseline,1,30,4619.150390625,0.0,0.074873074889183
2026,Base FNO Initializer,1,31,1376.085693359375,0.0,0.0
2026,Supervised Latent Neural Operator Corrector,1,31,1347.7318115234375,0.0,0.0
2026,TD3 from scratch,1,31,1345.943359375,0.0,0.0
2026,TD3+BC,1,31,1347.7318115234375,0.0,0.0
2026,Full RL Neural Operator Solver,1,31,1347.7318115234375,0.0,0.0
2026,Gradient baseline,1,31,1293.991943359375,0.0,0.0
2026,PINN-style baseline,1,31,1375.484619140625,0.0,0.0
2026,Base FNO Initializer,1,32,958.6610107421876,0.0,0.0
2026,Supervised Latent Neural Operator Corrector,1,32,938.5579223632812,0.0,0.0
2026,TD3 from scratch,1,32,936.977783203125,0.0,0.0
2026,TD3+BC,1,32,938.5579223632812,0.0,0.0
2026,Full RL Neural Operator Solver,1,32,938.5579223632812,0.0,0.0
2026,Gradient baseline,1,32,898.7138061523438,0.0,0.0
2026,PINN-style baseline,1,32,958.1445922851562,0.0,0.0
2026,Base FNO Initializer,1,33,445.33599853515625,0.0,0.0
2026,Supervised Latent Neural Operator Corrector,1,33,432.1570739746094,0.0,0.0
2026,TD3 from scratch,1,33,434.6084289550781,0.0,0.0
2026,TD3+BC,1,33,432.1570739746094,0.0,0.0
2026,Full RL Neural Operator Solver,1,33,432.1570739746094,0.0,0.0
2026,Gradient baseline,1,33,414.8852233886719,0.0,0.0
2026,PINN-style baseline,1,33,444.9678955078125,0.0,0.0
2026,Base FNO Initializer,1,34,3201.56689453125,0.0,0.0
2026,Supervised Latent Neural Operator Corrector,1,34,3182.814208984375,0.0,0.0
2026,TD3 from scratch,1,34,3175.838623046875,0.0,0.0
2026,TD3+BC,1,34,3182.814208984375,0.0,0.0
2026,Full RL Neural Operator Solver,1,34,3182.814208984375,0.0,0.0
2026,Gradient baseline,1,34,3070.11181640625,0.0,0.0
2026,PINN-style baseline,1,34,3200.74365234375,0.0,0.0
2026,Base FNO Initializer,1,35,627.5787353515625,0.0,0.0
2026,Supervised Latent Neural Operator Corrector,1,35,612.4668579101562,0.0,0.0
2026,TD3 from scratch,1,35,613.3067626953125,0.0,0.0
2026,TD3+BC,1,35,612.4668579101562,0.0,0.0
2026,Full RL Neural Operator Solver,1,35,612.4668579101562,0.0,0.0
2026,Gradient baseline,1,35,584.9371948242188,0.0,0.0
2026,PINN-style baseline,1,35,627.1529541015625,0.0,0.0
2026,Base FNO Initializer,2,0,77.22695922851562,0.0,0.0
2026,Supervised Latent Neural Operator Corrector,2,0,69.31966400146484,0.0,0.0
2026,TD3 from scratch,2,0,72.55961608886719,0.0,0.0
2026,TD3+BC,2,0,69.31966400146484,0.0,0.0
2026,Full RL Neural Operator Solver,2,0,69.31966400146484,0.0,0.0
2026,Gradient baseline,2,0,96.2811508178711,0.0,0.0
2026,PINN-style baseline,2,0,76.85584259033203,0.0,0.0
2026,Base FNO Initializer,2,1,4961.49072265625,0.0,0.1724791526794433
2026,Supervised Latent Neural Operator Corrector,2,1,4963.79736328125,0.0,0.1724791526794433
2026,TD3 from scratch,2,1,4962.1015625,0.0,0.1724791526794433
2026,TD3+BC,2,1,4963.79736328125,0.0,0.1724791526794433
2026,Full RL Neural Operator Solver,2,1,4963.79736328125,0.0,0.1724791526794433
2026,Gradient baseline,2,1,4738.01220703125,0.0,0.1724791526794433
2026,PINN-style baseline,2,1,4959.7216796875,0.0,0.1724791526794433
2026,Base FNO Initializer,2,2,3520.406494140625,0.0,0.0
2026,Supervised Latent Neural Operator Corrector,2,2,3497.0712890625,0.0,0.0
2026,TD3 from scratch,2,2,3487.65771484375,0.0,0.0
2026,TD3+BC,2,2,3497.0712890625,0.0,0.0
2026,Full RL Neural Operator Solver,2,2,3497.0712890625,0.0,0.0
2026,Gradient baseline,2,2,3310.99560546875,0.0,0.0
2026,PINN-style baseline,2,2,3518.73046875,0.0,0.0
2026,Base FNO Initializer,2,3,294.1512145996094,0.0,0.0
2026,Supervised Latent Neural Operator Corrector,2,3,275.1468811035156,0.0,0.0
2026,TD3 from scratch,2,3,280.2543640136719,0.0,0.0
2026,TD3+BC,2,3,275.1468811035156,0.0,0.0
2026,Full RL Neural Operator Solver,2,3,275.1468811035156,0.0,0.0
2026,Gradient baseline,2,3,292.6732482910156,0.0,0.0
2026,PINN-style baseline,2,3,293.5301513671875,0.0,0.0
2026,Base FNO Initializer,2,4,2361.033203125,0.0,0.0
2026,Supervised Latent Neural Operator Corrector,2,4,2293.3916015625,0.0,0.0
2026,TD3 from scratch,2,4,2288.619384765625,0.0,0.0
2026,TD3+BC,2,4,2293.3916015625,0.0,0.0
2026,Full RL Neural Operator Solver,2,4,2293.3916015625,0.0,0.0
2026,Gradient baseline,2,4,2190.772216796875,0.0,0.0
2026,PINN-style baseline,2,4,2359.541259765625,0.0,0.0
2026,Base FNO Initializer,2,5,910.9425048828124,0.0,0.0
2026,Supervised Latent Neural Operator Corrector,2,5,876.7584228515625,0.0,0.0
2026,TD3 from scratch,2,5,875.22998046875,0.0,0.0
2026,TD3+BC,2,5,876.7584228515625,0.0,0.0
2026,Full RL Neural Operator Solver,2,5,876.7584228515625,0.0,0.0
2026,Gradient baseline,2,5,862.8169555664062,0.0,0.0
2026,PINN-style baseline,2,5,909.935791015625,0.0,0.0
2026,Base FNO Initializer,2,6,1160.6124267578125,0.0,0.0
2026,Supervised Latent Neural Operator Corrector,2,6,1118.3768310546875,0.0,0.0
2026,TD3 from scratch,2,6,1115.6258544921875,0.0,0.0
2026,TD3+BC,2,6,1118.3768310546875,0.0,0.0
2026,Full RL Neural Operator Solver,2,6,1118.3768310546875,0.0,0.0
2026,Gradient baseline,2,6,1087.8333740234375,0.0,0.0
2026,PINN-style baseline,2,6,1159.4996337890625,0.0,0.0
2026,Base FNO Initializer,2,7,194.40744018554688,0.0,0.0
2026,Supervised Latent Neural Operator Corrector,2,7,179.4784393310547,0.0,0.0
2026,TD3 from scratch,2,7,184.28250122070312,0.0,0.0
2026,TD3+BC,2,7,179.4784393310547,0.0,0.0
2026,Full RL Neural Operator Solver,2,7,179.4784393310547,0.0,0.0
2026,Gradient baseline,2,7,198.82351684570312,0.0,0.0
2026,PINN-style baseline,2,7,193.87831115722656,0.0,0.0
2026,Base FNO Initializer,2,8,1748.02587890625,0.0,0.0
2026,Supervised Latent Neural Operator Corrector,2,8,1683.34619140625,0.0,0.0
2026,TD3 from scratch,2,8,1683.789794921875,0.0,0.0
2026,TD3+BC,2,8,1683.34619140625,0.0,0.0
2026,Full RL Neural Operator Solver,2,8,1683.34619140625,0.0,0.0
2026,Gradient baseline,2,8,1619.0323486328125,0.0,0.0
2026,PINN-style baseline,2,8,1746.699951171875,0.0,0.0
2026,Base FNO Initializer,2,9,496.7232666015625,0.0,0.0
2026,Supervised Latent Neural Operator Corrector,2,9,472.6583557128906,0.0,0.0
2026,TD3 from scratch,2,9,476.1570739746094,0.0,0.0
2026,TD3+BC,2,9,472.6583557128906,0.0,0.0
2026,Full RL Neural Operator Solver,2,9,472.6583557128906,0.0,0.0
2026,Gradient baseline,2,9,483.4034729003906,0.0,0.0
2026,PINN-style baseline,2,9,495.9556884765625,0.0,0.0
2026,Base FNO Initializer,2,10,1321.0537109375,0.0,0.0
2026,Supervised Latent Neural Operator Corrector,2,10,1273.2945556640625,0.0,0.0
2026,TD3 from scratch,2,10,1270.719970703125,0.0,0.0
2026,TD3+BC,2,10,1273.2945556640625,0.0,0.0
2026,Full RL Neural Operator Solver,2,10,1273.2945556640625,0.0,0.0
2026,Gradient baseline,2,10,1232.0758056640625,0.0,0.0
2026,PINN-style baseline,2,10,1319.877197265625,0.0,0.0
2026,Base FNO Initializer,2,11,4186.81201171875,0.0,0.0109253209084272
2026,Supervised Latent Neural Operator Corrector,2,11,4178.18310546875,0.0,0.0109253209084272
2026,TD3 from scratch,2,11,4173.24462890625,0.0,0.0109253209084272
2026,TD3+BC,2,11,4178.18310546875,0.0,0.0109253209084272
2026,Full RL Neural Operator Solver,2,11,4178.18310546875,0.0,0.0109253209084272
2026,Gradient baseline,2,11,3969.272705078125,0.0,0.0109253209084272
2026,PINN-style baseline,2,11,4185.08447265625,0.0,0.0109253209084272
2026,Base FNO Initializer,2,12,462.10546875,0.0,0.0
2026,Supervised Latent Neural Operator Corrector,2,12,438.7901611328125,0.0,0.0
2026,TD3 from scratch,2,12,442.6886901855469,0.0,0.0
2026,TD3+BC,2,12,438.7901611328125,0.0,0.0
2026,Full RL Neural Operator Solver,2,12,438.7901611328125,0.0,0.0
2026,Gradient baseline,2,12,451.105224609375,0.0,0.0
2026,PINN-style baseline,2,12,461.3645935058594,0.0,0.0
2026,Base FNO Initializer,2,13,3479.369873046875,0.0,0.0
2026,Supervised Latent Neural Operator Corrector,2,13,3454.775634765625,0.0,0.0
2026,TD3 from scratch,2,13,3445.0517578125,0.0,0.0
2026,TD3+BC,2,13,3454.775634765625,0.0,0.0
2026,Full RL Neural Operator Solver,2,13,3454.775634765625,0.0,0.0
2026,Gradient baseline,2,13,3270.80419921875,0.0,0.0
2026,PINN-style baseline,2,13,3477.6982421875,0.0,0.0
2026,Base FNO Initializer,2,14,532.4896240234375,0.0,0.0
2026,Supervised Latent Neural Operator Corrector,2,14,507.7850341796875,0.0,0.0
2026,TD3 from scratch,2,14,510.7761535644531,0.0,0.0
2026,TD3+BC,2,14,507.7850341796875,0.0,0.0
2026,Full RL Neural Operator Solver,2,14,507.7850341796875,0.0,0.0
2026,Gradient baseline,2,14,517.9794311523438,0.0,0.0
2026,PINN-style baseline,2,14,531.70068359375,0.0,0.0
2026,Base FNO Initializer,2,15,3438.782958984375,0.0,0.0
2026,Supervised Latent Neural Operator Corrector,2,15,3412.859375,0.0,0.0
2026,TD3 from scratch,2,15,3402.873046875,0.0,0.0
2026,TD3+BC,2,15,3412.859375,0.0,0.0
2026,Full RL Neural Operator Solver,2,15,3412.859375,0.0,0.0
2026,Gradient baseline,2,15,3231.1142578125,0.0,0.0
2026,PINN-style baseline,2,15,3437.11376953125,0.0,0.0
2026,Base FNO Initializer,2,16,53.832645416259766,0.0,0.0
2026,Supervised Latent Neural Operator Corrector,2,16,47.29909896850586,0.0,0.0
2026,TD3 from scratch,2,16,50.49153518676758,0.0,0.0
2026,TD3+BC,2,16,47.29909896850586,0.0,0.0
2026,Full RL Neural Operator Solver,2,16,47.29909896850586,0.0,0.0
2026,Gradient baseline,2,16,75.85646057128906,0.0,0.0
2026,PINN-style baseline,2,16,53.50315475463867,0.0,0.0
2026,Base FNO Initializer,2,17,4021.540283203125,0.0,0.0025597009807825
2026,Supervised Latent Neural Operator Corrector,2,17,4010.233154296875,0.0,0.0025597009807825
2026,TD3 from scratch,2,17,4004.3505859375,0.0,0.0025597009807825
2026,TD3+BC,2,17,4010.233154296875,0.0,0.0025597009807825
2026,Full RL Neural Operator Solver,2,17,4010.233154296875,0.0,0.0025597009807825
2026,Gradient baseline,2,17,3805.30029296875,0.0,0.0025597009807825
2026,PINN-style baseline,2,17,4019.826171875,0.0,0.0025597009807825
2026,Base FNO Initializer,2,18,12.80700397491455,0.0,0.0
2026,Supervised Latent Neural Operator Corrector,2,18,9.983025550842283,0.0,0.0
2026,TD3 from scratch,2,18,11.510743141174316,0.0,0.0
2026,TD3+BC,2,18,9.983025550842283,0.0,0.0
2026,Full RL Neural Operator Solver,2,18,9.983025550842283,0.0,0.0
2026,Gradient baseline,2,18,34.59885025024414,0.0,0.0
2026,PINN-style baseline,2,18,12.606205940246582,0.0,0.0
2026,Base FNO Initializer,2,19,351.0114440917969,0.0,0.0
2026,Supervised Latent Neural Operator Corrector,2,19,330.2981262207031,0.0,0.0
2026,TD3 from scratch,2,19,335.17041015625,0.0,0.0
2026,TD3+BC,2,19,330.2981262207031,0.0,0.0
2026,Full RL Neural Operator Solver,2,19,330.2981262207031,0.0,0.0
2026,Gradient baseline,2,19,345.5130920410156,0.0,0.0
2026,PINN-style baseline,2,19,350.3446655273437,0.0,0.0
2026,Base FNO Initializer,2,20,428.7239685058594,0.0,0.0
2026,Supervised Latent Neural Operator Corrector,2,20,406.1584167480469,0.0,0.0
2026,TD3 from scratch,2,20,410.4035949707031,0.0,0.0
2026,TD3+BC,2,20,406.1584167480469,0.0,0.0
2026,Full RL Neural Operator Solver,2,20,406.1584167480469,0.0,0.0
2026,Gradient baseline,2,20,419.6219177246094,0.0,0.0
2026,PINN-style baseline,2,20,428.0042724609375,0.0,0.0
2026,Base FNO Initializer,2,21,1032.7574462890625,0.0,0.0
2026,Supervised Latent Neural Operator Corrector,2,21,994.6786499023438,0.0,0.0
2026,TD3 from scratch,2,21,992.3921508789062,0.0,0.0
2026,TD3+BC,2,21,994.6786499023438,0.0,0.0
2026,Full RL Neural Operator Solver,2,21,994.6786499023438,0.0,0.0
2026,Gradient baseline,2,21,973.656982421875,0.0,0.0
2026,PINN-style baseline,2,21,1031.697509765625,0.0,0.0
2026,Base FNO Initializer,2,22,217.69081115722656,0.0,0.0
2026,Supervised Latent Neural Operator Corrector,2,22,201.63284301757807,0.0,0.0
2026,TD3 from scratch,2,22,206.6394500732422,0.0,0.0
2026,TD3+BC,2,22,201.63284301757807,0.0,0.0
2026,Full RL Neural Operator Solver,2,22,201.63284301757807,0.0,0.0
2026,Gradient baseline,2,22,221.88449096679688,0.0,0.0
2026,PINN-style baseline,2,22,217.1363983154297,0.0,0.0
2026,Base FNO Initializer,2,23,3646.118408203125,0.0,0.0
2026,Supervised Latent Neural Operator Corrector,2,23,3626.416748046875,0.0,0.0
2026,TD3 from scratch,2,23,3617.913330078125,0.0,0.0
2026,TD3+BC,2,23,3626.416748046875,0.0,0.0
2026,Full RL Neural Operator Solver,2,23,3626.416748046875,0.0,0.0
2026,Gradient baseline,2,23,3434.1875,0.0,0.0
2026,PINN-style baseline,2,23,3644.427490234375,0.0,0.0
2026,Base FNO Initializer,2,24,336.3220520019531,0.0,0.0
2026,Supervised Latent Neural Operator Corrector,2,24,316.04913330078125,0.0,0.0
2026,TD3 from scratch,2,24,320.9852600097656,0.0,0.0
2026,TD3+BC,2,24,316.04913330078125,0.0,0.0
2026,Full RL Neural Operator Solver,2,24,316.04913330078125,0.0,0.0
2026,Gradient baseline,2,24,332.3865966796875,0.0,0.0
2026,PINN-style baseline,2,24,335.6662902832031,0.0,0.0
2026,Base FNO Initializer,2,25,730.4130249023438,0.0,0.0
2026,Supervised Latent Neural Operator Corrector,2,25,701.5230102539062,0.0,0.0
2026,TD3 from scratch,2,25,701.7371826171875,0.0,0.0
2026,TD3+BC,2,25,701.5230102539062,0.0,0.0
2026,Full RL Neural Operator Solver,2,25,701.5230102539062,0.0,0.0
2026,Gradient baseline,2,25,697.9021606445312,0.0,0.0
2026,PINN-style baseline,2,25,729.5042114257812,0.0,0.0
2026,Base FNO Initializer,2,26,1806.6959228515625,0.0,0.0
2026,Supervised Latent Neural Operator Corrector,2,26,1740.347412109375,0.0,0.0
2026,TD3 from scratch,2,26,1740.844970703125,0.0,0.0
2026,TD3+BC,2,26,1740.347412109375,0.0,0.0
2026,Full RL Neural Operator Solver,2,26,1740.347412109375,0.0,0.0
2026,Gradient baseline,2,26,1672.8775634765625,0.0,0.0
2026,PINN-style baseline,2,26,1805.357177734375,0.0,0.0
2026,Base FNO Initializer,2,27,479.3251037597656,0.0,0.0
2026,Supervised Latent Neural Operator Corrector,2,27,455.6226501464844,0.0,0.0
2026,TD3 from scratch,2,27,459.318115234375,0.0,0.0
2026,TD3+BC,2,27,455.6226501464844,0.0,0.0
2026,Full RL Neural Operator Solver,2,27,455.6226501464844,0.0,0.0
2026,Gradient baseline,2,27,466.4319458007813,0.0,0.0
2026,PINN-style baseline,2,27,478.5716247558594,0.0,0.0
2026,Base FNO Initializer,2,28,569.5819091796875,0.0,0.0
2026,Supervised Latent Neural Operator Corrector,2,28,544.1754760742188,0.0,0.0
2026,TD3 from scratch,2,28,546.6273803710938,0.0,0.0
2026,TD3+BC,2,28,544.1754760742188,0.0,0.0
2026,Full RL Neural Operator Solver,2,28,544.1754760742188,0.0,0.0
2026,Gradient baseline,2,28,550.5626220703125,0.0,0.0
2026,PINN-style baseline,2,28,568.7682495117188,0.0,0.0
2026,Base FNO Initializer,2,29,2797.421142578125,0.0,0.0
2026,Supervised Latent Neural Operator Corrector,2,29,2746.43115234375,0.0,0.0
2026,TD3 from scratch,2,29,2735.44921875,0.0,0.0
2026,TD3+BC,2,29,2746.43115234375,0.0,0.0
2026,Full RL Neural Operator Solver,2,29,2746.43115234375,0.0,0.0
2026,Gradient baseline,2,29,2608.752197265625,0.0,0.0
2026,PINN-style baseline,2,29,2795.842041015625,0.0,0.0
2026,Base FNO Initializer,2,30,4620.02783203125,0.0,0.074873074889183
2026,Supervised Latent Neural Operator Corrector,2,30,4617.93408203125,0.0,0.074873074889183
2026,TD3 from scratch,2,30,4615.1298828125,0.0,0.074873074889183
2026,TD3+BC,2,30,4617.93408203125,0.0,0.074873074889183
2026,Full RL Neural Operator Solver,2,30,4617.93408203125,0.0,0.074873074889183
2026,Gradient baseline,2,30,4398.86669921875,0.0,0.074873074889183
2026,PINN-style baseline,2,30,4618.2763671875,0.0,0.074873074889183
2026,Base FNO Initializer,2,31,1376.085693359375,0.0,0.0
2026,Supervised Latent Neural Operator Corrector,2,31,1326.217529296875,0.0,0.0
2026,TD3 from scratch,2,31,1323.9893798828125,0.0,0.0
2026,TD3+BC,2,31,1326.217529296875,0.0,0.0
2026,Full RL Neural Operator Solver,2,31,1326.217529296875,0.0,0.0
2026,Gradient baseline,2,31,1281.36669921875,0.0,0.0
2026,PINN-style baseline,2,31,1374.8880615234375,0.0,0.0
2026,Base FNO Initializer,2,32,958.6610107421876,0.0,0.0
2026,Supervised Latent Neural Operator Corrector,2,32,923.004638671875,0.0,0.0
2026,TD3 from scratch,2,32,921.19287109375,0.0,0.0
2026,TD3+BC,2,32,923.004638671875,0.0,0.0
2026,Full RL Neural Operator Solver,2,32,923.004638671875,0.0,0.0
2026,Gradient baseline,2,32,906.938720703125,0.0,0.0
2026,PINN-style baseline,2,32,957.6334228515624,0.0,0.0
2026,Base FNO Initializer,2,33,445.33599853515625,0.0,0.0
2026,Supervised Latent Neural Operator Corrector,2,33,422.3631896972656,0.0,0.0
2026,TD3 from scratch,2,33,426.4664001464844,0.0,0.0
2026,TD3+BC,2,33,422.3631896972656,0.0,0.0
2026,Full RL Neural Operator Solver,2,33,422.3631896972656,0.0,0.0
2026,Gradient baseline,2,33,435.1067199707031,0.0,0.0
2026,PINN-style baseline,2,33,444.6048278808594,0.0,0.0
2026,Base FNO Initializer,2,34,3201.56689453125,0.0,0.0
2026,Supervised Latent Neural Operator Corrector,2,34,3167.28271484375,0.0,0.0
2026,TD3 from scratch,2,34,3156.034423828125,0.0,0.0
2026,TD3+BC,2,34,3167.28271484375,0.0,0.0
2026,Full RL Neural Operator Solver,2,34,3167.28271484375,0.0,0.0
2026,Gradient baseline,2,34,3000.075439453125,0.0,0.0
2026,PINN-style baseline,2,34,3199.92431640625,0.0,0.0
2026,Base FNO Initializer,2,35,627.5787353515625,0.0,0.0
2026,Supervised Latent Neural Operator Corrector,2,35,601.053955078125,0.0,0.0
2026,TD3 from scratch,2,35,602.6468505859375,0.0,0.0
2026,TD3+BC,2,35,601.053955078125,0.0,0.0
2026,Full RL Neural Operator Solver,2,35,601.053955078125,0.0,0.0
2026,Gradient baseline,2,35,603.4847412109375,0.0,0.0
2026,PINN-style baseline,2,35,626.7321166992188,0.0,0.0
2026,Base FNO Initializer,5,0,77.22695922851562,0.0,0.0
2026,Supervised Latent Neural Operator Corrector,5,0,61.567508697509766,0.0,0.0
2026,TD3 from scratch,5,0,68.49059295654297,0.0,0.0
2026,TD3+BC,5,0,61.567508697509766,0.0,0.0
2026,Full RL Neural Operator Solver,5,0,61.567508697509766,0.0,0.0
2026,Gradient baseline,5,0,103.3639144897461,0.0,0.0
2026,PINN-style baseline,5,0,76.33209228515625,0.0,0.0
2026,Base FNO Initializer,5,1,4961.49072265625,0.0,0.1724791526794433
2026,Supervised Latent Neural Operator Corrector,5,1,4978.755859375,0.0,0.1724791526794433
2026,TD3 from scratch,5,1,4974.79052734375,0.0,0.1724791526794433
2026,TD3+BC,5,1,4978.755859375,0.0,0.1724791526794433
2026,Full RL Neural Operator Solver,5,1,4978.755859375,0.0,0.1724791526794433
2026,Gradient baseline,5,1,4663.74365234375,0.0,0.1724791526794433
2026,PINN-style baseline,5,1,4957.09521484375,0.0,0.1724791526794433
2026,Base FNO Initializer,5,2,3520.406494140625,0.0,0.0
2026,Supervised Latent Neural Operator Corrector,5,2,3485.21240234375,0.0,0.0
2026,TD3 from scratch,5,2,3466.96142578125,0.0,0.0
2026,TD3+BC,5,2,3485.21240234375,0.0,0.0
2026,Full RL Neural Operator Solver,5,2,3485.21240234375,0.0,0.0
2026,Gradient baseline,5,2,3278.68115234375,0.0,0.0
2026,PINN-style baseline,5,2,3516.247314453125,0.0,0.0
2026,Base FNO Initializer,5,3,294.1512145996094,0.0,0.0
2026,Supervised Latent Neural Operator Corrector,5,3,262.43768310546875,0.0,0.0
2026,TD3 from scratch,5,3,269.1719970703125,0.0,0.0
2026,TD3+BC,5,3,262.43768310546875,0.0,0.0
2026,Full RL Neural Operator Solver,5,3,262.43768310546875,0.0,0.0
2026,Gradient baseline,5,3,285.8126220703125,0.0,0.0
2026,PINN-style baseline,5,3,292.6339111328125,0.0,0.0
2026,Base FNO Initializer,5,4,2361.033203125,0.0,0.0
2026,Supervised Latent Neural Operator Corrector,5,4,2251.905029296875,0.0,0.0
2026,TD3 from scratch,5,4,2237.0634765625,0.0,0.0
2026,TD3+BC,5,4,2251.905029296875,0.0,0.0
2026,Full RL Neural Operator Solver,5,4,2251.905029296875,0.0,0.0
2026,Gradient baseline,5,4,2188.9775390625,0.0,0.0
2026,PINN-style baseline,5,4,2357.333740234375,0.0,0.0
2026,Base FNO Initializer,5,5,910.9425048828124,0.0,0.0
2026,Supervised Latent Neural Operator Corrector,5,5,860.7279663085938,0.0,0.0
2026,TD3 from scratch,5,5,850.419677734375,0.0,0.0
2026,TD3+BC,5,5,860.7279663085938,0.0,0.0
2026,Full RL Neural Operator Solver,5,5,860.7279663085938,0.0,0.0
2026,Gradient baseline,5,5,855.6945190429688,0.0,0.0
2026,PINN-style baseline,5,5,908.4623413085938,0.0,0.0
2026,Base FNO Initializer,5,6,1160.6124267578125,0.0,0.0
2026,Supervised Latent Neural Operator Corrector,5,6,1095.8922119140625,0.0,0.0
2026,TD3 from scratch,5,6,1084.135009765625,0.0,0.0
2026,TD3+BC,5,6,1095.8922119140625,0.0,0.0
2026,Full RL Neural Operator Solver,5,6,1095.8922119140625,0.0,0.0
2026,Gradient baseline,5,6,1086.5738525390625,0.0,0.0
2026,PINN-style baseline,5,6,1157.8651123046875,0.0,0.0
2026,Base FNO Initializer,5,7,194.40744018554688,0.0,0.0
2026,Supervised Latent Neural Operator Corrector,5,7,167.45846557617188,0.0,0.0
2026,TD3 from scratch,5,7,175.5128631591797,0.0,0.0
2026,TD3+BC,5,7,167.45846557617188,0.0,0.0
2026,Full RL Neural Operator Solver,5,7,167.45846557617188,0.0,0.0
2026,Gradient baseline,5,7,199.2042388916016,0.0,0.0
2026,PINN-style baseline,5,7,193.11813354492188,0.0,0.0
2026,Base FNO Initializer,5,8,1748.02587890625,0.0,0.0
2026,Supervised Latent Neural Operator Corrector,5,8,1645.4437255859375,0.0,0.0
2026,TD3 from scratch,5,8,1637.9971923828125,0.0,0.0
2026,TD3+BC,5,8,1645.4437255859375,0.0,0.0
2026,Full RL Neural Operator Solver,5,8,1645.4437255859375,0.0,0.0
2026,Gradient baseline,5,8,1625.5677490234375,0.0,0.0
2026,PINN-style baseline,5,8,1744.7418212890625,0.0,0.0
2026,Base FNO Initializer,5,9,496.7232666015625,0.0,0.0
2026,Supervised Latent Neural Operator Corrector,5,9,460.5558471679688,0.0,0.0
2026,TD3 from scratch,5,9,461.14984130859375,0.0,0.0
2026,TD3+BC,5,9,460.5558471679688,0.0,0.0
2026,Full RL Neural Operator Solver,5,9,460.5558471679688,0.0,0.0
2026,Gradient baseline,5,9,472.245849609375,0.0,0.0
2026,PINN-style baseline,5,9,494.8394470214844,0.0,0.0
2026,Base FNO Initializer,5,10,1321.0537109375,0.0,0.0
2026,Supervised Latent Neural Operator Corrector,5,10,1246.1536865234375,0.0,0.0
2026,TD3 from scratch,5,10,1235.05859375,0.0,0.0
2026,TD3+BC,5,10,1246.1536865234375,0.0,0.0
2026,Full RL Neural Operator Solver,5,10,1246.1536865234375,0.0,0.0
2026,Gradient baseline,5,10,1234.879638671875,0.0,0.0
2026,PINN-style baseline,5,10,1318.145263671875,0.0,0.0
2026,Base FNO Initializer,5,11,4186.81201171875,0.0,0.0109253209084272
2026,Supervised Latent Neural Operator Corrector,5,11,4180.71240234375,0.0,0.0109253209084272
2026,TD3 from scratch,5,11,4170.06201171875,0.0,0.0109253209084272
2026,TD3+BC,5,11,4180.71240234375,0.0,0.0109253209084272
2026,Full RL Neural Operator Solver,5,11,4180.71240234375,0.0,0.0109253209084272
2026,Gradient baseline,5,11,3914.89990234375,0.0,0.0109253209084272
2026,PINN-style baseline,5,11,4182.52294921875,0.0,0.0109253209084272
2026,Base FNO Initializer,5,12,462.10546875,0.0,0.0
2026,Supervised Latent Neural Operator Corrector,5,12,426.637451171875,0.0,0.0
2026,TD3 from scratch,5,12,428.3682861328125,0.0,0.0
2026,TD3+BC,5,12,426.637451171875,0.0,0.0
2026,Full RL Neural Operator Solver,5,12,426.637451171875,0.0,0.0
2026,Gradient baseline,5,12,438.42083740234375,0.0,0.0
2026,PINN-style baseline,5,12,460.2892456054688,0.0,0.0
2026,Base FNO Initializer,5,13,3479.369873046875,0.0,0.0
2026,Supervised Latent Neural Operator Corrector,5,13,3441.8115234375,0.0,0.0
2026,TD3 from scratch,5,13,3423.084228515625,0.0,0.0
2026,TD3+BC,5,13,3441.8115234375,0.0,0.0
2026,Full RL Neural Operator Solver,5,13,3441.8115234375,0.0,0.0
2026,Gradient baseline,5,13,3239.3603515625,0.0,0.0
2026,PINN-style baseline,5,13,3475.22119140625,0.0,0.0
2026,Base FNO Initializer,5,14,532.4896240234375,0.0,0.0
2026,Supervised Latent Neural Operator Corrector,5,14,495.7932739257813,0.0,0.0
2026,TD3 from scratch,5,14,495.0626525878906,0.0,0.0
2026,TD3+BC,5,14,495.7932739257813,0.0,0.0
2026,Full RL Neural Operator Solver,5,14,495.7932739257813,0.0,0.0
2026,Gradient baseline,5,14,501.95361328125,0.0,0.0
2026,PINN-style baseline,5,14,530.5528564453125,0.0,0.0
2026,Base FNO Initializer,5,15,3438.782958984375,0.0,0.0
2026,Supervised Latent Neural Operator Corrector,5,15,3398.72216796875,0.0,0.0
2026,TD3 from scratch,5,15,3379.606689453125,0.0,0.0
2026,TD3+BC,5,15,3398.72216796875,0.0,0.0
2026,Full RL Neural Operator Solver,5,15,3398.72216796875,0.0,0.0
2026,Gradient baseline,5,15,3200.884521484375,0.0,0.0
2026,PINN-style baseline,5,15,3434.638427734375,0.0,0.0
2026,Base FNO Initializer,5,16,53.832645416259766,0.0,0.0
2026,Supervised Latent Neural Operator Corrector,5,16,41.41366195678711,0.0,0.0
2026,TD3 from scratch,5,16,47.8317756652832,0.0,0.0
2026,TD3+BC,5,16,41.41366195678711,0.0,0.0
2026,Full RL Neural Operator Solver,5,16,41.41366195678711,0.0,0.0
2026,Gradient baseline,5,16,88.74882507324219,0.0,0.0
2026,PINN-style baseline,5,16,53.043495178222656,0.0,0.0
2026,Base FNO Initializer,5,17,4021.540283203125,0.0,0.0025597009807825
2026,Supervised Latent Neural Operator Corrector,5,17,4009.923583984375,0.0,0.0025597009807825
2026,TD3 from scratch,5,17,3997.53173828125,0.0,0.0025597009807825
2026,TD3+BC,5,17,4009.923583984375,0.0,0.0025597009807825
2026,Full RL Neural Operator Solver,5,17,4009.923583984375,0.0,0.0025597009807825
2026,Gradient baseline,5,17,3757.06982421875,0.0,0.0025597009807825
2026,PINN-style baseline,5,17,4017.28369140625,0.0,0.0025597009807825
2026,Base FNO Initializer,5,18,12.80700397491455,0.0,0.0
2026,Supervised Latent Neural Operator Corrector,5,18,8.651732444763184,0.0,0.0
2026,TD3 from scratch,5,18,11.49883270263672,0.0,0.0
2026,TD3+BC,5,18,8.651732444763184,0.0,0.0
2026,Full RL Neural Operator Solver,5,18,8.651732444763184,0.0,0.0
2026,Gradient baseline,5,18,74.95228576660156,0.0,0.0
2026,PINN-style baseline,5,18,12.336396217346191,0.0,0.0
2026,Base FNO Initializer,5,19,351.0114440917969,0.0,0.0
2026,Supervised Latent Neural Operator Corrector,5,19,317.6805725097656,0.0,0.0
2026,TD3 from scratch,5,19,322.9403686523437,0.0,0.0
2026,TD3+BC,5,19,317.6805725097656,0.0,0.0
2026,Full RL Neural Operator Solver,5,19,317.6805725097656,0.0,0.0
2026,Gradient baseline,5,19,337.7962341308594,0.0,0.0
2026,PINN-style baseline,5,19,349.37957763671875,0.0,0.0
2026,Base FNO Initializer,5,20,428.7239685058594,0.0,0.0
2026,Supervised Latent Neural Operator Corrector,5,20,393.9393615722656,0.0,0.0
2026,TD3 from scratch,5,20,396.7414855957031,0.0,0.0
2026,TD3+BC,5,20,393.9393615722656,0.0,0.0
2026,Full RL Neural Operator Solver,5,20,393.9393615722656,0.0,0.0
2026,Gradient baseline,5,20,410.6031494140625,0.0,0.0
2026,PINN-style baseline,5,20,426.9602966308594,0.0,0.0
2026,Base FNO Initializer,5,21,1032.7574462890625,0.0,0.0
2026,Supervised Latent Neural Operator Corrector,5,21,975.7056274414062,0.0,0.0
2026,TD3 from scratch,5,21,964.3156127929688,0.0,0.0
2026,TD3+BC,5,21,975.7056274414062,0.0,0.0
2026,Full RL Neural Operator Solver,5,21,975.7056274414062,0.0,0.0
2026,Gradient baseline,5,21,968.8433227539062,0.0,0.0
2026,PINN-style baseline,5,21,1030.142578125,0.0,0.0
2026,Base FNO Initializer,5,22,217.69081115722656,0.0,0.0
2026,Supervised Latent Neural Operator Corrector,5,22,189.28273010253903,0.0,0.0
2026,TD3 from scratch,5,22,197.22784423828125,0.0,0.0
2026,TD3+BC,5,22,189.28273010253903,0.0,0.0
2026,Full RL Neural Operator Solver,5,22,189.28273010253903,0.0,0.0
2026,Gradient baseline,5,22,219.8116607666016,0.0,0.0
2026,PINN-style baseline,5,22,216.34034729003903,0.0,0.0
2026,Base FNO Initializer,5,23,3646.118408203125,0.0,0.0
2026,Supervised Latent Neural Operator Corrector,5,23,3617.843994140625,0.0,0.0
2026,TD3 from scratch,5,23,3601.021728515625,0.0,0.0
2026,TD3+BC,5,23,3617.843994140625,0.0,0.0
2026,Full RL Neural Operator Solver,5,23,3617.843994140625,0.0,0.0
2026,Gradient baseline,5,23,3398.5126953125,0.0,0.0
2026,PINN-style baseline,5,23,3641.921142578125,0.0,0.0
2026,Base FNO Initializer,5,24,336.3220520019531,0.0,0.0
2026,Supervised Latent Neural Operator Corrector,5,24,303.4043273925781,0.0,0.0
2026,TD3 from scratch,5,24,309.0522155761719,0.0,0.0
2026,TD3+BC,5,24,303.4043273925781,0.0,0.0
2026,Full RL Neural Operator Solver,5,24,303.4043273925781,0.0,0.0
2026,Gradient baseline,5,24,322.9969177246094,0.0,0.0
2026,PINN-style baseline,5,24,334.71832275390625,0.0,0.0
2026,Base FNO Initializer,5,25,730.4130249023438,0.0,0.0
2026,Supervised Latent Neural Operator Corrector,5,25,688.6537475585938,0.0,0.0
2026,TD3 from scratch,5,25,681.593505859375,0.0,0.0
2026,TD3+BC,5,25,688.6537475585938,0.0,0.0
2026,Full RL Neural Operator Solver,5,25,688.6537475585938,0.0,0.0
2026,Gradient baseline,5,25,687.6018676757812,0.0,0.0
2026,PINN-style baseline,5,25,728.1773071289062,0.0,0.0
2026,Base FNO Initializer,5,26,1806.6959228515625,0.0,0.0
2026,Supervised Latent Neural Operator Corrector,5,26,1701.359619140625,0.0,0.0
2026,TD3 from scratch,5,26,1694.0396728515625,0.0,0.0
2026,TD3+BC,5,26,1701.359619140625,0.0,0.0
2026,Full RL Neural Operator Solver,5,26,1701.359619140625,0.0,0.0
2026,Gradient baseline,5,26,1680.3626708984375,0.0,0.0
2026,PINN-style baseline,5,26,1803.3800048828125,0.0,0.0
2026,Base FNO Initializer,5,27,479.3251037597656,0.0,0.0
2026,Supervised Latent Neural Operator Corrector,5,27,443.498046875,0.0,0.0
2026,TD3 from scratch,5,27,444.6526794433594,0.0,0.0
2026,TD3+BC,5,27,443.498046875,0.0,0.0
2026,Full RL Neural Operator Solver,5,27,443.498046875,0.0,0.0
2026,Gradient baseline,5,27,454.94281005859375,0.0,0.0
2026,PINN-style baseline,5,27,477.4764709472656,0.0,0.0
2026,Base FNO Initializer,5,28,569.5819091796875,0.0,0.0
2026,Supervised Latent Neural Operator Corrector,5,28,532.2271118164062,0.0,0.0
2026,TD3 from scratch,5,28,530.1533203125,0.0,0.0
2026,TD3+BC,5,28,532.2271118164062,0.0,0.0
2026,Full RL Neural Operator Solver,5,28,532.2271118164062,0.0,0.0
2026,Gradient baseline,5,28,537.328857421875,0.0,0.0
2026,PINN-style baseline,5,28,567.5841674804688,0.0,0.0
2026,Base FNO Initializer,5,29,2797.421142578125,0.0,0.0
2026,Supervised Latent Neural Operator Corrector,5,29,2714.5361328125,0.0,0.0
2026,TD3 from scratch,5,29,2692.2646484375,0.0,0.0
2026,TD3+BC,5,29,2714.5361328125,0.0,0.0
2026,Full RL Neural Operator Solver,5,29,2714.5361328125,0.0,0.0
2026,Gradient baseline,5,29,2594.88134765625,0.0,0.0
2026,PINN-style baseline,5,29,2793.503173828125,0.0,0.0
2026,Base FNO Initializer,5,30,4620.02783203125,0.0,0.074873074889183
2026,Supervised Latent Neural Operator Corrector,5,30,4627.75830078125,0.0,0.074873074889183
2026,TD3 from scratch,5,30,4621.40380859375,0.0,0.074873074889183
2026,TD3+BC,5,30,4627.75830078125,0.0,0.074873074889183
2026,Full RL Neural Operator Solver,5,30,4627.75830078125,0.0,0.074873074889183
2026,Gradient baseline,5,30,4334.3779296875,0.0,0.074873074889183
2026,PINN-style baseline,5,30,4615.6767578125,0.0,0.074873074889183
2026,Base FNO Initializer,5,31,1376.085693359375,0.0,0.0
2026,Supervised Latent Neural Operator Corrector,5,31,1297.398193359375,0.0,0.0
2026,TD3 from scratch,5,31,1286.89111328125,0.0,0.0
2026,TD3+BC,5,31,1297.398193359375,0.0,0.0
2026,Full RL Neural Operator Solver,5,31,1297.398193359375,0.0,0.0
2026,Gradient baseline,5,31,1286.96337890625,0.0,0.0
2026,PINN-style baseline,5,31,1373.1240234375,0.0,0.0
2026,Base FNO Initializer,5,32,958.6610107421876,0.0,0.0
2026,Supervised Latent Neural Operator Corrector,5,32,905.92578125,0.0,0.0
2026,TD3 from scratch,5,32,895.1724853515625,0.0,0.0
2026,TD3+BC,5,32,905.92578125,0.0,0.0
2026,Full RL Neural Operator Solver,5,32,905.92578125,0.0,0.0
2026,Gradient baseline,5,32,899.8512573242188,0.0,0.0
2026,PINN-style baseline,5,32,956.12890625,0.0,0.0
2026,Base FNO Initializer,5,33,445.33599853515625,0.0,0.0
2026,Supervised Latent Neural Operator Corrector,5,33,410.1619567871094,0.0,0.0
2026,TD3 from scratch,5,33,412.4725036621094,0.0,0.0
2026,TD3+BC,5,33,410.1619567871094,0.0,0.0
2026,Full RL Neural Operator Solver,5,33,410.1619567871094,0.0,0.0
2026,Gradient baseline,5,33,424.6177368164063,0.0,0.0
2026,PINN-style baseline,5,33,443.5435791015625,0.0,0.0
2026,Base FNO Initializer,5,34,3201.56689453125,0.0,0.0
2026,Supervised Latent Neural Operator Corrector,5,34,3146.46435546875,0.0,0.0
2026,TD3 from scratch,5,34,3125.31982421875,0.0,0.0
2026,TD3+BC,5,34,3146.46435546875,0.0,0.0
2026,Full RL Neural Operator Solver,5,34,3146.46435546875,0.0,0.0
2026,Gradient baseline,5,34,2975.275146484375,0.0,0.0
2026,PINN-style baseline,5,34,3197.4912109375,0.0,0.0
2026,Base FNO Initializer,5,35,627.5787353515625,0.0,0.0
2026,Supervised Latent Neural Operator Corrector,5,35,588.9620971679688,0.0,0.0
2026,TD3 from scratch,5,35,584.8931274414062,0.0,0.0
2026,TD3+BC,5,35,588.9620971679688,0.0,0.0
2026,Full RL Neural Operator Solver,5,35,588.9620971679688,0.0,0.0
2026,Gradient baseline,5,35,593.2576293945312,0.0,0.0
2026,PINN-style baseline,5,35,625.4969482421875,0.0,0.0
2026,Base FNO Initializer,10,0,77.22695922851562,0.0,0.0
2026,Supervised Latent Neural Operator Corrector,10,0,55.57912063598633,0.0,0.0
2026,TD3 from scratch,10,0,67.00125122070312,0.0,0.0
2026,TD3+BC,10,0,55.57912063598633,0.0,0.0
2026,Full RL Neural Operator Solver,10,0,55.57912063598633,0.0,0.0
2026,Gradient baseline,10,0,108.96827697753906,0.0,0.0
2026,PINN-style baseline,10,0,75.52532958984375,0.0,0.0
2026,Base FNO Initializer,10,1,4961.49072265625,0.0,0.1724791526794433
2026,Supervised Latent Neural Operator Corrector,10,1,5032.05908203125,0.0,0.1724791526794433
2026,TD3 from scratch,10,1,5022.4599609375,0.0,0.1724791526794433
2026,TD3+BC,10,1,5032.05908203125,0.0,0.1724791526794433
2026,Full RL Neural Operator Solver,10,1,5032.05908203125,0.0,0.1724791526794433
2026,Gradient baseline,10,1,4612.35302734375,0.0,0.1724791526794433
2026,PINN-style baseline,10,1,4952.787109375,0.0,0.1724791526794433
2026,Base FNO Initializer,10,2,3520.406494140625,0.0,0.0
2026,Supervised Latent Neural Operator Corrector,10,2,3514.451416015625,0.0,0.0
2026,TD3 from scratch,10,2,3484.37646484375,0.0,0.0
2026,TD3+BC,10,2,3514.451416015625,0.0,0.0
2026,Full RL Neural Operator Solver,10,2,3514.451416015625,0.0,0.0
2026,Gradient baseline,10,2,3241.12060546875,0.0,0.0
2026,PINN-style baseline,10,2,3512.1796875,0.0,0.0
2026,Base FNO Initializer,10,3,294.1512145996094,0.0,0.0
2026,Supervised Latent Neural Operator Corrector,10,3,257.70367431640625,0.0,0.0
2026,TD3 from scratch,10,3,263.7527160644531,0.0,0.0
2026,TD3+BC,10,3,257.70367431640625,0.0,0.0
2026,Full RL Neural Operator Solver,10,3,257.70367431640625,0.0,0.0
2026,Gradient baseline,10,3,296.7420349121094,0.0,0.0
2026,PINN-style baseline,10,3,291.2174072265625,0.0,0.0
2026,Base FNO Initializer,10,4,2361.033203125,0.0,0.0
2026,Supervised Latent Neural Operator Corrector,10,4,2260.767822265625,0.0,0.0
2026,TD3 from scratch,10,4,2216.89990234375,0.0,0.0
2026,TD3+BC,10,4,2260.767822265625,0.0,0.0
2026,Full RL Neural Operator Solver,10,4,2260.767822265625,0.0,0.0
2026,Gradient baseline,10,4,2154.065673828125,0.0,0.0
2026,PINN-style baseline,10,4,2353.725341796875,0.0,0.0
2026,Base FNO Initializer,10,5,910.9425048828124,0.0,0.0
2026,Supervised Latent Neural Operator Corrector,10,5,871.7798461914062,0.0,0.0
2026,TD3 from scratch,10,5,839.9983520507812,0.0,0.0
2026,TD3+BC,10,5,871.7798461914062,0.0,0.0
2026,Full RL Neural Operator Solver,10,5,871.7798461914062,0.0,0.0
2026,Gradient baseline,10,5,843.668701171875,0.0,0.0
2026,PINN-style baseline,10,5,906.0896606445312,0.0,0.0
2026,Base FNO Initializer,10,6,1160.6124267578125,0.0,0.0
2026,Supervised Latent Neural Operator Corrector,10,6,1105.0687255859375,0.0,0.0
2026,TD3 from scratch,10,6,1069.8009033203125,0.0,0.0
2026,TD3+BC,10,6,1105.0687255859375,0.0,0.0
2026,Full RL Neural Operator Solver,10,6,1105.0687255859375,0.0,0.0
2026,Gradient baseline,10,6,1064.64453125,0.0,0.0
2026,PINN-style baseline,10,6,1155.2200927734375,0.0,0.0
2026,Base FNO Initializer,10,7,194.40744018554688,0.0,0.0
2026,Supervised Latent Neural Operator Corrector,10,7,159.54379272460938,0.0,0.0
2026,TD3 from scratch,10,7,170.7565155029297,0.0,0.0
2026,TD3+BC,10,7,159.54379272460938,0.0,0.0
2026,Full RL Neural Operator Solver,10,7,159.54379272460938,0.0,0.0
2026,Gradient baseline,10,7,209.42909240722656,0.0,0.0
2026,PINN-style baseline,10,7,191.9264373779297,0.0,0.0
2026,Base FNO Initializer,10,8,1748.02587890625,0.0,0.0
2026,Supervised Latent Neural Operator Corrector,10,8,1646.7506103515625,0.0,0.0
2026,TD3 from scratch,10,8,1614.63134765625,0.0,0.0
2026,TD3+BC,10,8,1646.7506103515625,0.0,0.0
2026,Full RL Neural Operator Solver,10,8,1646.7506103515625,0.0,0.0
2026,Gradient baseline,10,8,1592.799072265625,0.0,0.0
2026,PINN-style baseline,10,8,1741.548583984375,0.0,0.0
2026,Base FNO Initializer,10,9,496.7232666015625,0.0,0.0
2026,Supervised Latent Neural Operator Corrector,10,9,464.734130859375,0.0,0.0
2026,TD3 from scratch,10,9,454.8752136230469,0.0,0.0
2026,TD3+BC,10,9,464.734130859375,0.0,0.0
2026,Full RL Neural Operator Solver,10,9,464.734130859375,0.0,0.0
2026,Gradient baseline,10,9,477.5096435546875,0.0,0.0
2026,PINN-style baseline,10,9,493.0599060058594,0.0,0.0
2026,Base FNO Initializer,10,10,1321.0537109375,0.0,0.0
2026,Supervised Latent Neural Operator Corrector,10,10,1252.6966552734375,0.0,0.0
2026,TD3 from scratch,10,10,1217.9237060546875,0.0,0.0
2026,TD3+BC,10,10,1252.6966552734375,0.0,0.0
2026,Full RL Neural Operator Solver,10,10,1252.6966552734375,0.0,0.0
2026,Gradient baseline,10,10,1207.6309814453125,0.0,0.0
2026,PINN-style baseline,10,10,1315.3348388671875,0.0,0.0
2026,Base FNO Initializer,10,11,4186.81201171875,0.0,0.0109253209084272
2026,Supervised Latent Neural Operator Corrector,10,11,4221.05859375,0.0,0.0109253209084272
2026,TD3 from scratch,10,11,4201.13720703125,0.0,0.0109253209084272
2026,TD3+BC,10,11,4221.05859375,0.0,0.0109253209084272
2026,Full RL Neural Operator Solver,10,11,4221.05859375,0.0,0.0109253209084272
2026,Gradient baseline,10,11,3871.84326171875,0.0,0.0109253209084272
2026,PINN-style baseline,10,11,4178.322265625,0.0,0.0109253209084272
2026,Base FNO Initializer,10,12,462.10546875,0.0,0.0
2026,Supervised Latent Neural Operator Corrector,10,12,429.53363037109375,0.0,0.0
2026,TD3 from scratch,10,12,422.2316589355469,0.0,0.0
2026,TD3+BC,10,12,429.53363037109375,0.0,0.0
2026,Full RL Neural Operator Solver,10,12,429.53363037109375,0.0,0.0
2026,Gradient baseline,10,12,447.44244384765625,0.0,0.0
2026,PINN-style baseline,10,12,458.5760803222656,0.0,0.0
2026,Base FNO Initializer,10,13,3479.369873046875,0.0,0.0
2026,Supervised Latent Neural Operator Corrector,10,13,3470.376708984375,0.0,0.0
2026,TD3 from scratch,10,13,3439.57958984375,0.0,0.0
2026,TD3+BC,10,13,3470.376708984375,0.0,0.0
2026,Full RL Neural Operator Solver,10,13,3470.376708984375,0.0,0.0
2026,Gradient baseline,10,13,3204.057373046875,0.0,0.0
2026,PINN-style baseline,10,13,3471.1640625,0.0,0.0
2026,Base FNO Initializer,10,14,532.4896240234375,0.0,0.0
2026,Supervised Latent Neural Operator Corrector,10,14,501.1921691894531,0.0,0.0
2026,TD3 from scratch,10,14,488.6040649414063,0.0,0.0
2026,TD3+BC,10,14,501.1921691894531,0.0,0.0
2026,Full RL Neural Operator Solver,10,14,501.1921691894531,0.0,0.0
2026,Gradient baseline,10,14,511.3712463378906,0.0,0.0
2026,PINN-style baseline,10,14,528.720947265625,0.0,0.0
2026,Base FNO Initializer,10,15,3438.782958984375,0.0,0.0
2026,Supervised Latent Neural Operator Corrector,10,15,3426.565185546875,0.0,0.0
2026,TD3 from scratch,10,15,3395.166259765625,0.0,0.0
2026,TD3+BC,10,15,3426.565185546875,0.0,0.0
2026,Full RL Neural Operator Solver,10,15,3426.565185546875,0.0,0.0
2026,Gradient baseline,10,15,3164.794921875,0.0,0.0
2026,PINN-style baseline,10,15,3430.583984375,0.0,0.0
2026,Base FNO Initializer,10,16,53.832645416259766,0.0,0.0
2026,Supervised Latent Neural Operator Corrector,10,16,37.42195892333984,0.0,0.0
2026,TD3 from scratch,10,16,47.69145584106445,0.0,0.0
2026,TD3+BC,10,16,37.42195892333984,0.0,0.0
2026,Full RL Neural Operator Solver,10,16,37.42195892333984,0.0,0.0
2026,Gradient baseline,10,16,86.92407989501953,0.0,0.0
2026,PINN-style baseline,10,16,52.34559631347656,0.0,0.0
2026,Base FNO Initializer,10,17,4021.540283203125,0.0,0.0025597009807825
2026,Supervised Latent Neural Operator Corrector,10,17,4047.78173828125,0.0,0.0025597009807825
2026,TD3 from scratch,10,17,4025.45361328125,0.0,0.0025597009807825
2026,TD3+BC,10,17,4047.78173828125,0.0,0.0025597009807825
2026,Full RL Neural Operator Solver,10,17,4047.78173828125,0.0,0.0025597009807825
2026,Gradient baseline,10,17,3717.07958984375,0.0,0.0025597009807825
2026,PINN-style baseline,10,17,4013.116455078125,0.0,0.0025597009807825
2026,Base FNO Initializer,10,18,12.80700397491455,0.0,0.0
2026,Supervised Latent Neural Operator Corrector,10,18,8.664255142211914,0.0,0.0
2026,TD3 from scratch,10,18,15.225800514221191,0.0,0.0
2026,TD3+BC,10,18,8.664255142211914,0.0,0.0
2026,Full RL Neural Operator Solver,10,18,8.664255142211914,0.0,0.0
2026,Gradient baseline,10,18,42.57374954223633,0.0,0.0
2026,PINN-style baseline,10,18,11.945229530334473,0.0,0.0
2026,Base FNO Initializer,10,19,351.0114440917969,0.0,0.0
2026,Supervised Latent Neural Operator Corrector,10,19,315.5457458496094,0.0,0.0
2026,TD3 from scratch,10,19,317.2503356933594,0.0,0.0
2026,TD3+BC,10,19,315.5457458496094,0.0,0.0
2026,Full RL Neural Operator Solver,10,19,315.5457458496094,0.0,0.0
2026,Gradient baseline,10,19,348.4317626953125,0.0,0.0
2026,PINN-style baseline,10,19,347.8498229980469,0.0,0.0
2026,Base FNO Initializer,10,20,428.7239685058594,0.0,0.0
2026,Supervised Latent Neural Operator Corrector,10,20,395.5311584472656,0.0,0.0
2026,TD3 from scratch,10,20,390.7809143066406,0.0,0.0
2026,TD3+BC,10,20,395.5311584472656,0.0,0.0
2026,Full RL Neural Operator Solver,10,20,395.5311584472656,0.0,0.0
2026,Gradient baseline,10,20,419.3338623046875,0.0,0.0
2026,PINN-style baseline,10,20,425.2996520996094,0.0,0.0
2026,Base FNO Initializer,10,21,1032.7574462890625,0.0,0.0
2026,Supervised Latent Neural Operator Corrector,10,21,986.3583984375,0.0,0.0
2026,TD3 from scratch,10,21,952.0591430664062,0.0,0.0
2026,TD3+BC,10,21,986.3583984375,0.0,0.0
2026,Full RL Neural Operator Solver,10,21,986.3583984375,0.0,0.0
2026,Gradient baseline,10,21,947.57763671875,0.0,0.0
2026,PINN-style baseline,10,21,1027.6326904296875,0.0,0.0
2026,Base FNO Initializer,10,22,217.69081115722656,0.0,0.0
2026,Supervised Latent Neural Operator Corrector,10,22,181.87803649902344,0.0,0.0
2026,TD3 from scratch,10,22,192.25216674804688,0.0,0.0
2026,TD3+BC,10,22,181.87803649902344,0.0,0.0
2026,Full RL Neural Operator Solver,10,22,181.87803649902344,0.0,0.0
2026,Gradient baseline,10,22,231.18948364257807,0.0,0.0
2026,PINN-style baseline,10,22,215.09185791015625,0.0,0.0
2026,Base FNO Initializer,10,23,3646.118408203125,0.0,0.0
2026,Supervised Latent Neural Operator Corrector,10,23,3649.28369140625,0.0,0.0
2026,TD3 from scratch,10,23,3621.153076171875,0.0,0.0
2026,TD3+BC,10,23,3649.28369140625,0.0,0.0
2026,Full RL Neural Operator Solver,10,23,3649.28369140625,0.0,0.0
2026,Gradient baseline,10,23,3360.8740234375,0.0,0.0
2026,PINN-style baseline,10,23,3637.813720703125,0.0,0.0
2026,Base FNO Initializer,10,24,336.3220520019531,0.0,0.0
2026,Supervised Latent Neural Operator Corrector,10,24,300.57623291015625,0.0,0.0
2026,TD3 from scratch,10,24,303.4150390625,0.0,0.0
2026,TD3+BC,10,24,300.57623291015625,0.0,0.0
2026,Full RL Neural Operator Solver,10,24,300.57623291015625,0.0,0.0
2026,Gradient baseline,10,24,334.1806945800781,0.0,0.0
2026,PINN-style baseline,10,24,333.21649169921875,0.0,0.0
2026,Base FNO Initializer,10,25,730.4130249023438,0.0,0.0
2026,Supervised Latent Neural Operator Corrector,10,25,698.5657958984375,0.0,0.0
2026,TD3 from scratch,10,25,673.4707641601562,0.0,0.0
2026,TD3+BC,10,25,698.5657958984375,0.0,0.0
2026,Full RL Neural Operator Solver,10,25,698.5657958984375,0.0,0.0
2026,Gradient baseline,10,25,682.39453125,0.0,0.0
2026,PINN-style baseline,10,25,726.0503540039062,0.0,0.0
2026,Base FNO Initializer,10,26,1806.6959228515625,0.0,0.0
2026,Supervised Latent Neural Operator Corrector,10,26,1702.5767822265625,0.0,0.0
2026,TD3 from scratch,10,26,1670.212158203125,0.0,0.0
2026,TD3+BC,10,26,1702.5767822265625,0.0,0.0
2026,Full RL Neural Operator Solver,10,26,1702.5767822265625,0.0,0.0
2026,Gradient baseline,10,26,1646.7344970703125,0.0,0.0
2026,PINN-style baseline,10,26,1800.1552734375,0.0,0.0
2026,Base FNO Initializer,10,27,479.3251037597656,0.0,0.0
2026,Supervised Latent Neural Operator Corrector,10,27,447.1632080078125,0.0,0.0
2026,TD3 from scratch,10,27,438.4637451171875,0.0,0.0
2026,TD3+BC,10,27,447.1632080078125,0.0,0.0
2026,Full RL Neural Operator Solver,10,27,447.1632080078125,0.0,0.0
2026,Gradient baseline,10,27,463.8607177734375,0.0,0.0
2026,PINN-style baseline,10,27,475.7313232421875,0.0,0.0
2026,Base FNO Initializer,10,28,569.5819091796875,0.0,0.0
2026,Supervised Latent Neural Operator Corrector,10,28,538.8067016601562,0.0,0.0
2026,TD3 from scratch,10,28,523.4721069335938,0.0,0.0
2026,TD3+BC,10,28,538.8067016601562,0.0,0.0
2026,Full RL Neural Operator Solver,10,28,538.8067016601562,0.0,0.0
2026,Gradient baseline,10,28,540.5948486328125,0.0,0.0
2026,PINN-style baseline,10,28,565.6923217773438,0.0,0.0
2026,Base FNO Initializer,10,29,2797.421142578125,0.0,0.0
2026,Supervised Latent Neural Operator Corrector,10,29,2733.947509765625,0.0,0.0
2026,TD3 from scratch,10,29,2688.328125,0.0,0.0
2026,TD3+BC,10,29,2733.947509765625,0.0,0.0
2026,Full RL Neural Operator Solver,10,29,2733.947509765625,0.0,0.0
2026,Gradient baseline,10,29,2560.23779296875,0.0,0.0
2026,PINN-style baseline,10,29,2789.674560546875,0.0,0.0
2026,Base FNO Initializer,10,30,4620.02783203125,0.0,0.074873074889183
2026,Supervised Latent Neural Operator Corrector,10,30,4675.44091796875,0.0,0.074873074889183
2026,TD3 from scratch,10,30,4661.94482421875,0.0,0.074873074889183
2026,TD3+BC,10,30,4675.44091796875,0.0,0.074873074889183
2026,Full RL Neural Operator Solver,10,30,4675.44091796875,0.0,0.074873074889183
2026,Gradient baseline,10,30,4285.46435546875,0.0,0.074873074889183
2026,PINN-style baseline,10,30,4611.4111328125,0.0,0.074873074889183
2026,Base FNO Initializer,10,31,1376.085693359375,0.0,0.0
2026,Supervised Latent Neural Operator Corrector,10,31,1302.957763671875,0.0,0.0
2026,TD3 from scratch,10,31,1268.7860107421875,0.0,0.0
2026,TD3+BC,10,31,1302.957763671875,0.0,0.0
2026,Full RL Neural Operator Solver,10,31,1302.957763671875,0.0,0.0
2026,Gradient baseline,10,31,1259.306640625,0.0,0.0
2026,PINN-style baseline,10,31,1370.2608642578125,0.0,0.0
2026,Base FNO Initializer,10,32,958.6610107421876,0.0,0.0
2026,Supervised Latent Neural Operator Corrector,10,32,916.9790649414062,0.0,0.0
2026,TD3 from scratch,10,32,884.0896606445312,0.0,0.0
2026,TD3+BC,10,32,916.9790649414062,0.0,0.0
2026,Full RL Neural Operator Solver,10,32,916.9790649414062,0.0,0.0
2026,Gradient baseline,10,32,884.9495849609375,0.0,0.0
2026,PINN-style baseline,10,32,953.7035522460938,0.0,0.0
2026,Base FNO Initializer,10,33,445.33599853515625,0.0,0.0
2026,Supervised Latent Neural Operator Corrector,10,33,412.4202270507813,0.0,0.0
2026,TD3 from scratch,10,33,406.4195251464844,0.0,0.0
2026,TD3+BC,10,33,412.4202270507813,0.0,0.0
2026,Full RL Neural Operator Solver,10,33,412.4202270507813,0.0,0.0
2026,Gradient baseline,10,33,433.6247863769531,0.0,0.0
2026,PINN-style baseline,10,33,441.8530883789063,0.0,0.0
2026,Base FNO Initializer,10,34,3201.56689453125,0.0,0.0
2026,Supervised Latent Neural Operator Corrector,10,34,3170.87841796875,0.0,0.0
2026,TD3 from scratch,10,34,3135.08056640625,0.0,0.0
2026,TD3+BC,10,34,3170.87841796875,0.0,0.0
2026,Full RL Neural Operator Solver,10,34,3170.87841796875,0.0,0.0
2026,Gradient baseline,10,34,2941.00927734375,0.0,0.0
2026,PINN-style baseline,10,34,3193.506103515625,0.0,0.0
2026,Base FNO Initializer,10,35,627.5787353515625,0.0,0.0
2026,Supervised Latent Neural Operator Corrector,10,35,596.9295043945312,0.0,0.0
2026,TD3 from scratch,10,35,577.7451171875,0.0,0.0
2026,TD3+BC,10,35,596.9295043945312,0.0,0.0
2026,Full RL Neural Operator Solver,10,35,596.9295043945312,0.0,0.0
2026,Gradient baseline,10,35,592.6470336914062,0.0,0.0
2026,PINN-style baseline,10,35,623.5204467773438,0.0,0.0
