Seed,Horizon,Case,Step,Stage,GreedyErrorBefore,GreedyErrorAfter,GreedyImmediateReward,GreedyChosenActionNorm,LongErrorBefore,LongErrorAfter,LongImmediateReward,LongStateGreedyImmediateReward,LongChosenReturn,LongChosenActionNorm,ActionsDifferent,GreedyCurrentFinalProjectedError,LongCurrentFinalProjectedError,GreedyTrajectoryFinalError,LongTrajectoryFinalError,FinalTrajectoryGain
42,10,0,0,Early,0.3320724070072174,0.3308582901954651,0.003663812531158328,0.24279792606830597,0.3320724070072174,0.3308582901954651,0.003663812531158328,0.003663812531158328,0.012792050838470459,0.24279792606830597,False,0.32785141468048096,0.32785141468048096,0.3244120478630066,0.32350850105285645,0.0009035468101501465
42,10,0,1,Early,0.3308582901954651,0.32952508330345154,0.0040397848933935165,0.21919365227222443,0.3308582901954651,0.32952508330345154,0.0040397848933935165,0.0040397848933935165,0.012932670302689075,0.21919365227222443,False,0.3266068398952484,0.3266068398952484,0.3244120478630066,0.32350850105285645,0.0009035468101501465
42,10,0,2,Early,0.32952508330345154,0.32839322090148926,0.0034431181848049164,0.13797162473201752,0.32952508330345154,0.32839322090148926,0.0034431181848049164,0.0034431181848049164,0.01212988793849945,0.13797162473201752,False,0.3255520164966583,0.3255520164966583,0.3244120478630066,0.32350850105285645,0.0009035468101501465
42,10,0,3,Early,0.32839322090148926,0.32737213373184204,0.0031168425921350718,0.19490914046764374,0.32839322090148926,0.32743901014328003,0.002912656869739294,0.0031168425921350718,0.010278799571096897,0.1661079078912735,True,0.32503536343574524,0.3250349760055542,0.3244120478630066,0.32350850105285645,0.0009035468101501465
42,10,0,4,Early,0.32737213373184204,0.32649168372154236,0.0026947578880935907,0.15263302624225616,0.32743901014328003,0.3266051113605499,0.0025522022042423487,0.002731494139879942,0.009135980159044266,0.16225287318229675,True,0.3246942460536957,0.32446104288101196,0.3244120478630066,0.32350850105285645,0.0009035468101501465
42,10,0,5,Late,0.32649168372154236,0.32569563388824463,0.002442786702886224,0.20425723493099213,0.3266051113605499,0.3257893919944763,0.0025017852894961834,0.00265967077575624,0.0076962802559137344,0.12728631496429443,True,0.3246745467185974,0.324101060628891,0.3244120478630066,0.32350850105285645,0.0009035468101501465
42,10,0,6,Late,0.32569563388824463,0.3251308500766754,0.001736862352117896,0.3213828504085541,0.3257893919944763,0.32510265707969666,0.00211144145578146,0.002299823332577944,0.005987418349832296,0.14069822430610657,True,0.3247203230857849,0.3238445222377777,0.3244120478630066,0.32350850105285645,0.0009035468101501465
42,10,0,7,Late,0.3251308500766754,0.3247735798358917,0.001101684640161693,0.24663056433200836,0.32510265707969666,0.3244604766368866,0.0019795065745711327,0.0020550459157675505,0.0043110535480082035,0.21922218799591064,True,0.32461437582969666,0.3237040936946869,0.3244120478630066,0.32350850105285645,0.0009035468101501465
42,10,0,8,Late,0.3247735798358917,0.3245696723461151,0.0006293005426414311,0.2160380482673645,0.3244604766368866,0.32401153445243835,0.001386488787829876,0.001595370820723474,0.002617836929857731,0.18323959410190582,True,0.3245673179626465,0.32361218333244324,0.3244120478630066,0.32350850105285645,0.0009035468101501465
42,10,0,9,Late,0.3245696723461151,0.3244120478630066,0.0004883710062131286,0.21769966185092926,0.32401153445243835,0.32350850105285645,0.0015546580543741584,0.0015546580543741584,0.0015546580543741584,0.3137616813182831,False,0.32441118359565735,0.3235081732273102,0.3244120478630066,0.32350850105285645,0.0009035468101501465
42,10,1,0,Early,0.5033895373344421,0.5029273629188538,0.0009192389552481472,0.43301624059677124,0.5033895373344421,0.5029273629188538,0.0009192389552481472,0.0009192389552481472,0.001908493461087346,0.43301624059677124,False,0.5024295449256897,0.5024295449256897,0.501049816608429,0.5010173320770264,3.248453140258789e-05
42,10,1,1,Early,0.5029273629188538,0.5025317072868347,0.0007882218924351037,0.5082602500915527,0.5029273629188538,0.5025317072868347,0.0007882218924351037,0.0007882218924351037,0.0012335146311670542,0.5082602500915527,False,0.5023071765899658,0.5023071765899658,0.501049816608429,0.5010173320770264,3.248453140258789e-05
42,10,1,2,Early,0.5025317072868347,0.5021563768386841,0.0007477160543203354,0.5698606371879578,0.5025317072868347,0.5021563768386841,0.0007477160543203354,0.0007477160543203354,0.000716393522452563,0.5698606371879578,False,0.5021716356277466,0.5021716356277466,0.501049816608429,0.5010173320770264,3.248453140258789e-05
42,10,1,3,Early,0.5021563768386841,0.501853346824646,0.0006042731693014503,0.6082131266593933,0.5021563768386841,0.5018888115882874,0.0005340003990568221,0.0006042731693014503,0.0001946915581356734,0.5125986933708191,True,0.5020773410797119,0.5020584464073181,0.501049816608429,0.5010173320770264,3.248453140258789e-05
42,10,1,4,Early,0.501853346824646,0.5015934109687805,0.0005184925976209342,0.6074783205986023,0.5018888115882874,0.5016119480133057,0.0005525677697733045,0.0005525677697733045,-7.872979040257633e-05,0.608068585395813,False,0.5019499659538269,0.5019282102584839,0.501049816608429,0.5010173320770264,3.248453140258789e-05
42,10,1,5,Late,0.5015934109687805,0.5013912320137024,0.0004037450416944921,0.6114211082458496,0.5016119480133057,0.501396894454956,0.00042936421232298017,0.00042936421232298017,-0.00035507293068803847,0.61198890209198,False,0.501813530921936,0.5017899870872498,0.501049816608429,0.5010173320770264,3.248453140258789e-05
42,10,1,6,Late,0.5013912320137024,0.5012280344963074,0.0003259256191086024,0.6587857604026794,0.501396894454956,0.5012232065200806,0.0003468992654234171,0.0003468992654234171,-0.0004527621204033494,0.659195601940155,False,0.5016475915908813,0.5016238689422607,0.501049816608429,0.5010173320770264,3.248453140258789e-05
42,10,1,7,Late,0.5012280344963074,0.5011275410652161,0.00020113708160351962,0.6895848512649536,0.5012232065200806,0.5011129379272461,0.00022068315593060106,0.00022068315593060106,-0.00044917280320078135,0.6902418732643127,False,0.501473605632782,0.5014483332633972,0.501049816608429,0.5010173320770264,3.248453140258789e-05
42,10,1,8,Late,0.5011275410652161,0.5010331869125366,0.0001892330910777673,0.6556469798088074,0.5011129379272461,0.5010087490081787,0.0002084218867821619,0.0002084218867821619,-0.00017781300994101912,0.6562383770942688,False,0.5012316703796387,0.5012019872665405,0.501049816608429,0.5010173320770264,3.248453140258789e-05
42,10,1,9,Late,0.5010331869125366,0.501049816608429,-3.253656905144453e-05,0.6489640474319458,0.5010087490081787,0.5010173320770264,-1.644298026803881e-05,-1.644298026803881e-05,-1.644298026803881e-05,0.6496384143829346,False,0.5010494589805603,0.5010169744491577,0.501049816608429,0.5010173320770264,3.248453140258789e-05
42,10,2,0,Early,0.44067811965942383,0.44012269377708435,0.0012620657216757536,0.37376663088798523,0.44067811965942383,0.4401363730430603,0.001230753492563963,0.0012620657216757536,0.0016375286504626274,0.32010453939437866,True,0.43999597430229187,0.4399569034576416,0.4386433959007263,0.4383547306060791,0.0002886652946472168
42,10,2,1,Early,0.44012269377708435,0.4396151900291443,0.0011543120490387082,0.4236568212509155,0.4401363730430603,0.4396580457687378,0.0010883493814617395,0.0011721724877133965,0.0009535568533465266,0.36118924617767334,True,0.43982797861099243,0.4397166669368744,0.4386433959007263,0.4383547306060791,0.0002886652946472168
42,10,2,2,Early,0.4396151900291443,0.4392600953578949,0.0008095481898635626,0.35193121433258057,0.4396580457687378,0.4392798840999603,0.0008625521440990269,0.0008625521440990269,0.0003802379360422492,0.3521769046783447,False,0.4396009147167206,0.43949073553085327,0.4386433959007263,0.4383547306060791,0.0002886652946472168
42,10,2,3,Early,0.4392600953578949,0.43891552090644836,0.0007863062783144414,0.4419263005256653,0.4392798840999603,0.43900808691978455,0.0006202565273270011,0.00082763860700652,-0.0002452172921039164,0.36438897252082825,True,0.4395124912261963,0.4393874704837799,0.4386433959007263,0.4383547306060791,0.0002886652946472168
42,10,2,4,Early,0.43891552090644836,0.43863755464553833,0.0006342833512462676,0.5344113111495972,0.43900808691978455,0.43890124559402466,0.00024479901185259223,0.000722557189874351,-0.0003741309919860214,0.29768693447113037,True,0.439442902803421,0.43917223811149597,0.4386433959007263,0.4383547306060791,0.0002886652946472168
42,10,2,5,Late,0.43863755464553833,0.43854427337646484,0.00021367154840845615,0.4412611424922943,0.43890124559402466,0.4388867914676666,3.478207509033382e-05,0.0005173049867153168,-0.00037841705488972366,0.2738797962665558,True,0.4393725097179413,0.4390673041343689,0.4386433959007263,0.4383547306060791,0.0002886652946472168
42,10,2,6,Late,0.43854427337646484,0.43847590684890747,0.0001564366975799203,0.5572171211242676,0.4388867914676666,0.43870192766189575,0.0004228239704389125,0.0005364620010368526,-0.0002020152023760602,0.44653475284576416,True,0.43927910923957825,0.43897539377212524,0.4386433959007263,0.4383547306060791,0.0002886652946472168
42,10,2,7,Late,0.43847590684890747,0.4384024739265442,0.00016800106095615774,0.5753238797187805,0.43870192766189575,0.43843910098075867,0.0005997284897603095,0.0005997284897603095,-0.00012797504314221442,0.5819074511528015,False,0.43904927372932434,0.4387580156326294,0.4386433959007263,0.4383547306060791,0.0002886652946472168
42,10,2,8,Late,0.4384024739265442,0.43844059109687805,-8.63783061504364e-05,0.572166383266449,0.43843910098075867,0.4383101761341095,0.00029481176170520484,0.00029481176170520484,-0.00020711033721454442,0.5786341428756714,False,0.43881338834762573,0.4385298490524292,0.4386433959007263,0.4383547306060791,0.0002886652946472168
42,10,2,9,Late,0.43844059109687805,0.4386433959007263,-0.0004613784549292177,0.5397116541862488,0.4383101761341095,0.4383547306060791,-0.00010019297042163089,-0.00010019297042163089,-0.00010019297042163089,0.5453335642814636,False,0.4386428892612457,0.4383540749549866,0.4386433959007263,0.4383547306060791,0.0002886652946472168
42,10,3,0,Early,0.3041854202747345,0.3016945719718933,0.008223678916692734,0.2730400264263153,0.3041854202747345,0.3016945719718933,0.008223678916692734,0.008223678916692734,0.04139649495482445,0.2730400264263153,False,0.29185014963150024,0.29185014963150024,0.2840350866317749,0.2840350866317749,0.0
42,10,3,1,Early,0.3016945719718933,0.2995350658893585,0.007185063324868679,0.2572387754917145,0.3016945719718933,0.2995350658893585,0.007185063324868679,0.007185063324868679,0.03644696995615959,0.2572387754917145,False,0.29089656472206116,0.29089656472206116,0.2840350866317749,0.2840350866317749,0.0
42,10,3,2,Early,0.2995350658893585,0.29744312167167664,0.007009529042989016,0.2203759253025055,0.2995350658893585,0.29744312167167664,0.007009529042989016,0.007009529042989016,0.032962165772914886,0.2203759253025055,False,0.28982263803482056,0.28982263803482056,0.2840350866317749,0.2840350866317749,0.0
42,10,3,3,Early,0.29744312167167664,0.2951897978782654,0.007607742678374052,0.22897087037563324,0.29744312167167664,0.2951897978782654,0.007607742678374052,0.007607742678374052,0.03127400577068329,0.22897087037563324,False,0.2882847785949707,0.2882847785949707,0.2840350866317749,0.2840350866317749,0.0
42,10,3,4,Early,0.2951897978782654,0.29319706559181213,0.006774998269975185,0.18240050971508026,0.2951897978782654,0.29319706559181213,0.006774998269975185,0.006774998269975185,0.027694424614310265,0.18240050971508026,False,0.2871268093585968,0.2871268093585968,0.2840350866317749,0.2840350866317749,0.0
42,10,3,5,Late,0.29319706559181213,0.29137852787971497,0.006223437841981649,0.2033543884754181,0.29319706559181213,0.29137852787971497,0.006223437841981649,0.006223437841981649,0.023167287930846214,0.2033543884754181,False,0.2864825427532196,0.2864825427532196,0.2840350866317749,0.2840350866317749,0.0
42,10,3,6,Late,0.29137852787971497,0.2896158993244171,0.006068467628210783,0.1583918184041977,0.29137852787971497,0.2896158993244171,0.006068467628210783,0.006068467628210783,0.019077608361840248,0.1583918184041977,False,0.28587237000465393,0.28587237000465393,0.2840350866317749,0.2840350866317749,0.0
42,10,3,7,Late,0.2896158993244171,0.28754496574401855,0.007177959196269512,0.2374749481678009,0.2896158993244171,0.28754496574401855,0.007177959196269512,0.007177959196269512,0.016479941084980965,0.2374749481678009,False,0.28488215804100037,0.28488215804100037,0.2840350866317749,0.2840350866317749,0.0
42,10,3,8,Late,0.28754496574401855,0.28568461537361145,0.006493035238236189,0.25686901807785034,0.28754496574401855,0.28568461537361145,0.006493035238236189,0.006493035238236189,0.011414345353841782,0.25686901807785034,False,0.284281462430954,0.284281462430954,0.2840350866317749,0.2840350866317749,0.0
42,10,3,9,Late,0.28568461537361145,0.2840350866317749,0.0057929446920752525,0.24548159539699554,0.28568461537361145,0.2840350866317749,0.0057929446920752525,0.0057929446920752525,0.0057929446920752525,0.24548159539699554,False,0.2840344309806824,0.2840344309806824,0.2840350866317749,0.2840350866317749,0.0
42,10,4,0,Early,0.44716718792915344,0.44658350944519043,0.0013070701388642192,0.3681632876396179,0.44716718792915344,0.44658350944519043,0.0013070701388642192,0.0013070701388642192,0.0017283870838582516,0.3681632876396179,False,0.4463947117328644,0.4463947117328644,0.4454909861087799,0.44489118456840515,0.0005998015403747559
42,10,4,1,Early,0.44658350944519043,0.44611984491348267,0.0010397495934739709,0.47350773215293884,0.44658350944519043,0.4461992084980011,0.0008619552245363593,0.0010397495934739709,0.0009329963941127062,0.321108341217041,True,0.44636034965515137,0.4461667835712433,0.4454909861087799,0.44489118456840515,0.0005998015403747559
42,10,4,2,Early,0.44611984491348267,0.4457959830760956,0.000726369209587574,0.5492817759513855,0.4461992084980011,0.4459081292152405,0.0006539752939715981,0.0008121331920847297,0.00043249671580269933,0.34442174434661865,True,0.44643285870552063,0.44600608944892883,0.4454909861087799,0.44489118456840515,0.0005998015403747559
42,10,4,3,Early,0.4457959830760956,0.4455253779888153,0.0006086876965127885,0.4585983157157898,0.4459081292152405,0.4455655813217163,0.0007698775152675807,0.00081310496898368,7.063924567773938e-05,0.4003724157810211,True,0.44636186957359314,0.4458765387535095,0.4454909861087799,0.44489118456840515,0.0005998015403747559
42,10,4,4,Early,0.4455253779888153,0.44529494643211365,0.0005182462627999485,0.5192169547080994,0.4455655813217163,0.44535398483276367,0.00047609981265850365,0.0007310203509405255,-0.0002765132230706513,0.37077805399894714,True,0.44627225399017334,0.4456886649131775,0.4454909861087799,0.44489118456840515,0.0005998015403747559
42,10,4,5,Late,0.44529494643211365,0.4451919496059418,0.00023261926253326237,0.46289682388305664,0.44535398483276367,0.44509589672088623,0.0005799722857773304,0.0005799722857773304,-0.0004866386007051915,0.46770358085632324,False,0.44616660475730896,0.4455706477165222,0.4454909861087799,0.44489118456840515,0.0005998015403747559
42,10,4,6,Late,0.4451919496059418,0.4452114701271057,-4.291484583518468e-05,0.4829719662666321,0.44509589672088623,0.44498777389526367,0.0002442942641209811,0.0002532289654482156,-0.0008981699938885868,0.49881526827812195,True,0.44609227776527405,0.4454957842826843,0.4454909861087799,0.44489118456840515,0.0005998015403747559
42,10,4,7,Late,0.4452114701271057,0.4452573359012604,-0.00010187771113123745,0.5805544257164001,0.44498777389526367,0.4449094831943512,0.0001776713615981862,0.0001776713615981862,-0.0007938573253341019,0.5158786773681641,False,0.44594472646713257,0.4453411102294922,0.4454909861087799,0.44489118456840515,0.0005998015403747559
42,10,4,8,Late,0.4452573359012604,0.44529539346694946,-8.435592462774366e-05,0.5971457958221436,0.4449094831943512,0.4448162317276001,0.00021078645659144968,0.00021078645659144968,-0.0004053420852869749,0.6036282181739807,False,0.44568920135498047,0.44508981704711914,0.4454909861087799,0.44489118456840515,0.0005998015403747559
42,10,4,9,Late,0.44529539346694946,0.4454909861087799,-0.00043819317943416536,0.5686597228050232,0.4448162317276001,0.44489118456840515,-0.00016732802032493055,-0.00016732802032493055,-0.00016732802032493055,0.5748390555381775,False,0.4454905390739441,0.4448906481266022,0.4454909861087799,0.44489118456840515,0.0005998015403747559
42,10,5,0,Early,0.5970226526260376,0.5964986085891724,0.0010687023168429732,0.6253955364227295,0.5970226526260376,0.5964986085891724,0.0010687023168429732,0.0010687023168429732,0.0070426855236291885,0.6253955364227295,False,0.5928326845169067,0.5928326845169067,0.5914797186851501,0.5914429426193237,3.6776065826416016e-05
42,10,5,1,Early,0.5964986085891724,0.595961332321167,0.0010918041225522757,0.7191442847251892,0.5964986085891724,0.5959779620170593,0.00106382358353585,0.0010918041225522757,0.006525831297039986,0.6300885081291199,True,0.5926392078399658,0.5926185250282288,0.5914797186851501,0.5914429426193237,3.6776065826416016e-05
42,10,5,2,Early,0.595961332321167,0.5953755974769592,0.0011742078932002187,0.655292272567749,0.5959779620170593,0.5953906178474426,0.0011771846329793334,0.0011771846329793334,0.006067290902137756,0.6552760004997253,False,0.5923932194709778,0.5923728346824646,0.5914797186851501,0.5914429426193237,3.6776065826416016e-05
42,10,5,3,Early,0.5953755974769592,0.5947703719139099,0.0012083817273378372,0.6430109143257141,0.5953906178474426,0.5947836637496948,0.001211477443575859,0.001211477443575859,0.005480956751853228,0.6430004239082336,False,0.5921558737754822,0.5921361446380615,0.5914797186851501,0.5914429426193237,3.6776065826416016e-05
42,10,5,4,Early,0.5947703719139099,0.594200849533081,0.0011496780207380652,0.7240904569625854,0.5947836637496948,0.5942456126213074,0.001096933032386005,0.0011545598972588778,0.004719458054751158,0.6146963238716125,True,0.5920225381851196,0.5919831395149231,0.5914797186851501,0.5914429426193237,3.6776065826416016e-05
42,10,5,5,Late,0.594200849533081,0.5936368703842163,0.0011417055502533913,0.6550576090812683,0.5942456126213074,0.5936698317527771,0.00116159045137465,0.00116159045137465,0.004091178998351097,0.6549850106239319,False,0.5918561816215515,0.5918193459510803,0.5914797186851501,0.5914429426193237,3.6776065826416016e-05
42,10,5,6,Late,0.5936368703842163,0.5930650234222412,0.001156109618023038,0.7287737727165222,0.5936698317527771,0.5930953025817871,0.0011606367770582438,0.00117849453818053,0.0033586928620934486,0.684858500957489,True,0.591716468334198,0.5916791558265686,0.5914797186851501,0.5914429426193237,3.6776065826416016e-05
42,10,5,7,Late,0.5930650234222412,0.5925179123878479,0.0011158603010699153,0.7752880454063416,0.5930953025817871,0.5925549268722534,0.0011044364655390382,0.001147057511843741,0.0025835861451923847,0.6611858010292053,True,0.5916010737419128,0.5915648937225342,0.5914797186851501,0.5914429426193237,3.6776065826416016e-05
42,10,5,8,Late,0.5925179123878479,0.5919904708862305,0.0010837095323950052,0.7766621112823486,0.5925549268722534,0.5919946432113647,0.0011393220629543066,0.0011393220629543066,0.0018714519683271646,0.7284373044967651,False,0.5914849042892456,0.5914469957351685,0.5914797186851501,0.5914429426193237,3.6776065826416016e-05
42,10,5,9,Late,0.5919904708862305,0.5914797186851501,0.0010569195728749037,0.7542881965637207,0.5919946432113647,0.5914429426193237,0.0011258661979809403,0.0011258661979809403,0.0011258661979809403,0.7539744973182678,False,0.5913650989532471,0.591328501701355,0.5914797186851501,0.5914429426193237,3.6776065826416016e-05
42,10,6,0,Early,0.48821863532066345,0.4877166152000427,0.0010286729084327817,0.6011404395103455,0.48821863532066345,0.4877876043319702,0.0008832690073177218,0.0010286729084327817,0.001397288404405117,0.4294572174549103,True,0.487567275762558,0.4875367283821106,0.4864964783191681,0.4862481355667114,0.00024834275245666504
42,10,6,1,Early,0.4877166152000427,0.48733362555503845,0.0007860732148401439,0.5051865577697754,0.4877876043319702,0.48746970295906067,0.0006529020611196756,0.0008283583447337151,0.0007616255315952003,0.4048708379268646,True,0.487459272146225,0.4874161183834076,0.4864964783191681,0.4862481355667114,0.00024834275245666504
42,10,6,2,Early,0.48733362555503845,0.48698699474334717,0.000711834873072803,0.6839416027069092,0.48746970295906067,0.48717018961906433,0.0006145415245555341,0.0007697268156334758,0.0003407299518585205,0.451240211725235,True,0.48739635944366455,0.4873034656047821,0.4864964783191681,0.4862481355667114,0.00024834275245666504
42,10,6,3,Early,0.48698699474334717,0.48674872517585754,0.0004896565224044025,0.5835843682289124,0.48717018961906433,0.48689281940460205,0.0005702189519070089,0.0005948603502474725,-2.151669468730688e-05,0.479653000831604,True,0.487343966960907,0.4871805012226105,0.4864964783191681,0.4862481355667114,0.00024834275245666504
42,10,6,4,Early,0.48674872517585754,0.4865247309207916,0.0004609379393514246,0.5998403429985046,0.48689281940460205,0.486604243516922,0.0005935468361712992,0.0005935468361712992,-0.00032988126622512937,0.601878821849823,False,0.48722726106643677,0.4870533347129822,0.4864964783191681,0.4862481355667114,0.00024834275245666504
42,10,6,5,Late,0.4865247309207916,0.48641079664230347,0.00023498470545746386,0.6522929072380066,0.486604243516922,0.4864400327205658,0.00033857126254588366,0.00034891499672085047,-0.0006863198941573501,0.5513685345649719,True,0.48714473843574524,0.4869382381439209,0.4864964783191681,0.4862481355667114,0.00024834275245666504
42,10,6,6,Late,0.48641079664230347,0.486392617225647,3.808118708548136e-05,0.6372683644294739,0.4864400327205658,0.4863743484020233,0.00013584688713308424,0.0001676476967986673,-0.0008271284168586135,0.5332680940628052,True,0.48706406354904175,0.48684245347976685,0.4864964783191681,0.4862481355667114,0.00024834275245666504
42,10,6,7,Late,0.486392617225647,0.48639580607414246,-6.140586719993735e-06,0.6574856638908386,0.4863743484020233,0.48630139231681824,0.00015097681898623705,0.00015287191490642726,-0.0006330079631879926,0.5693410634994507,True,0.4869134724140167,0.486682265996933,0.4864964783191681,0.4862481355667114,0.00024834275245666504
42,10,6,8,Late,0.48639580607414246,0.4864371120929718,-8.458417869405821e-05,0.6535761952400208,0.48630139231681824,0.4862632155418396,7.897042814875022e-05,7.897042814875022e-05,-0.0003928947844542563,0.6579598188400269,False,0.4867294132709503,0.48649242520332336,0.4864964783191681,0.4862481355667114,0.00024834275245666504
42,10,6,9,Late,0.4864371120929718,0.4864964783191681,-0.00012184770457679406,0.6811601519584656,0.4862632155418396,0.4862481355667114,3.1044575734995306e-05,3.1044575734995306e-05,3.1044575734995306e-05,0.6835329532623291,False,0.48649635910987854,0.48624807596206665,0.4864964783191681,0.4862481355667114,0.00024834275245666504
42,10,7,0,Early,0.31777623295783997,0.31623178720474243,0.004874449223279953,0.23413245379924774,0.31777623295783997,0.31623178720474243,0.004874449223279953,0.004874449223279953,0.020509887486696243,0.23413245379924774,False,0.31132492423057556,0.31132492423057556,0.3055287003517151,0.30523017048835754,0.00029852986335754395
42,10,7,1,Early,0.31623178720474243,0.31472912430763245,0.004764956422150135,0.24621017277240753,0.31623178720474243,0.31481724977493286,0.0044848015531897545,0.004764956422150135,0.018549779430031776,0.22283388674259186,True,0.31052160263061523,0.3104197084903717,0.3055287003517151,0.30523017048835754,0.00029852986335754395
42,10,7,2,Early,0.31472912430763245,0.3133493959903717,0.004395318683236837,0.20977652072906494,0.31481724977493286,0.3133944571018219,0.004531442653387785,0.004531442653387785,0.017575128003954887,0.2098657488822937,False,0.30944037437438965,0.3093325197696686,0.3055287003517151,0.30523017048835754,0.00029852986335754395
42,10,7,3,Early,0.3133493959903717,0.3119973838329315,0.004326242487877607,0.19331413507461548,0.3133944571018219,0.3120492696762085,0.004304045345634222,0.004425110295414925,0.016293516382575035,0.12045986950397491,True,0.30857133865356445,0.3083294928073883,0.3055287003517151,0.30523017048835754,0.00029852986335754395
42,10,7,4,Early,0.3119973838329315,0.31061333417892456,0.004450032487511635,0.2317834198474884,0.3120492696762085,0.3106691837310791,0.004434722475707531,0.004652717150747776,0.015450865030288696,0.16633957624435425,True,0.3074933588504791,0.3072648346424103,0.3055287003517151,0.30523017048835754,0.00029852986335754395
42,10,7,5,Late,0.31061333417892456,0.3094594478607178,0.0037242798134684563,0.15054075419902802,0.3106691837310791,0.3094359338283539,0.003979476634413004,0.003979476634413004,0.01296560000628233,0.1505971997976303,False,0.3068924844264984,0.30666714906692505,0.3055287003517151,0.30523017048835754,0.00029852986335754395
42,10,7,6,Late,0.3094594478607178,0.30844178795814514,0.003294134745374322,0.13107584416866302,0.3094359338283539,0.30834802985191345,0.0035244955215603113,0.0035244955215603113,0.010495570488274097,0.13108202815055847,False,0.3064393699169159,0.30620521306991577,0.3055287003517151,0.30523017048835754,0.00029852986335754395
42,10,7,7,Late,0.30844178795814514,0.30726176500320435,0.003834720468148589,0.19680941104888916,0.30834802985191345,0.307107537984848,0.004032663069665432,0.004032663069665432,0.009257150813937187,0.19691582024097443,False,0.30574914813041687,0.30550673604011536,0.3055287003517151,0.30523017048835754,0.00029852986335754395
42,10,7,8,Late,0.30726176500320435,0.3063019812107086,0.0031300210393965244,0.2255905419588089,0.307107537984848,0.30614984035491943,0.0031256377696990967,0.003273922484368086,0.005742986686527729,0.22194550931453705,True,0.30564990639686584,0.30534887313842773,0.3055287003517151,0.30523017048835754,0.00029852986335754395
42,10,7,9,Late,0.3063019812107086,0.3055287003517151,0.002530317520722747,0.25181451439857483,0.30614984035491943,0.30523017048835754,0.0030113046523183584,0.0030113046523183584,0.0030113046523183584,0.25201615691185,False,0.305527925491333,0.3052293062210083,0.3055287003517151,0.30523017048835754,0.00029852986335754395
42,10,8,0,Early,0.27199018001556396,0.26125234365463257,0.04028025269508362,0.46021878719329834,0.27199018001556396,0.26160314679145813,0.038937803357839584,0.04028025269508362,0.23543177545070648,0.490522563457489,True,0.2168719470500946,0.21493463218212128,0.2130272537469864,0.21216319501399994,0.0008640587329864502
42,10,8,1,Early,0.26125234365463257,0.25331050157546997,0.03087475895881653,0.39633917808532715,0.26160314679145813,0.2542530298233032,0.028495734557509422,0.03309476003050804,0.2046947330236435,0.3957122266292572,True,0.21506783366203308,0.2131793051958084,0.2130272537469864,0.21216319501399994,0.0008640587329864502
42,10,8,2,Early,0.25331050157546997,0.2459205687046051,0.029607143253087997,0.4016004502773285,0.2542530298233032,0.2468978613615036,0.029352158308029175,0.03310975432395935,0.17695964872837067,0.3731882870197296,True,0.21366839110851288,0.2130165696144104,0.2130272537469864,0.21216319501399994,0.0008640587329864502
42,10,8,3,Early,0.2459205687046051,0.23881268501281738,0.02933432161808014,0.38590505719184875,0.2468978613615036,0.24035266041755676,0.026866458356380463,0.03175060451030731,0.14862070977687836,0.37277621030807495,True,0.213771790266037,0.21280023455619812,0.2130272537469864,0.21216319501399994,0.0008640587329864502
42,10,8,4,Early,0.23881268501281738,0.233015239238739,0.024574169889092445,0.403691828250885,0.24035266041755676,0.23444022238254547,0.02490806393325329,0.03019740618765354,0.12213747203350067,0.3795131742954254,True,0.21347902715206146,0.21271850168704987,0.2130272537469864,0.21216319501399994,0.0008640587329864502
42,10,8,5,Late,0.233015239238739,0.22760890424251556,0.023480195552110672,0.3309094309806824,0.23444022238254547,0.22819475829601288,0.02700081840157509,0.0283303651958704,0.09790551662445068,0.3306691348552704,True,0.2134619951248169,0.2125750035047531,0.2130272537469864,0.21216319501399994,0.0008640587329864502
42,10,8,6,Late,0.22760890424251556,0.22312738001346588,0.019883330911397934,0.4100877642631531,0.22819475829601288,0.22331704199314117,0.021600674837827682,0.022523147985339165,0.07104291766881943,0.37706005573272705,True,0.21326108276844025,0.21254555881023407,0.2130272537469864,0.21216319501399994,0.0008640587329864502
42,10,8,7,Late,0.22312738001346588,0.21920287609100342,0.017746204510331154,0.38699212670326233,0.22331704199314117,0.21912170946598053,0.018959106877446175,0.018959106877446175,0.05029718950390816,0.4200132191181183,False,0.21324895322322845,0.21236257255077362,0.2130272537469864,0.21216319501399994,0.0008640587329864502
42,10,8,8,Late,0.21920287609100342,0.2157844454050064,0.01571410894393921,0.40309178829193115,0.21912170946598053,0.21531136333942413,0.017532801255583763,0.017820682376623154,0.031738054007291794,0.37738850712776184,True,0.21318398416042328,0.2122764140367508,0.2130272537469864,0.21216319501399994,0.0008640587329864502
42,10,8,9,Late,0.2157844454050064,0.2130272537469864,0.012857823632657528,0.4574548304080963,0.21531136333942413,0.21216319501399994,0.014727527275681496,0.014727527275681496,0.014727527275681496,0.4574804902076721,False,0.213027685880661,0.21216359734535217,0.2130272537469864,0.21216319501399994,0.0008640587329864502
42,10,9,0,Early,0.4912874400615692,0.49079182744026184,0.0010104561224579811,0.5728703737258911,0.4912874400615692,0.49084505438804626,0.0009017301490530372,0.0010104561224579811,0.001500300713814795,0.42969146370887756,True,0.490573525428772,0.49055078625679016,0.4890812039375305,0.48904746770858765,3.3736228942871094e-05
42,10,9,1,Early,0.49079182744026184,0.49039697647094727,0.0008059716201387346,0.47490188479423523,0.49084505438804626,0.49043530225753784,0.0008363453089259565,0.0008363453089259565,0.0009272111346945167,0.47498923540115356,False,0.4904116690158844,0.49038997292518616,0.4890812039375305,0.48904746770858765,3.3736228942871094e-05
42,10,9,2,Early,0.49039697647094727,0.4900195002555847,0.0007706934702582657,0.6118016839027405,0.49043530225753784,0.4900507628917694,0.0007848681998439133,0.0007848681998439133,0.00031520656193606555,0.6119816899299622,False,0.490304559469223,0.49028050899505615,0.4890812039375305,0.48904746770858765,3.3736228942871094e-05
42,10,9,3,Early,0.4900195002555847,0.4897412359714508,0.0005689000827260315,0.5463557243347168,0.4900507628917694,0.4897647202014923,0.0005848649307154119,0.0005848649307154119,-0.00023314435384236276,0.5465410947799683,False,0.49018827080726624,0.4901648461818695,0.4890812039375305,0.48904746770858765,3.3736228942871094e-05
42,10,9,4,Early,0.4897412359714508,0.4894740879535675,0.0005467224400490522,0.6286978125572205,0.4897647202014923,0.4894891083240509,0.0005634023109450936,0.0005634023109450936,-0.0005333845037966967,0.6288513541221619,False,0.4900530278682709,0.49002590775489807,0.4890812039375305,0.48904746770858765,3.3736228942871094e-05
42,10,9,5,Late,0.4894740879535675,0.48928406834602356,0.00038883392699062824,0.6931763887405396,0.4894891083240509,0.4892902672290802,0.0004064698296133429,0.0004064698296133429,-0.0008154033566825092,0.6932933330535889,False,0.48991790413856506,0.4898883104324341,0.4890812039375305,0.48904746770858765,3.3736228942871094e-05
42,10,9,6,Late,0.48928406834602356,0.48921483755111694,0.00014239217853173614,0.5836479067802429,0.4892902672290802,0.4892115294933319,0.00016170108574442565,0.00016170108574442565,-0.0009669095161370933,0.5837976932525635,False,0.48979461193084717,0.4897634983062744,0.4890812039375305,0.48904746770858765,3.3736228942871094e-05
42,10,9,7,Late,0.48921483755111694,0.4890998601913452,0.0002358206984354183,0.6785328984260559,0.4892115294933319,0.489086776971817,0.00025548538542352617,0.00025548538542352617,-0.0006504406919702888,0.678629994392395,False,0.4895620346069336,0.48952972888946533,0.4890812039375305,0.48904746770858765,3.3736228942871094e-05
42,10,9,8,Late,0.4890998601913452,0.48909643292427063,7.808468581060879e-06,0.6363463997840881,0.489086776971817,0.4890730381011963,2.8669712264672853e-05,2.8669712264672853e-05,-0.000489650119561702,0.6364710927009583,False,0.48935985565185547,0.48932623863220215,0.4890812039375305,0.48904746770858765,3.3736228942871094e-05
42,10,9,9,Late,0.48909643292427063,0.4890812039375305,3.1637915526516736e-05,0.7152235507965088,0.4890730381011963,0.48904746770858765,5.309467815095559e-05,5.309467815095559e-05,5.309467815095559e-05,0.7153096795082092,False,0.48908090591430664,0.48904702067375183,0.4890812039375305,0.48904746770858765,3.3736228942871094e-05
42,10,10,0,Early,0.3856263756752014,0.38489270210266113,0.001905490062199533,0.2883053421974182,0.3856263756752014,0.38490208983421326,0.0018809803295880556,0.001905490062199533,0.0035545136779546738,0.30137622356414795,True,0.38435226678848267,0.384257972240448,0.3828713595867157,0.3819853663444519,0.0008859932422637939
42,10,10,1,Early,0.38489270210266113,0.3842332363128662,0.001716536469757557,0.2649070918560028,0.38490208983421326,0.3842296898365021,0.0017510473262518644,0.0017510473262518644,0.002820417983457446,0.2649669051170349,False,0.3839122951030731,0.3838179409503937,0.3828713595867157,0.3819853663444519,0.0008859932422637939
42,10,10,2,Early,0.3842332363128662,0.3836764693260193,0.0014512431807816029,0.25989487767219543,0.3842296898365021,0.38374456763267517,0.0012643386144191027,0.0014801685465499759,0.0025352416560053825,0.20991133153438568,True,0.3835088908672333,0.3832567036151886,0.3828713595867157,0.3819853663444519,0.0008859932422637939
42,10,10,3,Early,0.3836764693260193,0.3832075893878937,0.0012238435447216034,0.3158855140209198,0.38374456763267517,0.3833400011062622,0.0010563228279352188,0.0013525428948923945,0.002295559737831354,0.19172941148281097,True,0.38347259163856506,0.3828645646572113,0.3828713595867157,0.3819853663444519,0.0008859932422637939
42,10,10,4,Early,0.3832075893878937,0.3828180134296417,0.001018913579173386,0.3280433118343353,0.3833400011062622,0.382953405380249,0.0010107107227668166,0.0013845654902979732,0.0017129807965829968,0.23312079906463623,True,0.3833993375301361,0.38268378376960754,0.3828713595867157,0.3819853663444519,0.0008859932422637939
42,10,10,5,Late,0.3828180134296417,0.3825579285621643,0.0006813472136855125,0.3995774984359741,0.382953405380249,0.3826916813850403,0.0006853084778413177,0.0011540548875927925,0.0010808659717440605,0.19099317491054535,True,0.38335224986076355,0.38253962993621826,0.3828713595867157,0.3819853663444519,0.0008859932422637939
42,10,10,6,Late,0.3825579285621643,0.382434219121933,0.00032483527320437133,0.4519393742084503,0.3826916813850403,0.38253581523895264,0.0004086590779479593,0.0009326578583568335,0.0007936706533655524,0.1812402606010437,True,0.3832876682281494,0.38238799571990967,0.3828713595867157,0.3819853663444519,0.0008859932422637939
42,10,10,7,Late,0.382434219121933,0.38244175910949707,-1.9254770450061187e-05,0.4050048589706421,0.38253581523895264,0.38219889998435974,0.0008826699922792614,0.0009332664776593447,0.0007432574057020247,0.3088192939758301,True,0.3831530809402466,0.3822515308856964,0.3828713595867157,0.3819853663444519,0.0008859932422637939
42,10,10,8,Late,0.38244175910949707,0.3825959265232086,-0.000401695811888203,0.4008532166481018,0.38219889998435974,0.38201311230659485,0.00048667131341062486,0.00048667131341062486,0.00018653296865522861,0.4060841500759125,False,0.3830108344554901,0.382127583026886,0.3828713595867157,0.3819853663444519,0.0008859932422637939
42,10,10,9,Late,0.3825959265232086,0.3828713595867157,-0.0007186061702668667,0.393449604511261,0.38201311230659485,0.3819853663444519,7.38529342925176e-05,7.38529342925176e-05,7.38529342925176e-05,0.39846256375312805,False,0.38287094235420227,0.3819848895072937,0.3828713595867157,0.3819853663444519,0.0008859932422637939
42,10,11,0,Early,0.5825412273406982,0.5820847749710083,0.0008212162647396326,0.6631787419319153,0.5825412273406982,0.5820847749710083,0.0008212162647396326,0.0008212162647396326,0.006211895029991865,0.6631787419319153,False,0.5789335370063782,0.5789335370063782,0.5779788494110107,0.5779688358306885,1.0013580322265625e-05
42,10,11,1,Early,0.5820847749710083,0.5816388130187988,0.000803830218501389,0.6462152600288391,0.5820847749710083,0.5816388130187988,0.000803830218501389,0.000803830218501389,0.005628097802400589,0.6462152600288391,False,0.5788177847862244,0.5788177847862244,0.5779788494110107,0.5779688358306885,1.0013580322265625e-05
42,10,11,2,Early,0.5816388130187988,0.5811430811882019,0.000889708346221596,0.6635544300079346,0.5816388130187988,0.5811430811882019,0.000889708346221596,0.000889708346221596,0.005122306291013956,0.6635544300079346,False,0.5786669850349426,0.5786669850349426,0.5779788494110107,0.5779688358306885,1.0013580322265625e-05
42,10,11,3,Early,0.5811430811882019,0.5806529521942139,0.0008807718986645341,0.7243055701255798,0.5811430811882019,0.5806704163551331,0.0008508831961080432,0.0008807718986645341,0.0044733453541994095,0.6295619010925293,True,0.5785608291625977,0.5785490870475769,0.5779788494110107,0.5779688358306885,1.0013580322265625e-05
42,10,11,4,Early,0.5806529521942139,0.5801631808280945,0.0008812516462057829,0.6853988766670227,0.5806704163551331,0.5801756381988525,0.0008897078805603087,0.0008897078805603087,0.003861765842884779,0.6853840351104736,False,0.5784429311752319,0.5784322619438171,0.5779788494110107,0.5779688358306885,1.0013580322265625e-05
42,10,11,5,Late,0.5801631808280945,0.579690158367157,0.0008533854852430522,0.6540281772613525,0.5801756381988525,0.5796990394592285,0.0008595790714025497,0.0008595790714025497,0.0032149478793144226,0.6540409326553345,False,0.5783236026763916,0.5783132910728455,0.5779788494110107,0.5779688358306885,1.0013580322265625e-05
42,10,11,6,Late,0.579690158367157,0.5792264938354492,0.0008376590558327734,0.7093348503112793,0.5796990394592285,0.5792309641838074,0.000845281989313662,0.000845281989313662,0.0025648989249020815,0.7093474864959717,False,0.5782238841056824,0.5782139897346497,0.5779788494110107,0.5779688358306885,1.0013580322265625e-05
42,10,11,7,Late,0.5792264938354492,0.5787701606750488,0.0008255061111412942,0.749264657497406,0.5792309641838074,0.5787700414657593,0.0008334864978678524,0.0008334864978678524,0.0019390329252928495,0.7492850422859192,False,0.5781182050704956,0.5781088471412659,0.5779788494110107,0.5779688358306885,1.0013580322265625e-05
42,10,11,8,Late,0.5787701606750488,0.578366219997406,0.0007359352894127369,0.7360106706619263,0.5787700414657593,0.5783611536026001,0.0007442737696692348,0.0007442737696692348,0.0012804267462342978,0.735999345779419,False,0.5780388712882996,0.5780293941497803,0.5779788494110107,0.5779688358306885,1.0013580322265625e-05
42,10,11,9,Late,0.578366219997406,0.5779788494110107,0.0007079357746988535,0.77430659532547,0.5783611536026001,0.5779688358306885,0.0007160361856222153,0.0007160361856222153,0.0007160361856222153,0.7743257880210876,False,0.5779569149017334,0.5779471397399902,0.5779788494110107,0.5779688358306885,1.0013580322265625e-05
42,10,12,0,Early,0.3158935606479645,0.31062597036361694,0.01681625097990036,0.3797818720340729,0.3158935606479645,0.31062597036361694,0.01681625097990036,0.01681625097990036,0.127676859498024,0.3797818720340729,False,0.2780296802520752,0.2780296802520752,0.2686968445777893,0.2675993740558624,0.0010974705219268799
42,10,12,1,Early,0.31062597036361694,0.30430641770362854,0.02055525779724121,0.4455694556236267,0.31062597036361694,0.3044395446777344,0.020116310566663742,0.02055525779724121,0.11852068454027176,0.4098886549472809,True,0.27602776885032654,0.2759082615375519,0.2686968445777893,0.2675993740558624,0.0010974705219268799
42,10,12,2,Early,0.30430641770362854,0.2983548939228058,0.019751468673348427,0.4237991273403168,0.3044395446777344,0.29861563444137573,0.019315091893076897,0.02006395161151886,0.10828863084316254,0.37577807903289795,True,0.2735137343406677,0.2731943726539612,0.2686968445777893,0.2675993740558624,0.0010974705219268799
42,10,12,3,Early,0.2983548939228058,0.2929513454437256,0.0182780921459198,0.38262054324150085,0.29861563444137573,0.2930091917514801,0.018951836973428726,0.018951836973428726,0.09469339996576309,0.3842495083808899,False,0.27207285165786743,0.27163615822792053,0.2686968445777893,0.2675993740558624,0.0010974705219268799
42,10,12,4,Early,0.2929513454437256,0.28793612122535706,0.017269320785999298,0.3412494361400604,0.2930091917514801,0.2877914309501648,0.01796891912817955,0.01796891912817955,0.08179768174886703,0.34310126304626465,False,0.27056828141212463,0.26999568939208984,0.2686968445777893,0.2675993740558624,0.0010974705219268799
42,10,12,5,Late,0.28793612122535706,0.2833460867404938,0.01606915146112442,0.3499246835708618,0.2877914309501648,0.2830013036727905,0.01678529568016529,0.01678529568016529,0.06750582158565521,0.3520028591156006,False,0.26974329352378845,0.2690050005912781,0.2686968445777893,0.2675993740558624,0.0010974705219268799
42,10,12,6,Late,0.2833460867404938,0.2792630195617676,0.014514544047415257,0.3340751826763153,0.2830013036727905,0.27874717116355896,0.015147029422223568,0.015147029422223568,0.0524931401014328,0.3362288177013397,False,0.2693631052970886,0.2685287892818451,0.2686968445777893,0.2675993740558624,0.0010974705219268799
42,10,12,7,Late,0.2792630195617676,0.2754654288291931,0.013692705892026424,0.3091834485530853,0.27874717116355896,0.274755597114563,0.01442383136600256,0.014491504989564419,0.03862067312002182,0.3123385012149811,True,0.269112229347229,0.2681869864463806,0.2686968445777893,0.2675993740558624,0.0010974705219268799
42,10,12,8,Late,0.2754654288291931,0.2719074785709381,0.013000928796827793,0.309185653924942,0.274755597114563,0.27104002237319946,0.013615556992590427,0.013615556992590427,0.025484561920166016,0.31243830919265747,False,0.26885032653808594,0.26784202456474304,0.2686968445777893,0.2675993740558624,0.0010974705219268799
42,10,12,9,Late,0.2719074785709381,0.2686968445777893,0.011877966113388538,0.3194357752799988,0.27104002237319946,0.2675993740558624,0.012776610441505909,0.012776610441505909,0.012776610441505909,0.39577192068099976,False,0.2686968743801117,0.26759907603263855,0.2686968445777893,0.2675993740558624,0.0010974705219268799
42,10,13,0,Early,0.30298876762390137,0.30041542649269104,0.00852938462048769,0.2974126636981964,0.30298876762390137,0.30041542649269104,0.00852938462048769,0.00852938462048769,0.04509526118636131,0.2974126636981964,False,0.289628803730011,0.289628803730011,0.28144511580467224,0.281423956155777,2.1159648895263672e-05
42,10,13,1,Early,0.30041542649269104,0.29796913266181946,0.00817781314253807,0.2590519189834595,0.30041542649269104,0.29796913266181946,0.00817781314253807,0.00817781314253807,0.041817497462034225,0.2590519189834595,False,0.28811174631118774,0.28811174631118774,0.28144511580467224,0.281423956155777,2.1159648895263672e-05
42,10,13,2,Early,0.29796913266181946,0.2956732213497162,0.007737162988632917,0.24410411715507507,0.29796913266181946,0.2956732213497162,0.007737162988632917,0.007737162988632917,0.036924898624420166,0.24410411715507507,False,0.2871672511100769,0.2871672511100769,0.28144511580467224,0.281423956155777,2.1159648895263672e-05
42,10,13,3,Early,0.2956732213497162,0.2935236692428589,0.00729726254940033,0.19658246636390686,0.2956732213497162,0.2935236692428589,0.00729726254940033,0.00729726254940033,0.03281658887863159,0.19658246636390686,False,0.28612765669822693,0.28612765669822693,0.28144511580467224,0.281423956155777,2.1159648895263672e-05
42,10,13,4,Early,0.2935236692428589,0.29128924012184143,0.0076426430605351925,0.21974751353263855,0.2935236692428589,0.29128924012184143,0.0076426430605351925,0.0076426430605351925,0.0306532122194767,0.21974751353263855,False,0.2846626341342926,0.2846626341342926,0.28144511580467224,0.281423956155777,2.1159648895263672e-05
42,10,13,5,Late,0.29128924012184143,0.28900590538978577,0.007871056906878948,0.23963585495948792,0.29128924012184143,0.28900590538978577,0.007871056906878948,0.007871056906878948,0.02722407877445221,0.23963585495948792,False,0.28346607089042664,0.28346607089042664,0.28144511580467224,0.281423956155777,2.1159648895263672e-05
42,10,13,6,Late,0.28900590538978577,0.28691646456718445,0.0072599840350449085,0.23472252488136292,0.28900590538978577,0.28695574402809143,0.007122335955500603,0.0072599840350449085,0.022322798147797585,0.18266157805919647,True,0.28265702724456787,0.2826259136199951,0.28144511580467224,0.281423956155777,2.1159648895263672e-05
42,10,13,7,Late,0.28691646456718445,0.28490859270095825,0.007024087943136692,0.24087217450141907,0.28695574402809143,0.28492632508277893,0.007099253591150045,0.007099253591150045,0.017543669790029526,0.24088284373283386,False,0.28199058771133423,0.28196537494659424,0.28144511580467224,0.281423956155777,2.1159648895263672e-05
42,10,13,8,Late,0.28490859270095825,0.2831159830093384,0.006312164943665266,0.20966443419456482,0.28492632508277893,0.28310978412628174,0.006396741606295109,0.006396741606295109,0.011682158336043358,0.20966611802577972,False,0.2816403806209564,0.281617134809494,0.28144511580467224,0.281423956155777,2.1159648895263672e-05
42,10,13,9,Late,0.2831159830093384,0.28144511580467224,0.005921054165810347,0.2682482898235321,0.28310978412628174,0.281423956155777,0.005974262487143278,0.005974262487143278,0.005974262487143278,0.2682724595069885,False,0.28144457936286926,0.2814234495162964,0.28144511580467224,0.281423956155777,2.1159648895263672e-05
42,10,14,0,Early,0.304341584444046,0.2922593653202057,0.04051033407449722,0.499777615070343,0.304341584444046,0.2922593653202057,0.04051033407449722,0.04051033407449722,0.22701285779476166,0.499777615070343,False,0.24253293871879578,0.24253293871879578,0.2354901283979416,0.23376432061195374,0.001725807785987854
42,10,14,1,Early,0.2922593653202057,0.2822389006614685,0.034884873777627945,0.4728817939758301,0.2922593653202057,0.28387078642845154,0.029124798253178596,0.034884873777627945,0.20989194512367249,0.49912020564079285,True,0.23871061205863953,0.23692633211612701,0.2354901283979416,0.23376432061195374,0.001725807785987854
42,10,14,2,Early,0.2822389006614685,0.2735244333744049,0.03136678412556648,0.41375547647476196,0.28387078642845154,0.2758992314338684,0.02847997471690178,0.02929021045565605,0.1818544864654541,0.37921634316444397,True,0.23775868117809296,0.23666943609714508,0.2354901283979416,0.23376432061195374,0.001725807785987854
42,10,14,3,Early,0.2735244333744049,0.26585423946380615,0.028440453112125397,0.4031502306461334,0.2758992314338684,0.2680816054344177,0.02874363772571087,0.02921183407306671,0.15502268075942993,0.3046191334724426,True,0.23702245950698853,0.23627890646457672,0.2354901283979416,0.23376432061195374,0.001725807785987854
42,10,14,4,Early,0.26585423946380615,0.2590402364730835,0.025960834696888924,0.28819993138313293,0.2680816054344177,0.2603352665901184,0.029317058622837067,0.029317058622837067,0.1293494552373886,0.4325515031814575,False,0.2371484637260437,0.23555433750152588,0.2354901283979416,0.23376432061195374,0.001725807785987854
42,10,14,5,Late,0.2590402364730835,0.25343629717826843,0.021870233118534088,0.32841333746910095,0.2603352665901184,0.2540815472602844,0.024312647059559822,0.02552853710949421,0.10111857950687408,0.41789087653160095,True,0.23712754249572754,0.23529769480228424,0.2354901283979416,0.23376432061195374,0.001725807785987854
42,10,14,6,Late,0.25343629717826843,0.2482464611530304,0.02069319412112236,0.4203515350818634,0.2540815472602844,0.2477574348449707,0.02520320937037468,0.02520320937037468,0.07958554476499557,0.3112928569316864,False,0.23630385100841522,0.23464399576187134,0.2354901283979416,0.23376432061195374,0.001725807785987854
42,10,14,7,Late,0.2482464611530304,0.24360525608062744,0.018874987959861755,0.3132377862930298,0.2477574348449707,0.2429269552230835,0.019691528752446175,0.02036351151764393,0.0554429292678833,0.42385533452033997,True,0.23617953062057495,0.2343948483467102,0.2354901283979416,0.23376432061195374,0.001725807785987854
42,10,14,8,Late,0.24360525608062744,0.23931866884231567,0.017755789682269096,0.4641594886779785,0.2429269552230835,0.23792119324207306,0.02081812545657158,0.02081812545657158,0.03780115768313408,0.3091343641281128,False,0.2355947494506836,0.23391538858413696,0.2354901283979416,0.23376432061195374,0.001725807785987854
42,10,14,9,Late,0.23931866884231567,0.2354901283979416,0.016126736998558044,0.3671603500843048,0.23792119324207306,0.23376432061195374,0.017626965418457985,0.017626965418457985,0.017626965418457985,0.35638102889060974,False,0.23549018800258636,0.23376411199569702,0.2354901283979416,0.23376432061195374,0.001725807785987854
42,10,15,0,Early,0.2891415059566498,0.27762699127197266,0.04063697159290314,0.4579404592514038,0.2891415059566498,0.27762699127197266,0.04063697159290314,0.04063697159290314,0.22242853045463562,0.4579404592514038,False,0.23147860169410706,0.23147860169410706,0.22655659914016724,0.22404351830482483,0.0025130808353424072
42,10,15,1,Early,0.27762699127197266,0.2680177092552185,0.03522685542702675,0.4525555372238159,0.27762699127197266,0.2689550220966339,0.031735312193632126,0.03522685542702675,0.20584888756275177,0.5099899172782898,True,0.2274615466594696,0.2259760946035385,0.22655659914016724,0.22404351830482483,0.0025130808353424072
42,10,15,2,Early,0.2680177092552185,0.2601482570171356,0.02980431541800499,0.4301450848579407,0.2689550220966339,0.26167425513267517,0.0274430513381958,0.030238598585128784,0.17651773989200592,0.3875046968460083,True,0.22748713195323944,0.22543372213840485,0.22655659914016724,0.22404351830482483,0.0025130808353424072
42,10,15,3,Early,0.2601482570171356,0.25319114327430725,0.027100251987576485,0.3502810299396515,0.26167425513267517,0.25469502806663513,0.027026822790503502,0.030702736228704453,0.14929534494876862,0.3569672107696533,True,0.2274167686700821,0.22538384795188904,0.22655659914016724,0.22404351830482483,0.0025130808353424072
42,10,15,4,Early,0.25319114327430725,0.24718838930130005,0.023986129090189934,0.3673112392425537,0.25469502806663513,0.24847473204135895,0.024723513051867485,0.02795589156448841,0.12306690216064453,0.41099992394447327,True,0.2273542881011963,0.22520245611667633,0.22655659914016724,0.22404351830482483,0.0025130808353424072
42,10,15,5,Late,0.24718838930130005,0.2415870726108551,0.022918425500392914,0.42291995882987976,0.24847473204135895,0.24188783764839172,0.026865974068641663,0.02757987566292286,0.09959161281585693,0.3290756344795227,True,0.22697603702545166,0.22492101788520813,0.22655659914016724,0.22404351830482483,0.0025130808353424072
42,10,15,6,Late,0.2415870726108551,0.23696154356002808,0.019332053139805794,0.3552704155445099,0.24188783764839172,0.23679542541503906,0.02127174846827984,0.02231811173260212,0.07285681366920471,0.3462299406528473,True,0.22696451842784882,0.2248912900686264,0.22655659914016724,0.22404351830482483,0.0025130808353424072
42,10,15,7,Late,0.23696154356002808,0.23293790221214294,0.017124256119132042,0.424950510263443,0.23679542541503906,0.23217841982841492,0.019685454666614532,0.019685454666614532,0.05304134637117386,0.4378550946712494,False,0.22666817903518677,0.22456273436546326,0.22655659914016724,0.22404351830482483,0.0025130808353424072
42,10,15,8,Late,0.23293790221214294,0.22938239574432373,0.015375732444226742,0.3847751021385193,0.23217841982841492,0.22771131992340088,0.01943318173289299,0.01943318173289299,0.03524293005466461,0.33321279287338257,False,0.22667497396469116,0.2241382598876953,0.22655659914016724,0.22404351830482483,0.0025130808353424072
42,10,15,9,Late,0.22938239574432373,0.22655659914016724,0.01238685380667448,0.4333851933479309,0.22771131992340088,0.22404351830482483,0.01623712107539177,0.01623712107539177,0.01623712107539177,0.4284456670284271,False,0.2265585958957672,0.22404378652572632,0.22655659914016724,0.22404351830482483,0.0025130808353424072
42,10,16,0,Early,0.47893616557121277,0.47845596075057983,0.0010030800476670265,0.4262806475162506,0.47893616557121277,0.47845596075057983,0.0010030800476670265,0.0010030800476670265,0.0013741911388933659,0.4262806475162506,False,0.4782782793045044,0.4782782793045044,0.47683823108673096,0.47672978043556213,0.00010845065116882324
42,10,16,1,Early,0.47845596075057983,0.4780644178390503,0.0008194263209588826,0.49202004075050354,0.47845596075057983,0.47807177901268005,0.0008039476815611124,0.0008194263209588826,0.0007057763286866248,0.4148652255535126,True,0.4781809151172638,0.4781181216239929,0.47683823108673096,0.47672978043556213,0.00010845065116882324
42,10,16,2,Early,0.4780644178390503,0.4777074158191681,0.0007485560490749776,0.4876554012298584,0.47807177901268005,0.4777008593082428,0.0007767871138639748,0.0007767871138639748,0.0002371401060372591,0.4879688620567322,False,0.47802162170410156,0.4779582619667053,0.47683823108673096,0.47672978043556213,0.00010845065116882324
42,10,16,3,Early,0.4777074158191681,0.4773994982242584,0.0006452678935602307,0.49794235825538635,0.4777008593082428,0.4773857295513153,0.0006602784269489348,0.0006602784269489348,-0.00025917001767084,0.4982006251811981,False,0.47788962721824646,0.47782453894615173,0.47683823108673096,0.47672978043556213,0.00010845065116882324
42,10,16,4,Early,0.4773994982242584,0.4772227704524994,0.0003710982564371079,0.527859628200531,0.4773857295513153,0.4772114157676697,0.0003658678033389151,0.0003863512829411775,-0.0007299936842173338,0.4975915253162384,True,0.47783809900283813,0.47773420810699463,0.47683823108673096,0.47672978043556213,0.00010845065116882324
42,10,16,5,Late,0.4772227704524994,0.4769936800003052,0.00048070886987261474,0.6234652996063232,0.4772114157676697,0.4769599735736847,0.0005275341682136059,0.0005275341682136059,-0.0007441975176334381,0.6244191527366638,False,0.47767090797424316,0.47756657004356384,0.47683823108673096,0.47672978043556213,0.00010845065116882324
42,10,16,6,Late,0.4769936800003052,0.47685202956199646,0.00029779894975945354,0.6063107252120972,0.4769599735736847,0.47679775953292847,0.0003407004987820983,0.0003407004987820983,-0.0008845129050314426,0.6072626709938049,False,0.47748711705207825,0.47738197445869446,0.47683823108673096,0.47672978043556213,0.00010845065116882324
42,10,16,7,Late,0.47685202956199646,0.47678515315055847,0.00014096053200773895,0.5944625735282898,0.47679775953292847,0.476710706949234,0.00018327294674236327,0.00018327294674236327,-0.0007884901715442538,0.5954135656356812,False,0.4772818088531494,0.4771738052368164,0.47683823108673096,0.47672978043556213,0.00010845065116882324
42,10,16,8,Late,0.47678515315055847,0.4767827093601227,5.773731572844554e-06,0.6362642049789429,0.476710706949234,0.4766906797885895,4.284692113287747e-05,4.284692113287747e-05,-0.0005310556152835488,0.6373040080070496,False,0.4770718812942505,0.47696390748023987,0.47683823108673096,0.47672978043556213,0.00010845065116882324
42,10,16,9,Late,0.4767827093601227,0.47683823108673096,-0.00011576814722502604,0.6635777354240417,0.4766906797885895,0.47672978043556213,-8.119399717543274e-05,-8.119399717543274e-05,-8.119399717543274e-05,0.6645821332931519,False,0.4768378734588623,0.4767293632030487,0.47683823108673096,0.47672978043556213,0.00010845065116882324
42,10,17,0,Early,0.5800592303276062,0.5795977711677551,0.0008197860443033278,0.6728514432907104,0.5800592303276062,0.5796089768409729,0.0008003734401427209,0.0008197860443033278,0.006088468711823225,0.614111065864563,True,0.5765413045883179,0.5765381455421448,0.57569819688797,0.5756571888923645,4.100799560546875e-05
42,10,17,1,Early,0.5795977711677551,0.5791460275650024,0.000803706469014287,0.7011454701423645,0.5796089768409729,0.5791672468185425,0.0007865597726777196,0.000805374002084136,0.00550919771194458,0.622212827205658,True,0.5764385461807251,0.5764244198799133,0.57569819688797,0.5756571888923645,4.100799560546875e-05
42,10,17,2,Early,0.5791460275650024,0.5786826014518738,0.0008245563949458301,0.6672824621200562,0.5791672468185425,0.5787064433097839,0.0008199143339879811,0.0008295590523630381,0.004959104582667351,0.605201780796051,True,0.5763277411460876,0.5763020515441895,0.57569819688797,0.5756571888923645,4.100799560546875e-05
42,10,17,3,Early,0.5786826014518738,0.578216552734375,0.0008296726737171412,0.7271649241447449,0.5787064433097839,0.5782442092895508,0.0008228926453739405,0.0008374142344109714,0.004350041970610619,0.621606707572937,True,0.5762364864349365,0.5761944055557251,0.57569819688797,0.5756571888923645,4.100799560546875e-05
42,10,17,4,Early,0.578216552734375,0.5777343511581421,0.0008583845337852836,0.6808310747146606,0.5782442092895508,0.5777532458305359,0.0008733918075449765,0.0008733918075449765,0.003768126480281353,0.6808879971504211,False,0.5761101245880127,0.5760692954063416,0.57569819688797,0.5756571888923645,4.100799560546875e-05
42,10,17,5,Late,0.5777343511581421,0.5772801041603088,0.0008104963344521821,0.733688473701477,0.5777532458305359,0.577301025390625,0.0008070472395047545,0.0008243131451308727,0.0030703190714120865,0.685462236404419,True,0.576021671295166,0.5759820342063904,0.57569819688797,0.5756571888923645,4.100799560546875e-05
42,10,17,6,Late,0.5772801041603088,0.5768525004386902,0.0007652402855455875,0.6731730699539185,0.577301025390625,0.5768600702285767,0.0007883490179665387,0.0007883490179665387,0.0024514910764992237,0.6733087301254272,False,0.5759268403053284,0.5758873820304871,0.57569819688797,0.5756571888923645,4.100799560546875e-05
42,10,17,7,Late,0.5768525004386902,0.5764329433441162,0.000751898274756968,0.6889324188232422,0.5768600702285767,0.5764254927635193,0.0007778661092743278,0.0007778661092743278,0.0018619655165821314,0.6889697909355164,False,0.57582688331604,0.5757868885993958,0.57569819688797,0.5756571888923645,4.100799560546875e-05
42,10,17,8,Late,0.5764329433441162,0.5760382413864136,0.0007090067956596613,0.7642408609390259,0.5764254927635193,0.576014518737793,0.0007374773267656565,0.0007374773267656565,0.0012551620602607727,0.7642560005187988,False,0.5757421255111694,0.5757023692131042,0.57569819688797,0.5756571888923645,4.100799560546875e-05
42,10,17,9,Late,0.5760382413864136,0.57569819688797,0.0006145415245555341,0.7334885001182556,0.576014518737793,0.5756571888923645,0.0006446826155297458,0.0006446826155297458,0.0006446826155297458,0.7334704995155334,False,0.5756843090057373,0.5756432414054871,0.57569819688797,0.5756571888923645,4.100799560546875e-05
42,10,18,0,Early,0.5239095687866211,0.523493230342865,0.0007953597232699394,0.6087774634361267,0.5239095687866211,0.5235116481781006,0.0007604667916893959,0.0007953597232699394,0.0026228907518088818,0.46559807658195496,True,0.5225611329078674,0.5225369930267334,0.5213251709938049,0.52128005027771,4.51207160949707e-05
42,10,18,1,Early,0.523493230342865,0.5230738520622253,0.0008016772917471826,0.6066546440124512,0.5235116481781006,0.5230807662010193,0.0008233555709011853,0.0008233555709011853,0.0021259409841150045,0.6068862676620483,False,0.5224265456199646,0.5223996639251709,0.5213251709938049,0.52128005027771,4.51207160949707e-05
42,10,18,2,Early,0.5230738520622253,0.5227667689323425,0.0005878491210751235,0.5616582036018372,0.5230807662010193,0.5227709412574768,0.0005926145240664482,0.0005926145240664482,0.001418458647094667,0.5619004368782043,False,0.5223655104637146,0.5223391652107239,0.5213251709938049,0.52128005027771,4.51207160949707e-05
42,10,18,3,Early,0.5227667689323425,0.5224565267562866,0.0005940285627730191,0.6805970668792725,0.5227709412574768,0.5224591493606567,0.0005973725928924978,0.0006042742752470076,0.0010021163616329432,0.6226051449775696,True,0.5222769379615784,0.5222471952438354,0.5213251709938049,0.52128005027771,4.51207160949707e-05
42,10,18,4,Early,0.5224565267562866,0.5221417546272278,0.0006029644282534719,0.687238335609436,0.5224591493606567,0.5221356749534607,0.0006197623442858458,0.0006197623442858458,0.0007010609260760248,0.6873936057090759,False,0.5221240520477295,0.522092878818512,0.5213251709938049,0.52128005027771,4.51207160949707e-05
42,10,18,5,Late,0.5221417546272278,0.5219088792800903,0.00044675986282527447,0.6792380809783936,0.5221356749534607,0.5218948125839233,0.00046177321928553283,0.00046177321928553283,0.00030972115928307176,0.6794909238815308,False,0.5220076441764832,0.5219739079475403,0.5213251709938049,0.52128005027771,4.51207160949707e-05
42,10,18,6,Late,0.5219088792800903,0.5216731429100037,0.0004523647658061236,0.6766920685768127,0.5218948125839233,0.5216507911682129,0.00046821217983961105,0.00046821217983961105,0.000208081110031344,0.6769819259643555,False,0.5218232870101929,0.5217861533164978,0.5213251709938049,0.52128005027771,4.51207160949707e-05
42,10,18,7,Late,0.5216731429100037,0.5215106010437012,0.0003119830507785082,0.7250053286552429,0.5216507911682129,0.5214807391166687,0.00032616432872600853,0.00032616432872600853,5.57001621928066e-05,0.725079357624054,False,0.5216613411903381,0.5216216444969177,0.5213251709938049,0.52128005027771,4.51207160949707e-05
42,10,18,8,Late,0.5215106010437012,0.5214203596115112,0.00017337828467134386,0.7075552344322205,0.5214807391166687,0.5213832259178162,0.0001872040011221543,0.0001872040011221543,9.170020348392427e-06,0.7077046036720276,False,0.5215179920196533,0.5214759111404419,0.5213251709938049,0.52128005027771,4.51207160949707e-05
42,10,18,9,Late,0.5214203596115112,0.5213251709938049,0.00018302525859326124,0.7580878734588623,0.5213832259178162,0.52128005027771,0.00019816189887933433,0.00019816189887933433,0.00019816189887933433,0.7581654787063599,False,0.521324872970581,0.5212798714637756,0.5213251709938049,0.52128005027771,4.51207160949707e-05
42,10,19,0,Early,0.27966833114624023,0.2649412155151367,0.054093893617391586,0.3896465003490448,0.27966833114624023,0.26537227630615234,0.05248625576496124,0.054093893617391586,0.19491884112358093,0.36238721013069153,True,0.2322005033493042,0.23013949394226074,0.23337124288082123,0.2232731729745865,0.010098069906234741
42,10,19,1,Early,0.2649412155151367,0.25158071517944336,0.05173670873045921,0.41136351227760315,0.26537227630615234,0.25188910961151123,0.05213996022939682,0.05472216382622719,0.14778150618076324,0.39906543493270874,True,0.2350887656211853,0.2289152443408966,0.23337124288082123,0.2232731729745865,0.010098069906234741
42,10,19,2,Early,0.25158071517944336,0.24026621878147125,0.0460091307759285,0.430118590593338,0.25188910961151123,0.2422444373369217,0.039063744246959686,0.05175606533885002,0.10191676765680313,0.4059899151325226,True,0.23402926325798035,0.22748224437236786,0.23337124288082123,0.2232731729745865,0.010098069906234741
42,10,19,3,Early,0.24026621878147125,0.2315213829278946,0.0370754711329937,0.37984687089920044,0.2422444373369217,0.2322525531053543,0.04216389358043671,0.051944177597761154,0.0775509849190712,0.45988473296165466,True,0.23382101953029633,0.22416812181472778,0.23337124288082123,0.2232731729745865,0.010098069906234741
42,10,19,4,Early,0.2315213829278946,0.22562633454799652,0.02579777128994465,0.3740100860595703,0.2322525531053543,0.22470510005950928,0.033026255667209625,0.038304056972265244,0.03568878769874573,0.3685135245323181,True,0.23406274616718292,0.22410988807678223,0.23337124288082123,0.2232731729745865,0.010098069906234741
42,10,19,5,Late,0.22562633454799652,0.22219103574752808,0.015333150513470173,0.3938448131084442,0.22470510005950928,0.22060942649841309,0.018422093242406845,0.021489741280674934,0.0034340862184762955,0.38223472237586975,True,0.23452091217041016,0.22393476963043213,0.23337124288082123,0.2232731729745865,0.010098069906234741
42,10,19,6,Late,0.22219103574752808,0.22232761979103088,-0.000630109803751111,0.42534419894218445,0.22060942649841309,0.21853061020374298,0.009465329349040985,0.009812088683247566,-0.014317957684397697,0.3894101083278656,True,0.23447734117507935,0.22379082441329956,0.23337124288082123,0.2232731729745865,0.010098069906234741
42,10,19,7,Late,0.22232761979103088,0.22486993670463562,-0.01135364081710577,0.4101846516132355,0.21853061020374298,0.2190503180027008,-0.0023730082903057337,-0.001257690484635532,-0.022598393261432648,0.42717814445495605,True,0.23412640392780304,0.2235252559185028,0.23337124288082123,0.2232731729745865,0.010098069906234741
42,10,19,8,Late,0.22486993670463562,0.2285497635602951,-0.016233686357736588,0.42029571533203125,0.2190503180027008,0.22066856920719147,-0.00735407555475831,-0.005487051792442799,-0.01994270831346512,0.40780526399612427,True,0.2335219532251358,0.22346262633800507,0.23337124288082123,0.2232731729745865,0.010098069906234741
42,10,19,9,Late,0.2285497635602951,0.23337124288082123,-0.020882921293377876,0.422743022441864,0.22066856920719147,0.2232731729745865,-0.011737077496945858,-0.011737077496945858,-0.011737077496945858,0.4399174749851227,False,0.2333727329969406,0.22327382862567902,0.23337124288082123,0.2232731729745865,0.010098069906234741
42,10,20,0,Early,0.3275824785232544,0.3262234330177307,0.004158737603574991,0.266421914100647,0.3275824785232544,0.3262234330177307,0.004158737603574991,0.004158737603574991,0.014826263301074505,0.266421914100647,False,0.3227613568305969,0.3227613568305969,0.3187669813632965,0.3180331587791443,0.0007338225841522217
42,10,20,1,Early,0.3262234330177307,0.32497522234916687,0.0038340084720402956,0.1948448121547699,0.3262234330177307,0.32497522234916687,0.0038340084720402956,0.0038340084720402956,0.01351324375718832,0.1948448121547699,False,0.32184460759162903,0.32184460759162903,0.3187669813632965,0.3180331587791443,0.0007338225841522217
42,10,20,2,Early,0.32497522234916687,0.32367032766342163,0.004026609007269144,0.17004850506782532,0.32497522234916687,0.32367032766342163,0.004026609007269144,0.004026609007269144,0.013738145120441914,0.17004850506782532,False,0.320541113615036,0.320541113615036,0.3187669813632965,0.3180331587791443,0.0007338225841522217
42,10,20,3,Early,0.32367032766342163,0.32260861992836,0.003286170307546854,0.18041473627090454,0.32367032766342163,0.3226173520088196,0.0032602690625935793,0.003286170307546854,0.011205899529159069,0.14878617227077484,True,0.3201577067375183,0.3200634717941284,0.3187669813632965,0.3180331587791443,0.0007338225841522217
42,10,20,4,Early,0.32260861992836,0.3216714859008789,0.0029112256597727537,0.2074158489704132,0.3226173520088196,0.3217110335826874,0.00281387846916914,0.0029711308889091015,0.009564543142914772,0.1542149931192398,True,0.31997835636138916,0.31954631209373474,0.3187669813632965,0.3180331587791443,0.0007338225841522217
42,10,20,5,Late,0.3216714859008789,0.3208945393562317,0.0024203232023864985,0.20532025396823883,0.3217110335826874,0.32087624073028564,0.0026000014040619135,0.0027380301617085934,0.008501588366925716,0.16574455797672272,True,0.3197586238384247,0.31898754835128784,0.3187669813632965,0.3180331587791443,0.0007338225841522217
42,10,20,6,Late,0.3208945393562317,0.32024821639060974,0.002017935970798135,0.15931841731071472,0.32087624073028564,0.3200547695159912,0.002565996255725622,0.002621633466333151,0.007497900631278753,0.15942883491516113,True,0.31926998496055603,0.3184792995452881,0.3187669813632965,0.3180331587791443,0.0007338225841522217
42,10,20,7,Late,0.32024821639060974,0.31965580582618713,0.0018536228453740478,0.21533040702342987,0.3200547695159912,0.31937363743782043,0.0021332104224711657,0.0024807346053421497,0.005438268184661865,0.1446083039045334,True,0.31909772753715515,0.3183189034461975,0.3187669813632965,0.3180331587791443,0.0007338225841522217
42,10,20,8,Late,0.31965580582618713,0.3192097842693329,0.0013982708333060145,0.1993512511253357,0.31937363743782043,0.3186798691749573,0.002176747191697359,0.002176747191697359,0.00376343447715044,0.1993795931339264,False,0.3189478814601898,0.31817391514778137,0.3187669813632965,0.3180331587791443,0.0007338225841522217
42,10,20,9,Late,0.3192097842693329,0.3187669813632965,0.0013914883602410555,0.30813437700271606,0.3186798691749573,0.3180331587791443,0.002033643191680312,0.002033643191680312,0.002033643191680312,0.30835774540901184,False,0.31876590847969055,0.318032443523407,0.3187669813632965,0.3180331587791443,0.0007338225841522217
42,10,21,0,Early,0.6086476445198059,0.6081458926200867,0.0012374281650409102,0.6174713969230652,0.6086476445198059,0.6081458926200867,0.0012374281650409102,0.0012374281650409102,0.0074506341479718685,0.6174713969230652,False,0.6041296124458313,0.6041296124458313,0.6032153367996216,0.6031383275985718,7.700920104980469e-05
42,10,21,1,Early,0.6081458926200867,0.607637345790863,0.0012499329168349504,0.6531082987785339,0.6081458926200867,0.607646644115448,0.0012345729628577828,0.0012499329168349504,0.0069820168428123,0.5492830872535706,True,0.6039183139801025,0.6039144396781921,0.6032153367996216,0.6031383275985718,7.700920104980469e-05
42,10,21,2,Early,0.607637345790863,0.6070931553840637,0.0013105334946885705,0.7035787105560303,0.607646644115448,0.6071220636367798,0.0012782699195668101,0.0013102953089401126,0.00649597542360425,0.5538998246192932,True,0.603735625743866,0.6037121415138245,0.6032153367996216,0.6031383275985718,7.700920104980469e-05
42,10,21,3,Early,0.6070931553840637,0.6065216660499573,0.0013568459544330835,0.6776279211044312,0.6071220636367798,0.6065477728843689,0.0013616075739264488,0.0013616075739264488,0.005947721190750599,0.677553117275238,False,0.6035497188568115,0.6035216450691223,0.6032153367996216,0.6031383275985718,7.700920104980469e-05
42,10,21,4,Early,0.6065216660499573,0.6059669852256775,0.001330654718913138,0.7093111872673035,0.6065477728843689,0.6059893369674683,0.0013372041285037994,0.0013406547950580716,0.005231568589806557,0.6649983525276184,True,0.6034293174743652,0.6033828258514404,0.6032153367996216,0.6031383275985718,7.700920104980469e-05
42,10,21,5,Late,0.6059669852256775,0.6053968667984009,0.0013581577222794294,0.6863284111022949,0.6059893369674683,0.6054106950759888,0.001371967140585184,0.0013779191067442298,0.004544801544398069,0.6612105965614319,True,0.6032921671867371,0.6032413840293884,0.6032153367996216,0.6031383275985718,7.700920104980469e-05
42,10,21,6,Late,0.6053968667984009,0.6048343181610107,0.0013468447141349316,0.7672173380851746,0.6054106950759888,0.6048628091812134,0.0013228016905486584,0.0013738680863752961,0.0037523070350289345,0.6449440121650696,True,0.6032018065452576,0.6031432151794434,0.6032153367996216,0.6031383275985718,7.700920104980469e-05
42,10,21,7,Late,0.6048343181610107,0.6042683124542236,0.0013545858673751354,0.7313235402107239,0.6048628091812134,0.6042659282684326,0.0014056556392461061,0.0014056556392461061,0.003032393753528595,0.7312132716178894,False,0.6030948758125305,0.6030313968658447,0.6032153367996216,0.6031383275985718,7.700920104980469e-05
42,10,21,8,Late,0.6042683124542236,0.6037378907203674,0.0012970835668966174,0.7474850416183472,0.6042659282684326,0.6037014722824097,0.001353633706457913,0.001353633706457913,0.002167241182178259,0.7383899688720703,False,0.6030275821685791,0.6029577255249023,0.6032153367996216,0.6031383275985718,7.700920104980469e-05
42,10,21,9,Late,0.6037378907203674,0.6032153367996216,0.001285657985135913,0.7082082629203796,0.6037014722824097,0.6031383275985718,0.0013530412688851357,0.0013530412688851357,0.0013530412688851357,0.7079570293426514,False,0.6029621958732605,0.6028851866722107,0.6032153367996216,0.6031383275985718,7.700920104980469e-05
42,10,22,0,Early,0.3418445885181427,0.34065040946006775,0.0035004857927560806,0.2475745975971222,0.3418445885181427,0.34065040946006775,0.0035004857927560806,0.0035004857927560806,0.01078695897012949,0.2475745975971222,False,0.33817678689956665,0.33817678689956665,0.3347720205783844,0.3339610695838928,0.0008109509944915771
42,10,22,1,Early,0.34065040946006775,0.33965328335762024,0.002932740608230233,0.19414451718330383,0.34065040946006775,0.33965328335762024,0.002932740608230233,0.002932740608230233,0.00974599365144968,0.19414451718330383,False,0.3373463749885559,0.3373463749885559,0.3347720205783844,0.3339610695838928,0.0008109509944915771
42,10,22,2,Early,0.33965328335762024,0.33870169520378113,0.002805793657898903,0.16608379781246185,0.33965328335762024,0.33870169520378113,0.002805793657898903,0.002805793657898903,0.009274358861148357,0.16608379781246185,False,0.3365176320075989,0.3365176320075989,0.3347720205783844,0.3339610695838928,0.0008109509944915771
42,10,22,3,Early,0.33870169520378113,0.3378506600856781,0.0025177185889333487,0.124719999730587,0.33870169520378113,0.3378506600856781,0.0025177185889333487,0.0025177185889333487,0.008304331451654434,0.124719999730587,False,0.33590051531791687,0.33590051531791687,0.3347720205783844,0.3339610695838928,0.0008109509944915771
42,10,22,4,Early,0.3378506600856781,0.33698421716690063,0.0025687303859740496,0.13505896925926208,0.3378506600856781,0.33698421716690063,0.0025687303859740496,0.0025687303859740496,0.00804255809634924,0.13505896925926208,False,0.3351442813873291,0.3351442813873291,0.3347720205783844,0.3339610695838928,0.0008109509944915771
42,10,22,5,Late,0.33698421716690063,0.33620691299438477,0.002311127493157983,0.26550614833831787,0.33698421716690063,0.33620768785476685,0.0023084180429577827,0.002311127493157983,0.00685940682888031,0.12092039734125137,True,0.3351950943470001,0.33468058705329895,0.3347720205783844,0.3339610695838928,0.0008109509944915771
42,10,22,6,Late,0.33620691299438477,0.3356446921825409,0.001675481558777392,0.1875009387731552,0.33620768785476685,0.33563944697380066,0.001692146877758205,0.002128925174474716,0.0052913180552423,0.1842128485441208,True,0.3350306749343872,0.33443334698677063,0.3347720205783844,0.3339610695838928,0.0008109509944915771
42,10,22,7,Late,0.3356446921825409,0.33520302176475525,0.0013192067854106426,0.23310226202011108,0.33563944697380066,0.33509403467178345,0.0016289526829496026,0.0019640233367681503,0.004332188982516527,0.2243965119123459,True,0.33497849106788635,0.3341884911060333,0.3347720205783844,0.3339610695838928,0.0008109509944915771
42,10,22,8,Late,0.33520302176475525,0.33491411805152893,0.0008639704901725054,0.3007335960865021,0.33509403467178345,0.33449146151542664,0.0018026985926553607,0.0019717596005648375,0.00304988119751215,0.21704120934009552,True,0.33487468957901,0.33407357335090637,0.3347720205783844,0.3339610695838928,0.0008109509944915771
42,10,22,9,Late,0.33491411805152893,0.3347720205783844,0.00042615699931047857,0.29478755593299866,0.33449146151542664,0.3339610695838928,0.0015891819493845105,0.0015891819493845105,0.0015891819493845105,0.29552626609802246,False,0.33477142453193665,0.33396029472351074,0.3347720205783844,0.3339610695838928,0.0008109509944915771
42,10,23,0,Early,0.41137197613716125,0.41070833802223206,0.0016151310410350561,0.3434801399707794,0.41137197613716125,0.4107239246368408,0.00157692760694772,0.0016151310410350561,0.002647457644343376,0.29304054379463196,True,0.41046589612960815,0.41028422117233276,0.4088760316371918,0.40798696875572205,0.0008890628814697266
42,10,23,1,Early,0.41070833802223206,0.4101230204105377,0.0014265970094129443,0.21572594344615936,0.4107239246368408,0.4101174473762512,0.0014788542175665498,0.0014788542175665498,0.0028440579771995544,0.21589452028274536,False,0.4097365140914917,0.4095572531223297,0.4088760316371918,0.40798696875572205,0.0008890628814697266
42,10,23,2,Early,0.4101230204105377,0.40961578488349915,0.0012389603070914745,0.3928360342979431,0.4101174473762512,0.4096790850162506,0.001070610829629004,0.0012943223118782043,0.0021656916942447424,0.23737242817878723,True,0.4097171127796173,0.4092300832271576,0.4088760316371918,0.40798696875572205,0.0008890628814697266
42,10,23,3,Early,0.40961578488349915,0.40916380286216736,0.001105251838453114,0.39123523235321045,0.4096790850162506,0.40930867195129395,0.0009060284355655313,0.0013340923469513655,0.002215386601164937,0.18738430738449097,True,0.40959346294403076,0.40877237915992737,0.4088760316371918,0.40798696875572205,0.0008890628814697266
42,10,23,4,Early,0.40916380286216736,0.40888121724128723,0.000691958877723664,0.3791051208972931,0.40930867195129395,0.4088713228702545,0.0010700084967538714,0.0011314395815134048,0.001564936712384224,0.33319079875946045,True,0.4095492362976074,0.40866854786872864,0.4088760316371918,0.40798696875572205,0.0008890628814697266
42,10,23,5,Late,0.40888121724128723,0.4087155759334564,0.00040625405381433666,0.38910973072052,0.4088713228702545,0.4087033271789551,0.00041163756395690143,0.0008769478881731629,0.0008570982608944178,0.22903227806091309,True,0.40947631001472473,0.4085209369659424,0.4088760316371918,0.40798696875572205,0.0008890628814697266
42,10,23,6,Late,0.4087155759334564,0.40862417221069336,0.00022498241742141545,0.4211347997188568,0.4087033271789551,0.40839698910713196,0.000750454724766314,0.0008469205931760371,0.0006428495980799198,0.3600793778896332,True,0.40939098596572876,0.40844056010246277,0.4088760316371918,0.40798696875572205,0.0008890628814697266
42,10,23,7,Late,0.40862417221069336,0.4086160957813263,1.9953251467086375e-05,0.5046237111091614,0.40839698910713196,0.40818512439727783,0.000520158268045634,0.0005926965386606753,0.00012591350241564214,0.42236366868019104,True,0.4092656672000885,0.4083455204963684,0.4088760316371918,0.40798696875572205,0.0008890628814697266
42,10,23,8,Late,0.4086160957813263,0.40870019793510437,-0.00020537259115371853,0.5031854510307312,0.40818512439727783,0.40803399682044983,0.00037119333865121007,0.00037119333865121007,-1.945582334883511e-05,0.5096612572669983,False,0.4090895652770996,0.40819302201271057,0.4088760316371918,0.40798696875572205,0.0008890628814697266
42,10,23,9,Late,0.40870019793510437,0.4088760316371918,-0.0004289519274607301,0.4993950426578522,0.40803399682044983,0.40798696875572205,0.00011627617641352117,0.00011627617641352117,0.00011627617641352117,0.5059766173362732,False,0.4088755249977112,0.4079865515232086,0.4088760316371918,0.40798696875572205,0.0008890628814697266
123,10,0,0,Early,0.2460298389196396,0.24308928847312927,0.01202343124896288,0.1256188303232193,0.2460298389196396,0.24324427545070648,0.011385547928512096,0.01202343124896288,0.09724172204732895,0.14736820757389069,True,0.22333049774169922,0.22323180735111237,0.21980200707912445,0.2200937122106552,-0.0002917051315307617
123,10,0,1,Early,0.24308928847312927,0.24021375179290771,0.011899510398507118,0.127618208527565,0.24324427545070648,0.2405104637145996,0.01130257174372673,0.01195534598082304,0.08812481164932251,0.15602652728557587,True,0.22296391427516937,0.22272568941116333,0.21980200707912445,0.2200937122106552,-0.0002917051315307617
123,10,0,2,Early,0.24021375179290771,0.2373768836259842,0.011880191043019295,0.15043404698371887,0.2405104637145996,0.23773814737796783,0.011593193747103214,0.01201612502336502,0.0787980780005455,0.13225804269313812,True,0.2225630283355713,0.22228609025478363,0.21980200707912445,0.2200937122106552,-0.0002917051315307617
123,10,0,3,Early,0.2373768836259842,0.23465606570243835,0.011528143659234047,0.16206181049346924,0.23773814737796783,0.2351788431406021,0.010822375304996967,0.011676141992211342,0.06906794756650925,0.18125572800636292,True,0.22211703658103943,0.22187218070030212,0.21980200707912445,0.2200937122106552,-0.0002917051315307617
123,10,0,4,Early,0.23465606570243835,0.23199106752872467,0.011421961709856987,0.20694448053836823,0.2351788431406021,0.23257870972156525,0.011117263697087765,0.011602617800235748,0.05988264083862305,0.20267949998378754,True,0.22167988121509552,0.22150902450084686,0.21980200707912445,0.2200937122106552,-0.0002917051315307617
123,10,0,5,Late,0.23199106752872467,0.22941140830516815,0.011181628331542015,0.21370968222618103,0.23257870972156525,0.22996176779270172,0.011315181851387024,0.011448947712779045,0.05027472972869873,0.21402941644191742,True,0.22123365104198456,0.22117486596107483,0.21980200707912445,0.2200937122106552,-0.0002917051315307617
123,10,0,6,Late,0.22941140830516815,0.22687654197216034,0.011110536754131317,0.2366354614496231,0.22996176779270172,0.2273472547531128,0.011433862149715424,0.011433862149715424,0.04034499451518059,0.23686516284942627,False,0.22085781395435333,0.22086858749389648,0.21980200707912445,0.2200937122106552,-0.0002917051315307617
123,10,0,7,Late,0.22687654197216034,0.2244492918252945,0.010756327770650387,0.24415819346904755,0.2273472547531128,0.22484658658504486,0.0110600795596838,0.0110600795596838,0.030151059851050377,0.24447672069072723,False,0.22050578892230988,0.22059477865695953,0.21980200707912445,0.2200937122106552,-0.0002917051315307617
123,10,0,8,Late,0.2244492918252945,0.2220887839794159,0.010571981780230999,0.28116118907928467,0.22484658658504486,0.22242075204849243,0.01084630936384201,0.01084630936384201,0.02031608112156391,0.2815254032611847,False,0.22014747560024261,0.22032465040683746,0.21980200707912445,0.2200937122106552,-0.0002917051315307617
123,10,0,9,Late,0.2220887839794159,0.21980200707912445,0.010349377989768982,0.2977800667285919,0.22242075204849243,0.2200937122106552,0.010517370887100697,0.010517370887100697,0.010517370887100697,0.29809197783470154,False,0.2198021411895752,0.2200937122106552,0.21980200707912445,0.2200937122106552,-0.0002917051315307617
123,10,1,0,Early,0.4056020975112915,0.40222880244255066,0.008351318538188934,0.26186561584472656,0.4056020975112915,0.40222880244255066,0.008351318538188934,0.008351318538188934,0.08613559603691101,0.26186561584472656,False,0.37212732434272766,0.37212732434272766,0.37192732095718384,0.3719165325164795,1.0788440704345703e-05
123,10,1,1,Early,0.40222880244255066,0.39884814620018005,0.008440444245934486,0.29117390513420105,0.40222880244255066,0.3988516330718994,0.008431467227637768,0.008440444245934486,0.07784231752157211,0.2595730125904083,True,0.3721120357513428,0.3721057176589966,0.37192732095718384,0.3719165325164795,1.0788440704345703e-05
123,10,1,2,Early,0.39884814620018005,0.39547041058540344,0.008504869416356087,0.27007636427879333,0.3988516330718994,0.39547380805015564,0.008504871279001236,0.008507234044373035,0.06946699321269989,0.2668158710002899,True,0.37209686636924744,0.3720847964286804,0.37192732095718384,0.3719165325164795,1.0788440704345703e-05
123,10,1,3,Early,0.39547041058540344,0.3920842111110687,0.008598835207521915,0.2756131887435913,0.39547380805015564,0.3920859396457672,0.008603444322943687,0.008603444322943687,0.06102877855300903,0.2755544185638428,False,0.3720722794532776,0.37206006050109863,0.37192732095718384,0.3719165325164795,1.0788440704345703e-05
123,10,1,4,Early,0.3920842111110687,0.38871142268180847,0.008639136329293251,0.31808966398239136,0.3920859396457672,0.38871175050735474,0.008642563596367836,0.008642563596367836,0.052467767149209976,0.3180539309978485,False,0.37205591797828674,0.37204426527023315,0.37192732095718384,0.3719165325164795,1.0788440704345703e-05
123,10,1,5,Late,0.38871142268180847,0.38534215092658997,0.008705317042768002,0.3107013702392578,0.38871175050735474,0.3853408694267273,0.008709453977644444,0.008709453977644444,0.043870579451322556,0.3106672167778015,False,0.3720383644104004,0.3720272481441498,0.37192732095718384,0.3719165325164795,1.0788440704345703e-05
123,10,1,6,Late,0.38534215092658997,0.3819601535797119,0.008815213106572628,0.35331568121910095,0.3853408694267273,0.3819564878940582,0.008821476250886917,0.008821476250886917,0.035261332988739014,0.3532906770706177,False,0.37200120091438293,0.3719898462295532,0.37192732095718384,0.3719165325164795,1.0788440704345703e-05
123,10,1,7,Late,0.3819601535797119,0.3786173462867737,0.008790283463895321,0.359769731760025,0.3819564878940582,0.3786123991012573,0.008793828077614307,0.008793828077614307,0.026466678828001022,0.359769344329834,False,0.37199005484580994,0.37197989225387573,0.37192732095718384,0.3719165325164795,1.0788440704345703e-05
123,10,1,8,Late,0.3786173462867737,0.3752809464931488,0.00885089859366417,0.3658192753791809,0.3786123991012573,0.37527355551719666,0.008857633918523788,0.008857633918523788,0.01771373301744461,0.3658166825771332,False,0.37197497487068176,0.3719647526741028,0.37192732095718384,0.3719165325164795,1.0788440704345703e-05
123,10,1,9,Late,0.3752809464931488,0.37192732095718384,0.008976372890174389,0.4401751160621643,0.37527355551719666,0.3719165325164795,0.008985942229628563,0.008985942229628563,0.008985942229628563,0.44018134474754333,False,0.37192732095718384,0.37191644310951233,0.37192732095718384,0.3719165325164795,1.0788440704345703e-05
123,10,2,0,Early,0.3408999443054199,0.3376430571079254,0.009599530138075352,0.2227838784456253,0.3408999443054199,0.3376430571079254,0.009599530138075352,0.009599530138075352,0.09599419683218002,0.2227838784456253,False,0.30969688296318054,0.30969688296318054,0.30895349383354187,0.3089543581008911,-8.642673492431641e-07
123,10,2,1,Early,0.3376430571079254,0.33440759778022766,0.00962857622653246,0.19476531445980072,0.3376430571079254,0.3344142735004425,0.009608269669115543,0.00962857622653246,0.08668772876262665,0.21353982388973236,True,0.3096133768558502,0.3096061646938324,0.30895349383354187,0.3089543581008911,-8.642673492431641e-07
123,10,2,2,Early,0.33440759778022766,0.3311800956726074,0.009697997011244297,0.23356899619102478,0.3344142735004425,0.33118659257888794,0.009698587469756603,0.009698587469756603,0.07735869288444519,0.23357291519641876,False,0.30952519178390503,0.30951955914497375,0.30895349383354187,0.3089543581008911,-8.642673492431641e-07
123,10,2,3,Early,0.3311800956726074,0.3279588520526886,0.009774141944944859,0.21057015657424927,0.33118659257888794,0.32796499133110046,0.009774968959391117,0.009774968959391117,0.067936010658741,0.21057215332984924,False,0.3094387352466583,0.3094342052936554,0.30895349383354187,0.3089543581008911,-8.642673492431641e-07
123,10,2,4,Early,0.3279588520526886,0.3247503936290741,0.00983092188835144,0.23158149421215057,0.32796499133110046,0.32475724816322327,0.009828325361013412,0.009832692332565784,0.05841521546244621,0.2283211648464203,True,0.3093627691268921,0.3093554973602295,0.30895349383354187,0.3089543581008911,-8.642673492431641e-07
123,10,2,5,Late,0.3247503936290741,0.32155224680900574,0.009896551258862019,0.24416783452033997,0.32475724816322327,0.3215583562850952,0.009898912161588669,0.009898912161588669,0.0488494373857975,0.2441881150007248,False,0.3092798888683319,0.30927416682243347,0.30895349383354187,0.3089543581008911,-8.642673492431641e-07
123,10,2,6,Late,0.32155224680900574,0.3183717727661133,0.009940223768353462,0.2717905342578888,0.3215583562850952,0.3183766007423401,0.009944000281393528,0.009944000281393528,0.03919924423098564,0.2718052864074707,False,0.309201180934906,0.3091973066329956,0.30895349383354187,0.3089543581008911,-8.642673492431641e-07
123,10,2,7,Late,0.3183717727661133,0.3152088224887848,0.00998424831777811,0.28848350048065186,0.3183766007423401,0.31521251797676086,0.009987552650272846,0.009987552650272846,0.02951977401971817,0.2885018289089203,False,0.30911752581596375,0.30911552906036377,0.30895349383354187,0.3089543581008911,-8.642673492431641e-07
123,10,2,8,Late,0.3152088224887848,0.312073290348053,0.009996995329856873,0.33337104320526123,0.31521251797676086,0.31207573413848877,0.010000771842896938,0.010002304799854755,0.019779041409492493,0.3333842158317566,True,0.3090396821498871,0.3090391159057617,0.30895349383354187,0.3089543581008911,-8.642673492431641e-07
123,10,2,9,Late,0.312073290348053,0.30895349383354187,0.01004727091640234,0.3384506106376648,0.31207573413848877,0.3089543581008911,0.010051991790533066,0.010051991790533066,0.010051991790533066,0.3384802043437958,False,0.30895349383354187,0.3089544475078583,0.30895349383354187,0.3089543581008911,-8.642673492431641e-07
123,10,3,0,Early,0.21979433298110962,0.21763339638710022,0.009880295023322105,0.12627698481082916,0.21979433298110962,0.21844007074832916,0.006180303171277046,0.009880295023322105,0.06462614238262177,0.19900774955749512,True,0.2072078287601471,0.20603904128074646,0.20213067531585693,0.20298965275287628,-0.0008589774370193481
123,10,3,1,Early,0.21763339638710022,0.21557636559009552,0.009496014565229416,0.14036151766777039,0.21844007074832916,0.21679049730300903,0.007579355500638485,0.010058507323265076,0.0634555071592331,0.16889417171478271,True,0.20663346350193024,0.20500940084457397,0.20213067531585693,0.20298965275287628,-0.0008589774370193481
123,10,3,2,Early,0.21557636559009552,0.2135613113641739,0.009390918537974358,0.16997669637203217,0.21679049730300903,0.21522267162799835,0.007257622666656971,0.010037978179752827,0.05938282236456871,0.18003326654434204,True,0.20588397979736328,0.20429159700870514,0.20213067531585693,0.20298965275287628,-0.0008589774370193481
123,10,3,3,Early,0.2135613113641739,0.21170862019062042,0.0087128272280097,0.14996837079524994,0.21522267162799835,0.2136835753917694,0.007175488397479057,0.00997164100408554,0.05426295846700668,0.19780349731445312,True,0.20516380667686462,0.20385520160198212,0.20213067531585693,0.20298965275287628,-0.0008589774370193481
123,10,3,4,Early,0.21170862019062042,0.20994862914085388,0.008347599767148495,0.18065541982650757,0.2136835753917694,0.2118569165468216,0.008585191331803799,0.010005283169448376,0.04847253859043121,0.17023788392543793,True,0.20449785888195038,0.20357277989387512,0.20213067531585693,0.20298965275287628,-0.0008589774370193481
123,10,3,5,Late,0.20994862914085388,0.20823697745800018,0.008185863494873047,0.20574764907360077,0.2118569165468216,0.2099623829126358,0.008982348255813122,0.009725293144583702,0.0409051850438118,0.20620615780353546,True,0.20391178131103516,0.20336568355560303,0.20213067531585693,0.20298965275287628,-0.0008589774370193481
123,10,3,6,Late,0.20823697745800018,0.20659203827381134,0.007930911146104336,0.2428336888551712,0.2099623829126358,0.20813781023025513,0.008728071115911007,0.009433895349502563,0.0326848179101944,0.24375681579113007,True,0.20337173342704773,0.203210711479187,0.20213067531585693,0.20298965275287628,-0.0008589774370193481
123,10,3,7,Late,0.20659203827381134,0.20502223074436188,0.007627982180565596,0.26579052209854126,0.20813781023025513,0.2064037024974823,0.008365805260837078,0.008894547820091248,0.024381395429372787,0.2666771411895752,True,0.2028815895318985,0.20312447845935822,0.20213067531585693,0.20298965275287628,-0.0008589774370193481
123,10,3,8,Late,0.20502223074436188,0.20352917909622192,0.007308395579457283,0.28873464465141296,0.2064037024974823,0.20464211702346802,0.008570642210543156,0.008570642210543156,0.01634114794433117,0.2749270498752594,False,0.202421635389328,0.20305822789669037,0.20213067531585693,0.20298965275287628,-0.0008589774370193481
123,10,3,9,Late,0.20352917909622192,0.20213067531585693,0.0068947081454098225,0.2991486191749573,0.20464211702346802,0.20298965275287628,0.0081080486997962,0.0081080486997962,0.0081080486997962,0.32661211490631104,False,0.20213072001934052,0.2029895782470703,0.20213067531585693,0.20298965275287628,-0.0008589774370193481
123,10,4,0,Early,0.3472357988357544,0.3440149426460266,0.009318837895989418,0.1765611469745636,0.3472357988357544,0.3440183699131012,0.009309154003858566,0.009318837895989418,0.09471679478883743,0.17008627951145172,True,0.3158617615699768,0.31585606932640076,0.31523239612579346,0.31523188948631287,5.066394805908203e-07
123,10,4,1,Early,0.3440149426460266,0.3407859802246094,0.009430674836039543,0.18889029324054718,0.3440183699131012,0.34079450368881226,0.009415560401976109,0.009431619197130203,0.08560721576213837,0.18237245082855225,True,0.31580474972724915,0.31579306721687317,0.31523239612579346,0.31523188948631287,5.066394805908203e-07
123,10,4,2,Early,0.3407859802246094,0.33756282925605774,0.009503062814474106,0.20162180066108704,0.34079450368881226,0.3375707268714905,0.009504715912044048,0.009504715912044048,0.07637669146060944,0.20162440836429596,False,0.31574496626853943,0.31573474407196045,0.31523239612579346,0.31523188948631287,5.066394805908203e-07
123,10,4,3,Early,0.33756282925605774,0.3343273997306824,0.009631052613258362,0.2518251836299896,0.3375707268714905,0.33433446288108826,0.009633414447307587,0.009633414447307587,0.06710588932037354,0.2518324851989746,False,0.3156695067882538,0.3156609833240509,0.31523239612579346,0.31523188948631287,5.066394805908203e-07
123,10,4,4,Early,0.3343273997306824,0.33109480142593384,0.009716175496578217,0.23495398461818695,0.33433446288108826,0.3311010003089905,0.00971841812133789,0.00971841812133789,0.05772643908858299,0.2349674105644226,False,0.31558793783187866,0.3155808448791504,0.31523239612579346,0.31523188948631287,5.066394805908203e-07
123,10,4,5,Late,0.33109480142593384,0.32789307832717896,0.009717239066958427,0.2312113642692566,0.3311010003089905,0.32789814472198486,0.009720426052808762,0.009720426052808762,0.04819822683930397,0.23122334480285645,False,0.31552690267562866,0.31552091240882874,0.31523239612579346,0.31523188948631287,5.066394805908203e-07
123,10,4,6,Late,0.32789307832717896,0.3247012794017792,0.009782048873603344,0.2767481207847595,0.32789814472198486,0.3247048854827881,0.009786180220544338,0.009786180220544338,0.03868735954165459,0.27676013112068176,False,0.3154594898223877,0.3154548406600952,0.31523239612579346,0.31523188948631287,5.066394805908203e-07
123,10,4,7,Late,0.3247012794017792,0.32151710987091064,0.009854882024228573,0.29643210768699646,0.3247048854827881,0.32151952385902405,0.009858423843979836,0.009858423843979836,0.02915511652827263,0.2964584529399872,False,0.315377801656723,0.3153746724128723,0.31523239612579346,0.31523188948631287,5.066394805908203e-07
123,10,4,8,Late,0.32151710987091064,0.318355917930603,0.00988037884235382,0.34276720881462097,0.32151952385902405,0.31835734844207764,0.009883565828204155,0.009883565828204155,0.01954684779047966,0.3427996039390564,False,0.3152972161769867,0.3152958154678345,0.31523239612579346,0.31523188948631287,5.066394805908203e-07
123,10,4,9,Late,0.318355917930603,0.31523239612579346,0.009860075078904629,0.358761191368103,0.31835734844207764,0.31523188948631287,0.009865976870059967,0.009865976870059967,0.009865976870059967,0.35878273844718933,False,0.3152323067188263,0.3152318596839905,0.31523239612579346,0.31523188948631287,5.066394805908203e-07
123,10,5,0,Early,0.5117618441581726,0.5082777142524719,0.007093003951013088,0.45905962586402893,0.5117618441581726,0.5082777142524719,0.007093003951013088,0.007093003951013088,0.0680275410413742,0.45905962586402893,False,0.4781051576137543,0.4781051576137543,0.47749748826026917,0.47749826312065125,-7.748603820800781e-07
123,10,5,1,Early,0.5082777142524719,0.5048090219497681,0.007113011088222265,0.4216149151325226,0.5082777142524719,0.5048097372055054,0.007111826445907354,0.007113011088222265,0.06142645329236984,0.4629512131214142,True,0.4779956340789795,0.4779951572418213,0.47749748826026917,0.47749826312065125,-7.748603820800781e-07
123,10,5,2,Early,0.5048090219497681,0.5013437271118164,0.007157158572226763,0.45583030581474304,0.5048097372055054,0.5013445019721985,0.007157040294259787,0.007157040294259787,0.05480675771832466,0.4558562934398651,False,0.47788697481155396,0.47788676619529724,0.47749748826026917,0.47749826312065125,-7.748603820800781e-07
123,10,5,3,Early,0.5013437271118164,0.4978954493999481,0.007174558937549591,0.45865947008132935,0.5013445019721985,0.4978961944580078,0.007174558937549591,0.007174558937549591,0.04811661317944527,0.4586699604988098,False,0.47779250144958496,0.47779232263565063,0.47749748826026917,0.47749826312065125,-7.748603820800781e-07
123,10,5,4,Early,0.4978954493999481,0.4944595396518707,0.007201308850198984,0.4604640603065491,0.4978961944580078,0.4944602847099304,0.007201308850198984,0.007201308850198984,0.04139556735754013,0.46048060059547424,False,0.47770583629608154,0.4777058959007263,0.47749748826026917,0.47749826312065125,-7.748603820800781e-07
123,10,5,5,Late,0.4944595396518707,0.4910450279712677,0.007209948264062405,0.49915236234664917,0.4944602847099304,0.49104586243629456,0.007209711708128452,0.007209711708128452,0.034623488783836365,0.4991716146469116,False,0.477632611989975,0.4776330292224884,0.47749748826026917,0.47749826312065125,-7.748603820800781e-07
123,10,5,6,Late,0.4910450279712677,0.48764774203300476,0.007226757239550352,0.47765296697616577,0.49104586243629456,0.487648606300354,0.007226757239550352,0.007226757239550352,0.02782595343887806,0.4776701331138611,False,0.4775696098804474,0.47757014632225037,0.47749748826026917,0.47749826312065125,-7.748603820800781e-07
123,10,5,7,Late,0.48764774203300476,0.48424628376960754,0.00728794327005744,0.485090434551239,0.487648606300354,0.484247088432312,0.007288061548024416,0.007288061548024416,0.021045802161097527,0.48510265350341797,False,0.477492094039917,0.4774927496910095,0.47749748826026917,0.47749826312065125,-7.748603820800781e-07
123,10,5,8,Late,0.48424628376960754,0.4808671772480011,0.007294926792383194,0.4928794801235199,0.484247088432312,0.48086801171302795,0.007294808514416218,0.007294808514416218,0.014185163192451,0.4928920865058899,False,0.4774256646633148,0.47742635011672974,0.47749748826026917,0.47749826312065125,-7.748603820800781e-07
123,10,5,9,Late,0.4808671772480011,0.47749748826026917,0.00732877291738987,0.49931827187538147,0.48086801171302795,0.47749826312065125,0.00732877291738987,0.00732877291738987,0.00732877291738987,0.499330073595047,False,0.47735583782196045,0.4773566424846649,0.47749748826026917,0.47749826312065125,-7.748603820800781e-07
123,10,6,0,Early,0.3893245458602905,0.3859866261482239,0.008610307238996029,0.2553044557571411,0.3893245458602905,0.3859866261482239,0.008610307238996029,0.008610307238996029,0.08838805556297302,0.2553044557571411,False,0.356389582157135,0.356389582157135,0.3562007248401642,0.356199711561203,1.0132789611816406e-06
123,10,6,1,Early,0.3859866261482239,0.38266971707344055,0.00863004382699728,0.2622157037258148,0.3859866261482239,0.38266971707344055,0.00863004382699728,0.00863004382699728,0.07982926070690155,0.2622157037258148,False,0.3563711941242218,0.3563711941242218,0.3562007248401642,0.356199711561203,1.0132789611816406e-06
123,10,6,2,Early,0.38266971707344055,0.37933507561683655,0.008751998655498028,0.2838362753391266,0.38266971707344055,0.37933507561683655,0.008751998655498028,0.008751998655498028,0.07125204801559448,0.2838362753391266,False,0.35635218024253845,0.35635218024253845,0.3562007248401642,0.356199711561203,1.0132789611816406e-06
123,10,6,3,Early,0.37933507561683655,0.3760119080543518,0.008798914030194283,0.2666374444961548,0.37933507561683655,0.3760119080543518,0.008798914030194283,0.008798914030194283,0.062541164457798,0.2666374444961548,False,0.35633745789527893,0.35633745789527893,0.3562007248401642,0.356199711561203,1.0132789611816406e-06
123,10,6,4,Early,0.3760119080543518,0.37268999218940735,0.008873118087649345,0.2689816951751709,0.3760119080543518,0.37268999218940735,0.008873118087649345,0.008873118087649345,0.05378419905900955,0.2689816951751709,False,0.3563224673271179,0.3563224673271179,0.3562007248401642,0.356199711561203,1.0132789611816406e-06
123,10,6,5,Late,0.37268999218940735,0.3693653643131256,0.00896031130105257,0.3324146270751953,0.37268999218940735,0.36936601996421814,0.008958423510193825,0.00896031130105257,0.04498090595006943,0.30617523193359375,True,0.35629895329475403,0.3562973141670227,0.3562007248401642,0.356199711561203,1.0132789611816406e-06
123,10,6,6,Late,0.3693653643131256,0.3660478889942169,0.009022101759910583,0.3270204961299896,0.36936601996421814,0.3660482168197632,0.009023047052323818,0.009023047052323818,0.036104947328567505,0.3270214796066284,False,0.35626935958862305,0.3562678098678589,0.3562007248401642,0.356199711561203,1.0132789611816406e-06
123,10,6,7,Late,0.3660478889942169,0.36275050044059753,0.009048565290868282,0.3574061095714569,0.3660482168197632,0.3627505600452423,0.009049510583281517,0.009049510583281517,0.02714640274643898,0.3574083745479584,False,0.3562462329864502,0.35624489188194275,0.3562007248401642,0.356199711561203,1.0132789611816406e-06
123,10,6,8,Late,0.36275050044059753,0.35946837067604065,0.009088611230254173,0.3697710335254669,0.3627505600452423,0.35946786403656006,0.009090146981179714,0.009090146981179714,0.01815631240606308,0.369772344827652,False,0.356224924325943,0.3562237024307251,0.3562007248401642,0.356199711561203,1.0132789611816406e-06
123,10,6,9,Late,0.35946837067604065,0.3562007248401642,0.009131373837590218,0.39580604434013367,0.35946786403656006,0.356199711561203,0.009133027866482735,0.009133027866482735,0.009133027866482735,0.3958103358745575,False,0.35620084404945374,0.3561997413635254,0.3562007248401642,0.356199711561203,1.0132789611816406e-06
123,10,7,0,Early,0.23372621834278107,0.23103804886341095,0.011568096466362476,0.11806517094373703,0.23372621834278107,0.2316265106201172,0.009024158120155334,0.011568096466362476,0.08654478937387466,0.16417913138866425,True,0.2146366536617279,0.2143489420413971,0.21055831015110016,0.21124906837940216,-0.000690758228302002
123,10,7,1,Early,0.23103804886341095,0.2284136712551117,0.011423970572650433,0.1382269263267517,0.2316265106201172,0.22920501232147217,0.0105088846758008,0.011578819714486599,0.08036384731531143,0.14392094314098358,True,0.21407988667488098,0.21374034881591797,0.21055831015110016,0.21124906837940216,-0.000690758228302002
123,10,7,2,Early,0.2284136712551117,0.2258925884962082,0.011098163202404976,0.1567668616771698,0.22920501232147217,0.2271122932434082,0.00917193852365017,0.011429740116000175,0.07245275378227234,0.18717312812805176,True,0.21363133192062378,0.21318572759628296,0.21055831015110016,0.21124906837940216,-0.000690758228302002
123,10,7,3,Early,0.2258925884962082,0.2234826385974884,0.010725673288106918,0.1563057005405426,0.2271122932434082,0.22463341057300568,0.010974491946399212,0.011326846666634083,0.06513335555791855,0.14627084136009216,True,0.21313191950321198,0.21279111504554749,0.21055831015110016,0.21124906837940216,-0.000690758228302002
123,10,7,4,Early,0.2234826385974884,0.22111152112483978,0.010667054913938046,0.17354433238506317,0.22463341057300568,0.22230632603168488,0.010413211770355701,0.011117027141153812,0.055910371243953705,0.20570527017116547,True,0.21262648701667786,0.21241863071918488,0.21055831015110016,0.21124906837940216,-0.000690758228302002
123,10,7,5,Late,0.22111152112483978,0.21880878508090973,0.010468415915966034,0.2116008847951889,0.22230632603168488,0.2198808342218399,0.010970243252813816,0.010970243252813816,0.04705045744776726,0.21182043850421906,False,0.21214555203914642,0.21208889782428741,0.21055831015110016,0.21124906837940216,-0.000690758228302002
123,10,7,6,Late,0.21880878508090973,0.21661676466464996,0.010068783536553383,0.2320970743894577,0.2198808342218399,0.21762385964393616,0.010317056439816952,0.010540488176047802,0.03742368891835213,0.2325497418642044,True,0.21164517104625702,0.2118041068315506,0.21055831015110016,0.21124906837940216,-0.000690758228302002
123,10,7,7,Late,0.21661676466464996,0.21452189981937408,0.009718691930174828,0.23530659079551697,0.21762385964393616,0.21547788381576538,0.009909571148455143,0.010314331389963627,0.0280594639480114,0.2356869876384735,True,0.2112124264240265,0.2116023153066635,0.21055831015110016,0.21124906837940216,-0.000690758228302002
123,10,7,8,Late,0.21452189981937408,0.21250303089618683,0.00945515651255846,0.29390132427215576,0.21547788381576538,0.21331891417503357,0.01007007621228695,0.01007007621228695,0.019011277705430984,0.2943076193332672,False,0.21084313094615936,0.21142005920410156,0.21055831015110016,0.21124906837940216,-0.000690758228302002
123,10,7,9,Late,0.21250303089618683,0.21055831015110016,0.009193316102027893,0.33472830057144165,0.21331891417503357,0.21124906837940216,0.009750560857355595,0.009750560857355595,0.009750560857355595,0.33508265018463135,False,0.21055836975574493,0.21124902367591858,0.21055831015110016,0.21124906837940216,-0.000690758228302002
123,10,8,0,Early,0.17293734848499298,0.1610056757926941,0.07148071378469467,0.2076515257358551,0.17293734848499298,0.183409184217453,-0.05880808085203171,0.07148071378469467,-0.05957993492484093,0.35537007451057434,True,0.20676825940608978,0.18355406820774078,0.18121276795864105,0.18133844435214996,-0.00012567639350891113
123,10,8,1,Early,0.1610056757926941,0.16145484149456024,-0.0027831171173602343,0.2911384701728821,0.183409184217453,0.18868708610534668,-0.028391320258378983,0.09123215824365616,0.00482708215713501,0.3227161765098572,True,0.2047385722398758,0.18252599239349365,0.18121276795864105,0.18133844435214996,-0.00012567639350891113
123,10,8,2,Early,0.16145484149456024,0.16254667937755585,-0.006740348879247904,0.2955534756183624,0.18868708610534668,0.18268060684204102,0.03233526274561882,0.12354158610105515,0.0342838317155838,0.2896967828273773,True,0.2002144157886505,0.18232780694961548,0.18121276795864105,0.18133844435214996,-0.00012567639350891113
123,10,8,3,Early,0.16254667937755585,0.1640804260969162,-0.009391582570970058,0.3176059126853943,0.18268060684204102,0.17906628549098969,0.0199686661362648,0.08115249127149582,0.002129204571247101,0.27528151869773865,True,0.19513145089149475,0.18229204416275024,0.18121276795864105,0.18133844435214996,-0.00012567639350891113
123,10,8,4,Early,0.1640804260969162,0.16602277755737305,-0.011770708486437798,0.3289361000061035,0.17906628549098969,0.17725931107997894,0.01013112161308527,0.07951179146766663,-0.017364922910928726,0.2901223301887512,True,0.19102051854133606,0.18220289051532745,0.18121276795864105,0.18133844435214996,-0.00012567639350891113
123,10,8,5,Late,0.16602277755737305,0.16846507787704468,-0.014604301191866398,0.3255399763584137,0.17725931107997894,0.17378100752830505,0.019811948761343956,0.05359455198049545,-0.02701759710907936,0.2887275815010071,True,0.18735776841640472,0.18211372196674347,0.18121276795864105,0.18133844435214996,-0.00012567639350891113
123,10,8,6,Late,0.16846507787704468,0.17125964164733887,-0.01645432971417904,0.3234107196331024,0.17378100752830505,0.17466507852077484,-0.0050882613286376,0.017024986445903778,-0.04530999809503555,0.3234384059906006,True,0.1863202303647995,0.18183614313602448,0.18121276795864105,0.18133844435214996,-0.00012567639350891113
123,10,8,7,Late,0.17125964164733887,0.1742449402809143,-0.017282437533140182,0.3529708981513977,0.17466507852077484,0.17559736967086792,-0.005325889680534601,0.0031113717705011368,-0.038780346512794495,0.35399267077445984,True,0.1828211396932602,0.18157170712947845,0.18121276795864105,0.18133844435214996,-0.00012567639350891113
123,10,8,8,Late,0.1742449402809143,0.17757238447666168,-0.018922435119748116,0.3511379659175873,0.17559736967086792,0.17780688405036926,-0.012508037500083447,-0.011478741653263569,-0.032885968685150146,0.32412949204444885,True,0.18149520456790924,0.18146805465221405,0.18121276795864105,0.18133844435214996,-0.00012567639350891113
123,10,8,9,Late,0.17757238447666168,0.18121276795864105,-0.02029246650636196,0.35345539450645447,0.17780688405036926,0.18133844435214996,-0.01967107504606247,-0.01967107504606247,-0.01967107504606247,0.3524034321308136,False,0.18121257424354553,0.18133915960788727,0.18121276795864105,0.18133844435214996,-0.00012567639350891113
123,10,9,0,Early,0.39257270097732544,0.38924017548561096,0.008524613454937935,0.25652575492858887,0.39257270097732544,0.38924017548561096,0.008524613454937935,0.008524613454937935,0.087867870926857,0.25652575492858887,False,0.35954993963241577,0.35954993963241577,0.3592551350593567,0.3592551350593567,0.0
123,10,9,1,Early,0.38924017548561096,0.3858965337276459,0.008627205155789852,0.26304981112480164,0.38924017548561096,0.3858965337276459,0.008627205155789852,0.008627205155789852,0.07942043244838715,0.26304981112480164,False,0.3595219850540161,0.3595219850540161,0.3592551350593567,0.3592551350593567,0.0
123,10,9,2,Early,0.3858965337276459,0.38254961371421814,0.008710639551281929,0.2589482367038727,0.3858965337276459,0.38254961371421814,0.008710639551281929,0.008710639551281929,0.070870041847229,0.2589482367038727,False,0.3594944179058075,0.3594944179058075,0.3592551350593567,0.3592551350593567,0.0
123,10,9,3,Early,0.38254961371421814,0.37918809056282043,0.008825849741697311,0.30265671014785767,0.38254961371421814,0.37918809056282043,0.008825849741697311,0.008825849741697311,0.0622597262263298,0.30265671014785767,False,0.35945823788642883,0.35945823788642883,0.3592551350593567,0.3592551350593567,0.0
123,10,9,4,Early,0.37918809056282043,0.3758294880390167,0.008896511048078537,0.28168660402297974,0.37918809056282043,0.3758294880390167,0.008896511048078537,0.008896511048078537,0.053551919758319855,0.28168660402297974,False,0.35941579937934875,0.35941579937934875,0.3592551350593567,0.3592551350593567,0.0
123,10,9,5,Late,0.3758294880390167,0.37248170375823975,0.008947552181780338,0.3311317563056946,0.3758294880390167,0.37248170375823975,0.008947552181780338,0.008947552181780338,0.04476812481880188,0.3311317563056946,False,0.3593752086162567,0.3593752086162567,0.3592551350593567,0.3592551350593567,0.0
123,10,9,6,Late,0.37248170375823975,0.3691698908805847,0.00893077440559864,0.33437982201576233,0.37248170375823975,0.3691698908805847,0.00893077440559864,0.00893077440559864,0.03585483506321907,0.33437982201576233,False,0.3593629002571106,0.3593629002571106,0.3592551350593567,0.3592551350593567,0.0
123,10,9,7,Late,0.3691698908805847,0.36582890152931213,0.009090853855013847,0.36623042821884155,0.3691698908805847,0.36582890152931213,0.009090853855013847,0.009090853855013847,0.027082838118076324,0.36623042821884155,False,0.35930579900741577,0.35930579900741577,0.3592551350593567,0.3592551350593567,0.0
123,10,9,8,Late,0.36582890152931213,0.3625340759754181,0.009047145023941994,0.3759707510471344,0.36582890152931213,0.3625340759754181,0.009047145023941994,0.009047145023941994,0.018060266971588135,0.3759707510471344,False,0.35928118228912354,0.35928118228912354,0.3592551350593567,0.3592551350593567,0.0
123,10,9,9,Late,0.3625340759754181,0.3592551350593567,0.009085186757147312,0.38037362694740295,0.3625340759754181,0.3592551350593567,0.009085186757147312,0.009085186757147312,0.009085186757147312,0.38037362694740295,False,0.35925525426864624,0.35925525426864624,0.3592551350593567,0.3592551350593567,0.0
123,10,10,0,Early,0.2906613051891327,0.2874002754688263,0.011282749474048615,0.14267031848430634,0.2906613051891327,0.2874095141887665,0.011250925250351429,0.011282749474048615,0.1053994670510292,0.13465166091918945,True,0.26160669326782227,0.2615848481655121,0.25958457589149475,0.25962182879447937,-3.725290298461914e-05
123,10,10,1,Early,0.2874002754688263,0.2841581702232361,0.011344985105097294,0.14143288135528564,0.2874095141887665,0.28419601917266846,0.011243735440075397,0.011347578838467598,0.09510116279125214,0.175553098320961,True,0.26136064529418945,0.2613358497619629,0.25958457589149475,0.25962182879447937,-3.725290298461914e-05
123,10,10,2,Early,0.2841581702232361,0.2809487581253052,0.011359009891748428,0.15939365327358246,0.28419601917266846,0.2810046076774597,0.011292888782918453,0.011368910782039165,0.084685318171978,0.15350353717803955,True,0.26114264130592346,0.2611196041107178,0.25958457589149475,0.25962182879447937,-3.725290298461914e-05
123,10,10,3,Early,0.2809487581253052,0.2777780294418335,0.011349936947226524,0.1708674430847168,0.2810046076774597,0.27783071994781494,0.011358894407749176,0.011358894407749176,0.07424326986074448,0.1708941012620926,False,0.2609124183654785,0.2608974277973175,0.25958457589149475,0.25962182879447937,-3.725290298461914e-05
123,10,10,4,Early,0.2777780294418335,0.2746330797672272,0.01138611976057291,0.22438186407089233,0.27783071994781494,0.2746824324131012,0.011396256275475025,0.011396256275475025,0.06376004219055176,0.22443421185016632,False,0.26067644357681274,0.260669082403183,0.25958457589149475,0.25962182879447937,-3.725290298461914e-05
123,10,10,5,Late,0.2746330797672272,0.2715405225753784,0.011324477382004261,0.20478597283363342,0.2746824324131012,0.27159708738327026,0.011296072043478489,0.01133638247847557,0.05316969379782677,0.20462726056575775,True,0.26046016812324524,0.2604590654373169,0.25958457589149475,0.25962182879447937,-3.725290298461914e-05
123,10,10,6,Late,0.2715405225753784,0.26848646998405457,0.011310805566608906,0.2514585256576538,0.27159708738327026,0.26854023337364197,0.011319292709231377,0.011319292709231377,0.04270698130130768,0.2515336573123932,False,0.26023176312446594,0.2602421045303345,0.25958457589149475,0.25962182879447937,-3.725290298461914e-05
123,10,10,7,Late,0.26848646998405457,0.26547425985336304,0.011282514780759811,0.25682997703552246,0.26854023337364197,0.26552635431289673,0.01128687895834446,0.011309506371617317,0.03219498693943024,0.3093896210193634,True,0.2600250244140625,0.26003220677375793,0.25958457589149475,0.25962182879447937,-3.725290298461914e-05
123,10,10,8,Late,0.26547425985336304,0.2625097930431366,0.011229355819523335,0.2655658423900604,0.26552635431289673,0.26255515217781067,0.011252813041210175,0.011252813041210175,0.021686403080821037,0.2656800448894501,False,0.25980710983276367,0.2598300278186798,0.25958457589149475,0.25962182879447937,-3.725290298461914e-05
123,10,10,9,Late,0.2625097930431366,0.25958457589149475,0.01120589766651392,0.28941768407821655,0.26255515217781067,0.25962182879447937,0.011234895326197147,0.011234895326197147,0.011234895326197147,0.28953126072883606,False,0.25958454608917236,0.25962185859680176,0.25958457589149475,0.25962182879447937,-3.725290298461914e-05
123,10,11,0,Early,0.4949796199798584,0.49146661162376404,0.007174326106905937,0.3895837366580963,0.4949796199798584,0.49146661162376404,0.007174326106905937,0.007174326106905937,0.07132820039987564,0.3895837366580963,False,0.46090278029441833,0.46090278029441833,0.46024197340011597,0.4602433741092682,-1.4007091522216797e-06
123,10,11,1,Early,0.49146661162376404,0.4879489839076996,0.007235630415380001,0.4284270405769348,0.49146661162376404,0.4879489839076996,0.007235630415380001,0.007235630415380001,0.06443191319704056,0.4284270405769348,False,0.4607986807823181,0.4607986807823181,0.46024197340011597,0.4602433741092682,-1.4007091522216797e-06
123,10,11,2,Early,0.4879489839076996,0.48445188999176025,0.00724604818969965,0.3994813561439514,0.4879489839076996,0.48445188999176025,0.00724604818969965,0.00724604818969965,0.05742897093296051,0.3994813561439514,False,0.4607156813144684,0.4607156813144684,0.46024197340011597,0.4602433741092682,-1.4007091522216797e-06
123,10,11,3,Early,0.48445188999176025,0.480939656496048,0.007330305874347687,0.4365723133087158,0.48445188999176025,0.480939656496048,0.007330305874347687,0.007330305874347687,0.05045856535434723,0.4365723133087158,False,0.46061331033706665,0.46061331033706665,0.46024197340011597,0.4602433741092682,-1.4007091522216797e-06
123,10,11,4,Early,0.480939656496048,0.477446585893631,0.007344270125031471,0.4373990595340729,0.480939656496048,0.477446585893631,0.007344270125031471,0.007344270125031471,0.0433732308447361,0.4373990595340729,False,0.4605253040790558,0.4605253040790558,0.46024197340011597,0.4602433741092682,-1.4007091522216797e-06
123,10,11,5,Late,0.477446585893631,0.47397521138191223,0.007353031542152166,0.4309477210044861,0.477446585893631,0.4739755392074585,0.007352200336754322,0.007353031542152166,0.03624032437801361,0.4521738886833191,True,0.4604533016681671,0.4604533016681671,0.46024197340011597,0.4602433741092682,-1.4007091522216797e-06
123,10,11,6,Late,0.47397521138191223,0.47052615880966187,0.007360014133155346,0.45250001549720764,0.4739755392074585,0.47052669525146484,0.007359422277659178,0.007359422277659178,0.029070135205984116,0.4525344669818878,False,0.46039482951164246,0.46039512753486633,0.46024197340011597,0.4602433741092682,-1.4007091522216797e-06
123,10,11,7,Late,0.47052615880966187,0.46708741784095764,0.007392555475234985,0.4567970931529999,0.47052669525146484,0.46708816289901733,0.007392082363367081,0.007392082363367081,0.021893545985221863,0.45682886242866516,False,0.4603363871574402,0.4603370130062103,0.46024197340011597,0.4602433741092682,-1.4007091522216797e-06
123,10,11,8,Late,0.46708741784095764,0.46365976333618164,0.00742379343137145,0.49810990691185,0.46708816289901733,0.46366092562675476,0.007422728464007378,0.007422728464007378,0.014686893671751022,0.4981440603733063,False,0.4602770209312439,0.46027815341949463,0.46024197340011597,0.4602433741092682,-1.4007091522216797e-06
123,10,11,9,Late,0.46365976333618164,0.46024197340011597,0.007457755506038666,0.49911168217658997,0.46366092562675476,0.4602433741092682,0.007457282394170761,0.007457282394170761,0.007457282394170761,0.4991678297519684,False,0.4602147340774536,0.46021610498428345,0.46024197340011597,0.4602433741092682,-1.4007091522216797e-06
123,10,12,0,Early,0.2089066505432129,0.20761322975158691,0.006210765801370144,0.21261988580226898,0.2089066505432129,0.20807373523712158,0.00399303063750267,0.006210765801370144,0.020074404776096344,0.23704679310321808,True,0.2073809951543808,0.2047547549009323,0.19969409704208374,0.19987578690052032,-0.00018168985843658447
123,10,12,1,Early,0.20761322975158691,0.20656783878803253,0.005047549959272146,0.18192853033542633,0.20807373523712158,0.20819348096847534,-0.000575871265027672,0.006590733770281076,0.030298268422484398,0.31976017355918884,True,0.20618394017219543,0.20186397433280945,0.19969409704208374,0.19987578690052032,-0.00018168985843658447
123,10,12,2,Early,0.20656783878803253,0.20553673803806305,0.005002359393984079,0.23563842475414276,0.20819348096847534,0.2078581601381302,0.0016113530145958066,0.009242764674127102,0.036635734140872955,0.2429313212633133,True,0.2045271098613739,0.20070414245128632,0.19969409704208374,0.19987578690052032,-0.00018168985843658447
123,10,12,3,Early,0.20553673803806305,0.2046121060848236,0.004505835473537445,0.2166302502155304,0.2078581601381302,0.20730626583099365,0.002655547112226486,0.010621133260428905,0.03767785057425499,0.23324652016162872,True,0.20332197844982147,0.20017220079898834,0.19969409704208374,0.19987578690052032,-0.00018168985843658447
123,10,12,4,Early,0.2046121060848236,0.2036811113357544,0.004558880347758532,0.24136224389076233,0.20730626583099365,0.20633113384246826,0.004713847767561674,0.011607524938881397,0.035778649151325226,0.255593866109848,True,0.20241807401180267,0.2000202089548111,0.19969409704208374,0.19987578690052032,-0.00018168985843658447
123,10,12,5,Late,0.2036811113357544,0.20279407501220703,0.004363179672509432,0.25814950466156006,0.20633113384246826,0.20478074252605438,0.007539970334619284,0.011371009051799774,0.031210780143737793,0.23847179114818573,True,0.20138922333717346,0.19999082386493683,0.19969409704208374,0.19987578690052032,-0.00018168985843658447
123,10,12,6,Late,0.20279407501220703,0.20195743441581726,0.004133842885494232,0.26778802275657654,0.20478074252605438,0.20330950617790222,0.007208516821265221,0.009718392044305801,0.0238806139677763,0.25593265891075134,True,0.2008204311132431,0.19994835555553436,0.19969409704208374,0.19987578690052032,-0.00018168985843658447
123,10,12,7,Late,0.20195743441581726,0.2011592984199524,0.003959189169108868,0.30087774991989136,0.20330950617790222,0.20182998478412628,0.007302233949303627,0.007932758890092373,0.016790837049484253,0.2521477937698364,True,0.19997109472751617,0.19992424547672272,0.19969409704208374,0.19987578690052032,-0.00018168985843658447
123,10,12,8,Late,0.2011592984199524,0.20040422677993774,0.003759334795176983,0.268675297498703,0.20182998478412628,0.20075908303260803,0.005319828167557716,0.005625579040497541,0.009564297273755074,0.26447129249572754,True,0.19983506202697754,0.19990882277488708,0.19969409704208374,0.19987578690052032,-0.00018168985843658447
123,10,12,9,Late,0.20040422677993774,0.19969409704208374,0.003548869164660573,0.3169165253639221,0.20075908303260803,0.19987578690052032,0.004408508073538542,0.004408508073538542,0.004408508073538542,0.307674378156662,False,0.19969427585601807,0.19987598061561584,0.19969409704208374,0.19987578690052032,-0.00018168985843658447
123,10,13,0,Early,0.21800927817821503,0.21594178676605225,0.009529436007142067,0.1763039082288742,0.21800927817821503,0.21635985374450684,0.007594502530992031,0.009529436007142067,0.058634303510189056,0.17185255885124207,True,0.20622700452804565,0.20559388399124146,0.20123104751110077,0.20195318758487701,-0.0007221400737762451
123,10,13,1,Early,0.21594178676605225,0.21397370100021362,0.009155530482530594,0.13068684935569763,0.21635985374450684,0.21527144312858582,0.005042053759098053,0.009431892074644566,0.058070141822099686,0.2248745560646057,True,0.20549172163009644,0.20415356755256653,0.20123104751110077,0.20195318758487701,-0.0007221400737762451
123,10,13,2,Early,0.21397370100021362,0.2120964080095291,0.008810782805085182,0.1322334259748459,0.21527144312858582,0.21400247514247894,0.005910865031182766,0.0097084054723382,0.057060711085796356,0.19282309710979462,True,0.2050204873085022,0.20333173871040344,0.20123104751110077,0.20195318758487701,-0.0007221400737762451
123,10,13,3,Early,0.2120964080095291,0.21033693850040436,0.008330211974680424,0.17860107123851776,0.21400247514247894,0.21235495805740356,0.007728656753897667,0.010021689347922802,0.05322978273034096,0.1723436862230301,True,0.2046271562576294,0.2029089629650116,0.20123104751110077,0.20195318758487701,-0.0007221400737762451
123,10,13,4,Early,0.21033693850040436,0.2085929960012436,0.008324548602104187,0.17506225407123566,0.21235495805740356,0.21051852405071259,0.00868446659296751,0.009836499579250813,0.04720558971166611,0.17586103081703186,True,0.2037547081708908,0.20256346464157104,0.20123104751110077,0.20195318758487701,-0.0007221400737762451
123,10,13,5,Late,0.2085929960012436,0.20698688924312592,0.0077293626964092255,0.198851078748703,0.21051852405071259,0.20857390761375427,0.009280138649046421,0.0094324741512537,0.03949028626084328,0.21397505700588226,True,0.20317761600017548,0.20236703753471375,0.20123104751110077,0.20195318758487701,-0.0007221400737762451
123,10,13,6,Late,0.20698688924312592,0.2054552137851715,0.00742637412622571,0.21830490231513977,0.20857390761375427,0.20684848725795746,0.008307287469506264,0.008894902653992176,0.030988382175564766,0.21907418966293335,True,0.20261737704277039,0.20220963656902313,0.20123104751110077,0.20195318758487701,-0.0007221400737762451
123,10,13,7,Late,0.2054552137851715,0.20398947596549988,0.007158447057008743,0.2315523475408554,0.20684848725795746,0.20511089265346527,0.008434955030679703,0.008571815676987171,0.02323375642299652,0.24876843392848969,True,0.20207096636295319,0.20209799706935883,0.20123104751110077,0.20195318758487701,-0.0007221400737762451
123,10,13,8,Late,0.20398947596549988,0.20258231461048126,0.006922293920069933,0.2767367959022522,0.20511089265346527,0.20345820486545563,0.008090551011264324,0.008090551011264324,0.015222107991576195,0.2809523344039917,False,0.20157551765441895,0.202012300491333,0.20123104751110077,0.20195318758487701,-0.0007221400737762451
123,10,13,9,Late,0.20258231461048126,0.20123104751110077,0.006692477967590094,0.30208930373191833,0.20345820486545563,0.20195318758487701,0.007424472831189632,0.007424472831189632,0.007424472831189632,0.290496826171875,False,0.20123106241226196,0.2019532322883606,0.20123104751110077,0.20195318758487701,-0.0007221400737762451
123,10,14,0,Early,0.1856251358985901,0.18064963817596436,0.02716642990708351,0.154523104429245,0.1856251358985901,0.18807180225849152,-0.013098787516355515,0.02716642990708351,0.00984810758382082,0.3340733051300049,True,0.19674009084701538,0.18380603194236755,0.18099837005138397,0.18117813766002655,-0.00017976760864257812
123,10,14,1,Early,0.18064963817596436,0.18028810620307922,0.002002258552238345,0.2996799945831299,0.18807180225849152,0.19571438431739807,-0.03983527421951294,0.03417959436774254,0.03326632082462311,0.3979091942310333,True,0.19425466656684875,0.1819182187318802,0.18099837005138397,0.18117813766002655,-0.00017976760864257812
123,10,14,2,Early,0.18028810620307922,0.18000534176826477,0.001568515901453793,0.29673513770103455,0.19571438431739807,0.19025957584381104,0.02825969271361828,0.05784966051578522,0.07436296343803406,0.28587067127227783,True,0.19158832728862762,0.18168842792510986,0.18099837005138397,0.18117813766002655,-0.00017976760864257812
123,10,14,3,Early,0.18000534176826477,0.17993667721748352,0.00037948894896544516,0.2846986651420593,0.19025957584381104,0.18735817074775696,0.015359797514975071,0.05122979357838631,0.04631830379366875,0.25815603137016296,True,0.18852190673351288,0.18164804577827454,0.18099837005138397,0.18117813766002655,-0.00017976760864257812
123,10,14,4,Early,0.17993667721748352,0.17993348836898804,1.6686704839230515e-05,0.32910868525505066,0.18735817074775696,0.1853085160255432,0.01099774707108736,0.03487977758049965,0.031259145587682724,0.26366016268730164,True,0.1852281391620636,0.18159206211566925,0.18099837005138397,0.18117813766002655,-0.00017976760864257812
123,10,14,5,Late,0.17993348836898804,0.179937943816185,-2.783714808174409e-05,0.29676198959350586,0.1853085160255432,0.18265774846076965,0.014398709870874882,0.029250308871269226,0.020414430648088455,0.27300092577934265,True,0.18395425379276276,0.18156388401985168,0.18099837005138397,0.18117813766002655,-0.00017976760864257812
123,10,14,6,Late,0.179937943816185,0.18009746074676514,-0.000886596564669162,0.2872164249420166,0.18265774846076965,0.1824556142091751,0.0011024342384189367,0.013604005798697472,0.006728330627083778,0.3069499433040619,True,0.18311788141727448,0.18143288791179657,0.18099837005138397,0.18117813766002655,-0.00017976760864257812
123,10,14,7,Late,0.18009746074676514,0.18039169907569885,-0.0016301459399983287,0.3174784183502197,0.1824556142091751,0.18157188594341278,0.0048525370657444,0.011127610690891743,0.0060377903282642365,0.2998550534248352,True,0.18240991234779358,0.18135729432106018,0.18099837005138397,0.18117813766002655,-0.00017976760864257812
123,10,14,8,Late,0.18039169907569885,0.18063877522945404,-0.0013700578128919005,0.33526337146759033,0.18157188594341278,0.18115544319152832,0.0022954759187996387,0.004187131766229868,0.0018864988815039396,0.3177676200866699,True,0.1814209520816803,0.18122966587543488,0.18099837005138397,0.18117813766002655,-0.00017976760864257812
123,10,14,9,Late,0.18063877522945404,0.18099837005138397,-0.001988482428714633,0.36864981055259705,0.18115544319152832,0.18117813766002655,-0.00012859230628237128,-0.00012859230628237128,-0.00012859230628237128,0.311103492975235,False,0.1809983253479004,0.1811787337064743,0.18099837005138397,0.18117813766002655,-0.00017976760864257812
123,10,15,0,Early,0.17882534861564636,0.1711774319410324,0.04370426386594772,0.195981964468956,0.17882534861564636,0.18868327140808105,-0.05366621911525726,0.04370426386594772,-0.00497957319021225,0.39346373081207275,True,0.19657351076602936,0.1797180324792862,0.17845182120800018,0.1785641312599182,-0.00011231005191802979
123,10,15,1,Early,0.1711774319410324,0.171163871884346,8.057824015850201e-05,0.2781887352466583,0.18868327140808105,0.19076912105083466,-0.011003613471984863,0.07696741074323654,0.05011012777686119,0.3022511601448059,True,0.1962313950061798,0.17946133017539978,0.17845182120800018,0.1785641312599182,-0.00011231005191802979
123,10,15,2,Early,0.171163871884346,0.1714664250612259,-0.0017678876174613833,0.3139038681983948,0.19076912105083466,0.18377883732318878,0.03732079267501831,0.08387600630521774,0.06210516020655632,0.2677461802959442,True,0.1916782706975937,0.17928177118301392,0.17845182120800018,0.1785641312599182,-0.00011231005191802979
123,10,15,3,Early,0.1714664250612259,0.1719701737165451,-0.0029357224702835083,0.3081464469432831,0.18377883732318878,0.18203912675380707,0.009503833018243313,0.05131015181541443,0.02581457793712616,0.29351672530174255,True,0.18826021254062653,0.17909537255764008,0.17845182120800018,0.1785641312599182,-0.00011231005191802979
123,10,15,4,Early,0.1719701737165451,0.17266862094402313,-0.004061832092702389,0.3117234706878662,0.18203912675380707,0.17986223101615906,0.012024412862956524,0.052970632910728455,0.016662761569023132,0.28126779198646545,True,0.18523558974266052,0.17903098464012146,0.17845182120800018,0.1785641312599182,-0.00011231005191802979
123,10,15,5,Late,0.17266862094402313,0.17352928221225739,-0.004971145652234554,0.3061506152153015,0.17986223101615906,0.17829984426498413,0.008719579316675663,0.03896963223814964,0.004927158355712891,0.291687935590744,True,0.18285366892814636,0.17897820472717285,0.17845182120800018,0.1785641312599182,-0.00011231005191802979
123,10,15,6,Late,0.17352928221225739,0.17456196248531342,-0.005935428198426962,0.3166101276874542,0.17829984426498413,0.1769913285970688,0.007357754744589329,0.023388376459479332,-0.003348110243678093,0.2920750081539154,True,0.1812148541212082,0.17889779806137085,0.17845182120800018,0.1785641312599182,-0.00011231005191802979
123,10,15,7,Late,0.17456196248531342,0.17573456466197968,-0.006696183700114489,0.3332187235355377,0.1769913285970688,0.17670580744743347,0.0016083834925666451,0.007140545640140772,-0.009846610948443413,0.3237450122833252,True,0.18001022934913635,0.1787426918745041,0.17845182120800018,0.1785641312599182,-0.00011231005191802979
123,10,15,8,Late,0.17573456466197968,0.17710918188095093,-0.0077925389632582664,0.3339594900608063,0.17670580744743347,0.17725908756256104,-0.003133498365059495,-0.0024267795961350203,-0.011166892945766449,0.315106064081192,True,0.17864805459976196,0.1786901205778122,0.17845182120800018,0.1785641312599182,-0.00011231005191802979
123,10,15,9,Late,0.17710918188095093,0.17845182120800018,-0.007547478191554546,0.35124436020851135,0.17725908756256104,0.1785641312599182,-0.007344148587435484,-0.007344148587435484,-0.007344148587435484,0.3512386083602905,False,0.17845097184181213,0.17856569588184357,0.17845182120800018,0.1785641312599182,-0.00011231005191802979
123,10,16,0,Early,0.37952548265457153,0.37624824047088623,0.008672238327562809,0.2222175896167755,0.37952548265457153,0.37624824047088623,0.008672238327562809,0.008672238327562809,0.08963718265295029,0.2222175896167755,False,0.34698575735092163,0.34698575735092163,0.3467186689376831,0.34671860933303833,5.960464477539063e-08
123,10,16,1,Early,0.37624824047088623,0.3729601502418518,0.008777296170592308,0.24183392524719238,0.37624824047088623,0.3729601502418518,0.008777296170592308,0.008777296170592308,0.081047423183918,0.24183392524719238,False,0.34695708751678467,0.34695708751678467,0.3467186689376831,0.34671860933303833,5.960464477539063e-08
123,10,16,2,Early,0.3729601502418518,0.3696666955947876,0.008869223296642303,0.23816031217575073,0.3729601502418518,0.3696666955947876,0.008869223296642303,0.008869223296642303,0.0723196268081665,0.23816031217575073,False,0.3469398319721222,0.3469398319721222,0.3467186689376831,0.34671860933303833,5.960464477539063e-08
123,10,16,3,Early,0.3696666955947876,0.3663698136806488,0.008958309888839722,0.2661329209804535,0.3696666955947876,0.3663741946220398,0.008946377784013748,0.008958309888839722,0.06351526081562042,0.2401098757982254,True,0.3469192683696747,0.34691712260246277,0.3467186689376831,0.34671860933303833,5.960464477539063e-08
123,10,16,4,Early,0.3663698136806488,0.36306294798851013,0.009066878817975521,0.2761072516441345,0.3663741946220398,0.3630664646625519,0.009069005958735943,0.009069005958735943,0.05467025190591812,0.2761027216911316,False,0.34688398241996765,0.3468818962574005,0.3467186689376831,0.34671860933303833,5.960464477539063e-08
123,10,16,5,Late,0.36306294798851013,0.35975173115730286,0.009161615744233131,0.32958129048347473,0.3630664646625519,0.3597542941570282,0.009164332412183285,0.009164332412183285,0.045734137296676636,0.3295881748199463,False,0.3468380570411682,0.346835732460022,0.3467186689376831,0.34671860933303833,5.960464477539063e-08
123,10,16,6,Late,0.35975173115730286,0.35648396611213684,0.00912452768534422,0.29911378026008606,0.3597542941570282,0.35648730397224426,0.009122402407228947,0.009126772172749043,0.03661917895078659,0.3120003640651703,True,0.346821129322052,0.34681856632232666,0.3467186689376831,0.34671860933303833,5.960464477539063e-08
123,10,16,7,Late,0.35648396611213684,0.35320988297462463,0.009226582944393158,0.3583539128303528,0.35648730397224426,0.3532119691371918,0.009229890070855618,0.009229890070855618,0.02760167047381401,0.3583526313304901,False,0.34678390622138977,0.3467820882797241,0.3467186689376831,0.34671860933303833,5.960464477539063e-08
123,10,16,8,Late,0.35320988297462463,0.34996968507766724,0.009215599857270718,0.3497464656829834,0.3532119691371918,0.34997108578681946,0.009217607788741589,0.009217607788741589,0.018425054848194122,0.34976911544799805,False,0.3467642068862915,0.346763551235199,0.3467186689376831,0.34671860933303833,5.960464477539063e-08
123,10,16,9,Late,0.34996968507766724,0.3467186689376831,0.009332525543868542,0.3971205949783325,0.34997108578681946,0.34671860933303833,0.009336541406810284,0.009336541406810284,0.009336541406810284,0.3971274197101593,False,0.34671875834465027,0.3467187285423279,0.3467186689376831,0.34671860933303833,5.960464477539063e-08
123,10,17,0,Early,0.4921214282512665,0.4886033833026886,0.007207584101706743,0.3838927149772644,0.4921214282512665,0.4886033833026886,0.007207584101706743,0.007207584101706743,0.07189574092626572,0.3838927149772644,False,0.4579814672470093,0.4579814672470093,0.457304447889328,0.457304447889328,0.0
123,10,17,1,Early,0.4886033833026886,0.4850844740867615,0.007261550985276699,0.410112589597702,0.4886033833026886,0.4850844740867615,0.007261550985276699,0.007261550985276699,0.06493385881185532,0.410112589597702,False,0.45788416266441345,0.45788416266441345,0.457304447889328,0.457304447889328,0.0
123,10,17,2,Early,0.4850844740867615,0.48157593607902527,0.007293148431926966,0.42490383982658386,0.4850844740867615,0.48157593607902527,0.007293148431926966,0.007293148431926966,0.05789847671985626,0.42490383982658386,False,0.45779597759246826,0.45779597759246826,0.457304447889328,0.457304447889328,0.0
123,10,17,3,Early,0.48157593607902527,0.47807806730270386,0.00732439337298274,0.40954360365867615,0.48157593607902527,0.47807806730270386,0.00732439337298274,0.00732439337298274,0.05081338807940483,0.40954360365867615,False,0.4577164053916931,0.4577164053916931,0.457304447889328,0.457304447889328,0.0
123,10,17,4,Early,0.47807806730270386,0.4745836853981018,0.007371016778051853,0.42239463329315186,0.47807806730270386,0.4745836853981018,0.007371016778051853,0.007371016778051853,0.043701183050870895,0.42239463329315186,False,0.4576351046562195,0.4576351046562195,0.457304447889328,0.457304447889328,0.0
123,10,17,5,Late,0.4745836853981018,0.4711046814918518,0.007393264211714268,0.42715251445770264,0.4745836853981018,0.4711046814918518,0.007393264211714268,0.007393264211714268,0.03652340918779373,0.42715251445770264,False,0.45756271481513977,0.45756271481513977,0.457304447889328,0.457304447889328,0.0
123,10,17,6,Late,0.4711046814918518,0.46763375401496887,0.007431011646986008,0.44021081924438477,0.4711046814918518,0.46763375401496887,0.007431011646986008,0.007431011646986008,0.029325397685170174,0.44021081924438477,False,0.4574897587299347,0.4574897587299347,0.457304447889328,0.457304447889328,0.0
123,10,17,7,Late,0.46763375401496887,0.464172899723053,0.007464971859008074,0.47085633873939514,0.46763375401496887,0.464172899723053,0.007464971859008074,0.007464971859008074,0.02209022454917431,0.47085633873939514,False,0.45741671323776245,0.45741671323776245,0.457304447889328,0.457304447889328,0.0
123,10,17,8,Late,0.464172899723053,0.4607395827770233,0.007461187429726124,0.4918709397315979,0.464172899723053,0.4607395827770233,0.007461187429726124,0.007461187429726124,0.01478724554181099,0.4918709397315979,False,0.4573594331741333,0.4573594331741333,0.457304447889328,0.457304447889328,0.0
123,10,17,9,Late,0.4607395827770233,0.457304447889328,0.007521530147641897,0.5040350556373596,0.4607395827770233,0.457304447889328,0.007521530147641897,0.007521530147641897,0.007521530147641897,0.5040350556373596,False,0.457287073135376,0.457287073135376,0.457304447889328,0.457304447889328,0.0
123,10,18,0,Early,0.4281962513923645,0.4247318506240845,0.008123476058244705,0.3013874888420105,0.4281962513923645,0.4247318506240845,0.008123476058244705,0.008123476058244705,0.08303703367710114,0.3013874888420105,False,0.3940759599208832,0.3940759599208832,0.393748015165329,0.393748015165329,0.0
123,10,18,1,Early,0.4247318506240845,0.4212661683559418,0.008193117566406727,0.30475494265556335,0.4247318506240845,0.4212661683559418,0.008193117566406727,0.008193117566406727,0.07502315938472748,0.30475494265556335,False,0.39403268694877625,0.39403268694877625,0.393748015165329,0.393748015165329,0.0
123,10,18,2,Early,0.4212661683559418,0.4177774488925934,0.008315838873386383,0.3225652575492859,0.4212661683559418,0.4177774488925934,0.008315838873386383,0.008315838873386383,0.0669916644692421,0.3225652575492859,False,0.3939690589904785,0.3939690589904785,0.393748015165329,0.393748015165329,0.0
123,10,18,3,Early,0.4177774488925934,0.4143086373806,0.008337357081472874,0.30908283591270447,0.4177774488925934,0.4143086373806,0.008337357081472874,0.008337357081472874,0.05879499763250351,0.30908283591270447,False,0.3939220905303955,0.3939220905303955,0.393748015165329,0.393748015165329,0.0
123,10,18,4,Early,0.4143086373806,0.4108518362045288,0.008378617465496063,0.32824310660362244,0.4143086373806,0.4108518362045288,0.008378617465496063,0.008378617465496063,0.050559185445308685,0.32824310660362244,False,0.39388200640678406,0.39388200640678406,0.393748015165329,0.393748015165329,0.0
123,10,18,5,Late,0.4108518362045288,0.407410591840744,0.008410884998738766,0.376453161239624,0.4108518362045288,0.407410591840744,0.008410884998738766,0.008410884998738766,0.042243219912052155,0.376453161239624,False,0.3938573896884918,0.3938573896884918,0.393748015165329,0.393748015165329,0.0
123,10,18,6,Late,0.407410591840744,0.40397214889526367,0.008475310169160366,0.3950352966785431,0.407410591840744,0.40397214889526367,0.008475310169160366,0.008475310169160366,0.033914607018232346,0.3950352966785431,False,0.3938249349594116,0.3938249349594116,0.393748015165329,0.393748015165329,0.0
123,10,18,7,Late,0.40397214889526367,0.4005555808544159,0.008493280038237572,0.382844477891922,0.40397214889526367,0.4005555808544159,0.008493280038237572,0.008493280038237572,0.025495678186416626,0.382844477891922,False,0.3938026428222656,0.3938026428222656,0.393748015165329,0.393748015165329,0.0
123,10,18,8,Late,0.4005555808544159,0.3971533179283142,0.008529799059033394,0.40775376558303833,0.4005555808544159,0.3971533179283142,0.008529799059033394,0.008529799059033394,0.017048966139554977,0.40775376558303833,False,0.3937843441963196,0.3937843441963196,0.393748015165329,0.393748015165329,0.0
123,10,18,9,Late,0.3971533179283142,0.393748015165329,0.008611115626990795,0.4567130506038666,0.3971533179283142,0.393748015165329,0.008611115626990795,0.008611115626990795,0.008611115626990795,0.4567130506038666,False,0.393748015165329,0.393748015165329,0.393748015165329,0.393748015165329,0.0
123,10,19,0,Early,0.2888743579387665,0.24315938353538513,0.172270268201828,0.2503431737422943,0.2888743579387665,0.3332192003726959,-0.14282958209514618,0.172270268201828,0.1699562817811966,0.3978528082370758,True,0.3473232686519623,0.24372375011444092,0.24697737395763397,0.2367600053548813,0.010217368602752686
123,10,19,1,Early,0.24315938353538513,0.21892154216766357,0.10499012470245361,0.2900453507900238,0.3332192003726959,0.33907583355903625,-0.017452621832489967,0.3373679518699646,0.3344237804412842,0.3231479525566101,True,0.34449249505996704,0.23850172758102417,0.24697737395763397,0.2367600053548813,0.010217368602752686
123,10,19,2,Early,0.21892154216766357,0.20043863356113434,0.08818597346544266,0.3086514174938202,0.33907583355903625,0.2967204451560974,0.1333986520767212,0.3906151056289673,0.3535049855709076,0.2734196186065674,True,0.3244742751121521,0.2381066083908081,0.24697737395763397,0.2367600053548813,0.010217368602752686
123,10,19,3,Early,0.20043863356113434,0.18776139616966248,0.06534380465745926,0.3093498647212982,0.2967204451560974,0.2632915675640106,0.11949203163385391,0.3833544850349426,0.22145158052444458,0.30142709612846375,True,0.31065431237220764,0.23777829110622406,0.24697737395763397,0.2367600053548813,0.010217368602752686
123,10,19,4,Early,0.18776139616966248,0.18197688460350037,0.031303491443395615,0.30946147441864014,0.2632915675640106,0.2391960769891739,0.09593725204467773,0.3440921902656555,0.10256534814834595,0.31103524565696716,True,0.29315683245658875,0.23762567341327667,0.24697737395763397,0.2367600053548813,0.010217368602752686
123,10,19,5,Late,0.18197688460350037,0.18345946073532104,-0.008115832693874836,0.3067534565925598,0.2391960769891739,0.21999485790729523,0.08363719284534454,0.2780616879463196,0.007078923285007477,0.2959372401237488,True,0.2764641344547272,0.23750880360603333,0.24697737395763397,0.2367600053548813,0.010217368602752686
123,10,19,6,Late,0.18345946073532104,0.19188953936100006,-0.04491915553808212,0.3180442750453949,0.21999485790729523,0.20827460289001465,0.05471494048833847,0.17025159299373627,-0.07638482749462128,0.30807119607925415,True,0.26508814096450806,0.23745755851268768,0.24697737395763397,0.2367600053548813,0.010217368602752686
123,10,19,7,Late,0.19188953936100006,0.20611847937107086,-0.07153961062431335,0.3716433644294739,0.20827460289001465,0.209604874253273,-0.006385468412190676,0.052399929612874985,-0.13031363487243652,0.3320896029472351,True,0.2538127303123474,0.23726342618465424,0.24697737395763397,0.2367600053548813,0.010217368602752686
123,10,19,8,Late,0.20611847937107086,0.22475896775722504,-0.08657852560281754,0.3563244342803955,0.209604874253273,0.21654421091079712,-0.03256446123123169,-0.026544084772467613,-0.12368056923151016,0.3341973125934601,True,0.24871884286403656,0.23720026016235352,0.24697737395763397,0.2367600053548813,0.010217368602752686
123,10,19,9,Late,0.22475896775722504,0.24697737395763397,-0.09426702558994293,0.36097270250320435,0.21654421091079712,0.2367600053548813,-0.08923768997192383,-0.08923768997192383,-0.08923768997192383,0.36099565029144287,False,0.2469770908355713,0.2367565631866455,0.24697737395763397,0.2367600053548813,0.010217368602752686
123,10,20,0,Early,0.24226875603199005,0.2393624633550644,0.012069008313119411,0.1587262898683548,0.24226875603199005,0.23960253596305847,0.011065864004194736,0.012069008313119411,0.09467463195323944,0.14503097534179688,True,0.22066721320152283,0.2203841656446457,0.2169247567653656,0.21718479692935944,-0.00026004016399383545
123,10,20,1,Early,0.2393624633550644,0.23656640946865082,0.011749663390219212,0.16285042464733124,0.23960253596305847,0.2370721995830536,0.010616457089781761,0.011845207773149014,0.08613225817680359,0.1353364735841751,True,0.22021113336086273,0.21982872486114502,0.2169247567653656,0.21718479692935944,-0.00026004016399383545
123,10,20,2,Early,0.23656640946865082,0.23384319245815277,0.011577753350138664,0.13289500772953033,0.2370721995830536,0.23441432416439056,0.011274637654423714,0.011765685863792896,0.07764831185340881,0.14178936183452606,True,0.21976862847805023,0.2193603664636612,0.2169247567653656,0.21718479692935944,-0.00026004016399383545
123,10,20,3,Early,0.23384319245815277,0.2311929613351822,0.011397919617593288,0.16598011553287506,0.23441432416439056,0.2317359447479248,0.011491144075989723,0.011618053540587425,0.06833306699991226,0.16139018535614014,True,0.21930652856826782,0.21893100440502167,0.2169247567653656,0.21718479692935944,-0.00026004016399383545
123,10,20,4,Early,0.2311929613351822,0.22862839698791504,0.011154751293361187,0.17439725995063782,0.2317359447479248,0.22913415729999542,0.011290078051388264,0.011383067816495895,0.058579474687576294,0.16642321646213531,True,0.21883255243301392,0.21855084598064423,0.2169247567653656,0.21718479692935944,-0.00026004016399383545
123,10,20,5,Late,0.22862839698791504,0.22613784670829773,0.010953144170343876,0.21381592750549316,0.22913415729999542,0.22664593160152435,0.010918599553406239,0.011220171116292477,0.048845648765563965,0.19308686256408691,True,0.21841444075107574,0.2182108610868454,0.2169247567653656,0.21718479692935944,-0.00026004016399383545
123,10,20,6,Late,0.22613784670829773,0.22371700406074524,0.01076258160173893,0.25076377391815186,0.22664593160152435,0.22415503859519958,0.011050650849938393,0.011050650849938393,0.03929837420582771,0.25103333592414856,False,0.21801000833511353,0.21791180968284607,0.2169247567653656,0.21718479692935944,-0.00026004016399383545
123,10,20,7,Late,0.22371700406074524,0.22138267755508423,0.010488941334187984,0.25046107172966003,0.22415503859519958,0.22176454961299896,0.010721541941165924,0.010731563903391361,0.02947620116174221,0.2507675588130951,True,0.2176218032836914,0.21764419972896576,0.2169247567653656,0.21718479692935944,-0.00026004016399383545
123,10,20,8,Late,0.22138267755508423,0.21911758184432983,0.010284130461513996,0.2728812098503113,0.22176454961299896,0.21942457556724548,0.010607605800032616,0.010607605800032616,0.019906258210539818,0.2732276916503906,False,0.21726712584495544,0.2173936665058136,0.2169247567653656,0.21718479692935944,-0.00026004016399383545
123,10,20,9,Late,0.21911758184432983,0.2169247567653656,0.010057804174721241,0.29324474930763245,0.21942457556724548,0.21718479692935944,0.010259939357638359,0.010259939357638359,0.010259939357638359,0.30441227555274963,False,0.216924786567688,0.21718479692935944,0.2169247567653656,0.21718479692935944,-0.00026004016399383545
123,10,21,0,Early,0.5252841711044312,0.5218576788902283,0.007105076219886541,0.4802614152431488,0.5252841711044312,0.5218576788902283,0.007105076219886541,0.007105076219886541,0.06535296142101288,0.4802614152431488,False,0.49205249547958374,0.49205249547958374,0.4915313720703125,0.4915313720703125,0.0
123,10,21,1,Early,0.5218576788902283,0.5184295177459717,0.007158695720136166,0.4730270802974701,0.5218576788902283,0.5184295177459717,0.007158695720136166,0.007158695720136166,0.05907554179430008,0.4730270802974701,False,0.4919211268424988,0.4919211268424988,0.4915313720703125,0.4915313720703125,0.0
123,10,21,2,Early,0.5184295177459717,0.5150091052055359,0.007195032201707363,0.4733434319496155,0.5184295177459717,0.5150091052055359,0.007195032201707363,0.007195032201707363,0.05273784324526787,0.4733434319496155,False,0.49179670214653015,0.49179670214653015,0.4915313720703125,0.4915313720703125,0.0
123,10,21,3,Early,0.5150091052055359,0.5116151571273804,0.007195151876658201,0.49028345942497253,0.5150091052055359,0.5116151571273804,0.007195151876658201,0.007195151876658201,0.04632294178009033,0.49028345942497253,False,0.49169600009918213,0.49169600009918213,0.4915313720703125,0.4915313720703125,0.0
123,10,21,4,Early,0.5116151571273804,0.5082314014434814,0.007227108348160982,0.4552273154258728,0.5116151571273804,0.5082314014434814,0.007227108348160982,0.007227108348160982,0.03990316763520241,0.4552273154258728,False,0.49160173535346985,0.49160173535346985,0.4915313720703125,0.4915313720703125,0.0
123,10,21,5,Late,0.5082314014434814,0.5048643350601196,0.007246046792715788,0.4727902114391327,0.5082314014434814,0.5048643350601196,0.007246046792715788,0.007246046792715788,0.033438507467508316,0.4727902114391327,False,0.4915176033973694,0.4915176033973694,0.4915313720703125,0.4915313720703125,0.0
123,10,21,6,Late,0.5048643350601196,0.5015027523040771,0.0072875856421887875,0.5055304765701294,0.5048643350601196,0.5015027523040771,0.0072875856421887875,0.0072875856421887875,0.026968616992235184,0.5055304765701294,False,0.4914305508136749,0.4914305508136749,0.4915313720703125,0.4915313720703125,0.0
123,10,21,7,Late,0.5015027523040771,0.49816665053367615,0.007289599627256393,0.5014954805374146,0.5015027523040771,0.49816665053367615,0.007289599627256393,0.007289599627256393,0.020432552322745323,0.5014954805374146,False,0.4913596212863922,0.4913596212863922,0.4915313720703125,0.4915313720703125,0.0
123,10,21,8,Late,0.49816665053367615,0.4948432445526123,0.007317055016756058,0.5248112082481384,0.49816665053367615,0.4948432445526123,0.007317055016756058,0.007317055016756058,0.013898834586143494,0.5248112082481384,False,0.49129045009613037,0.49129045009613037,0.4915313720703125,0.4915313720703125,0.0
123,10,21,9,Late,0.4948432445526123,0.4915313720703125,0.007347112987190485,0.5512229204177856,0.4948432445526123,0.4915313720703125,0.007347112987190485,0.007347112987190485,0.007347112987190485,0.5512229204177856,False,0.4912208616733551,0.4912208616733551,0.4915313720703125,0.4915313720703125,0.0
123,10,22,0,Early,0.2541504502296448,0.25109511613845825,0.012094802223145962,0.14103488624095917,0.2541504502296448,0.25133031606674194,0.01115852128714323,0.012094802223145962,0.10164674371480942,0.12714818120002747,True,0.22965504229068756,0.22958633303642273,0.22649496793746948,0.2268100082874298,-0.00031504034996032715
123,10,22,1,Early,0.25109511613845825,0.24808147549629211,0.012073717080056667,0.1511489450931549,0.25133031606674194,0.24847343564033508,0.011431862600147724,0.012134725227952003,0.09234871715307236,0.13644973933696747,True,0.229304239153862,0.22915959358215332,0.22649496793746948,0.2268100082874298,-0.00031504034996032715
123,10,22,2,Early,0.24808147549629211,0.24512134492397308,0.01200434286147356,0.16651739180088043,0.24847343564033508,0.24559004604816437,0.01167260855436325,0.01212671585381031,0.08267372846603394,0.12403631955385208,True,0.22894132137298584,0.22875738143920898,0.22649496793746948,0.2268100082874298,-0.00031504034996032715
123,10,22,3,Early,0.24512134492397308,0.2422698587179184,0.011701356619596481,0.15726488828659058,0.24559004604816437,0.24271753430366516,0.011765803210437298,0.01189090684056282,0.07258819043636322,0.1574614942073822,True,0.22850969433784485,0.22839464247226715,0.22649496793746948,0.2268100082874298,-0.00031504034996032715
123,10,22,4,Early,0.2422698587179184,0.2394682765007019,0.011631245724856853,0.17509381473064423,0.24271753430366516,0.2399461418390274,0.011484305374324322,0.0118005545809865,0.06230054423213005,0.201539546251297,True,0.2281709760427475,0.22805741429328918,0.22649496793746948,0.2268100082874298,-0.00031504034996032715
123,10,22,5,Late,0.2394682765007019,0.23674491047859192,0.011437635868787766,0.2241990864276886,0.2399461418390274,0.23721511662006378,0.011446947231888771,0.011611098423600197,0.0521228164434433,0.2137289047241211,True,0.2277960181236267,0.22775976359844208,0.22649496793746948,0.2268100082874298,-0.00031504034996032715
123,10,22,6,Late,0.23674491047859192,0.23407243192195892,0.011352541856467724,0.23095689713954926,0.23721511662006378,0.23451276123523712,0.011457434855401516,0.011568439193069935,0.04191644489765167,0.23130615055561066,True,0.2274182289838791,0.22747738659381866,0.22649496793746948,0.2268100082874298,-0.00031504034996032715
123,10,22,7,Late,0.23407243192195892,0.2314773052930832,0.011148499324917793,0.25598257780075073,0.23451276123523712,0.2318572700023651,0.011388368904590607,0.011388368904590607,0.031537286937236786,0.2745981812477112,False,0.22708827257156372,0.22723226249217987,0.22649496793746948,0.2268100082874298,-0.00031504034996032715
123,10,22,8,Late,0.2314773052930832,0.22894138097763062,0.011015750467777252,0.28434303402900696,0.2318572700023651,0.22930115461349487,0.011085900478065014,0.011142130009829998,0.021155957132577896,0.2846873104572296,True,0.22676189243793488,0.22700361907482147,0.22649496793746948,0.2268100082874298,-0.00031504034996032715
123,10,22,9,Late,0.22894138097763062,0.22649496793746948,0.010743001475930214,0.3123195469379425,0.22930115461349487,0.2268100082874298,0.010923662222921848,0.010923662222921848,0.010923662222921848,0.31259024143218994,False,0.22649501264095306,0.22680997848510742,0.22649496793746948,0.2268100082874298,-0.00031504034996032715
123,10,23,0,Early,0.31339946389198303,0.31013840436935425,0.010460133664309978,0.20936276018619537,0.31339946389198303,0.31014230847358704,0.010447276756167412,0.010460133664309978,0.10151763260364532,0.17558163404464722,True,0.28317520022392273,0.28314533829689026,0.28182655572891235,0.2818337380886078,-7.18235969543457e-06
123,10,23,1,Early,0.31013840436935425,0.3068987727165222,0.010500596836209297,0.16898031532764435,0.31014230847358704,0.3069148361682892,0.01046084426343441,0.010505079291760921,0.09159638732671738,0.1518101990222931,True,0.2830360233783722,0.2829964756965637,0.28182655572891235,0.2818337380886078,-7.18235969543457e-06
123,10,23,2,Early,0.3068987727165222,0.303667277097702,0.010585292242467403,0.17586056888103485,0.3069148361682892,0.30368220806121826,0.01058859471231699,0.01058859471231699,0.08171616494655609,0.17586581408977509,False,0.2828664779663086,0.28283217549324036,0.28182655572891235,0.2818337380886078,-7.18235969543457e-06
123,10,23,3,Early,0.303667277097702,0.3004690706729889,0.010587886907160282,0.17937041819095612,0.30368220806121826,0.300495982170105,0.010547429323196411,0.010596025735139847,0.07163634151220322,0.1886642426252365,True,0.2827308177947998,0.28268834948539734,0.28182655572891235,0.2818337380886078,-7.18235969543457e-06
123,10,23,4,Early,0.3004690706729889,0.29728296399116516,0.010660544037818909,0.1905362606048584,0.300495982170105,0.29730653762817383,0.010670687071979046,0.010670687071979046,0.06161260977387428,0.1905646175146103,False,0.28257501125335693,0.28254035115242004,0.28182655572891235,0.2818337380886078,-7.18235969543457e-06
123,10,23,5,Late,0.29728296399116516,0.2941344976425171,0.010647570714354515,0.2278871089220047,0.29730653762817383,0.2941557466983795,0.010654529556632042,0.010654529556632042,0.05144226923584938,0.2279517650604248,False,0.28242501616477966,0.28239905834198,0.28182655572891235,0.2818337380886078,-7.18235969543457e-06
123,10,23,6,Late,0.2941344976425171,0.29101142287254333,0.010674579069018364,0.24795019626617432,0.2941557466983795,0.2910323143005371,0.010674933902919292,0.01069227047264576,0.041267894208431244,0.25853732228279114,True,0.2822841703891754,0.2822635769844055,0.28182655572891235,0.2818337380886078,-7.18235969543457e-06
123,10,23,7,Late,0.29101142287254333,0.2879240810871124,0.010665617883205414,0.2807774841785431,0.2910323143005371,0.2879418134689331,0.010675878264009953,0.010675878264009953,0.031076420098543167,0.28087082505226135,False,0.2821372151374817,0.28212711215019226,0.28182655572891235,0.2818337380886078,-7.18235969543457e-06
123,10,23,8,Late,0.2879240810871124,0.2848456799983978,0.01074911653995514,0.30079248547554016,0.2879418134689331,0.284858763217926,0.010764801874756813,0.010764801874756813,0.02096123807132244,0.30089738965034485,False,0.28196981549263,0.28196898102760315,0.28182655572891235,0.2818337380886078,-7.18235969543457e-06
123,10,23,9,Late,0.2848456799983978,0.28182655572891235,0.010656180791556835,0.33097296953201294,0.284858763217926,0.2818337380886078,0.01067611388862133,0.01067611388862133,0.01067611388862133,0.331010639667511,False,0.2818264067173004,0.2818337380886078,0.28182655572891235,0.2818337380886078,-7.18235969543457e-06
2026,10,0,0,Early,0.22128358483314514,0.21847417950630188,0.01277706678956747,0.132358118891716,0.22128358483314514,0.2187105119228363,0.01169451605528593,0.01277706678956747,0.06900811940431595,0.15039779245853424,True,0.20684531331062317,0.20652803778648376,0.19909419119358063,0.19913797080516815,-4.3779611587524414e-05
2026,10,0,1,Early,0.21847417950630188,0.2157537043094635,0.012529641389846802,0.16128550469875336,0.2187105119228363,0.21607878804206848,0.012104571796953678,0.012666073627769947,0.062118642032146454,0.15233036875724792,True,0.2060200273990631,0.20553772151470184,0.19909419119358063,0.19913797080516815,-4.3779611587524414e-05
2026,10,0,2,Early,0.2157537043094635,0.2131965607404709,0.011922121047973633,0.17057839035987854,0.21607878804206848,0.2134927213191986,0.01203943882137537,0.012108332477509975,0.05465567484498024,0.1702142357826233,True,0.20499975979328156,0.20458567142486572,0.19909419119358063,0.19913797080516815,-4.3779611587524414e-05
2026,10,0,3,Early,0.2131965607404709,0.21071234345436096,0.011720546521246433,0.10832204669713974,0.2134927213191986,0.2109670639038086,0.011900559067726135,0.011907980777323246,0.04688165336847305,0.15988360345363617,True,0.20407937467098236,0.2037147432565689,0.19909419119358063,0.19913797080516815,-4.3779611587524414e-05
2026,10,0,4,Early,0.21071234345436096,0.2083936482667923,0.011064192280173302,0.10062192380428314,0.2109670639038086,0.2086573839187622,0.011007249355316162,0.011270016431808472,0.0394798219203949,0.13457028567790985,True,0.20314867794513702,0.20280028879642487,0.19909419119358063,0.19913797080516815,-4.3779611587524414e-05
2026,10,0,5,Late,0.2083936482667923,0.20622360706329346,0.01046721637248993,0.15821196138858795,0.2086573839187622,0.2064359039068222,0.01070288848131895,0.01070288848131895,0.03240030258893967,0.15778805315494537,False,0.20228531956672668,0.20200510323047638,0.19909419119358063,0.19913797080516815,-4.3779611587524414e-05
2026,10,0,6,Late,0.20622360706329346,0.2042042464017868,0.009840376675128937,0.1514853835105896,0.2064359039068222,0.20439955592155457,0.009912027046084404,0.010017541237175465,0.025719203054904938,0.16420108079910278,True,0.2014009654521942,0.201194167137146,0.19909419119358063,0.19913797080516815,-4.3779611587524414e-05
2026,10,0,7,Late,0.2042042464017868,0.20235390961170197,0.009103165939450264,0.21087710559368134,0.20439955592155457,0.2024948000907898,0.00936195533722639,0.00939041469246149,0.019358985126018524,0.21512120962142944,True,0.20061731338500977,0.2004805952310562,0.19909419119358063,0.19913797080516815,-4.3779611587524414e-05
2026,10,0,8,Late,0.20235390961170197,0.2006443589925766,0.008484574034810066,0.2198447734117508,0.2024948000907898,0.20073917508125305,0.008706887252628803,0.008739971555769444,0.013489946722984314,0.21964356303215027,True,0.1998254358768463,0.19978147745132446,0.19909419119358063,0.19913797080516815,-4.3779611587524414e-05
2026,10,0,9,Late,0.2006443589925766,0.19909419119358063,0.007755709812045097,0.25443416833877563,0.20073917508125305,0.19913797080516815,0.008008342236280441,0.008008342236280441,0.008008342236280441,0.2538941204547882,False,0.19909422099590302,0.19913798570632935,0.19909419119358063,0.19913797080516815,-4.3779611587524414e-05
2026,10,1,0,Early,0.3565943241119385,0.3534601628780365,0.008828665129840374,0.6227911710739136,0.3565943241119385,0.3534601628780365,0.008828665129840374,0.008828665129840374,0.07224374264478683,0.6227911710739136,False,0.3317408561706543,0.3317408561706543,0.326551616191864,0.326551616191864,0.0
2026,10,1,1,Early,0.3534601628780365,0.350267618894577,0.00907382182776928,0.5981093049049377,0.3534601628780365,0.350267618894577,0.00907382182776928,0.00907382182776928,0.06553886830806732,0.5981093049049377,False,0.3310372829437256,0.3310372829437256,0.326551616191864,0.326551616191864,0.0
2026,10,1,2,Early,0.350267618894577,0.34727612137794495,0.00857789721339941,0.5741931796073914,0.350267618894577,0.34727612137794495,0.00857789721339941,0.00857789721339941,0.05799539387226105,0.5741931796073914,False,0.3305312693119049,0.3305312693119049,0.326551616191864,0.326551616191864,0.0
2026,10,1,3,Early,0.34727612137794495,0.3440956473350525,0.009201041422784328,0.6249957084655762,0.34727612137794495,0.3440956473350525,0.009201041422784328,0.009201041422784328,0.05159169062972069,0.6249957084655762,False,0.3298136591911316,0.3298136591911316,0.326551616191864,0.326551616191864,0.0
2026,10,1,4,Early,0.3440956473350525,0.3411043882369995,0.008731886744499207,0.6002289056777954,0.3440956473350525,0.3411043882369995,0.008731886744499207,0.008731886744499207,0.04404100403189659,0.6002289056777954,False,0.32927000522613525,0.32927000522613525,0.326551616191864,0.326551616191864,0.0
2026,10,1,5,Late,0.3411043882369995,0.33821430802345276,0.008509465493261814,0.558575451374054,0.3411043882369995,0.33821430802345276,0.008509465493261814,0.008509465493261814,0.036678213626146317,0.558575451374054,False,0.32881975173950195,0.32881975173950195,0.326551616191864,0.326551616191864,0.0
2026,10,1,6,Late,0.33821430802345276,0.3352774679660797,0.008722081780433655,0.5972386598587036,0.33821430802345276,0.3352774679660797,0.008722081780433655,0.008722081780433655,0.02979828417301178,0.5972386598587036,False,0.3282846510410309,0.3282846510410309,0.326551616191864,0.326551616191864,0.0
2026,10,1,7,Late,0.3352774679660797,0.332425057888031,0.008544801734387875,0.6459956765174866,0.3352774679660797,0.332425057888031,0.008544801734387875,0.008544801734387875,0.02258147858083248,0.6459956765174866,False,0.32779115438461304,0.32779115438461304,0.326551616191864,0.326551616191864,0.0
2026,10,1,8,Late,0.332425057888031,0.32949361205101013,0.008857968263328075,0.6711395978927612,0.332425057888031,0.32949361205101013,0.008857968263328075,0.008857968263328075,0.015871217474341393,0.6711395978927612,False,0.327190637588501,0.327190637588501,0.326551616191864,0.326551616191864,0.0
2026,10,1,9,Late,0.32949361205101013,0.326551616191864,0.008969622664153576,0.6983256936073303,0.32949361205101013,0.326551616191864,0.008969622664153576,0.008969622664153576,0.008969622664153576,0.6983256936073303,False,0.3265513777732849,0.3265513777732849,0.326551616191864,0.326551616191864,0.0
2026,10,2,0,Early,0.2890632748603821,0.2876831889152527,0.004786570090800524,0.51690673828125,0.2890632748603821,0.2876831889152527,0.004786570090800524,0.004786570090800524,0.001925733289681375,0.51690673828125,False,0.2885068356990814,0.2885068356990814,0.2807063162326813,0.2807063162326813,0.0
2026,10,2,1,Early,0.2876831889152527,0.28607144951820374,0.005619200412184,0.5063583850860596,0.2876831889152527,0.28607144951820374,0.005619200412184,0.005619200412184,0.0012762340484187007,0.5063583850860596,False,0.2873160243034363,0.2873160243034363,0.2807063162326813,0.2807063162326813,0.0
2026,10,2,2,Early,0.28607144951820374,0.2850593328475952,0.0035438393242657185,0.2357066571712494,0.28607144951820374,0.2850593328475952,0.0035438393242657185,0.0035438393242657185,-0.0007142183603718877,0.2357066571712494,False,0.28627562522888184,0.28627562522888184,0.2807063162326813,0.2807063162326813,0.0
2026,10,2,3,Early,0.2850593328475952,0.28454458713531494,0.0018082016613334417,0.4295973479747772,0.2850593328475952,0.28454458713531494,0.0018082016613334417,0.0018082016613334417,-0.0031442269682884216,0.4295973479747772,False,0.28595679998397827,0.28595679998397827,0.2807063162326813,0.2807063162326813,0.0
2026,10,2,4,Early,0.28454458713531494,0.28387218713760376,0.0023668345529586077,0.4483341872692108,0.28454458713531494,0.28387218713760376,0.0023668345529586077,0.0023668345529586077,-0.0028199790976941586,0.4483341872692108,False,0.28534796833992004,0.28534796833992004,0.2807063162326813,0.2807063162326813,0.0
2026,10,2,5,Late,0.28387218713760376,0.28276196122169495,0.003919404000043869,0.5355477929115295,0.28387218713760376,0.28276196122169495,0.003919404000043869,0.003919404000043869,-0.0009942672913894057,0.5355477929115295,False,0.28415441513061523,0.28415441513061523,0.2807063162326813,0.2807063162326813,0.0
2026,10,2,6,Late,0.28276196122169495,0.28225040435791016,0.0018117498839274049,0.511599063873291,0.28276196122169495,0.28225040435791016,0.0018117498839274049,0.0018117498839274049,-0.0024292722810059786,0.511599063873291,False,0.28344959020614624,0.28344959020614624,0.2807063162326813,0.2807063162326813,0.0
2026,10,2,7,Late,0.28225040435791016,0.2820603549480438,0.0006742484983988106,0.4875330924987793,0.28225040435791016,0.2820603549480438,0.0006742484983988106,0.0006742484983988106,-0.0025266376323997974,0.4875330924987793,False,0.2829643487930298,0.2829643487930298,0.2807063162326813,0.2807063162326813,0.0
2026,10,2,8,Late,0.2820603549480438,0.28095701336860657,0.0039202384650707245,0.6247367262840271,0.2820603549480438,0.28095701336860657,0.0039202384650707245,0.0039202384650707245,0.0021800114773213863,0.6247367262840271,False,0.28144606947898865,0.28144606947898865,0.2807063162326813,0.2807063162326813,0.0
2026,10,2,9,Late,0.28095701336860657,0.2807063162326813,0.0008934110519476235,0.5805879235267639,0.28095701336860657,0.2807063162326813,0.0008934110519476235,0.0008934110519476235,0.0008934110519476235,0.5805879235267639,False,0.2807060778141022,0.2807060778141022,0.2807063162326813,0.2807063162326813,0.0
2026,10,3,0,Early,0.2189839780330658,0.2155715376138687,0.01570526883006096,0.13814978301525116,0.2189839780330658,0.21591924130916595,0.014092516154050827,0.01570526883006096,0.09138397872447968,0.21300336718559265,True,0.20003682374954224,0.1998593509197235,0.19902807474136353,0.1989763379096985,5.173683166503906e-05
2026,10,3,1,Early,0.2155715376138687,0.2124633491039276,0.014522837474942207,0.12001471221446991,0.21591924130916595,0.2130749672651291,0.013259390369057655,0.014773410744965076,0.07781895250082016,0.1303476095199585,True,0.20010313391685486,0.19975361227989197,0.19902807474136353,0.1989763379096985,5.173683166503906e-05
2026,10,3,2,Early,0.2124633491039276,0.20968207716941833,0.013176902197301388,0.08459413051605225,0.2130749672651291,0.21027004718780518,0.013251381926238537,0.013730633072555065,0.0650293156504631,0.17039470374584198,True,0.20014315843582153,0.19965966045856476,0.19902807474136353,0.1989763379096985,5.173683166503906e-05
2026,10,3,3,Early,0.20968207716941833,0.20722544193267822,0.011785567738115788,0.10928408801555634,0.21027004718780518,0.20799925923347473,0.01085702795535326,0.012389873154461384,0.052324190735816956,0.1284777671098709,True,0.200067400932312,0.19955062866210938,0.19902807474136353,0.1989763379096985,5.173683166503906e-05
2026,10,3,4,Early,0.20722544193267822,0.20507857203483582,0.010413994081318378,0.10322963446378708,0.20799925923347473,0.2059130221605301,0.010079970583319664,0.011329874396324158,0.04189280793070793,0.14918899536132812,True,0.1999988555908203,0.19946543872356415,0.19902807474136353,0.1989763379096985,5.173683166503906e-05
2026,10,3,5,Late,0.20507857203483582,0.20326931774616241,0.00886143371462822,0.1514607071876526,0.2059130221605301,0.2040138989686966,0.009265106171369553,0.010013386607170105,0.032229404896497726,0.12316091358661652,True,0.19986358284950256,0.19938229024410248,0.19902807474136353,0.1989763379096985,5.173683166503906e-05
2026,10,3,6,Late,0.20326931774616241,0.2017807513475418,0.007350241765379906,0.14292898774147034,0.2040138989686966,0.20231112837791443,0.008381247520446777,0.008524619974195957,0.02338327467441559,0.14299464225769043,True,0.1996973603963852,0.1992986798286438,0.19902807474136353,0.1989763379096985,5.173683166503906e-05
2026,10,3,7,Late,0.2017807513475418,0.20057910680770874,0.005973751191049814,0.1689450591802597,0.20231112837791443,0.20087136328220367,0.007141709327697754,0.007141709327697754,0.015557362698018551,0.16863466799259186,False,0.19952137768268585,0.1991880238056183,0.19902807474136353,0.1989763379096985,5.173683166503906e-05
2026,10,3,8,Late,0.20057910680770874,0.19968198239803314,0.004482525400817394,0.20159116387367249,0.20087136328220367,0.1997605562210083,0.005545169115066528,0.005545169115066528,0.008982301689684391,0.23108653724193573,False,0.199266254901886,0.1990751326084137,0.19902807474136353,0.1989763379096985,5.173683166503906e-05
2026,10,3,9,Late,0.19968198239803314,0.19902807474136353,0.003281043143942952,0.21857406198978424,0.1997605562210083,0.1989763379096985,0.003934088163077831,0.003934088163077831,0.003934088163077831,0.23056453466415405,False,0.199027881026268,0.19897621870040894,0.19902807474136353,0.1989763379096985,5.173683166503906e-05
2026,10,4,0,Early,0.29531988501548767,0.29420316219329834,0.0037892800755798817,0.4518665671348572,0.29531988501548767,0.29420316219329834,0.0037892800755798817,0.0037892800755798817,0.005353354848921299,0.4518665671348572,False,0.293742835521698,0.293742835521698,0.2854280173778534,0.2854280173778534,0.0
2026,10,4,1,Early,0.29420316219329834,0.29320240020751953,0.003407973563298583,0.5017695426940918,0.29420316219329834,0.29320240020751953,0.003407973563298583,0.003407973563298583,0.0031373375095427036,0.5017695426940918,False,0.29328134655952454,0.29328134655952454,0.2854280173778534,0.2854280173778534,0.0
2026,10,4,2,Early,0.29320240020751953,0.29179874062538147,0.004799739457666874,0.5443580150604248,0.29320240020751953,0.29179874062538147,0.004799739457666874,0.004799739457666874,0.003201901912689209,0.5443580150604248,False,0.292264848947525,0.292264848947525,0.2854280173778534,0.2854280173778534,0.0
2026,10,4,3,Early,0.29179874062538147,0.2905609905719757,0.004251956474035978,0.5032735466957092,0.29179874062538147,0.2905609905719757,0.004251956474035978,0.004251956474035978,0.0017270251410081983,0.5032735466957092,False,0.29129499197006226,0.29129499197006226,0.2854280173778534,0.2854280173778534,0.0
2026,10,4,4,Early,0.2905609905719757,0.2896380126476288,0.0031827003695070744,0.46857234835624695,0.2905609905719757,0.2896380126476288,0.0031827003695070744,0.0031827003695070744,0.00012419733684509993,0.46857234835624695,False,0.2905247211456299,0.2905247211456299,0.2854280173778534,0.2854280173778534,0.0
2026,10,4,5,Late,0.2896380126476288,0.28854307532310486,0.0037884304765611887,0.5081394910812378,0.2896380126476288,0.28854307532310486,0.0037884304765611887,0.0037884304765611887,0.0006441413424909115,0.5081394910812378,False,0.28945133090019226,0.28945133090019226,0.2854280173778534,0.2854280173778534,0.0
2026,10,4,6,Late,0.28854307532310486,0.28787288069725037,0.002326387446373701,0.5366239547729492,0.28854307532310486,0.28787288069725037,0.002326387446373701,0.002326387446373701,-0.0005203171167522669,0.5366239547729492,False,0.2886931300163269,0.2886931300163269,0.2854280173778534,0.2854280173778534,0.0
2026,10,4,7,Late,0.28787288069725037,0.286376029253006,0.005214656237512827,0.5834255218505859,0.28787288069725037,0.286376029253006,0.005214656237512827,0.005214656237512827,0.0030450019985437393,0.5834255218505859,False,0.286997526884079,0.286997526884079,0.2854280173778534,0.2854280173778534,0.0
2026,10,4,8,Late,0.286376029253006,0.28587058186531067,0.0017673667753115296,0.5669076442718506,0.286376029253006,0.28587058186531067,0.0017673667753115296,0.0017673667753115296,0.0005528521724045277,0.5669076442718506,False,0.28621768951416016,0.28621768951416016,0.2854280173778534,0.2854280173778534,0.0
2026,10,4,9,Late,0.28587058186531067,0.2854280173778534,0.0015505290357396007,0.5945964455604553,0.28587058186531067,0.2854280173778534,0.0015505290357396007,0.0015505290357396007,0.0015505290357396007,0.5945964455604553,False,0.28542762994766235,0.28542762994766235,0.2854280173778534,0.2854280173778534,0.0
2026,10,5,0,Early,0.47213655710220337,0.4691898822784424,0.00656805420294404,0.708254337310791,0.47213655710220337,0.4691898822784424,0.00656805420294404,0.00656805420294404,0.06407710909843445,0.708254337310791,False,0.4428318440914154,0.4428318440914154,0.4430127441883087,0.4430122971534729,4.470348358154297e-07
2026,10,5,1,Early,0.4691898822784424,0.46624958515167236,0.006597542203962803,0.6718956828117371,0.4691898822784424,0.46624958515167236,0.006597542203962803,0.006597542203962803,0.05779248848557472,0.6718956828117371,False,0.4428424537181854,0.4428424537181854,0.4430127441883087,0.4430122971534729,4.470348358154297e-07
2026,10,5,2,Early,0.46624958515167236,0.4633151888847351,0.006628569681197405,0.6947087645530701,0.46624958515167236,0.4633159041404724,0.006627148482948542,0.006628569681197405,0.05148428678512573,0.6632121801376343,True,0.44285252690315247,0.4428521692752838,0.4430127441883087,0.4430122971534729,4.470348358154297e-07
2026,10,5,3,Early,0.4633151888847351,0.4603869616985321,0.006659358739852905,0.6882886290550232,0.4633159041404724,0.4603874683380127,0.006659714039415121,0.006659714039415121,0.04515500366687775,0.6882598400115967,False,0.44286033511161804,0.4428598880767822,0.4430127441883087,0.4430122971534729,4.470348358154297e-07
2026,10,5,4,Early,0.4603869616985321,0.4574633240699768,0.006693818140774965,0.6816139817237854,0.4603874683380127,0.45746368169784546,0.006694173440337181,0.006694173440337181,0.038808900862932205,0.6815827488899231,False,0.4428626000881195,0.44286227226257324,0.4430127441883087,0.4430122971534729,4.470348358154297e-07
2026,10,5,5,Late,0.4574633240699768,0.4545532166957855,0.006709212437272072,0.6659042835235596,0.45746368169784546,0.4545533061027527,0.006709567736834288,0.006709567736834288,0.032428570091724396,0.6658773422241211,False,0.4428669214248657,0.4428665339946747,0.4430127441883087,0.4430122971534729,4.470348358154297e-07
2026,10,5,6,Late,0.4545532166957855,0.4516536593437195,0.006731000263243914,0.6988005638122559,0.4545533061027527,0.4516536295413971,0.00673111854121089,0.00673111854121089,0.02603863924741745,0.6987854242324829,False,0.4428703486919403,0.44286996126174927,0.4430127441883087,0.4430122971534729,4.470348358154297e-07
2026,10,5,7,Late,0.4516536593437195,0.448761910200119,0.006759061943739653,0.7129802703857422,0.4516536295413971,0.4487617313861847,0.0067594172433018684,0.0067594172433018684,0.01964160054922104,0.7129501700401306,False,0.44286924600601196,0.4428688585758209,0.4430127441883087,0.4430122971534729,4.470348358154297e-07
2026,10,5,8,Late,0.448761910200119,0.4458813965320587,0.00677978340536356,0.6930503845214844,0.4487617313861847,0.44588103890419006,0.006779901683330536,0.006779901683330536,0.013226204551756382,0.6930221915245056,False,0.4428656995296478,0.4428653120994568,0.4430127441883087,0.4430122971534729,4.470348358154297e-07
2026,10,5,9,Late,0.4458813965320587,0.4430127441883087,0.006799083668738604,0.7124806046485901,0.44588103890419006,0.4430122971534729,0.006799320690333843,0.006799320690333843,0.006799320690333843,0.7201106548309326,False,0.44286003708839417,0.44285959005355835,0.4430127441883087,0.4430122971534729,4.470348358154297e-07
2026,10,6,0,Early,0.3390551805496216,0.3361789882183075,0.008519626222550869,0.5769175887107849,0.3390551805496216,0.3361789882183075,0.008519626222550869,0.008519626222550869,0.055606819689273834,0.5769175887107849,False,0.3207157254219055,0.3207157254219055,0.3118787407875061,0.3118787407875061,0.0
2026,10,6,1,Early,0.3361789882183075,0.33337637782096863,0.008372103795409203,0.5621297359466553,0.3361789882183075,0.33337637782096863,0.008372103795409203,0.008372103795409203,0.050112660974264145,0.5621297359466553,False,0.31974709033966064,0.31974709033966064,0.3118787407875061,0.3118787407875061,0.0
2026,10,6,2,Early,0.33337637782096863,0.33037102222442627,0.009056571871042252,0.6051298975944519,0.33337637782096863,0.33037102222442627,0.009056571871042252,0.009056571871042252,0.045580778270959854,0.6051298975944519,False,0.3185216188430786,0.3185216188430786,0.3118787407875061,0.3118787407875061,0.0
2026,10,6,3,Early,0.33037102222442627,0.3274971842765808,0.008737437427043915,0.6388323903083801,0.33037102222442627,0.3274971842765808,0.008737437427043915,0.008737437427043915,0.040071841329336166,0.6388323903083801,False,0.3173939883708954,0.3173939883708954,0.3118787407875061,0.3118787407875061,0.0
2026,10,6,4,Early,0.3274971842765808,0.32499516010284424,0.0076698907651007175,0.5910378098487854,0.3274971842765808,0.32499516010284424,0.0076698907651007175,0.0076698907651007175,0.033697064965963364,0.5910378098487854,False,0.31664514541625977,0.31664514541625977,0.3118787407875061,0.3118787407875061,0.0
2026,10,6,5,Late,0.32499516010284424,0.32214897871017456,0.008796405047178268,0.6347625851631165,0.32499516010284424,0.32214897871017456,0.008796405047178268,0.008796405047178268,0.029612382873892784,0.6347625851631165,False,0.31551221013069153,0.31551221013069153,0.3118787407875061,0.3118787407875061,0.0
2026,10,6,6,Late,0.32214897871017456,0.3196147084236145,0.007898300886154175,0.5997570753097534,0.32214897871017456,0.3196147084236145,0.007898300886154175,0.007898300886154175,0.023464761674404144,0.5997570753097534,False,0.3146776556968689,0.3146776556968689,0.3118787407875061,0.3118787407875061,0.0
2026,10,6,7,Late,0.3196147084236145,0.31690314412117004,0.008520216681063175,0.6169991493225098,0.3196147084236145,0.31690314412117004,0.008520216681063175,0.008520216681063175,0.01887260563671589,0.6169991493225098,False,0.31363922357559204,0.31363922357559204,0.3118787407875061,0.3118787407875061,0.0
2026,10,6,8,Late,0.31690314412117004,0.3143903315067291,0.007961455732584,0.65992271900177,0.31690314412117004,0.3143903315067291,0.007961455732584,0.007961455732584,0.01312478631734848,0.65992271900177,False,0.3127709925174713,0.3127709925174713,0.3118787407875061,0.3118787407875061,0.0
2026,10,6,9,Late,0.3143903315067291,0.3118787407875061,0.008021535351872444,0.6259803771972656,0.3143903315067291,0.3118787407875061,0.008021535351872444,0.008021535351872444,0.008021535351872444,0.6259803771972656,False,0.311878502368927,0.311878502368927,0.3118787407875061,0.3118787407875061,0.0
2026,10,7,0,Early,0.2184760868549347,0.21537379920482635,0.014300765469670296,0.142579585313797,0.2184760868549347,0.21568617224693298,0.012850870378315449,0.014300765469670296,0.088337741792202,0.1808311492204666,True,0.20027340948581696,0.20000413060188293,0.195977583527565,0.19613401591777802,-0.0001564323902130127
2026,10,7,1,Early,0.21537379920482635,0.21243886649608612,0.013719950802624226,0.15496651828289032,0.21568617224693298,0.21297596395015717,0.01264430582523346,0.013879735954105854,0.07812819629907608,0.1341719925403595,True,0.19986611604690552,0.19947630167007446,0.195977583527565,0.19613401591777802,-0.0001564323902130127
2026,10,7,2,Early,0.21243886649608612,0.20969322323799133,0.013008307665586472,0.1061297282576561,0.21297596395015717,0.21024546027183533,0.012903115712106228,0.013317727483808994,0.06791186332702637,0.1281149536371231,True,0.19947797060012817,0.19899243116378784,0.195977583527565,0.19613401591777802,-0.0001564323902130127
2026,10,7,3,Early,0.20969322323799133,0.20713751018047333,0.012262952513992786,0.11628832668066025,0.21024546027183533,0.20776234567165375,0.01187912281602621,0.012668187730014324,0.057336077094078064,0.10947820544242859,True,0.19906063377857208,0.19852979481220245,0.195977583527565,0.19613401591777802,-0.0001564323902130127
2026,10,7,4,Early,0.20713751018047333,0.2047809362411499,0.011441975831985474,0.13351380825042725,0.20776234567165375,0.2053263634443283,0.01179311703890562,0.011976058594882488,0.04753705859184265,0.14488434791564941,True,0.19856570661067963,0.19811691343784332,0.195977583527565,0.19613401591777802,-0.0001564323902130127
2026,10,7,5,Late,0.2047809362411499,0.2026112973690033,0.010651106014847755,0.1292485147714615,0.2053263634443283,0.20311976969242096,0.010803839191794395,0.01113987248390913,0.037957653403282166,0.11706926673650742,True,0.19805914163589478,0.19767864048480988,0.195977583527565,0.19613401591777802,-0.0001564323902130127
2026,10,7,6,Late,0.2026112973690033,0.2006399929523468,0.009776509366929531,0.1682816594839096,0.20311976969242096,0.20105473697185516,0.010218506678938866,0.010218506678938866,0.02935612015426159,0.16786088049411774,False,0.19750003516674042,0.1972435563802719,0.195977583527565,0.19613401591777802,-0.0001564323902130127
2026,10,7,7,Late,0.2006399929523468,0.19887536764144897,0.0088332025334239,0.1856117993593216,0.20105473697185516,0.19919103384017944,0.009312703274190426,0.009312703274190426,0.021210310980677605,0.18508924543857574,False,0.19696930050849915,0.19683516025543213,0.195977583527565,0.19613401591777802,-0.0001564323902130127
2026,10,7,8,Late,0.19887536764144897,0.19733253121376038,0.0077878800220787525,0.19271394610404968,0.19919103384017944,0.19755800068378448,0.008231938816606998,0.008231938816606998,0.013777805492281914,0.19235247373580933,False,0.19646580517292023,0.196465402841568,0.195977583527565,0.19613401591777802,-0.0001564323902130127
2026,10,7,9,Late,0.19733253121376038,0.195977583527565,0.0068895830772817135,0.2201441079378128,0.19755800068378448,0.19613401591777802,0.00723474333062768,0.00723474333062768,0.00723474333062768,0.24175429344177246,False,0.19597764313220978,0.19613386690616608,0.195977583527565,0.19613401591777802,-0.0001564323902130127
2026,10,8,0,Early,0.28134897351264954,0.26464954018592834,0.061184369027614594,0.3443666398525238,0.28134897351264954,0.28361374139785767,-0.00802210159599781,0.061184369027614594,0.15745767951011658,0.48673638701438904,True,0.2515846788883209,0.2403600513935089,0.24075563251972198,0.24019840359687805,0.0005572289228439331
2026,10,8,1,Early,0.26464954018592834,0.25881707668304443,0.022280707955360413,0.36066392064094543,0.28361374139785767,0.27636268734931946,0.025892099365592003,0.07587792724370956,0.16569432616233826,0.3990612328052521,True,0.2563074231147766,0.2403073012828827,0.24075563251972198,0.24019840359687805,0.0005572289228439331
2026,10,8,2,Early,0.25881707668304443,0.25533542037010193,0.013543969951570034,0.37990686297416687,0.27636268734931946,0.2695385813713074,0.024993645027279854,0.07269015163183212,0.13985666632652283,0.3936455547809601,True,0.257590115070343,0.24029260873794556,0.24075563251972198,0.24019840359687805,0.0005572289228439331
2026,10,8,3,Early,0.25533542037010193,0.2525404095649719,0.011007064953446388,0.4007965326309204,0.2695385813713074,0.26353076100349426,0.022535188123583794,0.0637328252196312,0.11491220444440842,0.3704705834388733,True,0.2540542483329773,0.24027866125106812,0.24075563251972198,0.24019840359687805,0.0005572289228439331
2026,10,8,4,Early,0.2525404095649719,0.2500408887863159,0.009947722777724266,0.4205634295940399,0.26353076100349426,0.25735360383987427,0.023712145164608955,0.05261433124542236,0.09242954850196838,0.37702012062072754,True,0.24955202639102936,0.24026453495025635,0.24075563251972198,0.24019840359687805,0.0005572289228439331
2026,10,8,5,Late,0.2500408887863159,0.24767088890075684,0.009523672051727772,0.3817763328552246,0.25735360383987427,0.2521466612815857,0.02043316140770912,0.04098815098404884,0.0687667727470398,0.3593221604824066,True,0.24667057394981384,0.24025095999240875,0.24075563251972198,0.24019840359687805,0.0005572289228439331
2026,10,8,6,Late,0.24767088890075684,0.24562017619609833,0.008311917074024677,0.3905801475048065,0.2521466612815857,0.24767152965068817,0.01790350303053856,0.029384277760982513,0.04843320697546005,0.4063984155654907,True,0.2442377358675003,0.24022537469863892,0.24075563251972198,0.24019840359687805,0.0005572289228439331
2026,10,8,7,Late,0.24562017619609833,0.24374523758888245,0.0076653845608234406,0.3878657817840576,0.24767152965068817,0.24440768361091614,0.013262150809168816,0.017413798719644547,0.030539097264409065,0.37582793831825256,True,0.24249938130378723,0.24022218585014343,0.24075563251972198,0.24019840359687805,0.0005572289228439331
2026,10,8,8,Late,0.24374523758888245,0.24214455485343933,0.006589942146092653,0.4029396176338196,0.24440768361091614,0.24185575544834137,0.010499355383217335,0.011591807007789612,0.017323041334748268,0.3787817060947418,True,0.24121026694774628,0.24021026492118835,0.24075563251972198,0.24019840359687805,0.0005572289228439331
2026,10,8,9,Late,0.24214455485343933,0.24075563251972198,0.005754569545388222,0.3984096944332123,0.24185575544834137,0.24019840359687805,0.006876015570014715,0.006876015570014715,0.006876015570014715,0.37417086958885193,False,0.2407551109790802,0.24019844830036163,0.24075563251972198,0.24019840359687805,0.0005572289228439331
2026,10,9,0,Early,0.34255412220954895,0.3397442400455475,0.008236855268478394,0.5827602744102478,0.34255412220954895,0.3397442400455475,0.008236855268478394,0.008236855268478394,0.059085700660943985,0.5827602744102478,False,0.32290005683898926,0.32290005683898926,0.31448599696159363,0.31448599696159363,0.0
2026,10,9,1,Early,0.3397442400455475,0.33691170811653137,0.008372578769922256,0.5635344982147217,0.3397442400455475,0.33691170811653137,0.008372578769922256,0.008372578769922256,0.05348198488354683,0.5635344982147217,False,0.32205110788345337,0.32205110788345337,0.31448599696159363,0.31448599696159363,0.0
2026,10,9,2,Early,0.33691170811653137,0.33384639024734497,0.009140444919466972,0.605222761631012,0.33691170811653137,0.33384639024734497,0.009140444919466972,0.009140444919466972,0.04862063378095627,0.605222761631012,False,0.3209224343299866,0.3209224343299866,0.31448599696159363,0.31448599696159363,0.0
2026,10,9,3,Early,0.33384639024734497,0.33074063062667847,0.009347021579742432,0.634880542755127,0.33384639024734497,0.33074063062667847,0.009347021579742432,0.009347021579742432,0.04324527084827423,0.634880542755127,False,0.31971660256385803,0.31971660256385803,0.31448599696159363,0.31448599696159363,0.0
2026,10,9,4,Early,0.33074063062667847,0.32786083221435547,0.008745593950152397,0.5820942521095276,0.33074063062667847,0.32786083221435547,0.008745593950152397,0.008745593950152397,0.03695591911673546,0.5820942521095276,False,0.31874072551727295,0.31874072551727295,0.31448599696159363,0.31448599696159363,0.0
2026,10,9,5,Late,0.32786083221435547,0.32523012161254883,0.008056537248194218,0.5709891319274902,0.32786083221435547,0.32523012161254883,0.008056537248194218,0.008056537248194218,0.030549876391887665,0.5709891319274902,False,0.31799599528312683,0.31799599528312683,0.31448599696159363,0.31448599696159363,0.0
2026,10,9,6,Late,0.32523012161254883,0.32220232486724854,0.009353399276733398,0.6528207063674927,0.32523012161254883,0.32220232486724854,0.009353399276733398,0.009353399276733398,0.02623346447944641,0.6528207063674927,False,0.3168090283870697,0.3168090283870697,0.31448599696159363,0.31448599696159363,0.0
2026,10,9,7,Late,0.32220232486724854,0.31952765583992004,0.008336521685123444,0.5966904759407043,0.32220232486724854,0.31952765583992004,0.008336521685123444,0.008336521685123444,0.019558846950531006,0.5966904759407043,False,0.3159615397453308,0.3159615397453308,0.31448599696159363,0.31448599696159363,0.0
2026,10,9,8,Late,0.31952765583992004,0.31712454557418823,0.00754957739263773,0.6172311902046204,0.31952765583992004,0.31712454557418823,0.00754957739263773,0.00754957739263773,0.013141301460564137,0.6172311902046204,False,0.31535604596138,0.31535604596138,0.31448599696159363,0.31448599696159363,0.0
2026,10,9,9,Late,0.31712454557418823,0.31448599696159363,0.008355671539902687,0.6723917126655579,0.31712454557418823,0.31448599696159363,0.008355671539902687,0.008355671539902687,0.008355671539902687,0.6723917126655579,False,0.3144857585430145,0.3144857585430145,0.31448599696159363,0.31448599696159363,0.0
2026,10,10,0,Early,0.24531587958335876,0.2435196191072464,0.007348604965955019,0.17633311450481415,0.24531587958335876,0.2435196191072464,0.007348604965955019,0.007348604965955019,0.007946696132421494,0.17633311450481415,False,0.24337396025657654,0.24337396025657654,0.23074959218502045,0.23074959218502045,0.0
2026,10,10,1,Early,0.2435196191072464,0.24183791875839233,0.006929132156074047,0.25473177433013916,0.2435196191072464,0.24183791875839233,0.006929132156074047,0.006929132156074047,0.007134567480534315,0.25473177433013916,False,0.24178819358348846,0.24178819358348846,0.23074959218502045,0.23074959218502045,0.0
2026,10,10,2,Early,0.24183791875839233,0.24033193290233612,0.006246871780604124,0.18772873282432556,0.24183791875839233,0.24033193290233612,0.006246871780604124,0.006246871780604124,0.005433088168501854,0.18772873282432556,False,0.24052737653255463,0.24052737653255463,0.23074959218502045,0.23074959218502045,0.0
2026,10,10,3,Early,0.24033193290233612,0.23868699371814728,0.006867212243378162,0.136992946267128,0.24033193290233612,0.23868699371814728,0.006867212243378162,0.006867212243378162,0.0058327121660113335,0.136992946267128,False,0.23893406987190247,0.23893406987190247,0.23074959218502045,0.23074959218502045,0.0
2026,10,10,4,Early,0.23868699371814728,0.2370084673166275,0.007056505884975195,0.119944266974926,0.23868699371814728,0.2370084673166275,0.007056505884975195,0.007056505884975195,0.0062895165756344795,0.119944266974926,False,0.2371903657913208,0.2371903657913208,0.23074959218502045,0.23074959218502045,0.0
2026,10,10,5,Late,0.2370084673166275,0.23536908626556396,0.0069402591325342655,0.13822588324546814,0.2370084673166275,0.23536908626556396,0.0069402591325342655,0.0069402591325342655,0.00652476167306304,0.13822588324546814,False,0.23546700179576874,0.23546700179576874,0.23074959218502045,0.23074959218502045,0.0
2026,10,10,6,Late,0.23536908626556396,0.23431281745433807,0.004498068243265152,0.21065185964107513,0.23536908626556396,0.23431281745433807,0.004498068243265152,0.004498068243265152,0.003652373794466257,0.21065185964107513,False,0.23451091349124908,0.23451091349124908,0.23074959218502045,0.23074959218502045,0.0
2026,10,10,7,Late,0.23431281745433807,0.23290427029132843,0.006029227748513222,0.23651088774204254,0.23431281745433807,0.23290427029132843,0.006029227748513222,0.006029227748513222,0.005411088466644287,0.23651088774204254,False,0.23304830491542816,0.23304830491542816,0.23074959218502045,0.23074959218502045,0.0
2026,10,10,8,Late,0.23290427029132843,0.23159141838550568,0.005652468651533127,0.27167651057243347,0.23290427029132843,0.23159141838550568,0.005652468651533127,0.005652468651533127,0.005318416282534599,0.27167651057243347,False,0.2316688448190689,0.2316688448190689,0.23074959218502045,0.23074959218502045,0.0
2026,10,10,9,Late,0.23159141838550568,0.23074959218502045,0.0036417064256966114,0.31370148062705994,0.23159141838550568,0.23074959218502045,0.0036417064256966114,0.0036417064256966114,0.0036417064256966114,0.31370148062705994,False,0.23074956238269806,0.23074956238269806,0.23074959218502045,0.23074959218502045,0.0
2026,10,11,0,Early,0.453860342502594,0.4508179724216461,0.006787595804780722,0.6773258447647095,0.453860342502594,0.4508179724216461,0.006787595804780722,0.006787595804780722,0.06864459812641144,0.6773258447647095,False,0.42375004291534424,0.42375004291534424,0.42381757497787476,0.42381757497787476,0.0
2026,10,11,1,Early,0.4508179724216461,0.4477798640727997,0.006824418902397156,0.7024653553962708,0.4508179724216461,0.4477798640727997,0.006824418902397156,0.006824418902397156,0.061894651502370834,0.7024653553962708,False,0.42376038432121277,0.42376038432121277,0.42381757497787476,0.42381757497787476,0.0
2026,10,11,2,Early,0.4477798640727997,0.44474977254867554,0.006853308528661728,0.66545170545578,0.4477798640727997,0.44474977254867554,0.006853308528661728,0.006853308528661728,0.055112265050411224,0.66545170545578,False,0.42376908659935,0.42376908659935,0.42381757497787476,0.42381757497787476,0.0
2026,10,11,3,Early,0.44474977254867554,0.44172701239585876,0.006883971858769655,0.67078697681427,0.44474977254867554,0.44172701239585876,0.006883971858769655,0.006883971858769655,0.04830252006649971,0.67078697681427,False,0.4237774610519409,0.4237774610519409,0.42381757497787476,0.42381757497787476,0.0
2026,10,11,4,Early,0.44172701239585876,0.4387124180793762,0.006913095712661743,0.6964890956878662,0.44172701239585876,0.4387124180793762,0.006913095712661743,0.006913095712661743,0.04146744683384895,0.6964890956878662,False,0.4237840473651886,0.4237840473651886,0.42381757497787476,0.42381757497787476,0.0
2026,10,11,5,Late,0.4387124180793762,0.43571001291275024,0.006933221593499184,0.6900089979171753,0.4387124180793762,0.43571001291275024,0.006933221593499184,0.006933221593499184,0.03460502251982689,0.6900089979171753,False,0.42379021644592285,0.42379021644592285,0.42381757497787476,0.42381757497787476,0.0
2026,10,11,6,Late,0.43571001291275024,0.4327222406864166,0.006947901099920273,0.6813009977340698,0.43571001291275024,0.4327222406864166,0.006947901099920273,0.006947901099920273,0.02771986462175846,0.6813009977340698,False,0.42379793524742126,0.42379793524742126,0.42381757497787476,0.42381757497787476,0.0
2026,10,11,7,Late,0.4327222406864166,0.4297451972961426,0.006971696391701698,0.6914119124412537,0.4327222406864166,0.4297451972961426,0.006971696391701698,0.006971696391701698,0.020830800756812096,0.6914119124412537,False,0.42380139231681824,0.42380139231681824,0.42381757497787476,0.42381757497787476,0.0
2026,10,11,8,Late,0.4297451972961426,0.4267759919166565,0.007002003490924835,0.6837764382362366,0.4297451972961426,0.4267759919166565,0.007002003490924835,0.007002003490924835,0.013937592506408691,0.6837764382362366,False,0.423797070980072,0.423797070980072,0.42381757497787476,0.42381757497787476,0.0
2026,10,11,9,Late,0.4267759919166565,0.42381757497787476,0.007026150356978178,0.7025010585784912,0.4267759919166565,0.42381757497787476,0.007026150356978178,0.007026150356978178,0.007026150356978178,0.7025010585784912,False,0.4237878918647766,0.4237878918647766,0.42381757497787476,0.42381757497787476,0.0
2026,10,12,0,Early,0.23948192596435547,0.23539453744888306,0.017215348780155182,0.20689406991004944,0.23948192596435547,0.23948153853416443,1.0607801641526748e-06,0.017215348780155182,0.03913557529449463,0.3748328983783722,True,0.23330877721309662,0.23029063642024994,0.22779010236263275,0.22775892913341522,3.11732292175293e-05
2026,10,12,1,Early,0.23539453744888306,0.23292593657970428,0.010543040931224823,0.25162211060523987,0.23948153853416443,0.23938114941120148,0.00041856462485156953,0.015736011788249016,0.044038910418748856,0.34772130846977234,True,0.23441913723945618,0.22916382551193237,0.22779010236263275,0.22775892913341522,3.11732292175293e-05
2026,10,12,2,Early,0.23292593657970428,0.2313811480998993,0.006655803415924311,0.13424192368984222,0.23938114941120148,0.23933209478855133,0.00020477040379773825,0.01769542694091797,0.045626066625118256,0.3244338035583496,True,0.23602737486362457,0.22870449721813202,0.22779010236263275,0.22775892913341522,3.11732292175293e-05
2026,10,12,3,Early,0.2313811480998993,0.23053528368473053,0.0036626525688916445,0.25133395195007324,0.23933209478855133,0.23499193787574768,0.018301215022802353,0.018301215022802353,0.04622771590948105,0.15005511045455933,False,0.23452253639698029,0.22852006554603577,0.22779010236263275,0.22775892913341522,3.11732292175293e-05
2026,10,12,4,Early,0.23053528368473053,0.22983169555664062,0.0030568446964025497,0.2662414014339447,0.23499193787574768,0.2347549945116043,0.0010087069822475314,0.013805745169520378,0.02903011441230774,0.3196331858634949,True,0.23290272057056427,0.2282681167125702,0.22779010236263275,0.22775892913341522,3.11732292175293e-05
2026,10,12,5,Late,0.22983169555664062,0.22923177480697632,0.002614405704662204,0.2568453252315521,0.2347549945116043,0.23167987167835236,0.013184898532927036,0.013957059942185879,0.02889041230082512,0.15225467085838318,True,0.23122785985469818,0.22806984186172485,0.22779010236263275,0.22775892913341522,3.11732292175293e-05
2026,10,12,6,Late,0.22923177480697632,0.22873640060424805,0.0021640374325215816,0.3159782290458679,0.23167987167835236,0.2307119518518448,0.004186425358057022,0.00931042991578579,0.015961652621626854,0.24464648962020874,True,0.22964829206466675,0.22801122069358826,0.22779010236263275,0.22775892913341522,3.11732292175293e-05
2026,10,12,7,Late,0.22873640060424805,0.22833147644996643,0.0017717754235491157,0.3287814259529114,0.2307119518518448,0.2289653867483139,0.007598356809467077,0.008083266206085682,0.012270120903849602,0.17833870649337769,True,0.22839292883872986,0.22789835929870605,0.22779010236263275,0.22775892913341522,3.11732292175293e-05
2026,10,12,8,Late,0.22833147644996643,0.22802422940731049,0.0013462682254612446,0.27893224358558655,0.2289653867483139,0.22835280001163483,0.002679792232811451,0.003944034222513437,0.004866643808782101,0.24854950606822968,True,0.227956160902977,0.22785378992557526,0.22779010236263275,0.22775892913341522,3.11732292175293e-05
2026,10,12,9,Late,0.22802422940731049,0.22779010236263275,0.001027762540616095,0.32274648547172546,0.22835280001163483,0.22775892913341522,0.002606135793030262,0.002606135793030262,0.002606135793030262,0.21650102734565735,False,0.2277899831533432,0.22775843739509583,0.22779010236263275,0.22775892913341522,3.11732292175293e-05
2026,10,13,0,Early,0.2195906639099121,0.21613366901874542,0.015867311507463455,0.13615159690380096,0.2195906639099121,0.2169370949268341,0.0121559277176857,0.015867311507463455,0.08822716027498245,0.1739814430475235,True,0.2012978345155716,0.20104677975177765,0.20046472549438477,0.20045337080955505,1.1354684829711914e-05
2026,10,13,1,Early,0.21613366901874542,0.21301831305027008,0.014519430696964264,0.12548400461673737,0.2169370949268341,0.2139054834842682,0.014073233120143414,0.015014410950243473,0.0764383003115654,0.16750213503837585,True,0.201348677277565,0.20097258687019348,0.20046472549438477,0.20045337080955505,1.1354684829711914e-05
2026,10,13,2,Early,0.21301831305027008,0.21025873720645905,0.013039358891546726,0.08801014721393585,0.2139054834842682,0.21143503487110138,0.011615686118602753,0.013739220798015594,0.06274169683456421,0.11440441757440567,True,0.20141485333442688,0.2008969634771347,0.20046472549438477,0.20045337080955505,1.1354684829711914e-05
2026,10,13,3,Early,0.21025873720645905,0.20786596834659576,0.011445851065218449,0.10328324139118195,0.21143503487110138,0.20913562178611755,0.010934379883110523,0.01258094422519207,0.051421187818050385,0.14437173306941986,True,0.2014394849538803,0.20083749294281006,0.20046472549438477,0.20045337080955505,1.1354684829711914e-05
2026,10,13,4,Early,0.20786596834659576,0.20583266019821167,0.00982973538339138,0.13002561032772064,0.20913562178611755,0.2070247232913971,0.010143812745809555,0.011226384900510311,0.04077187553048134,0.13192258775234222,True,0.2013801783323288,0.20078016817569733,0.20046472549438477,0.20045337080955505,1.1354684829711914e-05
2026,10,13,5,Late,0.20583266019821167,0.20413906872272491,0.008261722512543201,0.1427079290151596,0.2070247232913971,0.2050447165966034,0.009609445929527283,0.009859943762421608,0.030867265537381172,0.142899751663208,True,0.20127704739570618,0.20073197782039642,0.20046472549438477,0.20045337080955505,1.1354684829711914e-05
2026,10,13,6,Late,0.20413906872272491,0.20277775824069977,0.0066907755099236965,0.154932901263237,0.2050447165966034,0.20343133807182312,0.007899529300630093,0.008236057125031948,0.021634042263031006,0.15515848994255066,True,0.2011025846004486,0.20065632462501526,0.20046472549438477,0.20045337080955505,1.1354684829711914e-05
2026,10,13,7,Late,0.20277775824069977,0.20173218846321106,0.005170363001525402,0.1796586960554123,0.20343133807182312,0.2021169662475586,0.006482225377112627,0.006575895007699728,0.014082610607147217,0.1794511079788208,True,0.20094166696071625,0.20058654248714447,0.20046472549438477,0.20045337080955505,1.1354684829711914e-05
2026,10,13,8,Late,0.20173218846321106,0.2009803056716919,0.0037354212254285812,0.2526867389678955,0.2021169662475586,0.20114901661872864,0.0048005226999521255,0.004976911935955286,0.007907336577773094,0.19805991649627686,True,0.20069319009780884,0.20052504539489746,0.20046472549438477,0.20045337080955505,1.1354684829711914e-05
2026,10,13,9,Late,0.2009803056716919,0.20046472549438477,0.002570017706602812,0.24563109874725342,0.20114901661872864,0.20045337080955505,0.003464348381385207,0.003464348381385207,0.003464348381385207,0.25152239203453064,False,0.20046444237232208,0.20045335590839386,0.20046472549438477,0.20045337080955505,1.1354684829711914e-05
2026,10,14,0,Early,0.26379865407943726,0.25781533122062683,0.022940311580896378,0.3316112756729126,0.26379865407943726,0.2668376564979553,-0.011456312611699104,0.022940311580896378,0.061135560274124146,0.5145212411880493,True,0.2528546452522278,0.24815422296524048,0.24752236902713776,0.24795202910900116,-0.0004296600818634033
2026,10,14,1,Early,0.25781533122062683,0.2549014389514923,0.011365590617060661,0.2657187879085541,0.2668376564979553,0.2642228603363037,0.009846093133091927,0.03357676416635513,0.07294271886348724,0.37291815876960754,True,0.2587633728981018,0.248066708445549,0.24752236902713776,0.24795202910900116,-0.0004296600818634033
2026,10,14,2,Early,0.2549014389514923,0.2536084055900574,0.005086100194603205,0.3697868883609772,0.2642228603363037,0.2613912522792816,0.010770872235298157,0.036704495549201965,0.06315650790929794,0.3537807762622833,True,0.25639787316322327,0.2480514496564865,0.24752236902713776,0.24795202910900116,-0.0004296600818634033
2026,10,14,3,Early,0.2536084055900574,0.2524881660938263,0.004427628125995398,0.38257429003715515,0.2613912522792816,0.2586105465888977,0.010692089796066284,0.027595262974500656,0.052448615431785583,0.35699060559272766,True,0.25422126054763794,0.24803495407104492,0.24752236902713776,0.24795202910900116,-0.0004296600818634033
2026,10,14,4,Early,0.2524881660938263,0.2514629662036896,0.004071754869073629,0.3663135766983032,0.2586105465888977,0.2556944191455841,0.011338668875396252,0.02351345866918564,0.04184815660119057,0.3244432210922241,True,0.252314954996109,0.24801145493984222,0.24752236902713776,0.24795202910900116,-0.0004296600818634033
2026,10,14,5,Late,0.2514629662036896,0.25052323937416077,0.0037462767213582993,0.3722590506076813,0.2556944191455841,0.2533685564994812,0.00913711916655302,0.016294939443469048,0.030546056106686592,0.32484954595565796,True,0.25039178133010864,0.24800200760364532,0.24752236902713776,0.24795202910900116,-0.0004296600818634033
2026,10,14,6,Late,0.25052323937416077,0.24965767562389374,0.0034612040035426617,0.3887700140476227,0.2533685564994812,0.25132718682289124,0.008088089525699615,0.016485581174492836,0.02142593264579773,0.3353483974933624,True,0.24937283992767334,0.24799762666225433,0.24752236902713776,0.24795202910900116,-0.0004296600818634033
2026,10,14,7,Late,0.24965767562389374,0.24888157844543457,0.003115800442174077,0.37257125973701477,0.25132718682289124,0.2497938871383667,0.006117186043411493,0.009821119718253613,0.013398992829024792,0.38582727313041687,True,0.24841803312301636,0.24798209965229034,0.24752236902713776,0.24795202910900116,-0.0004296600818634033
2026,10,14,8,Late,0.24888157844543457,0.24817700684070587,0.0028397003188729286,0.3888888359069824,0.2497938871383667,0.2486674040555954,0.004522209521383047,0.005416519939899445,0.007355724927037954,0.3388846814632416,True,0.24773649871349335,0.24796320497989655,0.24752236902713776,0.24795202910900116,-0.0004296600818634033
2026,10,14,9,Late,0.24817700684070587,0.24752236902713776,0.002642235718667507,0.38521134853363037,0.2486674040555954,0.24795202910900116,0.002881301799789071,0.002881301799789071,0.002881301799789071,0.35004350543022156,False,0.24752211570739746,0.2479519546031952,0.24752236902713776,0.24795202910900116,-0.0004296600818634033
2026,10,15,0,Early,0.26892411708831787,0.25977635383605957,0.03460506349802017,0.30644968152046204,0.26892411708831787,0.27187860012054443,-0.010932090692222118,0.03460506349802017,0.08595318347215652,0.516444206237793,True,0.253510057926178,0.24677471816539764,0.2465248703956604,0.2465345710515976,-9.700655937194824e-06
2026,10,15,1,Early,0.25977635383605957,0.25654566287994385,0.012513794004917145,0.3387612998485565,0.27187860012054443,0.26870205998420715,0.011746876873075962,0.03444754332304001,0.09722837805747986,0.39485085010528564,True,0.25611412525177,0.24668867886066437,0.2465248703956604,0.2465345710515976,-9.700655937194824e-06
2026,10,15,2,Early,0.25654566287994385,0.25468942523002625,0.007260954938828945,0.36830252408981323,0.26870205998420715,0.2649305760860443,0.014134061522781849,0.0332973413169384,0.08560197055339813,0.37133345007896423,True,0.2553651034832001,0.2466575801372528,0.2465248703956604,0.2465345710515976,-9.700655937194824e-06
2026,10,15,3,Early,0.25468942523002625,0.25316324830055237,0.006009129341691732,0.381333589553833,0.2649305760860443,0.26098042726516724,0.015017425641417503,0.035857390612363815,0.07152768224477768,0.3644862473011017,True,0.2534649968147278,0.24664251506328583,0.2465248703956604,0.2465345710515976,-9.700655937194824e-06
2026,10,15,4,Early,0.25316324830055237,0.25184279680252075,0.005229957867413759,0.3908335566520691,0.26098042726516724,0.25684410333633423,0.015972865745425224,0.03602423146367073,0.056612610816955566,0.3388074040412903,True,0.2517826557159424,0.24661608040332794,0.2465248703956604,0.2465345710515976,-9.700655937194824e-06
2026,10,15,5,Late,0.25184279680252075,0.25063514709472656,0.0048066298477351665,0.37163054943084717,0.25684410333633423,0.25377899408340454,0.012000619433820248,0.023578204214572906,0.04079790413379669,0.36040282249450684,True,0.24991293251514435,0.2465762495994568,0.2465248703956604,0.2465345710515976,-9.700655937194824e-06
2026,10,15,6,Late,0.25063514709472656,0.2494744062423706,0.004645150620490313,0.3521009385585785,0.25377899408340454,0.25128525495529175,0.0098738307133317,0.018920812755823135,0.02882165089249611,0.3476794362068176,True,0.24881437420845032,0.24656903743743896,0.2465248703956604,0.2465345710515976,-9.700655937194824e-06
2026,10,15,7,Late,0.2494744062423706,0.2484210878610611,0.00423178356140852,0.3801394999027252,0.25128525495529175,0.2492532730102539,0.008118600584566593,0.012545748613774776,0.018985245376825333,0.35100483894348145,True,0.24773629009723663,0.2465595304965973,0.2465248703956604,0.2465345710515976,-9.700655937194824e-06
2026,10,15,8,Late,0.2484210878610611,0.2474387288093567,0.0039643035270273685,0.42417120933532715,0.2492532730102539,0.24755628407001495,0.006830076687037945,0.007016999647021294,0.010908596217632294,0.3391278088092804,True,0.24678157269954681,0.24654904007911682,0.2465248703956604,0.2465345710515976,-9.700655937194824e-06
2026,10,15,9,Late,0.2474387288093567,0.2465248703956604,0.003700433997437358,0.4080853760242462,0.24755628407001495,0.2465345710515976,0.004135862458497286,0.004135862458497286,0.004135862458497286,0.3686932623386383,False,0.24652478098869324,0.2465345412492752,0.2465248703956604,0.2465345710515976,-9.700655937194824e-06
2026,10,16,0,Early,0.3286437392234802,0.32642173767089844,0.006784270517528057,0.5417914390563965,0.3286437392234802,0.32642173767089844,0.006784270517528057,0.006784270517528057,0.041717611253261566,0.5417914390563965,False,0.31521517038345337,0.31521517038345337,0.30556055903434753,0.30556055903434753,0.0
2026,10,16,1,Early,0.32642173767089844,0.32418379187583923,0.0068795885890722275,0.5050315856933594,0.32642173767089844,0.32418379187583923,0.0068795885890722275,0.0068795885890722275,0.03734060376882553,0.5050315856933594,False,0.31445741653442383,0.31445741653442383,0.30556055903434753,0.30556055903434753,0.0
2026,10,16,2,Early,0.32418379187583923,0.32127904891967773,0.009000692516565323,0.5780414342880249,0.32418379187583923,0.32127904891967773,0.009000692516565323,0.009000692516565323,0.035455960780382156,0.5780414342880249,False,0.3128906190395355,0.3128906190395355,0.30556055903434753,0.30556055903434753,0.0
2026,10,16,3,Early,0.32127904891967773,0.3185492753982544,0.00853286124765873,0.5744994878768921,0.32127904891967773,0.3185492753982544,0.00853286124765873,0.00853286124765873,0.031022442504763603,0.5744994878768921,False,0.31146496534347534,0.31146496534347534,0.30556055903434753,0.30556055903434753,0.0
2026,10,16,4,Early,0.3185492753982544,0.31605473160743713,0.007861985825002193,0.6000900268554688,0.3185492753982544,0.31605473160743713,0.007861985825002193,0.007861985825002193,0.026480818167328835,0.6000900268554688,False,0.31022435426712036,0.31022435426712036,0.30556055903434753,0.30556055903434753,0.0
2026,10,16,5,Late,0.31605473160743713,0.3135825991630554,0.007852642796933651,0.6269339919090271,0.31605473160743713,0.3135825991630554,0.007852642796933651,0.007852642796933651,0.02267538011074066,0.6269339919090271,False,0.30896854400634766,0.30896854400634766,0.30556055903434753,0.30556055903434753,0.0
2026,10,16,6,Late,0.3135825991630554,0.31123170256614685,0.007525552995502949,0.6335612535476685,0.3135825991630554,0.31123170256614685,0.007525552995502949,0.007525552995502949,0.018605610355734825,0.6335612535476685,False,0.3078019917011261,0.3078019917011261,0.30556055903434753,0.30556055903434753,0.0
2026,10,16,7,Late,0.31123170256614685,0.3090320825576782,0.007092789746820927,0.5391885042190552,0.31123170256614685,0.3090320825576782,0.007092789746820927,0.007092789746820927,0.014356380328536034,0.5391885042190552,False,0.3067953884601593,0.3067953884601593,0.30556055903434753,0.30556055903434753,0.0
2026,10,16,8,Late,0.3090320825576782,0.30731749534606934,0.005564454942941666,0.5549706816673279,0.3090320825576782,0.30731749534606934,0.005564454942941666,0.005564454942941666,0.009121421724557877,0.5549706816673279,False,0.3062260150909424,0.3062260150909424,0.30556055903434753,0.30556055903434753,0.0
2026,10,16,9,Late,0.30731749534606934,0.30556055903434753,0.005733602214604616,0.5754095315933228,0.30731749534606934,0.30556055903434753,0.005733602214604616,0.005733602214604616,0.005733602214604616,0.5754095315933228,False,0.30556046962738037,0.30556046962738037,0.30556055903434753,0.30556055903434753,0.0
2026,10,17,0,Early,0.4507628381252289,0.44770169258117676,0.006853780709207058,0.7001199722290039,0.4507628381252289,0.44770169258117676,0.006853780709207058,0.006853780709207058,0.0694592297077179,0.7001199722290039,False,0.42051541805267334,0.42051541805267334,0.42057424783706665,0.42057424783706665,0.0
2026,10,17,1,Early,0.44770169258117676,0.4446476101875305,0.006885154638439417,0.6787772178649902,0.44770169258117676,0.4446476101875305,0.006885154638439417,0.006885154638439417,0.06262403726577759,0.6787772178649902,False,0.42052432894706726,0.42052432894706726,0.42057424783706665,0.42057424783706665,0.0
2026,10,17,2,Early,0.4446476101875305,0.4416019022464752,0.0069138058461248875,0.6970049738883972,0.4446476101875305,0.4416019022464752,0.0069138058461248875,0.0069138058461248875,0.05575580522418022,0.6970049738883972,False,0.42053404450416565,0.42053404450416565,0.42057424783706665,0.42057424783706665,0.0
2026,10,17,3,Early,0.4416019022464752,0.43856483697891235,0.006942336913198233,0.6712716221809387,0.4416019022464752,0.43856483697891235,0.006942336913198233,0.006942336913198233,0.048862360417842865,0.6712716221809387,False,0.4205426573753357,0.4205426573753357,0.42057424783706665,0.42057424783706665,0.0
2026,10,17,4,Early,0.43856483697891235,0.43553832173347473,0.006966487504541874,0.6665574312210083,0.43856483697891235,0.43553832173347473,0.006966487504541874,0.006966487504541874,0.041940148919820786,0.6665574312210083,False,0.4205513894557953,0.4205513894557953,0.42057424783706665,0.42057424783706665,0.0
2026,10,17,5,Late,0.43553832173347473,0.43252238631248474,0.006990875583142042,0.6570340394973755,0.43553832173347473,0.43252238631248474,0.006990875583142042,0.006990875583142042,0.035003140568733215,0.6570340394973755,False,0.4205566942691803,0.4205566942691803,0.42057424783706665,0.42057424783706665,0.0
2026,10,17,6,Late,0.43252238631248474,0.42951515316963196,0.007020112592726946,0.6696484088897705,0.43252238631248474,0.42951515316963196,0.007020112592726946,0.007020112592726946,0.028048252686858177,0.6696484088897705,False,0.420559287071228,0.420559287071228,0.42057424783706665,0.42057424783706665,0.0
2026,10,17,7,Late,0.42951515316963196,0.42652270197868347,0.0070349108427762985,0.6897605657577515,0.42951515316963196,0.42652270197868347,0.0070349108427762985,0.0070349108427762985,0.021065667271614075,0.6897605657577515,False,0.42056167125701904,0.42056167125701904,0.42057424783706665,0.42057424783706665,0.0
2026,10,17,8,Late,0.42652270197868347,0.4235386550426483,0.007064858451485634,0.7018603682518005,0.42652270197868347,0.4235386550426483,0.007064858451485634,0.007064858451485634,0.014085445553064346,0.7018603682518005,False,0.4205569326877594,0.4205569326877594,0.42057424783706665,0.42057424783706665,0.0
2026,10,17,9,Late,0.4235386550426483,0.42057424783706665,0.007068409118801355,0.709575891494751,0.4235386550426483,0.42057424783706665,0.007068409118801355,0.007068409118801355,0.007068409118801355,0.709575891494751,False,0.42055544257164,0.42055544257164,0.42057424783706665,0.42057424783706665,0.0
2026,10,18,0,Early,0.3811236023902893,0.377888560295105,0.008524591103196144,0.622298002243042,0.3811236023902893,0.377888560295105,0.008524591103196144,0.008524591103196144,0.08159668743610382,0.622298002243042,False,0.3512597680091858,0.3512597680091858,0.3492121696472168,0.3492121696472168,0.0
2026,10,18,1,Early,0.377888560295105,0.37463700771331787,0.008641835302114487,0.6527970433235168,0.377888560295105,0.37463700771331787,0.008641835302114487,0.008641835302114487,0.07370775938034058,0.6527970433235168,False,0.35103660821914673,0.35103660821914673,0.3492121696472168,0.3492121696472168,0.0
2026,10,18,2,Early,0.37463700771331787,0.37142428755760193,0.008612765930593014,0.5880047678947449,0.37463700771331787,0.37142428755760193,0.008612765930593014,0.008612765930593014,0.06559518724679947,0.5880047678947449,False,0.3508509695529938,0.3508509695529938,0.3492121696472168,0.3492121696472168,0.0
2026,10,18,3,Early,0.37142428755760193,0.3681392967700958,0.008883846923708916,0.6946230530738831,0.37142428755760193,0.3681392967700958,0.008883846923708916,0.008883846923708916,0.057779453694820404,0.6946230530738831,False,0.3505716025829315,0.3505716025829315,0.3492121696472168,0.3492121696472168,0.0
2026,10,18,4,Early,0.3681392967700958,0.3649451732635498,0.008714515715837479,0.6702964901924133,0.3681392967700958,0.3649451732635498,0.008714515715837479,0.008714515715837479,0.04947483167052269,0.6702964901924133,False,0.3503687083721161,0.3503687083721161,0.3492121696472168,0.3492121696472168,0.0
2026,10,18,5,Late,0.3649451732635498,0.3617415130138397,0.008817441761493683,0.6537585258483887,0.3649451732635498,0.3617415130138397,0.008817441761493683,0.008817441761493683,0.04142720624804497,0.6537585258483887,False,0.3501352369785309,0.3501352369785309,0.3492121696472168,0.3492121696472168,0.0
2026,10,18,6,Late,0.3617415130138397,0.35855963826179504,0.008835051208734512,0.6137180328369141,0.3617415130138397,0.35855963826179504,0.008835051208734512,0.008835051208734512,0.03327605873346329,0.6137180328369141,False,0.34990212321281433,0.34990212321281433,0.3492121696472168,0.3492121696472168,0.0
2026,10,18,7,Late,0.35855963826179504,0.3554389476776123,0.008741697296500206,0.6464486718177795,0.35855963826179504,0.3554389476776123,0.008741697296500206,0.008741697296500206,0.02502387948334217,0.6464486718177795,False,0.34969833493232727,0.34969833493232727,0.3492121696472168,0.3492121696472168,0.0
2026,10,18,8,Late,0.3554389476776123,0.35230448842048645,0.008857854641973972,0.6925866603851318,0.3554389476776123,0.35230448842048645,0.008857854641973972,0.008857854641973972,0.01699409820139408,0.6925866603851318,False,0.3494495749473572,0.3494495749473572,0.3492121696472168,0.3492121696472168,0.0
2026,10,18,9,Late,0.35230448842048645,0.3492121696472168,0.008816380053758621,0.7324774265289307,0.35230448842048645,0.3492121696472168,0.008816380053758621,0.008816380053758621,0.008816380053758621,0.7324774265289307,False,0.34921205043792725,0.34921205043792725,0.3492121696472168,0.3492121696472168,0.0
2026,10,19,0,Early,0.45744356513023376,0.3720838725566864,0.20652881264686584,0.3151739537715912,0.45744356513023376,0.4569776952266693,0.00099727523047477,0.20652881264686584,0.3647300601005554,0.5245231986045837,True,0.4067816734313965,0.3176414966583252,0.2879629135131836,0.3013533651828766,-0.013390451669692993
2026,10,19,1,Early,0.3720838725566864,0.332392156124115,0.11281105130910873,0.4198475182056427,0.4569776952266693,0.4359886944293976,0.046987295150756836,0.24299518764019012,0.37191644310951233,0.4702982008457184,True,0.4167008101940155,0.3150458037853241,0.2879629135131836,0.3013533651828766,-0.013390451669692993
2026,10,19,2,Early,0.332392156124115,0.3009229004383087,0.09945322573184967,0.4346606433391571,0.4359886944293976,0.3985452353954315,0.08976113051176071,0.3097947835922241,0.3287736773490906,0.4572247862815857,True,0.38353967666625977,0.31382718682289124,0.2879629135131836,0.3013533651828766,-0.013390451669692993
2026,10,19,3,Early,0.3009229004383087,0.27451616525650024,0.09184311330318451,0.3909749686717987,0.3985452353954315,0.36414435505867004,0.09023734927177429,0.2624322175979614,0.24535542726516724,0.487935334444046,True,0.37660345435142517,0.3118323087692261,0.2879629135131836,0.3013533651828766,-0.013390451669692993
2026,10,19,4,Early,0.27451616525650024,0.2564011216163635,0.06826892495155334,0.44423654675483704,0.36414435505867004,0.3013119101524353,0.1893710494041443,0.24353329837322235,0.16548344492912292,0.4266931712627411,True,0.35046324133872986,0.30860644578933716,0.2879629135131836,0.3013533651828766,-0.013390451669692993
2026,10,19,5,Late,0.2564011216163635,0.246137335896492,0.040851935744285583,0.4211052358150482,0.3013119101524353,0.29743266105651855,0.012920821085572243,0.16354647278785706,-0.017733879387378693,0.44171246886253357,True,0.3299840986728668,0.30670300126075745,0.2879629135131836,0.3013533651828766,-0.013390451669692993
2026,10,19,6,Late,0.246137335896492,0.24476148188114166,0.005602605175226927,0.4340529441833496,0.29743266105651855,0.2698901891708374,0.0971449762582779,0.16058503091335297,-0.02571573480963707,0.40005216002464294,True,0.3152163028717041,0.30518054962158203,0.2879629135131836,0.3013533651828766,-0.013390451669692993
2026,10,19,7,Late,0.24476148188114166,0.2520718276500702,-0.029423337429761887,0.444705992937088,0.2698901891708374,0.2757952809333801,-0.021674487739801407,0.02629787288606167,-0.11823764443397522,0.461650550365448,True,0.30030739307403564,0.3037645220756531,0.2879629135131836,0.3013533651828766,-0.013390451669692993
2026,10,19,8,Late,0.2520718276500702,0.2670691907405853,-0.057795245200395584,0.45656347274780273,0.2757952809333801,0.280049592256546,-0.015321154147386551,-0.01037069782614708,-0.09267748892307281,0.40591537952423096,True,0.29253828525543213,0.3025771677494049,0.2879629135131836,0.3013533651828766,-0.013390451669692993
2026,10,19,9,Late,0.2670691907405853,0.2879629135131836,-0.07533510029315948,0.5091444253921509,0.280049592256546,0.3013533651828766,-0.07331064343452454,-0.07331064343452454,-0.07331064343452454,0.44321924448013306,False,0.28796613216400146,0.30135148763656616,0.2879629135131836,0.3013533651828766,-0.013390451669692993
2026,10,20,0,Early,0.22018232941627502,0.21727976202964783,0.013269506394863129,0.15064524114131927,0.22018232941627502,0.2173866629600525,0.012777899391949177,0.013269506394863129,0.07542496174573898,0.1352478414773941,True,0.20430807769298553,0.20418579876422882,0.19762589037418365,0.19768477976322174,-5.888938903808594e-05
2026,10,20,1,Early,0.21727976202964783,0.2144845873117447,0.012947478331625462,0.14796596765518188,0.2173866629600525,0.21469591557979584,0.012453476898372173,0.012992311269044876,0.06676813960075378,0.1731622815132141,True,0.20355235040187836,0.20334596931934357,0.19762589037418365,0.19768477976322174,-5.888938903808594e-05
2026,10,20,2,Early,0.2144845873117447,0.2118367850780487,0.012420975603163242,0.10684145241975784,0.21469591557979584,0.21203434467315674,0.012472663074731827,0.012520930729806423,0.058144740760326385,0.12119191139936447,True,0.2028021365404129,0.20256835222244263,0.19762589037418365,0.19768477976322174,-5.888938903808594e-05
2026,10,20,3,Early,0.2118367850780487,0.20932379364967346,0.011933893896639347,0.1257135421037674,0.21203434467315674,0.20951852202415466,0.011935427784919739,0.012054391205310822,0.04949779808521271,0.11797122657299042,True,0.2020464688539505,0.20179450511932373,0.19762589037418365,0.19768477976322174,-5.888938903808594e-05
2026,10,20,4,Early,0.20932379364967346,0.2069592922925949,0.011359713971614838,0.15134921669960022,0.20951852202415466,0.20715583860874176,0.01134027075022459,0.011524943634867668,0.04149193316698074,0.13327540457248688,True,0.20130306482315063,0.20100301504135132,0.19762589037418365,0.19768477976322174,-5.888938903808594e-05
2026,10,20,5,Late,0.2069592922925949,0.20475339889526367,0.010715270414948463,0.12796440720558167,0.20715583860874176,0.20496845245361328,0.010614314116537571,0.010899826884269714,0.033865150064229965,0.17232970893383026,True,0.20051956176757812,0.20025788247585297,0.19762589037418365,0.19768477976322174,-5.888938903808594e-05
2026,10,20,6,Late,0.20475339889526367,0.20271815359592438,0.00998874381184578,0.1684149205684662,0.20496845245361328,0.20290514826774597,0.010116202756762505,0.010151956230401993,0.02692103199660778,0.16826535761356354,True,0.19969570636749268,0.19952405989170074,0.19762589037418365,0.19768477976322174,-5.888938903808594e-05
2026,10,20,7,Late,0.20271815359592438,0.2008512020111084,0.009252233430743217,0.22125597298145294,0.20290514826774597,0.20098619163036346,0.009502597153186798,0.009502597153186798,0.0200362429022789,0.2207808941602707,False,0.19898541271686554,0.1988801211118698,0.19762589037418365,0.19768477976322174,-5.888938903808594e-05
2026,10,20,8,Late,0.2008512020111084,0.19915707409381866,0.008469799533486366,0.18563441932201385,0.20098619163036346,0.19926896691322327,0.00858055055141449,0.008647792041301727,0.01367250271141529,0.1854264885187149,True,0.19826504588127136,0.19825689494609833,0.19762589037418365,0.19768477976322174,-5.888938903808594e-05
2026,10,20,9,Late,0.19915707409381866,0.19762589037418365,0.007718207780271769,0.23489642143249512,0.19926896691322327,0.19768477976322174,0.00798172876238823,0.00798172876238823,0.00798172876238823,0.23456496000289917,False,0.19762584567070007,0.19768476486206055,0.19762589037418365,0.19768477976322174,-5.888938903808594e-05
2026,10,21,0,Early,0.48682859539985657,0.48396357893943787,0.006554317194968462,0.6982484459877014,0.48682859539985657,0.4839640259742737,0.0065534887835383415,0.006554317194968462,0.06071998551487923,0.6830002665519714,True,0.45814889669418335,0.4581475257873535,0.4584861993789673,0.4584837257862091,2.473592758178711e-06
2026,10,21,1,Early,0.48396357893943787,0.48110270500183105,0.006588543299585581,0.7150942087173462,0.4839640259742737,0.48110395669937134,0.006586767267435789,0.006589016877114773,0.054803717881441116,0.6816908121109009,True,0.45815661549568176,0.45815426111221313,0.4584861993789673,0.4584837257862091,2.473592758178711e-06
2026,10,21,2,Early,0.48110270500183105,0.4782482981681824,0.006618386134505272,0.6916375160217285,0.48110395669937134,0.4782489538192749,0.0066195703111588955,0.0066195703111588955,0.048860784620046616,0.691554844379425,False,0.45816388726234436,0.45816153287887573,0.4584861993789673,0.4584837257862091,2.473592758178711e-06
2026,10,21,3,Early,0.4782482981681824,0.4753994047641754,0.006650359369814396,0.6940831542015076,0.4782489538192749,0.4753994941711426,0.0066515435464680195,0.0066515435464680195,0.04289865493774414,0.6940062046051025,False,0.4581685960292816,0.458166241645813,0.4584861993789673,0.4584837257862091,2.473592758178711e-06
2026,10,21,4,Early,0.4753994047641754,0.4725554287433624,0.006683871615678072,0.7140066027641296,0.4753994941711426,0.4725550711154938,0.006684937514364719,0.006684937514364719,0.03692195191979408,0.7139476537704468,False,0.45816904306411743,0.45816662907600403,0.4584861993789673,0.4584837257862091,2.473592758178711e-06
2026,10,21,5,Late,0.4725554287433624,0.46972572803497314,0.006698082201182842,0.6928480863571167,0.4725550711154938,0.4697248637676239,0.00669914809986949,0.00669914809986949,0.030912194401025772,0.6927768588066101,False,0.4581729471683502,0.4581705629825592,0.4584861993789673,0.4584837257862091,2.473592758178711e-06
2026,10,21,6,Late,0.46972572803497314,0.4668991267681122,0.006736328359693289,0.71783447265625,0.4697248637676239,0.46689778566360474,0.006737157236784697,0.006737157236784697,0.024912850931286812,0.7177679538726807,False,0.45816949009895325,0.45816704630851746,0.4584861993789673,0.4584837257862091,2.473592758178711e-06
2026,10,21,7,Late,0.4668991267681122,0.4640845060348511,0.0067555103451013565,0.6855157613754272,0.46689778566360474,0.4640827775001526,0.0067564575001597404,0.0067564575001597404,0.018883422017097473,0.6854296326637268,False,0.4581662118434906,0.4581637382507324,0.4584861993789673,0.4584837257862091,2.473592758178711e-06
2026,10,21,8,Late,0.4640845060348511,0.46127986907958984,0.006779309827834368,0.7120423913002014,0.4640827775001526,0.4612777531147003,0.0067801387049257755,0.0067801387049257755,0.012848181650042534,0.7120163440704346,False,0.4581606388092041,0.4581581950187683,0.4584861993789673,0.4584837257862091,2.473592758178711e-06
2026,10,21,9,Late,0.46127986907958984,0.4584861993789673,0.006801097188144922,0.6945314407348633,0.4612777531147003,0.4584837257862091,0.00680192606523633,0.00680192606523633,0.00680192606523633,0.6944617033004761,False,0.45815324783325195,0.4581507742404938,0.4584861993789673,0.4584837257862091,2.473592758178711e-06
2026,10,22,0,Early,0.22419849038124084,0.22160175442695618,0.011648791842162609,0.14983318746089935,0.22419849038124084,0.2217641919851303,0.01091599091887474,0.011648791842162609,0.05489367991685867,0.16478893160820007,True,0.212531179189682,0.21222291886806488,0.20280741155147552,0.20294077694416046,-0.00013336539268493652
2026,10,22,1,Early,0.22160175442695618,0.2190614491701126,0.01152848545461893,0.10665524750947952,0.2217641919851303,0.21920697391033173,0.01159671414643526,0.011612149886786938,0.04968009889125824,0.10637598484754562,True,0.21128973364830017,0.211015984416008,0.20280741155147552,0.20294077694416046,-0.00013336539268493652
2026,10,22,2,Early,0.2190614491701126,0.2165987491607666,0.011304440908133984,0.11822419613599777,0.21920697391033173,0.21696755290031433,0.010267130099236965,0.011382585391402245,0.04393145814538002,0.13800811767578125,True,0.2100827544927597,0.20978522300720215,0.20280741155147552,0.20294077694416046,-0.00013336539268493652
2026,10,22,3,Early,0.2165987491607666,0.2142459601163864,0.010921173729002476,0.11878960579633713,0.21696755290031433,0.2146015167236328,0.010963742621243,0.01109260506927967,0.039265796542167664,0.19899693131446838,True,0.20891828835010529,0.20861311256885529,0.20280741155147552,0.20294077694416046,-0.00013336539268493652
2026,10,22,4,Early,0.2142459601163864,0.21204513311386108,0.0103250527754426,0.10777581483125687,0.2146015167236328,0.21234863996505737,0.010552975349128246,0.010586944408714771,0.032977234572172165,0.10576286166906357,True,0.207912415266037,0.2076398730278015,0.20280741155147552,0.20294077694416046,-0.00013336539268493652
2026,10,22,5,Late,0.21204513311386108,0.20991459488868713,0.01009779330343008,0.17739617824554443,0.21234863996505737,0.2102300226688385,0.01002604328095913,0.010273025371134281,0.027805181220173836,0.1579185277223587,True,0.20675799250602722,0.2065255045890808,0.20280741155147552,0.20294077694416046,-0.00013336539268493652
2026,10,22,6,Late,0.20991459488868713,0.20792540907859802,0.009520785883069038,0.1562342792749405,0.2102300226688385,0.20818498730659485,0.009774388745427132,0.009774388745427132,0.022563965991139412,0.1554543375968933,False,0.20569203794002533,0.20553946495056152,0.20280741155147552,0.20294077694416046,-0.00013336539268493652
2026,10,22,7,Late,0.20792540907859802,0.20610259473323822,0.008804972283542156,0.19615833461284637,0.20818498730659485,0.20634031295776367,0.00889961700886488,0.00907068233937025,0.01737930439412594,0.1960524320602417,True,0.20463402569293976,0.2045980989933014,0.20280741155147552,0.20294077694416046,-0.00013336539268493652
2026,10,22,8,Late,0.20610259473323822,0.20437391102313995,0.008422045037150383,0.2537735104560852,0.20634031295776367,0.2045677900314331,0.008626999333500862,0.00867379643023014,0.012744737789034843,0.25323835015296936,True,0.20367030799388885,0.20372721552848816,0.20280741155147552,0.20294077694416046,-0.00013336539268493652
2026,10,22,9,Late,0.20437391102313995,0.20280741155147552,0.007693725172430277,0.23343481123447418,0.2045677900314331,0.20294077694416046,0.007984690368175507,0.007984690368175507,0.007984690368175507,0.23265323042869568,False,0.20280754566192627,0.20294088125228882,0.20280741155147552,0.20294077694416046,-0.00013336539268493652
2026,10,23,0,Early,0.26353293657302856,0.2624102830886841,0.00426889443770051,0.26393118500709534,0.26353293657302856,0.2624102830886841,0.00426889443770051,0.00426889443770051,-0.00511932373046875,0.26393118500709534,False,0.2648852467536926,0.2648852467536926,0.2556312680244446,0.2556303143501282,9.5367431640625e-07
2026,10,23,1,Early,0.2624102830886841,0.2616778016090393,0.002795306034386158,0.2661071717739105,0.2624102830886841,0.2616778016090393,0.002795306034386158,0.002795306034386158,-0.0071350932121276855,0.2661071717739105,False,0.26428911089897156,0.26428911089897156,0.2556312680244446,0.2556303143501282,9.5367431640625e-07
2026,10,23,2,Early,0.2616778016090393,0.2606305778026581,0.004009733442217112,0.24626874923706055,0.2616778016090393,0.2606305778026581,0.004009733442217112,0.004009733442217112,-0.0055008335039019585,0.24626874923706055,False,0.2631210386753082,0.2631210386753082,0.2556312680244446,0.2556303143501282,9.5367431640625e-07
2026,10,23,3,Early,0.2606305778026581,0.25995367765426636,0.002600450301542878,0.2606995701789856,0.2606305778026581,0.25995367765426636,0.002600450301542878,0.002600450301542878,-0.006533397361636162,0.2606995701789856,False,0.262338787317276,0.262338787317276,0.2556312680244446,0.2556303143501282,9.5367431640625e-07
2026,10,23,4,Early,0.25995367765426636,0.2590823471546173,0.00335732102394104,0.21282802522182465,0.25995367765426636,0.2590823471546173,0.00335732102394104,0.00335732102394104,-0.004841973539441824,0.21282802522182465,False,0.2612152695655823,0.2612152695655823,0.2556312680244446,0.2556303143501282,9.5367431640625e-07
2026,10,23,5,Late,0.2590823471546173,0.2583369016647339,0.002881254069507122,0.21817785501480103,0.2590823471546173,0.25833743810653687,0.002879352541640401,0.002881254069507122,-0.004150246735662222,0.25915396213531494,True,0.2601615786552429,0.2601597309112549,0.2556312680244446,0.2556303143501282,9.5367431640625e-07
2026,10,23,6,Late,0.2583369016647339,0.25729066133499146,0.0040579382330179214,0.251473069190979,0.25833743810653687,0.25729095935821533,0.004058888182044029,0.004058888182044029,-0.001291969558224082,0.2514810860157013,False,0.25867289304733276,0.2586713433265686,0.2556312680244446,0.2556303143501282,9.5367431640625e-07
2026,10,23,7,Late,0.25729066133499146,0.2566089630126953,0.0026530062314122915,0.26423174142837524,0.25729095935821533,0.2566088140010834,0.00265478971414268,0.00265478971414268,-0.001090226462110877,0.2642325162887573,False,0.25757282972335815,0.2575715482234955,0.2556312680244446,0.2556303143501282,9.5367431640625e-07
2026,10,23,8,Late,0.2566089630126953,0.2562042772769928,0.0015784582355991006,0.2808782458305359,0.2566088140010834,0.25620365142822266,0.0015803625574335456,0.0015803625574335456,-0.0004141865065321326,0.2808786630630493,False,0.2567162811756134,0.2567150890827179,0.2556312680244446,0.2556303143501282,9.5367431640625e-07
2026,10,23,9,Late,0.2562042772769928,0.2556312680244446,0.002239291090518236,0.3347685635089874,0.25620365142822266,0.2556303143501282,0.0022403616458177567,0.0022403616458177567,0.0022403616458177567,0.33477556705474854,False,0.2556311786174774,0.2556302845478058,0.2556312680244446,0.2556303143501282,9.5367431640625e-07
42,20,0,0,Early,0.3320724070072174,0.3308502733707428,0.0036883982829749584,0.2137020230293274,0.3320724070072174,0.3308502733707428,0.0036883982829749584,0.0036883982829749584,-0.0006570760160684586,0.2137020230293274,False,0.332290381193161,0.332290381193161,0.32335004210472107,0.3204469382762909,0.0029031038284301758
42,20,0,1,Early,0.3308502733707428,0.32954761385917664,0.003947291523218155,0.20408497750759125,0.3308502733707428,0.32954761385917664,0.003947291523218155,0.003947291523218155,0.0008864218834787607,0.20408497750759125,False,0.3305568993091583,0.3305568993091583,0.32335004210472107,0.3204469382762909,0.0029031038284301758
42,20,0,2,Early,0.32954761385917664,0.3284824788570404,0.0032401876524090767,0.1911597102880478,0.32954761385917664,0.3284824788570404,0.0032401876524090767,0.0032401876524090767,0.00022279599215835333,0.1911597102880478,False,0.32947397232055664,0.32947397232055664,0.32335004210472107,0.3204469382762909,0.0029031038284301758
42,20,0,3,Early,0.3284824788570404,0.3274771571159363,0.0030672855209559202,0.18618986010551453,0.3284824788570404,0.32749688625335693,0.0030066731851547956,0.0030672855209559202,-0.00031061633490025997,0.1657574623823166,True,0.3286379873752594,0.32858434319496155,0.32335004210472107,0.3204469382762909,0.0029031038284301758
42,20,0,4,Early,0.3274771571159363,0.32653936743736267,0.002869392279535532,0.18239188194274902,0.32749688625335693,0.3265509605407715,0.0028944730293005705,0.0028944730293005705,-6.7290966399014e-05,0.18239285051822662,False,0.32757651805877686,0.32751867175102234,0.32335004210472107,0.3204469382762909,0.0029031038284301758
42,20,0,5,Early,0.32653936743736267,0.32564854621887207,0.0027337558567523956,0.160780131816864,0.3265509605407715,0.3256530463695526,0.0027547981590032578,0.0027547981590032578,0.0002948303008452058,0.1607808619737625,False,0.32651442289352417,0.3264545202255249,0.32335004210472107,0.3204469382762909,0.0029031038284301758
42,20,0,6,Middle,0.32564854621887207,0.32485511898994446,0.002440531738102436,0.2303543984889984,0.3256530463695526,0.32486167550086975,0.0024340045638382435,0.0024569425731897354,0.0012328128796070814,0.11134082078933716,True,0.3264886438846588,0.32525163888931274,0.32335004210472107,0.3204469382762909,0.0029031038284301758
42,20,0,7,Middle,0.32485511898994446,0.3242366909980774,0.0019077541073784232,0.2395419031381607,0.32486167550086975,0.3242860734462738,0.001774969627149403,0.002362756757065654,0.0002865897258743644,0.21262627840042114,True,0.32644155621528625,0.32476842403411865,0.32335004210472107,0.3204469382762909,0.0029031038284301758
42,20,0,8,Middle,0.3242366909980774,0.3237672448158264,0.0014508849708363414,0.1531706154346466,0.3242860734462738,0.3236461281776428,0.001978319138288498,0.0020323293283581734,0.00018422375433146954,0.15130329132080078,True,0.32613515853881836,0.3242262303829193,0.32335004210472107,0.3204469382762909,0.0029031038284301758
42,20,0,9,Middle,0.3237672448158264,0.32342028617858887,0.0010735635878518224,0.2982598543167114,0.3236461281776428,0.3231651782989502,0.001488979090936482,0.0017862505046650767,-0.00019768171478062868,0.16954368352890015,True,0.326215535402298,0.3237099349498749,0.32335004210472107,0.3204469382762909,0.0029031038284301758
42,20,0,10,Middle,0.32342028617858887,0.32322004437446594,0.0006219297647476196,0.11518413573503494,0.3231651782989502,0.3226863145828247,0.0014831469161435962,0.0014831469161435962,-0.0001433860743418336,0.11488896608352661,False,0.3258301615715027,0.3232114017009735,0.32335004210472107,0.3204469382762909,0.0029031038284301758
42,20,0,11,Middle,0.32322004437446594,0.32310107350349426,0.00036992563400417566,0.1428045630455017,0.3226863145828247,0.32232850790023804,0.0011108629405498505,0.0012863646261394024,-4.623801214620471e-05,0.19617128372192383,True,0.3255700469017029,0.3227011561393738,0.32335004210472107,0.3204469382762909,0.0029031038284301758
42,20,0,12,Middle,0.32310107350349426,0.3229580521583557,0.0004448806867003441,0.17195941507816315,0.32232850790023804,0.3219888210296631,0.0010564436670392752,0.0012958926381543279,0.0005656817811541259,0.16635270416736603,True,0.3250841200351715,0.32214611768722534,0.32335004210472107,0.3204469382762909,0.0029031038284301758
42,20,0,13,Late,0.3229580521583557,0.32286328077316284,0.00029485151753760874,0.13668660819530487,0.3219888210296631,0.3215954601764679,0.0012246952392160892,0.0012246952392160892,0.0008671447867527604,0.13625754415988922,False,0.3247067630290985,0.32170963287353516,0.32335004210472107,0.3204469382762909,0.0029031038284301758
42,20,0,14,Late,0.32286328077316284,0.32287582755088806,-3.686637865030207e-05,0.19269528985023499,0.3215954601764679,0.32128557562828064,0.00096676911925897,0.0009772483026608825,0.0005217575235292315,0.19290396571159363,True,0.3244342505931854,0.3214276432991028,0.32335004210472107,0.3204469382762909,0.0029031038284301758
42,20,0,15,Late,0.32287582755088806,0.3229013979434967,-7.674357038922608e-05,0.1574535369873047,0.32128557562828064,0.321035772562027,0.0007802509353496134,0.0008227663347497582,0.00042555731488391757,0.15808333456516266,True,0.32417553663253784,0.3211488127708435,0.32335004210472107,0.3204469382762909,0.0029031038284301758
42,20,0,16,Late,0.3229013979434967,0.3229628801345825,-0.00018828638712875545,0.23055461049079895,0.321035772562027,0.32075831294059753,0.0008674316923134029,0.000906370347365737,0.00025835857377387583,0.2317548394203186,True,0.3239547312259674,0.32095280289649963,0.32335004210472107,0.3204469382762909,0.0029031038284301758
42,20,0,17,Late,0.3229628801345825,0.3230751156806946,-0.0003453834797255695,0.24370820820331573,0.32075831294059753,0.32060447335243225,0.0004813385894522071,0.0004813385894522071,-9.176600724458694e-05,0.24474233388900757,False,0.32376858592033386,0.3207876980304718,0.32335004210472107,0.3204469382762909,0.0029031038284301758
42,20,0,18,Late,0.3230751156806946,0.3230818808078766,-1.874763984233141e-05,0.25688686966896057,0.32060447335243225,0.32048124074935913,0.00038613492506556213,0.00038613492506556213,0.00014859916700515896,0.2573392689228058,False,0.3234471082687378,0.3205568194389343,0.32335004210472107,0.3204469382762909,0.0029031038284301758
42,20,0,19,Late,0.3230818808078766,0.32335004210472107,-0.0008279462344944477,0.3130345642566681,0.32048124074935913,0.3204469382762909,0.00010842186748050153,0.00010842186748050153,0.00010842186748050153,0.3149345815181732,False,0.3233494758605957,0.3204464912414551,0.32335004210472107,0.3204469382762909,0.0029031038284301758
42,20,1,0,Early,0.5033895373344421,0.5029263496398926,0.0009209010167978704,0.5418261885643005,0.5033895373344421,0.5029891729354858,0.0007961997762322426,0.0009209010167978704,-0.00828477367758751,0.4600064754486084,True,0.5075844526290894,0.5075769424438477,0.503750205039978,0.5031980872154236,0.0005521178245544434
42,20,1,1,Early,0.5029263496398926,0.5025014281272888,0.0008453906048089266,0.5596044063568115,0.5029891729354858,0.5026727318763733,0.0006291941390372813,0.0008553955121897161,-0.008556258864700794,0.3788987100124359,True,0.5074530839920044,0.5073109269142151,0.503750205039978,0.5031980872154236,0.0005521178245544434
42,20,1,2,Early,0.5025014281272888,0.5021893978118896,0.0006221673684194684,0.4649716913700104,0.5026727318763733,0.5024298429489136,0.0004843201022595167,0.0006599326152354479,-0.008683638647198677,0.3925513029098511,True,0.5072351694107056,0.5070563554763794,0.503750205039978,0.5031980872154236,0.0005521178245544434
42,20,1,3,Early,0.5021893978118896,0.501902163028717,0.0005723564536310732,0.5405005812644958,0.5024298429489136,0.502242922782898,0.00037302685086615384,0.0006048809736967087,-0.008920269086956978,0.4256288707256317,True,0.5071471333503723,0.5069313645362854,0.503750205039978,0.5031980872154236,0.0005521178245544434
42,20,1,4,Early,0.501902163028717,0.5016156435012817,0.0005717456224374473,0.6310033798217773,0.502242922782898,0.5020565390586853,0.000372314389096573,0.0006447757477872074,-0.008823315612971783,0.4443468153476715,True,0.5070245265960693,0.5066936612129211,0.503750205039978,0.5031980872154236,0.0005521178245544434
42,20,1,5,Early,0.5016156435012817,0.5014146566390991,0.00040172069566324353,0.615330696105957,0.5020565390586853,0.5018072128295898,0.0004978866199962795,0.0005333845037966967,-0.008931262418627739,0.5783519744873047,True,0.5069119334220886,0.5065603256225586,0.503750205039978,0.5031980872154236,0.0005521178245544434
42,20,1,6,Middle,0.5014146566390991,0.5013083219528198,0.0002128240594174713,0.6489682793617249,0.5018072128295898,0.501742422580719,0.000130017040646635,0.0003349798498675227,-0.009224438108503819,0.4936509132385254,True,0.5068175196647644,0.5064572095870972,0.503750205039978,0.5031980872154236,0.0005521178245544434
42,20,1,7,Middle,0.5013083219528198,0.5012514591217041,0.00011413951142458245,0.6107404828071594,0.501742422580719,0.5015956163406372,0.0002931548224296421,0.0002931548224296421,-0.009072425775229931,0.6142283082008362,False,0.5066742300987244,0.5063148736953735,0.503750205039978,0.5031980872154236,0.0005521178245544434
42,20,1,8,Middle,0.5012514591217041,0.5012844800949097,-6.497005961136892e-05,0.6041713953018188,0.5015956163406372,0.501549482345581,9.28165900404565e-05,9.590030822437257e-05,-0.009036518633365631,0.5666376948356628,True,0.5065431594848633,0.5061485767364502,0.503750205039978,0.5031980872154236,0.0005521178245544434
42,20,1,9,Middle,0.5012844800949097,0.501387894153595,-0.000205356307560578,0.6087815761566162,0.501549482345581,0.5015663504600525,-3.2720996387070045e-05,-3.2720996387070045e-05,-0.00884533952921629,0.6130285859107971,False,0.5063908100128174,0.5060052871704102,0.503750205039978,0.5031980872154236,0.0005521178245544434
42,20,1,10,Middle,0.501387894153595,0.5015094876289368,-0.00024196875165216625,0.653140127658844,0.5015663504600525,0.5016080141067505,-8.255978173110634e-05,-8.255978173110634e-05,-0.008399557322263718,0.6559010148048401,False,0.5061745643615723,0.5057968497276306,0.503750205039978,0.5031980872154236,0.0005521178245544434
42,20,1,11,Middle,0.5015094876289368,0.5016947984695435,-0.000368536013411358,0.601094663143158,0.5016080141067505,0.5017126202583313,-0.00020749749091919512,-0.00020749749091919512,-0.007857407443225384,0.6056557297706604,False,0.505952000617981,0.5055646896362305,0.503750205039978,0.5031980872154236,0.0005521178245544434
42,20,1,12,Middle,0.5016947984695435,0.5018472075462341,-0.0003029577201232314,0.6490728855133057,0.5017126202583313,0.501783013343811,-0.00013978387869428843,-0.00013978387869428843,-0.006995073985308409,0.6533923149108887,False,0.5056365132331848,0.5052342414855957,0.503750205039978,0.5031980872154236,0.0005521178245544434
42,20,1,13,Late,0.5018472075462341,0.50208580493927,-0.0004744308826047927,0.5936451554298401,0.501783013343811,0.5019410252571106,-0.00031373315141536295,-0.00031373315141536295,-0.006265008356422186,0.5978861451148987,False,0.5053638815879822,0.5049363970756531,0.503750205039978,0.5031980872154236,0.0005521178245544434
42,20,1,14,Late,0.50208580493927,0.5023304224014282,-0.0004861901106778532,0.655114471912384,0.5019410252571106,0.5021080374717712,-0.0003322879201732576,-0.0003322879201732576,-0.005335818510502577,0.6597663760185242,False,0.5050692558288574,0.5046262741088867,0.503750205039978,0.5031980872154236,0.0005521178245544434
42,20,1,15,Late,0.5023304224014282,0.5025643706321716,-0.00046495324932038784,0.6256123185157776,0.5021080374717712,0.5022687315940857,-0.00031886500073596835,-0.0003162442590110004,-0.004279738292098045,0.6288817524909973,True,0.5047248601913452,0.5042614340782166,0.503750205039978,0.5031980872154236,0.0005521178245544434
42,20,1,16,Late,0.5025643706321716,0.5028693079948425,-0.0006059258012101054,0.5990505814552307,0.5022687315940857,0.5025042295455933,-0.0004678674158640206,-0.0004678674158640206,-0.0034086413215845823,0.6035106778144836,False,0.504469633102417,0.5039836168289185,0.503750205039978,0.5031980872154236,0.0005521178245544434
42,20,1,17,Late,0.5028693079948425,0.5031147599220276,-0.0004872067365795374,0.7134965658187866,0.5025042295455933,0.5026777386665344,-0.00034469287493266165,-0.00034469287493266165,-0.0022474718280136585,0.7166406512260437,False,0.5041422843933105,0.5036348104476929,0.503750205039978,0.5031980872154236,0.0005521178245544434
42,20,1,18,Late,0.5031147599220276,0.5034521818161011,-0.0006695070187561214,0.6222367286682129,0.5026777386665344,0.5029558539390564,-0.0005525514716282487,-0.0005525514716282487,-0.0014806422404944897,0.6267702579498291,False,0.5039497017860413,0.5034225583076477,0.503750205039978,0.5031980872154236,0.0005521178245544434
42,20,1,19,Late,0.5034521818161011,0.503750205039978,-0.0005915006622672081,0.6779168844223022,0.5029558539390564,0.5031980872154236,-0.000480935035739094,-0.000480935035739094,-0.000480935035739094,0.6818463802337646,False,0.5037500262260437,0.5031977891921997,0.503750205039978,0.5031980872154236,0.0005521178245544434
42,20,2,0,Early,0.44067811965942383,0.4400663673877716,0.0013901656493544579,0.32945749163627625,0.44067811965942383,0.4400663673877716,0.0013901656493544579,0.0013901656493544579,-0.010016057640314102,0.32945749163627625,False,0.44511377811431885,0.44511377811431885,0.44222787022590637,0.4396967589855194,0.002531111240386963
42,20,2,1,Early,0.4400663673877716,0.43955400586128235,0.001166461850516498,0.3872847855091095,0.4400663673877716,0.4395994544029236,0.0010625106515362859,0.001166461850516498,-0.009425329975783825,0.277511328458786,True,0.4447134733200073,0.44423338770866394,0.44222787022590637,0.4396967589855194,0.002531111240386963
42,20,2,2,Early,0.43955400586128235,0.43910732865333557,0.0010174837661907077,0.457791268825531,0.4395994544029236,0.43922293186187744,0.0008580284775234759,0.0010979835642501712,-0.008723258040845394,0.2834712266921997,True,0.4446561634540558,0.4434506297111511,0.44222787022590637,0.4396967589855194,0.002531111240386963
42,20,2,3,Early,0.43910732865333557,0.4387381374835968,0.0008414470357820392,0.5011733174324036,0.43922293186187744,0.4388743042945862,0.0007953743333928287,0.0010490317363291979,-0.008798087015748024,0.34555286169052124,True,0.4446922838687897,0.44310399889945984,0.44222787022590637,0.4396967589855194,0.002531111240386963
42,20,2,4,Early,0.4387381374835968,0.43843919038772583,0.0006824190495535731,0.5100411176681519,0.4388743042945862,0.4386444389820099,0.000524708884768188,0.0009699520305730402,-0.009021195583045483,0.3348516523838043,True,0.4447188079357147,0.44285115599632263,0.44222787022590637,0.4396967589855194,0.002531111240386963
42,20,2,5,Early,0.43843919038772583,0.4382500946521759,0.0004313979297876358,0.4406837821006775,0.4386444389820099,0.4384738504886627,0.0003905461635440588,0.0008428843575529754,-0.008586659096181393,0.32893651723861694,True,0.44466912746429443,0.4424268901348114,0.44222787022590637,0.4396967589855194,0.002531111240386963
42,20,2,6,Middle,0.4382500946521759,0.4381272494792938,0.00028074218425899744,0.5548865795135498,0.4384738504886627,0.43844088912010193,7.662260031793267e-05,0.0007416074513457716,-0.008287528529763222,0.2959986627101898,True,0.44464802742004395,0.44212254881858826,0.44222787022590637,0.4396967589855194,0.002531111240386963
42,20,2,7,Middle,0.4381272494792938,0.43807101249694824,0.00012974983837921172,0.4979318082332611,0.43844088912010193,0.4384482204914093,-1.5584124412271194e-05,0.000793318497017026,-0.007988166995346546,0.2876264154911041,True,0.4445350170135498,0.4419570863246918,0.44222787022590637,0.4396967589855194,0.002531111240386963
42,20,2,8,Middle,0.43807101249694824,0.43817758560180664,-0.00024190497060772032,0.4671977162361145,0.4384482204914093,0.4384620487689972,-3.0244746085372753e-05,0.0004888157709501684,-0.007523575332015753,0.2806509733200073,True,0.4444512724876404,0.4417590796947479,0.44222787022590637,0.4396967589855194,0.002531111240386963
42,20,2,9,Middle,0.43817758560180664,0.43836984038352966,-0.00043771148193627596,0.4709745943546295,0.4384620487689972,0.438338041305542,0.00028435635613277555,0.00039229911635629833,-0.007225207053124905,0.4193980395793915,True,0.44433823227882385,0.44164127111434937,0.44222787022590637,0.4396967589855194,0.002531111240386963
42,20,2,10,Middle,0.43836984038352966,0.4386087656021118,-0.0005442146793939173,0.497527152299881,0.438338041305542,0.4382287859916687,0.00024977323482744396,0.00024977323482744396,-0.0072877779603004456,0.5098071694374084,False,0.444177508354187,0.4415440261363983,0.44222787022590637,0.4396967589855194,0.002531111240386963
42,20,2,11,Middle,0.4386087656021118,0.4389285445213318,-0.0007278550765477121,0.4914684593677521,0.4382287859916687,0.4382494390010834,-4.6184228267520666e-05,-6.854037110315403e-06,-0.007292495109140873,0.4577794075012207,True,0.44402918219566345,0.4414360523223877,0.44222787022590637,0.4396967589855194,0.002531111240386963
42,20,2,12,Middle,0.4389285445213318,0.4392576813697815,-0.0007487462717108428,0.5495720505714417,0.4382494390010834,0.43832457065582275,-0.00017058961384464055,-5.848921864526346e-05,-0.006917894352227449,0.4669049382209778,True,0.4438306987285614,0.44129157066345215,0.44222787022590637,0.4396967589855194,0.002531111240386963
42,20,2,13,Late,0.4392576813697815,0.4395453929901123,-0.0006542613846249878,0.5606076717376709,0.43832457065582275,0.43830546736717224,4.439218537299894e-05,4.439218537299894e-05,-0.00613904744386673,0.5724310874938965,False,0.4434947371482849,0.441023588180542,0.44222787022590637,0.4396967589855194,0.002531111240386963
42,20,2,14,Late,0.4395453929901123,0.43996739387512207,-0.0009588355314917862,0.5202855467796326,0.43830546736717224,0.43845421075820923,-0.0003385501040611416,-0.0003385501040611416,-0.005730135831981897,0.5318310856819153,False,0.443276971578598,0.44082412123680115,0.44222787022590637,0.4396967589855194,0.002531111240386963
42,20,2,15,Late,0.43996739387512207,0.44045454263687134,-0.0011054214555770159,0.46919000148773193,0.43845421075820923,0.43871116638183594,-0.0005842784303240478,-0.0005832121823914349,-0.005032720044255257,0.4788961708545685,True,0.4431173801422119,0.4406662881374359,0.44222787022590637,0.4396967589855194,0.002531111240386963
42,20,2,16,Late,0.44045454263687134,0.44086921215057373,-0.0009403973235748708,0.5365251898765564,0.43871116638183594,0.43888479471206665,-0.0003950733516830951,-0.0003950733516830951,-0.003806818975135684,0.544728696346283,False,0.4428415596485138,0.4403843581676483,0.44222787022590637,0.4396967589855194,0.002531111240386963
42,20,2,17,Late,0.44086921215057373,0.4412960112094879,-0.0009668150451034307,0.5172660946846008,0.43888479471206665,0.439116895198822,-0.000527502445038408,-0.0005253715789876878,-0.002812518272548914,0.5240651369094849,True,0.4425886571407318,0.4401208460330963,0.44222787022590637,0.4396967589855194,0.002531111240386963
42,20,2,18,Late,0.4412960112094879,0.4417494833469391,-0.0010255296947434545,0.5423884391784668,0.439116895198822,0.43938198685646057,-0.0006028913776390254,-0.0006028913776390254,-0.001748470589518547,0.5478830337524414,False,0.44238367676734924,0.43988531827926636,0.44222787022590637,0.4396967589855194,0.002531111240386963
42,20,2,19,Late,0.4417494833469391,0.44222787022590637,-0.001081249676644802,0.5223967432975769,0.43938198685646057,0.4396967589855194,-0.0007150174933485687,-0.0007150174933485687,-0.0007150174933485687,0.5449323058128357,False,0.4422273635864258,0.4396962523460388,0.44222787022590637,0.4396967589855194,0.002531111240386963
42,20,3,0,Early,0.3041854202747345,0.3020443022251129,0.00706468103453517,0.2651672661304474,0.3041854202747345,0.3020480275154114,0.007052014581859112,0.00706468103453517,0.03734473139047623,0.25395578145980835,True,0.293094277381897,0.29303500056266785,0.27156439423561096,0.27157217264175415,-7.778406143188477e-06
42,20,3,1,Early,0.3020443022251129,0.29986444115638733,0.007245305459946394,0.27534914016723633,0.3020480275154114,0.29986047744750977,0.007270394824445248,0.007270394824445248,0.035406194627285004,0.27534475922584534,False,0.2915779948234558,0.29154056310653687,0.27156439423561096,0.27157217264175415,-7.778406143188477e-06
42,20,3,2,Early,0.29986444115638733,0.2976141571998596,0.007534983102232218,0.23903043568134308,0.29986047744750977,0.2976049780845642,0.0075516654178500175,0.0075516654178500175,0.03651339188218117,0.23903192579746246,False,0.28918150067329407,0.28910887241363525,0.27156439423561096,0.27157217264175415,-7.778406143188477e-06
42,20,3,3,Early,0.2976141571998596,0.2954353392124176,0.007348502054810524,0.24853555858135223,0.2976049780845642,0.29542210698127747,0.007361636962741613,0.007361636962741613,0.03727180138230324,0.24851790070533752,False,0.28674933314323425,0.28671663999557495,0.27156439423561096,0.27157217264175415,-7.778406143188477e-06
42,20,3,4,Early,0.2954353392124176,0.2933291494846344,0.007155004423111677,0.2715005874633789,0.29542210698127747,0.2933124303817749,0.007166603580117226,0.007166603580117226,0.0384133905172348,0.2714886963367462,False,0.28434011340141296,0.2842889726161957,0.27156439423561096,0.27157217264175415,-7.778406143188477e-06
42,20,3,5,Early,0.2933291494846344,0.2913820147514343,0.006661917548626661,0.22323842346668243,0.2933124303817749,0.29136356711387634,0.006667838431894779,0.006667838431894779,0.03558765724301338,0.22323787212371826,False,0.28310245275497437,0.28305748105049133,0.27156439423561096,0.27157217264175415,-7.778406143188477e-06
42,20,3,6,Middle,0.2913820147514343,0.2894974648952484,0.006490194704383612,0.1997520476579666,0.29136356711387634,0.28947848081588745,0.006491142325103283,0.006491142325103283,0.036279283463954926,0.19973231852054596,False,0.28099578619003296,0.2809823751449585,0.27156439423561096,0.27157217264175415,-7.778406143188477e-06
42,20,3,7,Middle,0.2894974648952484,0.28780022263526917,0.005881474353373051,0.1703653186559677,0.28947848081588745,0.2878052592277527,0.005799461621791124,0.005885740276426077,0.0341150127351284,0.16685937345027924,True,0.28006041049957275,0.27976933121681213,0.27156439423561096,0.27157217264175415,-7.778406143188477e-06
42,20,3,8,Middle,0.28780022263526917,0.28610387444496155,0.005914183333516121,0.19761542975902557,0.2878052592277527,0.2860814332962036,0.006008628290146589,0.006008628290146589,0.03255639225244522,0.1977533996105194,False,0.2788289487361908,0.27858608961105347,0.27156439423561096,0.27157217264175415,-7.778406143188477e-06
42,20,3,9,Middle,0.28610387444496155,0.284260630607605,0.006465435493737459,0.20255862176418304,0.2860814332962036,0.2842221260070801,0.006521220318973064,0.006521220318973064,0.032266076654195786,0.20271460711956024,False,0.2772417664527893,0.27699795365333557,0.27156439423561096,0.27157217264175415,-7.778406143188477e-06
42,20,3,10,Middle,0.284260630607605,0.2827179431915283,0.005445614457130432,0.14587850868701935,0.2842221260070801,0.28265899419784546,0.005517105106264353,0.005517105106264353,0.02850477024912834,0.14589279890060425,False,0.2764319181442261,0.2762347161769867,0.27156439423561096,0.27157217264175415,-7.778406143188477e-06
42,20,3,11,Middle,0.2827179431915283,0.2811451554298401,0.00558029068633914,0.21514375507831573,0.28265899419784546,0.2810783088207245,0.005609927698969841,0.005609927698969841,0.02666149102151394,0.215206116437912,False,0.2753921151161194,0.27522239089012146,0.27156439423561096,0.27157217264175415,-7.778406143188477e-06
42,20,3,12,Middle,0.2811451554298401,0.279649019241333,0.005337360315024853,0.17515817284584045,0.2810783088207245,0.27957749366760254,0.0053564514964818954,0.0053564514964818954,0.02405085228383541,0.17510125041007996,False,0.2745139002799988,0.27439868450164795,0.27156439423561096,0.27157217264175415,-7.778406143188477e-06
42,20,3,13,Late,0.279649019241333,0.27809247374534607,0.00558431725949049,0.23127038776874542,0.27957749366760254,0.2780221402645111,0.005581354722380638,0.005581354722380638,0.02210039645433426,0.2311086356639862,False,0.273568719625473,0.27346640825271606,0.27156439423561096,0.27157217264175415,-7.778406143188477e-06
42,20,3,14,Late,0.27809247374534607,0.27678582072257996,0.004711447283625603,0.24967151880264282,0.2780221402645111,0.2767219841480255,0.004689616151154041,0.004689616151154041,0.01800081506371498,0.2497192770242691,False,0.2731356620788574,0.27306225895881653,0.27156439423561096,0.27157217264175415,-7.778406143188477e-06
42,20,3,15,Late,0.27678582072257996,0.27541837096214294,0.004955120384693146,0.2475777566432953,0.2767219841480255,0.27536541223526,0.004916450474411249,0.004916450474411249,0.015718769282102585,0.24724499881267548,False,0.2724616527557373,0.2724061906337738,0.27156439423561096,0.27157217264175415,-7.778406143188477e-06
42,20,3,16,Late,0.27541837096214294,0.2742561995983124,0.004229974001646042,0.252370148897171,0.27536541223526,0.2742162048816681,0.004185578320175409,0.004185578320175409,0.011961393058300018,0.25204282999038696,False,0.272116094827652,0.27209123969078064,0.27156439423561096,0.27157217264175415,-7.778406143188477e-06
42,20,3,17,Late,0.2742561995983124,0.2733290195465088,0.0033887068275362253,0.20472024381160736,0.2742162048816681,0.27330195903778076,0.003342491341754794,0.003350089304149151,0.008272992447018623,0.20477211475372314,True,0.27197209000587463,0.2719569206237793,0.27156439423561096,0.27157217264175415,-7.778406143188477e-06
42,20,3,18,Late,0.2733290195465088,0.2724016010761261,0.0034015404526144266,0.26112252473831177,0.27330195903778076,0.27238819003105164,0.0033517610281705856,0.0033517610281705856,0.005708218552172184,0.26071295142173767,False,0.2717488706111908,0.27174630761146545,0.27156439423561096,0.27157217264175415,-7.778406143188477e-06
42,20,3,19,Late,0.2724016010761261,0.27156439423561096,0.0030810751486569643,0.28675326704978943,0.27238819003105164,0.27157217264175415,0.003002517856657505,0.003002517856657505,0.003002517856657505,0.28633925318717957,False,0.2715635895729065,0.271571546792984,0.27156439423561096,0.27157217264175415,-7.778406143188477e-06
42,20,4,0,Early,0.44716718792915344,0.4465706944465637,0.0013354015536606312,0.4460808038711548,0.44716718792915344,0.44660866260528564,0.0012509935768321157,0.0013354015536606312,-0.010503637604415417,0.374560683965683,True,0.45201024413108826,0.4518885314464569,0.44905826449394226,0.44716396927833557,0.0018942952156066895
42,20,4,1,Early,0.4465706944465637,0.44609060883522034,0.0010765345068648458,0.5744115114212036,0.44660866260528564,0.44628483057022095,0.0007261646678671241,0.0010996356140822172,-0.010715403594076633,0.3589778244495392,True,0.4521019160747528,0.4514196813106537,0.44905826449394226,0.44716396927833557,0.0018942952156066895
42,20,4,2,Early,0.44609060883522034,0.4457492530345917,0.0007666416349820793,0.5185759663581848,0.44628483057022095,0.4458892345428467,0.0008876814972609282,0.0009031407535076141,-0.010693874210119247,0.36564910411834717,True,0.4522145986557007,0.45108258724212646,0.44905826449394226,0.44716396927833557,0.0018942952156066895
42,20,4,3,Early,0.4457492530345917,0.4454282522201538,0.0007217478123493493,0.46067675948143005,0.4458892345428467,0.4456506073474884,0.0005363866221159697,0.0009219737839885056,-0.010826990008354187,0.31902843713760376,True,0.45212966203689575,0.45074278116226196,0.44905826449394226,0.44716396927833557,0.0018942952156066895
42,20,4,4,Early,0.4454282522201538,0.4451960623264313,0.0005224247579462826,0.4855319559574127,0.4456506073474884,0.44551369547843933,0.0003086772921960801,0.0007874913280829787,-0.01030636578798294,0.3323819637298584,True,0.452107697725296,0.4502670466899872,0.44905826449394226,0.44716396927833557,0.0018942952156066895
42,20,4,5,Early,0.4451960623264313,0.44512489438056946,0.0001606283476576209,0.45978090167045593,0.44551369547843933,0.4453609883785248,0.0003441886219661683,0.0005505419685505331,-0.009979811497032642,0.32748761773109436,True,0.4521133005619049,0.4499818682670593,0.44905826449394226,0.44716396927833557,0.0018942952156066895
42,20,4,6,Middle,0.44512489438056946,0.4451066851615906,4.214634100208059e-05,0.4668137729167938,0.4453609883785248,0.44525954127311707,0.00022941952920518816,0.0005356490146368742,-0.010012324899435043,0.3714802861213684,True,0.4520723223686218,0.4498421847820282,0.44905826449394226,0.44716396927833557,0.0018942952156066895
42,20,4,7,Middle,0.4451066851615906,0.44516971707344055,-0.00014025467680767179,0.4591960608959198,0.44525954127311707,0.44517335295677185,0.0001946140982909128,0.00039206637302413583,-0.01001711841672659,0.4012937843799591,True,0.4520118832588196,0.44974198937416077,0.44905826449394226,0.44716396927833557,0.0018942952156066895
42,20,4,8,Middle,0.44516971707344055,0.4451914131641388,-4.769778752233833e-05,0.5613359212875366,0.44517335295677185,0.4449577033519745,0.0004857051535509527,0.0004857051535509527,-0.00995132327079773,0.5680273175239563,False,0.4518173038959503,0.44962528347969055,0.44905826449394226,0.44716396927833557,0.0018942952156066895
42,20,4,9,Middle,0.4451914131641388,0.44535550475120544,-0.00036735276808030903,0.5151101350784302,0.4449577033519745,0.4449036717414856,0.0001227163156727329,0.0001227163156727329,-0.010168692097067833,0.5234912037849426,False,0.45162737369537354,0.4495052397251129,0.44905826449394226,0.44716396927833557,0.0018942952156066895
42,20,4,10,Middle,0.44535550475120544,0.4455636143684387,-0.00046561865019612014,0.4925755262374878,0.4449036717414856,0.44490399956703186,1.8017676950421446e-07,1.8017676950421446e-07,-0.009879759512841702,0.5001751780509949,False,0.45138415694236755,0.44932079315185547,0.44905826449394226,0.44716396927833557,0.0018942952156066895
42,20,4,11,Middle,0.4455636143684387,0.4458164572715759,-0.0005661715986207128,0.5365394949913025,0.44490399956703186,0.4449627101421356,-0.00013126472185831517,-0.00013126472185831517,-0.009431909769773483,0.5445457100868225,False,0.4511052966117859,0.4491199851036072,0.44905826449394226,0.44716396927833557,0.0018942952156066895
42,20,4,12,Middle,0.4458164572715759,0.4462282955646515,-0.0009221924119628966,0.44305554032325745,0.4449627101421356,0.4451906681060791,-0.0005108642508275807,-0.0005108642508275807,-0.008962806314229965,0.45076867938041687,False,0.4509407579898834,0.4489685595035553,0.44905826449394226,0.44716396927833557,0.0018942952156066895
42,20,4,13,Late,0.4462282955646515,0.44657668471336365,-0.0007791506941430271,0.5302374362945557,0.4451906681060791,0.4453616142272949,-0.0003826700267381966,-0.0003826700267381966,-0.007849037647247314,0.5367379188537598,False,0.4506227374076843,0.44869861006736755,0.44905826449394226,0.44716396927833557,0.0018942952156066895
42,20,4,14,Late,0.44657668471336365,0.4469790756702423,-0.0008993680239655077,0.5883755683898926,0.4453616142272949,0.44559434056282043,-0.0005216254503466189,-0.0005216254503466189,-0.006932439282536507,0.5954607725143433,False,0.45034515857696533,0.4484596252441406,0.44905826449394226,0.44716396927833557,0.0018942952156066895
42,20,4,15,Late,0.4469790756702423,0.4473068118095398,-0.0007321535376831889,0.6081987619400024,0.44559434056282043,0.445771187543869,-0.0003962134360335767,-0.0003962134360335767,-0.005551625043153763,0.6142130494117737,False,0.4499317705631256,0.4480748772621155,0.44905826449394226,0.44716396927833557,0.0018942952156066895
42,20,4,16,Late,0.4473068118095398,0.4477119445800781,-0.0009043760364875197,0.6327606439590454,0.445771187543869,0.446040540933609,-0.0006026710034348071,-0.0006026710034348071,-0.0044840676710009575,0.6383861899375916,False,0.4496271014213562,0.4477744698524475,0.44905826449394226,0.44716396927833557,0.0018942952156066895
42,20,4,17,Late,0.4477119445800781,0.4481334090232849,-0.0009402771247550845,0.5740604996681213,0.446040540933609,0.4463556408882141,-0.0007054825546219945,-0.0007054825546219945,-0.0032723471522331238,0.5796305537223816,False,0.4493730068206787,0.4475024938583374,0.44905826449394226,0.44716396927833557,0.0018942952156066895
42,20,4,18,Late,0.4481334090232849,0.448601096868515,-0.0010419900063425303,0.5137231945991516,0.4463556408882141,0.4467464089393616,-0.0008735753945074975,-0.0008735753945074975,-0.002154977060854435,0.5566098093986511,False,0.4492141604423523,0.44731852412223816,0.44905826449394226,0.44716396927833557,0.0018942952156066895
42,20,4,19,Late,0.448601096868515,0.44905826449394226,-0.0010171044850721955,0.48652058839797974,0.4467464089393616,0.44716396927833557,-0.0009328022133558989,-0.0009328022133558989,-0.0009328022133558989,0.4902036190032959,False,0.44905757904052734,0.44716331362724304,0.44905826449394226,0.44716396927833557,0.0018942952156066895
42,20,5,0,Early,0.5970226526260376,0.5964874625205994,0.0010876358719542623,0.584269642829895,0.5970226526260376,0.5964874625205994,0.0010876358719542623,0.0010876358719542623,0.010747515596449375,0.584269642829895,False,0.5906402468681335,0.5906402468681335,0.5883494019508362,0.5873962044715881,0.0009531974792480469
42,20,5,1,Early,0.5964874625205994,0.5959497094154358,0.0010926382383331656,0.6971091032028198,0.5964874625205994,0.5959920287132263,0.0010215486399829388,0.0010926382383331656,0.010486528277397156,0.5623016953468323,True,0.5904303789138794,0.5902647376060486,0.5883494019508362,0.5873962044715881,0.0009531974792480469
42,20,5,2,Early,0.5959497094154358,0.595380425453186,0.0011470586759969592,0.666807234287262,0.5959920287132263,0.5955396294593811,0.000950452231336385,0.0011439627269282937,0.010238525457680225,0.5368218421936035,True,0.5901861190795898,0.5899207592010498,0.5883494019508362,0.5873962044715881,0.0009531974792480469
42,20,5,3,Early,0.595380425453186,0.5948190093040466,0.001135034835897386,0.6385626196861267,0.5955396294593811,0.5950508117675781,0.0010125011904165149,0.0011264558415859938,0.010043583810329437,0.5615242123603821,True,0.5899298787117004,0.5895879864692688,0.5883494019508362,0.5873962044715881,0.0009531974792480469
42,20,5,4,Early,0.5948190093040466,0.5942538380622864,0.001142296940088272,0.6764660477638245,0.5950508117675781,0.5945912003517151,0.000964029342867434,0.0011332468129694462,0.009844031184911728,0.5159221887588501,True,0.5897626280784607,0.5892214775085449,0.5883494019508362,0.5873962044715881,0.0009531974792480469
42,20,5,5,Early,0.5942538380622864,0.5937012434005737,0.0011225269408896565,0.7334452271461487,0.5945912003517151,0.5941458344459534,0.0009411651408299804,0.0011299083707854152,0.009559270925819874,0.5278852581977844,True,0.589704155921936,0.5889343619346619,0.5883494019508362,0.5873962044715881,0.0009531974792480469
42,20,5,6,Middle,0.5937012434005737,0.5931837558746338,0.0010645405855029821,0.6848567724227905,0.5941458344459534,0.5936399698257446,0.001043823198415339,0.001102645299397409,0.00923073198646307,0.5778365731239319,True,0.5895580053329468,0.588686466217041,0.5883494019508362,0.5873962044715881,0.0009531974792480469
42,20,5,7,Middle,0.5931837558746338,0.5926619172096252,0.0010727547341957688,0.7265833020210266,0.5936399698257446,0.5931294560432434,0.001052754814736545,0.001144676236435771,0.008701360784471035,0.6011374592781067,True,0.5894342064857483,0.588496744632721,0.5883494019508362,0.5873962044715881,0.0009531974792480469
42,20,5,8,Middle,0.5926619172096252,0.592182993888855,0.0010016661835834384,0.6544253826141357,0.5931294560432434,0.5925813913345337,0.0011175331892445683,0.0011175331892445683,0.008133363910019398,0.6535813212394714,False,0.5891932845115662,0.588324785232544,0.5883494019508362,0.5873962044715881,0.0009531974792480469
42,20,5,9,Middle,0.592182993888855,0.5917049050331116,0.0010013068094849586,0.6838889718055725,0.5925813913345337,0.5920693278312683,0.0010576379718258977,0.0011421794770285487,0.007484653498977423,0.639244019985199,True,0.5890059471130371,0.5881624817848206,0.5883494019508362,0.5873962044715881,0.0009531974792480469
42,20,5,10,Middle,0.5917049050331116,0.5912688970565796,0.0009310366585850716,0.7504682540893555,0.5920693278312683,0.5915645360946655,0.001046445220708847,0.0010925201931968331,0.00694575859233737,0.6187688708305359,True,0.5889255404472351,0.5879710912704468,0.5883494019508362,0.5873962044715881,0.0009531974792480469
42,20,5,11,Middle,0.5912688970565796,0.5908523797988892,0.000899003294762224,0.7133393287658691,0.5915645360946655,0.5910173654556274,0.0011193172540515661,0.0011193172540515661,0.006293765269219875,0.7129580974578857,False,0.5887690186500549,0.5878528952598572,0.5883494019508362,0.5873962044715881,0.0009531974792480469
42,20,5,12,Middle,0.5908523797988892,0.5904662013053894,0.000848021765705198,0.7711528539657593,0.5910173654556274,0.590523898601532,0.0010296537075191736,0.0010623929556459188,0.005599320866167545,0.6739217042922974,True,0.5886972546577454,0.5877172350883484,0.5883494019508362,0.5873962044715881,0.0009531974792480469
42,20,5,13,Late,0.5904662013053894,0.5901038646697998,0.0008083595894277096,0.7527445554733276,0.590523898601532,0.5901172757148743,0.0008834077743813396,0.0010603702394291759,0.004910716321319342,0.6111482977867126,True,0.5886001586914062,0.587631106376648,0.5883494019508362,0.5873962044715881,0.0009531974792480469
42,20,5,14,Late,0.5901038646697998,0.5897621512413025,0.000773936917539686,0.7412237524986267,0.5901172757148743,0.5896008610725403,0.0010703746229410172,0.0010703746229410172,0.004364122170954943,0.7407619953155518,False,0.588497519493103,0.5875474214553833,0.5883494019508362,0.5873962044715881,0.0009531974792480469
42,20,5,15,Late,0.5897621512413025,0.589463472366333,0.0007015106966719031,0.7544573545455933,0.5896008610725403,0.5891799330711365,0.0009092527907341719,0.000984870013780892,0.0036045308224856853,0.6502644419670105,True,0.5884427428245544,0.5874794125556946,0.5883494019508362,0.5873962044715881,0.0009531974792480469
42,20,5,16,Late,0.589463472366333,0.589154839515686,0.0007190206670202315,0.7695379257202148,0.5891799330711365,0.588693380355835,0.0010216672671958804,0.0010216672671958804,0.002991602523252368,0.7692506909370422,False,0.5883679389953613,0.587419867515564,0.5883494019508362,0.5873962044715881,0.0009531974792480469
42,20,5,17,Late,0.589154839515686,0.5888684391975403,0.000681377190630883,0.7808375954627991,0.588693380355835,0.5882377624511719,0.0009698632056824863,0.0009698632056824863,0.002246381714940071,0.7810754776000977,False,0.5883122086524963,0.587372362613678,0.5883494019508362,0.5873962044715881,0.0009531974792480469
42,20,5,18,Late,0.5888684391975403,0.5886078476905823,0.0006381346029229462,0.7678416967391968,0.5882377624511719,0.5878164172172546,0.0009127013618126512,0.0009188916883431375,0.0015509608201682568,0.7256103157997131,True,0.5882730484008789,0.5873261094093323,0.5883494019508362,0.5873962044715881,0.0009531974792480469
42,20,5,19,Late,0.5886078476905823,0.5883494019508362,0.0006347981980070472,0.770561933517456,0.5878164172172546,0.5873962044715881,0.0009113901760429144,0.0009113901760429144,0.0009113901760429144,0.7529011964797974,False,0.5882343053817749,0.5872809290885925,0.5883494019508362,0.5873962044715881,0.0009531974792480469
42,20,6,0,Early,0.48821863532066345,0.4877369999885559,0.0009871205547824502,0.4840579628944397,0.48821863532066345,0.4877369999885559,0.0009871205547824502,0.0009871205547824502,-0.009253393858671188,0.4840579628944397,False,0.49275684356689453,0.49275684356689453,0.4887297451496124,0.48809880018234253,0.0006309449672698975
42,20,6,1,Early,0.4877369999885559,0.4873233437538147,0.0008489735773764551,0.4253995418548584,0.4877369999885559,0.4873233437538147,0.0008489735773764551,0.0008489735773764551,-0.009443793445825577,0.4253995418548584,False,0.4923644959926605,0.4923644959926605,0.4887297451496124,0.48809880018234253,0.0006309449672698975
42,20,6,2,Early,0.4873233437538147,0.4869684875011444,0.0007288853521458805,0.5693044066429138,0.4873233437538147,0.48706963658332825,0.0005214932025410235,0.0007288853521458805,-0.0098255705088377,0.418304443359375,True,0.4923357367515564,0.49213477969169617,0.4887297451496124,0.48809880018234253,0.0006309449672698975
42,20,6,3,Early,0.4869684875011444,0.48666760325431824,0.0006184512167237699,0.5728921294212341,0.48706963658332825,0.48689034581184387,0.00036909402115270495,0.0006738472147844732,-0.009934128262102604,0.4655691087245941,True,0.49229696393013,0.49193206429481506,0.4887297451496124,0.48809880018234253,0.0006309449672698975
42,20,6,4,Early,0.48666760325431824,0.48637139797210693,0.0006095173303037882,0.5840420126914978,0.48689034581184387,0.4867909252643585,0.0002048722526524216,0.0007234046352095902,-0.009874789044260979,0.4130247235298157,True,0.4921768009662628,0.4917218089103699,0.4887297451496124,0.48809880018234253,0.0006309449672698975
42,20,6,5,Early,0.48637139797210693,0.48621249198913574,0.0003272410249337554,0.5718352198600769,0.4867909252643585,0.4867856800556183,1.141639586421661e-05,0.000494183914270252,-0.009800140745937824,0.38549110293388367,True,0.4921136200428009,0.4915846586227417,0.4887297451496124,0.48809880018234253,0.0006309449672698975
42,20,6,6,Middle,0.48621249198913574,0.4861505329608917,0.00012869057536590844,0.5288657546043396,0.4867856800556183,0.4866037368774414,0.00037467607762664557,0.00037467607762664557,-0.009625032544136047,0.53284752368927,False,0.4920324385166168,0.4914934039115906,0.4887297451496124,0.48809880018234253,0.0006309449672698975
42,20,6,7,Middle,0.4861505329608917,0.48610812425613403,8.827849524095654e-05,0.5631760358810425,0.4866037368774414,0.48645901679992676,0.00029804636142216623,0.00029804636142216623,-0.009737429209053516,0.5657917261123657,False,0.4918995201587677,0.49136489629745483,0.4887297451496124,0.48809880018234253,0.0006309449672698975
42,20,6,8,Middle,0.48610812425613403,0.48614612221717834,-7.749149517621845e-05,0.600096583366394,0.48645901679992676,0.48643258213996887,5.575261093326844e-05,0.0001148585943155922,-0.009704899042844772,0.49874526262283325,True,0.49175596237182617,0.49120280146598816,0.4887297451496124,0.48809880018234253,0.0006309449672698975
42,20,6,9,Middle,0.48614612221717834,0.4861913025379181,-9.203139779856429e-05,0.5872672200202942,0.48643258213996887,0.48636409640312195,0.00014179096615407616,0.00014179096615407616,-0.009303702972829342,0.5923822522163391,False,0.4915188252925873,0.49097904562950134,0.4887297451496124,0.48809880018234253,0.0006309449672698975
42,20,6,10,Middle,0.4861913025379181,0.4863470196723938,-0.000319773011142388,0.6170307397842407,0.48636409640312195,0.48643574118614197,-0.00014644546899944544,-0.00012488261563703418,-0.009042342193424702,0.5535765290260315,True,0.4913129210472107,0.49078169465065,0.4887297451496124,0.48809880018234253,0.0006309449672698975
42,20,6,11,Middle,0.4863470196723938,0.48651212453842163,-0.00033903427538461983,0.627788782119751,0.48643574118614197,0.4864974617958069,-0.00012637638428714126,-0.00012637638428714126,-0.008395632728934288,0.6336128115653992,False,0.49104416370391846,0.4905366599559784,0.4887297451496124,0.48809880018234253,0.0006309449672698975
42,20,6,12,Middle,0.48651212453842163,0.4868026673793793,-0.0005959141417406499,0.5658907890319824,0.4864974617958069,0.4866955876350403,-0.0004063964879605919,-0.0004063964879605919,-0.007874121889472008,0.5725321173667908,False,0.4908515214920044,0.4903431832790375,0.4887297451496124,0.48809880018234253,0.0006309449672698975
42,20,6,13,Late,0.4868026673793793,0.48699912428855896,-0.00040247279684990644,0.6345705389976501,0.4866955876350403,0.48679816722869873,-0.00021013074729125947,-0.00021013074729125947,-0.00673791766166687,0.6400614380836487,False,0.4904947876930237,0.4899858236312866,0.4887297451496124,0.48809880018234253,0.0006309449672698975
42,20,6,14,Late,0.48699912428855896,0.4871954023838043,-0.0004021228523924947,0.6819971799850464,0.48679816722869873,0.486902117729187,-0.00021264275710564107,-0.00021264275710564107,-0.005703663919121027,0.6877474188804626,False,0.4900962710380554,0.48958253860473633,0.4887297451496124,0.48809880018234253,0.0006309449672698975
42,20,6,15,Late,0.4871954023838043,0.48743516206741333,-0.0004914332530461252,0.617027223110199,0.486902117729187,0.48705968260765076,-0.00032280426239594817,-0.00032280426239594817,-0.004680944141000509,0.6227602362632751,False,0.489721417427063,0.48918649554252625,0.4887297451496124,0.48809880018234253,0.0006309449672698975
42,20,6,16,Late,0.48743516206741333,0.4877442717552185,-0.0006326506263576448,0.6052037477493286,0.48705968260765076,0.48729655146598816,-0.000485167489387095,-0.0004800447204615921,-0.003727855160832405,0.6099726557731628,True,0.4894358217716217,0.48887866735458374,0.4887297451496124,0.48809880018234253,0.0006309449672698975
42,20,6,17,Late,0.4877442717552185,0.4880702793598175,-0.0006676091579720378,0.6670684218406677,0.48729655146598816,0.48754894733428955,-0.0005166026530787349,-0.0005166026530787349,-0.002649749396368861,0.6719311475753784,False,0.48916858434677124,0.48858940601348877,0.4887297451496124,0.48809880018234253,0.0006309449672698975
42,20,6,18,Late,0.4880702793598175,0.48839205503463745,-0.0006582391215488315,0.6428428888320923,0.48754894733428955,0.487812340259552,-0.0005394372274167836,-0.0005394372274167836,-0.0015753998886793852,0.6463484168052673,False,0.4889228343963623,0.4883175790309906,0.4887297451496124,0.48809880018234253,0.0006309449672698975
42,20,6,19,Late,0.48839205503463745,0.4887297451496124,-0.0006902658496983349,0.6480355262756348,0.487812340259552,0.48809880018234253,-0.0005860121455043554,-0.0005860121455043554,-0.0005860121455043554,0.6514924764633179,False,0.4887292683124542,0.48809826374053955,0.4887297451496124,0.48809880018234253,0.0006309449672698975
42,20,7,0,Early,0.31777623295783997,0.31618669629096985,0.005016439128667116,0.24326589703559875,0.31777623295783997,0.31618669629096985,0.005016439128667116,0.005016439128667116,0.010388159193098545,0.24326589703559875,False,0.31449198722839355,0.31449198722839355,0.299191415309906,0.2987304627895355,0.0004609525203704834
42,20,7,1,Early,0.31618669629096985,0.3147435188293457,0.004575821105390787,0.22558125853538513,0.31618669629096985,0.3147435188293457,0.004575821105390787,0.004575821105390787,0.008478444069623947,0.22558125853538513,False,0.3135170042514801,0.3135170042514801,0.299191415309906,0.2987304627895355,0.0004609525203704834
42,20,7,2,Early,0.3147435188293457,0.3134060502052307,0.00425941264256835,0.20764686167240143,0.3147435188293457,0.31341326236724854,0.004236503038555384,0.00425941264256835,0.008230455219745636,0.2214871197938919,True,0.3125390112400055,0.31216347217559814,0.299191415309906,0.2987304627895355,0.0004609525203704834
42,20,7,3,Early,0.3134060502052307,0.31203174591064453,0.004396981559693813,0.2150966078042984,0.31341326236724854,0.31199708580970764,0.004529308062046766,0.004529308062046766,0.008902640081942081,0.21516278386116028,False,0.3110463619232178,0.3106352388858795,0.299191415309906,0.2987304627895355,0.0004609525203704834
42,20,7,4,Early,0.31203174591064453,0.3106638789176941,0.004396270494908094,0.22016200423240662,0.31199708580970764,0.3105987310409546,0.0044946568086743355,0.0044946568086743355,0.010042320936918259,0.22018107771873474,False,0.30929845571517944,0.30887940526008606,0.299191415309906,0.2987304627895355,0.0004609525203704834
42,20,7,5,Early,0.3106638789176941,0.3093896210193634,0.0041122110560536385,0.19664259254932404,0.3105987310409546,0.30928856134414673,0.004229499958455563,0.004229499958455563,0.012182032689452171,0.1966099888086319,False,0.3072963058948517,0.306837797164917,0.299191415309906,0.2987304627895355,0.0004609525203704834
42,20,7,6,Middle,0.3093896210193634,0.3081754744052887,0.0039350674487650394,0.15725715458393097,0.30928856134414673,0.3080413043498993,0.004042404238134623,0.004042404238134623,0.013431308791041374,0.15723595023155212,False,0.30561596155166626,0.3051620423793793,0.299191415309906,0.2987304627895355,0.0004609525203704834
42,20,7,7,Middle,0.3081754744052887,0.3071223199367523,0.0034256556537002325,0.11290574818849564,0.3080413043498993,0.3069579303264618,0.003526394721120596,0.003526394721120596,0.011697187088429928,0.11288280040025711,False,0.30491650104522705,0.30445894598960876,0.299191415309906,0.2987304627895355,0.0004609525203704834
42,20,7,8,Middle,0.3071223199367523,0.30611851811408997,0.0032760738395154476,0.13974054157733917,0.3069579303264618,0.3060224652290344,0.003053025109693408,0.003354373387992382,0.011573702096939087,0.20046500861644745,True,0.3041052222251892,0.3034256100654602,0.299191415309906,0.2987304627895355,0.0004609525203704834
42,20,7,9,Middle,0.30611851811408997,0.305148720741272,0.003176260506734252,0.15131360292434692,0.3060224652290344,0.30500900745391846,0.0033195619471371174,0.0033195619471371174,0.011674636974930763,0.15161922574043274,False,0.3031275272369385,0.30247044563293457,0.299191415309906,0.2987304627895355,0.0004609525203704834
42,20,7,10,Middle,0.305148720741272,0.30421873927116394,0.0030550446826964617,0.1472346931695938,0.30500900745391846,0.3040376305580139,0.0031917092856019735,0.0031917092856019735,0.011007617227733135,0.14732162654399872,False,0.30228620767593384,0.3016698956489563,0.299191415309906,0.2987304627895355,0.0004609525203704834
42,20,7,11,Middle,0.30421873927116394,0.3033648729324341,0.0028125690296292305,0.18617691099643707,0.3040376305580139,0.30314627289772034,0.002938688499853015,0.002938688499853015,0.009784773923456669,0.18627522885799408,False,0.301657497882843,0.30107706785202026,0.299191415309906,0.2987304627895355,0.0004609525203704834
42,20,7,12,Middle,0.3033648729324341,0.3026271462440491,0.0024373293854296207,0.16638055443763733,0.30314627289772034,0.30238083004951477,0.0025293701328337193,0.0025293701328337193,0.008511675521731377,0.1664247363805771,False,0.3011154234409332,0.3005768656730652,0.299191415309906,0.2987304627895355,0.0004609525203704834
42,20,7,13,Late,0.3026271462440491,0.3019673228263855,0.0021849481854587793,0.2103312909603119,0.30238083004951477,0.30169549584388733,0.0022707104217261076,0.0022893818095326424,0.007210990879684687,0.15458692610263824,True,0.30079254508018494,0.30020812153816223,0.299191415309906,0.2987304627895355,0.0004609525203704834
42,20,7,14,Late,0.3019673228263855,0.3012876808643341,0.002255485625937581,0.21093867719173431,0.30169549584388733,0.300984263420105,0.002363122534006834,0.002363122534006834,0.006340509280562401,0.21100151538848877,False,0.30033183097839355,0.29978853464126587,0.299191415309906,0.2987304627895355,0.0004609525203704834
42,20,7,15,Late,0.3012876808643341,0.30072230100631714,0.001880871132016182,0.18348519504070282,0.300984263420105,0.30039772391319275,0.0019538081251084805,0.0019538081251084805,0.00508218165487051,0.18368828296661377,False,0.2999669909477234,0.29945844411849976,0.299191415309906,0.2987304627895355,0.0004609525203704834
42,20,7,16,Late,0.30072230100631714,0.3002063035964966,0.0017205767799168825,0.19145451486110687,0.30039772391319275,0.2998415231704712,0.0018552822293713689,0.0018552822293713689,0.003839213866740465,0.19197210669517517,False,0.2997470796108246,0.29924657940864563,0.299191415309906,0.2987304627895355,0.0004609525203704834
42,20,7,17,Late,0.3002063035964966,0.2998040020465851,0.0013433829881250858,0.2191581428050995,0.2998415231704712,0.2994006872177124,0.0014736162265762687,0.0014736162265762687,0.0025580113288015127,0.21970023214817047,False,0.2995687425136566,0.29907551407814026,0.299191415309906,0.2987304627895355,0.0004609525203704834
42,20,7,18,Late,0.2998040020465851,0.2994745671749115,0.001101442496292293,0.22362573444843292,0.2994006872177124,0.2990312874317169,0.0012363506248220801,0.0012363506248220801,0.001665371237322688,0.2245272547006607,False,0.2993951141834259,0.2989024817943573,0.299191415309906,0.2987304627895355,0.0004609525203704834
42,20,7,19,Late,0.2994745671749115,0.299191415309906,0.0009479509899392724,0.2779694199562073,0.2990312874317169,0.2987304627895355,0.0010089281713590026,0.0010089281713590026,0.0010089281713590026,0.27818793058395386,False,0.29919078946113586,0.2987297475337982,0.299191415309906,0.2987304627895355,0.0004609525203704834
42,20,8,0,Early,0.27199018001556396,0.2618339955806732,0.03805987164378166,0.4708729386329651,0.27199018001556396,0.26302483677864075,0.033521998673677444,0.03805987164378166,0.28303074836730957,0.520574152469635,True,0.2084769457578659,0.20494355261325836,0.2345469743013382,0.19630245864391327,0.03824451565742493
42,20,8,1,Early,0.2618339955806732,0.25348302721977234,0.032421696931123734,0.4373769164085388,0.26302483677864075,0.25423088669776917,0.03401695564389229,0.035148024559020996,0.2632339298725128,0.3397323191165924,True,0.2390194833278656,0.20215076208114624,0.2345469743013382,0.19630245864391327,0.03824451565742493
42,20,8,2,Early,0.25348302721977234,0.24610385298728943,0.029544297605752945,0.3894099295139313,0.25423088669776917,0.24697349965572357,0.028958607465028763,0.030816152691841125,0.23261389136314392,0.3734610378742218,True,0.2346862107515335,0.20146752893924713,0.2345469743013382,0.19630245864391327,0.03824451565742493
42,20,8,3,Early,0.24610385298728943,0.23962214589118958,0.026686791330575943,0.4130100607872009,0.24697349965572357,0.24042274057865143,0.026884211227297783,0.027898641303181648,0.207129567861557,0.390164852142334,True,0.24157056212425232,0.20076817274093628,0.2345469743013382,0.19630245864391327,0.03824451565742493
42,20,8,4,Early,0.23962214589118958,0.2341906726360321,0.022923685610294342,0.39092308282852173,0.24042274057865143,0.23468714952468872,0.024139760062098503,0.026888379827141762,0.18611223995685577,0.4383728504180908,True,0.24052751064300537,0.1995941400527954,0.2345469743013382,0.19630245864391327,0.03824451565742493
42,20,8,5,Early,0.2341906726360321,0.22962436079978943,0.019690027460455894,0.39732375741004944,0.23468714952468872,0.22951829433441162,0.02227429300546646,0.02443665638566017,0.162952721118927,0.3650294542312622,True,0.24228255450725555,0.19939741492271423,0.2345469743013382,0.19630245864391327,0.03824451565742493
42,20,8,6,Middle,0.22962436079978943,0.2259710431098938,0.016037363559007645,0.3760923445224762,0.22951829433441162,0.224617138504982,0.021587254479527473,0.022605091333389282,0.14126840233802795,0.36010175943374634,True,0.24205940961837769,0.1992805451154709,0.2345469743013382,0.19630245864391327,0.03824451565742493
42,20,8,7,Middle,0.2259710431098938,0.22316715121269226,0.012485398910939693,0.3869425058364868,0.224617138504982,0.22050005197525024,0.01849743165075779,0.019518418237566948,0.12196601182222366,0.43410539627075195,True,0.24179087579250336,0.1988261640071869,0.2345469743013382,0.19630245864391327,0.03824451565742493
42,20,8,8,Middle,0.22316715121269226,0.2207944542169571,0.010682502761483192,0.37803134322166443,0.22050005197525024,0.2167477309703827,0.017165275290608406,0.017440373077988625,0.1052013412117958,0.379044771194458,True,0.24194329977035522,0.1984814703464508,0.2345469743013382,0.19630245864391327,0.03824451565742493
42,20,8,9,Middle,0.2207944542169571,0.21920926868915558,0.007202455773949623,0.4057329297065735,0.2167477309703827,0.21384316682815552,0.013491835445165634,0.016044747084379196,0.08856795728206635,0.3988649249076843,True,0.24078160524368286,0.19837625324726105,0.2345469743013382,0.19630245864391327,0.03824451565742493
42,20,8,10,Middle,0.21920926868915558,0.21793672442436218,0.00582600524649024,0.3640197217464447,0.21384316682815552,0.21051384508609772,0.015691805630922318,0.015691805630922318,0.07701526582241058,0.436016708612442,False,0.2406405657529831,0.19799213111400604,0.2345469743013382,0.19630245864391327,0.03824451565742493
42,20,8,11,Middle,0.21793672442436218,0.2176300287246704,0.00139743706677109,0.4099893271923065,0.21051384508609772,0.2079867124557495,0.012080200016498566,0.012388143688440323,0.06192867457866669,0.3510967195034027,True,0.23976269364356995,0.1978723704814911,0.2345469743013382,0.19630245864391327,0.03824451565742493
42,20,8,12,Middle,0.2176300287246704,0.2176119089126587,7.662310235900804e-05,0.3763743042945862,0.2079867124557495,0.20562641322612762,0.011417007073760033,0.011713607236742973,0.05053558573126793,0.3942333161830902,True,0.23976318538188934,0.19773708283901215,0.2345469743013382,0.19630245864391327,0.03824451565742493
42,20,8,13,Late,0.2176119089126587,0.21854358911514282,-0.004277502186596394,0.39421969652175903,0.20562641322612762,0.20369358360767365,0.009444156661629677,0.009769202210009098,0.040683042258024216,0.4109232425689697,True,0.2389565110206604,0.19742873311042786,0.2345469743013382,0.19630245864391327,0.03824451565742493
42,20,8,14,Late,0.21854358911514282,0.21968166530132294,-0.005200249142944813,0.41257765889167786,0.20369358360767365,0.20201028883457184,0.008288932964205742,0.008736907504498959,0.03210017830133438,0.4085499048233032,True,0.2375427931547165,0.19725875556468964,0.2345469743013382,0.19630245864391327,0.03824451565742493
42,20,8,15,Late,0.21968166530132294,0.2220854014158249,-0.010881233960390091,0.38716647028923035,0.20201028883457184,0.20028932392597198,0.008555611595511436,0.008816076442599297,0.025076530873775482,0.4364151358604431,True,0.23722605407238007,0.19700749218463898,0.2345469743013382,0.19630245864391327,0.03824451565742493
42,20,8,16,Late,0.2220854014158249,0.22456035017967224,-0.011075818911194801,0.4296835660934448,0.20028932392597198,0.1991777867078781,0.005556212272495031,0.005900890566408634,0.01752222143113613,0.45293012261390686,True,0.2365756779909134,0.19681032001972198,0.2345469743013382,0.19630245864391327,0.03824451565742493
42,20,8,17,Late,0.22456035017967224,0.22783972322940826,-0.014496413059532642,0.4130152761936188,0.1991777867078781,0.198279470205307,0.004519790876656771,0.005638123024255037,0.012493889778852463,0.4162638783454895,True,0.2357943207025528,0.19670473039150238,0.2345469743013382,0.19630245864391327,0.03824451565742493
42,20,8,18,Late,0.22783972322940826,0.23119941353797913,-0.014640533365309238,0.4248935878276825,0.198279470205307,0.1972346156835556,0.005276037380099297,0.005276037380099297,0.009163347072899342,0.4473682940006256,False,0.2352527379989624,0.19647084176540375,0.2345469743013382,0.19630245864391327,0.03824451565742493
42,20,8,19,Late,0.23119941353797913,0.2345469743013382,-0.014378007501363754,0.44194310903549194,0.1972346156835556,0.19630245864391327,0.004742397461086512,0.004742397461086512,0.004742397461086512,0.4449309706687927,False,0.23454761505126953,0.1963014453649521,0.2345469743013382,0.19630245864391327,0.03824451565742493
42,20,9,0,Early,0.4912874400615692,0.4908420443534851,0.0009080360759980977,0.5418282747268677,0.4912874400615692,0.4908519685268402,0.0008881521644070745,0.0009080360759980977,-0.009044081903994083,0.45057547092437744,True,0.49590229988098145,0.49575042724609375,0.4921266436576843,0.4913666546344757,0.0007599890232086182
42,20,9,1,Early,0.4908420443534851,0.4904631972312927,0.0007733289967291057,0.5261775255203247,0.4908519685268402,0.49054402112960815,0.0006283602560870349,0.0008002491085790098,-0.009474718011915684,0.39622166752815247,True,0.4957955479621887,0.4955243766307831,0.4921266436576843,0.4913666546344757,0.0007599890232086182
42,20,9,2,Early,0.4904631972312927,0.49014025926589966,0.0006593252765014768,0.5261223316192627,0.49054402112960815,0.49022793769836426,0.000644917250610888,0.000706142105627805,-0.00981971062719822,0.4728081226348877,True,0.49571868777275085,0.4953843951225281,0.4921266436576843,0.4913666546344757,0.0007599890232086182
42,20,9,3,Early,0.49014025926589966,0.4898175001144409,0.0006600279011763632,0.5916085243225098,0.49022793769836426,0.4899581968784332,0.0005505658336915076,0.000712443666998297,-0.009937584400177002,0.44459089636802673,True,0.4956361949443817,0.49512359499931335,0.4921266436576843,0.4913666546344757,0.0007599890232086182
42,20,9,4,Early,0.4898175001144409,0.4896143078804016,0.0004154171037953347,0.5974876880645752,0.4899581968784332,0.4897574782371521,0.0004110357549507171,0.0005152670782990754,-0.010177481919527054,0.4877672493457794,True,0.49560022354125977,0.49496984481811523,0.4921266436576843,0.4913666546344757,0.0007599890232086182
42,20,9,5,Early,0.4896143078804016,0.4894888401031494,0.00025752963847480714,0.5433746576309204,0.4897574782371521,0.48980048298835754,-8.687450463185087e-05,0.00040351226925849915,-0.010298843495547771,0.40623825788497925,True,0.4955328106880188,0.49482712149620056,0.4921266436576843,0.4913666546344757,0.0007599890232086182
42,20,9,6,Middle,0.4894888401031494,0.4893757104873657,0.00023201372823677957,0.600678026676178,0.48980048298835754,0.489850252866745,-0.0001004651203402318,0.0004456827009562403,-0.009926442988216877,0.4134117662906647,True,0.4954065978527069,0.49468639492988586,0.4921266436576843,0.4913666546344757,0.0007599890232086182
42,20,9,7,Middle,0.4893757104873657,0.4893500804901123,5.2621904615079984e-05,0.6319154500961304,0.489850252866745,0.4896928369998932,0.0003221125225536525,0.0003221125225536525,-0.009593102149665356,0.6065115928649902,False,0.49526500701904297,0.49457183480262756,0.4921266436576843,0.4913666546344757,0.0007599890232086182
42,20,9,8,Middle,0.4893500804901123,0.48944583535194397,-0.00019474672444630414,0.5743522644042969,0.4896928369998932,0.4896661341190338,5.537122342502698e-05,5.537122342502698e-05,-0.009753385558724403,0.5802196264266968,False,0.49515196681022644,0.49449214339256287,0.4921266436576843,0.4913666546344757,0.0007599890232086182
42,20,9,9,Middle,0.48944583535194397,0.4895195960998535,-0.0001497987686889246,0.6115130186080933,0.4896661341190338,0.48962312936782837,8.850734593579546e-05,8.850734593579546e-05,-0.009383567608892918,0.6175029873847961,False,0.4949248135089874,0.4942823648452759,0.4921266436576843,0.4913666546344757,0.0007599890232086182
42,20,9,10,Middle,0.4895195960998535,0.48964691162109375,-0.00025900822947733104,0.568602442741394,0.48962312936782837,0.48963654041290283,-2.615963967400603e-05,-2.615963967400603e-05,-0.008948943577706814,0.5747926831245422,False,0.49467670917510986,0.49402421712875366,0.4921266436576843,0.4913666546344757,0.0007599890232086182
42,20,9,11,Middle,0.48964691162109375,0.48982155323028564,-0.0003560894983820617,0.6618067026138306,0.48963654041290283,0.4897189140319824,-0.00016750392387621105,-0.0001467650872655213,-0.008404769003391266,0.6157383322715759,True,0.49438902735710144,0.49376899003982544,0.4921266436576843,0.4913666546344757,0.0007599890232086182
42,20,9,12,Middle,0.48982155323028564,0.49002841114997864,-0.0004222106363158673,0.6433591842651367,0.4897189140319824,0.48982223868370056,-0.00021036931138951331,-0.00021036931138951331,-0.007619788870215416,0.6494857668876648,False,0.4940727651119232,0.49346452951431274,0.4921266436576843,0.4913666546344757,0.0007599890232086182
42,20,9,13,Late,0.49002841114997864,0.49036648869514465,-0.0006888352218084037,0.570042610168457,0.48982223868370056,0.49006426334381104,-0.0004930979339405894,-0.0004930979339405894,-0.0069779204204678535,0.5754074454307556,False,0.49387186765670776,0.4932519793510437,0.4921266436576843,0.4913666546344757,0.0007599890232086182
42,20,9,14,Late,0.49036648869514465,0.49061471223831177,-0.0005053342902101576,0.6353089809417725,0.49006426334381104,0.4902156889438629,-0.0003083217889070511,-0.0003083217889070511,-0.005762107670307159,0.6410950422286987,False,0.4935237467288971,0.49289605021476746,0.4921266436576843,0.4913666546344757,0.0007599890232086182
42,20,9,15,Late,0.49061471223831177,0.49087512493133545,-0.0005297947209328413,0.7084800601005554,0.4902156889438629,0.4903823733329773,-0.0003392763901501894,-0.0003392763901501894,-0.004704095423221588,0.7128764390945435,False,0.4931604266166687,0.4925270676612854,0.4921266436576843,0.4913666546344757,0.0007599890232086182
42,20,9,16,Late,0.49087512493133545,0.4911823868751526,-0.0006253751344047487,0.6184964179992676,0.4903823733329773,0.49061357975006104,-0.00047037930926308036,-0.00047037930926308036,-0.003709066892042756,0.6233492493629456,False,0.49286529421806335,0.49220454692840576,0.4921266436576843,0.4913666546344757,0.0007599890232086182
42,20,9,17,Late,0.4911823868751526,0.4914648234844208,-0.0005740844644606113,0.6522458791732788,0.49061357975006104,0.4908314645290375,-0.0004431275883689523,-0.0004431275883689523,-0.002546261064708233,0.6561009883880615,False,0.4925478398799896,0.4918643534183502,0.4921266436576843,0.4913666546344757,0.0007599890232086182
42,20,9,18,Late,0.4914648234844208,0.4918116331100464,-0.0007045917445793748,0.6886156797409058,0.4908314645290375,0.49110814929008484,-0.0005629422375932336,-0.0005629422375932336,-0.0015941312303766608,0.6906516551971436,False,0.49233391880989075,0.4916144907474518,0.4921266436576843,0.4913666546344757,0.0007599890232086182
42,20,9,19,Late,0.4918116331100464,0.4921266436576843,-0.0006393365329131484,0.6954628229141235,0.49110814929008484,0.4913666546344757,-0.0005255457945168018,-0.0005255457945168018,-0.0005255457945168018,0.6975091099739075,False,0.49212613701820374,0.49136629700660706,0.4921266436576843,0.4913666546344757,0.0007599890232086182
42,20,10,0,Early,0.3856263756752014,0.3848416209220886,0.0020381479989737272,0.2960400879383087,0.3856263756752014,0.3848416209220886,0.0020381479989737272,0.0020381479989737272,-0.011415587738156319,0.2960400879383087,False,0.3900533616542816,0.3900533616542816,0.3858577013015747,0.3815321922302246,0.004325509071350098
42,20,10,1,Early,0.3848416209220886,0.3840954005718231,0.0019428564701229334,0.22453643381595612,0.3848416209220886,0.3840954005718231,0.0019428564701229334,0.0019428564701229334,-0.00945060420781374,0.22453643381595612,False,0.388495534658432,0.388495534658432,0.3858577013015747,0.3815321922302246,0.004325509071350098
42,20,10,2,Early,0.3840954005718231,0.3834564983844757,0.0016660693800076842,0.33015674352645874,0.3840954005718231,0.38349947333335876,0.0015540856402367353,0.0016660693800076842,-0.008634887635707855,0.20654094219207764,True,0.3884342908859253,0.38742610812187195,0.3858577013015747,0.3815321922302246,0.004325509071350098
42,20,10,3,Early,0.3834564983844757,0.38293394446372986,0.0013651782646775246,0.19982768595218658,0.38349947333335876,0.38294538855552673,0.0014467219589278102,0.001578106195665896,-0.007279949728399515,0.18174390494823456,True,0.3873748183250427,0.3863012492656708,0.3858577013015747,0.3815321922302246,0.004325509071350098
42,20,10,4,Early,0.38293394446372986,0.3824257254600525,0.0013296790421009064,0.35870790481567383,0.38294538855552673,0.3824501931667328,0.0012949389638379216,0.0015479945577681065,-0.006659281440079212,0.20504595339298248,True,0.38744205236434937,0.3855037987232208,0.3858577013015747,0.3815321922302246,0.004325509071350098
42,20,10,5,Early,0.3824257254600525,0.38207918405532837,0.0009071948006749153,0.3456817865371704,0.3824501931667328,0.38207533955574036,0.0009821336716413498,0.0013870602706447244,-0.00574351055547595,0.18596197664737701,True,0.3875157833099365,0.38465288281440735,0.3858577013015747,0.3815321922302246,0.004325509071350098
42,20,10,6,Middle,0.38207918405532837,0.3818280100822449,0.0006583659560419619,0.33326882123947144,0.38207533955574036,0.38175317645072937,0.0008448095177300274,0.0014494383940473199,-0.005432234611362219,0.20872901380062103,True,0.38751691579818726,0.3841562569141388,0.3858577013015747,0.3815321922302246,0.004325509071350098
42,20,10,7,Middle,0.3818280100822449,0.38168036937713623,0.0003876528062392026,0.37330347299575806,0.38175317645072937,0.3815057873725891,0.0006504065822809935,0.0013132395688444376,-0.005103137344121933,0.19800157845020294,True,0.38752278685569763,0.38370606303215027,0.3858577013015747,0.3815321922302246,0.004325509071350098
42,20,10,8,Middle,0.38168036937713623,0.3817048668861389,-6.270474841585383e-05,0.3465562164783478,0.3815057873725891,0.3812001943588257,0.000802762690000236,0.0010737964184954762,-0.005073782987892628,0.23108433187007904,True,0.38749200105667114,0.38344621658325195,0.3858577013015747,0.3815321922302246,0.004325509071350098
42,20,10,9,Middle,0.3817048668861389,0.38181453943252563,-0.00028657124494202435,0.41293227672576904,0.3812001943588257,0.3811262845993042,0.0001954560138983652,0.0008884749258868396,-0.005419814959168434,0.24690347909927368,True,0.3874497711658478,0.38327163457870483,0.3858577013015747,0.3815321922302246,0.004325509071350098
42,20,10,10,Middle,0.38181453943252563,0.3820734918117523,-0.0006767408922314644,0.3696798086166382,0.3811262845993042,0.3810320794582367,0.0002486154844518751,0.0006519178859889507,-0.004770104307681322,0.191660076379776,True,0.38740143179893494,0.38294845819473267,0.3858577013015747,0.3815321922302246,0.004325509071350098
42,20,10,11,Middle,0.3820734918117523,0.38234013319015503,-0.0006960591999813914,0.3596925437450409,0.3810320794582367,0.3809587061405182,0.00019355083350092173,0.0007636622758582234,-0.004598952829837799,0.21301807463169098,True,0.3872392773628235,0.38278836011886597,0.3858577013015747,0.3815321922302246,0.004325509071350098
42,20,10,12,Middle,0.38234013319015503,0.3826937973499298,-0.0009237763588316739,0.4643482267856598,0.3809587061405182,0.38088804483413696,0.00018782488768920302,0.0005371864535845816,-0.004533094819635153,0.26975348591804504,True,0.38711580634117126,0.38268938660621643,0.3858577013015747,0.3815321922302246,0.004325509071350098
42,20,10,13,Late,0.3826937973499298,0.38304048776626587,-0.0009032853413373232,0.3856146037578583,0.38088804483413696,0.38069412112236023,0.000510865414980799,0.000510865414980799,-0.004271006677299738,0.3908555805683136,False,0.38687369227409363,0.3825181722640991,0.3858577013015747,0.3815321922302246,0.004325509071350098
42,20,10,14,Late,0.38304048776626587,0.38344472646713257,-0.0010533424792811275,0.38060760498046875,0.38069412112236023,0.38061726093292236,0.0002036481600953266,0.00020756419689860195,-0.00433775782585144,0.38627684116363525,True,0.38665279746055603,0.3823489546775818,0.3858577013015747,0.3815321922302246,0.004325509071350098
42,20,10,15,Late,0.38344472646713257,0.38393092155456543,-0.001265488681383431,0.41884881258010864,0.38061726093292236,0.380664199590683,-0.00012196553143439814,-0.00012196553143439814,-0.004148533102124929,0.4234169125556946,False,0.386482298374176,0.3821994662284851,0.3858577013015747,0.3815321922302246,0.004325509071350098
42,20,10,16,Late,0.38393092155456543,0.38437849283218384,-0.0011637159623205662,0.3434509336948395,0.380664199590683,0.38079097867012024,-0.0003322953125461936,-0.0003322953125461936,-0.0035849136766046286,0.4261924922466278,False,0.38630276918411255,0.3820312023162842,0.3858577013015747,0.3815321922302246,0.004325509071350098
42,20,10,17,Late,0.38437849283218384,0.38486233353614807,-0.0012567531084641814,0.3812248706817627,0.38079097867012024,0.3810015916824341,-0.0005522844730876386,-0.0005522844730876386,-0.002861232031136751,0.5017585158348083,False,0.3861443102359772,0.3818820118904114,0.3858577013015747,0.3815321922302246,0.004325509071350098
42,20,10,18,Late,0.38486233353614807,0.38534286618232727,-0.0012466112384572625,0.42889121174812317,0.3810015916824341,0.38124901056289673,-0.0006480353767983615,-0.0006480353767983615,-0.0018287634011358023,0.42982837557792664,False,0.38596370816230774,0.38169896602630615,0.3858577013015747,0.3815321922302246,0.004325509071350098
42,20,10,19,Late,0.38534286618232727,0.3858577013015747,-0.0013343488099053502,0.44060295820236206,0.38124901056289673,0.3815321922302246,-0.0007412093109451234,-0.0007412093109451234,-0.0007412093109451234,0.43980246782302856,False,0.38585737347602844,0.381531685590744,0.3858577013015747,0.3815321922302246,0.004325509071350098
42,20,11,0,Early,0.5825412273406982,0.5820934772491455,0.0008060875697992742,0.6884135007858276,0.5825412273406982,0.5821301341056824,0.0007430790574289858,0.0008060875697992742,0.007692284882068634,0.5538807511329651,True,0.5781827569007874,0.5780770778656006,0.5767847895622253,0.5765182971954346,0.0002664923667907715
42,20,11,1,Early,0.5820934772491455,0.5816293954849243,0.000834796519484371,0.6845664381980896,0.5821301341056824,0.5817612409591675,0.000671131128910929,0.0008328906260430813,0.007229369133710861,0.5321428179740906,True,0.5780907273292542,0.5779365301132202,0.5767847895622253,0.5765182971954346,0.0002664923667907715
42,20,11,2,Early,0.5816293954849243,0.5811541080474854,0.0008549312478862703,0.6244467496871948,0.5817612409591675,0.5813905000686646,0.000675063522066921,0.0008388515561819077,0.006824093870818615,0.5076180696487427,True,0.5779537558555603,0.5778043866157532,0.5767847895622253,0.5765182971954346,0.0002664923667907715
42,20,11,3,Early,0.5811541080474854,0.5806761980056763,0.0008601698209531605,0.6747708320617676,0.5813905000686646,0.5810449123382568,0.0006318193627521396,0.0008300347253680229,0.006384504493325949,0.49767404794692993,True,0.5778692960739136,0.5776900053024292,0.5767847895622253,0.5765182971954346,0.0002664923667907715
42,20,11,4,Early,0.5806761980056763,0.5802208185195923,0.0008218152797780931,0.694789469242096,0.5810449123382568,0.5806068181991577,0.000791440368629992,0.000791440368629992,0.005889516323804855,0.6947146058082581,False,0.5778126120567322,0.5776326060295105,0.5767847895622253,0.5765182971954346,0.0002664923667907715
42,20,11,5,Early,0.5802208185195923,0.5797669887542725,0.0008201541495509446,0.6264349222183228,0.5806068181991577,0.5801858901977539,0.0007626223959960043,0.0007867975509725511,0.005315601360052824,0.6040050983428955,True,0.5776571035385132,0.5775285959243774,0.5767847895622253,0.5765182971954346,0.0002664923667907715
42,20,11,6,Middle,0.5797669887542725,0.5793421268463135,0.0007703534211032093,0.7368034720420837,0.5801858901977539,0.5798062086105347,0.0006924574845470488,0.0007668983889743686,0.004693424794822931,0.6221136450767517,True,0.5776296854019165,0.577468991279602,0.5767847895622253,0.5765182971954346,0.0002664923667907715
42,20,11,7,Middle,0.5793421268463135,0.5789898037910461,0.0006461095181293786,0.713545560836792,0.5798062086105347,0.5794658064842224,0.000624913489446044,0.0006673144525848329,0.004177071154117584,0.5988255739212036,True,0.577613115310669,0.5773890614509583,0.5767847895622253,0.5765182971954346,0.0002664923667907715
42,20,11,8,Middle,0.5789898037910461,0.5786495208740234,0.0006256182678043842,0.7059044241905212,0.5794658064842224,0.5791263580322266,0.000623479369096458,0.0006749385502189398,0.003677604254335165,0.6651995778083801,True,0.5775550603866577,0.5773385167121887,0.5767847895622253,0.5765182971954346,0.0002664923667907715
42,20,11,9,Middle,0.5786495208740234,0.5783237218856812,0.0006007197662256658,0.7084333300590515,0.5791263580322266,0.5787656903266907,0.0006604057853110135,0.0006736291688866913,0.003250694600865245,0.711244523525238,True,0.5774577260017395,0.5772466659545898,0.5767847895622253,0.5765182971954346,0.0002664923667907715
42,20,11,10,Middle,0.5783237218856812,0.5780468583106995,0.0005164825706742704,0.7564713954925537,0.5787656903266907,0.5784565806388855,0.0005718909669667482,0.0006020269356667995,0.0027750886511057615,0.6905041933059692,True,0.5774014592170715,0.5771616101264954,0.5767847895622253,0.5765182971954346,0.0002664923667907715
42,20,11,11,Middle,0.5780468583106995,0.5777946710586548,0.00047394531429745257,0.7673264145851135,0.5784565806388855,0.5782357454299927,0.00041962513932958245,0.0005809388239867985,0.0023783850483596325,0.6171106100082397,True,0.5773235559463501,0.5770822167396545,0.5767847895622253,0.5765182971954346,0.0002664923667907715
42,20,11,12,Middle,0.5777946710586548,0.5776121020317078,0.00035395572194829583,0.7272048592567444,0.5782357454299927,0.5779985189437866,0.0004482197982724756,0.0005025463178753853,0.0021309584844857454,0.6762402653694153,True,0.5772579312324524,0.5770047307014465,0.5767847895622253,0.5765182971954346,0.0002664923667907715
42,20,11,13,Late,0.5776121020317078,0.5774247050285339,0.00036217449815012515,0.7729396820068359,0.5779985189437866,0.5777276158332825,0.0005064799333922565,0.0005206530331633985,0.0019323835149407387,0.7165541648864746,True,0.5771730542182922,0.576882541179657,0.5767847895622253,0.5765182971954346,0.0002664923667907715
42,20,11,14,Late,0.5774247050285339,0.5772812366485596,0.0002863836707547307,0.7526675462722778,0.5777276158332825,0.5775038599967957,0.0004256945103406906,0.00046191347064450383,0.0015806980663910508,0.7142730355262756,True,0.5770967602729797,0.5768150687217712,0.5767847895622253,0.5765182971954346,0.0002664923667907715
42,20,11,15,Late,0.5772812366485596,0.5771596431732178,0.000248606113018468,0.7446415424346924,0.5775038599967957,0.5772965550422668,0.0003968602104578167,0.00043093468411825597,0.0013404341880232096,0.7020381689071655,True,0.5770120620727539,0.5767301917076111,0.5767847895622253,0.5765182971954346,0.0002664923667907715
42,20,11,16,Late,0.5771596431732178,0.577051043510437,0.00022620019444730133,0.7513187527656555,0.5772965550422668,0.577079176902771,0.0004144907870795578,0.0004144907870795578,0.0011057551018893719,0.7520644664764404,False,0.5769354701042175,0.5766584873199463,0.5767847895622253,0.5765182971954346,0.0002664923667907715
42,20,11,17,Late,0.577051043510437,0.5769419074058533,0.0002267950476380065,0.7617296576499939,0.577079176902771,0.576869010925293,0.0004022161301691085,0.0004022161301691085,0.0008615500410087407,0.7623147964477539,False,0.5768532752990723,0.576582133769989,0.5767847895622253,0.5765182971954346,0.0002664923667907715
42,20,11,18,Late,0.5769419074058533,0.5768505334854126,0.00019616546342149377,0.7639668583869934,0.576869010925293,0.5766801238059998,0.0003653952735476196,0.0003653952735476196,0.0005936323432251811,0.7646404504776001,False,0.5767934918403625,0.5765266418457031,0.5767847895622253,0.5765182971954346,0.0002664923667907715
42,20,11,19,Late,0.5768505334854126,0.5767847895622253,0.00015183024515863508,0.7589839696884155,0.5766801238059998,0.5765182971954346,0.00031868406222201884,0.00031868406222201884,0.00031868406222201884,0.7598236799240112,False,0.5767629146575928,0.5764963626861572,0.5767847895622253,0.5765182971954346,0.0002664923667907715
42,20,12,0,Early,0.3158935606479645,0.3098665773868561,0.019263630732893944,0.42554518580436707,0.3158935606479645,0.3098665773868561,0.019263630732893944,0.019263630732893944,0.21893148124217987,0.42554518580436707,False,0.2537812292575836,0.2537812292575836,0.24922853708267212,0.2423311173915863,0.006897419691085815
42,20,12,1,Early,0.3098665773868561,0.3038635551929474,0.01956223137676716,0.4179200530052185,0.3098665773868561,0.304857462644577,0.01629624515771866,0.01956223137676716,0.20510844886302948,0.32964375615119934,True,0.2574496567249298,0.2524043023586273,0.24922853708267212,0.2423311173915863,0.006897419691085815
42,20,12,2,Early,0.3038635551929474,0.29839909076690674,0.018148168921470642,0.36473169922828674,0.304857462644577,0.2997785210609436,0.016801372170448303,0.018972786143422127,0.19403111934661865,0.3355451822280884,True,0.25739794969558716,0.2510901987552643,0.24922853708267212,0.2423311173915863,0.006897419691085815
42,20,12,3,Early,0.29839909076690674,0.29307666420936584,0.01799970678985119,0.3815194368362427,0.2997785210609436,0.2954314947128296,0.014606891199946404,0.019698182120919228,0.17885799705982208,0.29083654284477234,True,0.25674355030059814,0.25068196654319763,0.24922853708267212,0.2423311173915863,0.006897419691085815
42,20,12,4,Early,0.29307666420936584,0.2883765995502472,0.016168633475899696,0.3282099664211273,0.2954314947128296,0.29030919075012207,0.017489692196249962,0.017489692196249962,0.16639891266822815,0.33408433198928833,False,0.25612950325012207,0.2501440942287445,0.24922853708267212,0.2423311173915863,0.006897419691085815
42,20,12,5,Early,0.2883765995502472,0.28398987650871277,0.015328885056078434,0.38109904527664185,0.29030919075012207,0.28492075204849243,0.018733186647295952,0.018733186647295952,0.15140120685100555,0.38715416193008423,False,0.2552735209465027,0.2495213747024536,0.24922853708267212,0.2423311173915863,0.006897419691085815
42,20,12,6,Middle,0.28398987650871277,0.27992871403694153,0.014403977431356907,0.3140435814857483,0.28492075204849243,0.2801549732685089,0.016866879537701607,0.016866879537701607,0.1363159567117691,0.32262736558914185,False,0.2547530233860016,0.24861222505569458,0.24922853708267212,0.2423311173915863,0.006897419691085815
42,20,12,7,Middle,0.27992871403694153,0.2762942314147949,0.013068944215774536,0.2836288809776306,0.2801549732685089,0.27584347128868103,0.015509657561779022,0.015530784614384174,0.12420793622732162,0.3132585883140564,True,0.2539598047733307,0.24743160605430603,0.24922853708267212,0.2423311173915863,0.006897419691085815
42,20,12,8,Middle,0.2762942314147949,0.2728276550769806,0.012626553885638714,0.29057177901268005,0.27584347128868103,0.2716563642024994,0.01529600564390421,0.01529600564390421,0.11269738525152206,0.35163208842277527,False,0.2533003091812134,0.24644425511360168,0.24922853708267212,0.2423311173915863,0.006897419691085815
42,20,12,9,Middle,0.2728276550769806,0.2696971297264099,0.011538994498550892,0.2898160219192505,0.2716563642024994,0.26776108145713806,0.014444968663156033,0.014444968663156033,0.10178489983081818,0.3577735126018524,False,0.25276654958724976,0.2453663945198059,0.24922853708267212,0.2423311173915863,0.006897419691085815
42,20,12,10,Middle,0.2696971297264099,0.2667613625526428,0.010945252142846584,0.30196332931518555,0.26776108145713806,0.2641007602214813,0.01376500353217125,0.01376500353217125,0.09019362926483154,0.358715683221817,False,0.2522852420806885,0.24466769397258759,0.24922853708267212,0.2423311173915863,0.006897419691085815
42,20,12,11,Middle,0.2667613625526428,0.2641132175922394,0.009977323934435844,0.32450708746910095,0.2641007602214813,0.26093441247940063,0.012062539346516132,0.012062539346516132,0.07908620685338974,0.37743625044822693,False,0.25162163376808167,0.2440185844898224,0.24922853708267212,0.2423311173915863,0.006897419691085815
42,20,12,12,Middle,0.2641132175922394,0.261598140001297,0.009567216970026493,0.36008837819099426,0.26093441247940063,0.2578907012939453,0.011732816696166992,0.011868775822222233,0.06863000988960266,0.37364643812179565,True,0.25107383728027344,0.24362711608409882,0.24922853708267212,0.2423311173915863,0.006897419691085815
42,20,12,13,Late,0.261598140001297,0.2593693137168884,0.008556587621569633,0.2900910973548889,0.2578907012939453,0.255188524723053,0.010534482076764107,0.010534482076764107,0.058443110436201096,0.30298006534576416,False,0.2506123483181,0.24325063824653625,0.24922853708267212,0.2423311173915863,0.006897419691085815
42,20,12,14,Late,0.2593693137168884,0.25727176666259766,0.008120008744299412,0.36930230259895325,0.255188524723053,0.25269731879234314,0.009810520336031914,0.010554417967796326,0.04937224090099335,0.40618643164634705,True,0.25023403763771057,0.2428952008485794,0.24922853708267212,0.2423311173915863,0.006897419691085815
42,20,12,15,Late,0.25727176666259766,0.25536638498306274,0.007433004677295685,0.31177714467048645,0.25269731879234314,0.25031235814094543,0.009484921582043171,0.00968941766768694,0.0402958020567894,0.32786786556243896,True,0.24995119869709015,0.24271705746650696,0.24922853708267212,0.2423311173915863,0.006897419691085815
42,20,12,16,Late,0.25536638498306274,0.253555029630661,0.007119037676602602,0.35515639185905457,0.25031235814094543,0.2480493038892746,0.009080757386982441,0.009080757386982441,0.031456805765628815,0.3115994334220886,False,0.2496725171804428,0.24256083369255066,0.24922853708267212,0.2423311173915863,0.006897419691085815
42,20,12,17,Late,0.253555029630661,0.25194329023361206,0.00637815659865737,0.39249342679977417,0.2480493038892746,0.24598275125026703,0.008368049748241901,0.008368049748241901,0.022662170231342316,0.2651578187942505,False,0.24941585958003998,0.24249115586280823,0.24922853708267212,0.2423311173915863,0.006897419691085815
42,20,12,18,Late,0.25194329023361206,0.25051620602607727,0.005681071896106005,0.3468206524848938,0.24598275125026703,0.24407614767551422,0.007780114188790321,0.007780114188790321,0.014685001224279404,0.3631896674633026,False,0.24930429458618164,0.24239686131477356,0.24922853708267212,0.2423311173915863,0.006897419691085815
42,20,12,19,Late,0.25051620602607727,0.24922853708267212,0.005154286976903677,0.4038486182689667,0.24407614767551422,0.2423311173915863,0.007176556158810854,0.007176556158810854,0.007176556158810854,0.2987906038761139,False,0.24922826886177063,0.24233077466487885,0.24922853708267212,0.2423311173915863,0.006897419691085815
42,20,13,0,Early,0.30298876762390137,0.3006816506385803,0.007644054014235735,0.26041287183761597,0.30298876762390137,0.3006816506385803,0.007644054014235735,0.007644054014235735,0.04555125534534454,0.26041287183761597,False,0.28949663043022156,0.28949663043022156,0.26710042357444763,0.26718905568122864,-8.863210678100586e-05
42,20,13,1,Early,0.3006816506385803,0.29827508330345154,0.008036390878260136,0.2769269645214081,0.3006816506385803,0.29827508330345154,0.008036390878260136,0.008036390878260136,0.0431460402905941,0.2769269645214081,False,0.28798404335975647,0.28798404335975647,0.26710042357444763,0.26718905568122864,-8.863210678100586e-05
42,20,13,2,Early,0.29827508330345154,0.29585203528404236,0.008157121948897839,0.24279113113880157,0.29827508330345154,0.29585203528404236,0.008157121948897839,0.008157121948897839,0.045359548181295395,0.24279113113880157,False,0.2850475311279297,0.2850475311279297,0.26710042357444763,0.26718905568122864,-8.863210678100586e-05
42,20,13,3,Early,0.29585203528404236,0.29346975684165955,0.008084757253527641,0.2387886643409729,0.29585203528404236,0.29346975684165955,0.008084757253527641,0.008084757253527641,0.04538916423916817,0.2387886643409729,False,0.2827235460281372,0.2827235460281372,0.26710042357444763,0.26718905568122864,-8.863210678100586e-05
42,20,13,4,Early,0.29346975684165955,0.2911933958530426,0.007788736838847399,0.2442205250263214,0.29346975684165955,0.2911933958530426,0.007788736838847399,0.007788736838847399,0.04618147388100624,0.2442205250263214,False,0.28022488951683044,0.28022488951683044,0.26710042357444763,0.26718905568122864,-8.863210678100586e-05
42,20,13,5,Early,0.2911933958530426,0.288869708776474,0.008013212122023106,0.23447680473327637,0.2911933958530426,0.288869708776474,0.008013212122023106,0.008013212122023106,0.04695717617869377,0.23447680473327637,False,0.2778357267379761,0.2778357267379761,0.26710042357444763,0.26718905568122864,-8.863210678100586e-05
42,20,13,6,Middle,0.288869708776474,0.28680187463760376,0.007186369504779577,0.2092338502407074,0.288869708776474,0.28680187463760376,0.007186369504779577,0.007186369504779577,0.04523228481411934,0.2092338502407074,False,0.2760944366455078,0.2760944366455078,0.26710042357444763,0.26718905568122864,-8.863210678100586e-05
42,20,13,7,Middle,0.28680187463760376,0.2848157286643982,0.00694974884390831,0.2096170037984848,0.28680187463760376,0.28486186265945435,0.006788022816181183,0.00694974884390831,0.04263675957918167,0.20725323259830475,True,0.2748638689517975,0.2748304307460785,0.26710042357444763,0.26718905568122864,-8.863210678100586e-05
42,20,13,8,Middle,0.2848157286643982,0.2829757630825043,0.006484271492809057,0.16580642759799957,0.28486186265945435,0.28301164507865906,0.0065181441605091095,0.0065181441605091095,0.04051344469189644,0.16575388610363007,False,0.2735764682292938,0.2735516428947449,0.26710042357444763,0.26718905568122864,-8.863210678100586e-05
42,20,13,9,Middle,0.2829757630825043,0.28094950318336487,0.007188966032117605,0.21594096720218658,0.28301164507865906,0.28098055720329285,0.0072038788348436356,0.0072038788348436356,0.03991391509771347,0.21586675941944122,False,0.2719484269618988,0.27193790674209595,0.26710042357444763,0.26718905568122864,-8.863210678100586e-05
42,20,13,10,Middle,0.28094950318336487,0.27917343378067017,0.0063436743803322315,0.18325839936733246,0.28098055720329285,0.27920839190483093,0.006328511517494917,0.00636440422385931,0.03610004484653473,0.190160870552063,True,0.27111881971359253,0.27101796865463257,0.26710042357444763,0.26718905568122864,-8.863210678100586e-05
42,20,13,11,Middle,0.27917343378067017,0.27733734250068665,0.006600329652428627,0.2359611690044403,0.27920839190483093,0.27738794684410095,0.00654324796050787,0.00654324796050787,0.033871106803417206,0.235878586769104,False,0.26995477080345154,0.2699096202850342,0.26710042357444763,0.26718905568122864,-8.863210678100586e-05
42,20,13,12,Middle,0.27733734250068665,0.27567702531814575,0.006005546078085899,0.24076588451862335,0.27738794684410095,0.2757242023944855,0.0060179890133440495,0.0060179890133440495,0.029744481667876244,0.24057789146900177,False,0.2692670524120331,0.26925861835479736,0.26710042357444763,0.26718905568122864,-8.863210678100586e-05
42,20,13,13,Late,0.27567702531814575,0.27407392859458923,0.005834063980728388,0.23554563522338867,0.2757242023944855,0.2741365432739258,0.005776346195489168,0.005776346195489168,0.026215864345431328,0.23524443805217743,False,0.2685634195804596,0.26858973503112793,0.26710042357444763,0.26718905568122864,-8.863210678100586e-05
42,20,13,14,Late,0.27407392859458923,0.2727000415325165,0.005027954466640949,0.20534618198871613,0.2741365432739258,0.2727661728858948,0.005013365298509598,0.005013365298509598,0.02140454202890396,0.2049560248851776,False,0.2682821750640869,0.2683310806751251,0.26710042357444763,0.26718905568122864,-8.863210678100586e-05
42,20,13,15,Late,0.2727000415325165,0.27140891551971436,0.0047471593134105206,0.25598472356796265,0.2727661728858948,0.27147170901298523,0.004758312366902828,0.004758312366902828,0.017502009868621826,0.25591710209846497,False,0.2679799497127533,0.2680337429046631,0.26710042357444763,0.26718905568122864,-8.863210678100586e-05
42,20,13,16,Late,0.27140891551971436,0.2701626121997833,0.004605730529874563,0.22215591371059418,0.27147170901298523,0.2702328562736511,0.004576777573674917,0.004576777573674917,0.013844074681401253,0.2218639999628067,False,0.26767024397850037,0.26773929595947266,0.26710042357444763,0.26718905568122864,-8.863210678100586e-05
42,20,13,17,Late,0.2701626121997833,0.26908713579177856,0.003990041092038155,0.18413224816322327,0.2702328562736511,0.26916036009788513,0.003977336920797825,0.003977336920797825,0.009943922981619835,0.18430785834789276,False,0.26748502254486084,0.2675589919090271,0.26710042357444763,0.26718905568122864,-8.863210678100586e-05
42,20,13,18,Late,0.26908713579177856,0.2680833339691162,0.003738770028576255,0.21889281272888184,0.26916036009788513,0.2681610584259033,0.0037202429957687855,0.0037202429957687855,0.006571800448000431,0.21914033591747284,False,0.26731744408607483,0.26739728450775146,0.26710042357444763,0.26718905568122864,-8.863210678100586e-05
42,20,13,19,Late,0.2680833339691162,0.26710042357444763,0.0036747592967003584,0.278507262468338,0.2681610584259033,0.26718905568122864,0.0036321196239441633,0.0036321196239441633,0.0036321196239441633,0.27851611375808716,False,0.2671000063419342,0.26718881726264954,0.26710042357444763,0.26718905568122864,-8.863210678100586e-05
42,20,14,0,Early,0.304341584444046,0.29245999455451965,0.039825502783060074,0.5299664735794067,0.304341584444046,0.29245999455451965,0.039825502783060074,0.039825502783060074,0.3169214725494385,0.5299664735794067,False,0.22167855501174927,0.22167855501174927,0.21640916168689728,0.20607168972492218,0.010337471961975098
42,20,14,1,Early,0.29245999455451965,0.2827967405319214,0.0335974395275116,0.4461863338947296,0.29245999455451965,0.2839268147945404,0.029610319063067436,0.0335974395275116,0.30098363757133484,0.4974313974380493,True,0.21795736253261566,0.21644653379917145,0.21640916168689728,0.20607168972492218,0.010337471961975098
42,20,14,2,Early,0.2827967405319214,0.2742023468017578,0.030861683189868927,0.403238445520401,0.2839268147945404,0.2761782705783844,0.027662811800837517,0.029246795922517776,0.27250996232032776,0.36521434783935547,True,0.21973299980163574,0.21620039641857147,0.21640916168689728,0.20607168972492218,0.010337471961975098
42,20,14,3,Early,0.2742023468017578,0.2668633759021759,0.027131227776408195,0.33454564213752747,0.2761782705783844,0.271340548992157,0.017674721777439117,0.028389709070324898,0.25094151496887207,0.483900249004364,True,0.21894782781600952,0.21488529443740845,0.21640916168689728,0.20607168972492218,0.010337471961975098
42,20,14,4,Early,0.2668633759021759,0.2602906823158264,0.024938391521573067,0.39732441306114197,0.271340548992157,0.26292139291763306,0.03152167797088623,0.03152167797088623,0.24177543818950653,0.26934853196144104,False,0.21966372430324554,0.2130652815103531,0.21640916168689728,0.20607168972492218,0.010337471961975098
42,20,14,5,Early,0.2602906823158264,0.2546263337135315,0.022000614553689957,0.32847726345062256,0.26292139291763306,0.25629496574401855,0.02552887797355652,0.026154443621635437,0.2180221676826477,0.3394802510738373,True,0.2184702306985855,0.21141691505908966,0.21640916168689728,0.20607168972492218,0.010337471961975098
42,20,14,6,Middle,0.2546263337135315,0.24945808947086334,0.02050810493528843,0.3822438716888428,0.25629496574401855,0.251019150018692,0.020804600790143013,0.021887021139264107,0.19449329376220703,0.3842056393623352,True,0.2188774198293686,0.21099506318569183,0.21640916168689728,0.20607168972492218,0.010337471961975098
42,20,14,7,Middle,0.24945808947086334,0.2449321299791336,0.018310630694031715,0.35973024368286133,0.251019150018692,0.24591635167598724,0.02053648978471756,0.02053648978471756,0.17554087936878204,0.359189510345459,False,0.2181721329689026,0.2106057107448578,0.21640916168689728,0.20607168972492218,0.010337471961975098
42,20,14,8,Middle,0.2449321299791336,0.24092264473438263,0.016505077481269836,0.4185655415058136,0.24591635167598724,0.24163012206554413,0.017586544156074524,0.018431182950735092,0.15651851892471313,0.44428297877311707,True,0.21814997494220734,0.21028676629066467,0.21640916168689728,0.20607168972492218,0.010337471961975098
42,20,14,9,Middle,0.24092264473438263,0.23731768131256104,0.015081729739904404,0.3318234980106354,0.24163012206554413,0.2365974485874176,0.021049845963716507,0.021049845963716507,0.14344510436058044,0.26428690552711487,False,0.2180657833814621,0.20934058725833893,0.21640916168689728,0.20607168972492218,0.010337471961975098
42,20,14,10,Middle,0.23731768131256104,0.23423238098621368,0.013086216524243355,0.3725316524505615,0.2365974485874176,0.23422619700431824,0.010076401755213737,0.01627921126782894,0.12356593459844589,0.4720294773578644,True,0.217820405960083,0.20909607410430908,0.21640916168689728,0.20607168972492218,0.010337471961975098
42,20,14,11,Middle,0.23423238098621368,0.23130632936954498,0.012575563043355942,0.39951127767562866,0.23422619700431824,0.2286026030778885,0.024303996935486794,0.024303996935486794,0.12208352237939835,0.24074219167232513,False,0.21759313344955444,0.20730748772621155,0.21640916168689728,0.20607168972492218,0.010337471961975098
42,20,14,12,Middle,0.23130632936954498,0.22874002158641815,0.011155921034514904,0.3535673916339874,0.2286026030778885,0.2249981164932251,0.015890570357441902,0.015890570357441902,0.09859471023082733,0.29766494035720825,False,0.21745319664478302,0.20713895559310913,0.21640916168689728,0.20607168972492218,0.010337471961975098
42,20,14,13,Late,0.22874002158641815,0.2261916548013687,0.011204255744814873,0.3971652388572693,0.2249981164932251,0.22174039483070374,0.01458605844527483,0.014628593809902668,0.08467863500118256,0.45524394512176514,True,0.2173921912908554,0.20672987401485443,0.21640916168689728,0.20607168972492218,0.010337471961975098
42,20,14,14,Late,0.2261916548013687,0.22400033473968506,0.00973532348871231,0.4002245366573334,0.22174039483070374,0.218722403049469,0.013704441487789154,0.01475757360458374,0.07051651924848557,0.4025784432888031,True,0.21707504987716675,0.2066425234079361,0.21640916168689728,0.20607168972492218,0.010337471961975098
42,20,14,15,Late,0.22400033473968506,0.22188487648963928,0.009492105804383755,0.396120548248291,0.218722403049469,0.21586331725120544,0.013160452246665955,0.013233739882707596,0.057193052023649216,0.39681482315063477,True,0.21684816479682922,0.20656394958496094,0.21640916168689728,0.20607168972492218,0.010337471961975098
42,20,14,16,Late,0.22188487648963928,0.2201400250196457,0.007895060814917088,0.3796802759170532,0.21586331725120544,0.21306055784225464,0.013070915825664997,0.013070915825664997,0.04477802664041519,0.35235944390296936,False,0.21677054464817047,0.20641055703163147,0.21640916168689728,0.20607168972492218,0.010337471961975098
42,20,14,17,Late,0.2201400250196457,0.21856282651424408,0.007185536902397871,0.3699345886707306,0.21306055784225464,0.2106504738330841,0.011375040747225285,0.011489948257803917,0.03189811855554581,0.38284820318222046,True,0.21668121218681335,0.20637153089046478,0.21640916168689728,0.20607168972492218,0.010337471961975098
42,20,14,18,Late,0.21856282651424408,0.21732676029205322,0.005673588719218969,0.46424901485443115,0.2106504738330841,0.20829617977142334,0.01124302763491869,0.01124302763491869,0.02095591090619564,0.3651711046695709,False,0.21648165583610535,0.20628200471401215,0.21640916168689728,0.20607168972492218,0.010337471961975098
42,20,14,19,Late,0.21732676029205322,0.21640916168689728,0.004232000559568405,0.3911169767379761,0.20829617977142334,0.20607168972492218,0.010739569552242756,0.010739569552242756,0.010739569552242756,0.4421630799770355,False,0.21640898287296295,0.206071138381958,0.21640916168689728,0.20607168972492218,0.010337471961975098
42,20,15,0,Early,0.2891415059566498,0.27757227420806885,0.04083176702260971,0.45568153262138367,0.2891415059566498,0.27757227420806885,0.04083176702260971,0.04083176702260971,0.29778382182121277,0.45568153262138367,False,0.21467629075050354,0.21467629075050354,0.21906323730945587,0.1998259425163269,0.019237294793128967
42,20,15,1,Early,0.27757227420806885,0.2678835391998291,0.03552418574690819,0.44671830534935,0.27757227420806885,0.2691567540168762,0.03077504225075245,0.03552418574690819,0.29106810688972473,0.4969911575317383,True,0.21278703212738037,0.20747530460357666,0.21906323730945587,0.1998259425163269,0.019237294793128967
42,20,15,2,Early,0.2678835391998291,0.2599099576473236,0.03021269477903843,0.4251640737056732,0.2691567540168762,0.2613242566585541,0.029523812234401703,0.031080005690455437,0.26640135049819946,0.37092944979667664,True,0.22102496027946472,0.20620936155319214,0.21906323730945587,0.1998259425163269,0.019237294793128967
42,20,15,3,Early,0.2599099576473236,0.2532394230365753,0.025998715311288834,0.32864701747894287,0.2613242566585541,0.2542867064476013,0.02729620970785618,0.029391856864094734,0.23975920677185059,0.34760332107543945,True,0.2191961407661438,0.20561431348323822,0.21906323730945587,0.1998259425163269,0.019237294793128967
42,20,15,4,Early,0.2532394230365753,0.24729160964488983,0.023761598393321037,0.4088471233844757,0.2542867064476013,0.24781149625778198,0.02579474449157715,0.02817300334572792,0.21408161520957947,0.3599480986595154,True,0.22111527621746063,0.2052810788154602,0.21906323730945587,0.1998259425163269,0.019237294793128967
42,20,15,5,Early,0.24729160964488983,0.24215783178806305,0.020975979045033455,0.40834295749664307,0.24781149625778198,0.25001606345176697,-0.008852476254105568,0.024460166692733765,0.19075575470924377,0.5511780977249146,True,0.22409532964229584,0.20477499067783356,0.21906323730945587,0.1998259425163269,0.019237294793128967
42,20,15,6,Middle,0.24215783178806305,0.23755568265914917,0.019186580553650856,0.33277878165245056,0.25001606345176697,0.23940260708332062,0.043377067893743515,0.043377067893743515,0.21019309759140015,0.24601086974143982,False,0.2232733517885208,0.2026197910308838,0.21906323730945587,0.1998259425163269,0.019237294793128967
42,20,15,7,Middle,0.23755568265914917,0.23337188363075256,0.01776188239455223,0.4313982427120209,0.23940260708332062,0.2328723520040512,0.027652714401483536,0.0290051382035017,0.17099758982658386,0.3147110044956207,True,0.22292141616344452,0.20177403092384338,0.21906323730945587,0.1998259425163269,0.019237294793128967
42,20,15,8,Middle,0.23337188363075256,0.22962738573551178,0.01617812179028988,0.3467017710208893,0.2328723520040512,0.22829294204711914,0.019857509061694145,0.022006334736943245,0.14441518485546112,0.3509887456893921,True,0.2229282259941101,0.20155750215053558,0.21906323730945587,0.1998259425163269,0.019237294793128967
42,20,15,9,Middle,0.22962738573551178,0.2268228679895401,0.012289823964238167,0.39820367097854614,0.22829294204711914,0.22440138459205627,0.01719655841588974,0.018544238060712814,0.12549102306365967,0.39876237511634827,True,0.22236309945583344,0.20136882364749908,0.21906323730945587,0.1998259425163269,0.019237294793128967
42,20,15,10,Middle,0.2268228679895401,0.22412872314453125,0.011950638145208359,0.38205909729003906,0.22440138459205627,0.22014744579792023,0.019138392060995102,0.019250424578785896,0.11024541407823563,0.3231964707374573,True,0.22226107120513916,0.20097699761390686,0.21906323730945587,0.1998259425163269,0.019237294793128967
42,20,15,11,Middle,0.22412872314453125,0.2222190648317337,0.00855006743222475,0.37385958433151245,0.22014744579792023,0.21697266399860382,0.014528041705489159,0.014926014468073845,0.09168155491352081,0.3743908107280731,True,0.22193802893161774,0.20086149871349335,0.21906323730945587,0.1998259425163269,0.019237294793128967
42,20,15,12,Middle,0.2222190648317337,0.22035305202007294,0.00843269657343626,0.37017738819122314,0.21697266399860382,0.21401195228099823,0.013736902736127377,0.014367301017045975,0.07752899080514908,0.36158186197280884,True,0.22189386188983917,0.20078648626804352,0.21906323730945587,0.1998259425163269,0.019237294793128967
42,20,15,13,Late,0.22035305202007294,0.21909508109092712,0.00572336558252573,0.40422138571739197,0.21401195228099823,0.21139754354953766,0.012289347127079964,0.012936429120600224,0.06487572938203812,0.424989253282547,True,0.22145099937915802,0.20056848227977753,0.21906323730945587,0.1998259425163269,0.019237294793128967
42,20,15,14,Late,0.21909508109092712,0.21800845861434937,0.004969125147908926,0.4506321847438812,0.21139754354953766,0.2087397575378418,0.012646077200770378,0.012778612785041332,0.05316048115491867,0.3471887409687042,True,0.220724955201149,0.20045296847820282,0.21906323730945587,0.1998259425163269,0.019237294793128967
42,20,15,15,Late,0.21800845861434937,0.21767117083072662,0.0015455270186066628,0.3847108483314514,0.2087397575378418,0.20660758018493652,0.010267364792525768,0.010391132906079292,0.041458096355199814,0.42286917567253113,True,0.22040429711341858,0.20026271045207977,0.21906323730945587,0.1998259425163269,0.019237294793128967
42,20,15,16,Late,0.21767117083072662,0.21737182140350342,0.0013772171223536134,0.39093536138534546,0.20660758018493652,0.20445387065410614,0.010478782467544079,0.010478782467544079,0.03178649768233299,0.3469197750091553,False,0.22018541395664215,0.200143501162529,0.21906323730945587,0.1998259425163269,0.019237294793128967
42,20,15,17,Late,0.21737182140350342,0.21764379739761353,-0.0012520730961114168,0.4309062659740448,0.20445387065410614,0.20280179381370544,0.008113117888569832,0.008113117888569832,0.021716514602303505,0.4108835458755493,False,0.21957264840602875,0.20006169378757477,0.21906323730945587,0.1998259425163269,0.019237294793128967
42,20,15,18,Late,0.21764379739761353,0.21816574037075043,-0.0023952247574925423,0.40578824281692505,0.20280179381370544,0.2011745721101761,0.008052335120737553,0.008052335120737553,0.014058338478207588,0.38841211795806885,False,0.2193712741136551,0.19997066259384155,0.21906323730945587,0.1998259425163269,0.019237294793128967
42,20,15,19,Late,0.21816574037075043,0.21906323730945587,-0.004106064327061176,0.4235081672668457,0.2011745721101761,0.1998259425163269,0.006730458699166775,0.006730458699166775,0.006730458699166775,0.4347977042198181,False,0.2190633863210678,0.19982512295246124,0.21906323730945587,0.1998259425163269,0.019237294793128967
42,20,16,0,Early,0.47893616557121277,0.4784558415412903,0.0010036701569333673,0.4978178143501282,0.47893616557121277,0.47847700119018555,0.0009594922885298729,0.0010036701569333673,-0.00959380529820919,0.423047810792923,True,0.4837145209312439,0.4835527241230011,0.4798128306865692,0.47845280170440674,0.0013600289821624756
42,20,16,1,Early,0.4784558415412903,0.478046178817749,0.0008571908110752702,0.4065660834312439,0.47847700119018555,0.4780803918838501,0.0008296774467453361,0.0008849427103996277,-0.009497765451669693,0.35775598883628845,True,0.4833179712295532,0.48304271697998047,0.4798128306865692,0.47845280170440674,0.0013600289821624756
42,20,16,2,Early,0.478046178817749,0.47764337062835693,0.0008441959507763386,0.541380763053894,0.4780803918838501,0.4778038561344147,0.0005796364275738597,0.0008806422119960189,-0.009510778822004795,0.36558887362480164,True,0.4831995368003845,0.4826487600803375,0.4798128306865692,0.47845280170440674,0.0013600289821624756
42,20,16,3,Early,0.47764337062835693,0.47730064392089844,0.0007187526789493859,0.5978934168815613,0.4778038561344147,0.47762376070022583,0.00037767476169392467,0.0008164285100065172,-0.008975155651569366,0.3279959261417389,True,0.4831560552120209,0.4821111559867859,0.4798128306865692,0.47845280170440674,0.0013600289821624756
42,20,16,4,Early,0.47730064392089844,0.47707393765449524,0.0004756067064590752,0.5053428411483765,0.47762376070022583,0.4775262773036957,0.00020463456166908145,0.000700898002833128,-0.008761003613471985,0.36318787932395935,True,0.48306193947792053,0.4818263351917267,0.4798128306865692,0.47845280170440674,0.0013600289821624756
42,20,16,5,Early,0.47707393765449524,0.4769006669521332,0.000363572733476758,0.6222627758979797,0.4775262773036957,0.4773893654346466,0.0002875812351703644,0.000621890532784164,-0.0086072301492095,0.405839204788208,True,0.48303157091140747,0.48165395855903625,0.4798128306865692,0.47845280170440674,0.0013600289821624756
42,20,16,6,Middle,0.4769006669521332,0.47680070996284485,0.0002100946439895779,0.5299347043037415,0.4773893654346466,0.47739726305007935,-1.5284620531019755e-05,0.0005780676729045808,-0.008495960384607315,0.3451724052429199,True,0.48291751742362976,0.4814622402191162,0.4798128306865692,0.47845280170440674,0.0013600289821624756
42,20,16,7,Middle,0.47680070996284485,0.4766998291015625,0.00021198834292590618,0.5888363122940063,0.47739726305007935,0.4770943522453308,0.0006353587377816439,0.0006353587377816439,-0.008142240345478058,0.5953852534294128,False,0.4827422797679901,0.4812999367713928,0.4798128306865692,0.47845280170440674,0.0013600289821624756
42,20,16,8,Middle,0.4766998291015625,0.4767588973045349,-0.00012351770419627428,0.6137136816978455,0.4770943522453308,0.4770320951938629,0.0001319177245022729,0.00023462667013518512,-0.008531879633665085,0.4765886068344116,True,0.48261120915412903,0.4811820089817047,0.4798128306865692,0.47845280170440674,0.0013600289821624756
42,20,16,9,Middle,0.4767588973045349,0.4768519699573517,-0.00019426883955020458,0.5765200257301331,0.4770320951938629,0.47693344950675964,0.00020770161063410342,0.00020770161063410342,-0.008303596638143063,0.5820071697235107,False,0.48240673542022705,0.48100942373275757,0.4798128306865692,0.47845280170440674,0.0013600289821624756
42,20,16,10,Middle,0.4768519699573517,0.47698941826820374,-0.000287162751192227,0.6006932854652405,0.47693344950675964,0.47689393162727356,8.361537038581446e-05,8.361537038581446e-05,-0.008099054917693138,0.6089798808097839,False,0.4821629524230957,0.48081156611442566,0.4798128306865692,0.47845280170440674,0.0013600289821624756
42,20,16,11,Middle,0.47698941826820374,0.4771367907524109,-0.0003081454196944833,0.6008051037788391,0.47689393162727356,0.47686731815338135,5.6561089877504855e-05,5.6561089877504855e-05,-0.00758362328633666,0.6088539361953735,False,0.4818513095378876,0.4805240333080292,0.4798128306865692,0.47845280170440674,0.0013600289821624756
42,20,16,12,Middle,0.4771367907524109,0.47738972306251526,-0.000529071141500026,0.5814353823661804,0.47686731815338135,0.47695350646972656,-0.00017948588356375694,-0.00017948588356375694,-0.007152830250561237,0.5892784595489502,False,0.4815967082977295,0.48029035329818726,0.4798128306865692,0.47845280170440674,0.0013600289821624756
42,20,16,13,Late,0.47738972306251526,0.477588027715683,-0.00041499658254906535,0.6334405541419983,0.47695350646972656,0.4769894778728485,-7.481021020794287e-05,-7.481021020794287e-05,-0.006205817684531212,0.6412918567657471,False,0.48121023178100586,0.47992244362831116,0.4798128306865692,0.47845280170440674,0.0013600289821624756
42,20,16,14,Late,0.477588027715683,0.4779137074947357,-0.0006809717742726207,0.5935181975364685,0.4769894778728485,0.47716090083122253,-0.00035804594517685473,-0.00035804594517685473,-0.005584860220551491,0.601439356803894,False,0.4809420704841614,0.4796607494354248,0.4798128306865692,0.47845280170440674,0.0013600289821624756
42,20,16,15,Late,0.4779137074947357,0.47828906774520874,-0.0007841500919312239,0.5657104849815369,0.47716090083122253,0.4773934781551361,-0.000486296194139868,-0.000486296194139868,-0.004721581935882568,0.5728594660758972,False,0.48070868849754333,0.47941911220550537,0.4798128306865692,0.47845280170440674,0.0013600289821624756
42,20,16,16,Late,0.47828906774520874,0.47868233919143677,-0.0008215604466386139,0.6105974912643433,0.4773934781551361,0.47765082120895386,-0.0005380086367949843,-0.0005380086367949843,-0.003749131690710783,0.6178768277168274,False,0.4804838001728058,0.4791865944862366,0.4798128306865692,0.47845280170440674,0.0013600289821624756
42,20,16,17,Late,0.47868233919143677,0.4791177213191986,-0.0009082392789423466,0.6195072531700134,0.47765082120895386,0.47795993089675903,-0.0006466115592047572,-0.0006466115592047572,-0.0028002250473946333,0.6269384622573853,False,0.4803010821342468,0.4789901673793793,0.4798128306865692,0.47845280170440674,0.0013600289821624756
42,20,16,18,Late,0.4791177213191986,0.47947612404823303,-0.0007471247809007764,0.6861205101013184,0.47795993089675903,0.47819459438323975,-0.0004903697408735752,-0.0004903697408735752,-0.0015501994639635086,0.6915664672851562,False,0.4800468385219574,0.4787013828754425,0.4798128306865692,0.47845280170440674,0.0013600289821624756
42,20,16,19,Late,0.47947612404823303,0.4798128306865692,-0.0007012886926531792,0.5585541129112244,0.47819459438323975,0.47845280170440674,-0.0005384085816331208,-0.0005384085816331208,-0.0005384085816331208,0.5646920800209045,False,0.47981247305870056,0.4784521162509918,0.4798128306865692,0.47845280170440674,0.0013600289821624756
42,20,17,0,Early,0.5800592303276062,0.579615592956543,0.0007888158434070647,0.6757434010505676,0.5800592303276062,0.5796269774436951,0.0007694043451920152,0.0007888158434070647,0.007110903970897198,0.5865190029144287,True,0.5760499238967896,0.5759488344192505,0.5745741128921509,0.5743323564529419,0.00024175643920898438
42,20,17,1,Early,0.579615592956543,0.5791763067245483,0.0007822690531611443,0.6634120941162109,0.5796269774436951,0.5791961550712585,0.0007671448402106762,0.0007853659917600453,0.006582878064364195,0.5782999396324158,True,0.5759660005569458,0.5758235454559326,0.5745741128921509,0.5743323564529419,0.00024175643920898438
42,20,17,2,Early,0.5791763067245483,0.5787078142166138,0.0008332507568411529,0.664110541343689,0.5791961550712585,0.5788531303405762,0.0006165704107843339,0.00083336973330006,0.006010480225086212,0.5314781665802002,True,0.5758742690086365,0.5757251381874084,0.5745741128921509,0.5743323564529419,0.00024175643920898438
42,20,17,3,Early,0.5787078142166138,0.5782483220100403,0.0008185966871678829,0.7109491229057312,0.5788531303405762,0.5784273147583008,0.0007597596268169582,0.0008083522552624345,0.005534932482987642,0.6401888728141785,True,0.5758163928985596,0.5756577849388123,0.5745741128921509,0.5743323564529419,0.00024175643920898438
42,20,17,4,Early,0.5782483220100403,0.5778244137763977,0.0007573720649816096,0.7007856965065002,0.5784273147583008,0.5780227184295654,0.000723786186426878,0.0007472463767044246,0.0049079833552241325,0.6270503401756287,True,0.5757827162742615,0.5755950808525085,0.5745741128921509,0.5743323564529419,0.00024175643920898438
42,20,17,5,Early,0.5778244137763977,0.5774016380310059,0.000755821296479553,0.7319480180740356,0.5780227184295654,0.5776073336601257,0.0007428479730151594,0.0007591561297886074,0.004390527959913015,0.6095907688140869,True,0.5757540464401245,0.5754901766777039,0.5745741128921509,0.5743323564529419,0.00024175643920898438
42,20,17,6,Middle,0.5774016380310059,0.5770143866539001,0.0006949484231881797,0.7338055968284607,0.5776073336601257,0.5772374868392944,0.0006649382994510233,0.0007161522516980767,0.0037824134342372417,0.6432005763053894,True,0.5757290720939636,0.575426459312439,0.5745741128921509,0.5743323564529419,0.00024175643920898438
42,20,17,7,Middle,0.5770143866539001,0.576644241809845,0.0006660071667283773,0.6776143908500671,0.5772374868392944,0.576845645904541,0.00070329406298697,0.00070329406298697,0.0033078365959227085,0.6773076057434082,False,0.5756190419197083,0.5753310322761536,0.5745741128921509,0.5743323564529419,0.00024175643920898438
42,20,17,8,Middle,0.576644241809845,0.576303243637085,0.0006157265161164105,0.7263814806938171,0.576845645904541,0.5764789581298828,0.0006596866878680885,0.0006596866878680885,0.002759629162028432,0.7264016270637512,False,0.5755323171615601,0.5752557516098022,0.5745741128921509,0.5743323564529419,0.00024175643920898438
42,20,17,9,Middle,0.576303243637085,0.5760159492492676,0.0005230397218838334,0.6894335150718689,0.5764789581298828,0.5762555599212646,0.0004118800279684365,0.0005762970540672541,0.002303268061950803,0.570065975189209,True,0.5754308104515076,0.5751524567604065,0.5745741128921509,0.5743323564529419,0.00024175643920898438
42,20,17,10,Middle,0.5760159492492676,0.5758020877838135,0.0003955504798796028,0.6603395938873291,0.5762555599212646,0.5759900808334351,0.00048503754078410566,0.00048503754078410566,0.0021066071931272745,0.6603474617004395,False,0.5753195881843567,0.5750426650047302,0.5745741128921509,0.5743323564529419,0.00024175643920898438
42,20,17,11,Middle,0.5758020877838135,0.5755710005760193,0.0004258054541423917,0.7412910461425781,0.5759900808334351,0.5757099390029907,0.0005105237942188978,0.0005105237942188978,0.001773117226548493,0.7412818074226379,False,0.5752370953559875,0.5749695897102356,0.5745741128921509,0.5743323564529419,0.00024175643920898438
42,20,17,12,Middle,0.5755710005760193,0.5753666758537292,0.00037897549918852746,0.7539043426513672,0.5757099390029907,0.5754675269126892,0.00044523144606500864,0.00046488939551636577,0.0014430017909035087,0.7407905459403992,True,0.5751408934593201,0.5748796463012695,0.5745741128921509,0.5743323564529419,0.00024175643920898438
42,20,17,13,Late,0.5753666758537292,0.5752155780792236,0.00028674109489656985,0.7294908761978149,0.5754675269126892,0.5752642750740051,0.0003773103526327759,0.0003773103526327759,0.001156619400717318,0.7297707796096802,False,0.5750580430030823,0.5748021006584167,0.5745741128921509,0.5743323564529419,0.00024175643920898438
42,20,17,14,Late,0.5752155780792236,0.5750806331634521,0.00025909324176609516,0.7412512302398682,0.5752642750740051,0.5750775933265686,0.00034871164825744927,0.00034871164825744927,0.0009596185991540551,0.7416992783546448,False,0.5749654769897461,0.5747124552726746,0.5745741128921509,0.5743323564529419,0.00024175643920898438
42,20,17,15,Late,0.5750806331634521,0.5749812126159668,0.00019711728964466602,0.7395132780075073,0.5750775933265686,0.5749608874320984,0.00022715996601618826,0.00028483441565185785,0.0007486892282031476,0.6838809251785278,True,0.574905276298523,0.574647068977356,0.5745741128921509,0.5743323564529419,0.00024175643920898438
42,20,17,16,Late,0.5749812126159668,0.5748879909515381,0.00018662963702809066,0.760093629360199,0.5749608874320984,0.5748065710067749,0.0002927006280515343,0.0002927006280515343,0.0006613211007788777,0.760600745677948,False,0.5748339295387268,0.5745806694030762,0.5745741128921509,0.5743323564529419,0.00024175643920898438
42,20,17,17,Late,0.5748879909515381,0.5747957825660706,0.00018472163355909288,0.7598248720169067,0.5748065710067749,0.5746573209762573,0.0002838805958162993,0.0002838805958162993,0.0005278403405100107,0.760749340057373,False,0.5747528672218323,0.5745031833648682,0.5745741128921509,0.5743323564529419,0.00024175643920898438
42,20,17,18,Late,0.5747957825660706,0.5746833682060242,0.00021987991931382567,0.7771926522254944,0.5746573209762573,0.5744928121566772,0.0003108125820290297,0.0003108125820290297,0.00043857371201738715,0.7774187326431274,False,0.5746503472328186,0.5744053721427917,0.5745741128921509,0.5743323564529419,0.00024175643920898438
42,20,17,19,Late,0.5746833682060242,0.5745741128921509,0.00021427942556329072,0.7882170677185059,0.5744928121566772,0.5743323564529419,0.0003034248948097229,0.0003034248948097229,0.0003034248948097229,0.7883636951446533,False,0.5745602250099182,0.5743184685707092,0.5745741128921509,0.5743323564529419,0.00024175643920898438
42,20,18,0,Early,0.5239095687866211,0.5234832167625427,0.0008146534091793001,0.6493816375732422,0.5239095687866211,0.5235205888748169,0.0007434330182150006,0.0008146534091793001,-0.005631830543279648,0.45616990327835083,True,0.5269513130187988,0.5268679857254028,0.523147463798523,0.5230125188827515,0.00013494491577148438
42,20,18,1,Early,0.5234832167625427,0.5231111645698547,0.0007116207852959633,0.6149940490722656,0.5235205888748169,0.5231371521949768,0.0007329435902647674,0.0007329435902647674,-0.006253440864384174,0.6150876879692078,False,0.5268912315368652,0.5268041491508484,0.523147463798523,0.5230125188827515,0.00013494491577148438
42,20,18,2,Early,0.5231111645698547,0.522786021232605,0.0006225229008123279,0.5376256108283997,0.5231371521949768,0.5228098034858704,0.0006260970258153975,0.0006260970258153975,-0.006853115279227495,0.5377980470657349,False,0.5268171429634094,0.5267342329025269,0.523147463798523,0.5230125188827515,0.00013494491577148438
42,20,18,3,Early,0.522786021232605,0.5224865674972534,0.000573427474591881,0.6001701354980469,0.5228098034858704,0.5225052833557129,0.0005831968737766147,0.0005831968737766147,-0.007298462558537722,0.6003576517105103,False,0.5267204642295837,0.5266391634941101,0.523147463798523,0.5230125188827515,0.00013494491577148438
42,20,18,4,Early,0.5224865674972534,0.5222194790840149,0.0005112416693009436,0.5565165281295776,0.5225052833557129,0.5222341418266296,0.0005199393490329385,0.0005199393490329385,-0.007662017829716206,0.5566639304161072,False,0.5266021490097046,0.526523768901825,0.523147463798523,0.5230125188827515,0.00013494491577148438
42,20,18,5,Early,0.5222194790840149,0.5220389366149902,0.00034619387588463724,0.6281838417053223,0.5222341418266296,0.5220479965209961,0.0003569188411347568,0.0003569188411347568,-0.008024286478757858,0.628342866897583,False,0.5265231728553772,0.5264412760734558,0.523147463798523,0.5230125188827515,0.00013494491577148438
42,20,18,6,Middle,0.5220389366149902,0.5218810439109802,0.0003029262588825077,0.6618927121162415,0.5220479965209961,0.5218835473060608,0.00031508170650340617,0.00031508170650340617,-0.008122025057673454,0.6619948744773865,False,0.5263910293579102,0.5263050198554993,0.523147463798523,0.5230125188827515,0.00013494491577148438
42,20,18,7,Middle,0.5218810439109802,0.5217342972755432,0.0002818324137479067,0.6653689742088318,0.5218835473060608,0.5217289924621582,0.0002968483022414148,0.0002968483022414148,-0.008024058304727077,0.6654282808303833,False,0.526179313659668,0.526087760925293,0.523147463798523,0.5230125188827515,0.00013494491577148438
42,20,18,8,Middle,0.5217342972755432,0.5217116475105286,4.393636481836438e-05,0.6363101005554199,0.5217289924621582,0.5216988325119019,5.8359859394840896e-05,5.8359859394840896e-05,-0.008027611300349236,0.6363853216171265,False,0.5260308980941772,0.5259338617324829,0.523147463798523,0.5230125188827515,0.00013494491577148438
42,20,18,9,Middle,0.5217116475105286,0.5217476487159729,-6.836408283561468e-05,0.6661916375160217,0.5216988325119019,0.5217268466949463,-5.292560672387481e-05,-5.292560672387481e-05,-0.007760321721434593,0.666197657585144,False,0.5258622765541077,0.5257629156112671,0.523147463798523,0.5230125188827515,0.00013494491577148438
42,20,18,10,Middle,0.5217476487159729,0.521741509437561,1.2215487913636025e-05,0.6992111802101135,0.5217268466949463,0.5217110514640808,3.069248850806616e-05,3.069248850806616e-05,-0.007121369708329439,0.6993077993392944,False,0.5255627036094666,0.5254553556442261,0.523147463798523,0.5230125188827515,0.00013494491577148438
42,20,18,11,Middle,0.521741509437561,0.521813154220581,-0.00013644000864587724,0.6666972041130066,0.5217110514640808,0.521772563457489,-0.00011694683780660853,-0.00011694683780660853,-0.006601618602871895,0.666718602180481,False,0.5252787470817566,0.525166392326355,0.523147463798523,0.5230125188827515,0.00013494491577148438
42,20,18,12,Middle,0.521813154220581,0.5218851566314697,-0.00013721654249820858,0.694963812828064,0.521772563457489,0.521833598613739,-0.00011635225382633507,-0.00011635225382633507,-0.005834808107465506,0.695056676864624,False,0.5249443054199219,0.5248256921768188,0.523147463798523,0.5230125188827515,0.00013494491577148438
42,20,18,13,Late,0.5218851566314697,0.5220230221748352,-0.00026305572828277946,0.6626938581466675,0.521833598613739,0.5219597220420837,-0.00024069832579698414,-0.00024069832579698414,-0.005128942895680666,0.6627879738807678,False,0.524638295173645,0.524516761302948,0.523147463798523,0.5230125188827515,0.00013494491577148438
42,20,18,14,Late,0.5220230221748352,0.522229015827179,-0.00039411845500580966,0.686673641204834,0.5219597220420837,0.5221549868583679,-0.00037318916292861104,-0.00037318916292861104,-0.004448108375072479,0.6867699027061462,False,0.5244123935699463,0.5242865085601807,0.523147463798523,0.5230125188827515,0.00013494491577148438
42,20,18,15,Late,0.522229015827179,0.5223299264907837,-0.00019259995315223932,0.7357797622680664,0.5221549868583679,0.5222441554069519,-0.00017012488387990743,-0.00017012488387990743,-0.0033154026605188847,0.7358757853507996,False,0.5240185260772705,0.5238889455795288,0.523147463798523,0.5230125188827515,0.00013494491577148438
42,20,18,16,Late,0.5223299264907837,0.5225611329078674,-0.00044157178490422666,0.6581336259841919,0.5222441554069519,0.5224630236625671,-0.00041849480476230383,-0.00041849480476230383,-0.0027217657770961523,0.658280611038208,False,0.5237999558448792,0.5236674547195435,0.523147463798523,0.5230125188827515,0.00013494491577148438
42,20,18,17,Late,0.5225611329078674,0.5227158069610596,-0.00029568016179837286,0.7425520420074463,0.5224630236625671,0.5226058959960938,-0.0002726662205532193,-0.0002726662205532193,-0.0017146083991974592,0.7426660060882568,False,0.5234936475753784,0.5233595371246338,0.523147463798523,0.5230125188827515,0.00013494491577148438
42,20,18,18,Late,0.5227158069610596,0.5229493975639343,-0.00044604268623515964,0.6805419921875,0.5226058959960938,0.5228267908096313,-0.0004221904091536999,-0.0004221904091536999,-0.0011051060864701867,0.6806882619857788,False,0.5233184695243835,0.5231837034225464,0.523147463798523,0.5230125188827515,0.00013494491577148438
42,20,18,19,Late,0.5229493975639343,0.523147463798523,-0.00037746570887975395,0.6801860928535461,0.5228267908096313,0.5230125188827515,-0.0003542113408911973,-0.0003542113408911973,-0.0003542113408911973,0.6802563667297363,False,0.5231468081474304,0.5230119824409485,0.523147463798523,0.5230125188827515,0.00013494491577148438
42,20,19,0,Early,0.27966833114624023,0.2648495137691498,0.05445295572280884,0.4213625192642212,0.27966833114624023,0.26499834656715393,0.053876928985118866,0.05445295572280884,-0.11145821958780289,0.39088770747184753,True,0.3370450735092163,0.31264305114746094,0.35072988271713257,0.2784929573535919,0.07223692536354065
42,20,19,1,Early,0.2648495137691498,0.2517944574356079,0.05054231733083725,0.3882105052471161,0.26499834656715393,0.2551327049732208,0.037962451577186584,0.05257176607847214,-0.13234306871891022,0.3424016237258911,True,0.31087860465049744,0.30249544978141785,0.35072988271713257,0.2784929573535919,0.07223692536354065
42,20,19,2,Early,0.2517944574356079,0.2402423769235611,0.04693087935447693,0.4053018093109131,0.2551327049732208,0.24648186564445496,0.03448673337697983,0.06815634667873383,-0.16386710107326508,0.38231319189071655,True,0.3219713270664215,0.30056092143058777,0.35072988271713257,0.2784929573535919,0.07223692536354065
42,20,19,3,Early,0.2402423769235611,0.2319582998752594,0.03510821983218193,0.4139101803302765,0.24648186564445496,0.24142424762248993,0.020739126950502396,0.06673265993595123,-0.17533926665782928,0.4102106988430023,True,0.3453703820705414,0.2937200963497162,0.35072988271713257,0.2784929573535919,0.07223692536354065
42,20,19,4,Early,0.2319582998752594,0.22650836408138275,0.02377966418862343,0.41266003251075745,0.24142424762248993,0.2311110645532608,0.043638721108436584,0.06885897368192673,-0.18511968851089478,0.4231214225292206,True,0.3465754985809326,0.2905207574367523,0.35072988271713257,0.2784929573535919,0.07223692536354065
42,20,19,5,Early,0.22650836408138275,0.2242177277803421,0.010145042091608047,0.40040674805641174,0.2311110645532608,0.24725556373596191,-0.06750860810279846,0.04027590900659561,-0.21547673642635345,0.49089187383651733,True,0.35760632157325745,0.28668227791786194,0.35072988271713257,0.2784929573535919,0.07223692536354065
42,20,19,6,Middle,0.2242177277803421,0.2255643904209137,-0.005998640786856413,0.37751305103302,0.24725556373596191,0.2427523136138916,0.018404532223939896,0.10482018440961838,-0.14621548354625702,0.42516374588012695,True,0.3567979633808136,0.28618472814559937,0.35072988271713257,0.2784929573535919,0.07223692536354065
42,20,19,7,Middle,0.2255643904209137,0.22887840867042542,-0.014573536813259125,0.40038448572158813,0.2427523136138916,0.23989041149616241,0.011874678544700146,0.09589909017086029,-0.1621387004852295,0.3664860725402832,True,0.36104729771614075,0.2854822278022766,0.35072988271713257,0.2784929573535919,0.07223692536354065
42,20,19,8,Middle,0.22887840867042542,0.2330819070339203,-0.0181922297924757,0.3955304026603699,0.23989041149616241,0.2411971241235733,-0.005421736743301153,0.06801408529281616,-0.17283852398395538,0.3826218843460083,True,0.3633498549461365,0.2851514220237732,0.35072988271713257,0.2784929573535919,0.07223692536354065
42,20,19,9,Middle,0.2330819070339203,0.23757407069206238,-0.019082417711615562,0.40955662727355957,0.2411971241235733,0.2405383586883545,0.00274242484010756,0.07094652205705643,-0.16443385183811188,0.3649275302886963,True,0.3705049455165863,0.2843051254749298,0.35072988271713257,0.2784929573535919,0.07223692536354065
42,20,19,10,Middle,0.23757407069206238,0.24475400149822235,-0.029768778011202812,0.40406832098960876,0.2405383586883545,0.24288693070411682,-0.009729274548590183,0.04601750522851944,-0.1649031937122345,0.38004404306411743,True,0.3690440058708191,0.28366172313690186,0.35072988271713257,0.2784929573535919,0.07223692536354065
42,20,19,11,Middle,0.24475400149822235,0.2516961693763733,-0.027977587655186653,0.4192897081375122,0.24288693070411682,0.2459651529788971,-0.012596980668604374,0.04157738387584686,-0.1519365906715393,0.39105987548828125,True,0.3675839602947235,0.2827412784099579,0.35072988271713257,0.2784929573535919,0.07223692536354065
42,20,19,12,Middle,0.2516961693763733,0.25889191031455994,-0.028186017647385597,0.4143330156803131,0.2459651529788971,0.2477121353149414,-0.007076310459524393,0.029674101620912552,-0.13390155136585236,0.41257837414741516,True,0.36254605650901794,0.28120699524879456,0.35072988271713257,0.2784929573535919,0.07223692536354065
42,20,19,13,Late,0.25889191031455994,0.2671026587486267,-0.03122749924659729,0.4175225794315338,0.2477121353149414,0.25057661533355713,-0.011482269503176212,0.019774973392486572,-0.12521295249462128,0.3818897008895874,True,0.35957249999046326,0.28075432777404785,0.35072988271713257,0.2784929573535919,0.07223692536354065
42,20,19,14,Late,0.2671026587486267,0.2772258222103119,-0.037202056497335434,0.40751564502716064,0.25057661533355713,0.25336307287216187,-0.011038732714951038,0.00583001459017396,-0.11301538348197937,0.3864821195602417,True,0.3589734137058258,0.2805578112602234,0.35072988271713257,0.2784929573535919,0.07223692536354065
42,20,19,15,Late,0.2772258222103119,0.2868714928627014,-0.034196771681308746,0.4296799302101135,0.25336307287216187,0.25704458355903625,-0.014420378021895885,-0.005039424169808626,-0.09969770163297653,0.4273707866668701,True,0.356866717338562,0.27992480993270874,0.35072988271713257,0.2784929573535919,0.07223692536354065
42,20,19,16,Late,0.2868714928627014,0.3003762662410736,-0.04600823298096657,0.43176180124282837,0.25704458355903625,0.26225540041923523,-0.02007775567471981,-0.013117970898747444,-0.08302047848701477,0.42950236797332764,True,0.3549816906452179,0.2792953550815582,0.35072988271713257,0.2784929573535919,0.07223692536354065
42,20,19,17,Late,0.3003762662410736,0.31381818652153015,-0.04377366974949837,0.4287168085575104,0.26225540041923523,0.2664625346660614,-0.015901125967502594,-0.014878729358315468,-0.060722049325704575,0.4264705181121826,True,0.3525075912475586,0.2786734700202942,0.35072988271713257,0.2784929573535919,0.07223692536354065
42,20,19,18,Late,0.31381818652153015,0.3312108516693115,-0.05394008755683899,0.4539347290992737,0.2664625346660614,0.273104727268219,-0.024613888934254646,-0.0222843736410141,-0.044258929789066315,0.42385736107826233,True,0.35124194622039795,0.27852073311805725,0.35072988271713257,0.2784929573535919,0.07223692536354065
42,20,19,19,Late,0.3312108516693115,0.35072988271713257,-0.057255662977695465,0.4250212013721466,0.273104727268219,0.2784929573535919,-0.01953137293457985,-0.01953137293457985,-0.01953137293457985,0.41967880725860596,False,0.35072794556617737,0.2784912586212158,0.35072988271713257,0.2784929573535919,0.07223692536354065
42,20,20,0,Early,0.3275824785232544,0.32624301314353943,0.004098191391676664,0.24791185557842255,0.3275824785232544,0.32624301314353943,0.004098191391676664,0.004098191391676664,0.0020779406186193228,0.24791185557842255,False,0.32690224051475525,0.32690224051475525,0.3142358660697937,0.3138391077518463,0.0003967583179473877
42,20,20,1,Early,0.32624301314353943,0.32504692673683167,0.0036735585890710354,0.266497939825058,0.32624301314353943,0.32505059242248535,0.0036626318469643593,0.0036735585890710354,0.00038684450555592775,0.21108537912368774,True,0.32628440856933594,0.3261166214942932,0.3142358660697937,0.3138391077518463,0.0003967583179473877
42,20,20,2,Early,0.32504692673683167,0.32376497983932495,0.003953826148062944,0.23107153177261353,0.32505059242248535,0.32375553250312805,0.003993246704339981,0.003993246704339981,0.0020319537725299597,0.23096081614494324,False,0.32457730174064636,0.32439059019088745,0.3142358660697937,0.3138391077518463,0.0003967583179473877
42,20,20,3,Early,0.32376497983932495,0.3226543962955475,0.0034390806686133146,0.22051699459552765,0.32375553250312805,0.3226763904094696,0.0033420156687498093,0.0034763833973556757,0.0015498443972319365,0.18335536122322083,True,0.32359054684638977,0.32325392961502075,0.3142358660697937,0.3138391077518463,0.0003967583179473877
42,20,20,4,Early,0.3226543962955475,0.3216915726661682,0.0029916984494775534,0.18001726269721985,0.3226763904094696,0.321738064289093,0.0029142028652131557,0.0030966405756771564,0.0013005506480112672,0.15986201167106628,True,0.3226214647293091,0.32225683331489563,0.3142358660697937,0.3138391077518463,0.0003967583179473877
42,20,20,5,Early,0.3216915726661682,0.32082781195640564,0.00269095366820693,0.16995538771152496,0.321738064289093,0.32088086009025574,0.002669910667464137,0.002814947860315442,0.0009688964346423745,0.1472306251525879,True,0.32193252444267273,0.32142630219459534,0.3142358660697937,0.3138391077518463,0.0003967583179473877
42,20,20,6,Middle,0.32082781195640564,0.3199227750301361,0.0028283821884542704,0.19455792009830475,0.32088086009025574,0.319926917552948,0.0029788643587380648,0.0029788643587380648,0.002431538887321949,0.1945771425962448,False,0.320624977350235,0.32010138034820557,0.3142358660697937,0.3138391077518463,0.0003967583179473877
42,20,20,7,Middle,0.3199227750301361,0.3191338777542114,0.0024712239392101765,0.18290205299854279,0.319926917552948,0.31909120082855225,0.0026183121372014284,0.0026183121372014284,0.0017292131669819355,0.1828572303056717,False,0.31989338994026184,0.3193739652633667,0.3142358660697937,0.3138391077518463,0.0003967583179473877
42,20,20,8,Middle,0.3191338777542114,0.31839799880981445,0.0023113891948014498,0.1595028191804886,0.31909120082855225,0.3183179795742035,0.002428533509373665,0.002428533509373665,0.00274040549993515,0.1594444066286087,False,0.3187415301799774,0.31821781396865845,0.3142358660697937,0.3138391077518463,0.0003967583179473877
42,20,20,9,Middle,0.31839799880981445,0.3176761269569397,0.0022719018161296844,0.17708805203437805,0.3183179795742035,0.3175598084926605,0.002386553445830941,0.002386553445830941,0.0022779633291065693,0.17706681787967682,False,0.31808018684387207,0.317593514919281,0.3142358660697937,0.3138391077518463,0.0003967583179473877
42,20,20,10,Middle,0.3176761269569397,0.31705138087272644,0.001971178688108921,0.21331550180912018,0.3175598084926605,0.3170037865638733,0.001754384022206068,0.002051604213193059,0.0024437042884528637,0.09973543882369995,True,0.31730198860168457,0.3167845904827118,0.3142358660697937,0.3138391077518463,0.0003967583179473877
42,20,20,11,Middle,0.31705138087272644,0.316518634557724,0.0016842851182445884,0.13053706288337708,0.3170037865638733,0.3165057599544525,0.0015750325983390212,0.001801623497158289,0.0019841776229441166,0.1199435442686081,True,0.31686654686927795,0.31637534499168396,0.3142358660697937,0.3138391077518463,0.0003967583179473877
42,20,20,12,Middle,0.316518634557724,0.31605711579322815,0.0014620713191106915,0.2045542597770691,0.3165057599544525,0.31601181626319885,0.001563487690873444,0.0015712123131379485,0.0017945906147360802,0.20461298525333405,True,0.31640297174453735,0.31593814492225647,0.3142358660697937,0.3138391077518463,0.0003967583179473877
42,20,20,13,Late,0.31605711579322815,0.31555476784706116,0.0015925262123346329,0.15054908394813538,0.31601181626319885,0.31549158692359924,0.0016502529615536332,0.0016502529615536332,0.002056848956272006,0.15079613029956818,False,0.31578201055526733,0.3153623938560486,0.3142358660697937,0.3138391077518463,0.0003967583179473877
42,20,20,14,Late,0.31555476784706116,0.31514015793800354,0.0013174202758818865,0.2952937185764313,0.31549158692359924,0.315158486366272,0.0010594150517135859,0.0014855120098218322,0.0012820546980947256,0.14688721299171448,True,0.31554654240608215,0.31508728861808777,0.3142358660697937,0.3138391077518463,0.0003967583179473877
42,20,20,15,Late,0.31514015793800354,0.3148820996284485,0.0008215655689127743,0.19504036009311676,0.315158486366272,0.31491127610206604,0.0007882266654632986,0.0011091817868873477,0.0009391691419295967,0.22184833884239197,True,0.3153553903102875,0.31486260890960693,0.3142358660697937,0.3138391077518463,0.0003967583179473877
42,20,20,16,Late,0.3148820996284485,0.31462034583091736,0.0008337205508723855,0.22667622566223145,0.31491127610206604,0.3145432770252228,0.0011714629363268614,0.0011714629363268614,0.0010657655075192451,0.22700344026088715,False,0.3150475323200226,0.31457582116127014,0.3142358660697937,0.3138391077518463,0.0003967583179473877
42,20,20,17,Late,0.31462034583091736,0.3142479956150055,0.0011877738870680332,0.24540162086486816,0.3145432770252228,0.314144104719162,0.0012724298285320401,0.0012724298285320401,0.0013993805041536689,0.24524235725402832,False,0.314515620470047,0.3141033947467804,0.3142358660697937,0.3138391077518463,0.0003967583179473877
42,20,20,18,Late,0.3142479956150055,0.3141922950744629,0.00017887036665342748,0.2686678171157837,0.314144104719162,0.31391724944114685,0.0007249611080624163,0.0007249611080624163,0.000673178001306951,0.2703940272331238,False,0.3143499791622162,0.3139326572418213,0.3142358660697937,0.3138391077518463,0.0003967583179473877
42,20,20,19,Late,0.3141922950744629,0.3142358660697937,-0.00013593939365819097,0.2300538867712021,0.31391724944114685,0.3138391077518463,0.0002514598600100726,0.0002514598600100726,0.0002514598600100726,0.29669755697250366,False,0.31423500180244446,0.31383830308914185,0.3142358660697937,0.3138391077518463,0.0003967583179473877
42,20,21,0,Early,0.6086476445198059,0.6081517338752747,0.0012279017828404903,0.7049883604049683,0.6086476445198059,0.6081642508506775,0.0012073053512722254,0.0012279017828404903,0.01210756041109562,0.6255260109901428,True,0.6013806462287903,0.6013222932815552,0.5995030403137207,0.5985543131828308,0.0009487271308898926
42,20,21,1,Early,0.6081517338752747,0.6076360940933228,0.0012617165921255946,0.7366366386413574,0.6081642508506775,0.6076619625091553,0.0012396937236189842,0.0012604070361703634,0.011828611604869366,0.6531522870063782,True,0.6011520028114319,0.6010125875473022,0.5995030403137207,0.5985543131828308,0.0009487271308898926
42,20,21,2,Early,0.6076360940933228,0.6070983409881592,0.0012997006997466087,0.6300725340843201,0.6076619625091553,0.6071245670318604,0.0012989864917472005,0.0012989864917472005,0.011572632007300854,0.6299448013305664,False,0.6008048057556152,0.6006699800491333,0.5995030403137207,0.5985543131828308,0.0009487271308898926
42,20,21,3,Early,0.6070983409881592,0.6065354943275452,0.0013426784425973892,0.6791490912437439,0.6071245670318604,0.6066250205039978,0.0012381492415443063,0.0013438690220937133,0.011197235435247421,0.5817508101463318,True,0.6005545854568481,0.6003641486167908,0.5995030403137207,0.5985543131828308,0.0009487271308898926
42,20,21,4,Early,0.6065354943275452,0.6059950590133667,0.0013072016881778836,0.6994593143463135,0.6066250205039978,0.6061229109764099,0.0012438648846000433,0.0013139875372871757,0.010865393094718456,0.5739264488220215,True,0.6003800630569458,0.6000692248344421,0.5995030403137207,0.5985543131828308,0.0009487271308898926
42,20,21,5,Early,0.6059950590133667,0.6054414510726929,0.001330655300989747,0.6987645626068115,0.6061229109764099,0.6056219935417175,0.0012432708172127604,0.0013493456644937396,0.010418704710900784,0.5981423854827881,True,0.6002066135406494,0.5998404026031494,0.5995030403137207,0.5985543131828308,0.0009487271308898926
42,20,21,6,Middle,0.6054414510726929,0.6049107909202576,0.0012939856387674809,0.7346116304397583,0.6056219935417175,0.6051377058029175,0.001217075390741229,0.0013288675108924508,0.010087816044688225,0.5461919903755188,True,0.600114643573761,0.599543035030365,0.5995030403137207,0.5985543131828308,0.0009487271308898926
42,20,21,7,Middle,0.6049107909202576,0.6043896675109863,0.0012797005474567413,0.7067763805389404,0.6051377058029175,0.6047040224075317,0.0011345591628924012,0.0013457740424200892,0.009672957472503185,0.5404044389724731,True,0.5999795794487,0.5993123054504395,0.5995030403137207,0.5985543131828308,0.0009487271308898926
42,20,21,8,Middle,0.6043896675109863,0.603887677192688,0.0012497007846832275,0.6671403050422668,0.6047040224075317,0.6042008996009827,0.0012507730862125754,0.0013530387077480555,0.009311249479651451,0.5910802483558655,True,0.5997796058654785,0.5990993976593018,0.5995030403137207,0.5985543131828308,0.0009487271308898926
42,20,21,9,Middle,0.603887677192688,0.6033993363380432,0.0012285063276067376,0.7206791639328003,0.6042008996009827,0.6037014126777649,0.00124601018615067,0.001360299065709114,0.008848571218550205,0.564233124256134,True,0.5996618270874023,0.598878026008606,0.5995030403137207,0.5985543131828308,0.0009487271308898926
42,20,21,10,Middle,0.6033993363380432,0.6029399633407593,0.0011818300699815154,0.7590723037719727,0.6037014126777649,0.6031641364097595,0.0013100642245262861,0.00134815345518291,0.008291749283671379,0.63370680809021,True,0.5996106863021851,0.5987160801887512,0.5995030403137207,0.5985543131828308,0.0009487271308898926
42,20,21,11,Middle,0.6029399633407593,0.6025093197822571,0.0011352786095812917,0.6968039274215698,0.6031641364097595,0.6026037931442261,0.0013499446213245392,0.0013499446213245392,0.007586633786559105,0.6958722472190857,False,0.5994852185249329,0.5986053347587585,0.5995030403137207,0.5985543131828308,0.0009487271308898926
42,20,21,12,Middle,0.6025093197822571,0.6020748615264893,0.0011426571290940046,0.7477891445159912,0.6026037931442261,0.6020591855049133,0.0013255395460873842,0.001356726512312889,0.006790430750697851,0.7133111357688904,True,0.5994207262992859,0.5985255241394043,0.5995030403137207,0.5985543131828308,0.0009487271308898926
42,20,21,13,Late,0.6020748615264893,0.6016636490821838,0.0011051478795707226,0.7665253281593323,0.6020591855049133,0.6015653014183044,0.0012429171474650502,0.0013314877869561315,0.005983418319374323,0.6683340668678284,True,0.5993795990943909,0.5984675288200378,0.5995030403137207,0.5985543131828308,0.0009487271308898926
42,20,21,14,Late,0.6016636490821838,0.6012682318687439,0.0010797845898196101,0.7755690217018127,0.6015653014183044,0.6010393500328064,0.0012974418932572007,0.0013272024225443602,0.005221475847065449,0.739732027053833,True,0.5993403196334839,0.5984323620796204,0.5995030403137207,0.5985543131828308,0.0009487271308898926
42,20,21,15,Late,0.6012682318687439,0.6008875966072083,0.0010560877854004502,0.7756226062774658,0.6010393500328064,0.6005074381828308,0.0013088691048324108,0.0013088691048324108,0.004407502245157957,0.7751995921134949,False,0.5993053317070007,0.5983960032463074,0.5995030403137207,0.5985543131828308,0.0009487271308898926
42,20,21,16,Late,0.6008875966072083,0.6005351543426514,0.0010102427331730723,0.7439247965812683,0.6005074381828308,0.6000025868415833,0.0012652978766709566,0.0012652978766709566,0.003585461061447859,0.7439188957214355,False,0.5992767810821533,0.598358154296875,0.5995030403137207,0.5985543131828308,0.0009487271308898926
42,20,21,17,Late,0.6005351543426514,0.6001901626586914,0.0009984512580558658,0.768540620803833,0.6000025868415833,0.5995134115219116,0.0012405316811054945,0.0012405316811054945,0.0027713854797184467,0.7688915729522705,False,0.5992689728736877,0.5983420014381409,0.5995030403137207,0.5985543131828308,0.0009487271308898926
42,20,21,18,Late,0.6001901626586914,0.5998353958129883,0.001015717745758593,0.7900243401527405,0.5995134115219116,0.5990201234817505,0.0012489837827160954,0.0012489837827160954,0.0020033924374729395,0.7901753783226013,False,0.5992503762245178,0.5983135104179382,0.5995030403137207,0.5985543131828308,0.0009487271308898926
42,20,21,19,Late,0.5998353958129883,0.5995030403137207,0.0009790384210646152,0.7814509868621826,0.5990201234817505,0.5985543131828308,0.0012040975270792842,0.0012040975270792842,0.0012040975270792842,0.7815641760826111,False,0.5992484092712402,0.5982992649078369,0.5995030403137207,0.5985543131828308,0.0009487271308898926
42,20,22,0,Early,0.3418445885181427,0.34080564975738525,0.0030444548465311527,0.25071486830711365,0.3418445885181427,0.34080564975738525,0.0030444548465311527,0.0030444548465311527,-0.005643853917717934,0.25071486830711365,False,0.3437791168689728,0.3437791168689728,0.33590802550315857,0.3322582542896271,0.003649771213531494
42,20,22,1,Early,0.34080564975738525,0.3397252857685089,0.0031760181300342083,0.21354235708713531,0.34080564975738525,0.3397252857685089,0.0031760181300342083,0.0031760181300342083,-0.004754210822284222,0.21354235708713531,False,0.342429518699646,0.342429518699646,0.33590802550315857,0.3322582542896271,0.003649771213531494
42,20,22,2,Early,0.3397252857685089,0.33877086639404297,0.00281589780934155,0.1907345950603485,0.3397252857685089,0.33877086639404297,0.00281589780934155,0.00281589780934155,-0.003966114018112421,0.1907345950603485,False,0.34107521176338196,0.34107521176338196,0.33590802550315857,0.3322582542896271,0.003649771213531494
42,20,22,3,Early,0.33877086639404297,0.33777526021003723,0.0029448694549500942,0.20493464171886444,0.33877086639404297,0.33777526021003723,0.0029448694549500942,0.0029448694549500942,-0.00224145594984293,0.20493464171886444,False,0.3395308554172516,0.3395308554172516,0.33590802550315857,0.3322582542896271,0.003649771213531494
42,20,22,4,Early,0.33777526021003723,0.33691874146461487,0.0025405490305274725,0.2007458508014679,0.33777526021003723,0.3370136320590973,0.0022585801780223846,0.0025405490305274725,-0.0030509624630212784,0.16459867358207703,True,0.3388463258743286,0.3388071656227112,0.33590802550315857,0.3322582542896271,0.003649771213531494
42,20,22,5,Early,0.33691874146461487,0.3361540138721466,0.0022735425736755133,0.31342631578445435,0.3370136320590973,0.3363087773323059,0.002095619449391961,0.0023013739846646786,-0.0032730046659708023,0.2005918323993683,True,0.3390747606754303,0.3381182849407196,0.33590802550315857,0.3322582542896271,0.003649771213531494
42,20,22,6,Middle,0.3361540138721466,0.33559009432792664,0.0016808208310976624,0.2627910375595093,0.3363087773323059,0.3356705904006958,0.0019007464870810509,0.0020920312963426113,-0.0029013589955866337,0.1525314897298813,True,0.33912554383277893,0.3372857868671417,0.33590802550315857,0.3322582542896271,0.003649771213531494
42,20,22,7,Middle,0.33559009432792664,0.3352165222167969,0.0011158641427755356,0.1353735476732254,0.3356705904006958,0.3350905179977417,0.0017321339109912515,0.001739377505145967,-0.002009331015869975,0.13484373688697815,True,0.3383485972881317,0.3363456428050995,0.33590802550315857,0.3322582542896271,0.003649771213531494
42,20,22,8,Middle,0.3352165222167969,0.3348909616470337,0.0009737961809150875,0.13578881323337555,0.3350905179977417,0.334591805934906,0.0014902899274602532,0.001646804972551763,-0.00163568917196244,0.17984125018119812,True,0.3378499448299408,0.3356389105319977,0.33590802550315857,0.3322582542896271,0.003649771213531494
42,20,22,9,Middle,0.3348909616470337,0.334591805934906,0.0008952863863669336,0.2484636753797531,0.334591805934906,0.3341425657272339,0.001344704651273787,0.0016876003937795758,-0.0012619402259588242,0.13424207270145416,True,0.3378215730190277,0.33501413464546204,0.33590802550315857,0.3322582542896271,0.003649771213531494
42,20,22,10,Middle,0.334591805934906,0.3344310224056244,0.00048239354509860277,0.2609110176563263,0.3341425657272339,0.33378323912620544,0.001078117755241692,0.001576441340148449,-0.0008113243384286761,0.1325911432504654,True,0.3377203047275543,0.33441364765167236,0.33590802550315857,0.3322582542896271,0.003649771213531494
42,20,22,11,Middle,0.3344310224056244,0.3344022333621979,8.865847485139966e-05,0.12803584337234497,0.33378323912620544,0.3334465026855469,0.0010114297037944198,0.0013943312224000692,3.367039607837796e-05,0.12798260152339935,True,0.3372960090637207,0.33377185463905334,0.33590802550315857,0.3322582542896271,0.003649771213531494
42,20,22,12,Middle,0.3344022333621979,0.3344428241252899,-0.00011852814350277185,0.1705920696258545,0.3334465026855469,0.33311113715171814,0.0010084535460919142,0.0011844359105452895,0.0003668462741188705,0.17191168665885925,True,0.33695417642593384,0.333324134349823,0.33590802550315857,0.3322582542896271,0.003649771213531494
42,20,22,13,Late,0.3344428241252899,0.3344924747943878,-0.00014626284246332943,0.24303841590881348,0.33311113715171814,0.3329317569732666,0.0005416327039711177,0.0012786125298589468,0.00020641239825636148,0.17791332304477692,True,0.3367760479450226,0.3330422639846802,0.33590802550315857,0.3322582542896271,0.003649771213531494
42,20,22,14,Late,0.3344924747943878,0.33459317684173584,-0.0002995571121573448,0.333701491355896,0.3329317569732666,0.3326616585254669,0.0008138397242873907,0.0012838318943977356,0.0001739175640977919,0.14348387718200684,True,0.33660146594047546,0.33287376165390015,0.33590802550315857,0.3322582542896271,0.003649771213531494
42,20,22,15,Late,0.33459317684173584,0.33474329113960266,-0.0004464671073947102,0.2647610604763031,0.3326616585254669,0.33232274651527405,0.0010216454975306988,0.0010216454975306988,-0.00016296608373522758,0.26634037494659424,False,0.3363977074623108,0.332715779542923,0.33590802550315857,0.3322582542896271,0.003649771213531494
42,20,22,16,Late,0.33474329113960266,0.33493736386299133,-0.0005772277945652604,0.204555481672287,0.33232274651527405,0.3321412205696106,0.0005474296631291509,0.0005474296631291509,-0.0007994556799530983,0.33934077620506287,False,0.3363152742385864,0.3325884938240051,0.33590802550315857,0.3322582542896271,0.003649771213531494
42,20,22,17,Late,0.33493736386299133,0.3352632522583008,-0.0009703949326649308,0.28251948952674866,0.3321412205696106,0.3321160078048706,7.780328451190144e-05,7.780328451190144e-05,-0.0010054175509139895,0.2855091392993927,False,0.3361803889274597,0.3324752748012543,0.33590802550315857,0.3322582542896271,0.003649771213531494
42,20,22,18,Late,0.3352632522583008,0.3355938792228699,-0.0009838700061663985,0.2885614335536957,0.3321160078048706,0.3321300745010376,-4.123691178392619e-05,-4.123691178392619e-05,-0.0006489509250968695,0.35938015580177307,False,0.33606648445129395,0.3323315680027008,0.33590802550315857,0.3322582542896271,0.003649771213531494
42,20,22,19,Late,0.3355938792228699,0.33590802550315857,-0.0009329172899015248,0.2807419002056122,0.3321300745010376,0.3322582542896271,-0.0003846620093099773,-0.0003846620093099773,-0.0003846620093099773,0.4864502251148224,False,0.33590710163116455,0.33225783705711365,0.33590802550315857,0.3322582542896271,0.003649771213531494
42,20,23,0,Early,0.41137197613716125,0.4106568992137909,0.0017405686667189002,0.3546938896179199,0.41137197613716125,0.4106568992137909,0.0017405686667189002,0.0017405686667189002,-0.011157482862472534,0.3546938896179199,False,0.4159872531890869,0.4159872531890869,0.4129730463027954,0.4103729724884033,0.00260007381439209
42,20,23,1,Early,0.4106568992137909,0.4100973606109619,0.0013644504360854626,0.3740454316139221,0.4106568992137909,0.4102118909358978,0.0010848970850929618,0.0013644504360854626,-0.011555099859833717,0.2845188081264496,True,0.415838360786438,0.41542932391166687,0.4129730463027954,0.4103729724884033,0.00260007381439209
42,20,23,2,Early,0.4100973606109619,0.4095945358276367,0.0012283743126317859,0.3903219997882843,0.4102118909358978,0.40980634093284607,0.0009899878641590476,0.0013231438351795077,-0.011405694298446178,0.29531797766685486,True,0.41565370559692383,0.4149171710014343,0.4129730463027954,0.4103729724884033,0.00260007381439209
42,20,23,3,Early,0.4095945358276367,0.40917304158210754,0.001030333456583321,0.4533486068248749,0.40980634093284607,0.4093686640262604,0.0010703757870942354,0.0011900159297510982,-0.01024395227432251,0.23752354085445404,True,0.4157406985759735,0.4140256643295288,0.4129730463027954,0.4103729724884033,0.00260007381439209
42,20,23,4,Early,0.40917304158210754,0.40893813967704773,0.0005755621241405606,0.42597824335098267,0.4093686640262604,0.4091442823410034,0.00054972741054371,0.0009617468458600342,-0.010716579854488373,0.30075332522392273,True,0.4157879650592804,0.41377902030944824,0.4129730463027954,0.4103729724884033,0.00260007381439209
42,20,23,5,Early,0.40893813967704773,0.40870875120162964,0.000561727094464004,0.4890275001525879,0.4091442823410034,0.4090186655521393,0.00030772280297242105,0.0010248450562357903,-0.010180003941059113,0.31022509932518005,True,0.41581130027770996,0.4133303463459015,0.4129730463027954,0.4103729724884033,0.00260007381439209
42,20,23,6,Middle,0.40870875120162964,0.4086931347846985,3.953939813072793e-05,0.35506513714790344,0.4090186655521393,0.4088813364505768,0.0003372788487467915,0.0007688063778914511,-0.009407546371221542,0.22435562312602997,True,0.4157233238220215,0.4128844738006592,0.4129730463027954,0.4103729724884033,0.00260007381439209
42,20,23,7,Middle,0.4086931347846985,0.408596009016037,0.00023890467127785087,0.5477246642112732,0.4088813364505768,0.4087163805961609,0.0004050798888783902,0.0009419431444257498,-0.009325469844043255,0.2880752682685852,True,0.41560590267181396,0.4127119779586792,0.4129730463027954,0.4103729724884033,0.00260007381439209
42,20,23,8,Middle,0.408596009016037,0.40870216488838196,-0.0002590867516119033,0.46032604575157166,0.4087163805961609,0.40873047709465027,-3.2749278034316376e-05,0.0005725640803575516,-0.00904565304517746,0.23793146014213562,True,0.41548967361450195,0.412430077791214,0.4129730463027954,0.4103729724884033,0.00260007381439209
42,20,23,9,Middle,0.40870216488838196,0.4089418053627014,-0.0005850609159097075,0.3807586431503296,0.40873047709465027,0.4087323248386383,-2.949410600194824e-06,0.0004380667523946613,-0.008719160221517086,0.3057820498943329,True,0.4153442680835724,0.4123096466064453,0.4129730463027954,0.4103729724884033,0.00260007381439209
42,20,23,10,Middle,0.4089418053627014,0.40920981764793396,-0.0006532255792990327,0.3826693296432495,0.4087323248386383,0.4088096022605896,-0.00018827638996299356,0.0003392864018678665,-0.008398067206144333,0.2794179916381836,True,0.4151352643966675,0.412179172039032,0.4129730463027954,0.4103729724884033,0.00260007381439209
42,20,23,11,Middle,0.40920981764793396,0.4095456302165985,-0.0008194841793738306,0.43694207072257996,0.4088096022605896,0.40891751646995544,-0.0002624437620397657,0.00018051970982924104,-0.008001861162483692,0.33714115619659424,True,0.41493093967437744,0.41209378838539124,0.4129730463027954,0.4103729724884033,0.00260007381439209
42,20,23,12,Middle,0.4095456302165985,0.4099253714084625,-0.0009262228850275278,0.5115060210227966,0.40891751646995544,0.40891119837760925,1.627165693207644e-05,7.716289110248908e-05,-0.007447048090398312,0.43177878856658936,True,0.4147058427333832,0.4119739830493927,0.4129730463027954,0.4103729724884033,0.00260007381439209
42,20,23,13,Late,0.4099253714084625,0.41033703088760376,-0.001002754201181233,0.45900991559028625,0.40891119837760925,0.4089522361755371,-9.925372432917356e-05,-9.925372432917356e-05,-0.0070405504666268826,0.46746766567230225,False,0.4144258201122284,0.41180017590522766,0.4129730463027954,0.4103729724884033,0.00260007381439209
42,20,23,14,Late,0.41033703088760376,0.4107752740383148,-0.0010661034611985087,0.4265861213207245,0.4089522361755371,0.4091058075428009,-0.0003738387022167444,-0.0003738387022167444,-0.006451638415455818,0.4341873824596405,False,0.41416120529174805,0.4115990698337555,0.4129730463027954,0.4103729724884033,0.00260007381439209
42,20,23,15,Late,0.4107752740383148,0.4112217128276825,-0.001084237708710134,0.4134911596775055,0.4091058075428009,0.4093248248100281,-0.0005333476583473384,-0.0005333476583473384,-0.005581846926361322,0.41954514384269714,False,0.4139111638069153,0.41139569878578186,0.4129730463027954,0.4103729724884033,0.00260007381439209
42,20,23,16,Late,0.4112217128276825,0.4116798937320709,-0.0011127664474770427,0.4768596291542053,0.4093248248100281,0.40955406427383423,-0.0005587614141404629,-0.0005587614141404629,-0.004449309781193733,0.48214468359947205,False,0.41364747285842896,0.4111500382423401,0.4129730463027954,0.4103729724884033,0.00260007381439209
42,20,23,17,Late,0.4116798937320709,0.41217073798179626,-0.001190031529404223,0.43882423639297485,0.40955406427383423,0.40986451506614685,-0.0007569064619019628,-0.0007569064619019628,-0.0034177210181951523,0.49449455738067627,False,0.41348007321357727,0.41095614433288574,0.4129730463027954,0.4103729724884033,0.00260007381439209
42,20,23,18,Late,0.41217073798179626,0.4125819206237793,-0.0009964185301214457,0.5277926325798035,0.40986451506614685,0.41009533405303955,-0.0005621638265438378,-0.0005621638265438378,-0.0018850488122552633,0.5317301750183105,False,0.41319888830184937,0.41063782572746277,0.4129730463027954,0.4103729724884033,0.00260007381439209
42,20,23,19,Late,0.4125819206237793,0.4129730463027954,-0.0009455160470679402,0.4838409125804901,0.41009533405303955,0.4103729724884033,-0.0006755311042070389,-0.0006755311042070389,-0.0006755311042070389,0.4860786199569702,False,0.41297218203544617,0.41037243604660034,0.4129730463027954,0.4103729724884033,0.00260007381439209
123,20,0,0,Early,0.2460298389196396,0.24307504296302795,0.012082082219421864,0.1538204550743103,0.2460298389196396,0.24414053559303284,0.007708634715527296,0.012082082219421864,0.1381615251302719,0.1516740769147873,True,0.21569566428661346,0.21428139507770538,0.20146694779396057,0.20363464951515198,-0.0021677017211914062
123,20,0,1,Early,0.24307504296302795,0.24020513892173767,0.0118764229118824,0.11064057797193527,0.24414053559303284,0.24143441021442413,0.01114567555487156,0.012085497379302979,0.1362273246049881,0.12341464310884476,True,0.21497829258441925,0.213047593832016,0.20146694779396057,0.20363464951515198,-0.0021677017211914062
123,20,0,2,Early,0.24020513892173767,0.23741266131401062,0.011693339794874191,0.15960544347763062,0.24143441021442413,0.2394278198480606,0.008345806039869785,0.01203756034374237,0.1324363648891449,0.15962988138198853,True,0.21443650126457214,0.21148638427257538,0.20146694779396057,0.20363464951515198,-0.0021677017211914062
123,20,0,3,Early,0.23741266131401062,0.23465824127197266,0.011669778265058994,0.13724921643733978,0.2394278198480606,0.2370966225862503,0.009784205816686153,0.012113059870898724,0.12978437542915344,0.16696405410766602,True,0.2136770337820053,0.21028564870357513,0.20146694779396057,0.20363464951515198,-0.0021677017211914062
123,20,0,4,Early,0.23465824127197266,0.2319938838481903,0.011418662033975124,0.13825200498104095,0.2370966225862503,0.23536349833011627,0.007336297072470188,0.01199562568217516,0.1260412335395813,0.1688331514596939,True,0.21278682351112366,0.20901909470558167,0.20146694779396057,0.20363464951515198,-0.0021677017211914062
123,20,0,5,Early,0.2319938838481903,0.2293790727853775,0.011334976181387901,0.1604769378900528,0.23536349833011627,0.2333981990814209,0.008383755572140217,0.012173120863735676,0.12341132760047913,0.17518897354602814,True,0.212088942527771,0.2080375999212265,0.20146694779396057,0.20363464951515198,-0.0021677017211914062
123,20,0,6,Middle,0.2293790727853775,0.22684425115585327,0.011112307198345661,0.16341057419776917,0.2333981990814209,0.23159293830394745,0.007763765752315521,0.011941798031330109,0.11888408660888672,0.16700561344623566,True,0.21123063564300537,0.20723658800125122,0.20146694779396057,0.20363464951515198,-0.0021677017211914062
123,20,0,7,Middle,0.22684425115585327,0.22445586323738098,0.01058436743915081,0.15596741437911987,0.23159293830394745,0.2294989824295044,0.009082277305424213,0.012000693008303642,0.11411982774734497,0.20182862877845764,True,0.21045254170894623,0.20661573112010956,0.20146694779396057,0.20363464951515198,-0.0021677017211914062
123,20,0,8,Middle,0.22445586323738098,0.22210505604743958,0.010527628473937511,0.17743265628814697,0.2294989824295044,0.2271513193845749,0.010282127186655998,0.011852151714265347,0.10748264938592911,0.16645678877830505,True,0.2096593976020813,0.2061110883951187,0.20146694779396057,0.20363464951515198,-0.0021677017211914062
123,20,0,9,Middle,0.22210505604743958,0.219821035861969,0.010336518287658691,0.21563968062400818,0.2271513193845749,0.22477054595947266,0.010536126792430878,0.011740820482373238,0.09934443235397339,0.21744471788406372,True,0.2085818201303482,0.20566967129707336,0.20146694779396057,0.20363464951515198,-0.0021677017211914062
123,20,0,10,Middle,0.219821035861969,0.2176208645105362,0.010058864019811153,0.20479878783226013,0.22477054595947266,0.2223658710718155,0.010755978524684906,0.011549463495612144,0.09054133296012878,0.20596888661384583,True,0.2076941579580307,0.20531350374221802,0.20146694779396057,0.20363464951515198,-0.0021677017211914062
123,20,0,11,Middle,0.2176208645105362,0.2155214101076126,0.00969318300485611,0.20007732510566711,0.2223658710718155,0.220022514462471,0.010593924671411514,0.011305154301226139,0.08122194558382034,0.20115222036838531,True,0.2068966031074524,0.2050188034772873,0.20146694779396057,0.20363464951515198,-0.0021677017211914062
123,20,0,12,Middle,0.2155214101076126,0.21348054707050323,0.009514546021819115,0.2527788579463959,0.220022514462471,0.21775957942008972,0.010337932966649532,0.011052526533603668,0.0718638002872467,0.22788944840431213,True,0.20591744780540466,0.20476555824279785,0.20146694779396057,0.20363464951515198,-0.0021677017211914062
123,20,0,13,Late,0.21348054707050323,0.2115502953529358,0.009082634001970291,0.22762750089168549,0.21775957942008972,0.2154393345117569,0.010711748152971268,0.010785328224301338,0.06265421956777573,0.22597458958625793,True,0.20504119992256165,0.20453454554080963,0.20146694779396057,0.20363464951515198,-0.0021677017211914062
123,20,0,14,Late,0.2115502953529358,0.2096630483865738,0.008961065672338009,0.28837430477142334,0.2154393345117569,0.21323345601558685,0.01029179710894823,0.010463097132742405,0.05294235423207283,0.29140505194664,True,0.2043442577123642,0.20433005690574646,0.20146694779396057,0.20363464951515198,-0.0021677017211914062
123,20,0,15,Late,0.2096630483865738,0.2078622281551361,0.008626065216958523,0.27387234568595886,0.21323345601558685,0.2111840397119522,0.009657409973442554,0.010106056928634644,0.043540604412555695,0.27484557032585144,True,0.20371194183826447,0.2041483223438263,0.20146694779396057,0.20363464951515198,-0.0021677017211914062
123,20,0,16,Late,0.2078622281551361,0.2061600387096405,0.008222621865570545,0.29234302043914795,0.2111840397119522,0.20913532376289368,0.009748546406626701,0.009754088707268238,0.0347125306725502,0.2804431617259979,True,0.20301751792430878,0.203979030251503,0.20146694779396057,0.20363464951515198,-0.0021677017211914062
123,20,0,17,Late,0.2061600387096405,0.20451822876930237,0.00799523200839758,0.33835187554359436,0.20913532376289368,0.20719754695892334,0.009308821521699429,0.00932688545435667,0.025634128600358963,0.29757818579673767,True,0.20243880152702332,0.2038424015045166,0.20146694779396057,0.20363464951515198,-0.0021677017211914062
123,20,0,18,Late,0.20451822876930237,0.20294877886772156,0.007702612318098545,0.3008171319961548,0.20719754695892334,0.2053510844707489,0.008951015770435333,0.008951015770435333,0.01691240258514881,0.3099769949913025,False,0.20192989706993103,0.2037227749824524,0.20146694779396057,0.20363464951515198,-0.0021677017211914062
123,20,0,19,Late,0.20294877886772156,0.20146694779396057,0.007328852079808712,0.2912561595439911,0.2053510844707489,0.20363464951515198,0.008393445052206516,0.008393445052206516,0.008393445052206516,0.32797467708587646,False,0.20146682858467102,0.20363469421863556,0.20146694779396057,0.20363464951515198,-0.0021677017211914062
123,20,1,0,Early,0.4056020975112915,0.40222615003585815,0.008357939310371876,0.2640121579170227,0.4056020975112915,0.40222615003585815,0.008357939310371876,0.008357939310371876,0.1772957295179367,0.2640121579170227,False,0.33970415592193604,0.33970415592193604,0.33922889828681946,0.3392103314399719,1.856684684753418e-05
123,20,1,1,Early,0.40222615003585815,0.398843377828598,0.008445649407804012,0.26159003376960754,0.40222615003585815,0.3988477289676666,0.0084346579387784,0.008445649407804012,0.16897103190422058,0.2816775143146515,True,0.3396974503993988,0.3396928608417511,0.33922889828681946,0.3392103314399719,1.856684684753418e-05
123,20,1,2,Early,0.398843377828598,0.3954457938671112,0.008554982021450996,0.30266258120536804,0.3988477289676666,0.39546874165534973,0.008507826365530491,0.00855628214776516,0.16058166325092316,0.2599167227745056,True,0.33968573808670044,0.33967745304107666,0.33922889828681946,0.3392103314399719,1.856684684753418e-05
123,20,1,3,Early,0.3954457938671112,0.39204615354537964,0.008633935824036598,0.27207210659980774,0.39546874165534973,0.39206793904304504,0.008636299520730972,0.008636299520730972,0.15216389298439026,0.2720235586166382,False,0.3396551311016083,0.3396468460559845,0.33922889828681946,0.3392103314399719,1.856684684753418e-05
123,20,1,4,Early,0.39204615354537964,0.3886779844760895,0.008628263138234615,0.26511603593826294,0.39206793904304504,0.38870617747306824,0.008611365221440792,0.008631808683276176,0.14354389905929565,0.2595345675945282,True,0.33965811133384705,0.3396412432193756,0.33922889828681946,0.3392103314399719,1.856684684753418e-05
123,20,1,5,Early,0.3886779844760895,0.38526496291160583,0.008819818496704102,0.3166874349117279,0.38870617747306824,0.38529035449028015,0.008826317265629768,0.008826317265629768,0.13506297767162323,0.31662794947624207,False,0.3396150469779968,0.3395969569683075,0.33922889828681946,0.3392103314399719,1.856684684753418e-05
123,20,1,6,Middle,0.38526496291160583,0.38190123438835144,0.00876913033425808,0.2759498953819275,0.38529035449028015,0.3819258213043213,0.008770785294473171,0.008774211630225182,0.12628701329231262,0.2737811207771301,True,0.3396040201187134,0.33957988023757935,0.33922889828681946,0.3392103314399719,1.856684684753418e-05
123,20,1,7,Middle,0.38190123438835144,0.37853729724884033,0.008847354911267757,0.2989613711833954,0.3819258213043213,0.3785596191883087,0.008852671831846237,0.008852671831846237,0.11758806556463242,0.29890891909599304,False,0.3395792245864868,0.3395555317401886,0.33922889828681946,0.3392103314399719,1.856684684753418e-05
123,20,1,8,Middle,0.37853729724884033,0.3751727044582367,0.008927818387746811,0.30268964171409607,0.3785596191883087,0.3752019703388214,0.00890891533344984,0.008932898752391338,0.10885340720415115,0.308541476726532,True,0.3395429849624634,0.3395152986049652,0.33922889828681946,0.3392103314399719,1.856684684753418e-05
123,20,1,9,Middle,0.3751727044582367,0.3718163073062897,0.008986182510852814,0.3237825632095337,0.3752019703388214,0.3718428313732147,0.008992916904389858,0.008992916904389858,0.10006558895111084,0.32372424006462097,False,0.33950015902519226,0.3394741714000702,0.33922889828681946,0.3392103314399719,1.856684684753418e-05
123,20,1,10,Middle,0.3718163073062897,0.3684777021408081,0.009019496850669384,0.32413995265960693,0.3718428313732147,0.3685004711151123,0.009029066190123558,0.009029066190123558,0.09116162359714508,0.3240934908390045,False,0.3394695222377777,0.3394439220428467,0.33922889828681946,0.3392103314399719,1.856684684753418e-05
123,20,1,11,Middle,0.3684777021408081,0.3651653230190277,0.009029893204569817,0.32686036825180054,0.3685004711151123,0.36518362164497375,0.009041707031428814,0.009041707031428814,0.0821843147277832,0.32682642340660095,False,0.3394520580768585,0.3394263684749603,0.33922889828681946,0.3392103314399719,1.856684684753418e-05
123,20,1,12,Middle,0.3651653230190277,0.36186063289642334,0.009090850129723549,0.3353244960308075,0.36518362164497375,0.3618743419647217,0.009103136137127876,0.009103136137127876,0.07321702688932419,0.3352871239185333,False,0.3394264578819275,0.33940115571022034,0.33922889828681946,0.3392103314399719,1.856684684753418e-05
123,20,1,13,Late,0.36186063289642334,0.35858628153800964,0.009089432656764984,0.35628190636634827,0.3618743419647217,0.35859811305999756,0.00909451488405466,0.009104553610086441,0.06415145099163055,0.3266940712928772,True,0.3394167721271515,0.339388370513916,0.33922889828681946,0.3392103314399719,1.856684684753418e-05
123,20,1,14,Late,0.35858628153800964,0.35531386733055115,0.009167513810098171,0.37063851952552795,0.35859811305999756,0.3553191125392914,0.009185821749269962,0.009185821749269962,0.055135373026132584,0.37061169743537903,False,0.3393903970718384,0.33936166763305664,0.33922889828681946,0.3392103314399719,1.856684684753418e-05
123,20,1,15,Late,0.35531386733055115,0.3520488440990448,0.009231653064489365,0.3797692656517029,0.3553191125392914,0.3520493507385254,0.009244881570339203,0.009244881570339203,0.046071331948041916,0.3797377347946167,False,0.33934757113456726,0.3393203020095825,0.33922889828681946,0.3392103314399719,1.856684684753418e-05
123,20,1,16,Late,0.3520488440990448,0.34882035851478577,0.009212519973516464,0.3540474772453308,0.3520493507385254,0.3488175868988037,0.009222087450325489,0.009222087450325489,0.036894604563713074,0.35403627157211304,False,0.3393210470676422,0.33929717540740967,0.33922889828681946,0.3392103314399719,1.856684684753418e-05
123,20,1,17,Late,0.34882035851478577,0.3456040024757385,0.00926330778747797,0.3872227370738983,0.3488175868988037,0.3455957770347595,0.009278898127377033,0.009278898127377033,0.02775696851313114,0.3871883451938629,False,0.33929091691970825,0.3392685055732727,0.33922889828681946,0.3392103314399719,1.856684684753418e-05
123,20,1,18,Late,0.3456040024757385,0.34239670634269714,0.0093234246596694,0.40786412358283997,0.3455957770347595,0.3423835337162018,0.009337950497865677,0.009337950497865677,0.01859251782298088,0.40783292055130005,False,0.3392498791217804,0.339229553937912,0.33922889828681946,0.3392103314399719,1.856684684753418e-05
123,20,1,19,Late,0.34239670634269714,0.33922889828681946,0.009295079857110977,0.4231128692626953,0.3423835337162018,0.3392103314399719,0.009311024099588394,0.009311024099588394,0.009311024099588394,0.4230802655220032,False,0.3392288386821747,0.3392103612422943,0.33922889828681946,0.3392103314399719,1.856684684753418e-05
123,20,2,0,Early,0.3408999443054199,0.3376804292201996,0.009489129297435284,0.2126259058713913,0.3408999443054199,0.33770325779914856,0.009421349503099918,0.009489129297435284,0.19165682792663574,0.16732391715049744,True,0.28149673342704773,0.28144320845603943,0.2791224718093872,0.27923864126205444,-0.00011616945266723633
123,20,2,1,Early,0.3376804292201996,0.3344494700431824,0.00961405411362648,0.1633554846048355,0.33770325779914856,0.3345167934894562,0.009480038657784462,0.009616769850254059,0.18271662294864655,0.16883371770381927,True,0.2813788950443268,0.2813078463077545,0.2791224718093872,0.27923864126205444,-0.00011616945266723633
123,20,2,2,Early,0.3344494700431824,0.33123061060905457,0.009670843370258808,0.18205749988555908,0.3345167934894562,0.3313124477863312,0.009625153616070747,0.00967804528772831,0.1737496256828308,0.18344277143478394,True,0.28128448128700256,0.2811634838581085,0.2791224718093872,0.27923864126205444,-0.00011616945266723633
123,20,2,3,Early,0.33123061060905457,0.32800668478012085,0.009780753403902054,0.201205313205719,0.3313124477863312,0.328191876411438,0.009463151916861534,0.00978937093168497,0.16457593441009521,0.2094021886587143,True,0.2811633050441742,0.28103652596473694,0.2791224718093872,0.27923864126205444,-0.00011616945266723633
123,20,2,4,Early,0.32800668478012085,0.3247952163219452,0.009839067235589027,0.1885662078857422,0.328191876411438,0.32498422265052795,0.009821360930800438,0.009850990027189255,0.15555135905742645,0.18576155602931976,True,0.2810370624065399,0.2809132933616638,0.2791224718093872,0.27923864126205444,-0.00011616945266723633
123,20,2,5,Early,0.3247952163219452,0.32159632444381714,0.009897378273308277,0.20844553411006927,0.32498422265052795,0.3218194842338562,0.009785830043256283,0.009923581033945084,0.14619161188602448,0.1920783668756485,True,0.28094086050987244,0.2807835042476654,0.2791224718093872,0.27923864126205444,-0.00011616945266723633
123,20,2,6,Middle,0.32159632444381714,0.318417489528656,0.009933496825397015,0.2214401364326477,0.3218194842338562,0.31863778829574585,0.009935621172189713,0.00996654387563467,0.13681942224502563,0.2025255411863327,True,0.28083789348602295,0.2806674838066101,0.2791224718093872,0.27923864126205444,-0.00011616945266723633
123,20,2,7,Middle,0.318417489528656,0.3152526617050171,0.009988616220653057,0.21805372834205627,0.31863778829574585,0.3154957890510559,0.009909301064908504,0.010016823187470436,0.1272679567337036,0.19040563702583313,True,0.2807152271270752,0.28055956959724426,0.2791224718093872,0.27923864126205444,-0.00011616945266723633
123,20,2,8,Middle,0.3152526617050171,0.3121029734611511,0.010041017085313797,0.2286524474620819,0.3154957890510559,0.3123526871204376,0.010012221522629261,0.010069695301353931,0.11778880655765533,0.2314155548810959,True,0.2805830240249634,0.2804388403892517,0.2791224718093872,0.27923864126205444,-0.00011616945266723633
123,20,2,9,Middle,0.3121029734611511,0.3089776337146759,0.010063912719488144,0.2597346007823944,0.3123526871204376,0.3092297613620758,0.01004821714013815,0.010103918612003326,0.10819007456302643,0.22642740607261658,True,0.28046146035194397,0.2803228795528412,0.2791224718093872,0.27923864126205444,-0.00011616945266723633
123,20,2,10,Middle,0.3089776337146759,0.3058539032936096,0.010161270387470722,0.2544559836387634,0.3092297613620758,0.306092768907547,0.010195963084697723,0.010195963084697723,0.0986066684126854,0.25468629598617554,False,0.28030842542648315,0.2801925837993622,0.2791224718093872,0.27923864126205444,-0.00011616945266723633
123,20,2,11,Middle,0.3058539032936096,0.3027689456939697,0.010137551464140415,0.2878148555755615,0.306092768907547,0.3030003011226654,0.010154308751225471,0.010155605152249336,0.0888512134552002,0.2880467474460602,True,0.2801553010940552,0.28006917238235474,0.2791224718093872,0.27923864126205444,-0.00011616945266723633
123,20,2,12,Middle,0.3027689456939697,0.29970481991767883,0.010171537287533283,0.2759297788143158,0.3030003011226654,0.29991933703422546,0.010219916701316833,0.010219916701316833,0.07910691201686859,0.27615925669670105,False,0.2800203859806061,0.2799542546272278,0.2791224718093872,0.27923864126205444,-0.00011616945266723633
123,20,2,13,Late,0.29970481991767883,0.29666489362716675,0.010194666683673859,0.2913292646408081,0.29991933703422546,0.29687461256980896,0.010203516110777855,0.010230416432023048,0.069342702627182,0.2916008532047272,True,0.27985879778862,0.27982667088508606,0.2791224718093872,0.27923864126205444,-0.00011616945266723633
123,20,2,14,Late,0.29666489362716675,0.2936665415763855,0.010157966986298561,0.28878873586654663,0.29687461256980896,0.2938583493232727,0.010211775079369545,0.010211775079369545,0.059499628841876984,0.28900450468063354,False,0.27973732352256775,0.2797258198261261,0.2791224718093872,0.27923864126205444,-0.00011616945266723633
123,20,2,15,Late,0.2936665415763855,0.29069510102272034,0.010169767774641514,0.2991812229156494,0.2938583493232727,0.29087522625923157,0.010203162208199501,0.010212128981947899,0.04966151714324951,0.29943618178367615,True,0.27960526943206787,0.2796212434768677,0.2791224718093872,0.27923864126205444,-0.00011616945266723633
123,20,2,16,Late,0.29069510102272034,0.2877610921859741,0.010143924504518509,0.34972670674324036,0.29087522625923157,0.2879243791103363,0.010196436196565628,0.010209530591964722,0.039790354669094086,0.34996557235717773,True,0.27948907017707825,0.27952834963798523,0.2791224718093872,0.27923864126205444,-0.00011616945266723633
123,20,2,17,Late,0.2877610921859741,0.284849613904953,0.010168824344873428,0.3418062627315521,0.2879243791103363,0.2849913239479065,0.01023891381919384,0.01023891381919384,0.029955875128507614,0.35227450728416443,False,0.2793608009815216,0.2794272005558014,0.2791224718093872,0.27923864126205444,-0.00011616945266723633
123,20,2,18,Late,0.284849613904953,0.28196579217910767,0.010175312869250774,0.3813026547431946,0.2849913239479065,0.28209030628204346,0.01023112703114748,0.01023112703114748,0.020087070763111115,0.3813900947570801,False,0.2792370915412903,0.2793237566947937,0.2791224718093872,0.27923864126205444,-0.00011616945266723633
123,20,2,19,Late,0.28196579217910767,0.2791224718093872,0.010135075077414513,0.3581277132034302,0.28209030628204346,0.27923864126205444,0.010160446166992188,0.010160446166992188,0.010160446166992188,0.3582500219345093,False,0.2791224718093872,0.27923864126205444,0.2791224718093872,0.27923864126205444,-0.00011616945266723633
123,20,3,0,Early,0.21979433298110962,0.21762949228286743,0.009898240678012371,0.149106964468956,0.21979433298110962,0.21806640923023224,0.007892709225416183,0.009898240678012371,0.02911633998155594,0.17932766675949097,True,0.21551905572414398,0.21348680555820465,0.19261525571346283,0.19407755136489868,-0.001462295651435852
123,20,3,1,Early,0.21762949228286743,0.21557629108428955,0.00947889406234026,0.13380369544029236,0.21806640923023224,0.21675914525985718,0.006013124715536833,0.009800970554351807,0.039298802614212036,0.20132732391357422,True,0.21423125267028809,0.20966270565986633,0.19261525571346283,0.19407755136489868,-0.001462295651435852
123,20,3,2,Early,0.21557629108428955,0.2135728895664215,0.009336119517683983,0.14873351156711578,0.21675914525985718,0.21496742963790894,0.008299366571009159,0.010146310552954674,0.043933965265750885,0.13527922332286835,True,0.2129383534193039,0.207442045211792,0.19261525571346283,0.19407755136489868,-0.001462295651435852
123,20,3,3,Early,0.2135728895664215,0.211720809340477,0.008709040470421314,0.14439192414283752,0.21496742963790894,0.2137158066034317,0.005838453769683838,0.009924548678100109,0.04994627833366394,0.19227911531925201,True,0.2117910534143448,0.20449422299861908,0.19261525571346283,0.19407755136489868,-0.001462295651435852
123,20,3,4,Early,0.211720809340477,0.20992735028266907,0.00850623194128275,0.13282418251037598,0.2137158066034317,0.2126213163137436,0.005133393220603466,0.009856567718088627,0.057099442929029465,0.18421083688735962,True,0.21048445999622345,0.20185445249080658,0.19261525571346283,0.19407755136489868,-0.001462295651435852
123,20,3,5,Early,0.20992735028266907,0.2082214206457138,0.008160560391843319,0.17897306382656097,0.2126213163137436,0.2118300497531891,0.0037277142982929945,0.01008517760783434,0.06400449573993683,0.19607074558734894,True,0.20892047882080078,0.19943882524967194,0.19261525571346283,0.19407755136489868,-0.001462295651435852
123,20,3,6,Middle,0.2082214206457138,0.20663945376873016,0.007626318838447332,0.16038960218429565,0.2118300497531891,0.21066756546497345,0.005501583218574524,0.010391260497272015,0.06835173070430756,0.2067539095878601,True,0.20795124769210815,0.19783471524715424,0.19261525571346283,0.19407755136489868,-0.001462295651435852
123,20,3,7,Middle,0.20663945376873016,0.20511077344417572,0.007425783202052116,0.2247130125761032,0.21066756546497345,0.21024994552135468,0.001984491478651762,0.010487043298780918,0.07101583480834961,0.2218080461025238,True,0.20583385229110718,0.1962255835533142,0.19261525571346283,0.19407755136489868,-0.001462295651435852
123,20,3,8,Middle,0.20511077344417572,0.20367565751075745,0.007021257653832436,0.1720779687166214,0.21024994552135468,0.21016210317611694,0.0004168599552940577,0.010948997922241688,0.07450192421674728,0.2438482940196991,True,0.20430618524551392,0.1951550394296646,0.19261525571346283,0.19407755136489868,-0.001462295651435852
123,20,3,9,Middle,0.20367565751075745,0.2023063600063324,0.006745286285877228,0.1991126537322998,0.21016210317611694,0.20942388474941254,0.0035166589077562094,0.011538258753716946,0.07642477005720139,0.20889665186405182,True,0.2029290497303009,0.19469881057739258,0.19261525571346283,0.19407755136489868,-0.001462295651435852
123,20,3,10,Middle,0.2023063600063324,0.20099930465221405,0.006482269149273634,0.2206750363111496,0.20942388474941254,0.2078939825296402,0.007331471424549818,0.011782858520746231,0.07409289479255676,0.22257563471794128,True,0.20145060122013092,0.19446785748004913,0.19261525571346283,0.19407755136489868,-0.001462295651435852
123,20,3,11,Middle,0.20099930465221405,0.19977793097496033,0.0060951365157961845,0.21150286495685577,0.2078939825296402,0.20598025619983673,0.009247303009033203,0.01149463839828968,0.06738927960395813,0.22319109737873077,True,0.19980934262275696,0.19434571266174316,0.19261525571346283,0.19407755136489868,-0.001462295651435852
123,20,3,12,Middle,0.19977793097496033,0.19866885244846344,0.005567021202296019,0.24928730726242065,0.20598025619983673,0.20398584008216858,0.009729077108204365,0.01091550663113594,0.05853284150362015,0.25696128606796265,True,0.197815403342247,0.19426965713500977,0.19261525571346283,0.19407755136489868,-0.001462295651435852
123,20,3,13,Late,0.19866885244846344,0.1975727677345276,0.005531818140298128,0.2586469054222107,0.20398584008216858,0.20238347351551056,0.007885729894042015,0.010163865983486176,0.04913085326552391,0.2520800232887268,True,0.19678187370300293,0.19420596957206726,0.19261525571346283,0.19407755136489868,-0.001462295651435852
123,20,3,14,Late,0.1975727677345276,0.1965615302324295,0.005131626967340708,0.23673568665981293,0.20238347351551056,0.2006736695766449,0.00848388485610485,0.00962101947516203,0.041416797786951065,0.24088050425052643,True,0.1956326812505722,0.19417257606983185,0.19261525571346283,0.19407755136489868,-0.001462295651435852
123,20,3,15,Late,0.1965615302324295,0.19561326503753662,0.004836271982640028,0.2714816629886627,0.2006736695766449,0.1990010142326355,0.00836968794465065,0.008844196796417236,0.03306833654642105,0.29554009437561035,True,0.19472360610961914,0.19414623081684113,0.19261525571346283,0.19407755136489868,-0.001462295651435852
123,20,3,16,Late,0.19561326503753662,0.19474488496780396,0.004449568688869476,0.28510332107543945,0.1990010142326355,0.1975165158510208,0.007487291935831308,0.007860620506107807,0.02477910742163658,0.27143409848213196,True,0.19395020604133606,0.19413049519062042,0.19261525571346283,0.19407755136489868,-0.001462295651435852
123,20,3,17,Late,0.19474488496780396,0.193976491689682,0.0039534796960651875,0.2811613082885742,0.1975165158510208,0.19621722400188446,0.006599501706659794,0.0068521746434271336,0.017410170286893845,0.27785709500312805,True,0.19327276945114136,0.19410747289657593,0.19261525571346283,0.19407755136489868,-0.001462295651435852
123,20,3,18,Late,0.193976491689682,0.1932661533355713,0.0036687038373202085,0.28967228531837463,0.19621722400188446,0.1950618475675583,0.005906232632696629,0.005949719808995724,0.010861579328775406,0.2961999773979187,True,0.1929076611995697,0.19409750401973724,0.19261525571346283,0.19407755136489868,-0.001462295651435852
123,20,3,19,Late,0.1932661533355713,0.19261525571346283,0.0033733914606273174,0.3339077830314636,0.1950618475675583,0.19407755136489868,0.005058668553829193,0.005058668553829193,0.005058668553829193,0.32849055528640747,False,0.19261528551578522,0.19407758116722107,0.19261525571346283,0.19407755136489868,-0.001462295651435852
123,20,4,0,Early,0.3472357988357544,0.3440043032169342,0.009349780157208443,0.1932344287633896,0.3472357988357544,0.3440166413784027,0.009314113296568394,0.009349780157208443,0.1903626173734665,0.18775047361850739,True,0.28706806898117065,0.28704530000686646,0.2850632965564728,0.28510570526123047,-4.240870475769043e-05
123,20,4,1,Early,0.3440043032169342,0.3407762348651886,0.009428432211279869,0.19979672133922577,0.3440166413784027,0.34082791209220886,0.009312461130321026,0.00942984875291586,0.1814403086900711,0.17412430047988892,True,0.28697702288627625,0.28693288564682007,0.2850632965564728,0.28510570526123047,-4.240870475769043e-05
123,20,4,2,Early,0.3407762348651886,0.3375359773635864,0.00955395307391882,0.20052732527256012,0.34082791209220886,0.3375861644744873,0.009557023644447327,0.009557023644447327,0.1725015640258789,0.20052634179592133,False,0.2868671715259552,0.2868257462978363,0.2850632965564728,0.28510570526123047,-4.240870475769043e-05
123,20,4,3,Early,0.3375359773635864,0.3343081474304199,0.009609092958271503,0.21205416321754456,0.3375861644744873,0.3343774974346161,0.009550766088068485,0.009615940973162651,0.16333100199699402,0.1903948187828064,True,0.2867947518825531,0.28671497106552124,0.2850632965564728,0.28510570526123047,-4.240870475769043e-05
123,20,4,4,Early,0.3343081474304199,0.33109211921691895,0.009666944853961468,0.20224778354167938,0.3343774974346161,0.33117756247520447,0.009616060182452202,0.009679105132818222,0.1541421115398407,0.19598431885242462,True,0.28672105073928833,0.2866114675998688,0.2850632965564728,0.28510570526123047,-4.240870475769043e-05
123,20,4,5,Early,0.33109211921691895,0.3278873860836029,0.0097263278439641,0.2000495046377182,0.33117756247520447,0.32801246643066406,0.009603073820471764,0.009744272567331791,0.14488650858402252,0.1923215687274933,True,0.28664422035217285,0.2865082621574402,0.2850632965564728,0.28510570526123047,-4.240870475769043e-05
123,20,4,6,Middle,0.3278873860836029,0.32467958331108093,0.009831392206251621,0.22915884852409363,0.32801246643066406,0.324820876121521,0.009777682833373547,0.009857007302343845,0.13566124439239502,0.1992582082748413,True,0.2865467071533203,0.2863999605178833,0.2850632965564728,0.28510570526123047,-4.240870475769043e-05
123,20,4,7,Middle,0.32467958331108093,0.3214910924434662,0.009868930093944073,0.23181331157684326,0.324820876121521,0.3216255307197571,0.00988592766225338,0.00988592766225338,0.12625907361507416,0.23195359110832214,False,0.28642702102661133,0.2862924337387085,0.2850632965564728,0.28510570526123047,-4.240870475769043e-05
123,20,4,8,Middle,0.3214910924434662,0.31832602620124817,0.009893718175590038,0.22736959159374237,0.3216255307197571,0.31846511363983154,0.009874832816421986,0.00991897750645876,0.1167469248175621,0.21463347971439362,True,0.28632375597953796,0.28618547320365906,0.2850632965564728,0.28510570526123047,-4.240870475769043e-05
123,20,4,9,Middle,0.31832602620124817,0.31518691778182983,0.00991059746593237,0.23417215049266815,0.31846511363983154,0.3153204023838043,0.009923581033945084,0.009934085421264172,0.1072295606136322,0.23429977893829346,True,0.2862032949924469,0.2860831916332245,0.2850632965564728,0.28510570526123047,-4.240870475769043e-05
123,20,4,10,Middle,0.31518691778182983,0.31205111742019653,0.00999899860471487,0.2855379581451416,0.3153204023838043,0.3121703863143921,0.010040068998932838,0.010040068998932838,0.09764592349529266,0.28566867113113403,False,0.28609809279441833,0.28598591685295105,0.2850632965564728,0.28510570526123047,-4.240870475769043e-05
123,20,4,11,Middle,0.31205111742019653,0.30894121527671814,0.010015994310379028,0.2706882655620575,0.3121703863143921,0.3090486526489258,0.010050337761640549,0.010050337761640549,0.08796493709087372,0.2708348333835602,False,0.2859833240509033,0.28588324785232544,0.2850632965564728,0.28510570526123047,-4.240870475769043e-05
123,20,4,12,Middle,0.30894121527671814,0.30583083629608154,0.010118784382939339,0.32590731978416443,0.3090486526489258,0.3059232831001282,0.010164335370063782,0.010164335370063782,0.07834788411855698,0.32605603337287903,False,0.2858508229255676,0.28575941920280457,0.2850632965564728,0.28510570526123047,-4.240870475769043e-05
123,20,4,13,Late,0.30583083629608154,0.3027895390987396,0.009994279593229294,0.2938142418861389,0.3059232831001282,0.3028907775878906,0.009962177835404873,0.01003015786409378,0.06851089745759964,0.2638795077800751,True,0.28574883937835693,0.285665899515152,0.2850632965564728,0.28510570526123047,-4.240870475769043e-05
123,20,4,14,Late,0.3027895390987396,0.2997596263885498,0.010057184845209122,0.3045497238636017,0.3028907775878906,0.2998516857624054,0.010084446519613266,0.010084446519613266,0.05891817808151245,0.30477800965309143,False,0.28562334179878235,0.2855604887008667,0.2850632965564728,0.28510570526123047,-4.240870475769043e-05
123,20,4,15,Late,0.2997596263885498,0.29676738381385803,0.010032637976109982,0.3176232576370239,0.2998516857624054,0.29685211181640625,0.01005388144403696,0.010057538747787476,0.0491618774831295,0.31784698367118835,True,0.285506933927536,0.2854667603969574,0.2850632965564728,0.28510570526123047,-4.240870475769043e-05
123,20,4,16,Late,0.29676738381385803,0.293799489736557,0.010050931014120579,0.32806867361068726,0.29685211181640625,0.2938784062862396,0.010067924857139587,0.010087632574141026,0.03943365812301636,0.32832521200180054,True,0.2853894829750061,0.28537389636039734,0.2850632965564728,0.28510570526123047,-4.240870475769043e-05
123,20,4,17,Late,0.293799489736557,0.2908734679222107,0.010008915327489376,0.346653014421463,0.2938784062862396,0.29093629121780396,0.010061669163405895,0.010061669163405895,0.029635794460773468,0.34686511754989624,False,0.28529733419418335,0.28529679775238037,0.2850632965564728,0.28510570526123047,-4.240870475769043e-05
123,20,4,18,Late,0.2908734679222107,0.2879500687122345,0.010101557709276676,0.3613091707229614,0.29093629121780396,0.28800034523010254,0.010142979212105274,0.010142979212105274,0.0199325792491436,0.3614458739757538,False,0.2851763069629669,0.2851945459842682,0.2850632965564728,0.28510570526123047,-4.240870475769043e-05
123,20,4,19,Late,0.2879500687122345,0.2850632965564728,0.010075831785798073,0.3804916441440582,0.28800034523010254,0.28510570526123047,0.010101795196533203,0.010101795196533203,0.010101795196533203,0.3806420862674713,False,0.2850632667541504,0.2851056456565857,0.2850632965564728,0.28510570526123047,-4.240870475769043e-05
123,20,5,0,Early,0.5117618441581726,0.5083070397377014,0.007035361602902412,0.41078728437423706,0.5117618441581726,0.5083075761795044,0.00703441584482789,0.007035361602902412,0.1394435167312622,0.40543892979621887,True,0.44515201449394226,0.4451510012149811,0.4439522325992584,0.4439481794834137,4.0531158447265625e-06
123,20,5,1,Early,0.5083070397377014,0.5048370361328125,0.007115258369594812,0.4437292218208313,0.5083075761795044,0.5048372149467468,0.007115968503057957,0.007115968503057957,0.1329149752855301,0.4437236487865448,False,0.445043683052063,0.44504237174987793,0.4439522325992584,0.4439481794834137,4.0531158447265625e-06
123,20,5,2,Early,0.5048370361328125,0.501369297504425,0.007161537650972605,0.46257638931274414,0.5048372149467468,0.5013691186904907,0.007162247784435749,0.007162247784435749,0.12630558013916016,0.4625612497329712,False,0.4449368119239807,0.4449351727962494,0.4439522325992584,0.4439481794834137,4.0531158447265625e-06
123,20,5,3,Early,0.501369297504425,0.4979203939437866,0.00717550702393055,0.4224718511104584,0.5013691186904907,0.4979199171066284,0.007175980601459742,0.007175980601459742,0.11960632354021072,0.42246800661087036,False,0.44485044479370117,0.4448487460613251,0.4439522325992584,0.4439481794834137,4.0531158447265625e-06
123,20,5,4,Early,0.4979203939437866,0.4944610297679901,0.007248293608427048,0.4505874216556549,0.4979199171066284,0.4944602847099304,0.0072488849982619286,0.0072488849982619286,0.11292977631092072,0.45057883858680725,False,0.4447498619556427,0.44474783539772034,0.4439522325992584,0.4439481794834137,4.0531158447265625e-06
123,20,5,5,Early,0.4944610297679901,0.4910179376602173,0.0072680567391216755,0.47027885913848877,0.4944602847099304,0.4910178780555725,0.0072667538188397884,0.007268648594617844,0.10616135597229004,0.47830018401145935,True,0.44466134905815125,0.44465726613998413,0.4439522325992584,0.4439481794834137,4.0531158447265625e-06
123,20,5,6,Middle,0.4910179376602173,0.48757508397102356,0.007320838514715433,0.45567798614501953,0.4910178780555725,0.48757466673851013,0.007321666926145554,0.007321666926145554,0.09938155859708786,0.455702543258667,False,0.44456976652145386,0.4445655345916748,0.4439522325992584,0.4439481794834137,4.0531158447265625e-06
123,20,5,7,Middle,0.48757508397102356,0.484159380197525,0.0073184724897146225,0.44949623942375183,0.48757466673851013,0.4841586649417877,0.007319182623177767,0.007319182623177767,0.09249984472990036,0.44951173663139343,False,0.4445006549358368,0.4444964826107025,0.4439522325992584,0.4439481794834137,4.0531158447265625e-06
123,20,5,8,Middle,0.484159380197525,0.4807375967502594,0.007385213393718004,0.46001535654067993,0.4841586649417877,0.48073655366897583,0.007385805249214172,0.007385805249214172,0.08565456420183182,0.46003445982933044,False,0.44441843032836914,0.4444141387939453,0.4439522325992584,0.4439481794834137,4.0531158447265625e-06
123,20,5,9,Middle,0.4807375967502594,0.47733843326568604,0.007392553146928549,0.46750426292419434,0.48073655366897583,0.47733715176582336,0.007393145002424717,0.007393145002424717,0.0787075087428093,0.467512845993042,False,0.44435349106788635,0.4443491995334625,0.4439522325992584,0.4439481794834137,4.0531158447265625e-06
123,20,5,10,Middle,0.47733843326568604,0.47393590211868286,0.007454674690961838,0.4625469148159027,0.47733715176582336,0.47393426299095154,0.007455503102391958,0.007455503102391958,0.07178255170583725,0.4625568091869354,False,0.4442773759365082,0.44427311420440674,0.4439522325992584,0.4439481794834137,4.0531158447265625e-06
123,20,5,11,Middle,0.47393590211868286,0.47056064009666443,0.0074526648968458176,0.4698285460472107,0.47393426299095154,0.47055870294570923,0.007453256286680698,0.007453256286680698,0.06475534290075302,0.46983271837234497,False,0.44422081112861633,0.4442165493965149,0.4439522325992584,0.4439481794834137,4.0531158447265625e-06
123,20,5,12,Middle,0.47056064009666443,0.46719107031822205,0.007496444042772055,0.48990872502326965,0.47055870294570923,0.4671888053417206,0.0074970354326069355,0.0074970354326069355,0.05774269253015518,0.48991721868515015,False,0.44416099786758423,0.444156676530838,0.4439522325992584,0.4439481794834137,4.0531158447265625e-06
123,20,5,13,Late,0.46719107031822205,0.46382829546928406,0.007538209669291973,0.5011508464813232,0.4671888053417206,0.4638257622718811,0.007538801059126854,0.007538801059126854,0.05069617182016373,0.5011636018753052,False,0.44409841299057007,0.44409415125846863,0.4439522325992584,0.4439481794834137,4.0531158447265625e-06
123,20,5,14,Late,0.46382829546928406,0.4604890048503876,0.007544362917542458,0.4989279508590698,0.4638257622718811,0.46048617362976074,0.007545072585344315,0.007545072585344315,0.043581489473581314,0.4989331066608429,False,0.44404956698417664,0.44404536485671997,0.4439522325992584,0.4439481794834137,4.0531158447265625e-06
123,20,5,15,Late,0.4604890048503876,0.4571633040904999,0.007571929134428501,0.5081428289413452,0.46048617362976074,0.45716023445129395,0.007572520989924669,0.007572520989924669,0.03645934537053108,0.5081589818000793,False,0.4440035820007324,0.443999320268631,0.4439522325992584,0.4439481794834137,4.0531158447265625e-06
123,20,5,16,Late,0.4571633040904999,0.45383262634277344,0.007640546653419733,0.5092403292655945,0.45716023445129395,0.45382925868034363,0.007641256786882877,0.007641256786882877,0.029348891228437424,0.5092562437057495,False,0.4439420700073242,0.44393789768218994,0.4439522325992584,0.4439481794834137,4.0531158447265625e-06
123,20,5,17,Late,0.45383262634277344,0.450521856546402,0.007655098102986813,0.5127038359642029,0.45382925868034363,0.45051825046539307,0.0076555716805160046,0.0076555716805160046,0.0221544299274683,0.5127084255218506,False,0.4438893496990204,0.44388532638549805,0.4439522325992584,0.4439481794834137,4.0531158447265625e-06
123,20,5,18,Late,0.450521856546402,0.4472295045852661,0.007672607898712158,0.5262168049812317,0.45051825046539307,0.4472256898880005,0.007673199288547039,0.007673199288547039,0.014935942366719246,0.5262218713760376,False,0.44384339451789856,0.44383928179740906,0.4439522325992584,0.4439481794834137,4.0531158447265625e-06
123,20,5,19,Late,0.4472295045852661,0.4439522325992584,0.00769816106185317,0.5064444541931152,0.4472256898880005,0.4439481794834137,0.007698752451688051,0.007698752451688051,0.007698752451688051,0.506450891494751,False,0.44379985332489014,0.4437958002090454,0.4439522325992584,0.4439481794834137,4.0531158447265625e-06
123,20,6,0,Early,0.3893245458602905,0.3859999477863312,0.008575793355703354,0.26236844062805176,0.3893245458602905,0.3860101103782654,0.00854943972080946,0.008575793355703354,0.1810799539089203,0.26050302386283875,True,0.32485654950141907,0.32483968138694763,0.3242567777633667,0.32423633337020874,2.0444393157958984e-05
123,20,6,1,Early,0.3859999477863312,0.38268524408340454,0.008623898029327393,0.22891384363174438,0.3860101103782654,0.3826948404312134,0.008625316433608532,0.008625316433608532,0.17258913815021515,0.22889947891235352,False,0.324837327003479,0.3248205780982971,0.3242567777633667,0.32423633337020874,2.0444393157958984e-05
123,20,6,2,Early,0.38268524408340454,0.3793359696865082,0.008790289051830769,0.2633187472820282,0.3826948404312134,0.37934499979019165,0.008791706524789333,0.008791706524789333,0.1641245186328888,0.2633085250854492,False,0.3247848153114319,0.3247683346271515,0.3242567777633667,0.32423633337020874,2.0444393157958984e-05
123,20,6,3,Early,0.3793359696865082,0.3760133683681488,0.008797140792012215,0.2638764977455139,0.37934499979019165,0.37602725625038147,0.008784263394773006,0.008800094947218895,0.1553785502910614,0.2371462732553482,True,0.3247809410095215,0.3247534930706024,0.3242567777633667,0.32423633337020874,2.0444393157958984e-05
123,20,6,4,Early,0.3760133683681488,0.3726915419101715,0.00887323822826147,0.25350791215896606,0.37602725625038147,0.37270405888557434,0.008876901119947433,0.008876901119947433,0.1466546356678009,0.25347399711608887,False,0.3247607350349426,0.32473382353782654,0.3242567777633667,0.32423633337020874,2.0444393157958984e-05
123,20,6,5,Early,0.3726915419101715,0.3693803548812866,0.008924044668674469,0.25637707114219666,0.37270405888557434,0.3693922758102417,0.00892510823905468,0.00892652478069067,0.1378803700208664,0.2563484311103821,True,0.3247259557247162,0.3247004747390747,0.3242567777633667,0.32423633337020874,2.0444393157958984e-05
123,20,6,6,Middle,0.3693803548812866,0.36603981256484985,0.009084474295377731,0.30709588527679443,0.3693922758102417,0.3660490810871124,0.009091444313526154,0.009091444313526154,0.12904930114746094,0.30707237124443054,False,0.3246956765651703,0.32466980814933777,0.3242567777633667,0.32423633337020874,2.0444393157958984e-05
123,20,6,7,Middle,0.36603981256484985,0.3627333641052246,0.009073845110833645,0.266884982585907,0.3660490810871124,0.36274054646492004,0.009079515933990479,0.009079515933990479,0.12001988291740417,0.2668691873550415,False,0.3246757984161377,0.3246496617794037,0.3242567777633667,0.32423633337020874,2.0444393157958984e-05
123,20,6,8,Middle,0.3627333641052246,0.35944876074790955,0.0090960543602705,0.28789204359054565,0.36274054646492004,0.3594648540019989,0.009071131236851215,0.00910184346139431,0.11100556701421738,0.2799440622329712,True,0.3246649503707886,0.32462847232818604,0.3242567777633667,0.32423633337020874,2.0444393157958984e-05
123,20,6,9,Middle,0.35944876074790955,0.35617175698280334,0.009158308617770672,0.27812811732292175,0.3594648540019989,0.3561851978302002,0.009165395982563496,0.009165395982563496,0.10201263427734375,0.2781115472316742,False,0.3246381878852844,0.32460302114486694,0.3242567777633667,0.32423633337020874,2.0444393157958984e-05
123,20,6,10,Middle,0.35617175698280334,0.3529055416584015,0.009212407283484936,0.27805575728416443,0.3561851978302002,0.3529168665409088,0.009217957966029644,0.009218784980475903,0.09294279664754868,0.2870084345340729,True,0.32460567355155945,0.32457199692726135,0.3242567777633667,0.32423633337020874,2.0444393157958984e-05
123,20,6,11,Middle,0.3529055416584015,0.3496549129486084,0.00925350934267044,0.31997793912887573,0.3529168665409088,0.3496701419353485,0.009242172352969646,0.009263785555958748,0.08382250368595123,0.2950879633426666,True,0.32458096742630005,0.3245401382446289,0.3242567777633667,0.32423633337020874,2.0444393157958984e-05
123,20,6,12,Middle,0.3496549129486084,0.34641650319099426,0.00930453184992075,0.3395955562591553,0.3496701419353485,0.3464268445968628,0.009318704716861248,0.009318704716861248,0.074675053358078,0.33960649371147156,False,0.3245489299297333,0.3245094120502472,0.3242567777633667,0.32423633337020874,2.0444393157958984e-05
123,20,6,13,Late,0.34641650319099426,0.34318986535072327,0.009357677772641182,0.3541297912597656,0.3464268445968628,0.3431951701641083,0.00937232282012701,0.00937232282012701,0.06547386944293976,0.3541561961174011,False,0.32450923323631287,0.3244713246822357,0.3242567777633667,0.32423633337020874,2.0444393157958984e-05
123,20,6,14,Late,0.34318986535072327,0.33999985456466675,0.009338312782347202,0.3518751859664917,0.3431951701641083,0.34000295400619507,0.009344690479338169,0.009355434216558933,0.056186698377132416,0.3518981337547302,True,0.32447701692581177,0.3244437277317047,0.3242567777633667,0.32423633337020874,2.0444393157958984e-05
123,20,6,15,Late,0.33999985456466675,0.336808979511261,0.00942924339324236,0.39780572056770325,0.34000295400619507,0.3368070423603058,0.009443768300116062,0.009443768300116062,0.04697013646364212,0.3978085219860077,False,0.3244336247444153,0.3244020938873291,0.3242567777633667,0.32423633337020874,2.0444393157958984e-05
123,20,6,16,Late,0.336808979511261,0.3336201608181,0.009512376971542835,0.3599510192871094,0.3368070423603058,0.333614706993103,0.009523122571408749,0.009523122571408749,0.03771590813994408,0.3599469065666199,False,0.3243684768676758,0.32434049248695374,0.3242567777633667,0.32423633337020874,2.0444393157958984e-05
123,20,6,17,Late,0.3336201608181,0.3304889500141144,0.009429363533854485,0.38609206676483154,0.333614706993103,0.33047884702682495,0.009443888440728188,0.009443888440728188,0.028264349326491356,0.3861338198184967,False,0.3243424892425537,0.32431724667549133,0.3242567777633667,0.32423633337020874,2.0444393157958984e-05
123,20,6,18,Late,0.3304889500141144,0.32735955715179443,0.009513910859823227,0.4223237931728363,0.33047884702682495,0.32734328508377075,0.009532921947538853,0.009532921947538853,0.018953191116452217,0.422370582818985,False,0.3242981433868408,0.3242741823196411,0.3242567777633667,0.32423633337020874,2.0444393157958984e-05
123,20,6,19,Late,0.32735955715179443,0.3242567777633667,0.0095232417806983,0.3977873623371124,0.32734328508377075,0.32423633337020874,0.009536349214613438,0.009536349214613438,0.009536349214613438,0.39780813455581665,False,0.3242568075656891,0.3242364227771759,0.3242567777633667,0.32423633337020874,2.0444393157958984e-05
123,20,7,0,Early,0.23372621834278107,0.2310144305229187,0.01167013868689537,0.1274755746126175,0.23372621834278107,0.2317984253168106,0.008281971327960491,0.01167013868689537,0.0983622595667839,0.17838144302368164,True,0.21342194080352783,0.21183067560195923,0.19594153761863708,0.19809135794639587,-0.002149820327758789
123,20,7,1,Early,0.2310144305229187,0.2283974289894104,0.011393091641366482,0.1279739886522293,0.2317984253168106,0.22999908030033112,0.007791802752763033,0.011578584089875221,0.10166190564632416,0.15753412246704102,True,0.21241162717342377,0.20939137041568756,0.19594153761863708,0.19809135794639587,-0.002149820327758789
123,20,7,2,Early,0.2283974289894104,0.22587916254997253,0.011086850427091122,0.12100724875926971,0.22999908030033112,0.22840632498264313,0.00694890646263957,0.011655284091830254,0.10476580262184143,0.18804457783699036,True,0.21122635900974274,0.20712216198444366,0.19594153761863708,0.19809135794639587,-0.002149820327758789
123,20,7,3,Early,0.22587916254997253,0.2234349548816681,0.010880153626203537,0.13180096447467804,0.22840632498264313,0.22677172720432281,0.007182218134403229,0.011624890379607677,0.10683707147836685,0.16817444562911987,True,0.21041987836360931,0.2052621990442276,0.19594153761863708,0.19809135794639587,-0.002149820327758789
123,20,7,4,Early,0.2234349548816681,0.2210690975189209,0.01064535416662693,0.13653716444969177,0.22677172720432281,0.22561968863010406,0.005092575680464506,0.011620643548667431,0.10832865536212921,0.2015700489282608,True,0.2092590034008026,0.2034895271062851,0.19594153761863708,0.19809135794639587,-0.002149820327758789
123,20,7,5,Early,0.2210690975189209,0.21879972517490387,0.010319295339286327,0.1633555293083191,0.22561968863010406,0.22406628727912903,0.006907832808792591,0.011860866099596024,0.10929335653781891,0.1758524626493454,True,0.20822273194789886,0.2022605538368225,0.19594153761863708,0.19809135794639587,-0.002149820327758789
123,20,7,6,Middle,0.21879972517490387,0.21661370992660522,0.010041164234280586,0.15358400344848633,0.22406628727912903,0.22259223461151123,0.006600094027817249,0.011802083812654018,0.10719137638807297,0.20526865124702454,True,0.2072572410106659,0.20129063725471497,0.19594153761863708,0.19809135794639587,-0.002149820327758789
123,20,7,7,Middle,0.21661370992660522,0.2144944816827774,0.009831425733864307,0.18320874869823456,0.22259223461151123,0.220621258020401,0.008893493562936783,0.011836836114525795,0.10386539250612259,0.17143614590168,True,0.20614837110042572,0.20063263177871704,0.19594153761863708,0.19809135794639587,-0.002149820327758789
123,20,7,8,Middle,0.2144944816827774,0.21248804032802582,0.009398232214152813,0.17012572288513184,0.220621258020401,0.21829983592033386,0.010578242130577564,0.011763916350901127,0.09724311530590057,0.18970343470573425,True,0.20517447590827942,0.20017734169960022,0.19594153761863708,0.19809135794639587,-0.002149820327758789
123,20,7,9,Middle,0.21248804032802582,0.21058057248592377,0.00901742558926344,0.18950702250003815,0.21829983592033386,0.21645887196063995,0.008467813022434711,0.011414763517677784,0.08898734301328659,0.20607037842273712,True,0.20412060618400574,0.19971303641796112,0.19594153761863708,0.19809135794639587,-0.002149820327758789
123,20,7,10,Middle,0.21058057248592377,0.20875601470470428,0.008702890016138554,0.23026685416698456,0.21645887196063995,0.21461020410060883,0.008576790802180767,0.011267433874309063,0.08231591433286667,0.19521567225456238,True,0.20315009355545044,0.1993544101715088,0.19594153761863708,0.19809135794639587,-0.002149820327758789
123,20,7,11,Middle,0.20875601470470428,0.20698876678943634,0.00850161537528038,0.2180272936820984,0.21461020410060883,0.21255597472190857,0.009618100710213184,0.011092724278569221,0.07515708357095718,0.22021770477294922,True,0.2021365463733673,0.19907182455062866,0.19594153761863708,0.19809135794639587,-0.002149820327758789
123,20,7,12,Middle,0.20698876678943634,0.20531979203224182,0.008095163851976395,0.2513207197189331,0.21255597472190857,0.2104550004005432,0.009932818822562695,0.010820708237588406,0.0666014775633812,0.2525726556777954,True,0.20109717547893524,0.19886049628257751,0.19594153761863708,0.19809135794639587,-0.002149820327758789
123,20,7,13,Late,0.20531979203224182,0.2037486433982849,0.007681919727474451,0.2699430584907532,0.2104550004005432,0.2084091156721115,0.009768975898623466,0.010357855819165707,0.05742162838578224,0.25895628333091736,True,0.19994238018989563,0.19871070981025696,0.19594153761863708,0.19809135794639587,-0.002149820327758789
123,20,7,14,Late,0.2037486433982849,0.20224910974502563,0.007386960554867983,0.2562251389026642,0.2084091156721115,0.20638495683670044,0.009760000742971897,0.00999889150261879,0.04837188869714737,0.244858980178833,True,0.19911296665668488,0.19856783747673035,0.19594153761863708,0.19809135794639587,-0.002149820327758789
123,20,7,15,Late,0.20224910974502563,0.2008657306432724,0.006863560993224382,0.25611448287963867,0.20638495683670044,0.2045184224843979,0.009085346944630146,0.009374006651341915,0.039188165217638016,0.26359841227531433,True,0.19815009832382202,0.19845347106456757,0.19594153761863708,0.19809135794639587,-0.002149820327758789
123,20,7,16,Late,0.2008657306432724,0.19950732588768005,0.006785299628973007,0.29292234778404236,0.2045184224843979,0.20273146033287048,0.00877638440579176,0.008836288936436176,0.030659841373562813,0.27247369289398193,True,0.19739322364330292,0.19834300875663757,0.19594153761863708,0.19809135794639587,-0.002149820327758789
123,20,7,17,Late,0.19950732588768005,0.19824498891830444,0.006347229238599539,0.29998287558555603,0.20273146033287048,0.20106101036071777,0.008273573592305183,0.008273573592305183,0.022397048771381378,0.3082929253578186,False,0.19685323536396027,0.19824129343032837,0.19594153761863708,0.19809135794639587,-0.002149820327758789
123,20,7,18,Late,0.19824498891830444,0.1970653235912323,0.005968339275568724,0.3062838315963745,0.20106101036071777,0.19952267408370972,0.007680607493966818,0.007699052803218365,0.01450057327747345,0.30518046021461487,True,0.19636821746826172,0.19816653430461884,0.19594153761863708,0.19809135794639587,-0.002149820327758789
123,20,7,19,Late,0.1970653235912323,0.19594153761863708,0.005719458684325218,0.33186912536621094,0.19952267408370972,0.19809135794639587,0.007199023384600878,0.007199023384600878,0.007199023384600878,0.33241212368011475,False,0.19594141840934753,0.19809144735336304,0.19594153761863708,0.19809135794639587,-0.002149820327758789
123,20,8,0,Early,0.17293734848499298,0.16091623902320862,0.07204200327396393,0.1963244527578354,0.17293734848499298,0.18600717186927795,-0.07287415862083435,0.07204200327396393,-0.41992467641830444,0.38913431763648987,True,0.3206911087036133,0.2631841003894806,0.22658167779445648,0.22193899750709534,0.004642680287361145
123,20,8,1,Early,0.16091623902320862,0.16129012405872345,-0.002324840519577265,0.33659830689430237,0.18600717186927795,0.21262226998806,-0.13374024629592896,0.13176049292087555,-0.25156161189079285,0.43495774269104004,True,0.3094971776008606,0.23921117186546326,0.22658167779445648,0.22193899750709534,0.004642680287361145
123,20,8,2,Early,0.16129012405872345,0.16227056086063385,-0.006061891559511423,0.30178117752075195,0.21262226998806,0.2447872906923294,-0.14088302850723267,0.1693006306886673,-0.06278097629547119,0.4476820230484009,True,0.30259644985198975,0.2263987958431244,0.22658167779445648,0.22193899750709534,0.004642680287361145
123,20,8,3,Early,0.16227056086063385,0.1636313498020172,-0.008352615870535374,0.3438791334629059,0.2447872906923294,0.2527726888656616,-0.0321221798658371,0.19698646664619446,0.08287402987480164,0.3168979287147522,True,0.294118732213974,0.22531864047050476,0.22658167779445648,0.22193899750709534,0.004642680287361145
123,20,8,4,Early,0.1636313498020172,0.16547010838985443,-0.011177672073245049,0.33304524421691895,0.2527726888656616,0.24584858119487762,0.027763117104768753,0.18244569003582,0.11523990333080292,0.2765986919403076,True,0.2887302339076996,0.22525891661643982,0.22658167779445648,0.22193899750709534,0.004642680287361145
123,20,8,5,Early,0.16547010838985443,0.16783083975315094,-0.01417177077382803,0.3085915148258209,0.24584858119487762,0.24045372009277344,0.022173110395669937,0.20581768453121185,0.08798186480998993,0.2831745147705078,True,0.2806209921836853,0.22514261305332184,0.22658167779445648,0.22193899750709534,0.004642680287361145
123,20,8,6,Middle,0.16783083975315094,0.17052747309207916,-0.01594322919845581,0.29965341091156006,0.24045372009277344,0.2226422280073166,0.07695168256759644,0.14296108484268188,0.06722765415906906,0.3008958101272583,True,0.27579405903816223,0.22482000291347504,0.22658167779445648,0.22193899750709534,0.004642680287361145
123,20,8,7,Middle,0.17052747309207916,0.17359955608844757,-0.0178571417927742,0.31082668900489807,0.2226422280073166,0.22767867147922516,-0.02238635905086994,0.13045111298561096,-0.007396357133984566,0.30492281913757324,True,0.26829415559768677,0.22429512441158295,0.22658167779445648,0.22193899750709534,0.004642680287361145
123,20,8,8,Middle,0.17359955608844757,0.17699390649795532,-0.019368330016732216,0.307407945394516,0.22767867147922516,0.22084027528762817,0.030483543872833252,0.1547555923461914,0.01729189231991768,0.34223872423171997,True,0.2617473602294922,0.2237754762172699,0.22658167779445648,0.22193899750709534,0.004642680287361145
123,20,8,9,Middle,0.17699390649795532,0.18059657514095306,-0.0201637651771307,0.32738202810287476,0.22084027528762817,0.21704834699630737,0.01730661652982235,0.12506282329559326,-0.012693922966718674,0.29322054982185364,True,0.25562503933906555,0.22366143763065338,0.22658167779445648,0.22193899750709534,0.004642680287361145
123,20,8,10,Middle,0.18059657514095306,0.1845061182975769,-0.021421557292342186,0.3017313778400421,0.21704834699630737,0.21099774539470673,0.02826039493083954,0.11342963576316833,-0.029409758746623993,0.28366994857788086,True,0.2521783709526062,0.22352644801139832,0.22658167779445648,0.22193899750709534,0.004642680287361145
123,20,8,11,Middle,0.1845061182975769,0.1887342631816864,-0.022662336006760597,0.313605397939682,0.21099774539470673,0.21120840311050415,-0.0010064560920000076,0.10840348154306412,-0.05744647607207298,0.30015799403190613,True,0.24869240820407867,0.22347374260425568,0.22658167779445648,0.22193899750709534,0.004642680287361145
123,20,8,12,Middle,0.1887342631816864,0.1929548680782318,-0.022118257358670235,0.3540215492248535,0.21120840311050415,0.20480848848819733,0.030755577608942986,0.09471845626831055,-0.05520954728126526,0.30062955617904663,True,0.2411443591117859,0.22319701313972473,0.22658167779445648,0.22193899750709534,0.004642680287361145
123,20,8,13,Late,0.1929548680782318,0.19730891287326813,-0.022319436073303223,0.3411330282688141,0.20480848848819733,0.2044120728969574,0.001927182194776833,0.06494710594415665,-0.0847826823592186,0.34127604961395264,True,0.24090152978897095,0.22293005883693695,0.22658167779445648,0.22193899750709534,0.004642680287361145
123,20,8,14,Late,0.19730891287326813,0.20183508098125458,-0.022684043273329735,0.34297648072242737,0.2044120728969574,0.20730087161064148,-0.014043372124433517,0.03827865049242973,-0.0856013149023056,0.3405229449272156,True,0.23393885791301727,0.22268076241016388,0.22658167779445648,0.22193899750709534,0.004642680287361145
123,20,8,15,Late,0.20183508098125458,0.20652303099632263,-0.022961990907788277,0.3486482799053192,0.20730087161064148,0.2080766260623932,-0.0037430203519761562,0.03745151683688164,-0.07066308706998825,0.3325968086719513,True,0.23107951879501343,0.22247932851314545,0.22658167779445648,0.22193899750709534,0.004642680287361145
123,20,8,16,Late,0.20652303099632263,0.21136116981506348,-0.023156505078077316,0.33787134289741516,0.2080766260623932,0.20978854596614838,-0.008197561837732792,0.015444234013557434,-0.06625081598758698,0.32724010944366455,True,0.22989769279956818,0.22232875227928162,0.22658167779445648,0.22193899750709534,0.004642680287361145
123,20,8,17,Late,0.21136116981506348,0.2163335084915161,-0.023256490007042885,0.36464178562164307,0.20978854596614838,0.21257221698760986,-0.013182670809328556,-0.005484153050929308,-0.05752768740057945,0.34831106662750244,True,0.22753554582595825,0.2222110778093338,0.22658167779445648,0.22193899750709534,0.004642680287361145
123,20,8,18,Late,0.2163335084915161,0.22139210999011993,-0.023119112476706505,0.33948832750320435,0.21257221698760986,0.21715915203094482,-0.021351225674152374,-0.01883346401154995,-0.04365548491477966,0.33959171175956726,True,0.22705627977848053,0.22205770015716553,0.22658167779445648,0.22193899750709534,0.004642680287361145
123,20,8,19,Late,0.22139210999011993,0.22658167779445648,-0.02316961996257305,0.37931618094444275,0.21715915203094482,0.22193899750709534,-0.021773356944322586,-0.021773356944322586,-0.021773356944322586,0.34874534606933594,False,0.22658157348632812,0.22193928062915802,0.22658167779445648,0.22193899750709534,0.004642680287361145
123,20,9,0,Early,0.39257270097732544,0.38924115896224976,0.00852225348353386,0.29414984583854675,0.39257270097732544,0.38924115896224976,0.00852225348353386,0.00852225348353386,0.18037202954292297,0.29414984583854675,False,0.3277818262577057,0.3277818262577057,0.32723015546798706,0.3272109031677246,1.9252300262451172e-05
123,20,9,1,Early,0.38924115896224976,0.38591402769088745,0.008584422059357166,0.2369523048400879,0.38924115896224976,0.38591402769088745,0.008584422059357166,0.008584422059357166,0.17188607156276703,0.2369523048400879,False,0.32776978611946106,0.32776978611946106,0.32723015546798706,0.3272109031677246,1.9252300262451172e-05
123,20,9,2,Early,0.38591402769088745,0.38255074620246887,0.008752943947911263,0.274854451417923,0.38591402769088745,0.38256868720054626,0.008706150576472282,0.008752943947911263,0.1634058654308319,0.25788912177085876,True,0.3277415633201599,0.32773566246032715,0.32723015546798706,0.3272109031677246,1.9252300262451172e-05
123,20,9,3,Early,0.38255074620246887,0.3792174756526947,0.00875141005963087,0.2466983199119568,0.38256868720054626,0.3792530298233032,0.00870449747890234,0.008753418922424316,0.1547829806804657,0.261865496635437,True,0.32773420214653015,0.3277082145214081,0.32723015546798706,0.3272109031677246,1.9252300262451172e-05
123,20,9,4,Early,0.3792174756526947,0.3758786916732788,0.008843105286359787,0.259450227022171,0.3792530298233032,0.37591150403022766,0.008849485777318478,0.008849485777318478,0.14613215625286102,0.2593991756439209,False,0.3277168571949005,0.3276907205581665,0.32723015546798706,0.3272109031677246,1.9252300262451172e-05
123,20,9,5,Early,0.3758786916732788,0.3725234270095825,0.008966218680143356,0.295799195766449,0.37591150403022766,0.37255343794822693,0.008972834795713425,0.008972834795713425,0.13740338385105133,0.29575884342193604,False,0.3276774287223816,0.3276510536670685,0.32723015546798706,0.3272109031677246,1.9252300262451172e-05
123,20,9,6,Middle,0.3725234270095825,0.36920249462127686,0.008954285643994808,0.27313369512557983,0.37255343794822693,0.3692423403263092,0.008927233517169952,0.008964800275862217,0.12847569584846497,0.2531742751598358,True,0.32767751812934875,0.32763612270355225,0.32723015546798706,0.3272109031677246,1.9252300262451172e-05
123,20,9,7,Middle,0.36920249462127686,0.3658999502658844,0.008985123597085476,0.26803553104400635,0.3692423403263092,0.36594057083129883,0.008982053026556969,0.008996229618787766,0.1195853054523468,0.26073241233825684,True,0.3276693522930145,0.32762405276298523,0.32723015546798706,0.3272109031677246,1.9252300262451172e-05
123,20,9,8,Middle,0.3658999502658844,0.3625887632369995,0.009090146981179714,0.2989596724510193,0.36594057083129883,0.36262497305870056,0.00910136941820383,0.00910136941820383,0.11069988459348679,0.2989466190338135,False,0.32763636112213135,0.3275923728942871,0.32723015546798706,0.3272109031677246,1.9252300262451172e-05
123,20,9,9,Middle,0.3625887632369995,0.3592872619628906,0.00914684683084488,0.29667022824287415,0.36262497305870056,0.35931745171546936,0.009163029491901398,0.009163029491901398,0.10168402642011642,0.29664039611816406,False,0.32760855555534363,0.32756420969963074,0.32723015546798706,0.3272109031677246,1.9252300262451172e-05
123,20,9,10,Middle,0.3592872619628906,0.35600554943084717,0.00917578674852848,0.307959645986557,0.35931745171546936,0.3560442328453064,0.009151102975010872,0.009193504229187965,0.09260427951812744,0.28088244795799255,True,0.32758629322052,0.3275371193885803,0.32723015546798706,0.3272109031677246,1.9252300262451172e-05
123,20,9,11,Middle,0.35600554943084717,0.35274559259414673,0.00919929426163435,0.30957674980163574,0.3560442328453064,0.35277804732322693,0.00921559426933527,0.00921559426933527,0.08352627605199814,0.3095574975013733,False,0.3275599777698517,0.32751306891441345,0.32723015546798706,0.3272109031677246,1.9252300262451172e-05
123,20,9,12,Middle,0.35274559259414673,0.34951266646385193,0.00920709129422903,0.3248920142650604,0.35277804732322693,0.3495413362979889,0.00921713188290596,0.00922705139964819,0.07436808943748474,0.32491937279701233,True,0.32753586769104004,0.32749420404434204,0.32723015546798706,0.3272109031677246,1.9252300262451172e-05
123,20,9,13,Late,0.34951266646385193,0.3462373614311218,0.00941507052630186,0.36031967401504517,0.3495413362979889,0.3462604284286499,0.009430186823010445,0.009430186823010445,0.06537806987762451,0.3603319227695465,False,0.3274580240249634,0.32741978764533997,0.32723015546798706,0.3272109031677246,1.9252300262451172e-05
123,20,9,14,Late,0.3462373614311218,0.3430173099040985,0.009343505837023258,0.3526494801044464,0.3462604284286499,0.3430343568325043,0.009360394440591335,0.009360394440591335,0.05606185644865036,0.35264599323272705,False,0.32741716504096985,0.3273823857307434,0.32723015546798706,0.3272109031677246,1.9252300262451172e-05
123,20,9,15,Late,0.3430173099040985,0.3398231267929077,0.009355551563203335,0.3615109324455261,0.3430343568325043,0.33983245491981506,0.009377636015415192,0.009377636015415192,0.046791333705186844,0.361471027135849,False,0.3273855745792389,0.32735294103622437,0.32723015546798706,0.3272109031677246,1.9252300262451172e-05
123,20,9,16,Late,0.3398231267929077,0.33664119243621826,0.00940739456564188,0.3654063940048218,0.33983245491981506,0.33664169907569885,0.009433256462216377,0.009433256462216377,0.03752801567316055,0.36541417241096497,False,0.3273468613624573,0.32731547951698303,0.32723015546798706,0.3272109031677246,1.9252300262451172e-05
123,20,9,17,Late,0.33664119243621826,0.3334783613681793,0.009439400397241116,0.3973652720451355,0.33664169907569885,0.3334730267524719,0.009456759318709373,0.009456759318709373,0.028216872364282608,0.39737650752067566,False,0.32730212807655334,0.3272753953933716,0.32723015546798706,0.3272109031677246,1.9252300262451172e-05
123,20,9,18,Late,0.3334783613681793,0.3303285539150238,0.009490176104009151,0.3966323137283325,0.3334730267524719,0.3303166329860687,0.00950989592820406,0.00950989592820406,0.01890406385064125,0.39660078287124634,False,0.327251136302948,0.32722821831703186,0.32723015546798706,0.3272109031677246,1.9252300262451172e-05
123,20,9,19,Late,0.3303285539150238,0.32723015546798706,0.009423930197954178,0.40351423621177673,0.3303166329860687,0.3272109031677246,0.009446367621421814,0.009446367621421814,0.009446367621421814,0.4035019278526306,False,0.32723015546798706,0.3272109925746918,0.32723015546798706,0.3272109031677246,1.9252300262451172e-05
123,20,10,0,Early,0.2906613051891327,0.28740817308425903,0.011255521327257156,0.12376123666763306,0.2906613051891327,0.28764262795448303,0.010439380072057247,0.011255521327257156,0.19427074491977692,0.12761445343494415,True,0.23952841758728027,0.23934035003185272,0.23300421237945557,0.23370298743247986,-0.000698775053024292
123,20,10,1,Early,0.28740817308425903,0.2841760814189911,0.01130927074700594,0.13258355855941772,0.28764262795448303,0.28481554985046387,0.009876498021185398,0.011328483000397682,0.18572239577770233,0.14563153684139252,True,0.23919855058193207,0.23888809978961945,0.23300421237945557,0.23370298743247986,-0.000698775053024292
123,20,10,2,Early,0.2841760814189911,0.2809666395187378,0.01135830208659172,0.14461219310760498,0.28481554985046387,0.28181007504463196,0.010607711039483547,0.011418292298913002,0.17769473791122437,0.1845722794532776,True,0.2389124184846878,0.2384466677904129,0.23300421237945557,0.23370298743247986,-0.000698775053024292
123,20,10,3,Early,0.2809666395187378,0.2777808606624603,0.011403677985072136,0.14455540478229523,0.28181007504463196,0.27874961495399475,0.010919053107500076,0.011491832323372364,0.16883808374404907,0.21527501940727234,True,0.2386016547679901,0.23802940547466278,0.23300421237945557,0.23370298743247986,-0.000698775053024292
123,20,10,4,Early,0.2777808606624603,0.2746390104293823,0.01137468684464693,0.15552155673503876,0.27874961495399475,0.27580419182777405,0.010622690431773663,0.011447872966527939,0.15956690907478333,0.15535765886306763,True,0.2382311224937439,0.23763741552829742,0.23300421237945557,0.23370298743247986,-0.000698775053024292
123,20,10,5,Early,0.2746390104293823,0.2715291678905487,0.011387886479496956,0.16395412385463715,0.27580419182777405,0.27275416254997253,0.01112031377851963,0.011514930985867977,0.15045392513275146,0.1615092009305954,True,0.23789812624454498,0.23727892339229584,0.23300421237945557,0.23370298743247986,-0.000698775053024292
123,20,10,6,Middle,0.2715291678905487,0.2684530019760132,0.011393662542104721,0.16807417571544647,0.27275416254997253,0.26972082257270813,0.011183501221239567,0.011546509340405464,0.14078590273857117,0.17688634991645813,True,0.23755696415901184,0.2369345724582672,0.23300421237945557,0.23370298743247986,-0.000698775053024292
123,20,10,7,Middle,0.2684530019760132,0.2654339075088501,0.011309977620840073,0.20789696276187897,0.26972082257270813,0.26672688126564026,0.01116251852363348,0.01153578795492649,0.130973219871521,0.17395515739917755,True,0.23726509511470795,0.23660999536514282,0.23300421237945557,0.23370298743247986,-0.000698775053024292
123,20,10,8,Middle,0.2654339075088501,0.26245301961898804,0.011294183321297169,0.19026781618595123,0.26672688126564026,0.26377570629119873,0.011125855147838593,0.01154450885951519,0.12108658254146576,0.2062532752752304,True,0.23695158958435059,0.23630844056606293,0.23300421237945557,0.23370298743247986,-0.000698775053024292
123,20,10,9,Middle,0.26245301961898804,0.25952351093292236,0.011225111782550812,0.19963400065898895,0.26377570629119873,0.26078662276268005,0.011396492831408978,0.011454948224127293,0.11108578741550446,0.20027227699756622,True,0.2365800440311432,0.23604270815849304,0.23300421237945557,0.23370298743247986,-0.000698775053024292
123,20,10,10,Middle,0.25952351093292236,0.2566221058368683,0.011242791078984737,0.21671737730503082,0.26078662276268005,0.2578751742839813,0.011226882226765156,0.011513987556099892,0.10085642337799072,0.222317636013031,True,0.2362336814403534,0.23576733469963074,0.23300421237945557,0.23370298743247986,-0.000698775053024292
123,20,10,11,Middle,0.2566221058368683,0.25378933548927307,0.01110015343874693,0.22338899970054626,0.2578751742839813,0.2549976706504822,0.011221105232834816,0.011368085630238056,0.09074171632528305,0.2239866405725479,True,0.2358347624540329,0.23550528287887573,0.23300421237945557,0.23370298743247986,-0.000698775053024292
123,20,10,12,Middle,0.25378933548927307,0.2510074973106384,0.011021633632481098,0.2641582787036896,0.2549976706504822,0.25215089321136475,0.01122629176825285,0.01130844559520483,0.08056318014860153,0.26464489102363586,True,0.2354719042778015,0.23525986075401306,0.23300421237945557,0.23370298743247986,-0.000698775053024292
123,20,10,13,Late,0.2510074973106384,0.248270645737648,0.010963153094053268,0.2628217339515686,0.25215089321136475,0.24936999380588531,0.011089662089943886,0.011196348816156387,0.07039041817188263,0.26361989974975586,True,0.23508113622665405,0.23501205444335938,0.23300421237945557,0.23370298743247986,-0.000698775053024292
123,20,10,14,Late,0.248270645737648,0.24557696282863617,0.010908794589340687,0.27093249559402466,0.24936999380588531,0.24661993980407715,0.011088953353464603,0.011088953353464603,0.06034783273935318,0.27156978845596313,False,0.23470281064510345,0.23476605117321014,0.23300421237945557,0.23370298743247986,-0.000698775053024292
123,20,10,15,Late,0.24557696282863617,0.24295370280742645,0.010739101096987724,0.27033716440200806,0.24661993980407715,0.24391674995422363,0.011021397076547146,0.011021397076547146,0.05020775645971298,0.30098703503608704,False,0.2343265563249588,0.2345433533191681,0.23300421237945557,0.23370298743247986,-0.000698775053024292
123,20,10,16,Late,0.24295370280742645,0.24038028717041016,0.010648991912603378,0.31743404269218445,0.24391674995422363,0.24127741158008575,0.01087955106049776,0.01087955106049776,0.040130019187927246,0.3180634081363678,False,0.23398788273334503,0.23432210087776184,0.23300421237945557,0.23370298743247986,-0.000698775053024292
123,20,10,17,Late,0.24038028717041016,0.23786228895187378,0.010529622435569763,0.30168819427490234,0.24127741158008575,0.23868775367736816,0.010791225358843803,0.010791225358843803,0.030187441036105156,0.30221351981163025,False,0.23365512490272522,0.23410263657569885,0.23300421237945557,0.23370298743247986,-0.000698775053024292
123,20,10,18,Late,0.23786228895187378,0.23540958762168884,0.010364349000155926,0.32376208901405334,0.23868775367736816,0.2361580729484558,0.010654297657310963,0.010654297657310963,0.020275792106986046,0.31178247928619385,False,0.2333240807056427,0.23389685153961182,0.23300421237945557,0.23370298743247986,-0.000698775053024292
123,20,10,19,Late,0.23540958762168884,0.23300421237945557,0.010270196944475174,0.3281444013118744,0.2361580729484558,0.23370298743247986,0.010450583882629871,0.010450583882629871,0.010450583882629871,0.33339086174964905,False,0.23300424218177795,0.2337029129266739,0.23300421237945557,0.23370298743247986,-0.000698775053024292
123,20,11,0,Early,0.4949796199798584,0.49145472049713135,0.007198584731668234,0.4076565206050873,0.4949796199798584,0.49145472049713135,0.007198584731668234,0.007198584731668234,0.1468309760093689,0.4076565206050873,False,0.4273841679096222,0.4273841679096222,0.42635470628738403,0.4263562262058258,-1.519918441772461e-06
123,20,11,1,Early,0.49145472049713135,0.48794078826904297,0.007228174712508917,0.39987581968307495,0.49145472049713135,0.48794078826904297,0.007228174712508917,0.007228174712508917,0.13990285992622375,0.39987581968307495,False,0.42729079723358154,0.42729079723358154,0.42635470628738403,0.4263562262058258,-1.519918441772461e-06
123,20,11,2,Early,0.48794078826904297,0.48442646861076355,0.007281665690243244,0.4314620792865753,0.48794078826904297,0.48442646861076355,0.007281665690243244,0.007281665690243244,0.13295386731624603,0.4314620792865753,False,0.4271939992904663,0.4271939992904663,0.42635470628738403,0.4263562262058258,-1.519918441772461e-06
123,20,11,3,Early,0.48442646861076355,0.480922132730484,0.007314331829547882,0.40001124143600464,0.48442646861076355,0.480922132730484,0.007314331829547882,0.007314331829547882,0.12592250108718872,0.40001124143600464,False,0.42710986733436584,0.42710986733436584,0.42635470628738403,0.4263562262058258,-1.519918441772461e-06
123,20,11,4,Early,0.480922132730484,0.4774266481399536,0.007349830120801926,0.4644230008125305,0.480922132730484,0.4774266481399536,0.007349830120801926,0.007349830120801926,0.11885397881269455,0.4644230008125305,False,0.4270280599594116,0.4270280599594116,0.42635470628738403,0.4263562262058258,-1.519918441772461e-06
123,20,11,5,Early,0.4774266481399536,0.4739411175251007,0.007383202202618122,0.4273182451725006,0.4774266481399536,0.4739411175251007,0.007383202202618122,0.007383202202618122,0.11172544211149216,0.4273182451725006,False,0.4269571900367737,0.4269571900367737,0.42635470628738403,0.4263562262058258,-1.519918441772461e-06
123,20,11,6,Middle,0.4739411175251007,0.47046029567718506,0.007428049575537443,0.4197595715522766,0.4739411175251007,0.47046029567718506,0.007428049575537443,0.007428049575537443,0.10456198453903198,0.4197595715522766,False,0.4268870949745178,0.4268870949745178,0.42635470628738403,0.4263562262058258,-1.519918441772461e-06
123,20,11,7,Middle,0.47046029567718506,0.4669959545135498,0.0074485233053565025,0.4208032190799713,0.47046029567718506,0.4669959545135498,0.0074485233053565025,0.0074485233053565025,0.09732622653245926,0.4208032190799713,False,0.4268292784690857,0.4268292784690857,0.42635470628738403,0.4263562262058258,-1.519918441772461e-06
123,20,11,8,Middle,0.4669959545135498,0.46353840827941895,0.007489579729735851,0.4357569217681885,0.4669959545135498,0.46353840827941895,0.007489579729735851,0.007489579729735851,0.09007222950458527,0.4357569217681885,False,0.42677077651023865,0.42677077651023865,0.42635470628738403,0.4263562262058258,-1.519918441772461e-06
123,20,11,9,Middle,0.46353840827941895,0.46009084582328796,0.007524481974542141,0.4521072804927826,0.46353840827941895,0.46009084582328796,0.007524481974542141,0.007524481974542141,0.08277764916419983,0.4521072804927826,False,0.4267124533653259,0.4267124533653259,0.42635470628738403,0.4263562262058258,-1.519918441772461e-06
123,20,11,10,Middle,0.46009084582328796,0.45666030049324036,0.007544124498963356,0.4474637806415558,0.46009084582328796,0.45666030049324036,0.007544124498963356,0.007544124498963356,0.07542236894369125,0.4474637806415558,False,0.4266655445098877,0.4266655445098877,0.42635470628738403,0.4263562262058258,-1.519918441772461e-06
123,20,11,11,Middle,0.45666030049324036,0.45324236154556274,0.007573823444545269,0.4407963454723358,0.45666030049324036,0.45324236154556274,0.007573823444545269,0.007573823444545269,0.0680379644036293,0.4407963454723358,False,0.42662304639816284,0.42662304639816284,0.42635470628738403,0.4263562262058258,-1.519918441772461e-06
123,20,11,12,Middle,0.45324236154556274,0.44983386993408203,0.00761061767116189,0.4568140208721161,0.45324236154556274,0.44983386993408203,0.00761061767116189,0.00761061767116189,0.0606272928416729,0.4568140208721161,False,0.4265795946121216,0.4265795946121216,0.42635470628738403,0.4263562262058258,-1.519918441772461e-06
123,20,11,13,Late,0.44983386993408203,0.44644099473953247,0.007633923087269068,0.44892776012420654,0.44983386993408203,0.44644099473953247,0.007633923087269068,0.007633923087269068,0.053168345242738724,0.44892776012420654,False,0.42654138803482056,0.42654138803482056,0.42635470628738403,0.4263562262058258,-1.519918441772461e-06
123,20,11,14,Late,0.44644099473953247,0.443058043718338,0.0076703596860170364,0.49753451347351074,0.44644099473953247,0.443058043718338,0.0076703596860170364,0.0076703596860170364,0.045690346509218216,0.49753451347351074,False,0.42650163173675537,0.42650163173675537,0.42635470628738403,0.4263562262058258,-1.519918441772461e-06
123,20,11,15,Late,0.443058043718338,0.43969669938087463,0.007680298760533333,0.47452661395072937,0.443058043718338,0.439697802066803,0.007677692919969559,0.007680298760533333,0.03815390169620514,0.4886516332626343,True,0.4264720380306244,0.42647185921669006,0.42635470628738403,0.4263562262058258,-1.519918441772461e-06
123,20,11,16,Late,0.43969669938087463,0.43633222579956055,0.007747132796794176,0.4911362826824188,0.439697802066803,0.43633341789245605,0.007746777962893248,0.007746777962893248,0.03064691089093685,0.49117717146873474,False,0.42642641067504883,0.42642664909362793,0.42635470628738403,0.4263562262058258,-1.519918441772461e-06
123,20,11,17,Late,0.43633222579956055,0.43299490213394165,0.007744886446744204,0.5058878064155579,0.43633341789245605,0.43299615383148193,0.007744531612843275,0.007744769565761089,0.02303829975426197,0.5059468746185303,True,0.4263950288295746,0.42639580368995667,0.42635470628738403,0.4263562262058258,-1.519918441772461e-06
123,20,11,18,Late,0.43299490213394165,0.429670125246048,0.007775998208671808,0.4979954659938812,0.43299615383148193,0.42967143654823303,0.007775761187076569,0.007775761187076569,0.015435835346579552,0.4980376362800598,False,0.4263627231121063,0.4263637363910675,0.42635470628738403,0.4263562262058258,-1.519918441772461e-06
123,20,11,19,Late,0.429670125246048,0.42635470628738403,0.00781503040343523,0.5290412902832031,0.42967143654823303,0.4263562262058258,0.007814557291567326,0.007814557291567326,0.007814557291567326,0.529117226600647,False,0.426325261592865,0.42632678151130676,0.42635470628738403,0.4263562262058258,-1.519918441772461e-06
123,20,12,0,Early,0.2089066505432129,0.20765936374664307,0.00598837761208415,0.1845436692237854,0.2089066505432129,0.20874863862991333,0.0007552251336164773,0.00598837761208415,-0.05486181378364563,0.31619471311569214,True,0.2286156862974167,0.22068779170513153,0.195524200797081,0.19561558961868286,-9.138882160186768e-05
123,20,12,1,Early,0.20765936374664307,0.20660415291786194,0.005094510968774557,0.19426578283309937,0.20874863862991333,0.20857830345630646,0.0008159938151948154,0.008101050741970539,-0.029451502487063408,0.27473121881484985,True,0.22789359092712402,0.21498793363571167,0.195524200797081,0.19561558961868286,-9.138882160186768e-05
123,20,12,2,Early,0.20660415291786194,0.2056093066930771,0.004824658390134573,0.22494086623191833,0.20857830345630646,0.20784035325050354,0.0035420977510511875,0.00978724006563425,-0.014468449167907238,0.22493474185466766,True,0.22366181015968323,0.21161797642707825,0.195524200797081,0.19561558961868286,-9.138882160186768e-05
123,20,12,3,Early,0.2056093066930771,0.20468293130397797,0.00451461598277092,0.18514293432235718,0.20784035325050354,0.20800267159938812,-0.000782216782681644,0.010479219257831573,0.003545692190527916,0.2835671007633209,True,0.22154082357883453,0.2071046382188797,0.195524200797081,0.19561558961868286,-9.138882160186768e-05
123,20,12,4,Early,0.20468293130397797,0.20379520952701569,0.0043449015356600285,0.228257954120636,0.20800267159938812,0.2089773416519165,-0.004676563665270805,0.012568425387144089,0.026556096971035004,0.30324995517730713,True,0.21844126284122467,0.20255158841609955,0.195524200797081,0.19561558961868286,-9.138882160186768e-05
123,20,12,5,Early,0.20379520952701569,0.20294737815856934,0.0041687460616230965,0.2134314775466919,0.2089773416519165,0.20919761061668396,-0.001057002111338079,0.0163226630538702,0.04386192560195923,0.2350192368030548,True,0.21538716554641724,0.20000922679901123,0.195524200797081,0.19561558961868286,-9.138882160186768e-05
123,20,12,6,Middle,0.20294737815856934,0.20213550329208374,0.004008113872259855,0.21774666011333466,0.20919761061668396,0.21046802401542664,-0.006056638900190592,0.018268071115016937,0.057328950613737106,0.2781861424446106,True,0.2128600925207138,0.19754178822040558,0.195524200797081,0.19561558961868286,-9.138882160186768e-05
123,20,12,7,Middle,0.20213550329208374,0.20135724544525146,0.0038569539319723845,0.2654356062412262,0.21046802401542664,0.21162140369415283,-0.0054673911072313786,0.020942986011505127,0.07004347443580627,0.26624342799186707,True,0.20942586660385132,0.19623054563999176,0.195524200797081,0.19561558961868286,-9.138882160186768e-05
123,20,12,8,Middle,0.20135724544525146,0.20060992240905762,0.0037165803369134665,0.22018951177597046,0.21162140369415283,0.21266019344329834,-0.004898919258266687,0.022655950859189034,0.07780465483665466,0.2665698230266571,True,0.20823833346366882,0.19578050076961517,0.195524200797081,0.19561558961868286,-9.138882160186768e-05
123,20,12,9,Middle,0.20060992240905762,0.19995564222335815,0.0032673056703060865,0.2278970628976822,0.21266019344329834,0.21063455939292908,0.009568768553435802,0.02497517317533493,0.08275364339351654,0.2199888676404953,True,0.20589204132556915,0.1957702785730362,0.195524200797081,0.19561558961868286,-9.138882160186768e-05
123,20,12,10,Middle,0.19995564222335815,0.19932778179645538,0.0031434844713658094,0.2554178833961487,0.21063455939292908,0.20829980075359344,0.011145108379423618,0.025081174448132515,0.07323603332042694,0.24546794593334198,True,0.2032109946012497,0.19575980305671692,0.195524200797081,0.19561558961868286,-9.138882160186768e-05
123,20,12,11,Middle,0.19932778179645538,0.19872531294822693,0.0030264209490269423,0.2750793397426605,0.20829980075359344,0.205444797873497,0.013798178173601627,0.021219396963715553,0.062160424888134,0.21334455907344818,True,0.2026796042919159,0.19574595987796783,0.195524200797081,0.19561558961868286,-9.138882160186768e-05
123,20,12,12,Middle,0.19872531294822693,0.1981838196516037,0.0027278345078229904,0.26057466864585876,0.205444797873497,0.20329052209854126,0.010539328679442406,0.018992707133293152,0.048442017287015915,0.2640024423599243,True,0.20097441971302032,0.1957298219203949,0.195524200797081,0.19561558961868286,-9.138882160186768e-05
123,20,12,13,Late,0.1981838196516037,0.1976986527442932,0.002449367893859744,0.25656601786613464,0.20329052209854126,0.2015874683856964,0.008410732261836529,0.0163369569927454,0.037966735661029816,0.24547477066516876,True,0.19980750977993011,0.19571690261363983,0.195524200797081,0.19561558961868286,-9.138882160186768e-05
123,20,12,14,Late,0.1976986527442932,0.1972302496433258,0.0023713514674454927,0.29737135767936707,0.2015874683856964,0.20011252164840698,0.007342837285250425,0.013611945323646069,0.029675183817744255,0.2770976424217224,True,0.19807173311710358,0.1956932246685028,0.195524200797081,0.19561558961868286,-9.138882160186768e-05
123,20,12,15,Late,0.1972302496433258,0.19682247936725616,0.0020691161043941975,0.2814984619617462,0.20011252164840698,0.19892525672912598,0.005949513986706734,0.010787423700094223,0.02237514592707157,0.27638140320777893,True,0.19721443951129913,0.19568467140197754,0.195524200797081,0.19561558961868286,-9.138882160186768e-05
123,20,12,16,Late,0.19682247936725616,0.19644266366958618,0.0019308682531118393,0.3005506992340088,0.19892525672912598,0.19770996272563934,0.006128310691565275,0.009097572416067123,0.016453634947538376,0.2670305371284485,True,0.19678544998168945,0.1956789791584015,0.195524200797081,0.19561558961868286,-9.138882160186768e-05
123,20,12,17,Late,0.19644266366958618,0.19607718288898468,0.00186174176633358,0.32484638690948486,0.19770996272563934,0.1966538429260254,0.00535467779263854,0.006247431505471468,0.010384058579802513,0.2868709862232208,True,0.1960706263780594,0.1956675499677658,0.195524200797081,0.19561558961868286,-9.138882160186768e-05
123,20,12,18,Late,0.19607718288898468,0.19577567279338837,0.001539232092909515,0.34000253677368164,0.1966538429260254,0.19614727795124054,0.002578502520918846,0.003396066138520837,0.005175779573619366,0.34021469950675964,True,0.19575601816177368,0.19563862681388855,0.195524200797081,0.19561558961868286,-9.138882160186768e-05
123,20,12,19,Late,0.19577567279338837,0.195524200797081,0.001284604542888701,0.3214002251625061,0.19614727795124054,0.19561558961868286,0.002712592016905546,0.002712592016905546,0.002712592016905546,0.3009907901287079,False,0.19552433490753174,0.19561591744422913,0.195524200797081,0.19561558961868286,-9.138882160186768e-05
123,20,13,0,Early,0.21800927817821503,0.21591661870479584,0.009645141661167145,0.14874905347824097,0.21800927817821503,0.21635402739048004,0.007621831260621548,0.009645141661167145,0.017825789749622345,0.1612476110458374,True,0.21641109883785248,0.214157372713089,0.19252870976924896,0.19409124553203583,-0.0015625357627868652
123,20,13,1,Early,0.21591661870479584,0.21396614611148834,0.009073549881577492,0.1476641446352005,0.21635402739048004,0.215279683470726,0.004977057222276926,0.00943319033831358,0.030682044103741646,0.235165074467659,True,0.2148999124765396,0.20981645584106445,0.19252870976924896,0.19409124553203583,-0.0015625357627868652
123,20,13,2,Early,0.21396614611148834,0.2121080756187439,0.008721092715859413,0.12320548295974731,0.215279683470726,0.21430858969688416,0.0045201582834124565,0.00980131421238184,0.0439273901283741,0.1945500522851944,True,0.21397283673286438,0.20602752268314362,0.19252870976924896,0.19409124553203583,-0.0015625357627868652
123,20,13,3,Early,0.2121080756187439,0.21035045385360718,0.00832064263522625,0.12402164936065674,0.21430858969688416,0.21343351900577545,0.004091191571205854,0.01002262718975544,0.054767902940511703,0.2136317938566208,True,0.212672621011734,0.20288683474063873,0.19252870976924896,0.19409124553203583,-0.0015625357627868652
123,20,13,4,Early,0.21035045385360718,0.2087005376815796,0.007874731905758381,0.1491926908493042,0.21343351900577545,0.21308623254299164,0.0016279742121696472,0.010406828485429287,0.06572207808494568,0.25359439849853516,True,0.21123307943344116,0.19985710084438324,0.19252870976924896,0.19409124553203583,-0.0015625357627868652
123,20,13,5,Early,0.2087005376815796,0.20709575712680817,0.007719664368778467,0.15677376091480255,0.21308623254299164,0.21210117638111115,0.004633025731891394,0.010988392867147923,0.07306669652462006,0.19910992681980133,True,0.20960497856140137,0.19807179272174835,0.19252870976924896,0.19409124553203583,-0.0015625357627868652
123,20,13,6,Middle,0.20709575712680817,0.2055901139974594,0.007296800147742033,0.18948182463645935,0.21210117638111115,0.21148531138896942,0.0029073094483464956,0.011085777543485165,0.07625266164541245,0.1979767233133316,True,0.2075626254081726,0.19652903079986572,0.19252870976924896,0.19409124553203583,-0.0015625357627868652
123,20,13,7,Middle,0.2055901139974594,0.20419283211231232,0.006819053087383509,0.17989511787891388,0.21148531138896942,0.21132555603981018,0.0007547479472123086,0.011497247032821178,0.07959887385368347,0.23244383931159973,True,0.20613570511341095,0.1953037530183792,0.19252870976924896,0.19409124553203583,-0.0015625357627868652
123,20,13,8,Middle,0.20419283211231232,0.20284093916416168,0.006642975378781557,0.16447478532791138,0.21132555603981018,0.21042098104953766,0.0042877946980297565,0.012057088315486908,0.08168713748455048,0.19877786934375763,True,0.2048858255147934,0.1947491317987442,0.19252870976924896,0.19409124553203583,-0.0015625357627868652
123,20,13,9,Middle,0.20284093916416168,0.20154623687267303,0.0064038620330393314,0.2178606241941452,0.21042098104953766,0.2098853588104248,0.002547568641602993,0.012169921770691872,0.07908058166503906,0.24326802790164948,True,0.2029956877231598,0.19442161917686462,0.19252870976924896,0.19409124553203583,-0.0015625357627868652
123,20,13,10,Middle,0.20154623687267303,0.20032450556755066,0.006079853046685457,0.21871159970760345,0.2098853588104248,0.20823222398757935,0.007906785234808922,0.012686192989349365,0.07713210582733154,0.2037932425737381,True,0.20143979787826538,0.1943049430847168,0.19252870976924896,0.19409124553203583,-0.0015625357627868652
123,20,13,11,Middle,0.20032450556755066,0.19916382431983948,0.0058104959316551685,0.22016388177871704,0.20823222398757935,0.20629307627677917,0.009355135262012482,0.01223115622997284,0.06964815407991409,0.23725388944149017,True,0.19955573976039886,0.19422270357608795,0.19252870976924896,0.19409124553203583,-0.0015625357627868652
123,20,13,12,Middle,0.19916382431983948,0.19806639850139618,0.005524944048374891,0.2307533621788025,0.20629307627677917,0.20433150231838226,0.00955304503440857,0.011706037446856499,0.06044991314411163,0.23088814318180084,True,0.19800184667110443,0.1941920667886734,0.19252870976924896,0.19409124553203583,-0.0015625357627868652
123,20,13,13,Late,0.19806639850139618,0.19706331193447113,0.005077425856143236,0.26299604773521423,0.20433150231838226,0.20248697698116302,0.009067162871360779,0.010847808793187141,0.05103004723787308,0.2221527099609375,True,0.1964867115020752,0.19416595995426178,0.19252870976924896,0.19409124553203583,-0.0015625357627868652
123,20,13,14,Late,0.19706331193447113,0.19612693786621094,0.004762005992233753,0.2800467312335968,0.20248697698116302,0.20062711834907532,0.009226622059941292,0.01005388144403696,0.04210991784930229,0.26650139689445496,True,0.19545595347881317,0.19413721561431885,0.19252870976924896,0.19409124553203583,-0.0015625357627868652
123,20,13,15,Late,0.19612693786621094,0.1952538937330246,0.004460962023586035,0.2811095416545868,0.20062711834907532,0.19904260337352753,0.00792841799557209,0.008950411342084408,0.03297710046172142,0.2467065155506134,True,0.1946515142917633,0.19411884248256683,0.19252870976924896,0.19409124553203583,-0.0015625357627868652
123,20,13,16,Late,0.1952538937330246,0.19446058571338654,0.004071264993399382,0.27455011010169983,0.19904260337352753,0.1975027620792389,0.007766366936266422,0.008041094988584518,0.025079376995563507,0.2538754642009735,True,0.19389458000659943,0.19411276280879974,0.19252870976924896,0.19409124553203583,-0.0015625357627868652
123,20,13,17,Late,0.19446058571338654,0.19373761117458344,0.003723457921296358,0.3027465343475342,0.1975027620792389,0.1961802840232849,0.0067176795564591885,0.006928178947418928,0.017358195036649704,0.2677081227302551,True,0.19319045543670654,0.19410401582717896,0.19252870976924896,0.19409124553203583,-0.0015625357627868652
123,20,13,18,Late,0.19373761117458344,0.19308845698833466,0.0033564034383744,0.28759637475013733,0.1961802840232849,0.19503679871559143,0.0058454349637031555,0.005906217265874147,0.010660683736205101,0.30115142464637756,True,0.19274558126926422,0.19409996271133423,0.19252870976924896,0.19409124553203583,-0.0015625357627868652
123,20,13,19,Late,0.19308845698833466,0.19252870976924896,0.002903277287259698,0.3158654570579529,0.19503679871559143,0.19409124553203583,0.004858672618865967,0.004858672618865967,0.004858672618865967,0.3073991537094116,False,0.19252867996692657,0.19409146904945374,0.19252870976924896,0.19409124553203583,-0.0015625357627868652
123,20,14,0,Early,0.1856251358985901,0.18060776591300964,0.027398886159062386,0.16191883385181427,0.1856251358985901,0.18956419825553894,-0.021004464477300644,0.027398886159062386,-0.1638759970664978,0.35283586382865906,True,0.2509283125400543,0.21867908537387848,0.18890050053596497,0.18785779178142548,0.0010427087545394897
123,20,14,1,Early,0.18060776591300964,0.18022242188453674,0.0021337124053388834,0.2865501344203949,0.18956419825553894,0.19634343683719635,-0.03514377772808075,0.04059206694364548,-0.0842052698135376,0.3566730320453644,True,0.24737918376922607,0.20621779561042786,0.18890050053596497,0.18785779178142548,0.0010427087545394897
123,20,14,2,Early,0.18022242188453674,0.17995665967464447,0.0014724594075232744,0.3018858730792999,0.19634343683719635,0.20590756833553314,-0.04756884276866913,0.061602190136909485,0.00018327496945858002,0.3782777488231659,True,0.24019606411457062,0.1963074654340744,0.18890050053596497,0.18785779178142548,0.0010427087545394897
123,20,14,3,Early,0.17995665967464447,0.17989209294319153,0.00035756247234530747,0.2705039083957672,0.20590756833553314,0.21459561586380005,-0.041336070746183395,0.07395927608013153,0.07348459959030151,0.35463738441467285,True,0.23647929728031158,0.1913190633058548,0.18890050053596497,0.18785779178142548,0.0010427087545394897
123,20,14,4,Early,0.17989209294319153,0.17992337048053741,-0.0001720949512673542,0.28113630414009094,0.21459561586380005,0.22510814666748047,-0.04783296957612038,0.07848826795816422,0.12482839077711105,0.3624332845211029,True,0.23306503891944885,0.1894124299287796,0.18890050053596497,0.18785779178142548,0.0010427087545394897
123,20,14,5,Early,0.17992337048053741,0.1799798458814621,-0.0003154798469040543,0.3035317659378052,0.22510814666748047,0.2165490835905075,0.03875357285141945,0.08589982986450195,0.17340774834156036,0.27480649948120117,True,0.2258380949497223,0.18926970660686493,0.18890050053596497,0.18785779178142548,0.0010427087545394897
123,20,14,6,Middle,0.1799798458814621,0.1802210509777069,-0.0013377084396779537,0.2884044945240021,0.2165490835905075,0.21069715917110443,0.027390629053115845,0.09979475289583206,0.13515710830688477,0.2939591705799103,True,0.22060281038284302,0.1891726702451706,0.18890050053596497,0.18785779178142548,0.0010427087545394897
123,20,14,7,Middle,0.1802210509777069,0.18044769763946533,-0.0012538558803498745,0.29348990321159363,0.21069715917110443,0.20908161997795105,0.0076866778545081615,0.09784439206123352,0.1090308204293251,0.2930518686771393,True,0.2179057002067566,0.18893274664878845,0.18890050053596497,0.18785779178142548,0.0010427087545394897
123,20,14,8,Middle,0.18044769763946533,0.18083390593528748,-0.002136485418304801,0.2919236719608307,0.20908161997795105,0.20685887336730957,0.010678174905478954,0.07068319618701935,0.1018274649977684,0.29244422912597656,True,0.21354256570339203,0.18883945047855377,0.18890050053596497,0.18785779178142548,0.0010427087545394897
123,20,14,9,Middle,0.18083390593528748,0.1813504993915558,-0.002852153731510043,0.2787099778652191,0.20685887336730957,0.20197586715221405,0.023880697786808014,0.08004045486450195,0.09155561029911041,0.2686147093772888,True,0.21091246604919434,0.18876086175441742,0.18890050053596497,0.18785779178142548,0.0010427087545394897
123,20,14,10,Middle,0.1813504993915558,0.18185999989509583,-0.0028037389274686575,0.3298143744468689,0.20197586715221405,0.19908587634563446,0.014401420019567013,0.06693864613771439,0.06803341954946518,0.2827233076095581,True,0.20473745465278625,0.18869177997112274,0.18890050053596497,0.18785779178142548,0.0010427087545394897
123,20,14,11,Middle,0.18185999989509583,0.18242131173610687,-0.003082731505855918,0.31484392285346985,0.19908587634563446,0.1951458752155304,0.01998116262257099,0.06413864344358444,0.05390692129731178,0.2745305299758911,True,0.20174308121204376,0.1886378973722458,0.18890050053596497,0.18785779178142548,0.0010427087545394897
123,20,14,12,Middle,0.18242131173610687,0.1830795407295227,-0.003602131037041545,0.3134588301181793,0.1951458752155304,0.19264045357704163,0.012912818230688572,0.05048398673534393,0.034206680953502655,0.2825106382369995,True,0.19936323165893555,0.18858346343040466,0.18890050053596497,0.18785779178142548,0.0010427087545394897
123,20,14,13,Late,0.1830795407295227,0.18378832936286926,-0.003865492530167103,0.3053395748138428,0.19264045357704163,0.19200389087200165,0.003305448219180107,0.04198232665657997,0.021669678390026093,0.3129734694957733,True,0.19758042693138123,0.18851089477539062,0.18890050053596497,0.18785779178142548,0.0010427087545394897
123,20,14,14,Late,0.18378832936286926,0.18452739715576172,-0.004014314152300358,0.3298932611942291,0.19200389087200165,0.18786582350730896,0.021784871816635132,0.041091106832027435,0.019161656498908997,0.31608840823173523,True,0.1954224407672882,0.18835978209972382,0.18890050053596497,0.18785779178142548,0.0010427087545394897
123,20,14,15,Late,0.18452739715576172,0.18530860543251038,-0.004224210977554321,0.3396347463130951,0.18786582350730896,0.1882508248090744,-0.002052804222330451,0.021970227360725403,-0.0017039619851857424,0.3407135009765625,True,0.1928744912147522,0.18818621337413788,0.18890050053596497,0.18785779178142548,0.0010427087545394897
123,20,14,16,Late,0.18530860543251038,0.18619215488433838,-0.004755882080644369,0.34161636233329773,0.1882508248090744,0.18721814453601837,0.005496619269251823,0.019536597654223442,0.0007967478595674038,0.31862103939056396,True,0.19169870018959045,0.1881008893251419,0.18890050053596497,0.18785779178142548,0.0010427087545394897
123,20,14,17,Late,0.18619215488433838,0.1870690882205963,-0.004696778487414122,0.3692300319671631,0.18721814453601837,0.18683761358261108,0.0020324711222201586,0.007703424897044897,-0.004328269045799971,0.330189973115921,True,0.18943758308887482,0.18803022801876068,0.18890050053596497,0.18785779178142548,0.0010427087545394897
123,20,14,18,Late,0.1870690882205963,0.18794545531272888,-0.004673181101679802,0.3383604884147644,0.18683761358261108,0.1870325207710266,-0.001044170930981636,3.073757761740126e-05,-0.006058869883418083,0.3497264087200165,True,0.18923330307006836,0.18797306716442108,0.18890050053596497,0.18785779178142548,0.0010427087545394897
123,20,14,19,Late,0.18794545531272888,0.18890050053596497,-0.0050674728117883205,0.3927362859249115,0.1870325207710266,0.18785779178142548,-0.004406072665005922,-0.004406072665005922,-0.004406072665005922,0.3762427270412445,False,0.18890027701854706,0.18785841763019562,0.18890050053596497,0.18785779178142548,0.0010427087545394897
123,20,15,0,Early,0.17882534861564636,0.1714017540216446,0.042393531650304794,0.21469004452228546,0.17882534861564636,0.19214123487472534,-0.07182813435792923,0.042393531650304794,-0.21836784482002258,0.4511791169643402,True,0.2649232745170593,0.22246670722961426,0.1989498883485794,0.1968347728252411,0.002115115523338318
123,20,15,1,Early,0.1714017540216446,0.17109237611293793,0.0018004593439400196,0.2945852279663086,0.19214123487472534,0.2000872641801834,-0.0405350960791111,0.09093140810728073,-0.10158839821815491,0.3371507525444031,True,0.26610198616981506,0.2126864194869995,0.1989498883485794,0.1968347728252411,0.002115115523338318
123,20,15,2,Early,0.17109237611293793,0.17147347331047058,-0.0022277608513832092,0.2955015301704407,0.2000872641801834,0.21533401310443878,-0.07344453036785126,0.10283935815095901,-0.012825481593608856,0.38534972071647644,True,0.2612040638923645,0.20266997814178467,0.1989498883485794,0.1968347728252411,0.002115115523338318
123,20,15,3,Early,0.17147347331047058,0.1720704436302185,-0.0034755610395222902,0.2918761074542999,0.21533401310443878,0.22929607331752777,-0.06283330172300339,0.09566576033830643,0.08010895550251007,0.37360501289367676,True,0.25542137026786804,0.19875670969486237,0.1989498883485794,0.1968347728252411,0.002115115523338318
123,20,15,4,Early,0.1720704436302185,0.1727188378572464,-0.0037674270570278168,0.3130200207233429,0.22929607331752777,0.2297319769859314,-0.0019149042200297117,0.09802119433879852,0.1448824107646942,0.3127867579460144,True,0.24957360327243805,0.19836951792240143,0.1989498883485794,0.1968347728252411,0.002115115523338318
123,20,15,5,Early,0.1727188378572464,0.1736975610256195,-0.005658214911818504,0.2940368354320526,0.2297319769859314,0.22206522524356842,0.03393204137682915,0.1337558925151825,0.14730410277843475,0.2593629062175751,True,0.24174150824546814,0.1982659250497818,0.1989498883485794,0.1968347728252411,0.002115115523338318
123,20,15,6,Middle,0.1736975610256195,0.17475061118602753,-0.006045340560376644,0.31838274002075195,0.22206522524356842,0.21490733325481415,0.03275194391608238,0.13493548333644867,0.11381940543651581,0.26642706990242004,True,0.23859964311122894,0.19817523658275604,0.1989498883485794,0.1968347728252411,0.002115115523338318
123,20,15,7,Middle,0.17475061118602753,0.175978422164917,-0.007010421250015497,0.34563973546028137,0.21490733325481415,0.2103983610868454,0.0211928803473711,0.11731299012899399,0.08188705146312714,0.30829036235809326,True,0.23000366985797882,0.19801044464111328,0.1989498883485794,0.1968347728252411,0.002115115523338318
123,20,15,8,Middle,0.175978422164917,0.17726637423038483,-0.007294736336916685,0.2866225838661194,0.2103983610868454,0.20663993060588837,0.018014268949627876,0.11128547787666321,0.06135974079370499,0.28664132952690125,True,0.22951480746269226,0.19787642359733582,0.1989498883485794,0.1968347728252411,0.002115115523338318
123,20,15,9,Middle,0.17726637423038483,0.17887450754642487,-0.009033109992742538,0.28976017236709595,0.20663993060588837,0.20461809635162354,0.009820005856454372,0.07493021339178085,0.043863385915756226,0.3077704608440399,True,0.22543492913246155,0.19777187705039978,0.1989498883485794,0.1968347728252411,0.002115115523338318
123,20,15,10,Middle,0.17887450754642487,0.18041548132896423,-0.008579656481742859,0.331624299287796,0.20461809635162354,0.19925180077552795,0.026568742468953133,0.09372011572122574,0.03466308116912842,0.2983866035938263,True,0.22125622630119324,0.19764691591262817,0.1989498883485794,0.1968347728252411,0.002115115523338318
123,20,15,11,Middle,0.18041548132896423,0.18207746744155884,-0.009173444472253323,0.3443682789802551,0.19925180077552795,0.19959905743598938,-0.0017512281192466617,0.08958598971366882,0.008359426632523537,0.3133901059627533,True,0.21306359767913818,0.19759312272071838,0.1989498883485794,0.1968347728252411,0.002115115523338318
123,20,15,12,Middle,0.18207746744155884,0.1838710457086563,-0.009805497713387012,0.3268445134162903,0.19959905743598938,0.19591876864433289,0.018599148839712143,0.06905417889356613,0.010890978388488293,0.3196035921573639,True,0.21167030930519104,0.19743700325489044,0.1989498883485794,0.1968347728252411,0.002115115523338318
123,20,15,13,Late,0.1838710457086563,0.18582944571971893,-0.010594683699309826,0.33069494366645813,0.19591876864433289,0.1934908628463745,0.012461059726774693,0.04717068746685982,-0.00755172036588192,0.2924078106880188,True,0.20864175260066986,0.1974038928747177,0.1989498883485794,0.1968347728252411,0.002115115523338318
123,20,15,14,Late,0.18582944571971893,0.18783505260944366,-0.010738546028733253,0.33798038959503174,0.1934908628463745,0.193462073802948,0.0001424425427103415,0.04010213166475296,-0.019447145983576775,0.34530875086784363,True,0.20613627135753632,0.19729052484035492,0.1989498883485794,0.1968347728252411,0.002115115523338318
123,20,15,15,Late,0.18783505260944366,0.18997713923454285,-0.011342897079885006,0.32828229665756226,0.193462073802948,0.19253049790859222,0.0048188441433012486,0.024446889758110046,-0.01895005628466606,0.32561540603637695,True,0.2039218246936798,0.1971631646156311,0.1989498883485794,0.1968347728252411,0.002115115523338318
123,20,15,16,Late,0.18997713923454285,0.19217854738235474,-0.011519425548613071,0.35217180848121643,0.19253049790859222,0.19232772290706635,0.0010499140480533242,0.01864294707775116,-0.023504819720983505,0.3142610490322113,True,0.20153893530368805,0.19710947573184967,0.1989498883485794,0.1968347728252411,0.002115115523338318
123,20,15,17,Late,0.19217854738235474,0.1942969709634781,-0.010967032983899117,0.3706871271133423,0.19232772290706635,0.193258598446846,-0.004835780244320631,0.0027472705114632845,-0.024276843294501305,0.3263372778892517,True,0.1999076008796692,0.1970539689064026,0.1989498883485794,0.1968347728252411,0.002115115523338318
123,20,15,18,Late,0.1942969709634781,0.19661591947078705,-0.011864615604281425,0.3510536253452301,0.193258598446846,0.19483433663845062,-0.008121062070131302,-0.006273073609918356,-0.01881774142384529,0.3500361442565918,True,0.19915850460529327,0.1969297230243683,0.1989498883485794,0.1968347728252411,0.002115115523338318
123,20,15,19,Late,0.19661591947078705,0.1989498883485794,-0.011804664507508278,0.37015730142593384,0.19483433663845062,0.1968347728252411,-0.010217717848718166,-0.010217717848718166,-0.010217717848718166,0.3703049421310425,False,0.1989506632089615,0.19683530926704407,0.1989498883485794,0.1968347728252411,0.002115115523338318
123,20,16,0,Early,0.37952548265457153,0.3762419521808624,0.008688900619745255,0.24726174771785736,0.37952548265457153,0.3762844204902649,0.008576037362217903,0.008688900619745255,0.18325161933898926,0.2612781226634979,True,0.31599971652030945,0.31597673892974854,0.31520986557006836,0.3152185082435608,-8.64267349243164e-06
123,20,16,1,Early,0.3762419521808624,0.372949481010437,0.00878923013806343,0.2345229834318161,0.3762844204902649,0.3729911744594574,0.008790175430476665,0.008790175430476665,0.17483781278133392,0.2344907820224762,False,0.31594666838645935,0.3159254193305969,0.31520986557006836,0.3152185082435608,-8.64267349243164e-06
123,20,16,2,Early,0.372949481010437,0.3696596622467041,0.008859772235155106,0.22846932709217072,0.3729911744594574,0.3697105050086975,0.00883436854928732,0.008864380419254303,0.16612166166305542,0.21804413199424744,True,0.3159276843070984,0.3159019947052002,0.31520986557006836,0.3152185082435608,-8.64267349243164e-06
123,20,16,3,Early,0.3696596622467041,0.36636120080947876,0.008962679654359818,0.2866135239601135,0.3697105050086975,0.36644184589385986,0.00888009648770094,0.008970477618277073,0.15737339854240417,0.22571982443332672,True,0.3159114420413971,0.31587469577789307,0.31520986557006836,0.3152185082435608,-8.64267349243164e-06
123,20,16,4,Early,0.36636120080947876,0.3630768358707428,0.009004977531731129,0.24036794900894165,0.36644184589385986,0.36315447092056274,0.009011357091367245,0.009011357091367245,0.1485837697982788,0.24032367765903473,False,0.3158809244632721,0.3158460259437561,0.31520986557006836,0.3152185082435608,-8.64267349243164e-06
123,20,16,5,Early,0.3630768358707428,0.3597840964794159,0.009109998121857643,0.2723560929298401,0.36315447092056274,0.35985714197158813,0.009121219627559185,0.009121219627559185,0.13966643810272217,0.2723357677459717,False,0.3158505856990814,0.31581631302833557,0.31520986557006836,0.3152185082435608,-8.64267349243164e-06
123,20,16,6,Middle,0.3597840964794159,0.3565010130405426,0.009166932664811611,0.26184508204460144,0.35985714197158813,0.35658490657806396,0.009134451858699322,0.00917933601886034,0.1306454986333847,0.23850081861019135,True,0.31582263112068176,0.31578466296195984,0.31520986557006836,0.3152185082435608,-8.64267349243164e-06
123,20,16,7,Middle,0.3565010130405426,0.3532197177410126,0.009246427565813065,0.2523949444293976,0.35658490657806396,0.35330039262771606,0.009253513999283314,0.009253513999283314,0.12168123573064804,0.25238022208213806,False,0.31576472520828247,0.31573086977005005,0.31520986557006836,0.3152185082435608,-8.64267349243164e-06
123,20,16,8,Middle,0.3532197177410126,0.3499610126018524,0.009268396534025669,0.27889296412467957,0.35330039262771606,0.3500370383262634,0.009279380552470684,0.009279380552470684,0.11254122108221054,0.27887579798698425,False,0.31572532653808594,0.3156949579715729,0.31520986557006836,0.3152185082435608,-8.64267349243164e-06
123,20,16,9,Middle,0.3499610126018524,0.3467097580432892,0.009333353489637375,0.2725873589515686,0.3500370383262634,0.3467889428138733,0.009322253055870533,0.009349296800792217,0.10339457541704178,0.28005290031433105,True,0.31568655371665955,0.315652996301651,0.31520986557006836,0.3152185082435608,-8.64267349243164e-06
123,20,16,10,Middle,0.3467097580432892,0.34346824884414673,0.00939334649592638,0.3058165907859802,0.3467889428138733,0.3435395359992981,0.00941377691924572,0.00941377691924572,0.09420153498649597,0.3058466911315918,False,0.3156437277793884,0.31561213731765747,0.31520986557006836,0.3152185082435608,-8.64267349243164e-06
123,20,16,11,Middle,0.34346824884414673,0.3402590751647949,0.009387207217514515,0.2859313488006592,0.3435395359992981,0.3403245210647583,0.009402086958289146,0.009402086958289146,0.08489321172237396,0.28595608472824097,False,0.31560561060905457,0.3155786991119385,0.31520986557006836,0.3152185082435608,-8.64267349243164e-06
123,20,16,12,Middle,0.3402590751647949,0.3370673656463623,0.00942428782582283,0.3426017165184021,0.3403245210647583,0.3371339440345764,0.009419094771146774,0.009443771094083786,0.07561276108026505,0.30193182826042175,True,0.3155703544616699,0.3155403137207031,0.31520986557006836,0.3152185082435608,-8.64267349243164e-06
123,20,16,13,Late,0.3370673656463623,0.33387401700019836,0.009518873877823353,0.3275774121284485,0.3371339440345764,0.3339337408542633,0.00953753013163805,0.00953753013163805,0.06636559963226318,0.3276381194591522,False,0.3155099153518677,0.31548595428466797,0.31520986557006836,0.3152185082435608,-8.64267349243164e-06
123,20,16,14,Late,0.33387401700019836,0.33071663975715637,0.00950163509696722,0.3391851782798767,0.3339337408542633,0.33076944947242737,0.009520882740616798,0.009520882740616798,0.05694887414574623,0.3392724394798279,False,0.31546568870544434,0.3154478371143341,0.31520986557006836,0.3152185082435608,-8.64267349243164e-06
123,20,16,15,Late,0.33071663975715637,0.3275820016860962,0.009523125365376472,0.34302979707717896,0.33076944947242737,0.3276250958442688,0.009551581926643848,0.009553707204759121,0.047535087913274765,0.3430987298488617,True,0.3154284358024597,0.3154140114784241,0.31520986557006836,0.3152185082435608,-8.64267349243164e-06
123,20,16,16,Late,0.3275820016860962,0.3244575262069702,0.00958346389234066,0.3615993857383728,0.3276250958442688,0.32449567317962646,0.009597632102668285,0.009597632102668285,0.038135357201099396,0.3616776168346405,False,0.31537166237831116,0.31536611914634705,0.31520986557006836,0.3152185082435608,-8.64267349243164e-06
123,20,16,17,Late,0.3244575262069702,0.3213644027709961,0.009578975848853588,0.3495703339576721,0.32449567317962646,0.3213927447795868,0.00960790365934372,0.00960790365934372,0.028653088957071304,0.34960833191871643,False,0.31533074378967285,0.31532976031303406,0.31520986557006836,0.3152185082435608,-8.64267349243164e-06
123,20,16,18,Late,0.3213644027709961,0.31826671957969666,0.009685706347227097,0.40748411417007446,0.3213927447795868,0.3182849884033203,0.009716637432575226,0.009716637432575226,0.019248615950345993,0.4075604975223541,False,0.3152620792388916,0.3152654767036438,0.31520986557006836,0.3152185082435608,-8.64267349243164e-06
123,20,16,19,Late,0.31826671957969666,0.31520986557006836,0.009650997817516327,0.37292972207069397,0.3182849884033203,0.3152185082435608,0.009681103751063347,0.009681103751063347,0.009681103751063347,0.37296009063720703,False,0.31520986557006836,0.3152184784412384,0.31520986557006836,0.3152185082435608,-8.64267349243164e-06
123,20,17,0,Early,0.4921214282512665,0.4886012375354767,0.0072119589895009995,0.42310255765914917,0.4921214282512665,0.4886012375354767,0.0072119589895009995,0.0072119589895009995,0.14804185926914215,0.42310255765914917,False,0.4244022071361542,0.4244022071361542,0.4232814610004425,0.42328372597694397,-2.2649765014648438e-06
123,20,17,1,Early,0.4886012375354767,0.48506689071655273,0.007293383125215769,0.4323570132255554,0.4886012375354767,0.48506689071655273,0.007293383125215769,0.007293383125215769,0.14111988246440887,0.4323570132255554,False,0.4242931604385376,0.4242931604385376,0.4232814610004425,0.42328372597694397,-2.2649765014648438e-06
123,20,17,2,Early,0.48506689071655273,0.4815424382686615,0.007326400838792324,0.3958286941051483,0.48506689071655273,0.4815424382686615,0.007326400838792324,0.007326400838792324,0.13408897817134857,0.3958286941051483,False,0.42419615387916565,0.42419615387916565,0.4232814610004425,0.42328372597694397,-2.2649765014648438e-06
123,20,17,3,Early,0.4815424382686615,0.4780205488204956,0.007375155109912157,0.4148068428039551,0.4815424382686615,0.4780205488204956,0.007375155109912157,0.007375155109912157,0.12702268362045288,0.4148068428039551,False,0.42410022020339966,0.42410022020339966,0.4232814610004425,0.42328372597694397,-2.2649765014648438e-06
123,20,17,4,Early,0.4780205488204956,0.4745056927204132,0.007415151223540306,0.44193926453590393,0.4780205488204956,0.4745056927204132,0.007415151223540306,0.007415151223540306,0.11989438533782959,0.44193926453590393,False,0.42401033639907837,0.42401033639907837,0.4232814610004425,0.42328372597694397,-2.2649765014648438e-06
123,20,17,5,Early,0.4745056927204132,0.47101059556007385,0.007428403943777084,0.43606194853782654,0.4745056927204132,0.4710114598274231,0.007426746189594269,0.007428403943777084,0.11269094049930573,0.4407396614551544,True,0.4239358901977539,0.42393532395362854,0.4232814610004425,0.42328372597694397,-2.2649765014648438e-06
123,20,17,6,Middle,0.47101059556007385,0.46753206849098206,0.007448759861290455,0.4012204110622406,0.4710114598274231,0.46753284335136414,0.007448878604918718,0.007448878604918718,0.1054394468665123,0.40123119950294495,False,0.42387664318084717,0.42387625575065613,0.4232814610004425,0.42328372597694397,-2.2649765014648438e-06
123,20,17,7,Middle,0.46753206849098206,0.4640435576438904,0.007526140194386244,0.4172798693180084,0.46753284335136414,0.4640443027019501,0.00752602145075798,0.00752602145075798,0.09820259362459183,0.41729187965393066,False,0.42380186915397644,0.42380163073539734,0.4232814610004425,0.42328372597694397,-2.2649765014648438e-06
123,20,17,8,Middle,0.4640435576438904,0.4605790078639984,0.007531344890594482,0.4305749833583832,0.4640443027019501,0.4605797529220581,0.007531226612627506,0.007531226612627506,0.09085121005773544,0.4305921196937561,False,0.4237433075904846,0.4237431287765503,0.4232814610004425,0.42328372597694397,-2.2649765014648438e-06
123,20,17,9,Middle,0.4605790078639984,0.45712563395500183,0.007563882507383823,0.4382321238517761,0.4605797529220581,0.4571264088153839,0.007563882507383823,0.007563882507383823,0.0834842175245285,0.4382418692111969,False,0.4236895442008972,0.42368945479393005,0.4232814610004425,0.42328372597694397,-2.2649765014648438e-06
123,20,17,10,Middle,0.45712563395500183,0.4536846876144409,0.007594172842800617,0.4333822429180145,0.4571264088153839,0.45368531346321106,0.0075944093987345695,0.0075944093987345695,0.07607531547546387,0.43339964747428894,False,0.42363986372947693,0.42363977432250977,0.4232814610004425,0.42328372597694397,-2.2649765014648438e-06
123,20,17,11,Middle,0.4536846876144409,0.45026129484176636,0.007613338064402342,0.42958539724349976,0.45368531346321106,0.4502619206905365,0.007613219786435366,0.007613219786435366,0.06861554831266403,0.4295938014984131,False,0.4235990643501282,0.4235990643501282,0.4232814610004425,0.42328372597694397,-2.2649765014648438e-06
123,20,17,12,Middle,0.45026129484176636,0.4468509256839752,0.0076424418948590755,0.4541817307472229,0.4502619206905365,0.4468517601490021,0.0076420847326517105,0.007642560172826052,0.06113139167428017,0.45679640769958496,True,0.4235612154006958,0.42356085777282715,0.4232814610004425,0.42328372597694397,-2.2649765014648438e-06
123,20,17,13,Late,0.4468509256839752,0.44344475865364075,0.007692008279263973,0.4663246273994446,0.4468517601490021,0.44344574213027954,0.007691535167396069,0.007691535167396069,0.05363280698657036,0.466346800327301,False,0.42351672053337097,0.4235168397426605,0.4232814610004425,0.42328372597694397,-2.2649765014648438e-06
123,20,17,14,Late,0.44344475865364075,0.44003617763519287,0.0077571868896484375,0.4724248945713043,0.44344574213027954,0.44003739953041077,0.007756476756185293,0.007756476756185293,0.04611930623650551,0.4724784195423126,False,0.4234578013420105,0.4234584867954254,0.4232814610004425,0.42328372597694397,-2.2649765014648438e-06
123,20,17,15,Late,0.44003617763519287,0.43665578961372375,0.00775316683575511,0.4512689411640167,0.44003739953041077,0.436657190322876,0.007752693723887205,0.007752693723887205,0.03850158676505089,0.4513140320777893,False,0.42341604828834534,0.4234170615673065,0.4232814610004425,0.42328372597694397,-2.2649765014648438e-06
123,20,17,16,Late,0.43665578961372375,0.4332943856716156,0.0077699655666947365,0.4738192558288574,0.436657190322876,0.433295875787735,0.007769492454826832,0.007769492454826832,0.030873926356434822,0.4738551080226898,False,0.42338037490844727,0.42338162660598755,0.4232814610004425,0.42328372597694397,-2.2649765014648438e-06
123,20,17,17,Late,0.4332943856716156,0.4299394190311432,0.007815741002559662,0.4955335259437561,0.433295875787735,0.4299411475658417,0.007815149612724781,0.007815149612724781,0.023246143013238907,0.4955767095088959,False,0.4233379065990448,0.42333945631980896,0.4232814610004425,0.42328372597694397,-2.2649765014648438e-06
123,20,17,18,Late,0.4299394190311432,0.4266067147254944,0.007824966683983803,0.4980124533176422,0.4299411475658417,0.42660871148109436,0.007824493572115898,0.007824493572115898,0.015553297474980354,0.49804386496543884,False,0.4233039617538452,0.42330580949783325,0.4232814610004425,0.42328372597694397,-2.2649765014648438e-06
123,20,17,19,Late,0.4266067147254944,0.4232814610004425,0.007869202643632889,0.508721113204956,0.42660871148109436,0.42328372597694397,0.007868611253798008,0.007868611253798008,0.007868611253798008,0.508762001991272,False,0.4232627749443054,0.4232650101184845,0.4232814610004425,0.42328372597694397,-2.2649765014648438e-06
123,20,18,0,Early,0.4281962513923645,0.4247499704360962,0.008080788888037205,0.2903926968574524,0.4281962513923645,0.4247521460056305,0.00807582400739193,0.008080788888037205,0.17126789689064026,0.28231993317604065,True,0.3607958257198334,0.36079567670822144,0.3603614866733551,0.36032572388648987,3.5762786865234375e-05
123,20,18,1,Early,0.4247499704360962,0.42129039764404297,0.008177981711924076,0.30849525332450867,0.4247521460056305,0.4212946891784668,0.008173136971890926,0.008178218267858028,0.16327141225337982,0.2995814383029938,True,0.3607749938964844,0.3607669770717621,0.3603614866733551,0.36032572388648987,3.5762786865234375e-05
123,20,18,2,Early,0.42129039764404297,0.41782864928245544,0.008250695653259754,0.3173791170120239,0.4212946891784668,0.41783198714256287,0.008252824656665325,0.008252824656665325,0.1551525890827179,0.3173435628414154,False,0.3607556223869324,0.36074748635292053,0.3603614866733551,0.36032572388648987,3.5762786865234375e-05
123,20,18,3,Early,0.41782864928245544,0.4143621027469635,0.00833109114319086,0.30556720495224,0.41783198714256287,0.4143647253513336,0.008332627825438976,0.008332627825438976,0.14699044823646545,0.3055400550365448,False,0.3607235848903656,0.36071470379829407,0.3603614866733551,0.36032572388648987,3.5762786865234375e-05
123,20,18,4,Early,0.4143621027469635,0.41090646386146545,0.008374360390007496,0.29642918705940247,0.4143647253513336,0.4109085500240326,0.008375778794288635,0.008375778794288635,0.13873818516731262,0.29641133546829224,False,0.36069443821907043,0.36068564653396606,0.3603614866733551,0.36032572388648987,3.5762786865234375e-05
123,20,18,5,Early,0.41090646386146545,0.4074341952800751,0.008485827594995499,0.33636319637298584,0.4109085500240326,0.4074352979660034,0.008488427847623825,0.008488427847623825,0.13046976923942566,0.33632892370224,False,0.36065638065338135,0.36064693331718445,0.3603614866733551,0.36032572388648987,3.5762786865234375e-05
123,20,18,6,Middle,0.4074341952800751,0.40396636724472046,0.008547530509531498,0.3260033428668976,0.4074352979660034,0.4039669334888458,0.008548830635845661,0.008548830635845661,0.12212932109832764,0.32598376274108887,False,0.36060309410095215,0.36059361696243286,0.3603614866733551,0.36032572388648987,3.5762786865234375e-05
123,20,18,7,Middle,0.40396636724472046,0.40052926540374756,0.008544807322323322,0.34449073672294617,0.4039669334888458,0.4005286693572998,0.008547289296984673,0.008547289296984673,0.11362174153327942,0.34447145462036133,False,0.36058875918388367,0.36057865619659424,0.3603614866733551,0.36032572388648987,3.5762786865234375e-05
123,20,18,8,Middle,0.40052926540374756,0.3971116542816162,0.00856927502900362,0.34087425470352173,0.4005286693572998,0.3971157371997833,0.008557461202144623,0.008571757934987545,0.10512609034776688,0.30826929211616516,True,0.3605816960334778,0.36056002974510193,0.3603614866733551,0.36032572388648987,3.5762786865234375e-05
123,20,18,9,Middle,0.3971116542816162,0.39369359612464905,0.00864444114267826,0.3634357452392578,0.3971157371997833,0.39369428157806396,0.008653067983686924,0.008653067983686924,0.09662099927663803,0.36335334181785583,False,0.36056435108184814,0.3605410158634186,0.3603614866733551,0.36032572388648987,3.5762786865234375e-05
123,20,18,10,Middle,0.39369359612464905,0.39030253887176514,0.008650589734315872,0.3474750220775604,0.39369428157806396,0.39030370116233826,0.008649293333292007,0.008658034726977348,0.08799959719181061,0.3411506414413452,True,0.36055856943130493,0.3605295717716217,0.3603614866733551,0.36032572388648987,3.5762786865234375e-05
123,20,18,11,Middle,0.39030253887176514,0.38691219687461853,0.0087243327870965,0.3804863691329956,0.39030370116233826,0.3869127333164215,0.008725871331989765,0.008734495379030704,0.07941825687885284,0.3594585955142975,True,0.36053913831710815,0.360505074262619,0.3603614866733551,0.36032572388648987,3.5762786865234375e-05
123,20,18,12,Middle,0.38691219687461853,0.3835507929325104,0.008725517429411411,0.3558472990989685,0.3869127333164215,0.38354799151420593,0.008734144270420074,0.008734144270420074,0.07072038948535919,0.3557469844818115,False,0.3605288565158844,0.360495001077652,0.3603614866733551,0.36032572388648987,3.5762786865234375e-05
123,20,18,13,Late,0.3835507929325104,0.38019102811813354,0.00879807211458683,0.3750443756580353,0.38354799151420593,0.38018354773521423,0.008810479193925858,0.008810479193925858,0.06204461678862572,0.37493598461151123,False,0.36050882935523987,0.3604738712310791,0.3603614866733551,0.36032572388648987,3.5762786865234375e-05
123,20,18,14,Late,0.38019102811813354,0.3768468499183655,0.008834821172058582,0.40281376242637634,0.38018354773521423,0.3768351674079895,0.008846164681017399,0.008846164681017399,0.053295351564884186,0.40274545550346375,False,0.3604869544506073,0.3604518473148346,0.3603614866733551,0.36032572388648987,3.5762786865234375e-05
123,20,18,15,Late,0.3768468499183655,0.37350448966026306,0.008908669464290142,0.42921823263168335,0.3768351674079895,0.37348848581314087,0.008920720778405666,0.008920720778405666,0.04455020651221275,0.42913615703582764,False,0.3604506850242615,0.36041536927223206,0.3603614866733551,0.36032572388648987,3.5762786865234375e-05
123,20,18,16,Late,0.37350448966026306,0.3702009916305542,0.008883618749678135,0.4260696768760681,0.37348848581314087,0.3701789081096649,0.008900633081793785,0.008900633081793785,0.03566693514585495,0.42596644163131714,False,0.36043867468833923,0.3604019284248352,0.3603614866733551,0.36032572388648987,3.5762786865234375e-05
123,20,18,17,Late,0.3702009916305542,0.36689525842666626,0.008969634771347046,0.41918665170669556,0.3701789081096649,0.3668693006038666,0.00898062251508236,0.00898062251508236,0.026859520003199577,0.41910117864608765,False,0.3604041635990143,0.3603683412075043,0.3603614866733551,0.36032572388648987,3.5762786865234375e-05
123,20,18,18,Late,0.36689525842666626,0.36362335085868835,0.008957820013165474,0.4336286783218384,0.3668693006038666,0.3635925054550171,0.008971643634140491,0.008971643634140491,0.017926864326000214,0.43355458974838257,False,0.36038684844970703,0.360351026058197,0.3603614866733551,0.36032572388648987,3.5762786865234375e-05
123,20,18,19,Late,0.36362335085868835,0.3603614866733551,0.00901074893772602,0.4493911862373352,0.3635925054550171,0.36032572388648987,0.009025280363857746,0.009025280363857746,0.009025280363857746,0.4492747187614441,False,0.3603615164756775,0.36032572388648987,0.3603614866733551,0.36032572388648987,3.5762786865234375e-05
123,20,19,0,Early,0.2888743579387665,0.24296994507312775,0.17305827140808105,0.24498635530471802,0.2888743579387665,0.32203835248947144,-0.10871537029743195,0.17305827140808105,-0.7972397208213806,0.3855312466621399,True,0.7643679976463318,0.6411293745040894,0.5380780100822449,0.4519350826740265,0.08614292740821838
123,20,19,1,Early,0.24296994507312775,0.21876570582389832,0.10493249446153641,0.29504287242889404,0.32203835248947144,0.40849700570106506,-0.2378382831811905,0.3198891282081604,-0.5517762899398804,0.4280923902988434,True,0.7622062563896179,0.5591661930084229,0.5380780100822449,0.4519350826740265,0.08614292740821838
123,20,19,2,Early,0.21876570582389832,0.20028144121170044,0.0882662981748581,0.31275445222854614,0.40849700570106506,0.4963122606277466,-0.1947481781244278,0.3163326382637024,-0.23268082737922668,0.39755070209503174,True,0.7403295636177063,0.5155143737792969,0.5380780100822449,0.4519350826740265,0.08614292740821838
123,20,19,3,Early,0.20028144121170044,0.18763567507266998,0.06521906703710556,0.29147130250930786,0.4963122606277466,0.6236341595649719,-0.22837361693382263,0.28361427783966064,-0.015168920159339905,0.4569952189922333,True,0.7274594902992249,0.5038981437683105,0.5380780100822449,0.4519350826740265,0.08614292740821838
123,20,19,4,Early,0.18763567507266998,0.18200033903121948,0.0304783433675766,0.3149004876613617,0.6236341595649719,0.4654189646244049,0.29261165857315063,0.29261165857315063,0.2446238398551941,0.21436327695846558,False,0.7099555134773254,0.4883049726486206,0.5380780100822449,0.4519350826740265,0.08614292740821838
123,20,19,5,Early,0.18200033903121948,0.1837184727191925,-0.009396757930517197,0.312701940536499,0.4654189646244049,0.5178244709968567,-0.10672655701637268,0.5189933776855469,-0.03911340609192848,0.35268929600715637,True,0.6924216747283936,0.48398372530937195,0.5380780100822449,0.4519350826740265,0.08614292740821838
123,20,19,6,Middle,0.1837184727191925,0.1924976408481598,-0.04667109623551369,0.3122939169406891,0.5178244709968567,0.39833971858024597,0.2623118460178375,0.30104488134384155,0.07661901414394379,0.2741803824901581,True,0.6714654564857483,0.4796310365200043,0.5380780100822449,0.4519350826740265,0.08614292740821838
123,20,19,7,Middle,0.1924976408481598,0.20693263411521912,-0.07231755554676056,0.31638261675834656,0.39833971858024597,0.4660704731941223,-0.1570577323436737,0.35271865129470825,-0.17312070727348328,0.3711268901824951,True,0.6542865633964539,0.47362974286079407,0.5380780100822449,0.4519350826740265,0.08614292740821838
123,20,19,8,Middle,0.20693263411521912,0.22608426213264465,-0.08851243555545807,0.30446693301200867,0.4660704731941223,0.3584941029548645,0.2623923420906067,0.37850221991539,-0.005004599690437317,0.2566531002521515,True,0.6414083242416382,0.46840882301330566,0.5380780100822449,0.4519350826740265,0.08614292740821838
123,20,19,9,Middle,0.22608426213264465,0.24882805347442627,-0.09584963321685791,0.3364006578922272,0.3584941029548645,0.41101741790771484,-0.13675238192081451,0.46515893936157227,-0.25926733016967773,0.34535348415374756,True,0.6278185248374939,0.4646012485027313,0.5380780100822449,0.4519350826740265,0.08614292740821838
123,20,19,10,Middle,0.24882805347442627,0.2738034129142761,-0.09564904868602753,0.32531124353408813,0.41101741790771484,0.3308649957180023,0.21691489219665527,0.3304087817668915,-0.11353279650211334,0.27907657623291016,True,0.6131752133369446,0.4604334831237793,0.5380780100822449,0.4519350826740265,0.08614292740821838
123,20,19,11,Middle,0.2738034129142761,0.30062511563301086,-0.09345480799674988,0.3156791627407074,0.3308649957180023,0.36152440309524536,-0.08864770829677582,0.36679959297180176,-0.3256852626800537,0.33366137742996216,True,0.5970177054405212,0.45824116468429565,0.5380780100822449,0.4519350826740265,0.08614292740821838
123,20,19,12,Middle,0.30062511563301086,0.32869866490364075,-0.0892745777964592,0.331949383020401,0.36152440309524536,0.3261926472187042,0.1028280183672905,0.3051128089427948,-0.23416081070899963,0.30600443482398987,True,0.5829558372497559,0.45691177248954773,0.5380780100822449,0.4519350826740265,0.08614292740821838
123,20,19,13,Late,0.32869866490364075,0.3579150140285492,-0.08514608442783356,0.3333035409450531,0.3261926472187042,0.3491373360157013,-0.06799360364675522,0.19566547870635986,-0.3354988694190979,0.3335380554199219,True,0.5703591108322144,0.4562253952026367,0.5380780100822449,0.4519350826740265,0.08614292740821838
123,20,19,14,Late,0.3579150140285492,0.38757655024528503,-0.07961190491914749,0.3447789251804352,0.3491373360157013,0.3370119333267212,0.03533032163977623,0.17211374640464783,-0.26521772146224976,0.3167876899242401,True,0.5629374980926514,0.4551754891872406,0.5380780100822449,0.4519350826740265,0.08614292740821838
123,20,19,15,Late,0.38757655024528503,0.41763490438461304,-0.07469525188207626,0.37278297543525696,0.3370119333267212,0.35926488041877747,-0.06394938379526138,0.03188475966453552,-0.2989037036895752,0.37298741936683655,True,0.5569482445716858,0.4544200599193573,0.5380780100822449,0.4519350826740265,0.08614292740821838
123,20,19,16,Late,0.41763490438461304,0.44814351201057434,-0.07050243765115738,0.3512250781059265,0.35926488041877747,0.3737109899520874,-0.03943494334816933,0.01290087215602398,-0.23455727100372314,0.32251450419425964,True,0.5448153018951416,0.45423611998558044,0.5380780100822449,0.4519350826740265,0.08614292740821838
123,20,19,17,Late,0.44814351201057434,0.47798284888267517,-0.06445326656103134,0.3768673539161682,0.3737109899520874,0.3999355733394623,-0.06782302260398865,-0.04158250242471695,-0.1942366361618042,0.37699106335639954,True,0.5421571135520935,0.45382848381996155,0.5380780100822449,0.4519350826740265,0.08614292740821838
123,20,19,18,Late,0.47798284888267517,0.5087252855300903,-0.06232425570487976,0.35212424397468567,0.3999355733394623,0.42125222086906433,-0.05193198472261429,-0.04904431849718094,-0.1244315356016159,0.329873651266098,True,0.5421340465545654,0.4529288113117218,0.5380780100822449,0.4519350826740265,0.08614292740821838
123,20,19,19,Late,0.5087252855300903,0.5380780100822449,-0.056092068552970886,0.40784206986427307,0.42125222086906433,0.4519350826740265,-0.07030091434717178,-0.07030091434717178,-0.07030091434717178,0.3656695485115051,False,0.5380762219429016,0.451932430267334,0.5380780100822449,0.4519350826740265,0.08614292740821838
123,20,20,0,Early,0.24226875603199005,0.23939119279384613,0.011949106119573116,0.1323312669992447,0.24226875603199005,0.23955591022968292,0.011260610073804855,0.011949106119573116,0.12383390963077545,0.13148662447929382,True,0.2146771252155304,0.21405063569545746,0.19966568052768707,0.20145733654499054,-0.0017916560173034668
123,20,20,1,Early,0.23939119279384613,0.236578568816185,0.011818703263998032,0.15791058540344238,0.23955591022968292,0.23721621930599213,0.009814780205488205,0.011860642582178116,0.12077496200799942,0.1602180004119873,True,0.21365602314472198,0.21230217814445496,0.19966568052768707,0.20145733654499054,-0.0017916560173034668
123,20,20,2,Early,0.236578568816185,0.23384295403957367,0.01163113210350275,0.14568747580051422,0.23721621930599213,0.2351621389389038,0.008696855045855045,0.011806684546172619,0.1195293590426445,0.17183920741081238,True,0.21287761628627777,0.21049074828624725,0.19966568052768707,0.20145733654499054,-0.0017916560173034668
123,20,20,3,Early,0.23384295403957367,0.231156587600708,0.011554540134966373,0.1562705636024475,0.2351621389389038,0.23258987069129944,0.010998070240020752,0.011981140822172165,0.11611433327198029,0.13924607634544373,True,0.2120213806629181,0.20938189327716827,0.19966568052768707,0.20145733654499054,-0.0017916560173034668
123,20,20,4,Early,0.231156587600708,0.2285775989294052,0.01121958065778017,0.13996930420398712,0.23258987069129944,0.23109005391597748,0.006468735635280609,0.011735756881535053,0.11299566179513931,0.21537716686725616,True,0.21137084066867828,0.20773856341838837,0.19966568052768707,0.20145733654499054,-0.0017916560173034668
123,20,20,5,Early,0.2285775989294052,0.22608418762683868,0.010968707501888275,0.14058877527713776,0.23109005391597748,0.22869524359703064,0.010417337529361248,0.01172962412238121,0.11130423843860626,0.15758416056632996,True,0.21044670045375824,0.206748366355896,0.19966568052768707,0.20145733654499054,-0.0017916560173034668
123,20,20,6,Middle,0.22608418762683868,0.22365164756774902,0.010817181318998337,0.16620302200317383,0.22869524359703064,0.22649116814136505,0.00968492403626442,0.01153156254440546,0.10540204495191574,0.1807817816734314,True,0.20962634682655334,0.20581698417663574,0.19966568052768707,0.20145733654499054,-0.0017916560173034668
123,20,20,7,Middle,0.22365164756774902,0.2212992012500763,0.010574220679700375,0.20536987483501434,0.22649116814136505,0.22475029528141022,0.007715387735515833,0.01155595388263464,0.10029557347297668,0.20218993723392487,True,0.20889776945114136,0.20487697422504425,0.19966568052768707,0.20145733654499054,-0.0017916560173034668
123,20,20,8,Middle,0.2212992012500763,0.2190304845571518,0.01030478160828352,0.17351371049880981,0.22475029528141022,0.22234562039375305,0.010757042095065117,0.011479347944259644,0.09564206749200821,0.174314484000206,True,0.20783571898937225,0.2042505294084549,0.19966568052768707,0.20145733654499054,-0.0017916560173034668
123,20,20,9,Middle,0.2190304845571518,0.21687747538089752,0.009877811186015606,0.17845819890499115,0.22234562039375305,0.22088618576526642,0.006584811490029097,0.011219343170523643,0.0877518430352211,0.22600558400154114,True,0.20699241757392883,0.2036658227443695,0.19966568052768707,0.20145733654499054,-0.0017916560173034668
123,20,20,10,Middle,0.21687747538089752,0.21479439735412598,0.009650918655097485,0.20275548100471497,0.22088618576526642,0.21909646689891815,0.008134887553751469,0.011213093064725399,0.08344358205795288,0.23188196122646332,True,0.20611333847045898,0.20320259034633636,0.19966568052768707,0.20145733654499054,-0.0017916560173034668
123,20,20,11,Middle,0.21479439735412598,0.21278096735477448,0.00941783282905817,0.2248038947582245,0.21909646689891815,0.21685510873794556,0.010282481089234352,0.01113281212747097,0.0770212858915329,0.22577810287475586,True,0.20523583889007568,0.20285476744174957,0.19966568052768707,0.20145733654499054,-0.0017916560173034668
123,20,20,12,Middle,0.21278096735477448,0.21085308492183685,0.009101294912397861,0.2703641653060913,0.21685510873794556,0.21465973556041718,0.01017510425299406,0.010792174376547337,0.06822504848241806,0.27186036109924316,True,0.20443463325500488,0.20255346596240997,0.19966568052768707,0.20145733654499054,-0.0017916560173034668
123,20,20,13,Late,0.21085308492183685,0.20900702476501465,0.008793641813099384,0.22626115381717682,0.21465973556041718,0.2125331461429596,0.009955713525414467,0.010491762310266495,0.0592612624168396,0.25864455103874207,True,0.20355921983718872,0.20230825245380402,0.19966568052768707,0.20145733654499054,-0.0017916560173034668
123,20,20,14,Late,0.20900702476501465,0.20724153518676758,0.008481992408633232,0.24297291040420532,0.2125331461429596,0.2105608880519867,0.009322766214609146,0.01028931513428688,0.05028589442372322,0.2835349142551422,True,0.2027249038219452,0.2021099030971527,0.19966568052768707,0.20145733654499054,-0.0017916560173034668
123,20,20,15,Late,0.20724153518676758,0.20558835566043854,0.00800847727805376,0.2578364610671997,0.2105608880519867,0.2085547149181366,0.009573579765856266,0.009791511110961437,0.04176083207130432,0.2639986276626587,True,0.20207123458385468,0.20194871723651886,0.19966568052768707,0.20145733654499054,-0.0017916560173034668
123,20,20,16,Late,0.20558835566043854,0.20398959517478943,0.0078074210323393345,0.28049296140670776,0.2085547149181366,0.20660917460918427,0.009372242726385593,0.00941758044064045,0.032971806824207306,0.29476940631866455,True,0.2012980431318283,0.20179036259651184,0.19966568052768707,0.20145733654499054,-0.0017916560173034668
123,20,20,17,Late,0.20398959517478943,0.20246417820453644,0.007506347261369228,0.31277772784233093,0.20660917460918427,0.20481036603450775,0.008744361810386181,0.008930929936468601,0.02425268292427063,0.3077186942100525,True,0.20062442123889923,0.20165857672691345,0.19966568052768707,0.20145733654499054,-0.0017916560173034668
123,20,20,18,Late,0.20246417820453644,0.20102545619010925,0.007131446618586779,0.31628289818763733,0.20481036603450775,0.2030828297138214,0.008470635861158371,0.00851141195744276,0.016022037714719772,0.30122655630111694,True,0.20009882748126984,0.2015550136566162,0.19966568052768707,0.20145733654499054,-0.0017916560173034668
123,20,20,19,Late,0.20102545619010925,0.19966568052768707,0.0067865983583033085,0.32788166403770447,0.2030828297138214,0.20145733654499054,0.008036142215132713,0.008036142215132713,0.008036142215132713,0.30406802892684937,False,0.19966579973697662,0.20145735144615173,0.19966568052768707,0.20145733654499054,-0.0017916560173034668
123,20,21,0,Early,0.5252841711044312,0.5218598246574402,0.007100935559719801,0.4527111351490021,0.5252841711044312,0.5218598246574402,0.007100935559719801,0.007100935559719801,0.13353678584098816,0.4527111351490021,False,0.4596202075481415,0.4596202075481415,0.4583621025085449,0.4583621025085449,0.0
123,20,21,1,Early,0.5218598246574402,0.518439531326294,0.007143544964492321,0.4897347688674927,0.5218598246574402,0.518439531326294,0.007143544964492321,0.007143544964492321,0.1272648125886917,0.4897347688674927,False,0.45949673652648926,0.45949673652648926,0.4583621025085449,0.4583621025085449,0.0
123,20,21,2,Early,0.518439531326294,0.5150178670883179,0.0071972813457250595,0.4755629897117615,0.518439531326294,0.5150178670883179,0.0071972813457250595,0.0071972813457250595,0.1209535151720047,0.4755629897117615,False,0.4593755006790161,0.4593755006790161,0.4583621025085449,0.4583621025085449,0.0
123,20,21,3,Early,0.5150178670883179,0.5116041302680969,0.007233613636344671,0.4774588942527771,0.5150178670883179,0.5116041302680969,0.007233613636344671,0.007233613636344671,0.11458572745323181,0.4774588942527771,False,0.45925891399383545,0.45925891399383545,0.4583621025085449,0.4583621025085449,0.0
123,20,21,4,Early,0.5116041302680969,0.508211612701416,0.00724426843225956,0.4551640450954437,0.5116041302680969,0.508211612701416,0.00724426843225956,0.00724426843225956,0.1081402599811554,0.4551640450954437,False,0.45916467905044556,0.45916467905044556,0.4583621025085449,0.4583621025085449,0.0
123,20,21,5,Early,0.508211612701416,0.5048205256462097,0.0072938562370836735,0.4571644961833954,0.508211612701416,0.5048205256462097,0.0072938562370836735,0.0072938562370836735,0.10169629752635956,0.4571644961833954,False,0.4590686857700348,0.4590686857700348,0.4583621025085449,0.4583621025085449,0.0
123,20,21,6,Middle,0.5048205256462097,0.5014392733573914,0.007327582687139511,0.47397467494010925,0.5048205256462097,0.5014392733573914,0.007327582687139511,0.007327582687139511,0.09520024061203003,0.47397467494010925,False,0.45897752046585083,0.45897752046585083,0.4583621025085449,0.4583621025085449,0.0
123,20,21,7,Middle,0.5014392733573914,0.49807026982307434,0.007356694899499416,0.47524893283843994,0.5014392733573914,0.49807026982307434,0.007356694899499416,0.007356694899499416,0.08865928649902344,0.47524893283843994,False,0.45889514684677124,0.45889514684677124,0.4583621025085449,0.4583621025085449,0.0
123,20,21,8,Middle,0.49807026982307434,0.4946914315223694,0.00743076903745532,0.5032835006713867,0.49807026982307434,0.4946914315223694,0.00743076903745532,0.00743076903745532,0.08214021474123001,0.5032835006713867,False,0.4587932229042053,0.4587932229042053,0.4583621025085449,0.4583621025085449,0.0
123,20,21,9,Middle,0.4946914315223694,0.4913409948348999,0.007428168784826994,0.47045448422431946,0.4946914315223694,0.4913409948348999,0.007428168784826994,0.007428168784826994,0.07549839466810226,0.47045448422431946,False,0.4587176442146301,0.4587176442146301,0.4583621025085449,0.4583621025085449,0.0
123,20,21,10,Middle,0.4913409948348999,0.4879923462867737,0.007479638326913118,0.489624947309494,0.4913409948348999,0.4879923462867737,0.007479638326913118,0.007479638326913118,0.06888128817081451,0.489624947309494,False,0.45863547921180725,0.45863547921180725,0.4583621025085449,0.4583621025085449,0.0
123,20,21,11,Middle,0.4879923462867737,0.484651118516922,0.007520340848714113,0.49832087755203247,0.4879923462867737,0.484651118516922,0.007520340848714113,0.007520340848714113,0.06222131848335266,0.49832087755203247,False,0.458553671836853,0.458553671836853,0.4583621025085449,0.4583621025085449,0.0
123,20,21,12,Middle,0.484651118516922,0.48132893443107605,0.007537378463894129,0.49642398953437805,0.484651118516922,0.48132893443107605,0.007537378463894129,0.007537378463894129,0.05550334230065346,0.49642398953437805,False,0.4584837853908539,0.4584837853908539,0.4583621025085449,0.4583621025085449,0.0
123,20,21,13,Late,0.48132893443107605,0.4780137538909912,0.007579497527331114,0.5197994112968445,0.48132893443107605,0.4780137538909912,0.007579497527331114,0.007579497527331114,0.048783332109451294,0.5197994112968445,False,0.45841124653816223,0.45841124653816223,0.4583621025085449,0.4583621025085449,0.0
123,20,21,14,Late,0.4780137538909912,0.47470638155937195,0.007620431948453188,0.5182258486747742,0.4780137538909912,0.47470638155937195,0.007620431948453188,0.007620431948453188,0.04203005135059357,0.5182258486747742,False,0.4583388566970825,0.4583388566970825,0.4583621025085449,0.4583621025085449,0.0
123,20,21,15,Late,0.47470638155937195,0.471420556306839,0.007632855325937271,0.5426695942878723,0.47470638155937195,0.471420556306839,0.007632855325937271,0.007632855325937271,0.03521723672747612,0.5426695942878723,False,0.45827922224998474,0.45827922224998474,0.4583621025085449,0.4583621025085449,0.0
123,20,21,16,Late,0.471420556306839,0.46814244985580444,0.007674615830183029,0.5213913321495056,0.471420556306839,0.46814244985580444,0.007674615830183029,0.007674615830183029,0.02840321511030197,0.5213913321495056,False,0.45821887254714966,0.45821887254714966,0.4583621025085449,0.4583621025085449,0.0
123,20,21,17,Late,0.46814244985580444,0.4648663103580475,0.007729268167167902,0.5360282063484192,0.46814244985580444,0.4648663103580475,0.007729268167167902,0.007729268167167902,0.0215755645185709,0.5360282063484192,False,0.45815005898475647,0.45815005898475647,0.4583621025085449,0.4583621025085449,0.0
123,20,21,18,Late,0.4648663103580475,0.46160897612571716,0.007748196367174387,0.5118535161018372,0.4648663103580475,0.46160897612571716,0.007748196367174387,0.007748196367174387,0.01468377560377121,0.5118535161018372,False,0.45809006690979004,0.45809006690979004,0.4583621025085449,0.4583621025085449,0.0
123,20,21,19,Late,0.46160897612571716,0.4583621025085449,0.007785337045788765,0.5620267987251282,0.46160897612571716,0.4583621025085449,0.007785337045788765,0.007785337045788765,0.007785337045788765,0.5620267987251282,False,0.4580290913581848,0.4580290913581848,0.4583621025085449,0.4583621025085449,0.0
123,20,22,0,Early,0.2541504502296448,0.2510766386985779,0.01216805074363947,0.1521822065114975,0.2541504502296448,0.2516884505748749,0.009734262712299824,0.01216805074363947,0.15566252171993256,0.14641916751861572,True,0.21850597858428955,0.21751387417316437,0.20595356822013855,0.20864658057689667,-0.0026930123567581177
123,20,22,1,Early,0.2510766386985779,0.24808545410633087,0.01198538113385439,0.12340952455997467,0.2516884505748749,0.24971669912338257,0.007864415645599365,0.012092445977032185,0.15240879356861115,0.17472204566001892,True,0.21784916520118713,0.21610881388187408,0.20595356822013855,0.20864658057689667,-0.0026930123567581177
123,20,22,2,Early,0.24808545410633087,0.2450883686542511,0.012153924442827702,0.16251488029956818,0.24971669912338257,0.2480551302433014,0.006675388664007187,0.01233597844839096,0.150275319814682,0.2130163013935089,True,0.2170528620481491,0.2148737609386444,0.20595356822013855,0.20864658057689667,-0.0026930123567581177
123,20,22,3,Early,0.2450883686542511,0.24220816791057587,0.011820819228887558,0.1375691443681717,0.2480551302433014,0.2457721084356308,0.009245870634913445,0.01219219621270895,0.14809304475784302,0.16794505715370178,True,0.21626326441764832,0.213910311460495,0.20595356822013855,0.20864658057689667,-0.0026930123567581177
123,20,22,4,Early,0.24220816791057587,0.23941165208816528,0.011612867005169392,0.1410207450389862,0.2457721084356308,0.24365316331386566,0.008658207021653652,0.012179949320852757,0.14275453984737396,0.15471000969409943,True,0.2154909372329712,0.21307605504989624,0.20595356822013855,0.20864658057689667,-0.0026930123567581177
123,20,22,5,Early,0.23941165208816528,0.23667500913143158,0.011496909894049168,0.17874835431575775,0.24365316331386566,0.24115756154060364,0.010295221582055092,0.012328201904892921,0.13716578483581543,0.1873302012681961,True,0.2148842066526413,0.21242283284664154,0.20595356822013855,0.20864658057689667,-0.0026930123567581177
123,20,22,6,Middle,0.23667500913143158,0.2339990735054016,0.01137092337012291,0.17651908099651337,0.24115756154060364,0.23878373205661774,0.00989221129566431,0.012242122553288937,0.12949219346046448,0.21376930177211761,True,0.2142728716135025,0.21186673641204834,0.20595356822013855,0.20864658057689667,-0.0026930123567581177
123,20,22,7,Middle,0.2339990735054016,0.2314145416021347,0.011106055229902267,0.1680936962366104,0.23878373205661774,0.23650872707366943,0.009571927599608898,0.01205392461270094,0.121872179210186,0.14623519778251648,True,0.21365505456924438,0.21138587594032288,0.20595356822013855,0.20864658057689667,-0.0026930123567581177
123,20,22,8,Middle,0.2314145416021347,0.2288629710674286,0.011087195947766304,0.18749172985553741,0.23650872707366943,0.2337997406721115,0.011519894003868103,0.012060876004397869,0.11429879069328308,0.18882183730602264,True,0.21282844245433807,0.21096360683441162,0.20595356822013855,0.20864658057689667,-0.0026930123567581177
123,20,22,9,Middle,0.2288629710674286,0.2264097034931183,0.010777439922094345,0.18693503737449646,0.2337997406721115,0.2312714010477066,0.010872960090637207,0.011931901797652245,0.10456404834985733,0.22809088230133057,True,0.21201176941394806,0.2105873078107834,0.20595356822013855,0.20864658057689667,-0.0026930123567581177
123,20,22,10,Middle,0.2264097034931183,0.22402478754520416,0.010589439421892166,0.21388688683509827,0.2312714010477066,0.2287651151418686,0.010895599611103535,0.011811978183686733,0.09527222812175751,0.21495690941810608,True,0.21120671927928925,0.21025457978248596,0.20595356822013855,0.20864658057689667,-0.0026930123567581177
123,20,22,11,Middle,0.22402478754520416,0.22170983254909515,0.010387127287685871,0.21295802295207977,0.2287651151418686,0.22626659274101257,0.010981675237417221,0.011605910025537014,0.08574573695659637,0.2139142006635666,True,0.21050666272640228,0.20996682345867157,0.20595356822013855,0.20864658057689667,-0.0026930123567581177
123,20,22,12,Middle,0.22170983254909515,0.21946923434734344,0.010157281532883644,0.22016598284244537,0.22626659274101257,0.2238529771566391,0.010724605061113834,0.011313283815979958,0.07597113400697708,0.2207876443862915,True,0.20981943607330322,0.20971350371837616,0.20595356822013855,0.20864658057689667,-0.0026930123567581177
123,20,22,13,Late,0.21946923434734344,0.21732191741466522,0.009832599200308323,0.2613489627838135,0.2238529771566391,0.22149808704853058,0.010575874708592892,0.011101455427706242,0.06622358411550522,0.25928929448127747,True,0.20916837453842163,0.20950870215892792,0.20595356822013855,0.20864658057689667,-0.0026930123567581177
123,20,22,14,Late,0.21732191741466522,0.2152281254529953,0.00968090072274208,0.28661128878593445,0.22149808704853058,0.2191992998123169,0.01043231226503849,0.010856910608708858,0.05657852068543434,0.28786197304725647,True,0.20856010913848877,0.20931389927864075,0.20595356822013855,0.20864658057689667,-0.0026930123567581177
123,20,22,15,Late,0.2152281254529953,0.21323010325431824,0.00932712759822607,0.2641485333442688,0.2191992998123169,0.2169482707977295,0.010322237387299538,0.010649818927049637,0.04694913327693939,0.2650154232978821,True,0.20801937580108643,0.20914588868618011,0.20595356822013855,0.20864658057689667,-0.0026930123567581177
123,20,22,16,Late,0.21323010325431824,0.2113065868616104,0.009061837568879128,0.2804339528083801,0.2169482707977295,0.21473832428455353,0.010237989947199821,0.010310785844922066,0.03732885792851448,0.2937979996204376,True,0.20744192600250244,0.20899905264377594,0.20595356822013855,0.20864658057689667,-0.0026930123567581177
123,20,22,17,Late,0.2113065868616104,0.20945078134536743,0.008821406401693821,0.2700309157371521,0.21473832428455353,0.2126002460718155,0.010007161647081375,0.010007161647081375,0.027714960277080536,0.3006722629070282,False,0.20689865946769714,0.20886853337287903,0.20595356822013855,0.20864658057689667,-0.0026930123567581177
123,20,22,18,Late,0.20945078134536743,0.20765021443367004,0.008633274585008621,0.3237494230270386,0.2126002460718155,0.2105785608291626,0.009554446674883366,0.00956566073000431,0.01826309971511364,0.3098579943180084,True,0.20637555420398712,0.20875272154808044,0.20595356822013855,0.20864658057689667,-0.0026930123567581177
123,20,22,19,Late,0.20765021443367004,0.20595356822013855,0.008204173296689987,0.36432263255119324,0.2105785608291626,0.20864658057689667,0.00921740010380745,0.00921740010380745,0.00921740010380745,0.31252580881118774,False,0.20595356822013855,0.2086464911699295,0.20595356822013855,0.20864658057689667,-0.0026930123567581177
123,20,23,0,Early,0.31339946389198303,0.3101397454738617,0.010455770418047905,0.167565256357193,0.31339946389198303,0.3101855218410492,0.010307944379746914,0.010455770418047905,0.19638141989707947,0.16349568963050842,True,0.2575908899307251,0.2575197219848633,0.2530789375305176,0.25326624512672424,-0.00018730759620666504
123,20,23,1,Early,0.3101397454738617,0.30688902735710144,0.010536693036556244,0.14910291135311127,0.3101855218410492,0.3069502115249634,0.010484673082828522,0.010542826727032661,0.18722885847091675,0.16921761631965637,True,0.25738856196403503,0.2572222650051117,0.2530789375305176,0.25326624512672424,-0.00018730759620666504
123,20,23,2,Early,0.30688902735710144,0.30365386605262756,0.01059779617935419,0.19324402511119843,0.3069502115249634,0.30372944474220276,0.010548137128353119,0.010602395981550217,0.1778554618358612,0.16422922909259796,True,0.2571181356906891,0.2569364905357361,0.2530789375305176,0.25326624512672424,-0.00018730759620666504
123,20,23,3,Early,0.30365386605262756,0.30043262243270874,0.010665026493370533,0.1754048466682434,0.30372944474220276,0.3005063235759735,0.010668565519154072,0.010668565519154072,0.16837427020072937,0.17542000114917755,False,0.25683337450027466,0.25666239857673645,0.2530789375305176,0.25326624512672424,-0.00018730759620666504
123,20,23,4,Early,0.30043262243270874,0.2972322404384613,0.010709608905017376,0.19501993060112,0.3005063235759735,0.2973508834838867,0.010555687360465527,0.010717038996517658,0.15872083604335785,0.15211936831474304,True,0.25657352805137634,0.2564021348953247,0.2530789375305176,0.25326624512672424,-0.00018730759620666504
123,20,23,5,Early,0.2972322404384613,0.2940625548362732,0.010721166618168354,0.17367152869701385,0.2973508834838867,0.2942447066307068,0.010501071810722351,0.010746756568551064,0.14917002618312836,0.16777530312538147,True,0.25632351636886597,0.25614455342292786,0.2530789375305176,0.25326624512672424,-0.00018730759620666504
123,20,23,6,Middle,0.2940625548362732,0.29089999198913574,0.010812917724251747,0.20313164591789246,0.2942447066307068,0.29112592339515686,0.010655946098268032,0.01083426270633936,0.13965658843517303,0.17824150621891022,True,0.25607895851135254,0.2558916211128235,0.2530789375305176,0.25326624512672424,-0.00018730759620666504
123,20,23,7,Middle,0.29089999198913574,0.2877632975578308,0.010840748436748981,0.22324898838996887,0.29112592339515686,0.28803038597106934,0.010689442045986652,0.010870582424104214,0.12998327612876892,0.18167933821678162,True,0.25583893060684204,0.25564044713974,0.2530789375305176,0.25326624512672424,-0.00018730759620666504
123,20,23,8,Middle,0.2877632975578308,0.2846565544605255,0.010854663327336311,0.23127180337905884,0.28803038597106934,0.2849438190460205,0.010773766785860062,0.010883199982345104,0.1202189028263092,0.20418700575828552,True,0.2555839419364929,0.25540390610694885,0.2530789375305176,0.25326624512672424,-0.00018730759620666504
123,20,23,9,Middle,0.2846565544605255,0.2815890312194824,0.01083438005298376,0.22404122352600098,0.2849438190460205,0.2819245159626007,0.01065264455974102,0.01087883673608303,0.11030629277229309,0.2148936241865158,True,0.2553521990776062,0.2551840543746948,0.2530789375305176,0.25326624512672424,-0.00018730759620666504
123,20,23,10,Middle,0.2815890312194824,0.27856868505477905,0.010783673264086246,0.20262576639652252,0.2819245159626007,0.2788991332054138,0.010789098218083382,0.010789098218083382,0.10054846107959747,0.2028675377368927,False,0.25508004426956177,0.2549557685852051,0.2530789375305176,0.25326624512672424,-0.00018730759620666504
123,20,23,11,Middle,0.27856868505477905,0.27557751536369324,0.010795583948493004,0.2363368272781372,0.2788991332054138,0.2758927643299103,0.010837684385478497,0.01087152399122715,0.09055673331022263,0.23653891682624817,True,0.2548443675041199,0.25475260615348816,0.2530789375305176,0.25326624512672424,-0.00018730759620666504
123,20,23,12,Middle,0.27557751536369324,0.2726139426231384,0.010811857879161835,0.2690918743610382,0.2758927643299103,0.2729160487651825,0.010848179459571838,0.010848179459571838,0.08055298030376434,0.26937201619148254,False,0.25459712743759155,0.25454017519950867,0.2530789375305176,0.25326624512672424,-0.00018730759620666504
123,20,23,13,Late,0.2726139426231384,0.2696996331214905,0.010747702792286873,0.253219872713089,0.2729160487651825,0.2699805200099945,0.010814569890499115,0.010814569890499115,0.0704413577914238,0.2534196972846985,False,0.25438186526298523,0.254352867603302,0.2530789375305176,0.25326624512672424,-0.00018730759620666504
123,20,23,14,Late,0.2696996331214905,0.2668193578720093,0.010736734606325626,0.258209228515625,0.2699805200099945,0.2670800983905792,0.010801243595778942,0.010801243595778942,0.06039368361234665,0.25844013690948486,False,0.25415748357772827,0.2541579306125641,0.2530789375305176,0.25326624512672424,-0.00018730759620666504
123,20,23,15,Late,0.2668193578720093,0.2639847695827484,0.0106802424415946,0.2960594892501831,0.2670800983905792,0.26422789692878723,0.010736853815615177,0.010736853815615177,0.05034307762980461,0.2963218688964844,False,0.25393396615982056,0.2539672255516052,0.2530789375305176,0.25326624512672424,-0.00018730759620666504
123,20,23,16,Late,0.2639847695827484,0.2611956000328064,0.010621858760714531,0.31372693181037903,0.26422789692878723,0.2614191174507141,0.010686611756682396,0.010686611756682396,0.04032750055193901,0.3139844536781311,False,0.2537187337875366,0.2537841796875,0.2530789375305176,0.25326624512672424,-0.00018730759620666504
123,20,23,17,Late,0.2611956000328064,0.2584371268749237,0.010617025196552277,0.33146175742149353,0.2614191174507141,0.2586537301540375,0.01063448190689087,0.01063448190689087,0.03039051964879036,0.33168771862983704,False,0.25348323583602905,0.25359392166137695,0.2530789375305176,0.25326624512672424,-0.00018730759620666504
123,20,23,18,Late,0.2584371268749237,0.2557375133037567,0.010500837117433548,0.3271195590496063,0.2586537301540375,0.25593864917755127,0.010552148334681988,0.010552148334681988,0.020396526902914047,0.3643797039985657,False,0.25327587127685547,0.253431499004364,0.2530789375305176,0.25326624512672424,-0.00018730759620666504
123,20,23,19,Late,0.2557375133037567,0.2530789375305176,0.010450111702084541,0.3154463768005371,0.25593864917755127,0.25326624512672424,0.010496234521269798,0.010496234521269798,0.010496234521269798,0.3384711444377899,False,0.2530789375305176,0.253266304731369,0.2530789375305176,0.25326624512672424,-0.00018730759620666504
2026,20,0,0,Early,0.22128358483314514,0.21846319735050201,0.012826499529182911,0.1437637358903885,0.22128358483314514,0.21873021125793457,0.011604377068579197,0.012826499529182911,0.02371498942375183,0.17712077498435974,True,0.2169293612241745,0.21609722077846527,0.19107188284397125,0.19273701310157776,-0.0016651302576065063
2026,20,0,1,Early,0.21846319735050201,0.2157442569732666,0.01252269558608532,0.15246734023094177,0.21873021125793457,0.2168070375919342,0.008829789236187935,0.012654774822294712,0.022379323840141296,0.17455999553203583,True,0.21569007635116577,0.21388916671276093,0.19107188284397125,0.19273701310157776,-0.0016651302576065063
2026,20,0,2,Early,0.2157442569732666,0.21316134929656982,0.01204320415854454,0.14499014616012573,0.2168070375919342,0.21558944880962372,0.005630424711853266,0.012378353625535965,0.02354288473725319,0.174655944108963,True,0.2141735851764679,0.21176210045814514,0.19107188284397125,0.19273701310157776,-0.0016651302576065063
2026,20,0,3,Early,0.21316134929656982,0.2107376754283905,0.011435612104833126,0.13740691542625427,0.21558944880962372,0.21408915519714355,0.006982286926358938,0.012123052962124348,0.027103103697299957,0.18848784267902374,True,0.21295246481895447,0.20982447266578674,0.19107188284397125,0.19273701310157776,-0.0016651302576065063
2026,20,0,4,Early,0.2107376754283905,0.20841018855571747,0.011105452664196491,0.12352748215198517,0.21408915519714355,0.2121196985244751,0.00923995953053236,0.011964048258960247,0.028715508058667183,0.17222172021865845,True,0.21153588593006134,0.2080286294221878,0.19107188284397125,0.19273701310157776,-0.0016651302576065063
2026,20,0,5,Early,0.20841018855571747,0.206213116645813,0.010597561486065388,0.08636704832315445,0.2121196985244751,0.2104351818561554,0.007970977574586868,0.011573022231459618,0.027644097805023193,0.2109905332326889,True,0.21001581847667694,0.2063358724117279,0.19107188284397125,0.19273701310157776,-0.0016651302576065063
2026,20,0,6,Middle,0.206213116645813,0.2041485756635666,0.010060851462185383,0.11354215443134308,0.2104351818561554,0.20892733335494995,0.0071893110871315,0.011175242252647877,0.02730042114853859,0.1606505960226059,True,0.208443745970726,0.20476767420768738,0.19107188284397125,0.19273701310157776,-0.0016651302576065063
2026,20,0,7,Middle,0.2041485756635666,0.20223648846149445,0.009409073740243912,0.11664243042469025,0.20892733335494995,0.20724500715732574,0.008083202876150608,0.010805487632751465,0.027147326618433,0.12831129133701324,True,0.20683513581752777,0.2033315896987915,0.19107188284397125,0.19273701310157776,-0.0016651302576065063
2026,20,0,8,Middle,0.20223648846149445,0.20048239827156067,0.008711020462214947,0.13635440170764923,0.20724500715732574,0.20555302500724792,0.008195413276553154,0.010293432511389256,0.025658760219812393,0.12858639657497406,True,0.20526781678199768,0.20199479162693024,0.19107188284397125,0.19273701310157776,-0.0016651302576065063
2026,20,0,9,Middle,0.20048239827156067,0.19888077676296234,0.008021228946745396,0.15129253268241882,0.20555302500724792,0.20359085500240326,0.009591273963451385,0.009750772267580032,0.022887473925948143,0.14876452088356018,True,0.20381543040275574,0.20090170204639435,0.19107188284397125,0.19273701310157776,-0.0016651302576065063
2026,20,0,10,Middle,0.19888077676296234,0.1974198818206787,0.007372378837317228,0.13382259011268616,0.20359085500240326,0.20192046463489532,0.008237501606345177,0.00906229019165039,0.01915593445301056,0.11843138933181763,True,0.20239298045635223,0.1997278332710266,0.19107188284397125,0.19273701310157776,-0.0016651302576065063
2026,20,0,11,Middle,0.1974198818206787,0.19615298509597778,0.006437697447836399,0.16928847134113312,0.20192046463489532,0.20025160908699036,0.008298264816403389,0.008430899120867252,0.01576334238052368,0.16638341546058655,True,0.2010609358549118,0.19876235723495483,0.19107188284397125,0.19273701310157776,-0.0016651302576065063
2026,20,0,12,Middle,0.19615298509597778,0.1949993222951889,0.005898633971810341,0.16396281123161316,0.20025160908699036,0.19897468388080597,0.006396012846380472,0.007782552856951952,0.012600942514836788,0.15356487035751343,True,0.19959837198257446,0.1977439671754837,0.19107188284397125,0.19273701310157776,-0.0016651302576065063
2026,20,0,13,Late,0.1949993222951889,0.193991556763649,0.005181878339499235,0.2011781930923462,0.19897468388080597,0.19765248894691467,0.006666392087936401,0.006717177573591471,0.010925615206360817,0.19878265261650085,True,0.19815956056118011,0.1968124657869339,0.19107188284397125,0.19273701310157776,-0.0016651302576065063
2026,20,0,14,Late,0.193991556763649,0.19312116503715515,0.004496058449149132,0.17649918794631958,0.19765248894691467,0.1965397298336029,0.005643931683152914,0.006122109945863485,0.008687132969498634,0.1735059916973114,True,0.19670236110687256,0.19594277441501617,0.19107188284397125,0.19273701310157776,-0.0016651302576065063
2026,20,0,15,Late,0.19312116503715515,0.19249266386032104,0.0032594213262200356,0.23033608496189117,0.1965397298336029,0.19548586010932922,0.00537611311301589,0.005436811596155167,0.006732080597430468,0.2392682135105133,True,0.1952766478061676,0.1952209770679474,0.19107188284397125,0.19273701310157776,-0.0016651302576065063
2026,20,0,16,Late,0.19249266386032104,0.19190816581249237,0.003040288807824254,0.22891020774841309,0.19548586010932922,0.1945342868566513,0.0048790606670081615,0.0048790606670081615,0.005098042543977499,0.24711237847805023,False,0.19402331113815308,0.19449174404144287,0.19107188284397125,0.19273701310157776,-0.0016651302576065063
2026,20,0,17,Late,0.19190816581249237,0.19148579239845276,0.002203963231295347,0.2726030945777893,0.1945342868566513,0.19377979636192322,0.003885527141392231,0.003885527141392231,0.003617019858211279,0.2694210410118103,False,0.19297713041305542,0.19383187592029572,0.19107188284397125,0.19273701310157776,-0.0016651302576065063
2026,20,0,18,Late,0.19148579239845276,0.19120058417320251,0.001491339411586523,0.2799939513206482,0.19377979636192322,0.19318072497844696,0.0030960231088101864,0.0030960231088101864,0.002765558660030365,0.23359328508377075,False,0.1919642984867096,0.19324460625648499,0.19107188284397125,0.19273701310157776,-0.0016651302576065063
2026,20,0,19,Late,0.19120058417320251,0.19107188284397125,0.0006732623442076147,0.26673242449760437,0.19318072497844696,0.19273701310157776,0.002300184452906251,0.002300184452906251,0.002300184452906251,0.26375555992126465,False,0.19107188284397125,0.19273686408996582,0.19107188284397125,0.19273701310157776,-0.0016651302576065063
2026,20,1,0,Early,0.3565943241119385,0.353556364774704,0.008556383661925793,0.6059539318084717,0.3565943241119385,0.353556364774704,0.008556383661925793,0.008556383661925793,0.1435660421848297,0.6059539318084717,False,0.30890411138534546,0.30890411138534546,0.2981092631816864,0.29813051223754883,-2.1249055862426758e-05
2026,20,1,1,Early,0.353556364774704,0.3502661883831024,0.009349857456982136,0.6490299105644226,0.353556364774704,0.3502661883831024,0.009349857456982136,0.009349857456982136,0.13784220814704895,0.6490299105644226,False,0.30803054571151733,0.30803054571151733,0.2981092631816864,0.29813051223754883,-2.1249055862426758e-05
2026,20,1,2,Early,0.3502661883831024,0.3470776379108429,0.009145288728177547,0.6218112707138062,0.3502661883831024,0.34708282351493835,0.009130639024078846,0.009145288728177547,0.13096316158771515,0.6360135674476624,True,0.3072887063026428,0.30727046728134155,0.2981092631816864,0.29813051223754883,-2.1249055862426758e-05
2026,20,1,3,Early,0.3470776379108429,0.3439555764198303,0.009036608040332794,0.6223089694976807,0.34708282351493835,0.34396055340766907,0.009037080220878124,0.009037080220878124,0.12402846664190292,0.6224599480628967,False,0.30661308765411377,0.3065967559814453,0.2981092631816864,0.29813051223754883,-2.1249055862426758e-05
2026,20,1,4,Early,0.3439555764198303,0.3409452736377716,0.008791209198534489,0.586679995059967,0.34396055340766907,0.3409497141838074,0.008792863227427006,0.008792863227427006,0.11676198989152908,0.5868334174156189,False,0.3060700595378876,0.30605459213256836,0.2981092631816864,0.29813051223754883,-2.1249055862426758e-05
2026,20,1,5,Early,0.3409452736377716,0.3380567729473114,0.008509110659360886,0.5471566319465637,0.3409497141838074,0.33807235956192017,0.008475776761770248,0.008511475287377834,0.10927710682153702,0.5737820863723755,True,0.30567467212677,0.3056548237800598,0.2981092631816864,0.29813051223754883,-2.1249055862426758e-05
2026,20,1,6,Middle,0.3380567729473114,0.3349866271018982,0.009123909287154675,0.6073598861694336,0.33807235956192017,0.3350021243095398,0.009123554453253746,0.009123554453253746,0.1028510332107544,0.6077232956886292,False,0.3050451874732971,0.3050292432308197,0.2981092631816864,0.29813051223754883,-2.1249055862426758e-05
2026,20,1,7,Middle,0.3349866271018982,0.3318180441856384,0.009504439309239388,0.6445662379264832,0.3350021243095398,0.3318343162536621,0.009501605294644833,0.009501605294644833,0.09620875120162964,0.6449025273323059,False,0.3042854368686676,0.30427345633506775,0.2981092631816864,0.29813051223754883,-2.1249055862426758e-05
2026,20,1,8,Middle,0.3318180441856384,0.3289007246494293,0.008831501007080078,0.6338162422180176,0.3318343162536621,0.328916996717453,0.008831264451146126,0.008831264451146126,0.08838917315006256,0.6341323852539062,False,0.3037711977958679,0.303762286901474,0.2981092631816864,0.29813051223754883,-2.1249055862426758e-05
2026,20,1,9,Middle,0.3289007246494293,0.32587674260139465,0.009237420745193958,0.640224814414978,0.328916996717453,0.3258935809135437,0.009235295467078686,0.009235295467078686,0.08164102584123611,0.6405079364776611,False,0.30313587188720703,0.30313047766685486,0.2981092631816864,0.29813051223754883,-2.1249055862426758e-05
2026,20,1,10,Middle,0.32587674260139465,0.32287678122520447,0.009248876944184303,0.6763015985488892,0.3258935809135437,0.322894424200058,0.009245924651622772,0.009245924651622772,0.07448633015155792,0.6765609979629517,False,0.30250293016433716,0.3025006651878357,0.2981092631816864,0.29813051223754883,-2.1249055862426758e-05
2026,20,1,11,Middle,0.32287678122520447,0.3198605179786682,0.009386233054101467,0.6579614281654358,0.322894424200058,0.3198789954185486,0.009383279830217361,0.009383279830217361,0.06743043661117554,0.658267617225647,False,0.3018375337123871,0.30183911323547363,0.2981092631816864,0.29813051223754883,-2.1249055862426758e-05
2026,20,1,12,Middle,0.3198605179786682,0.3169877231121063,0.009022432379424572,0.6712918281555176,0.3198789954185486,0.3170068860054016,0.009019714780151844,0.009019714780151844,0.05982378497719765,0.6714610457420349,False,0.3012988865375519,0.30130353569984436,0.2981092631816864,0.29813051223754883,-2.1249055862426758e-05
2026,20,1,13,Late,0.3169877231121063,0.3141428232192993,0.00901593454182148,0.6469597816467285,0.3170068860054016,0.31416237354278564,0.00901404395699501,0.00901404395699501,0.052548278123140335,0.6472534537315369,False,0.30077072978019714,0.3007785975933075,0.2981092631816864,0.29813051223754883,-2.1249055862426758e-05
2026,20,1,14,Late,0.3141428232192993,0.3113304376602173,0.008993488736450672,0.6823926568031311,0.31416237354278564,0.31135064363479614,0.00899088941514492,0.00899088941514492,0.045268185436725616,0.6826444268226624,False,0.3002471327781677,0.30025771260261536,0.2981092631816864,0.29813051223754883,-2.1249055862426758e-05
2026,20,1,15,Late,0.3113304376602173,0.3084702789783478,0.009229744784533978,0.7046178579330444,0.31135064363479614,0.30849140882492065,0.009226319380104542,0.009226319380104542,0.0382484495639801,0.7048822045326233,False,0.2996530830860138,0.2996666729450226,0.2981092631816864,0.29813051223754883,-2.1249055862426758e-05
2026,20,1,16,Late,0.3084702789783478,0.3058791756629944,0.008435940369963646,0.6301156878471375,0.30849140882492065,0.30590009689331055,0.00843582209199667,0.00843582209199667,0.0301535464823246,0.6303762793540955,False,0.29931217432022095,0.2993279993534088,0.2981092631816864,0.29813051223754883,-2.1249055862426758e-05
2026,20,1,17,Late,0.3058791756629944,0.30328139662742615,0.008529911749064922,0.6449671387672424,0.30590009689331055,0.3033023774623871,0.008528966456651688,0.008528966456651688,0.02297305129468441,0.6452034115791321,False,0.2989351153373718,0.2989526689052582,0.2981092631816864,0.29813051223754883,-2.1249055862426758e-05
2026,20,1,18,Late,0.30328139662742615,0.3007368743419647,0.00842601153999567,0.6459943652153015,0.3033023774623871,0.3007577657699585,0.008425893262028694,0.008425893262028694,0.015627462416887283,0.6462281942367554,False,0.29858019948005676,0.29859933257102966,0.2981092631816864,0.29813051223754883,-2.1249055862426758e-05
2026,20,1,19,Late,0.3007368743419647,0.2981092631816864,0.008776203729212284,0.6568698883056641,0.3007577657699585,0.29813051223754883,0.00877443142235279,0.00877443142235279,0.00877443142235279,0.6571014523506165,False,0.2981090545654297,0.2981303036212921,0.2981092631816864,0.29813051223754883,-2.1249055862426758e-05
2026,20,2,0,Early,0.2890632748603821,0.2874886691570282,0.00546247698366642,0.5164580941200256,0.2890632748603821,0.2881408929824829,0.0031958562321960926,0.00546247698366642,-0.024677816778421402,0.29358986020088196,True,0.29628702998161316,0.29628488421440125,0.27950137853622437,0.27951520681381226,-1.3828277587890625e-05
2026,20,2,1,Early,0.2874886691570282,0.286586731672287,0.0031424243934452534,0.4476229250431061,0.2881408929824829,0.28731217980384827,0.002880433341488242,0.003210989525541663,-0.02514103800058365,0.26047617197036743,True,0.29595041275024414,0.2954763174057007,0.27950137853622437,0.27951520681381226,-1.3828277587890625e-05
2026,20,2,2,Early,0.286586731672287,0.28530728816986084,0.0044753276742994785,0.5456421971321106,0.28731217980384827,0.2859930098056793,0.004602538887411356,0.004602538887411356,-0.025331739336252213,0.5399599671363831,False,0.2951134741306305,0.29468268156051636,0.27950137853622437,0.27951520681381226,-1.3828277587890625e-05
2026,20,2,3,Early,0.28530728816986084,0.2844310700893402,0.003076693741604686,0.4737871587276459,0.2859930098056793,0.2853555381298065,0.0022318020928651094,0.0032399697229266167,-0.027535829693078995,0.25679710507392883,True,0.2945648729801178,0.2939769923686981,0.27950137853622437,0.27951520681381226,-1.3828277587890625e-05
2026,20,2,4,Early,0.2844310700893402,0.28384727239608765,0.002055208198726177,0.4329374134540558,0.2853555381298065,0.28495392203330994,0.001408605370670557,0.0022201980464160442,-0.028286214917898178,0.2804238200187683,True,0.2941749691963196,0.2935419976711273,0.27950137853622437,0.27951520681381226,-1.3828277587890625e-05
2026,20,2,5,Early,0.28384727239608765,0.28317660093307495,0.002366589615121484,0.4717683792114258,0.28495392203330994,0.2842097878456116,0.002615590114146471,0.002615590114146471,-0.027854718267917633,0.4614081084728241,False,0.2935808598995209,0.2930023670196533,0.27950137853622437,0.27951520681381226,-1.3828277587890625e-05
2026,20,2,6,Middle,0.28317660093307495,0.28258731961250305,0.0020840889774262905,0.5232946276664734,0.2842097878456116,0.2837257981300354,0.00170486222486943,0.0024210459087044,-0.027889931574463844,0.30091872811317444,True,0.2929340898990631,0.29224756360054016,0.27950137853622437,0.27951520681381226,-1.3828277587890625e-05
2026,20,2,7,Middle,0.28258731961250305,0.2819855809211731,0.002132986206561327,0.5120407342910767,0.2837257981300354,0.28304675221443176,0.00239678961224854,0.00239678961224854,-0.027259446680545807,0.4989888370037079,False,0.29216739535331726,0.29156598448753357,0.27950137853622437,0.27951520681381226,-1.3828277587890625e-05
2026,20,2,8,Middle,0.2819855809211731,0.28145045042037964,0.0019007608061656356,0.5046106576919556,0.28304675221443176,0.2824346125125885,0.0021655771415680647,0.0021655771415680647,-0.027105635032057762,0.49270153045654297,False,0.29134315252304077,0.29082348942756653,0.27950137853622437,0.27951520681381226,-1.3828277587890625e-05
2026,20,2,9,Middle,0.28145045042037964,0.280368834733963,0.003851609770208597,0.5475970506668091,0.2824346125125885,0.2813134789466858,0.003978422377258539,0.003978422377258539,-0.02447238750755787,0.5348265171051025,False,0.28982919454574585,0.2894313633441925,0.27950137853622437,0.27951520681381226,-1.3828277587890625e-05
2026,20,2,10,Middle,0.280368834733963,0.2798594534397125,0.0018198539037257433,0.5072202086448669,0.2813134789466858,0.28074538707733154,0.002022235421463847,0.002022235421463847,-0.025282107293605804,0.4954218566417694,False,0.28882312774658203,0.28851601481437683,0.27950137853622437,0.27951520681381226,-1.3828277587890625e-05
2026,20,2,11,Middle,0.2798594534397125,0.2795805335044861,0.0009983417112380266,0.5267058610916138,0.28074538707733154,0.28037241101264954,0.0013305438915267587,0.0013305438915267587,-0.024362748488783836,0.5161733031272888,False,0.28791430592536926,0.2876688241958618,0.27950137853622437,0.27951520681381226,-1.3828277587890625e-05
2026,20,2,12,Middle,0.2795805335044861,0.27949342131614685,0.0003128603857476264,0.5378329157829285,0.28037241101264954,0.28018608689308167,0.0006659002392552793,0.0006659002392552793,-0.023045014590024948,0.5276808142662048,False,0.28710296750068665,0.286908358335495,0.27950137853622437,0.27951520681381226,-1.3828277587890625e-05
2026,20,2,13,Late,0.27949342131614685,0.2789791524410248,0.0018424609443172812,0.572563886642456,0.28018608689308167,0.2795946002006531,0.002114191884174943,0.002114191884174943,-0.019207971170544624,0.5624756217002869,False,0.28574779629707336,0.28561970591545105,0.27950137853622437,0.27951520681381226,-1.3828277587890625e-05
2026,20,2,14,Late,0.2789791524410248,0.2785121500492096,0.0016764577012509108,0.588148295879364,0.2795946002006531,0.2790500521659851,0.0019504945958033204,0.0019504945958033204,-0.016624370589852333,0.5790233612060547,False,0.2843491733074188,0.28428134322166443,0.27950137853622437,0.27951520681381226,-1.3828277587890625e-05
2026,20,2,15,Late,0.2785121500492096,0.27875351905822754,-0.0008656465215608478,0.30075234174728394,0.2790500521659851,0.27916640043258667,-0.0004160586395300925,-0.0004160586395300925,-0.015807634219527245,0.29395344853401184,False,0.28358861804008484,0.28349608182907104,0.27950137853622437,0.27951520681381226,-1.3828277587890625e-05
2026,20,2,16,Late,0.27875351905822754,0.27871519327163696,0.000138857911224477,0.5856122970581055,0.27916640043258667,0.27903643250465393,0.00046693699550814927,0.00046693699550814927,-0.011524406261742115,0.5767644643783569,False,0.28245148062705994,0.2824020981788635,0.27950137853622437,0.27951520681381226,-1.3828277587890625e-05
2026,20,2,17,Late,0.27871519327163696,0.27887481451034546,-0.0005713050486519933,0.5890650153160095,0.27903643250465393,0.2791058123111725,-0.0002475833462085575,-0.0002475833462085575,-0.008529726415872574,0.5805591940879822,False,0.2814376950263977,0.2814266085624695,0.27950137853622437,0.27951520681381226,-1.3828277587890625e-05
2026,20,2,18,Late,0.27887481451034546,0.27913227677345276,-0.00092220091028139,0.3395383954048157,0.2791058123111725,0.279249370098114,-0.0005134964594617486,-0.0005134964594617486,-0.0047972556203603745,0.33412864804267883,False,0.28045693039894104,0.28044793009757996,0.27950137853622437,0.27951520681381226,-1.3828277587890625e-05
2026,20,2,19,Late,0.27913227677345276,0.27950137853622437,-0.0013198748929426074,0.6085959672927856,0.279249370098114,0.27951520681381226,-0.0009505075286142528,-0.0009505075286142528,-0.0009505075286142528,0.6005951166152954,False,0.27950090169906616,0.279514878988266,0.27950137853622437,0.27951520681381226,-1.3828277587890625e-05
2026,20,3,0,Early,0.2189839780330658,0.21557441353797913,0.015692830085754395,0.14733214676380157,0.2189839780330658,0.2183414101600647,0.002937386278063059,0.015692830085754395,0.024190116673707962,0.25651127099990845,True,0.21692392230033875,0.2137499302625656,0.201693594455719,0.20195893943309784,-0.0002653449773788452
2026,20,3,1,Early,0.21557441353797913,0.2124556601047516,0.014572535641491413,0.1215188279747963,0.2183414101600647,0.2168206125497818,0.006989048793911934,0.015681326389312744,0.030036091804504395,0.219325989484787,True,0.2170616090297699,0.21188046038150787,0.201693594455719,0.20195893943309784,-0.0002653449773788452
2026,20,3,2,Early,0.2124556601047516,0.209649458527565,0.01329607330262661,0.12933513522148132,0.2168206125497818,0.2157488912343979,0.004953586496412754,0.015259461477398872,0.03235005959868431,0.217010959982872,True,0.21714980900287628,0.20991846919059753,0.201693594455719,0.20195893943309784,-0.0002653449773788452
2026,20,3,3,Early,0.209649458527565,0.2071719914674759,0.011886640451848507,0.11775969713926315,0.2157488912343979,0.21434363722801208,0.006532829720526934,0.014909068122506142,0.03433734551072121,0.22553139925003052,True,0.21720916032791138,0.20846614241600037,0.201693594455719,0.20195893943309784,-0.0002653449773788452
2026,20,3,4,Early,0.2071719914674759,0.20502710342407227,0.010406444780528545,0.08980552107095718,0.21434363722801208,0.21252653002738953,0.00851165596395731,0.014360213652253151,0.03246360272169113,0.17911571264266968,True,0.2170678973197937,0.207496777176857,0.201693594455719,0.20195893943309784,-0.0002653449773788452
2026,20,3,5,Early,0.20502710342407227,0.20317625999450684,0.009069014340639114,0.18456187844276428,0.21252653002738953,0.21129164099693298,0.005826126784086227,0.013567767105996609,0.029416870325803757,0.18587297201156616,True,0.21673953533172607,0.20636552572250366,0.201693594455719,0.20195893943309784,-0.0002653449773788452
2026,20,3,6,Middle,0.20317625999450684,0.20165085792541504,0.007536011282354593,0.17596971988677979,0.21129164099693298,0.2095203548669815,0.008417678065598011,0.013030646368861198,0.026848170906305313,0.16695906221866608,True,0.2162761092185974,0.20569409430027008,0.201693594455719,0.20195893943309784,-0.0002653449773788452
2026,20,3,7,Middle,0.20165085792541504,0.20046046376228333,0.0059206667356193066,0.11323130130767822,0.2095203548669815,0.20848287642002106,0.0049630701541900635,0.012002076022326946,0.022556595504283905,0.18624070286750793,True,0.21571604907512665,0.20484697818756104,0.201693594455719,0.20195893943309784,-0.0002653449773788452
2026,20,3,8,Middle,0.20046046376228333,0.19956153631210327,0.004495094530284405,0.09685267508029938,0.20848287642002106,0.20819908380508423,0.0013618497177958488,0.011264805682003498,0.022626200690865517,0.21059688925743103,True,0.2151975929737091,0.20381848514080048,0.201693594455719,0.20195893943309784,-0.0002653449773788452
2026,20,3,9,Middle,0.19956153631210327,0.19893111288547516,0.0031644725240767,0.14256489276885986,0.20819908380508423,0.20798350870609283,0.0010350113734602928,0.01087893545627594,0.0248341616243124,0.22487467527389526,True,0.21420256793498993,0.20309214293956757,0.201693594455719,0.20195893943309784,-0.0002653449773788452
2026,20,3,10,Middle,0.19893111288547516,0.19855915009975433,0.0018721695523709059,0.20373155176639557,0.20798350870609283,0.2079109400510788,0.00034776912070810795,0.010562622919678688,0.026024948805570602,0.23211424052715302,True,0.21302811801433563,0.20264042913913727,0.201693594455719,0.20195893943309784,-0.0002653449773788452
2026,20,3,11,Middle,0.19855915009975433,0.19839802384376526,0.000811808742582798,0.17898771166801453,0.2079109400510788,0.20772463083267212,0.0008959088590927422,0.01000217255204916,0.026412978768348694,0.23106098175048828,True,0.21130093932151794,0.2024911493062973,0.201693594455719,0.20195893943309784,-0.0002653449773788452
2026,20,3,12,Middle,0.19839802384376526,0.19837768375873566,0.00010260252020088956,0.2358546406030655,0.20772463083267212,0.20599514245986938,0.008359969593584538,0.009458648040890694,0.025816641747951508,0.1279931366443634,True,0.2094779908657074,0.20243041217327118,0.201693594455719,0.20195893943309784,-0.0002653449773788452
2026,20,3,13,Late,0.19837768375873566,0.19851335883140564,-0.0006829166668467224,0.19846463203430176,0.20599514245986938,0.20452426373958588,0.007166212424635887,0.00786296371370554,0.017816266044974327,0.17494647204875946,True,0.20789660513401031,0.2023574560880661,0.201693594455719,0.20195893943309784,-0.0002653449773788452
2026,20,3,14,Late,0.19851335883140564,0.19875146448612213,-0.0011976101668551564,0.26339396834373474,0.20452426373958588,0.20329344272613525,0.006035606376826763,0.006324086803942919,0.011071368120610714,0.16233865916728973,True,0.20646348595619202,0.20227231085300446,0.201693594455719,0.20195893943309784,-0.0002653449773788452
2026,20,3,15,Late,0.19875146448612213,0.19919607043266296,-0.002233471954241395,0.20066219568252563,0.20329344272613525,0.20248639583587646,0.00397766288369894,0.004729080945253372,0.005404858849942684,0.18187442421913147,True,0.20547550916671753,0.2021975815296173,0.201693594455719,0.20195893943309784,-0.0002653449773788452
2026,20,3,16,Late,0.19919607043266296,0.19969502091407776,-0.0025011850520968437,0.28051525354385376,0.20248639583587646,0.20186090469360352,0.0030944617465138435,0.003133076475933194,0.0017533539794385433,0.23221495747566223,True,0.2042417973279953,0.20213161408901215,0.201693594455719,0.20195893943309784,-0.0002653449773788452
2026,20,3,17,Late,0.19969502091407776,0.20025432109832764,-0.002795275067910552,0.27978309988975525,0.20186090469360352,0.20160570740699768,0.001265377621166408,0.0014997682301327586,-0.0010666735470294952,0.2077580690383911,True,0.203129380941391,0.20207630097866058,0.201693594455719,0.20195893943309784,-0.0002653449773788452
2026,20,3,18,Late,0.20025432109832764,0.20099854469299316,-0.0037084659561514854,0.32149747014045715,0.20160570740699768,0.20163144171237946,-0.00012792252528015524,-0.00012387674360070378,-0.0020095189101994038,0.23769238591194153,True,0.202397882938385,0.20201121270656586,0.201693594455719,0.20195893943309784,-0.0002653449773788452
2026,20,3,19,Late,0.20099854469299316,0.201693594455719,-0.0034510015975683928,0.29518094658851624,0.20163144171237946,0.20195893943309784,-0.0016228612512350082,-0.0016228612512350082,-0.0016228612512350082,0.2541916072368622,False,0.20169338583946228,0.20195890963077545,0.201693594455719,0.20195893943309784,-0.0002653449773788452
2026,20,4,0,Early,0.29531988501548767,0.2937634289264679,0.005284752696752548,0.4942951500415802,0.29531988501548767,0.2937634289264679,0.005284752696752548,0.005284752696752548,-0.013255898840725422,0.4942951500415802,False,0.29926010966300964,0.29926010966300964,0.28479671478271484,0.28479671478271484,0.0
2026,20,4,1,Early,0.2937634289264679,0.2927817404270172,0.0033476415555924177,0.4535970091819763,0.2937634289264679,0.2927817404270172,0.0033476415555924177,0.0033476415555924177,-0.017390988767147064,0.4535970091819763,False,0.29891639947891235,0.29891639947891235,0.28479671478271484,0.28479671478271484,0.0
2026,20,4,2,Early,0.2927817404270172,0.2918320894241333,0.0032496009953320026,0.46712571382522583,0.2927817404270172,0.2918320894241333,0.0032496009953320026,0.0032496009953320026,-0.01935773715376854,0.46712571382522583,False,0.29850396513938904,0.29850396513938904,0.28479671478271484,0.28479671478271484,0.0
2026,20,4,3,Early,0.2918320894241333,0.2906996011734009,0.003889016341418028,0.5001664161682129,0.2918320894241333,0.2906996011734009,0.003889016341418028,0.003889016341418028,-0.02022508718073368,0.5001664161682129,False,0.297793984413147,0.297793984413147,0.28479671478271484,0.28479671478271484,0.0
2026,20,4,4,Early,0.2906996011734009,0.29002708196640015,0.002316657919436693,0.44638383388519287,0.2906996011734009,0.29002708196640015,0.002316657919436693,0.002316657919436693,-0.022894959896802902,0.44638383388519287,False,0.29743143916130066,0.29743143916130066,0.28479671478271484,0.28479671478271484,0.0
2026,20,4,5,Early,0.29002708196640015,0.2892151176929474,0.0028043994680047035,0.4582447409629822,0.29002708196640015,0.2892151176929474,0.0028043994680047035,0.0028043994680047035,-0.02312937192618847,0.4582447409629822,False,0.2968129813671112,0.2968129813671112,0.28479671478271484,0.28479671478271484,0.0
2026,20,4,6,Middle,0.2892151176929474,0.28863364458084106,0.0020132006611675024,0.4575098752975464,0.2892151176929474,0.28863364458084106,0.0020132006611675024,0.0020132006611675024,-0.024254579097032547,0.4575098752975464,False,0.2963152229785919,0.2963152229785919,0.28479671478271484,0.28479671478271484,0.0
2026,20,4,7,Middle,0.28863364458084106,0.28807976841926575,0.0019221889087930322,0.45158183574676514,0.28863364458084106,0.28807976841926575,0.0019221889087930322,0.0019221889087930322,-0.024343525990843773,0.45158183574676514,False,0.2957457900047302,0.2957457900047302,0.28479671478271484,0.28479671478271484,0.0
2026,20,4,8,Middle,0.28807976841926575,0.2873150408267975,0.002659466816112399,0.5157769322395325,0.28807976841926575,0.2873150408267975,0.002659466816112399,0.002659466816112399,-0.023178767412900925,0.5157769322395325,False,0.294834703207016,0.294834703207016,0.28479671478271484,0.28479671478271484,0.0
2026,20,4,9,Middle,0.2873150408267975,0.286369651556015,0.003296768991276622,0.5423516631126404,0.2873150408267975,0.286369651556015,0.003296768991276622,0.003296768991276622,-0.02173047512769699,0.5423516631126404,False,0.29362648725509644,0.29362648725509644,0.28479671478271484,0.28479671478271484,0.0
2026,20,4,10,Middle,0.286369651556015,0.28556302189826965,0.00282222218811512,0.5239297151565552,0.286369651556015,0.28556302189826965,0.00282222218811512,0.00282222218811512,-0.02107820101082325,0.5239297151565552,False,0.2924695611000061,0.2924695611000061,0.28479671478271484,0.28479671478271484,0.0
2026,20,4,11,Middle,0.28556302189826965,0.2850759029388428,0.0017083558486774564,0.5047983527183533,0.28556302189826965,0.2850759029388428,0.0017083558486774564,0.0017083558486774564,-0.020775554701685905,0.5047983527183533,False,0.29155752062797546,0.29155752062797546,0.28479671478271484,0.28479671478271484,0.0
2026,20,4,12,Middle,0.2850759029388428,0.28506824374198914,2.772474181256257e-05,0.3585512936115265,0.2850759029388428,0.28506824374198914,2.772474181256257e-05,2.772474181256257e-05,-0.0206439308822155,0.3585512936115265,False,0.2910219132900238,0.2910219132900238,0.28479671478271484,0.28479671478271484,0.0
2026,20,4,13,Late,0.28506824374198914,0.2847158908843994,0.001236937940120697,0.27537474036216736,0.28506824374198914,0.2847158908843994,0.001236937940120697,0.001236937940120697,-0.017164209857583046,0.27537474036216736,False,0.29000324010849,0.29000324010849,0.28479671478271484,0.28479671478271484,0.0
2026,20,4,14,Late,0.2847158908843994,0.284713476896286,9.128568308369722e-06,0.4087344706058502,0.2847158908843994,0.284713476896286,9.128568308369722e-06,9.128568308369722e-06,-0.0159913282841444,0.4087344706058502,False,0.28930529952049255,0.28930529952049255,0.28479671478271484,0.28479671478271484,0.0
2026,20,4,15,Late,0.284713476896286,0.2848069667816162,-0.0003272959147579968,0.5098618268966675,0.284713476896286,0.2848069667816162,-0.0003272959147579968,-0.0003272959147579968,-0.013652017340064049,0.5098618268966675,False,0.28862687945365906,0.28862687945365906,0.28479671478271484,0.28479671478271484,0.0
2026,20,4,16,Late,0.2848069667816162,0.2845103144645691,0.001043123658746481,0.5826973915100098,0.2848069667816162,0.2845103144645691,0.001043123658746481,0.001043123658746481,-0.009314026683568954,0.5826973915100098,False,0.2874719202518463,0.2874719202518463,0.28479671478271484,0.28479671478271484,0.0
2026,20,4,17,Late,0.2845103144645691,0.2845679521560669,-0.00020125904120504856,0.5970019698143005,0.2845103144645691,0.2845679521560669,-0.00020125904120504856,-0.00020125904120504856,-0.007329247891902924,0.5970019698143005,False,0.2866031229496002,0.2866031229496002,0.28479671478271484,0.28479671478271484,0.0
2026,20,4,18,Late,0.2845679521560669,0.2845543920993805,4.9106020014733076e-05,0.5645666718482971,0.2845679521560669,0.2845543920993805,4.9106020014733076e-05,4.9106020014733076e-05,-0.0036355103366076946,0.5645666718482971,False,0.285604327917099,0.285604327917099,0.28479671478271484,0.28479671478271484,0.0
2026,20,4,19,Late,0.2845543920993805,0.28479671478271484,-0.0008499088580720127,0.5685198307037354,0.2845543920993805,0.28479671478271484,-0.0008499088580720127,-0.0008499088580720127,-0.0008499088580720127,0.5685198307037354,False,0.2847962975502014,0.2847962975502014,0.28479671478271484,0.28479671478271484,0.0
2026,20,5,0,Early,0.47213655710220337,0.4691898226737976,0.00656805420294404,0.7106059193611145,0.47213655710220337,0.4691931903362274,0.006560830399394035,0.00656805420294404,0.1302720308303833,0.679996132850647,True,0.4144681692123413,0.41446739435195923,0.4146689772605896,0.41465845704078674,1.0520219802856445e-05
2026,20,5,1,Early,0.4691898226737976,0.4662485718727112,0.006599674466997385,0.6864511966705322,0.4691931903362274,0.46625152230262756,0.006600503344088793,0.006600503344088793,0.12399035692214966,0.6864302754402161,False,0.4144798219203949,0.41447901725769043,0.4146689772605896,0.41465845704078674,1.0520219802856445e-05
2026,20,5,2,Early,0.4662485718727112,0.4633125364780426,0.006632240954786539,0.6966317296028137,0.46625152230262756,0.4633164703845978,0.006629991345107555,0.006632832810282707,0.11767469346523285,0.6845298409461975,True,0.41449111700057983,0.4144900441169739,0.4146689772605896,0.41465845704078674,1.0520219802856445e-05
2026,20,5,3,Early,0.4633125364780426,0.46038347482681274,0.006661252584308386,0.6958115696907043,0.4633164703845978,0.4603879153728485,0.006659951526671648,0.006662081461399794,0.1113324984908104,0.6735600233078003,True,0.4145056903362274,0.4145013689994812,0.4146689772605896,0.41465845704078674,1.0520219802856445e-05
2026,20,5,4,Early,0.46038347482681274,0.45745933055877686,0.0066950018517673016,0.7028492093086243,0.4603879153728485,0.45746418833732605,0.006694054696708918,0.006696540862321854,0.10496968030929565,0.6671757102012634,True,0.41451677680015564,0.4145103991031647,0.4146689772605896,0.41465845704078674,1.0520219802856445e-05
2026,20,5,5,Early,0.45745933055877686,0.45454370975494385,0.006721171084791422,0.6995986700057983,0.45746418833732605,0.454549103975296,0.006719987839460373,0.006723421160131693,0.0985746756196022,0.6685552000999451,True,0.41452768445014954,0.4145205318927765,0.4146689772605896,0.41465845704078674,1.0520219802856445e-05
2026,20,5,6,Middle,0.45454370975494385,0.45163264870643616,0.006756575312465429,0.7076387405395508,0.454549103975296,0.4516368508338928,0.006759061943739653,0.006759061943739653,0.09216850996017456,0.70742267370224,False,0.41453346610069275,0.41452616453170776,0.4146689772605896,0.41465845704078674,1.0520219802856445e-05
2026,20,5,7,Middle,0.45163264870643616,0.4487348794937134,0.006772797554731369,0.6886807084083557,0.4516368508338928,0.4487384259700775,0.006774100940674543,0.006775165442377329,0.0857238695025444,0.666299045085907,True,0.4145433008670807,0.41453325748443604,0.4146689772605896,0.41465845704078674,1.0520219802856445e-05
2026,20,5,8,Middle,0.4487348794937134,0.44584420323371887,0.006802871357649565,0.6680419445037842,0.4487384259700775,0.4458467662334442,0.00680500315502286,0.006805949844419956,0.07926985621452332,0.6816079616546631,True,0.4145503640174866,0.4145399332046509,0.4146689772605896,0.41465845704078674,1.0520219802856445e-05
2026,20,5,9,Middle,0.44584420323371887,0.44296303391456604,0.006827973295003176,0.6765211820602417,0.4458467662334442,0.44296422600746155,0.006831051781773567,0.006831051781773567,0.07279416918754578,0.6763665676116943,False,0.4145549237728119,0.41454440355300903,0.4146689772605896,0.41465845704078674,1.0520219802856445e-05
2026,20,5,10,Middle,0.44296303391456604,0.4400891363620758,0.006858163513243198,0.6833308339118958,0.44296422600746155,0.44009098410606384,0.006856625434011221,0.00686124200001359,0.06630142778158188,0.65615314245224,True,0.4145585000514984,0.4145472049713135,0.4146689772605896,0.41465845704078674,1.0520219802856445e-05
2026,20,5,11,Middle,0.4400891363620758,0.4372241199016571,0.006885156966745853,0.6718946099281311,0.44009098410606384,0.43722447752952576,0.006888709031045437,0.006888709031045437,0.05979126691818237,0.6715779900550842,False,0.4145595133304596,0.41454824805259705,0.4146689772605896,0.41465845704078674,1.0520219802856445e-05
2026,20,5,12,Middle,0.4372241199016571,0.43436965346336365,0.006908598355948925,0.6864033341407776,0.43722447752952576,0.4343684911727905,0.006911913398653269,0.006911913398653269,0.053254470229148865,0.6860538125038147,False,0.4145602285861969,0.4145491421222687,0.4146689772605896,0.41465845704078674,1.0520219802856445e-05
2026,20,5,13,Late,0.43436965346336365,0.43152424693107605,0.006935472134500742,0.6836568117141724,0.4343684911727905,0.43152159452438354,0.006938787177205086,0.006938787177205086,0.04670500010251999,0.683297336101532,False,0.414558470249176,0.41454750299453735,0.4146689772605896,0.41465845704078674,1.0520219802856445e-05
2026,20,5,14,Late,0.43152424693107605,0.4286888539791107,0.0069603328593075275,0.7245832681655884,0.43152159452438354,0.4286847710609436,0.006963884457945824,0.006963884457945824,0.04013693332672119,0.7243536114692688,False,0.41455549001693726,0.41454437375068665,0.4146689772605896,0.41465845704078674,1.0520219802856445e-05
2026,20,5,15,Late,0.4286888539791107,0.4258635938167572,0.006985193584114313,0.6843348741531372,0.4286847710609436,0.4258580803871155,0.006988626904785633,0.006988626904785633,0.03355608135461807,0.6839919686317444,False,0.4145493507385254,0.4145382344722748,0.4146689772605896,0.41465845704078674,1.0520219802856445e-05
2026,20,5,16,Late,0.4258635938167572,0.42304858565330505,0.007009934633970261,0.6791701912879944,0.4258580803871155,0.42304182052612305,0.007013012655079365,0.007013012655079365,0.026960184797644615,0.6788643002510071,False,0.41454094648361206,0.41453009843826294,0.4146689772605896,0.41465845704078674,1.0520219802856445e-05
2026,20,5,17,Late,0.42304858565330505,0.42024466395378113,0.007033135741949081,0.689366340637207,0.42304182052612305,0.42023658752441406,0.007036213297396898,0.007036213297396898,0.02034759148955345,0.6890133023262024,False,0.41453149914741516,0.4145207703113556,0.4146689772605896,0.41465845704078674,1.0520219802856445e-05
2026,20,5,18,Late,0.42024466395378113,0.41745319962501526,0.007052786648273468,0.6874709725379944,0.42023658752441406,0.4174439013004303,0.007055864203721285,0.007055864203721285,0.01371830329298973,0.687136173248291,False,0.4145215153694153,0.41451093554496765,0.4146689772605896,0.41465845704078674,1.0520219802856445e-05
2026,20,5,19,Late,0.41745319962501526,0.4146689772605896,0.007085338234901428,0.6875451803207397,0.4174439013004303,0.41465845704078674,0.007088415790349245,0.007088415790349245,0.007088415790349245,0.6873235106468201,False,0.41450583934783936,0.4144952893257141,0.4146689772605896,0.41465845704078674,1.0520219802856445e-05
2026,20,6,0,Early,0.3390551805496216,0.33595043420791626,0.009199859574437141,0.61137455701828,0.3390551805496216,0.33595043420791626,0.009199859574437141,0.009199859574437141,0.1053926944732666,0.61137455701828,False,0.3051392436027527,0.3051392436027527,0.2863066494464874,0.2863072454929352,-5.960464477539062e-07
2026,20,6,1,Early,0.33595043420791626,0.3331843614578247,0.008267952129244804,0.5615207552909851,0.33595043420791626,0.33319008350372314,0.008251279592514038,0.008267952129244804,0.09945762157440186,0.5750599503517151,True,0.3041653335094452,0.3041449189186096,0.2863066494464874,0.2863072454929352,-5.960464477539062e-07
2026,20,6,2,Early,0.3331843614578247,0.3303859531879425,0.00843475479632616,0.5776522159576416,0.33319008350372314,0.3303908109664917,0.00843759160488844,0.00843759160488844,0.09468697011470795,0.577797532081604,False,0.30310747027397156,0.30308836698532104,0.2863066494464874,0.2863072454929352,-5.960464477539062e-07
2026,20,6,3,Early,0.3303859531879425,0.32743242383003235,0.00898025557398796,0.5815184116363525,0.3303908109664917,0.32743680477142334,0.008981437422335148,0.008981437422335148,0.09029091894626617,0.5816406607627869,False,0.3018840253353119,0.3018661141395569,0.2863066494464874,0.2863072454929352,-5.960464477539062e-07
2026,20,6,4,Early,0.32743242383003235,0.32494038343429565,0.007640439085662365,0.5301375985145569,0.32743680477142334,0.32494375109672546,0.007643751800060272,0.007643751800060272,0.08368173241615295,0.5302653908729553,False,0.3011682331562042,0.3011510968208313,0.2863066494464874,0.2863072454929352,-5.960464477539062e-07
2026,20,6,5,Early,0.32494038343429565,0.3219899833202362,0.009121663868427277,0.5943549871444702,0.32494375109672546,0.3219931125640869,0.009122254326939583,0.009122254326939583,0.0801636129617691,0.594448447227478,False,0.29992741346359253,0.29991137981414795,0.2863066494464874,0.2863072454929352,-5.960464477539062e-07
2026,20,6,6,Middle,0.3219899833202362,0.3192019462585449,0.008697021752595901,0.634078860282898,0.3219931125640869,0.3192046880722046,0.008697730489075184,0.008697730489075184,0.07481184601783752,0.6341943144798279,False,0.2987980544567108,0.29878291487693787,0.2863066494464874,0.2863072454929352,-5.960464477539062e-07
2026,20,6,7,Middle,0.3192019462585449,0.3162701427936554,0.009227496571838856,0.6501203179359436,0.3192046880722046,0.316273033618927,0.00922737829387188,0.00922737829387188,0.07040556520223618,0.6501890420913696,False,0.29751789569854736,0.2975034713745117,0.2863066494464874,0.2863072454929352,-5.960464477539062e-07
2026,20,6,8,Middle,0.3162701427936554,0.3136635422706604,0.00827646441757679,0.56071937084198,0.316273033618927,0.3136656880378723,0.008278592489659786,0.008278592489659786,0.06422540545463562,0.5608434081077576,False,0.29661163687705994,0.2965984642505646,0.2863066494464874,0.2863072454929352,-5.960464477539062e-07
2026,20,6,9,Middle,0.3136635422706604,0.31093624234199524,0.008733776398003101,0.635463297367096,0.3136656880378723,0.3109382390975952,0.008734130300581455,0.008734130300581455,0.05966374650597572,0.6355738639831543,False,0.29550978541374207,0.295498251914978,0.2863066494464874,0.2863072454929352,-5.960464477539062e-07
2026,20,6,10,Middle,0.31093624234199524,0.30840086936950684,0.008188142441213131,0.6277499198913574,0.3109382390975952,0.30840253829956055,0.008189206011593342,0.008189206011593342,0.05401858314871788,0.6278403401374817,False,0.2945978343486786,0.29458707571029663,0.2863066494464874,0.2863072454929352,-5.960464477539062e-07
2026,20,6,11,Middle,0.30840086936950684,0.30577000975608826,0.008567732758820057,0.6016187071800232,0.30840253829956055,0.3057712912559509,0.008568796329200268,0.008568796329200268,0.04921312257647514,0.6017280220985413,False,0.2936011850833893,0.2935921847820282,0.2863066494464874,0.2863072454929352,-5.960464477539062e-07
2026,20,6,12,Middle,0.30577000975608826,0.3033435046672821,0.007967724464833736,0.6127519607543945,0.3057712912559509,0.3033444285392761,0.00796914380043745,0.00796914380043745,0.043465644121170044,0.6128438115119934,False,0.2927737534046173,0.29276520013809204,0.2863066494464874,0.2863072454929352,-5.960464477539062e-07
2026,20,6,13,Late,0.3033435046672821,0.30069500207901,0.008769819512963295,0.6251790523529053,0.3033444285392761,0.3006957769393921,0.008770174346864223,0.008770174346864223,0.039159275591373444,0.625282347202301,False,0.29170146584510803,0.2916950285434723,0.2863066494464874,0.2863072454929352,-5.960464477539062e-07
2026,20,6,14,Late,0.30069500207901,0.2982518672943115,0.008158584125339985,0.6277086734771729,0.3006957769393921,0.29825249314308167,0.008159175515174866,0.008159175515174866,0.03342650458216667,0.6277849674224854,False,0.2908163368701935,0.2908104956150055,0.2863066494464874,0.2863072454929352,-5.960464477539062e-07
2026,20,6,15,Late,0.2982518672943115,0.2959599792957306,0.007714728359133005,0.63218092918396,0.29825249314308167,0.2959601879119873,0.007716029416769743,0.007716029416769743,0.02787616103887558,0.6322754621505737,False,0.29005786776542664,0.2900530695915222,0.2863066494464874,0.2863072454929352,-5.960464477539062e-07
2026,20,6,16,Late,0.2959599792957306,0.2934073209762573,0.008663108572363853,0.6761882901191711,0.2959601879119873,0.2934076488018036,0.008662398904561996,0.008662398904561996,0.02377035655081272,0.6762636303901672,False,0.28901100158691406,0.28900793194770813,0.2863066494464874,0.2863072454929352,-5.960464477539062e-07
2026,20,6,17,Late,0.2934073209762573,0.291096568107605,0.007906937971711159,0.6469188928604126,0.2934076488018036,0.29109686613082886,0.007907056249678135,0.007907056249678135,0.01794586330652237,0.6469723582267761,False,0.2881907522678375,0.2881890833377838,0.2863066494464874,0.2863072454929352,-5.960464477539062e-07
2026,20,6,18,Late,0.291096568107605,0.28864654898643494,0.008452842943370342,0.6917572617530823,0.29109686613082886,0.2886470854282379,0.008451661095023155,0.008451661095023155,0.013463417068123817,0.6918159127235413,False,0.2872046232223511,0.28720393776893616,0.2863066494464874,0.2863072454929352,-5.960464477539062e-07
2026,20,6,19,Late,0.28864654898643494,0.2863066494464874,0.008139784447848797,0.6656701564788818,0.2886470854282379,0.2863072454929352,0.00814002100378275,0.00814002100378275,0.00814002100378275,0.6657572984695435,False,0.2863065302371979,0.2863070070743561,0.2863066494464874,0.2863072454929352,-5.960464477539062e-07
2026,20,7,0,Early,0.2184760868549347,0.21537743508815765,0.014284196309745312,0.13788673281669617,0.2184760868549347,0.2171654999256134,0.0060156118124723434,0.014284196309745312,0.044655703008174896,0.20527617633342743,True,0.2105235755443573,0.2089342325925827,0.19210004806518555,0.19356012344360352,-0.0014600753784179688
2026,20,7,1,Early,0.21537743508815765,0.21244610846042633,0.013703138567507267,0.14908191561698914,0.2171654999256134,0.21454833447933197,0.01212282944470644,0.014130707830190659,0.045434124767780304,0.17896588146686554,True,0.20969036221504211,0.20751921832561493,0.19210004806518555,0.19356012344360352,-0.0014600753784179688
2026,20,7,2,Early,0.21244610846042633,0.2096880078315735,0.013067259453237057,0.14548170566558838,0.21454833447933197,0.21394434571266174,0.0028187476564198732,0.013657158240675926,0.04292862117290497,0.2362629473209381,True,0.20892995595932007,0.20553265511989594,0.19210004806518555,0.19356012344360352,-0.0014600753784179688
2026,20,7,3,Early,0.2096880078315735,0.2071019560098648,0.012409429997205734,0.1593562364578247,0.21394434571266174,0.21293501555919647,0.004727816674858332,0.013618938624858856,0.04789557307958603,0.20595133304595947,True,0.20821033418178558,0.2039385735988617,0.19210004806518555,0.19356012344360352,-0.0014600753784179688
2026,20,7,4,Early,0.2071019560098648,0.20471729338169098,0.011581032536923885,0.1139359399676323,0.21293501555919647,0.2121209353208542,0.0038286626804620028,0.01331278681755066,0.049866773188114166,0.21794423460960388,True,0.207258939743042,0.20257681608200073,0.19210004806518555,0.19356012344360352,-0.0014600753784179688
2026,20,7,5,Early,0.20471729338169098,0.202516570687294,0.010807842947542667,0.10417931526899338,0.2121209353208542,0.21071989834308624,0.006624838802963495,0.013076433911919594,0.05155555158853531,0.16378341615200043,True,0.20630568265914917,0.2014617770910263,0.19210004806518555,0.19356012344360352,-0.0014600753784179688
2026,20,7,6,Middle,0.202516570687294,0.20052148401737213,0.009900452569127083,0.10501322895288467,0.21071989834308624,0.208919495344162,0.008578428998589516,0.012618510983884335,0.04970931261777878,0.14133843779563904,True,0.20518334209918976,0.20050102472305298,0.19210004806518555,0.19356012344360352,-0.0014600753784179688
2026,20,7,7,Middle,0.20052148401737213,0.19870159029960632,0.009116864763200283,0.12272102385759354,0.208919495344162,0.20666858553886414,0.010831906460225582,0.01201186515390873,0.04506467282772064,0.12227652966976166,True,0.20410707592964172,0.19971339404582977,0.19210004806518555,0.19356012344360352,-0.0014600753784179688
2026,20,7,8,Middle,0.19870159029960632,0.19706684350967407,0.008261137641966343,0.17493557929992676,0.20666858553886414,0.20462675392627716,0.00992689747363329,0.011261758394539356,0.038123149424791336,0.14417631924152374,True,0.20312432944774628,0.1989378035068512,0.19210004806518555,0.19356012344360352,-0.0014600753784179688
2026,20,7,9,Middle,0.19706684350967407,0.1956794708967209,0.007064308039844036,0.12395812571048737,0.20462675392627716,0.2026706039905548,0.009604616090655327,0.010421314276754856,0.03168700635433197,0.12274990975856781,True,0.20198994874954224,0.19824424386024475,0.19210004806518555,0.19356012344360352,-0.0014600753784179688
2026,20,7,10,Middle,0.1956794708967209,0.19447395205497742,0.006179929710924625,0.15597505867481232,0.2026706039905548,0.2009989470243454,0.00828159973025322,0.009585713036358356,0.025692418217658997,0.1612837165594101,True,0.20085522532463074,0.19752968847751617,0.19210004806518555,0.19356012344360352,-0.0014600753784179688
2026,20,7,11,Middle,0.19447395205497742,0.1934734731912613,0.005157797131687403,0.18233534693717957,0.2009989470243454,0.19964143633842468,0.006775806192308664,0.008652864024043083,0.020633285865187645,0.17455731332302094,True,0.19983360171318054,0.1968940645456314,0.19210004806518555,0.19356012344360352,-0.0014600753784179688
2026,20,7,12,Middle,0.1934734731912613,0.1926845759153366,0.004085476044565439,0.18174108862876892,0.19964143633842468,0.19833481311798096,0.006565021816641092,0.007806677836924791,0.01679709553718567,0.18044646084308624,True,0.19865243136882782,0.1963159441947937,0.19210004806518555,0.19356012344360352,-0.0014600753784179688
2026,20,7,13,Late,0.1926845759153366,0.1920735239982605,0.003176590660586953,0.22374477982521057,0.19833481311798096,0.19711092114448547,0.006189646665006876,0.0068249269388616085,0.012901410460472107,0.22205768525600433,True,0.19761806726455688,0.19579234719276428,0.19210004806518555,0.19356012344360352,-0.0014600753784179688
2026,20,7,14,Late,0.1920735239982605,0.1916489601135254,0.002212408697232604,0.1916234940290451,0.19711092114448547,0.1960195153951645,0.005551578942686319,0.0058608148247003555,0.009206511080265045,0.21643126010894775,True,0.19652646780014038,0.19530446827411652,0.19210004806518555,0.19356012344360352,-0.0014600753784179688
2026,20,7,15,Late,0.1916489601135254,0.1914243847131729,0.001173352706246078,0.19633375108242035,0.1960195153951645,0.19509728252887726,0.004714861512184143,0.004880473483353853,0.005849712993949652,0.20259764790534973,True,0.1955346316099167,0.19487614929676056,0.19210004806518555,0.19356012344360352,-0.0014600753784179688
2026,20,7,16,Late,0.1914243847131729,0.19136330485343933,0.00031866948120296,0.245845764875412,0.19509728252887726,0.1943815052509308,0.0036743658129125834,0.0037806578911840916,0.0031879697926342487,0.21944399178028107,True,0.194498211145401,0.19447624683380127,0.19210004806518555,0.19356012344360352,-0.0014600753784179688
2026,20,7,17,Late,0.19136330485343933,0.1914670467376709,-0.0005423523834906518,0.30779027938842773,0.1943815052509308,0.19390755891799927,0.0024408744648098946,0.002550623845309019,0.0014201318845152855,0.23661668598651886,True,0.19352801144123077,0.1941056251525879,0.19210004806518555,0.19356012344360352,-0.0014600753784179688
2026,20,7,18,Late,0.1914670467376709,0.19171680510044098,-0.0013034361181780696,0.2647572159767151,0.19390755891799927,0.19365906715393066,0.0012819371186196804,0.0014777553733438253,0.00045664922799915075,0.24925199151039124,True,0.19277842342853546,0.19381901621818542,0.19210004806518555,0.19356012344360352,-0.0014600753784179688
2026,20,7,19,Late,0.19171680510044098,0.19210004806518555,-0.001996522769331932,0.26848697662353516,0.19365906715393066,0.19356012344360352,0.000511576363351196,0.000511576363351196,0.000511576363351196,0.24845026433467865,False,0.1920999437570572,0.19356000423431396,0.19210004806518555,0.19356012344360352,-0.0014600753784179688
2026,20,8,0,Early,0.28134897351264954,0.26568853855133057,0.05726490914821625,0.36389583349227905,0.28134897351264954,0.2818993330001831,-0.0019598170183598995,0.05726490914821625,0.038797326385974884,0.4909605383872986,True,0.3050847053527832,0.27064239978790283,0.23837421834468842,0.24031659960746765,-0.0019423812627792358
2026,20,8,1,Early,0.26568853855133057,0.25930988788604736,0.02429788000881672,0.360204815864563,0.2818993330001831,0.28585484623908997,-0.013939110562205315,0.07728732377290726,0.08591127395629883,0.5209913849830627,True,0.3164072036743164,0.2586921751499176,0.23837421834468842,0.24031659960746765,-0.0019423812627792358
2026,20,8,2,Early,0.25930988788604736,0.25577449798583984,0.01372483279556036,0.3785521686077118,0.28585484623908997,0.2920372784137726,-0.02140006795525551,0.07277464866638184,0.13743650913238525,0.5126045942306519,True,0.31732144951820374,0.24914807081222534,0.23837421834468842,0.24031659960746765,-0.0019423812627792358
2026,20,8,3,Early,0.25577449798583984,0.25293487310409546,0.011166458949446678,0.413075715303421,0.2920372784137726,0.2985619306564331,-0.022097056731581688,0.08563297986984253,0.1815497875213623,0.535883367061615,True,0.31262141466140747,0.2435522824525833,0.23837421834468842,0.24031659960746765,-0.0019423812627792358
2026,20,8,4,Early,0.25293487310409546,0.250434011220932,0.00994016882032156,0.4085974097251892,0.2985619306564331,0.30392882227897644,-0.017824076116085052,0.09340281039476395,0.21162036061286926,0.4885638952255249,True,0.30533456802368164,0.24161778390407562,0.23837421834468842,0.24031659960746765,-0.0019423812627792358
2026,20,8,5,Early,0.250434011220932,0.2481982260942459,0.008970198221504688,0.4158681631088257,0.30392882227897644,0.29794055223464966,0.01988663151860237,0.08101409673690796,0.23004718124866486,0.4080978035926819,True,0.29535946249961853,0.24147021770477295,0.23837421834468842,0.24031659960746765,-0.0019423812627792358
2026,20,8,6,Middle,0.2481982260942459,0.2461576610803604,0.008254695683717728,0.40666359663009644,0.29794055223464966,0.2889460325241089,0.030646570026874542,0.10605278611183167,0.21051910519599915,0.4011856019496918,True,0.2876091003417969,0.24138057231903076,0.23837421834468842,0.24031659960746765,-0.0019423812627792358
2026,20,8,7,Middle,0.2461576610803604,0.24435685575008392,0.007341193035244942,0.40382978320121765,0.2889460325241089,0.28322821855545044,0.01997719705104828,0.11225353181362152,0.18020014464855194,0.406577467918396,True,0.2812240421772003,0.24129967391490936,0.23837421834468842,0.24031659960746765,-0.0019423812627792358
2026,20,8,8,Middle,0.24435685575008392,0.2427571564912796,0.0065655456855893135,0.3914148807525635,0.28322821855545044,0.27412310242652893,0.03266241401433945,0.1112370416522026,0.1607102006673813,0.4045265018939972,True,0.27539777755737305,0.24117979407310486,0.23837421834468842,0.24031659960746765,-0.0019423812627792358
2026,20,8,9,Middle,0.2427571564912796,0.24136827886104584,0.005738686770200729,0.4090019464492798,0.27412310242652893,0.27012693881988525,0.014677873812615871,0.07479481399059296,0.12848660349845886,0.43348175287246704,True,0.2689771354198456,0.24107079207897186,0.23837421834468842,0.24031659960746765,-0.0019423812627792358
2026,20,8,10,Middle,0.24136827886104584,0.2402198761701584,0.0047697327099740505,0.3949093520641327,0.27012693881988525,0.2642974257469177,0.02180366776883602,0.08296346664428711,0.11404574662446976,0.39756080508232117,True,0.2635844647884369,0.2410118728876114,0.23837421834468842,0.24031659960746765,-0.0019423812627792358
2026,20,8,11,Middle,0.2402198761701584,0.23929524421691895,0.003862065030261874,0.4261520206928253,0.2642974257469177,0.2573052942752838,0.026801697909832,0.08340255171060562,0.0927879735827446,0.40656912326812744,True,0.25921374559402466,0.2408771514892578,0.23837421834468842,0.24031659960746765,-0.0019423812627792358
2026,20,8,12,Middle,0.23929524421691895,0.23856021463871002,0.0030758697539567947,0.4054940342903137,0.2573052942752838,0.2531322240829468,0.016341421753168106,0.06216931715607643,0.06632228940725327,0.3960142433643341,True,0.2536316215991974,0.24079379439353943,0.23837421834468842,0.24031659960746765,-0.0019423812627792358
2026,20,8,13,Late,0.23856021463871002,0.2380516529083252,0.0021334749180823565,0.4454423785209656,0.2531322240829468,0.24887098371982574,0.016968892887234688,0.050786342471838,0.050081994384527206,0.3804439306259155,True,0.24910032749176025,0.24076706171035767,0.23837421834468842,0.24031659960746765,-0.0019423812627792358
2026,20,8,14,Late,0.2380516529083252,0.23766475915908813,0.0016274304362013936,0.4390163719654083,0.24887098371982574,0.24522170424461365,0.014765501022338867,0.04830646887421608,0.0333322249352932,0.3964149057865143,True,0.24604837596416473,0.24071229994297028,0.23837421834468842,0.24031659960746765,-0.0019423812627792358
2026,20,8,15,Late,0.23766475915908813,0.23748406767845154,0.0007630046457052231,0.42028704285621643,0.24522170424461365,0.2442379891872406,0.004012034274637699,0.026707150042057037,0.018804429098963737,0.4215875267982483,True,0.24419981241226196,0.24065354466438293,0.23837421834468842,0.24031659960746765,-0.0019423812627792358
2026,20,8,16,Late,0.23748406767845154,0.23749104142189026,-2.9088470910210162e-05,0.4165998697280884,0.2442379891872406,0.2416711449623108,0.010560929775238037,0.019606417044997215,0.01530131883919239,0.42906367778778076,True,0.24191533029079437,0.24052926898002625,0.23837421834468842,0.24031659960746765,-0.0019423812627792358
2026,20,8,17,Late,0.23749104142189026,0.2376127541065216,-0.0005099892150610685,0.4598989188671112,0.2416711449623108,0.24082207679748535,0.003520837752148509,0.007733742706477642,0.00521954195573926,0.4446242153644562,True,0.23991788923740387,0.24041299521923065,0.23837421834468842,0.24031659960746765,-0.0019423812627792358
2026,20,8,18,Late,0.2376127541065216,0.2378813773393631,-0.0011294909054413438,0.4376334249973297,0.24082207679748535,0.23998428881168365,0.0034851953387260437,0.0035346061922609806,0.0019742054864764214,0.4293525815010071,True,0.23889032006263733,0.24034710228443146,0.23837421834468842,0.24031659960746765,-0.0019423812627792358
2026,20,8,19,Late,0.2378813773393631,0.23837421834468842,-0.0020636150147765875,0.41567158699035645,0.23998428881168365,0.24031659960746765,-0.0013873688876628876,-0.0013873688876628876,-0.0013873688876628876,0.3896072804927826,False,0.2383727729320526,0.2403174638748169,0.23837421834468842,0.24031659960746765,-0.0019423812627792358
2026,20,9,0,Early,0.34255412220954895,0.33964264392852783,0.00853593647480011,0.593426525592804,0.34255412220954895,0.33964264392852783,0.00853593647480011,0.00853593647480011,0.11376776546239853,0.593426525592804,False,0.3057171106338501,0.3057171106338501,0.28962889313697815,0.28963783383369446,-8.940696716308594e-06
2026,20,9,1,Early,0.33964264392852783,0.33681681752204895,0.008355200290679932,0.5647615194320679,0.33964264392852783,0.3368300199508667,0.008316067978739738,0.008355200290679932,0.10819495469331741,0.5699372887611389,True,0.30482369661331177,0.3048126697540283,0.28962889313697815,0.28963783383369446,-8.940696716308594e-06
2026,20,9,2,Early,0.33681681752204895,0.33380308747291565,0.008988525718450546,0.5796098113059998,0.3368300199508667,0.3338160216808319,0.008988880552351475,0.008988880552351475,0.10354813933372498,0.5797357559204102,False,0.3037053942680359,0.3036964535713196,0.28962889313697815,0.28963783383369446,-8.940696716308594e-06
2026,20,9,3,Early,0.33380308747291565,0.33080101013183594,0.009034715592861176,0.6374049782752991,0.3338160216808319,0.33081403374671936,0.00903412513434887,0.00903412513434887,0.0983472466468811,0.6374600529670715,False,0.3025560677051544,0.302548348903656,0.28962889313697815,0.28963783383369446,-8.940696716308594e-06
2026,20,9,4,Early,0.33080101013183594,0.32795658707618713,0.008636397309601307,0.6033064126968384,0.33081403374671936,0.32796913385391235,0.008637460879981518,0.008637460879981518,0.09254038333892822,0.6034343838691711,False,0.3015812933444977,0.3015736937522888,0.28962889313697815,0.28963783383369446,-8.940696716308594e-06
2026,20,9,5,Early,0.32795658707618713,0.3251422941684723,0.008618551306426525,0.5867968201637268,0.32796913385391235,0.32515451312065125,0.008619023486971855,0.008619023486971855,0.0870283916592598,0.586920440196991,False,0.30063873529434204,0.3006327748298645,0.28962889313697815,0.28963783383369446,-8.940696716308594e-06
2026,20,9,6,Middle,0.3251422941684723,0.32242023944854736,0.008407803252339363,0.5809546709060669,0.32515451312065125,0.3224320411682129,0.008408867754042149,0.008408867754042149,0.08125308901071548,0.5810794830322266,False,0.2997835576534271,0.29977908730506897,0.28962889313697815,0.28963783383369446,-8.940696716308594e-06
2026,20,9,7,Middle,0.32242023944854736,0.3196782171726227,0.008541373535990715,0.5931411385536194,0.3224320411682129,0.31968972086906433,0.008541845716536045,0.008541845716536045,0.07579517364501953,0.5932503938674927,False,0.2989000380039215,0.29889604449272156,0.28962889313697815,0.28963783383369446,-8.940696716308594e-06
2026,20,9,8,Middle,0.3196782171726227,0.3169526159763336,0.00856300164014101,0.6130979061126709,0.31968972086906433,0.31696394085884094,0.008563238196074963,0.008563238196074963,0.07025531679391861,0.6132111549377441,False,0.29800331592559814,0.2980002462863922,0.28962889313697815,0.28963783383369446,-8.940696716308594e-06
2026,20,9,9,Middle,0.3169526159763336,0.3143276274204254,0.008317014202475548,0.5787195563316345,0.31696394085884094,0.3143383860588074,0.008318314328789711,0.008318314328789711,0.06433483958244324,0.5788428783416748,False,0.29721570014953613,0.29721391201019287,0.28962889313697815,0.28963783383369446,-8.940696716308594e-06
2026,20,9,10,Middle,0.3143276274204254,0.3113728165626526,0.009445160627365112,0.6287678480148315,0.3143383860588074,0.3113836944103241,0.009444688446819782,0.009444688446819782,0.05990550294518471,0.6288745403289795,False,0.29606080055236816,0.2960604429244995,0.28962889313697815,0.28963783383369446,-8.940696716308594e-06
2026,20,9,11,Middle,0.3113728165626526,0.3088270127773285,0.008209780789911747,0.6076114177703857,0.3113836944103241,0.30883753299713135,0.008210963569581509,0.008210963569581509,0.05299573019146919,0.6077153086662292,False,0.29531025886535645,0.2953110635280609,0.28962889313697815,0.28963783383369446,-8.940696716308594e-06
2026,20,9,12,Middle,0.3088270127773285,0.30624860525131226,0.008384516462683678,0.6068313717842102,0.30883753299713135,0.30625882744789124,0.008385107852518559,0.008385107852518559,0.04749998450279236,0.6069337129592896,False,0.2945084571838379,0.29451048374176025,0.28962889313697815,0.28963783383369446,-8.940696716308594e-06
2026,20,9,13,Late,0.30624860525131226,0.3036342263221741,0.008573878556489944,0.6320191621780396,0.30625882744789124,0.3036443293094635,0.00857399683445692,0.00857399683445692,0.042058322578668594,0.6321036219596863,False,0.2936418056488037,0.2936449944972992,0.28962889313697815,0.28963783383369446,-8.940696716308594e-06
2026,20,9,14,Late,0.3036342263221741,0.3012809455394745,0.0077810934744775295,0.5810126066207886,0.3036443293094635,0.3012906610965729,0.007782276254147291,0.007782276254147291,0.035532429814338684,0.5810945630073547,False,0.29304036498069763,0.2930443584918976,0.28962889313697815,0.28963783383369446,-8.940696716308594e-06
2026,20,9,15,Late,0.3012809455394745,0.29865729808807373,0.008746776729822159,0.6611632108688354,0.3012906610965729,0.2986671030521393,0.008746067993342876,0.008746067993342876,0.0309397354722023,0.6612438559532166,False,0.2921057343482971,0.2921113967895508,0.28962889313697815,0.28963783383369446,-8.940696716308594e-06
2026,20,9,16,Late,0.29865729808807373,0.2963601350784302,0.007721709553152323,0.6177079081535339,0.2986671030521393,0.2963695526123047,0.007722774054855108,0.007722774054855108,0.024297945201396942,0.6178075075149536,False,0.29149100184440613,0.2914974093437195,0.28962889313697815,0.28963783383369446,-8.940696716308594e-06
2026,20,9,17,Late,0.2963601350784302,0.2942911684513092,0.00700649619102478,0.6084094643592834,0.2963695526123047,0.29429998993873596,0.007008508779108524,0.007008508779108524,0.017995161935687065,0.6084955930709839,False,0.29107752442359924,0.291083961725235,0.28962889313697815,0.28963783383369446,-8.940696716308594e-06
2026,20,9,18,Late,0.2942911684513092,0.2920258045196533,0.007727741729468107,0.6562118530273438,0.29429998993873596,0.2920345664024353,0.007728096563369036,0.007728096563369036,0.013202219270169735,0.6562983393669128,False,0.290432333946228,0.29044008255004883,0.28962889313697815,0.28963783383369446,-8.940696716308594e-06
2026,20,9,19,Late,0.2920258045196533,0.28962889313697815,0.008241822943091393,0.6968596577644348,0.2920345664024353,0.28963783383369446,0.00824111420661211,0.00824111420661211,0.00824111420661211,0.6969296932220459,False,0.2896288335323334,0.2896377444267273,0.28962889313697815,0.28963783383369446,-8.940696716308594e-06
2026,20,10,0,Early,0.24531587958335876,0.2437017858028412,0.0066009098663926125,0.22047322988510132,0.24531587958335876,0.2437017858028412,0.0066009098663926125,0.0066009098663926125,-0.047877125442028046,0.22047322988510132,False,0.25734615325927734,0.25734615325927734,0.2230796366930008,0.22327618300914764,-0.00019654631614685059
2026,20,10,1,Early,0.2437017858028412,0.24248376488685608,0.005010371096432209,0.21368899941444397,0.2437017858028412,0.24249061942100525,0.004982260055840015,0.005010371096432209,-0.050833482295274734,0.20247457921504974,True,0.25641709566116333,0.2564098834991455,0.2230796366930008,0.22327618300914764,-0.00019654631614685059
2026,20,10,2,Early,0.24248376488685608,0.24124059081077576,0.005139772314578295,0.1969459354877472,0.24249061942100525,0.24124684929847717,0.005142855923622847,0.005142855923622847,-0.05126664787530899,0.19692480564117432,False,0.2552526295185089,0.2552460730075836,0.2230796366930008,0.22327618300914764,-0.00019654631614685059
2026,20,10,3,Early,0.24124059081077576,0.2395455241203308,0.007050232496112585,0.1152367889881134,0.24124684929847717,0.24014541506767273,0.004575206432491541,0.007050824351608753,-0.04572845622897148,0.20358066260814667,True,0.2528355121612549,0.2525344491004944,0.2230796366930008,0.22327618300914764,-0.00019654631614685059
2026,20,10,4,Early,0.2395455241203308,0.23854485154151917,0.00418554712086916,0.17973686754703522,0.24014541506767273,0.23909041285514832,0.0044027650728821754,0.0044027650728821754,-0.04622086510062218,0.17807909846305847,False,0.25180840492248535,0.2515053153038025,0.2230796366930008,0.22327618300914764,-0.00019654631614685059
2026,20,10,5,Early,0.23854485154151917,0.23722808063030243,0.005534987431019545,0.14699658751487732,0.23909041285514832,0.23772938549518585,0.005708294454962015,0.005708294454962015,-0.04357637092471123,0.14558672904968262,False,0.2500384747982025,0.24973909556865692,0.2230796366930008,0.22327618300914764,-0.00019654631614685059
2026,20,10,6,Middle,0.23722808063030243,0.2357340157032013,0.006317241583019495,0.21073822677135468,0.23772938549518585,0.23622246086597443,0.006357752718031406,0.006357752718031406,-0.03877555578947067,0.2100406438112259,False,0.2473958283662796,0.2471282184123993,0.2230796366930008,0.22327618300914764,-0.00019654631614685059
2026,20,10,7,Middle,0.2357340157032013,0.2346196323633194,0.004738715477287769,0.15730983018875122,0.23622246086597443,0.2350706160068512,0.004887249320745468,0.004925090353935957,-0.0386115163564682,0.1883290708065033,True,0.24578525125980377,0.2455214560031891,0.2230796366930008,0.22327618300914764,-0.00019654631614685059
2026,20,10,8,Middle,0.2346196323633194,0.2332933247089386,0.005668352823704481,0.2473021298646927,0.2350706160068512,0.23371821641921997,0.005769102834165096,0.005769102834165096,-0.0343405045568943,0.24649269878864288,False,0.24352297186851501,0.2432830035686493,0.2230796366930008,0.22327618300914764,-0.00019654631614685059
2026,20,10,9,Middle,0.2332933247089386,0.2321789264678955,0.004788311664015055,0.19200484454631805,0.23371821641921997,0.2325647473335266,0.004946920555084944,0.004946920555084944,-0.03249096870422363,0.19094817340373993,False,0.24166125059127808,0.2414364069700241,0.2230796366930008,0.22327618300914764,-0.00019654631614685059
2026,20,10,10,Middle,0.2321789264678955,0.23116622865200043,0.004370730370283127,0.18232157826423645,0.2325647473335266,0.2315102517604828,0.004544357303529978,0.004544357303529978,-0.030191760510206223,0.18131621181964874,False,0.23990310728549957,0.23969313502311707,0.2230796366930008,0.22327618300914764,-0.00019654631614685059
2026,20,10,11,Middle,0.23116622865200043,0.22989565134048462,0.005510926246643066,0.19365698099136353,0.2315102517604828,0.23022262752056122,0.005576720926910639,0.005576720926910639,-0.02494378387928009,0.19301122426986694,False,0.23752883076667786,0.23735742270946503,0.2230796366930008,0.22327618300914764,-0.00019654631614685059
2026,20,10,12,Middle,0.22989565134048462,0.22901056706905365,0.0038569066673517227,0.2593035101890564,0.23022262752056122,0.2293567657470703,0.0037671271711587906,0.0037671271711587906,-0.021082580089569092,0.25922590494155884,False,0.2352227121591568,0.23512765765190125,0.2230796366930008,0.22327618300914764,-0.00019654631614685059
2026,20,10,13,Late,0.22901056706905365,0.22784538567066193,0.005100171081721783,0.2219013124704361,0.2293567657470703,0.22817549109458923,0.005163028836250305,0.005163028836250305,-0.015741296112537384,0.22139404714107513,False,0.23304635286331177,0.23299556970596313,0.2230796366930008,0.22327618300914764,-0.00019654631614685059
2026,20,10,14,Late,0.22784538567066193,0.22692342102527618,0.0040543763898313046,0.2873661518096924,0.22817549109458923,0.22722198069095612,0.00418686680495739,0.00418686680495739,-0.013388404622673988,0.28670981526374817,False,0.2312716245651245,0.2312508225440979,0.2230796366930008,0.22327618300914764,-0.00019654631614685059
2026,20,10,15,Late,0.22692342102527618,0.22615310549736023,0.0034000950399786234,0.26967209577560425,0.22722198069095612,0.22641488909721375,0.0035574985668063164,0.0035574985668063164,-0.010746367275714874,0.2689744234085083,False,0.22967173159122467,0.22967687249183655,0.2230796366930008,0.22327618300914764,-0.00019654631614685059
2026,20,10,16,Late,0.22615310549736023,0.2252243310213089,0.004115046001970768,0.22952008247375488,0.22641488909721375,0.2254619002342224,0.0042172581888735294,0.0042172581888735294,-0.00641566002741456,0.2289676070213318,False,0.22782737016677856,0.2278720885515213,0.2230796366930008,0.22327618300914764,-0.00019654631614685059
2026,20,10,17,Late,0.2252243310213089,0.22452124953269958,0.0031256156507879496,0.28061676025390625,0.2254619002342224,0.2247726172208786,0.00306072854436934,0.00306072854436934,-0.003425958100706339,0.28036442399024963,False,0.2261127084493637,0.22623558342456818,0.2230796366930008,0.22327618300914764,-0.00019654631614685059
2026,20,10,18,Late,0.22452124953269958,0.223836749792099,0.0030534835532307625,0.2847609221935272,0.2247726172208786,0.22405563294887543,0.00319490022957325,0.00319490022957325,-6.927805952727795e-05,0.2841956615447998,False,0.2246336042881012,0.2247881442308426,0.2230796366930008,0.22327618300914764,-0.00019654631614685059
2026,20,10,19,Late,0.223836749792099,0.2230796366930008,0.003388218116015196,0.28502845764160156,0.22405563294887543,0.22327618300914764,0.0034843275789171457,0.0034843275789171457,0.0034843275789171457,0.284507691860199,False,0.2230796068906784,0.223276287317276,0.2230796366930008,0.22327618300914764,-0.00019654631614685059
2026,20,11,0,Early,0.453860342502594,0.45081546902656555,0.0067931609228253365,0.7040112018585205,0.453860342502594,0.45081833004951477,0.0067867678590118885,0.0067931609228253365,0.1399516761302948,0.6737467646598816,True,0.39458632469177246,0.39458566904067993,0.39466607570648193,0.3946622610092163,3.814697265625e-06
2026,20,11,1,Early,0.45081546902656555,0.4477789103984833,0.006821103859692812,0.7019907236099243,0.45081833004951477,0.44778135418891907,0.00682193273678422,0.00682193273678422,0.13319072127342224,0.7019683718681335,False,0.3946003317832947,0.3945997357368469,0.39466607570648193,0.3946622610092163,3.814697265625e-06
2026,20,11,2,Early,0.4477789103984833,0.4447477459907532,0.006855793762952089,0.692752480506897,0.44778135418891907,0.44475069642066956,0.00685461051762104,0.006856622640043497,0.126400887966156,0.6681050062179565,True,0.39461469650268555,0.39461177587509155,0.39466607570648193,0.3946622610092163,3.814697265625e-06
2026,20,11,3,Early,0.4447477459907532,0.4417215585708618,0.006891903467476368,0.7096370458602905,0.44475069642066956,0.44172394275665283,0.0068930876441299915,0.0068930876441299915,0.11958249658346176,0.7095760107040405,False,0.3946255147457123,0.3946225643157959,0.39466607570648193,0.3946622610092163,3.814697265625e-06
2026,20,11,4,Early,0.4417215585708618,0.4387032687664032,0.006921620108187199,0.6597151160240173,0.44172394275665283,0.43870505690574646,0.006922922097146511,0.006922922097146511,0.1127355769276619,0.659665048122406,False,0.3946326673030853,0.39462974667549133,0.39466607570648193,0.3946622610092163,3.814697265625e-06
2026,20,11,5,Early,0.4387032687664032,0.4356936514377594,0.006949913688004017,0.6641408205032349,0.43870505690574646,0.43569496273994446,0.006951097398996353,0.006951097398996353,0.1058548241853714,0.6640875339508057,False,0.3946417570114136,0.3946388065814972,0.39466607570648193,0.3946622610092163,3.814697265625e-06
2026,20,11,6,Middle,0.4356936514377594,0.43269434571266174,0.006974773481488228,0.679249107837677,0.43569496273994446,0.4326951801776886,0.006975957658141851,0.006975957658141851,0.09894099831581116,0.6975976228713989,False,0.3946535289287567,0.39465031027793884,0.39466607570648193,0.3946622610092163,3.814697265625e-06
2026,20,11,7,Middle,0.43269434571266174,0.4297056496143341,0.006999042350798845,0.6820846199989319,0.4326951801776886,0.4297065734863281,0.0069986870512366295,0.006999870762228966,0.09200611710548401,0.6474501490592957,True,0.39466392993927,0.3946605920791626,0.39466607570648193,0.3946622610092163,3.814697265625e-06
2026,20,11,8,Middle,0.4297056496143341,0.4267250597476959,0.007029346190392971,0.6598631739616394,0.4297065734863281,0.4267272651195526,0.00702638691291213,0.007030529901385307,0.0850539579987526,0.6457260847091675,True,0.39467254281044006,0.3946689963340759,0.39466607570648193,0.3946622610092163,3.814697265625e-06
2026,20,11,9,Middle,0.4267250597476959,0.423750638961792,0.007064620964229107,0.67361980676651,0.4267272651195526,0.4237521290779114,0.007066396530717611,0.007066396530717611,0.0780872330069542,0.6734438538551331,False,0.3946762681007385,0.394672691822052,0.39466607570648193,0.3946622610092163,3.814697265625e-06
2026,20,11,10,Middle,0.423750638961792,0.4207881689071655,0.007086519617587328,0.673560619354248,0.4237521290779114,0.42078897356987,0.007088058162480593,0.007088058162480593,0.07108582556247711,0.6734710931777954,False,0.39467835426330566,0.39467474818229675,0.39466607570648193,0.3946622610092163,3.814697265625e-06
2026,20,11,11,Middle,0.4207881689071655,0.4178403615951538,0.0071019078604876995,0.6958632469177246,0.42078897356987,0.4178406894207001,0.007103091571480036,0.007103328127413988,0.06405671685934067,0.6667420864105225,True,0.3946835398674011,0.3946794271469116,0.39466607570648193,0.3946622610092163,3.814697265625e-06
2026,20,11,12,Middle,0.4178403615951538,0.41490378975868225,0.0071256994269788265,0.6593392491340637,0.4178406894207001,0.4149034917354584,0.007127001415938139,0.007127001415938139,0.0570196732878685,0.6591396927833557,False,0.39468562602996826,0.3946816921234131,0.39466607570648193,0.3946622610092163,3.814697265625e-06
2026,20,11,13,Late,0.41490378975868225,0.41197675466537476,0.007153750397264957,0.6891705989837646,0.4149034917354584,0.4119759500026703,0.007154816295951605,0.007155170664191246,0.04996795207262039,0.689651370048523,True,0.39468497037887573,0.39468079805374146,0.39466607570648193,0.3946622610092163,3.814697265625e-06
2026,20,11,14,Late,0.41197675466537476,0.40906158089637756,0.0071763573214411736,0.6730505228042603,0.4119759500026703,0.40906015038490295,0.007177659310400486,0.007177659310400486,0.04289350286126137,0.6728401184082031,False,0.39468228816986084,0.3946782350540161,0.39466607570648193,0.3946622610092163,3.814697265625e-06
2026,20,11,15,Late,0.40906158089637756,0.40615934133529663,0.007196241058409214,0.6839612722396851,0.40906015038490295,0.40615740418434143,0.0071975430473685265,0.0071975430473685265,0.0357990525662899,0.683769702911377,False,0.3946790099143982,0.39467501640319824,0.39466607570648193,0.3946622610092163,3.814697265625e-06
2026,20,11,16,Late,0.40615934133529663,0.4032696783542633,0.007217189762741327,0.689003586769104,0.40615740418434143,0.4032672643661499,0.007218373008072376,0.007218373008072376,0.02869039587676525,0.6888251900672913,False,0.3946739435195923,0.3946699798107147,0.39466607570648193,0.3946622610092163,3.814697265625e-06
2026,20,11,17,Late,0.4032696783542633,0.4003898501396179,0.007245119661092758,0.6858758330345154,0.4032672643661499,0.40038689970970154,0.007246421650052071,0.007246421650052071,0.02157439850270748,0.685680091381073,False,0.3946640193462372,0.394660085439682,0.39466607570648193,0.3946622610092163,3.814697265625e-06
2026,20,11,18,Late,0.4003898501396179,0.3975197374820709,0.007273524533957243,0.700064480304718,0.40038689970970154,0.39751625061035156,0.007274826522916555,0.007274826522916555,0.014445975422859192,0.699891209602356,False,0.39464840292930603,0.39464443922042847,0.39466607570648193,0.3946622610092163,3.814697265625e-06
2026,20,11,19,Late,0.3975197374820709,0.39466607570648193,0.007285004016011953,0.6764999032020569,0.39751625061035156,0.3946622610092163,0.007286068983376026,0.007286068983376026,0.007286068983376026,0.676359236240387,False,0.39463430643081665,0.39463040232658386,0.39466607570648193,0.3946622610092163,3.814697265625e-06
2026,20,12,0,Early,0.23948192596435547,0.23533138632774353,0.01748315989971161,0.24027301371097565,0.23948192596435547,0.2387128472328186,0.0032164440490305424,0.01748315989971161,-0.09155388921499252,0.3397551476955414,True,0.27210140228271484,0.26244232058525085,0.22952252626419067,0.22668597102165222,0.002836555242538452
2026,20,12,1,Early,0.23533138632774353,0.23286405205726624,0.010538673959672451,0.18999814987182617,0.2387128472328186,0.23893646895885468,-0.0009367814054712653,0.015140055678784847,-0.06907907128334045,0.35294538736343384,True,0.27538150548934937,0.25578567385673523,0.22952252626419067,0.22668597102165222,0.002836555242538452
2026,20,12,2,Early,0.23286405205726624,0.23132818937301636,0.006617676466703415,0.21366214752197266,0.23893646895885468,0.23906300961971283,-0.0005302162026055157,0.017207516357302666,-0.046074751764535904,0.33751124143600464,True,0.2792607247829437,0.25020283460617065,0.22952252626419067,0.22668597102165222,0.002836555242538452
2026,20,12,3,Early,0.23132818937301636,0.23051269352436066,0.0035317549481987953,0.2643716633319855,0.23906300961971283,0.23919682204723358,-0.0005606899503618479,0.017939478158950806,-0.026373647153377533,0.33012402057647705,True,0.2760240435600281,0.24545171856880188,0.22952252626419067,0.22668597102165222,0.002836555242538452
2026,20,12,4,Early,0.23051269352436066,0.22984467446804047,0.0029029296711087227,0.284467488527298,0.23919682204723358,0.2400132566690445,-0.0034079879987984896,0.019107094034552574,-0.00594786461442709,0.38359031081199646,True,0.2703368365764618,0.24062366783618927,0.22952252626419067,0.22668597102165222,0.002836555242538452
2026,20,12,5,Early,0.22984467446804047,0.22927641868591309,0.0024764740373939276,0.26808542013168335,0.2400132566690445,0.24073559045791626,-0.003005917416885495,0.019526654854416847,0.01321064680814743,0.33559030294418335,True,0.2663854956626892,0.23686328530311584,0.22952252626419067,0.22668597102165222,0.002836555242538452
2026,20,12,6,Middle,0.22927641868591309,0.22882631421089172,0.0019654883071780205,0.28730472922325134,0.24073559045791626,0.24210073053836823,-0.005655412096530199,0.02078152447938919,0.030597591772675514,0.36314356327056885,True,0.26173165440559387,0.23348107933998108,0.22952252626419067,0.22668597102165222,0.002836555242538452
2026,20,12,7,Middle,0.22882631421089172,0.2284906804561615,0.0014688808005303144,0.2667984366416931,0.24210073053836823,0.24161288142204285,0.002016171347349882,0.02192160114645958,0.041951265186071396,0.27673983573913574,True,0.25769513845443726,0.23215430974960327,0.22952252626419067,0.22668597102165222,0.002836555242538452
2026,20,12,8,Middle,0.2284906804561615,0.2282497137784958,0.0010569380829110742,0.2735820412635803,0.24161288142204285,0.24309660494327545,-0.006123372819274664,0.021742329001426697,0.04748785123229027,0.35580435395240784,True,0.2533993124961853,0.23040731251239777,0.22952252626419067,0.22668597102165222,0.002836555242538452
2026,20,12,9,Middle,0.2282497137784958,0.22808317840099335,0.000730237748939544,0.33169013261795044,0.24309660494327545,0.24381156265735626,-0.0029372249264270067,0.021396322175860405,0.05634227395057678,0.34311720728874207,True,0.2484809011220932,0.22977860271930695,0.22952252626419067,0.22668597102165222,0.002836555242538452
2026,20,12,10,Middle,0.22808317840099335,0.228029265999794,0.00023719019372947514,0.3291068971157074,0.24381156265735626,0.23871758580207825,0.021113092079758644,0.023337114602327347,0.06075569614768028,0.18683113157749176,True,0.2446804940700531,0.22943957149982452,0.22952252626419067,0.22668597102165222,0.002836555242538452
2026,20,12,11,Middle,0.228029265999794,0.2280312180519104,-9.171292731480207e-06,0.2537449896335602,0.23871758580207825,0.24006298184394836,-0.005620583426207304,0.019525131210684776,0.0411517471075058,0.38747313618659973,True,0.24531912803649902,0.2290932536125183,0.22952252626419067,0.22668597102165222,0.002836555242538452
2026,20,12,12,Middle,0.2280312180519104,0.22800427675247192,0.00011895356874447316,0.3149142861366272,0.24006298184394836,0.23527096211910248,0.02016277052462101,0.020589448511600494,0.049109917134046555,0.13492795825004578,True,0.24135270714759827,0.2285582572221756,0.22952252626419067,0.22668597102165222,0.002836555242538452
2026,20,12,13,Late,0.22800427675247192,0.22809481620788574,-0.0003959229215979576,0.30922001600265503,0.23527096211910248,0.231557235121727,0.015911078080534935,0.016306143254041672,0.030247369781136513,0.1870187669992447,True,0.237961083650589,0.22826111316680908,0.22952252626419067,0.22668597102165222,0.002836555242538452
2026,20,12,14,Late,0.22809481620788574,0.22826501727104187,-0.0007459431071765721,0.3247765004634857,0.231557235121727,0.23221105337142944,-0.0028178533539175987,0.01191090140491724,0.015335075557231903,0.32958266139030457,True,0.2350156307220459,0.2280333787202835,0.22952252626419067,0.22668597102165222,0.002836555242538452
2026,20,12,15,Late,0.22826501727104187,0.22852343320846558,-0.0011303969658911228,0.35016167163848877,0.23221105337142944,0.22929227352142334,0.01264910027384758,0.01264910027384758,0.019925694912672043,0.1635330319404602,False,0.232588991522789,0.22762984037399292,0.22952252626419067,0.22668597102165222,0.002836555242538452
2026,20,12,16,Late,0.22852343320846558,0.2286909818649292,-0.0007320510339923203,0.21142008900642395,0.22929227352142334,0.22747021913528442,0.007977453991770744,0.008274474181234837,0.008291976526379585,0.2126288264989853,True,0.23297861218452454,0.2273988127708435,0.22952252626419067,0.22668597102165222,0.002836555242538452
2026,20,12,17,Late,0.2286909818649292,0.22893016040325165,-0.00104423426091671,0.34213507175445557,0.22747021913528442,0.2279602736234665,-0.0021523863542824984,0.003998066298663616,0.0008198216091841459,0.3448624014854431,True,0.23113514482975006,0.227283775806427,0.22952252626419067,0.22668597102165222,0.002836555242538452
2026,20,12,18,Late,0.22893016040325165,0.22926895320415497,-0.0014778678305447102,0.34596922993659973,0.2279602736234665,0.2268422693014145,0.004916403442621231,0.004916403442621231,0.004597313702106476,0.20845969021320343,False,0.23004485666751862,0.2269146591424942,0.22952252626419067,0.22668597102165222,0.002836555242538452
2026,20,12,19,Late,0.22926895320415497,0.22952252626419067,-0.0011045662686228752,0.42480847239494324,0.2268422693014145,0.22668597102165222,0.0006889706710353494,0.0006889706710353494,0.0006889706710353494,0.26864081621170044,False,0.22952233254909515,0.226686030626297,0.22952252626419067,0.22668597102165222,0.002836555242538452
2026,20,13,0,Early,0.2195906639099121,0.21612216532230377,0.01592058129608631,0.1876990795135498,0.2195906639099121,0.21867170929908752,0.00419258838519454,0.01592058129608631,0.011829382739961147,0.2576906681060791,True,0.22024449706077576,0.21700799465179443,0.20404331386089325,0.20382048189640045,0.00022283196449279785
2026,20,13,1,Early,0.21612216532230377,0.21300570666790009,0.014525067992508411,0.11860587447881699,0.21867170929908752,0.21713687479496002,0.007041964679956436,0.015699278563261032,0.016746383160352707,0.21402908861637115,True,0.22053273022174835,0.215039923787117,0.20404331386089325,0.20382048189640045,0.00022283196449279785
2026,20,13,2,Early,0.21300570666790009,0.21022602915763855,0.013135838322341442,0.1785036325454712,0.21713687479496002,0.21503221988677979,0.009738280437886715,0.015274493023753166,0.01534338016062975,0.17581062018871307,True,0.22078673541545868,0.2138303816318512,0.20404331386089325,0.20382048189640045,0.00022283196449279785
2026,20,13,3,Early,0.21022602915763855,0.20781230926513672,0.011548495851457119,0.11846157908439636,0.21503221988677979,0.2148878574371338,0.0006714987684972584,0.01449416670948267,0.018905967473983765,0.25475212931632996,True,0.2208341807126999,0.21100474894046783,0.20404331386089325,0.20382048189640045,0.00022283196449279785
2026,20,13,4,Early,0.20781230926513672,0.20575624704360962,0.009943991899490356,0.09920813888311386,0.2148878574371338,0.21304349601268768,0.008618739433586597,0.014446459710597992,0.022994279861450195,0.16015630960464478,True,0.22076401114463806,0.2100028097629547,0.20404331386089325,0.20382048189640045,0.00022283196449279785
2026,20,13,5,Early,0.20575624704360962,0.20405668020248413,0.008294232189655304,0.10550059378147125,0.21304349601268768,0.21244218945503235,0.0028261281549930573,0.013616803102195263,0.02258545532822609,0.24731610715389252,True,0.22054442763328552,0.20828549563884735,0.20404331386089325,0.20382048189640045,0.00022283196449279785
2026,20,13,6,Middle,0.20405668020248413,0.20268209278583527,0.006760750897228718,0.10980823636054993,0.21244218945503235,0.2111743539571762,0.0059845708310604095,0.01324654184281826,0.024424303323030472,0.19709964096546173,True,0.22019541263580322,0.20731604099273682,0.20404331386089325,0.20382048189640045,0.00022283196449279785
2026,20,13,7,Middle,0.20268209278583527,0.201646625995636,0.005121976137161255,0.10697269439697266,0.2111743539571762,0.2099364846944809,0.005877560004591942,0.012376564554870129,0.022198988124728203,0.1737486571073532,True,0.21965833008289337,0.20653793215751648,0.20404331386089325,0.20382048189640045,0.00022283196449279785
2026,20,13,8,Middle,0.201646625995636,0.20092010498046875,0.0036096381954848766,0.16169561445713043,0.2099364846944809,0.2095102071762085,0.0020311460830271244,0.011666910722851753,0.021223098039627075,0.2330269068479538,True,0.21870183944702148,0.20552773773670197,0.20404331386089325,0.20382048189640045,0.00022283196449279785
2026,20,13,9,Middle,0.20092010498046875,0.20044802129268646,0.002352521289139986,0.16590683162212372,0.2095102071762085,0.20830389857292175,0.005772668402642012,0.011170035228133202,0.021349608898162842,0.1761813461780548,True,0.21749982237815857,0.20508451759815216,0.20404331386089325,0.20382048189640045,0.00022283196449279785
2026,20,13,10,Middle,0.20044802129268646,0.2002059668302536,0.001208484056405723,0.16549406945705414,0.20830389857292175,0.20777086913585663,0.0025607645511627197,0.010025182738900185,0.017975246533751488,0.19608426094055176,True,0.21626359224319458,0.20459291338920593,0.20404331386089325,0.20382048189640045,0.00022283196449279785
2026,20,13,11,Middle,0.2002059668302536,0.20012715458869934,0.00039471403579227626,0.20866814255714417,0.20777086913585663,0.2073930948972702,0.0018194784643128514,0.009291657246649265,0.017064131796360016,0.21596167981624603,True,0.21418063342571259,0.2042553722858429,0.20404331386089325,0.20382048189640045,0.00022283196449279785
2026,20,13,12,Middle,0.20012715458869934,0.20021018385887146,-0.00041377218440175056,0.2162105292081833,0.2073930948972702,0.20704862475395203,0.0016607282450422645,0.008569526486098766,0.015836644917726517,0.2210361510515213,True,0.21240542829036713,0.20413443446159363,0.20404331386089325,0.20382048189640045,0.00022283196449279785
2026,20,13,13,Late,0.20021018385887146,0.20047582685947418,-0.0013249135809019208,0.1742500364780426,0.20704862475395203,0.20561304688453674,0.006957050878554583,0.007896555587649345,0.014426514506340027,0.169660285115242,True,0.21119458973407745,0.20408295094966888,0.20404331386089325,0.20382048189640045,0.00022283196449279785
2026,20,13,14,Late,0.20047582685947418,0.20086981356143951,-0.001963190734386444,0.24345046281814575,0.20561304688453674,0.20462527871131897,0.0048147584311664104,0.006049930118024349,0.007671784143894911,0.18854786455631256,True,0.20985525846481323,0.20404157042503357,0.20404331386089325,0.20382048189640045,0.00022283196449279785
2026,20,13,15,Late,0.20086981356143951,0.20137500762939453,-0.0025118214543908834,0.21804727613925934,0.20462527871131897,0.20378272235393524,0.0041266572661697865,0.004399068653583527,0.0031176742631942034,0.18662703037261963,True,0.2084522247314453,0.20398825407028198,0.20404331386089325,0.20382048189640045,0.00022283196449279785
2026,20,13,16,Late,0.20137500762939453,0.20155391097068787,-0.0008870955789461732,0.3418901860713959,0.20378272235393524,0.20325301587581635,0.002602929947897792,0.002602929947897792,-0.0008326300885528326,0.18450365960597992,False,0.20628561079502106,0.20395240187644958,0.20404331386089325,0.20382048189640045,0.00022283196449279785
2026,20,13,17,Late,0.20155391097068787,0.20202438533306122,-0.0023299988824874163,0.2786979079246521,0.20325301587581635,0.20315773785114288,0.0004688002518378198,0.0007801978499628603,-0.0032202100846916437,0.23388586938381195,True,0.2049132138490677,0.2039085328578949,0.20404331386089325,0.20382048189640045,0.00022283196449279785
2026,20,13,18,Late,0.20202438533306122,0.2029195874929428,-0.004419638775289059,0.26622939109802246,0.20315773785114288,0.2033323496580124,-0.0008600493310950696,-0.0008095331722870469,-0.0034381267614662647,0.22907261550426483,True,0.20439749956130981,0.2038573920726776,0.20404331386089325,0.20382048189640045,0.00022283196449279785
2026,20,13,19,Late,0.2029195874929428,0.20404331386089325,-0.005522315856069326,0.2843743562698364,0.2033323496580124,0.20382048189640045,-0.0023966587614268064,-0.0023966587614268064,-0.0023966587614268064,0.2426491528749466,False,0.20404326915740967,0.20382024347782135,0.20404331386089325,0.20382048189640045,0.00022283196449279785
2026,20,14,0,Early,0.26379865407943726,0.25581252574920654,0.03073987551033497,0.2659679651260376,0.26379865407943726,0.2636512219905853,0.0005573834641836584,0.03073987551033497,-0.013386065140366554,0.4218037724494934,True,0.2881603240966797,0.2673535943031311,0.2442893236875534,0.2438446283340454,0.0004446953535079956
2026,20,14,1,Early,0.25581252574920654,0.25396087765693665,0.00726591981947422,0.3564833402633667,0.2636512219905853,0.26664844155311584,-0.011303906328976154,0.030782321467995644,0.018673619255423546,0.5153974294662476,True,0.2896568179130554,0.2587735652923584,0.2442893236875534,0.2438446283340454,0.0004446953535079956
2026,20,14,2,Early,0.25396087765693665,0.25264692306518555,0.0051869056187570095,0.36025479435920715,0.26664844155311584,0.2700084149837494,-0.01252337358891964,0.03778790310025215,0.05465758964419365,0.4977078437805176,True,0.28900447487831116,0.2524651885032654,0.2442893236875534,0.2438446283340454,0.0004446953535079956
2026,20,14,3,Early,0.25264692306518555,0.2515832185745239,0.004222286399453878,0.3730485439300537,0.2700084149837494,0.2728064954280853,-0.010311122983694077,0.042901959270238876,0.08250636607408524,0.45819076895713806,True,0.2857128083705902,0.248625248670578,0.2442893236875534,0.2438446283340454,0.0004446953535079956
2026,20,14,4,Early,0.2515832185745239,0.25064074993133545,0.0037569657433778048,0.36225301027297974,0.2728064954280853,0.27632173895835876,-0.01280533242970705,0.047031912952661514,0.10242947936058044,0.45579949021339417,True,0.2817994952201843,0.24624644219875336,0.2442893236875534,0.2438446283340454,0.0004446953535079956
2026,20,14,5,Early,0.25064074993133545,0.24977710843086243,0.0034559767227619886,0.3593769967556,0.27632173895835876,0.2804953157901764,-0.014992373064160347,0.04767521843314171,0.11800418794155121,0.45059022307395935,True,0.27824047207832336,0.24556492269039154,0.2442893236875534,0.2438446283340454,0.0004446953535079956
2026,20,14,6,Middle,0.24977710843086243,0.24897591769695282,0.003213835647329688,0.4039064943790436,0.2804953157901764,0.2749544382095337,0.019946692511439323,0.05079008266329765,0.13318482041358948,0.325341135263443,True,0.27136364579200745,0.24551841616630554,0.2442893236875534,0.2438446283340454,0.0004446953535079956
2026,20,14,7,Middle,0.24897591769695282,0.24825379252433777,0.002903769491240382,0.3523390591144562,0.2749544382095337,0.2708595097064972,0.01500039640814066,0.04031641036272049,0.11327292770147324,0.33996450901031494,True,0.2690039575099945,0.24550871551036835,0.2442893236875534,0.2438446283340454,0.0004446953535079956
2026,20,14,8,Middle,0.24825379252433777,0.24760562181472778,0.002617980819195509,0.3775196969509125,0.2708595097064972,0.26718997955322266,0.013633701018989086,0.04387713968753815,0.09831254184246063,0.3338378071784973,True,0.2640079855918884,0.2454977184534073,0.2442893236875534,0.2438446283340454,0.0004446953535079956
2026,20,14,9,Middle,0.24760562181472778,0.24699467420578003,0.0024742239620536566,0.38074907660484314,0.26718997955322266,0.26255929470062256,0.01747824065387249,0.04100063070654869,0.08484994620084763,0.3166053891181946,True,0.2602575719356537,0.2454541027545929,0.2442893236875534,0.2438446283340454,0.0004446953535079956
2026,20,14,10,Middle,0.24699467420578003,0.2464558184146881,0.0021865274757146835,0.35530561208724976,0.26255929470062256,0.2606581449508667,0.007264388725161552,0.03114168345928192,0.0674729198217392,0.3499053418636322,True,0.25821226835250854,0.24542805552482605,0.2442893236875534,0.2438446283340454,0.0004446953535079956
2026,20,14,11,Middle,0.2464558184146881,0.2460002303123474,0.001851629582233727,0.395018994808197,0.2606581449508667,0.25071465969085693,0.03889065235853195,0.03889065235853195,0.06120729818940163,0.2722596824169159,False,0.2542344927787781,0.2451823502779007,0.2442893236875534,0.2438446283340454,0.0004446953535079956
2026,20,14,12,Middle,0.2460002303123474,0.24559076130390167,0.0016651570331305265,0.36484217643737793,0.25071465969085693,0.252756267786026,-0.008111514151096344,0.014031769707798958,0.02714954875409603,0.4576563537120819,True,0.25286367535591125,0.2439994215965271,0.2442893236875534,0.2438446283340454,0.0004446953535079956
2026,20,14,13,Late,0.24559076130390167,0.24525609612464905,0.0013637765077874064,0.38742536306381226,0.252756267786026,0.2507074773311615,0.008135037496685982,0.027339858934283257,0.0354030504822731,0.32467058300971985,True,0.2503132224082947,0.24396447837352753,0.2442893236875534,0.2438446283340454,0.0004446953535079956
2026,20,14,14,Late,0.24525609612464905,0.24497133493423462,0.0011624481994658709,0.3544076383113861,0.2507074773311615,0.24910107254981995,0.006426024716347456,0.020343396812677383,0.02733362838625908,0.35551249980926514,True,0.248254656791687,0.24394750595092773,0.2442893236875534,0.2438446283340454,0.0004446953535079956
2026,20,14,15,Late,0.24497133493423462,0.2447434365749359,0.0009341634577140212,0.3745732009410858,0.24910107254981995,0.24752354621887207,0.006352584809064865,0.018940459936857224,0.02099420875310898,0.3281603157520294,True,0.24668966233730316,0.24392591416835785,0.2442893236875534,0.2438446283340454,0.0004446953535079956
2026,20,14,16,Late,0.2447434365749359,0.24455784261226654,0.0007606226718053222,0.38142603635787964,0.24752354621887207,0.2460486888885498,0.005975827574729919,0.016239630058407784,0.01469502691179514,0.32922106981277466,True,0.24568991363048553,0.24391280114650726,0.2442893236875534,0.2438446283340454,0.0004446953535079956
2026,20,14,17,Late,0.24455784261226654,0.24441388249397278,0.0005914599751122296,0.350424587726593,0.2460486888885498,0.24491985142230988,0.004599461797624826,0.008382079191505909,0.008803850039839745,0.38444456458091736,True,0.24487002193927765,0.24389199912548065,0.2442893236875534,0.2438446283340454,0.0004446953535079956
2026,20,14,18,Late,0.24441388249397278,0.2443259209394455,0.00036161471507512033,0.38672956824302673,0.24491985142230988,0.24428138136863708,0.0026121530681848526,0.0038080881349742413,0.004291231278330088,0.38149070739746094,True,0.2443811297416687,0.24387109279632568,0.2442893236875534,0.2438446283340454,0.0004446953535079956
2026,20,14,19,Late,0.2443259209394455,0.2442893236875534,0.00015197890752460808,0.4010932743549347,0.24428138136863708,0.2438446283340454,0.001791174872778356,0.001791174872778356,0.001791174872778356,0.31031855940818787,False,0.24428878724575043,0.24384421110153198,0.2442893236875534,0.2438446283340454,0.0004446953535079956
2026,20,15,0,Early,0.26892411708831787,0.25949254631996155,0.03570038452744484,0.3284974992275238,0.26892411708831787,0.2716684341430664,-0.010153956711292267,0.03570038452744484,0.02410053089261055,0.5026995539665222,True,0.2892930805683136,0.26252034306526184,0.23984308540821075,0.2419775426387787,-0.002134457230567932
2026,20,15,1,Early,0.25949254631996155,0.2563154101371765,0.012320170179009438,0.28313201665878296,0.2716684341430664,0.27599021792411804,-0.015784941613674164,0.04646594077348709,0.0695682018995285,0.5543091893196106,True,0.3098289966583252,0.2534113824367523,0.23984308540821075,0.2419775426387787,-0.002134457230567932
2026,20,15,2,Early,0.2563154101371765,0.2546302378177643,0.006597519852221012,0.4394151568412781,0.27599021792411804,0.278520792722702,-0.009131276048719883,0.042369332164525986,0.10646175593137741,0.4722817838191986,True,0.2995765507221222,0.24811778962612152,0.23984308540821075,0.2419775426387787,-0.002134457230567932
2026,20,15,3,Early,0.2546302378177643,0.25314798951148987,0.005841562990099192,0.42411336302757263,0.278520792722702,0.2852816581726074,-0.02398580126464367,0.061631109565496445,0.134159654378891,0.538090705871582,True,0.2916840612888336,0.24355259537696838,0.23984308540821075,0.2419775426387787,-0.002134457230567932
2026,20,15,4,Early,0.25314798951148987,0.2518124282360077,0.005291028879582882,0.4206755459308624,0.2852816581726074,0.2876894474029541,-0.00840905774384737,0.06930457800626755,0.16300876438617706,0.46626511216163635,True,0.2854485809803009,0.2423706352710724,0.23984308540821075,0.2419775426387787,-0.002134457230567932
2026,20,15,5,Early,0.2518124282360077,0.25050386786460876,0.005210865288972855,0.39540091156959534,0.2876894474029541,0.28434619307518005,0.01168018952012062,0.0730515792965889,0.17203503847122192,0.4100469648838043,True,0.27919459342956543,0.24221999943256378,0.23984308540821075,0.2419775426387787,-0.002134457230567932
2026,20,15,6,Middle,0.25050386786460876,0.24931806325912476,0.00474541075527668,0.3995637595653534,0.28434619307518005,0.2792780101299286,0.017979145050048828,0.05739853158593178,0.16054527461528778,0.36161282658576965,True,0.2739327549934387,0.24217171967029572,0.23984308540821075,0.2419775426387787,-0.002134457230567932
2026,20,15,7,Middle,0.24931806325912476,0.24823497235774994,0.004356535617262125,0.38545605540275574,0.2792780101299286,0.27491703629493713,0.015731748193502426,0.05588886886835098,0.14266598224639893,0.38075101375579834,True,0.270345538854599,0.24214622378349304,0.23984308540821075,0.2419775426387787,-0.002134457230567932
2026,20,15,8,Middle,0.24823497235774994,0.24721086025238037,0.004134677350521088,0.37968412041664124,0.27491703629493713,0.270223468542099,0.017211005091667175,0.06336713582277298,0.12696287035942078,0.3551993668079376,True,0.2655565142631531,0.24213764071464539,0.23984308540821075,0.2419775426387787,-0.002134457230567932
2026,20,15,9,Middle,0.24721086025238037,0.2462574690580368,0.003865390084683895,0.3807545006275177,0.270223468542099,0.26538947224617004,0.01804271899163723,0.046018537133932114,0.10979653149843216,0.35492807626724243,True,0.2601114809513092,0.24212463200092316,0.23984308540821075,0.2419775426387787,-0.002134457230567932
2026,20,15,10,Middle,0.2462574690580368,0.2453623116016388,0.0036427106242626905,0.39228469133377075,0.26538947224617004,0.2612428069114685,0.015740783885121346,0.05975664034485817,0.09185965359210968,0.3479798436164856,True,0.2558668255805969,0.24209704995155334,0.23984308540821075,0.2419775426387787,-0.002134457230567932
2026,20,15,11,Middle,0.2453623116016388,0.24452735483646393,0.0034085758961737156,0.37784290313720703,0.2612428069114685,0.25801363587379456,0.012435044161975384,0.039881445467472076,0.07614884525537491,0.3625750243663788,True,0.2526528239250183,0.24208800494670868,0.23984308540821075,0.2419775426387787,-0.002134457230567932
2026,20,15,12,Middle,0.24452735483646393,0.2437671422958374,0.0031141373328864574,0.3831583261489868,0.25801363587379456,0.254635751247406,0.01317556481808424,0.04648903012275696,0.06373777240514755,0.3489169180393219,True,0.24986761808395386,0.24208153784275055,0.23984308540821075,0.2419775426387787,-0.002134457230567932
2026,20,15,13,Late,0.2437671422958374,0.2430538386106491,0.002931941067799926,0.3626289367675781,0.254635751247406,0.251677930355072,0.011680541560053825,0.03483867272734642,0.05059134215116501,0.3701407313346863,True,0.2477020025253296,0.24207381904125214,0.23984308540821075,0.2419775426387787,-0.002134457230567932
2026,20,15,14,Late,0.2430538386106491,0.24239550530910492,0.002715116599574685,0.4159250557422638,0.251677930355072,0.2483498752117157,0.013305554166436195,0.029863622039556503,0.03903718665242195,0.3346744775772095,True,0.24535080790519714,0.2420423924922943,0.23984308540821075,0.2419775426387787,-0.002134457230567932
2026,20,15,15,Late,0.24239550530910492,0.24178509414196014,0.0025235724169760942,0.38172441720962524,0.2483498752117157,0.24648284912109375,0.007544355932623148,0.022917676717042923,0.02588747814297676,0.3829082250595093,True,0.24320806562900543,0.24200324714183807,0.23984308540821075,0.2419775426387787,-0.002134457230567932
2026,20,15,16,Late,0.24178509414196014,0.24123252928256989,0.0022931008134037256,0.38846901059150696,0.24648284912109375,0.2448481172323227,0.006653177551925182,0.013938522897660732,0.018392911180853844,0.3640146255493164,True,0.24166569113731384,0.24199074506759644,0.23984308540821075,0.2419775426387787,-0.002134457230567932
2026,20,15,17,Late,0.24123252928256989,0.24072909355163574,0.0020905318669974804,0.3891667127609253,0.2448481172323227,0.24346914887428284,0.0056470585986971855,0.008589181117713451,0.011762499809265137,0.374332994222641,True,0.2407994419336319,0.24198494851589203,0.23984308540821075,0.2419775426387787,-0.002134457230567932
2026,20,15,18,Late,0.24072909355163574,0.2402714043855667,0.0019037463935092092,0.40202683210372925,0.24346914887428284,0.24253839254379272,0.0038321372121572495,0.004398183897137642,0.006133441813290119,0.3701786398887634,True,0.24001307785511017,0.2419804036617279,0.23984308540821075,0.2419775426387787,-0.002134457230567932
2026,20,15,19,Late,0.2402714043855667,0.23984308540821075,0.001784876105375588,0.4277297556400299,0.24253839254379272,0.2419775426387787,0.002317003905773163,0.002317003905773163,0.002317003905773163,0.37397727370262146,False,0.23984292149543762,0.24197708070278168,0.23984308540821075,0.2419775426387787,-0.002134457230567932
2026,20,16,0,Early,0.3286437392234802,0.32595840096473694,0.008204697631299496,0.542555570602417,0.3286437392234802,0.32595840096473694,0.008204697631299496,0.008204697631299496,0.07433588802814484,0.542555570602417,False,0.3050990700721741,0.3050990700721741,0.28296276926994324,0.2829567492008209,6.020069122314453e-06
2026,20,16,1,Early,0.32595840096473694,0.32332879304885864,0.008100285194814205,0.5864137411117554,0.32595840096473694,0.32332879304885864,0.008100285194814205,0.008100285194814205,0.07042233645915985,0.5864137411117554,False,0.3037926256656647,0.3037926256656647,0.28296276926994324,0.2829567492008209,6.020069122314453e-06
2026,20,16,2,Early,0.32332879304885864,0.3206061124801636,0.00845638383179903,0.5891370177268982,0.32332879304885864,0.3206061124801636,0.00845638383179903,0.00845638383179903,0.0671367347240448,0.5891370177268982,False,0.30233365297317505,0.30233365297317505,0.28296276926994324,0.2829567492008209,6.020069122314453e-06
2026,20,16,3,Early,0.3206061124801636,0.31782007217407227,0.008727983571588993,0.5921655297279358,0.3206061124801636,0.31782007217407227,0.008727983571588993,0.008727983571588993,0.06381692737340927,0.5921655297279358,False,0.3007846772670746,0.3007846772670746,0.28296276926994324,0.2829567492008209,6.020069122314453e-06
2026,20,16,4,Early,0.31782007217407227,0.3157843053340912,0.006426516454666853,0.4991135001182556,0.31782007217407227,0.3157883286476135,0.006413720548152924,0.006426516454666853,0.05741226673126221,0.5116124749183655,True,0.3001116216182709,0.30008670687675476,0.28296276926994324,0.2829567492008209,6.020069122314453e-06
2026,20,16,5,Early,0.3157843053340912,0.31341564655303955,0.0075296941213309765,0.6094294190406799,0.3157883286476135,0.31341883540153503,0.007532178889960051,0.007532178889960051,0.05492504686117172,0.6095202565193176,False,0.2989344000816345,0.298910915851593,0.28296276926994324,0.2829567492008209,6.020069122314453e-06
2026,20,16,6,Middle,0.31341564655303955,0.3106706142425537,0.00879746675491333,0.6165142059326172,0.31341883540153503,0.31067347526550293,0.008798294700682163,0.008798294700682163,0.052739519625902176,0.6166674494743347,False,0.2973397672176361,0.29731717705726624,0.28296276926994324,0.2829567492008209,6.020069122314453e-06
2026,20,16,7,Middle,0.3106706142425537,0.30868518352508545,0.0064118243753910065,0.5289844274520874,0.31067347526550293,0.3086863160133362,0.006417154334485531,0.006417154334485531,0.046515583992004395,0.5291472673416138,False,0.29657453298568726,0.2965528666973114,0.28296276926994324,0.2829567492008209,6.020069122314453e-06
2026,20,16,8,Middle,0.30868518352508545,0.30612221360206604,0.008337816223502159,0.6313360333442688,0.3086863160133362,0.3061232566833496,0.008338171057403088,0.008338171057403088,0.0450223833322525,0.6314032077789307,False,0.29511627554893494,0.29509642720222473,0.28296276926994324,0.2829567492008209,6.020069122314453e-06
2026,20,16,9,Middle,0.30612221360206604,0.3036996126174927,0.007945728488266468,0.556246817111969,0.3061232566833496,0.303699791431427,0.007948685437440872,0.007948685437440872,0.04100586101412773,0.5563838481903076,False,0.29384270310401917,0.29382389783859253,0.28296276926994324,0.2829567492008209,6.020069122314453e-06
2026,20,16,10,Middle,0.3036996126174927,0.30104541778564453,0.00877856183797121,0.6276912689208984,0.303699791431427,0.30104538798332214,0.008778797462582588,0.008778797462582588,0.038466695696115494,0.6278398633003235,False,0.292254775762558,0.2922390103340149,0.28296276926994324,0.2829567492008209,6.020069122314453e-06
2026,20,16,11,Middle,0.30104541778564453,0.298501193523407,0.008487473241984844,0.6399068236351013,0.30104538798332214,0.29850098490715027,0.008487709797918797,0.008487709797918797,0.034821026027202606,0.6400467157363892,False,0.29075688123703003,0.29074281454086304,0.28296276926994324,0.2829567492008209,6.020069122314453e-06
2026,20,16,12,Middle,0.298501193523407,0.29660964012145996,0.00635733874514699,0.5502377152442932,0.29850098490715027,0.2966080904006958,0.00636195857077837,0.00636195857077837,0.029117990285158157,0.5503808856010437,False,0.28994765877723694,0.289934366941452,0.28296276926994324,0.2829567492008209,6.020069122314453e-06
2026,20,16,13,Late,0.29660964012145996,0.29446491599082947,0.007257417775690556,0.6485332250595093,0.2966080904006958,0.29446303844451904,0.007258483208715916,0.007258483208715916,0.02668599970638752,0.6486242413520813,False,0.2888091802597046,0.2887972593307495,0.28296276926994324,0.2829567492008209,6.020069122314453e-06
2026,20,16,14,Late,0.29446491599082947,0.29270461201667786,0.0059969439171254635,0.5527843236923218,0.29446303844451904,0.2927013039588928,0.006001446861773729,0.006001446861773729,0.0218538548797369,0.5528868436813354,False,0.28810885548591614,0.2880975008010864,0.28296276926994324,0.2829567492008209,6.020069122314453e-06
2026,20,16,15,Late,0.29270461201667786,0.2907799780368805,0.006597418803721666,0.5680024027824402,0.2927013039588928,0.290775865316391,0.006600142456591129,0.006600142456591129,0.01910482905805111,0.5681122541427612,False,0.2871728241443634,0.287162184715271,0.28296276926994324,0.2829567492008209,6.020069122314453e-06
2026,20,16,16,Late,0.2907799780368805,0.2887931764125824,0.0068561481311917305,0.583376944065094,0.290775865316391,0.28878822922706604,0.006859226152300835,0.006859226152300835,0.016064049676060677,0.5834797024726868,False,0.2861517071723938,0.2861420214176178,0.28296276926994324,0.2829567492008209,6.020069122314453e-06
2026,20,16,17,Late,0.2887931764125824,0.28669071197509766,0.0073073613457381725,0.6502100825309753,0.28878822922706604,0.2866855561733246,0.007307953201234341,0.007307953201234341,0.01341183204203844,0.6503260731697083,False,0.28494903445243835,0.28494080901145935,0.28296276926994324,0.2829567492008209,6.020069122314453e-06
2026,20,16,18,Late,0.28669071197509766,0.2847713232040405,0.006717848591506481,0.639319658279419,0.2866855561733246,0.2847658395767212,0.006718796212226152,0.006718796212226152,0.00973894726485014,0.6394224762916565,False,0.2839140295982361,0.28390705585479736,0.28296276926994324,0.2829567492008209,6.020069122314453e-06
2026,20,16,19,Late,0.2847713232040405,0.28296276926994324,0.006371322553604841,0.6160632371902466,0.2847658395767212,0.2829567492008209,0.0063735730946063995,0.0063735730946063995,0.0063735730946063995,0.6161473989486694,False,0.2829626798629761,0.282956600189209,0.28296276926994324,0.2829567492008209,6.020069122314453e-06
2026,20,17,0,Early,0.4507628381252289,0.4477037787437439,0.006848926190286875,0.7006062865257263,0.4507628381252289,0.4477086067199707,0.0068381535820662975,0.006848926190286875,0.14164428412914276,0.6531713008880615,True,0.3912341892719269,0.3912298381328583,0.3912942409515381,0.3912854790687561,8.761882781982422e-06
2026,20,17,1,Early,0.4477037787437439,0.44464781880378723,0.006889298092573881,0.711951494216919,0.4477086067199707,0.4446556270122528,0.006882550660520792,0.006891074124723673,0.1348193883895874,0.6631165146827698,True,0.3912462592124939,0.39124003052711487,0.3912942409515381,0.3912854790687561,8.761882781982422e-06
2026,20,17,2,Early,0.44464781880378723,0.44159993529319763,0.006918777246028185,0.67751544713974,0.4446556270122528,0.44160640239715576,0.006921736989170313,0.006921736989170313,0.1279457062482834,0.677349328994751,False,0.39125895500183105,0.3912523090839386,0.3912942409515381,0.3912854790687561,8.761882781982422e-06
2026,20,17,3,Early,0.44159993529319763,0.43856093287467957,0.006946834735572338,0.6753320097923279,0.44160640239715576,0.4385666847229004,0.006948255933821201,0.00694943917915225,0.12103146314620972,0.6687146425247192,True,0.39127182960510254,0.3912654221057892,0.3912942409515381,0.3912854790687561,8.761882781982422e-06
2026,20,17,4,Early,0.43856093287467957,0.4355320930480957,0.006971932947635651,0.686959445476532,0.4385666847229004,0.4355366826057434,0.006974537391215563,0.006974537391215563,0.11409171670675278,0.6868424415588379,False,0.39128467440605164,0.39127811789512634,0.3912942409515381,0.3912854790687561,8.761882781982422e-06
2026,20,17,5,Early,0.4355320930480957,0.4325057566165924,0.007015021983534098,0.683784544467926,0.4355366826057434,0.43250927329063416,0.007017508149147034,0.007017508149147034,0.10713870078325272,0.6836850643157959,False,0.39129239320755005,0.3912860155105591,0.3912942409515381,0.3912854790687561,8.761882781982422e-06
2026,20,17,6,Middle,0.4325057566165924,0.4294910132884979,0.007037749979645014,0.6818166971206665,0.43250927329063416,0.42949527502059937,0.007035974878817797,0.00703999912366271,0.10013672709465027,0.6500952839851379,True,0.39130327105522156,0.39129647612571716,0.3912942409515381,0.3912854790687561,8.761882781982422e-06
2026,20,17,7,Middle,0.4294910132884979,0.4264853596687317,0.007066159509122372,0.7061362862586975,0.42949527502059937,0.4264884293079376,0.007069118786603212,0.007069118786603212,0.09312110394239426,0.7059360146522522,False,0.3913123905658722,0.39130541682243347,0.3912942409515381,0.3912854790687561,8.761882781982422e-06
2026,20,17,8,Middle,0.4264853596687317,0.4234878420829773,0.007097290363162756,0.702258288860321,0.4264884293079376,0.4234898090362549,0.007099894341081381,0.007099894341081381,0.08608192950487137,0.7020824551582336,False,0.39131784439086914,0.39131078124046326,0.3912942409515381,0.3912854790687561,8.761882781982422e-06
2026,20,17,9,Middle,0.4234878420829773,0.42050305008888245,0.007117767818272114,0.6667202115058899,0.4234898090362549,0.4205044209957123,0.007118951994925737,0.007120253052562475,0.07901518046855927,0.6477760076522827,True,0.39132416248321533,0.39131519198417664,0.3912942409515381,0.3912854790687561,8.761882781982422e-06
2026,20,17,10,Middle,0.42050305008888245,0.41752877831459045,0.00714357104152441,0.6667370796203613,0.4205044209957123,0.41752898693084717,0.007146293297410011,0.007146293297410011,0.07193280011415482,0.6663962602615356,False,0.3913271725177765,0.39131826162338257,0.3912942409515381,0.3912854790687561,8.761882781982422e-06
2026,20,17,11,Middle,0.41752877831459045,0.41456571221351624,0.00716807134449482,0.6644515991210938,0.41752898693084717,0.4145648181438446,0.0071706753224134445,0.0071706753224134445,0.06482449918985367,0.6641334295272827,False,0.3913300633430481,0.3913211524486542,0.3912942409515381,0.3912854790687561,8.761882781982422e-06
2026,20,17,12,Middle,0.41456571221351624,0.41161370277404785,0.0071929264813661575,0.6611908674240112,0.4145648181438446,0.41161173582077026,0.007195529993623495,0.007195529993623495,0.0576983280479908,0.6609237194061279,False,0.3913304805755615,0.3913217782974243,0.3912942409515381,0.3912854790687561,8.761882781982422e-06
2026,20,17,13,Late,0.41161370277404785,0.4086681306362152,0.0072292606346309185,0.6825297474861145,0.41161173582077026,0.4086650609970093,0.007231864146888256,0.007231864146888256,0.05056682974100113,0.6821938753128052,False,0.3913237750530243,0.3913150131702423,0.3912942409515381,0.3912854790687561,8.761882781982422e-06
2026,20,17,14,Late,0.4086681306362152,0.405742347240448,0.007233166601508856,0.700983464717865,0.4086650609970093,0.4057382643222809,0.007235651835799217,0.007235651835799217,0.04338467866182327,0.700823962688446,False,0.3913230001926422,0.3913141191005707,0.3912942409515381,0.3912854790687561,8.761882781982422e-06
2026,20,17,15,Late,0.405742347240448,0.4028298556804657,0.007252812385559082,0.7035468220710754,0.4057382643222809,0.4028260111808777,0.007252340205013752,0.007255416363477707,0.036203231662511826,0.6524827480316162,True,0.3913206458091736,0.39131173491477966,0.3912942409515381,0.3912854790687561,8.761882781982422e-06
2026,20,17,16,Late,0.4028298556804657,0.3999299108982086,0.00727446936070919,0.6885998845100403,0.4028260111808777,0.39992472529411316,0.007277901284396648,0.007277901284396648,0.029010774567723274,0.6883102655410767,False,0.3913162648677826,0.3913074731826782,0.3912942409515381,0.3912854790687561,8.761882781982422e-06
2026,20,17,17,Late,0.3999299108982086,0.3970383107662201,0.0073066595941782,0.6714234948158264,0.39992472529411316,0.3970319926738739,0.007309500128030777,0.007309500128030777,0.021812167018651962,0.6710736751556396,False,0.3913046419620514,0.39129582047462463,0.3912942409515381,0.3912854790687561,8.761882781982422e-06
2026,20,17,18,Late,0.3970383107662201,0.3941606283187866,0.007325120270252228,0.6832325458526611,0.3970319926738739,0.3941531181335449,0.0073283156380057335,0.0073283156380057335,0.014585861936211586,0.6828495860099792,False,0.39129161834716797,0.3912828862667084,0.3912942409515381,0.3912854790687561,8.761882781982422e-06
2026,20,17,19,Late,0.3941606283187866,0.3912942409515381,0.007350326981395483,0.712356686592102,0.3941531181335449,0.3912854790687561,0.007353758439421654,0.007353758439421654,0.007353758439421654,0.7121281027793884,False,0.39127400517463684,0.3912651836872101,0.3912942409515381,0.3912854790687561,8.761882781982422e-06
2026,20,18,0,Early,0.3811236023902893,0.3778221607208252,0.008700216189026833,0.665271520614624,0.3811236023902893,0.3778221607208252,0.008700216189026833,0.008700216189026833,0.1662178784608841,0.665271520614624,False,0.3227583169937134,0.3227583169937134,0.31932333111763,0.3193243741989136,-1.043081283569336e-06
2026,20,18,1,Early,0.3778221607208252,0.3745271563529968,0.008759540505707264,0.6437647342681885,0.3778221607208252,0.3745271563529968,0.008759540505707264,0.008759540505707264,0.15838490426540375,0.6437647342681885,False,0.32247865200042725,0.32247865200042725,0.31932333111763,0.3193243741989136,-1.043081283569336e-06
2026,20,18,2,Early,0.3745271563529968,0.37122154235839844,0.00886529590934515,0.6623377203941345,0.3745271563529968,0.37122154235839844,0.00886529590934515,0.00886529590934515,0.1505337506532669,0.6623377203941345,False,0.3221859037876129,0.3221859037876129,0.31932333111763,0.3193243741989136,-1.043081283569336e-06
2026,20,18,3,Early,0.37122154235839844,0.3679092228412628,0.008962771855294704,0.6385242342948914,0.37122154235839844,0.3679092228412628,0.008962771855294704,0.008962771855294704,0.14259743690490723,0.6385242342948914,False,0.32188680768013,0.32188680768013,0.31932333111763,0.3193243741989136,-1.043081283569336e-06
2026,20,18,4,Early,0.3679092228412628,0.3647375702857971,0.00865850131958723,0.6079206466674805,0.3679092228412628,0.3647375702857971,0.00865850131958723,0.00865850131958723,0.13410724699497223,0.6079206466674805,False,0.321734756231308,0.321734756231308,0.31932333111763,0.3193243741989136,-1.043081283569336e-06
2026,20,18,5,Early,0.3647375702857971,0.3615836203098297,0.008685210719704628,0.5903553366661072,0.3647375702857971,0.3615836203098297,0.008685210719704628,0.008685210719704628,0.1259007602930069,0.5903553366661072,False,0.32158949971199036,0.32158949971199036,0.31932333111763,0.3193243741989136,-1.043081283569336e-06
2026,20,18,6,Middle,0.3615836203098297,0.3584575355052948,0.008683199994266033,0.6278543472290039,0.3615836203098297,0.3584575355052948,0.008683199994266033,0.008683199994266033,0.11763741075992584,0.6278543472290039,False,0.32145407795906067,0.32145407795906067,0.31932333111763,0.3193243741989136,-1.043081283569336e-06
2026,20,18,7,Middle,0.3584575355052948,0.35531380772590637,0.008809052407741547,0.6372532844543457,0.3584575355052948,0.35531380772590637,0.008809052407741547,0.008809052407741547,0.109471894800663,0.6372532844543457,False,0.32128775119781494,0.32128775119781494,0.31932333111763,0.3193243741989136,-1.043081283569336e-06
2026,20,18,8,Middle,0.35531380772590637,0.35213741660118103,0.00898013822734356,0.6542195081710815,0.35531380772590637,0.35213741660118103,0.00898013822734356,0.00898013822734356,0.10134345293045044,0.6542195081710815,False,0.32106924057006836,0.32106924057006836,0.31932333111763,0.3193243741989136,-1.043081283569336e-06
2026,20,18,9,Middle,0.35213741660118103,0.3490079343318939,0.008927208371460438,0.7058846354484558,0.35213741660118103,0.3490079343318939,0.008927208371460438,0.008927208371460438,0.0929737463593483,0.7058846354484558,False,0.3208734095096588,0.3208734095096588,0.31932333111763,0.3193243741989136,-1.043081283569336e-06
2026,20,18,10,Middle,0.3490079343318939,0.3458731770515442,0.0090227872133255,0.6732054352760315,0.3490079343318939,0.3458731770515442,0.0090227872133255,0.0090227872133255,0.08471789211034775,0.6732054352760315,False,0.32065823674201965,0.32065823674201965,0.31932333111763,0.3193243741989136,-1.043081283569336e-06
2026,20,18,11,Middle,0.3458731770515442,0.34282857179641724,0.00884190108627081,0.6761270761489868,0.3458731770515442,0.34282857179641724,0.00884190108627081,0.00884190108627081,0.07614539563655853,0.6761270761489868,False,0.3205139636993408,0.3205139636993408,0.31932333111763,0.3193243741989136,-1.043081283569336e-06
2026,20,18,12,Middle,0.34282857179641724,0.33976227045059204,0.008984748274087906,0.6674706935882568,0.34282857179641724,0.33976227045059204,0.008984748274087906,0.008984748274087906,0.06788693368434906,0.6674706935882568,False,0.32032710313796997,0.32032710313796997,0.31932333111763,0.3193243741989136,-1.043081283569336e-06
2026,20,18,13,Late,0.33976227045059204,0.33675137162208557,0.008901689201593399,0.6985648274421692,0.33976227045059204,0.33675137162208557,0.008901689201593399,0.008901689201593399,0.059395357966423035,0.6985648274421692,False,0.3201693296432495,0.3201693296432495,0.31932333111763,0.3193243741989136,-1.043081283569336e-06
2026,20,18,14,Late,0.33675137162208557,0.3337970972061157,0.0088118901476264,0.6522073745727539,0.33675137162208557,0.33379897475242615,0.008806099183857441,0.0088118901476264,0.05087505280971527,0.6964626312255859,True,0.3200490176677704,0.32004743814468384,0.31932333111763,0.3193243741989136,-1.043081283569336e-06
2026,20,18,15,Late,0.3337970972061157,0.3308596909046173,0.008839188143610954,0.6192409992218018,0.33379897475242615,0.33086127042770386,0.008840015158057213,0.008840015158057213,0.04246581718325615,0.619357705116272,False,0.3199215829372406,0.31992051005363464,0.31932333111763,0.3193243741989136,-1.043081283569336e-06
2026,20,18,16,Late,0.3308596909046173,0.3279430568218231,0.008854544721543789,0.7027815580368042,0.33086127042770386,0.3279446065425873,0.008854662999510765,0.008854662999510765,0.03405941650271416,0.7028411030769348,False,0.3197823166847229,0.31978192925453186,0.31932333111763,0.3193243741989136,-1.043081283569336e-06
2026,20,18,17,Late,0.3279430568218231,0.3250245749950409,0.008939499966800213,0.6530423164367676,0.3279446065425873,0.32502588629722595,0.008940090425312519,0.008940090425312519,0.025726869702339172,0.6531636714935303,False,0.3196149170398712,0.31961512565612793,0.31932333111763,0.3193243741989136,-1.043081283569336e-06
2026,20,18,18,Late,0.3250245749950409,0.32214775681495667,0.008890703320503235,0.6425132751464844,0.32502588629722595,0.3221488296985626,0.008891412056982517,0.008891412056982517,0.01727534458041191,0.6426299810409546,False,0.31945866346359253,0.31945914030075073,0.31932333111763,0.3193243741989136,-1.043081283569336e-06
2026,20,18,19,Late,0.32214775681495667,0.31932333111763,0.008806572295725346,0.6984879374504089,0.3221488296985626,0.3193243741989136,0.008806808851659298,0.008806808851659298,0.008806808851659298,0.6985803842544556,False,0.3193231523036957,0.3193241357803345,0.31932333111763,0.3193243741989136,-1.043081283569336e-06
2026,20,19,0,Early,0.45744356513023376,0.3762921690940857,0.19527766108512878,0.34256988763809204,0.45744356513023376,0.48862725496292114,-0.06595785170793533,0.19527766108512878,-0.5151030421257019,0.6291845440864563,True,0.8783406615257263,0.7656739950180054,0.6236884593963623,0.5703986883163452,0.05328977108001709
2026,20,19,1,Early,0.3762921690940857,0.32992419600486755,0.1315033882856369,0.37455081939697266,0.48862725496292114,0.5030173659324646,-0.02904847450554371,0.2906022369861603,-0.40375590324401855,0.53455650806427,True,0.9079938530921936,0.7316891551017761,0.6236884593963623,0.5703986883163452,0.05328977108001709
2026,20,19,2,Early,0.32992419600486755,0.2993577718734741,0.09721799939870834,0.4249294102191925,0.5030173659324646,0.5440765023231506,-0.07847743481397629,0.23098573088645935,-0.331825315952301,0.5730209350585938,True,0.9008781313896179,0.7009594440460205,0.6236884593963623,0.5703986883163452,0.05328977108001709
2026,20,19,3,Early,0.2993577718734741,0.2757294178009033,0.08221618086099625,0.4079795181751251,0.5440765023231506,0.5760878324508667,-0.05718773603439331,0.23678579926490784,-0.233803391456604,0.527378261089325,True,0.8922606110572815,0.6873840689659119,0.6236884593963623,0.5703986883163452,0.05328977108001709
2026,20,19,4,Early,0.2757294178009033,0.2589437961578369,0.0628092810511589,0.45015522837638855,0.5760878324508667,0.5678736567497253,0.01433150190860033,0.3036860525608063,-0.17144730687141418,0.4923330545425415,True,0.8615079522132874,0.683828592300415,0.6236884593963623,0.5703986883163452,0.05328977108001709
2026,20,19,5,Early,0.2589437961578369,0.2501022219657898,0.03474675118923187,0.4404370188713074,0.5678736567497253,0.5086738467216492,0.11005411297082901,0.24340152740478516,-0.18323460221290588,0.41691890358924866,True,0.8346144556999207,0.6820709109306335,0.6236884593963623,0.5703986883163452,0.05328977108001709
2026,20,19,6,Middle,0.2501022219657898,0.2496013343334198,0.002006181515753269,0.44928523898124695,0.5086738467216492,0.5355854630470276,-0.05157795175909996,0.3515484929084778,-0.2875419557094574,0.5051067471504211,True,0.8138351440429688,0.6781366467475891,0.6236884593963623,0.5703986883163452,0.05328977108001709
2026,20,19,7,Middle,0.2496013343334198,0.25711721181869507,-0.02965637668967247,0.4427347481250763,0.5355854630470276,0.4013836681842804,0.2884139120578766,0.2884139120578766,-0.21813303232192993,0.38972312211990356,False,0.7917152643203735,0.6661357283592224,0.6236884593963623,0.5703986883163452,0.05328977108001709
2026,20,19,8,Middle,0.25711721181869507,0.27196797728538513,-0.05614527314901352,0.4560028612613678,0.4013836681842804,0.4356921315193176,-0.082040935754776,0.30903348326683044,-0.49160757660865784,0.49207761883735657,True,0.7637898325920105,0.6562390923500061,0.6236884593963623,0.5703986883163452,0.05328977108001709
2026,20,19,9,Middle,0.27196797728538513,0.29237961769104004,-0.07238022983074188,0.46085166931152344,0.4356921315193176,0.43760624527931213,-0.004420205019414425,0.21446874737739563,-0.40507668256759644,0.4630788564682007,True,0.7502688765525818,0.6532843112945557,0.6236884593963623,0.5703986883163452,0.05328977108001709
2026,20,19,10,Middle,0.29237961769104004,0.31799572706222534,-0.08398663997650146,0.43987900018692017,0.43760624527931213,0.3252013325691223,0.29685914516448975,0.29685914516448975,-0.3947526812553406,0.2947492301464081,False,0.7315375804901123,0.6494150161743164,0.6236884593963623,0.5703986883163452,0.05328977108001709
2026,20,19,11,Middle,0.31799572706222534,0.3463720381259918,-0.08547032624483109,0.4814695119857788,0.3252013325691223,0.36961978673934937,-0.12804995477199554,-0.0032915936317294836,-0.6536365151405334,0.5100964307785034,True,0.7094998955726624,0.6252058744430542,0.6236884593963623,0.5703986883163452,0.05328977108001709
2026,20,19,12,Middle,0.3463720381259918,0.37744542956352234,-0.08590560406446457,0.4819997251033783,0.36961978673934937,0.42743679881095886,-0.14534679055213928,0.04955056309700012,-0.5098598599433899,0.4955586791038513,True,0.693124532699585,0.6154382824897766,0.6236884593963623,0.5703986883163452,0.05328977108001709
2026,20,19,13,Late,0.37744542956352234,0.4104689359664917,-0.0838722288608551,0.4901488125324249,0.42743679881095886,0.3855690360069275,0.10307016968727112,0.10307016968727112,-0.35872745513916016,0.3361835181713104,False,0.6758549809455872,0.6118785738945007,0.6236884593963623,0.5703986883163452,0.05328977108001709
2026,20,19,14,Late,0.4104689359664917,0.44523611664772034,-0.08130931109189987,0.4839365482330322,0.3855690360069275,0.43514561653137207,-0.12096948176622391,-0.05676404759287834,-0.43679526448249817,0.5223885178565979,True,0.6614535450935364,0.5967602729797363,0.6236884593963623,0.5703986883163452,0.05328977108001709
2026,20,19,15,Late,0.44523611664772034,0.48025932908058167,-0.07572310417890549,0.4592219591140747,0.43514561653137207,0.4591079652309418,-0.053622737526893616,0.004063988104462624,-0.31064796447753906,0.45981764793395996,True,0.6555814743041992,0.5936729907989502,0.6236884593963623,0.5703986883163452,0.05328977108001709
2026,20,19,16,Late,0.48025932908058167,0.5177717804908752,-0.07520708441734314,0.43558022379875183,0.4591079652309418,0.47110652923583984,-0.025798983871936798,-0.018091870471835136,-0.2518739700317383,0.3680399954319,True,0.6484628319740295,0.5906120538711548,0.6236884593963623,0.5703986883163452,0.05328977108001709
2026,20,19,17,Late,0.5177717804908752,0.555725634098053,-0.07074173539876938,0.46599069237709045,0.47110652923583984,0.5082299113273621,-0.07585626095533371,-0.07234538346529007,-0.2106609344482422,0.5061268210411072,True,0.6382442116737366,0.5815780162811279,0.6236884593963623,0.5703986883163452,0.05328977108001709
2026,20,19,18,Late,0.555725634098053,0.5933613181114197,-0.06552564352750778,0.3927130103111267,0.5082299113273621,0.5376863479614258,-0.056336596608161926,-0.056336596608161926,-0.1307576298713684,0.3931366205215454,False,0.6387172341346741,0.5792253017425537,0.6236884593963623,0.5703986883163452,0.05328977108001709
2026,20,19,19,Late,0.5933613181114197,0.6236884593963623,-0.04984547570347786,0.547093391418457,0.5376863479614258,0.5703986883163452,-0.059064071625471115,-0.059064071625471115,-0.059064071625471115,0.5473913550376892,False,0.623687207698822,0.5704008936882019,0.6236884593963623,0.5703986883163452,0.05328977108001709
2026,20,20,0,Early,0.22018232941627502,0.2172800749540329,0.013267974369227886,0.15196125209331512,0.22018232941627502,0.2175438106060028,0.012054047547280788,0.013267974369227886,0.03065844625234604,0.15757200121879578,True,0.21426749229431152,0.2135339379310608,0.19072112441062927,0.19236993789672852,-0.0016488134860992432
2026,20,20,1,Early,0.2172800749540329,0.21450123190879822,0.012870869599282742,0.12452619522809982,0.2175438106060028,0.2147868573665619,0.01275259256362915,0.012969248928129673,0.02583729848265648,0.1604072004556656,True,0.2129666954278946,0.2119947373867035,0.19072112441062927,0.19236993789672852,-0.0016488134860992432
2026,20,20,2,Early,0.21450123190879822,0.21183845400810242,0.012490321882069111,0.12747764587402344,0.2147868573665619,0.2135171741247177,0.0059274425730109215,0.012623465619981289,0.023261524736881256,0.1946437805891037,True,0.21163822710514069,0.20984795689582825,0.19072112441062927,0.19236993789672852,-0.0016488134860992432
2026,20,20,3,Early,0.21183845400810242,0.20932358503341675,0.011941787786781788,0.13748322427272797,0.2135171741247177,0.21191756427288055,0.007518759462982416,0.012371406890451908,0.02654726430773735,0.19222484529018402,True,0.2102430760860443,0.20792321860790253,0.19072112441062927,0.19236993789672852,-0.0016488134860992432
2026,20,20,4,Early,0.20932358503341675,0.20695270597934723,0.011390474624931812,0.09896138310432434,0.21191756427288055,0.21100255846977234,0.004325399175286293,0.01209372840821743,0.027504753321409225,0.18745672702789307,True,0.2090234011411667,0.20616795122623444,0.19072112441062927,0.19236993789672852,-0.0016488134860992432
2026,20,20,5,Early,0.20695270597934723,0.20472852885723114,0.01080501452088356,0.15174275636672974,0.21100255846977234,0.20923568308353424,0.008407273329794407,0.011900910176336765,0.03087792545557022,0.13723351061344147,True,0.20781517028808594,0.20458658039569855,0.19072112441062927,0.19236993789672852,-0.0016488134860992432
2026,20,20,6,Middle,0.20472852885723114,0.2026568502187729,0.01016988791525364,0.12187589704990387,0.20923568308353424,0.2075759321451187,0.007962345145642757,0.01150620449334383,0.02965613827109337,0.14590944349765778,True,0.206581711769104,0.20312148332595825,0.19072112441062927,0.19236993789672852,-0.0016488134860992432
2026,20,20,7,Middle,0.2026568502187729,0.20075124502182007,0.009447094984352589,0.13119298219680786,0.2075759321451187,0.20570889115333557,0.009033238515257835,0.01093283947557211,0.028212590143084526,0.1238999217748642,True,0.20529045164585114,0.20180131494998932,0.19072112441062927,0.19236993789672852,-0.0016488134860992432
2026,20,20,8,Middle,0.20075124502182007,0.19902853667736053,0.00861824955791235,0.14176079630851746,0.20570889115333557,0.20446941256523132,0.006042147055268288,0.01035289466381073,0.025136107578873634,0.16430002450942993,True,0.203693225979805,0.2006024569272995,0.19072112441062927,0.19236993789672852,-0.0016488134860992432
2026,20,20,9,Middle,0.19902853667736053,0.19746346771717072,0.007894208654761314,0.11409032344818115,0.20446941256523132,0.20269985496997833,0.008690224029123783,0.009858781471848488,0.02448382042348385,0.15132933855056763,True,0.2024650275707245,0.19952385127544403,0.19072112441062927,0.19236993789672852,-0.0016488134860992432
2026,20,20,10,Middle,0.19746346771717072,0.19606110453605652,0.007127396762371063,0.12766553461551666,0.20269985496997833,0.20103313028812408,0.00825523491948843,0.00923262257128954,0.020903795957565308,0.18933457136154175,True,0.20115715265274048,0.19850648939609528,0.19072112441062927,0.19236993789672852,-0.0016488134860992432
2026,20,20,11,Middle,0.19606110453605652,0.19483520090579987,0.006271980702877045,0.1317594051361084,0.20103313028812408,0.19938845932483673,0.008214442059397697,0.008480900898575783,0.017134467139840126,0.12872977554798126,True,0.19986693561077118,0.19761773943901062,0.19072112441062927,0.19236993789672852,-0.0016488134860992432
2026,20,20,12,Middle,0.19483520090579987,0.19376957416534424,0.005485072266310453,0.1981986165046692,0.19938845932483673,0.1979169249534607,0.007407169323414564,0.007463719695806503,0.013308578170835972,0.19548101723194122,True,0.19857792556285858,0.19675230979919434,0.19072112441062927,0.19236993789672852,-0.0016488134860992432
2026,20,20,13,Late,0.19376957416534424,0.19286668300628662,0.004670495167374611,0.22594772279262543,0.1979169249534607,0.19675575196743011,0.005882639437913895,0.006871342193335295,0.010209809988737106,0.22378726303577423,True,0.19714267551898956,0.1959063857793808,0.19072112441062927,0.19236993789672852,-0.0016488134860992432
2026,20,20,14,Late,0.19286668300628662,0.1921146810054779,0.0039058346301317215,0.18569792807102203,0.19675575196743011,0.19563308358192444,0.0057214489206671715,0.0061582461930811405,0.008165599778294563,0.19727864861488342,True,0.19579869508743286,0.19515559077262878,0.19072112441062927,0.19236993789672852,-0.0016488134860992432
2026,20,20,15,Late,0.1921146810054779,0.1915358453989029,0.0030173463746905327,0.2590024769306183,0.19563308358192444,0.19467179477214813,0.00492520909756422,0.005263578146696091,0.00593244843184948,0.25628820061683655,True,0.19467200338840485,0.19447587430477142,0.19072112441062927,0.19236993789672852,-0.0016488134860992432
2026,20,20,16,Late,0.1915358453989029,0.19109685719013214,0.0022944805677980185,0.2067384123802185,0.19467179477214813,0.19381634891033173,0.004403599537909031,0.004428638145327568,0.004134125541895628,0.18857401609420776,True,0.19351036846637726,0.19386859238147736,0.19072112441062927,0.19236993789672852,-0.0016488134860992432
2026,20,20,17,Late,0.19109685719013214,0.19084393978118896,0.0013242096174508333,0.25925225019454956,0.19381634891033173,0.19314198195934296,0.003484669141471386,0.003484669141471386,0.00254649855196476,0.2160264104604721,False,0.19242046773433685,0.19332337379455566,0.19072112441062927,0.19236993789672852,-0.0016488134860992432
2026,20,20,18,Late,0.19084393978118896,0.1906834840774536,0.000841693370603025,0.27502331137657166,0.19314198195934296,0.19268153607845306,0.0023868863936513662,0.0023868863936513662,0.00170225091278553,0.22905628383159637,False,0.1914863884449005,0.1928134709596634,0.19072112441062927,0.19236993789672852,-0.0016488134860992432
2026,20,20,19,Late,0.1906834840774536,0.19072112441062927,-0.000196883876924403,0.2671216130256653,0.19268153607845306,0.19236993789672852,0.0016174993943423033,0.0016174993943423033,0.0016174993943423033,0.2492448389530182,False,0.19072102010250092,0.19237011671066284,0.19072112441062927,0.19236993789672852,-0.0016488134860992432
2026,20,21,0,Early,0.48682859539985657,0.48396268486976624,0.006556212902069092,0.6939824223518372,0.48682859539985657,0.48396268486976624,0.006556212902069092,0.006556212902069092,0.12299281358718872,0.6939824223518372,False,0.43048709630966187,0.43048709630966187,0.43083396553993225,0.4308249354362488,9.03010368347168e-06
2026,20,21,1,Early,0.48396268486976624,0.48110148310661316,0.006589253433048725,0.6941559314727783,0.48396268486976624,0.4811020493507385,0.006587951444089413,0.006589253433048725,0.11706680804491043,0.6798895597457886,True,0.4304973781108856,0.4304965138435364,0.43083396553993225,0.4308249354362488,9.03010368347168e-06
2026,20,21,2,Early,0.48110148310661316,0.4782436192035675,0.006625609006732702,0.702794075012207,0.4811020493507385,0.4782463312149048,0.006620991509407759,0.006625846028327942,0.11111676692962646,0.6999092102050781,True,0.43050718307495117,0.4305057227611542,0.43083396553993225,0.4308249354362488,9.03010368347168e-06
2026,20,21,3,Early,0.4782436192035675,0.4753929376602173,0.006654148455709219,0.6977190971374512,0.4782463312149048,0.47539886832237244,0.006647282280027866,0.006654740776866674,0.10514423251152039,0.6845067739486694,True,0.43051767349243164,0.4305141270160675,0.43083396553993225,0.4308249354362488,9.03010368347168e-06
2026,20,21,4,Early,0.4753929376602173,0.4725501239299774,0.006681622005999088,0.6985419988632202,0.47539886832237244,0.4725554883480072,0.006682806182652712,0.0066830432042479515,0.09915328770875931,0.6854727864265442,True,0.43052634596824646,0.43052250146865845,0.43083396553993225,0.4308249354362488,9.03010368347168e-06
2026,20,21,5,Early,0.4725501239299774,0.4697120785713196,0.00671596173197031,0.70594322681427,0.4725554883480072,0.46971815824508667,0.006714540999382734,0.00671750120818615,0.0931374803185463,0.6627771854400635,True,0.4305340647697449,0.43052980303764343,0.43083396553993225,0.4308249354362488,9.03010368347168e-06
2026,20,21,6,Middle,0.4697120785713196,0.4668811559677124,0.006745682097971439,0.6938346028327942,0.46971815824508667,0.4668874442577362,0.006745091173797846,0.006747576408088207,0.08710283786058426,0.6858851313591003,True,0.43054109811782837,0.4305349588394165,0.43083396553993225,0.4308249354362488,9.03010368347168e-06
2026,20,21,7,Middle,0.4668811559677124,0.4640565514564514,0.006777533330023289,0.7061778903007507,0.4668874442577362,0.46406278014183044,0.006777415983378887,0.006779664661735296,0.08105183392763138,0.67740398645401,True,0.43054595589637756,0.43053779006004333,0.43083396553993225,0.4308249354362488,9.03010368347168e-06
2026,20,21,8,Middle,0.4640565514564514,0.461241751909256,0.0068018073216080666,0.6843773126602173,0.46406278014183044,0.4612468183040619,0.006804411765187979,0.006804648786783218,0.07497713714838028,0.6767570376396179,True,0.4305495619773865,0.4305405914783478,0.43083396553993225,0.4308249354362488,9.03010368347168e-06
2026,20,21,9,Middle,0.461241751909256,0.4584342837333679,0.0068318797275424,0.6802621483802795,0.4612468183040619,0.4584379494190216,0.0068349577486515045,0.0068349577486515045,0.06888406723737717,0.6799547672271729,False,0.43055233359336853,0.4305434226989746,0.43083396553993225,0.4308249354362488,9.03010368347168e-06
2026,20,21,10,Middle,0.4584342837333679,0.45563650131225586,0.006856981199234724,0.692290723323822,0.4584379494190216,0.45563942193984985,0.00685863895341754,0.006860177498310804,0.06277395039796829,0.6764076948165894,True,0.4305534064769745,0.4305441975593567,0.43083396553993225,0.4308249354362488,9.03010368347168e-06
2026,20,21,11,Middle,0.45563650131225586,0.4528455138206482,0.006888828705996275,0.6952654123306274,0.45563942193984985,0.4528470039367676,0.006892025005072355,0.006892025005072355,0.056653983891010284,0.6950038075447083,False,0.43055209517478943,0.43054285645484924,0.43083396553993225,0.4308249354362488,9.03010368347168e-06
2026,20,21,12,Middle,0.4528455138206482,0.450062096118927,0.006919253617525101,0.6959510445594788,0.4528470039367676,0.45006418228149414,0.00691795302554965,0.006922331638634205,0.050512224435806274,0.690365195274353,True,0.430549681186676,0.43054044246673584,0.43083396553993225,0.4308249354362488,9.03010368347168e-06
2026,20,21,13,Late,0.450062096118927,0.44728559255599976,0.006951454561203718,0.7197648882865906,0.45006418228149414,0.4472859501838684,0.006955360993742943,0.006955360993742943,0.044362038373947144,0.719428539276123,False,0.4305438697338104,0.4305345118045807,0.43083396553993225,0.4308249354362488,9.03010368347168e-06
2026,20,21,14,Late,0.44728559255599976,0.444521963596344,0.0069707524962723255,0.7019520998001099,0.4472859501838684,0.4445206820964813,0.006974303629249334,0.006974303629249334,0.03818201273679733,0.701609194278717,False,0.4305386543273926,0.4305293560028076,0.43083396553993225,0.4308249354362488,9.03010368347168e-06
2026,20,21,15,Late,0.444521963596344,0.4417651891708374,0.007003424223512411,0.6996713280677795,0.4445206820964813,0.44176235795021057,0.00700697535648942,0.00700697535648942,0.031999729573726654,0.6992219090461731,False,0.4305303394794464,0.4305211305618286,0.43083396553993225,0.4308249354362488,9.03010368347168e-06
2026,20,21,16,Late,0.4417651891708374,0.4390186071395874,0.007028993684798479,0.6887773871421814,0.44176235795021057,0.4390142858028412,0.007032308261841536,0.007032308261841536,0.025796955451369286,0.6884899735450745,False,0.43052083253860474,0.43051180243492126,0.43083396553993225,0.4308249354362488,9.03010368347168e-06
2026,20,21,17,Late,0.4390186071395874,0.43628010153770447,0.007059651892632246,0.7179286479949951,0.4390142858028412,0.43627437949180603,0.007062967400997877,0.007063321769237518,0.019586235284805298,0.6917718648910522,True,0.4305083453655243,0.4304991662502289,0.43083396553993225,0.4308249354362488,9.03010368347168e-06
2026,20,21,18,Late,0.43628010153770447,0.4335537552833557,0.007080958690494299,0.7216795086860657,0.43627437949180603,0.43354642391204834,0.007084982935339212,0.007084982935339212,0.013352897018194199,0.721282422542572,False,0.43049660325050354,0.4304874837398529,0.43083396553993225,0.4308249354362488,9.03010368347168e-06
2026,20,21,19,Late,0.4335537552833557,0.43083396553993225,0.007115640677511692,0.7122217416763306,0.43354642391204834,0.4308249354362488,0.007119901943951845,0.007119901943951845,0.007119901943951845,0.7118865251541138,False,0.43047964572906494,0.4304705560207367,0.43083396553993225,0.4308249354362488,9.03010368347168e-06
2026,20,22,0,Early,0.22419849038124084,0.22159714996814728,0.01166953518986702,0.14862708747386932,0.22419849038124084,0.22214236855506897,0.009211257100105286,0.01166953518986702,0.008057763800024986,0.1741606891155243,True,0.22283093631267548,0.2223987877368927,0.1928969919681549,0.1941322237253189,-0.0012352317571640015
2026,20,22,1,Early,0.22159714996814728,0.21904471516609192,0.011584457941353321,0.13747398555278778,0.22214236855506897,0.2197345793247223,0.010896298103034496,0.011677661910653114,0.008781535550951958,0.14263448119163513,True,0.2210889309644699,0.2201998084783554,0.1928969919681549,0.1941322237253189,-0.0012352317571640015
2026,20,22,2,Early,0.21904471516609192,0.21656513214111328,0.011383762583136559,0.1529320478439331,0.2197345793247223,0.2174644023180008,0.010383344255387783,0.011528247967362404,0.00803857296705246,0.16656851768493652,True,0.2192784994840622,0.21797500550746918,0.1928969919681549,0.1941322237253189,-0.0012352317571640015
2026,20,22,3,Early,0.21656513214111328,0.21418644487857819,0.011042973026633263,0.12420472502708435,0.2174644023180008,0.21503479778766632,0.011233951896429062,0.011233951896429062,0.006057136692106724,0.12367010116577148,False,0.2173941731452942,0.21615085005760193,0.1928969919681549,0.1941322237253189,-0.0012352317571640015
2026,20,22,4,Early,0.21418644487857819,0.21192596852779388,0.01060924306511879,0.13433034718036652,0.21503479778766632,0.21377131342887878,0.005891056265681982,0.01078591775149107,0.005075641442090273,0.1783604919910431,True,0.21546898782253265,0.21394583582878113,0.1928969919681549,0.1941322237253189,-0.0012352317571640015
2026,20,22,5,Early,0.21192596852779388,0.20975135266780853,0.010313257575035095,0.11939787119626999,0.21377131342887878,0.21231624484062195,0.006828733719885349,0.010697110556066036,0.008946304209530354,0.19498467445373535,True,0.21367421746253967,0.211867094039917,0.1928969919681549,0.1941322237253189,-0.0012352317571640015
2026,20,22,6,Middle,0.20975135266780853,0.2077081799507141,0.009787727147340775,0.1282103955745697,0.21231624484062195,0.21017833054065704,0.010119153186678886,0.010367882438004017,0.01055812742561102,0.12142027169466019,True,0.2119414210319519,0.2100861370563507,0.1928969919681549,0.1941322237253189,-0.0012352317571640015
2026,20,22,7,Middle,0.2077081799507141,0.20578937232494354,0.00928034633398056,0.15308982133865356,0.21017833054065704,0.20811431109905243,0.009868116118013859,0.009896679781377316,0.008095962926745415,0.15184763073921204,True,0.2101762890815735,0.20848342776298523,0.1928969919681549,0.1941322237253189,-0.0012352317571640015
2026,20,22,8,Middle,0.20578937232494354,0.2039853185415268,0.008804376237094402,0.10428188741207123,0.20811431109905243,0.20619072020053864,0.009284481406211853,0.009367858991026878,0.006163096986711025,0.10340505838394165,True,0.208334818482399,0.20683538913726807,0.1928969919681549,0.1941322237253189,-0.0012352317571640015
2026,20,22,9,Middle,0.2039853185415268,0.20237624645233154,0.00791799183934927,0.12667541205883026,0.20619072020053864,0.20460526645183563,0.007717861328274012,0.008544727228581905,0.0052770692855119705,0.13797928392887115,True,0.2063596397638321,0.20510531961917877,0.1928969919681549,0.1941322237253189,-0.0012352317571640015
2026,20,22,10,Middle,0.20237624645233154,0.20085279643535614,0.007555664516985416,0.1927870213985443,0.20460526645183563,0.20321181416511536,0.006831812206655741,0.008234898559749126,0.005388565361499786,0.15394456684589386,True,0.20477139949798584,0.20350554585456848,0.1928969919681549,0.1941322237253189,-0.0012352317571640015
2026,20,22,11,Middle,0.20085279643535614,0.19939085841178894,0.007305049803107977,0.15243858098983765,0.20321181416511536,0.20191018283367157,0.0064245606772601604,0.007910887710750103,0.005823883228003979,0.22450529038906097,True,0.2030418962240219,0.20203162729740143,0.1928969919681549,0.1941322237253189,-0.0012352317571640015
2026,20,22,12,Middle,0.19939085841178894,0.19808171689510345,0.006586811039596796,0.1692027896642685,0.20191018283367157,0.2005811482667923,0.006602567620575428,0.007440302520990372,0.006132863461971283,0.16504709422588348,True,0.2015262246131897,0.2006755918264389,0.1928969919681549,0.1941322237253189,-0.0012352317571640015
2026,20,22,13,Late,0.19808171689510345,0.19699479639530182,0.005502855405211449,0.1735212355852127,0.2005811482667923,0.1992325335741043,0.006745488382875919,0.006745488382875919,0.004853908438235521,0.17000947892665863,False,0.2002522498369217,0.19960983097553253,0.1928969919681549,0.1941322237253189,-0.0012352317571640015
2026,20,22,14,Late,0.19699479639530182,0.19598746299743652,0.005126612260937691,0.2071579247713089,0.1992325335741043,0.19814898073673248,0.005451883655041456,0.006155645940452814,0.004077214282006025,0.20714473724365234,True,0.19887633621692657,0.19842176139354706,0.1928969919681549,0.1941322237253189,-0.0012352317571640015
2026,20,22,15,Late,0.19598746299743652,0.19508732855319977,0.004603926558047533,0.20474804937839508,0.19814898073673248,0.1970401406288147,0.005611094180494547,0.0056166634894907475,0.003976729698479176,0.20189864933490753,True,0.19750408828258514,0.1973624974489212,0.1928969919681549,0.1941322237253189,-0.0012352317571640015
2026,20,22,16,Late,0.19508732855319977,0.19436486065387726,0.0037094159051775932,0.24989061057567596,0.1970401406288147,0.19623872637748718,0.004074679687619209,0.004787001758813858,0.0030653441790491343,0.24859867990016937,True,0.196128711104393,0.1964370310306549,0.1928969919681549,0.1941322237253189,-0.0012352317571640015
2026,20,22,17,Late,0.19436486065387726,0.19369998574256897,0.003425873350352049,0.19070515036582947,0.19623872637748718,0.19539806246757507,0.0042921556159853935,0.0042921556159853935,0.0034730026964098215,0.187946617603302,False,0.19490177929401398,0.1955583393573761,0.1928969919681549,0.1941322237253189,-0.0012352317571640015
2026,20,22,18,Late,0.19369998574256897,0.19317059218883514,0.002736707217991352,0.28375741839408875,0.19539806246757507,0.19468176364898682,0.0036721182987093925,0.0036721182987093925,0.003145945956930518,0.24297213554382324,False,0.19377698004245758,0.19478429853916168,0.1928969919681549,0.1941322237253189,-0.0012352317571640015
2026,20,22,19,Late,0.19317059218883514,0.1928969919681549,0.0014168195193633437,0.2904213070869446,0.19468176364898682,0.1941322237253189,0.0028270496986806393,0.0028270496986806393,0.0028270496986806393,0.2879084348678589,False,0.19289708137512207,0.19413214921951294,0.1928969919681549,0.1941322237253189,-0.0012352317571640015
2026,20,23,0,Early,0.26353293657302856,0.26239272952079773,0.004335603676736355,0.25351232290267944,0.26353293657302856,0.26239272952079773,0.004335603676736355,0.004335603676736355,-0.0523856095969677,0.25351232290267944,False,0.2777057886123657,0.2777057886123657,0.2515956461429596,0.2515949010848999,7.450580596923828e-07
2026,20,23,1,Early,0.26239272952079773,0.2612774074077606,0.00425963569432497,0.23969766497612,0.26239272952079773,0.2612774074077606,0.00425963569432497,0.00425963569432497,-0.05161324143409729,0.23969766497612,False,0.27629077434539795,0.27629077434539795,0.2515956461429596,0.2515949010848999,7.450580596923828e-07
2026,20,23,2,Early,0.2612774074077606,0.26051726937294006,0.0029139395337551832,0.27627941966056824,0.2612774074077606,0.2605242133140564,0.0028873139526695013,0.0029139395337551832,-0.05269589275121689,0.26912859082221985,True,0.27541884779930115,0.27541443705558777,0.2515956461429596,0.2515949010848999,7.450580596923828e-07
2026,20,23,3,Early,0.26051726937294006,0.2594057023525238,0.004275660030543804,0.2220897376537323,0.2605242133140564,0.25941210985183716,0.004277678206562996,0.004277678206562996,-0.049583952873945236,0.22198525071144104,False,0.27377238869667053,0.27376723289489746,0.2515956461429596,0.2515949010848999,7.450580596923828e-07
2026,20,23,4,Early,0.2594057023525238,0.2583266794681549,0.0041679926216602325,0.2342664748430252,0.25941210985183716,0.2583326995372772,0.004169298801571131,0.004169298801571131,-0.04757002741098404,0.23419860005378723,False,0.2720560133457184,0.2720501720905304,0.2515956461429596,0.2515949010848999,7.450580596923828e-07
2026,20,23,5,Early,0.2583266794681549,0.2571888864040375,0.004413818009197712,0.1925157606601715,0.2583326995372772,0.25719472765922546,0.004414411727339029,0.004414411727339029,-0.044618070125579834,0.1924433708190918,False,0.2701254189014435,0.27011963725090027,0.2515956461429596,0.2515949010848999,7.450580596923828e-07
2026,20,23,6,Middle,0.2571888864040375,0.2561803162097931,0.003928756806999445,0.27067211270332336,0.25719472765922546,0.2561858594417572,0.003929706756025553,0.003929706756025553,-0.042391158640384674,0.2705986201763153,False,0.2683369517326355,0.2683315575122833,0.2515956461429596,0.2515949010848999,7.450580596923828e-07
2026,20,23,7,Middle,0.2561803162097931,0.25512561202049255,0.00412525562569499,0.2183149755001068,0.2561858594417572,0.255131334066391,0.004124543163925409,0.004124543163925409,-0.038915544748306274,0.21825498342514038,False,0.2663570046424866,0.2663516700267792,0.2515956461429596,0.2515949010848999,7.450580596923828e-07
2026,20,23,8,Middle,0.25512561202049255,0.2547072172164917,0.001642013667151332,0.25908705592155457,0.255131334066391,0.2547120749950409,0.0016449890099465847,0.0016449890099465847,-0.0394320972263813,0.25901225209236145,False,0.26539790630340576,0.26539236307144165,0.2515956461429596,0.2515949010848999,7.450580596923828e-07
2026,20,23,9,Middle,0.2547072172164917,0.2541664242744446,0.0021253356244415045,0.2829926013946533,0.2547120749950409,0.25417062640190125,0.0021284285467118025,0.0021284285467118025,-0.03634483367204666,0.2829228341579437,False,0.2641456425189972,0.2641395628452301,0.2515956461429596,0.2515949010848999,7.450580596923828e-07
2026,20,23,10,Middle,0.2541664242744446,0.2536475658416748,0.002043729182332754,0.2237226366996765,0.25417062640190125,0.2536512613296509,0.0020455135963857174,0.0020455135963857174,-0.033532433211803436,0.22365397214889526,False,0.26284337043762207,0.26283785700798035,0.2515956461429596,0.2515949010848999,7.450580596923828e-07
2026,20,23,11,Middle,0.2536475658416748,0.25340116024017334,0.0009722184622660279,0.23129308223724365,0.2536512613296509,0.25340408086776733,0.0009754339698702097,0.0009754339698702097,-0.03172260895371437,0.2312297374010086,False,0.26183199882507324,0.2618265151977539,0.2515956461429596,0.2515949010848999,7.450580596923828e-07
2026,20,23,12,Middle,0.25340116024017334,0.25321125984191895,0.0007498474442400038,0.28964346647262573,0.25340408086776733,0.25321340560913086,0.0007533019524998963,0.0007533019524998963,-0.02873472310602665,0.28957900404930115,False,0.26079636812210083,0.26079100370407104,0.2515956461429596,0.2515949010848999,7.450580596923828e-07
2026,20,23,13,Late,0.25321125984191895,0.25272929668426514,0.0019051267299801111,0.2625241279602051,0.25321340560913086,0.2527310252189636,0.001906792400404811,0.001906792400404811,-0.023805242031812668,0.2624688148498535,False,0.25931820273399353,0.2593133747577667,0.2515956461429596,0.2515949010848999,7.450580596923828e-07
2026,20,23,14,Late,0.25272929668426514,0.2519208490848541,0.003203812288120389,0.2366698980331421,0.2527310252189636,0.2519229054450989,0.0032020299695432186,0.0032020299695432186,-0.018045511096715927,0.23662838339805603,False,0.25733646750450134,0.2573329508304596,0.2515956461429596,0.2515949010848999,7.450580596923828e-07
2026,20,23,15,Late,0.2519208490848541,0.2520819902420044,-0.0006385715096257627,0.29369229078292847,0.2519229054450989,0.2520829141139984,-0.0006343965651467443,-0.0006343965651467443,-0.01820378378033638,0.2936273515224457,False,0.2565544843673706,0.25655072927474976,0.2515956461429596,0.2515949010848999,7.450580596923828e-07
2026,20,23,16,Late,0.2520819902420044,0.25179997086524963,0.0011194159742444754,0.3180016577243805,0.2520829141139984,0.2518005669116974,0.001121440203860402,0.001121440203860402,-0.01222701370716095,0.31795749068260193,False,0.25518694519996643,0.25518396496772766,0.2515956461429596,0.2515949010848999,7.450580596923828e-07
2026,20,23,17,Late,0.25179997086524963,0.2510976493358612,0.0027929393108934164,0.3222881555557251,0.2518005669116974,0.25109875202178955,0.002790680853649974,0.002790680853649974,-0.0059446655213832855,0.32225537300109863,False,0.2533031702041626,0.25330182909965515,0.2515956461429596,0.2515949010848999,7.450580596923828e-07
2026,20,23,18,Late,0.2510976493358612,0.25155964493751526,-0.0018375763902440667,0.32639479637145996,0.25109875202178955,0.25155967473983765,-0.0018333963816985488,-0.0018333963816985488,-0.0063527231104671955,0.3263481855392456,False,0.2527002990245819,0.25269895792007446,0.2515956461429596,0.2515949010848999,7.450580596923828e-07
2026,20,23,19,Late,0.25155964493751526,0.2515956461429596,-0.00014269408711697906,0.35647115111351013,0.25155967473983765,0.2515949010848999,-0.0001398326421622187,-0.0001398326421622187,-0.0001398326421622187,0.3564232885837555,False,0.25159552693367004,0.2515948414802551,0.2515956461429596,0.2515949010848999,7.450580596923828e-07
